timeframe,sep_pct,direction,sl_kind,sl_val,is_trades,is_wr,is_pf,is_net,is_avg_pct,oos_trades,oos_wr,oos_pf,oos_net,oos_avg_pct
5m,0.15,both,Percent,0.625,10623,38.85,0.525,-195020.6,-0.1836,6686,49.63,0.572,-84438.3,-0.1263
5m,0.15,long only,Percent,0.625,5024,38.99,0.551,-87262.81,-0.1736,3347,49.09,0.557,-44795.68,-0.1338
5m,0.15,short only,Percent,0.625,5599,38.72,0.502,-107757.79,-0.1925,3339,50.16,0.588,-39642.62,-0.1187
5m,0.15,both,Percent,1.5,7655,52.38,0.589,-148822.39,-0.1944,5046,59.43,0.595,-67687.56,-0.1341
5m,0.15,long only,Percent,1.5,3659,52.86,0.611,-69194.0,-0.189,2494,59.22,0.589,-34720.58,-0.1392
5m,0.15,short only,Percent,1.5,3996,51.95,0.567,-79628.39,-0.1993,2552,59.64,0.602,-32966.99,-0.1292
5m,0.15,both,Percent,3.0,6476,56.61,0.58,-135055.81,-0.2085,4422,60.61,0.585,-59323.53,-0.1341
5m,0.15,long only,Percent,3.0,3088,57.93,0.619,-60682.94,-0.1964,2182,60.77,0.584,-30087.66,-0.1378
5m,0.15,short only,Percent,3.0,3388,55.4,0.541,-74372.88,-0.2195,2240,60.45,0.586,-29235.87,-0.1305
5m,0.15,both,Percent,5.0,6023,57.63,0.546,-137174.66,-0.2277,4221,60.74,0.564,-58059.25,-0.1375
5m,0.15,long only,Percent,5.0,2856,59.42,0.601,-57661.19,-0.2018,2083,60.97,0.559,-30200.05,-0.1449
5m,0.15,short only,Percent,5.0,3167,56.02,0.495,-79513.47,-0.2511,2138,60.52,0.569,-27859.19,-0.1303
5m,0.15,both,Percent,8.0,5789,57.64,0.508,-143447.56,-0.2477,4147,60.77,0.54,-60136.72,-0.145
5m,0.15,long only,Percent,8.0,2737,59.44,0.569,-58587.89,-0.214,2041,60.85,0.534,-30460.72,-0.1492
5m,0.15,short only,Percent,8.0,3052,56.03,0.454,-84859.67,-0.278,2106,60.68,0.546,-29675.99,-0.1409
5m,0.15,both,1R to TP,,10017,38.08,0.497,-213552.74,-0.2132,6825,47.09,0.569,-83027.2,-0.1216
5m,0.15,long only,1R to TP,,4672,38.63,0.517,-99985.35,-0.214,3414,46.51,0.543,-46282.91,-0.1355
5m,0.15,short only,1R to TP,,5345,37.59,0.477,-113567.39,-0.2125,3411,47.67,0.598,-36744.29,-0.1077
5m,0.15,both,ATR,1.0,15953,23.26,0.391,-322300.75,-0.202,12104,24.96,0.451,-132487.33,-0.1095
5m,0.15,long only,ATR,1.0,7151,24.75,0.434,-138667.32,-0.1939,6035,24.95,0.446,-68785.74,-0.114
5m,0.15,short only,ATR,1.0,8802,22.04,0.353,-183633.43,-0.2086,6069,24.96,0.456,-63701.59,-0.105
5m,0.15,both,ATR,1.5,12788,31.83,0.46,-263750.8,-0.2062,10050,32.9,0.507,-113445.58,-0.1129
5m,0.15,long only,ATR,1.5,5726,33.71,0.502,-113053.38,-0.1974,4960,32.72,0.495,-59669.91,-0.1203
5m,0.15,short only,ATR,1.5,7062,30.32,0.424,-150697.43,-0.2134,5090,33.06,0.52,-53775.67,-0.1056
5m,0.15,both,ATR,2.0,10820,38.79,0.51,-219462.59,-0.2028,8640,39.19,0.542,-99858.72,-0.1156
5m,0.15,long only,ATR,2.0,4889,40.76,0.545,-95937.88,-0.1962,4266,39.05,0.526,-53162.51,-0.1246
5m,0.15,short only,ATR,2.0,5931,37.16,0.479,-123524.71,-0.2083,4374,39.32,0.559,-46696.21,-0.1068
5m,0.15,both,ATR,3.0,8790,47.78,0.556,-175959.18,-0.2002,7106,47.62,0.568,-87532.32,-0.1232
5m,0.15,long only,ATR,3.0,4016,49.85,0.59,-77583.83,-0.1931,3486,47.99,0.555,-46001.15,-0.1319
5m,0.15,short only,ATR,3.0,4774,46.04,0.525,-98375.34,-0.2061,3620,47.27,0.582,-41531.17,-0.1147
5m,0.15,both,ATR,4.0,7874,52.55,0.572,-158349.74,-0.2011,6311,52.64,0.581,-80196.49,-0.1271
5m,0.15,long only,ATR,4.0,3636,54.46,0.597,-71981.54,-0.1979,3091,53.19,0.57,-41832.96,-0.1353
5m,0.15,short only,ATR,4.0,4238,50.92,0.548,-86368.2,-0.2038,3220,52.11,0.593,-38363.53,-0.1191
5m,0.5,both,Percent,0.625,7040,36.45,0.595,-135656.15,-0.1927,3702,45.3,0.662,-48148.52,-0.13
5m,0.5,long only,Percent,0.625,3340,36.44,0.626,-59306.21,-0.1775,1863,44.12,0.639,-26700.99,-0.1433
5m,0.5,short only,Percent,0.625,3700,36.46,0.567,-76349.94,-0.2064,1839,46.49,0.688,-21447.53,-0.1166
5m,0.5,both,Percent,1.5,4693,56.04,0.664,-101389.71,-0.216,2611,60.32,0.704,-36188.95,-0.1386
5m,0.5,long only,Percent,1.5,2268,55.78,0.684,-47483.85,-0.2093,1296,59.88,0.683,-20097.6,-0.155
5m,0.5,short only,Percent,1.5,2425,56.29,0.645,-53905.85,-0.2223,1315,60.76,0.727,-16091.35,-0.1224
5m,0.5,both,Percent,3.0,3692,64.92,0.672,-87199.37,-0.2361,2158,63.16,0.711,-30046.68,-0.1392
5m,0.5,long only,Percent,3.0,1793,66.26,0.698,-41161.49,-0.2294,1066,63.23,0.676,-17899.45,-0.1678
5m,0.5,short only,Percent,3.0,1899,63.67,0.644,-46037.88,-0.2424,1092,63.1,0.75,-12147.23,-0.1112
5m,0.5,both,Percent,5.0,3300,67.88,0.643,-88697.6,-0.2687,2000,63.25,0.699,-28766.27,-0.1438
5m,0.5,long only,Percent,5.0,1590,70.13,0.681,-39696.51,-0.2495,986,63.59,0.663,-17274.15,-0.1751
5m,0.5,short only,Percent,5.0,1710,65.79,0.605,-49001.09,-0.2866,1014,62.92,0.74,-11492.11,-0.1133
5m,0.5,both,Percent,8.0,3091,68.39,0.609,-92241.99,-0.2983,1941,63.37,0.68,-29668.9,-0.1528
5m,0.5,long only,Percent,8.0,1479,70.86,0.651,-40596.56,-0.2743,951,63.51,0.641,-17546.23,-0.1844
5m,0.5,short only,Percent,8.0,1612,66.13,0.568,-51645.43,-0.3204,990,63.23,0.723,-12122.67,-0.1225
5m,0.5,both,1R to TP,,4929,50.01,0.629,-114456.56,-0.2322,2984,54.09,0.685,-41256.61,-0.1382
5m,0.5,long only,1R to TP,,2316,51.08,0.645,-54727.79,-0.2362,1500,53.27,0.642,-25228.69,-0.1681
5m,0.5,short only,1R to TP,,2613,49.06,0.613,-59728.78,-0.2286,1484,54.92,0.736,-16027.92,-0.108
5m,0.5,both,ATR,1.0,10039,21.63,0.476,-207592.98,-0.2068,6428,21.08,0.552,-71066.89,-0.1106
5m,0.5,long only,ATR,1.0,4429,23.82,0.53,-86653.69,-0.1957,3214,20.75,0.538,-38236.95,-0.119
5m,0.5,short only,ATR,1.0,5610,19.89,0.428,-120939.3,-0.2156,3214,21.41,0.566,-32829.94,-0.1021
5m,0.5,both,ATR,1.5,7904,31.07,0.547,-171153.12,-0.2165,5280,28.54,0.601,-62548.4,-0.1184
5m,0.5,long only,ATR,1.5,3489,33.94,0.596,-71699.51,-0.2054,2602,28.06,0.582,-33986.13,-0.1306
5m,0.5,short only,ATR,1.5,4415,28.81,0.503,-99453.62,-0.2253,2678,29.01,0.621,-28562.27,-0.1067
5m,0.5,both,ATR,2.0,6592,39.17,0.595,-143323.8,-0.2174,4480,35.31,0.637,-54856.68,-0.1224
5m,0.5,long only,ATR,2.0,2952,41.9,0.631,-62492.31,-0.2116,2212,34.54,0.608,-30972.35,-0.14
5m,0.5,short only,ATR,2.0,3640,36.95,0.562,-80831.5,-0.2221,2268,36.07,0.668,-23884.32,-0.1053
5m,0.5,both,ATR,3.0,5214,50.94,0.634,-117963.53,-0.2262,3614,45.55,0.665,-47759.1,-0.1321
5m,0.5,long only,ATR,3.0,2369,53.52,0.667,-52041.35,-0.2196,1776,45.16,0.635,-27246.58,-0.1534
5m,0.5,short only,ATR,3.0,2845,48.79,0.604,-65922.18,-0.2317,1838,45.92,0.699,-20512.52,-0.1116
5m,0.5,both,ATR,4.0,4553,57.98,0.654,-104001.7,-0.2284,3183,51.84,0.677,-44308.09,-0.1392
5m,0.5,long only,ATR,4.0,2096,60.07,0.675,-47989.55,-0.2288,1556,51.61,0.646,-25261.32,-0.1623
5m,0.5,short only,ATR,4.0,2457,56.21,0.634,-56012.15,-0.228,1627,52.06,0.71,-19046.77,-0.1171
5m,1.0,both,Percent,0.625,4746,28.0,0.595,-105189.43,-0.2216,1906,37.46,0.694,-26048.49,-0.1367
5m,1.0,long only,Percent,0.625,2289,28.35,0.632,-45933.81,-0.2006,980,36.73,0.684,-14017.25,-0.143
5m,1.0,short only,Percent,0.625,2457,27.68,0.561,-59255.62,-0.2412,926,38.23,0.706,-12031.25,-0.1299
5m,1.0,both,Percent,1.5,3119,48.7,0.665,-82760.22,-0.2653,1394,56.17,0.754,-19456.56,-0.1396
5m,1.0,long only,Percent,1.5,1530,47.97,0.678,-40575.79,-0.265,708,55.93,0.751,-10175.02,-0.1437
5m,1.0,short only,Percent,1.5,1589,49.4,0.653,-42184.43,-0.2655,686,56.41,0.757,-9281.54,-0.1353
5m,1.0,both,Percent,3.0,2369,60.11,0.689,-67448.92,-0.2846,1154,60.75,0.786,-14585.04,-0.1264
5m,1.0,long only,Percent,3.0,1168,61.47,0.708,-33180.02,-0.2839,591,61.59,0.756,-8970.79,-0.1518
5m,1.0,short only,Percent,3.0,1201,58.78,0.668,-34268.9,-0.2853,563,59.86,0.82,-5614.24,-0.0997
5m,1.0,both,Percent,5.0,2055,63.8,0.665,-67560.23,-0.3286,1050,60.48,0.785,-13027.79,-0.1241
5m,1.0,long only,Percent,5.0,1000,66.8,0.699,-31041.27,-0.3102,534,61.42,0.74,-8650.38,-0.162
5m,1.0,short only,Percent,5.0,1055,60.95,0.629,-36518.96,-0.3462,516,59.5,0.84,-4377.41,-0.0848
5m,1.0,both,Percent,8.0,1887,64.02,0.62,-72680.57,-0.385,1011,60.83,0.784,-12287.1,-0.1215
5m,1.0,long only,Percent,8.0,910,67.36,0.655,-33198.04,-0.3645,510,61.76,0.73,-8236.53,-0.1615
5m,1.0,short only,Percent,8.0,977,60.9,0.585,-39482.53,-0.4041,501,59.88,0.847,-4050.57,-0.0808
5m,1.0,both,1R to TP,,2722,52.83,0.66,-79488.32,-0.2919,1344,56.32,0.73,-21446.31,-0.1596
5m,1.0,long only,1R to TP,,1298,54.01,0.669,-39875.21,-0.307,690,56.52,0.687,-13711.35,-0.1987
5m,1.0,short only,1R to TP,,1424,51.76,0.651,-39613.12,-0.2782,654,56.12,0.784,-7734.96,-0.1183
5m,1.0,both,ATR,1.0,6168,18.06,0.515,-137168.97,-0.2224,2962,17.72,0.614,-33258.85,-0.1123
5m,1.0,long only,ATR,1.0,2777,20.63,0.575,-57965.46,-0.2087,1500,18.13,0.619,-17388.31,-0.1159
5m,1.0,short only,ATR,1.0,3391,15.95,0.46,-79203.5,-0.2336,1462,17.31,0.609,-15870.54,-0.1086
5m,1.0,both,ATR,1.5,4885,26.14,0.573,-120319.59,-0.2463,2449,24.46,0.651,-30667.46,-0.1252
5m,1.0,long only,ATR,1.5,2217,29.09,0.617,-52767.75,-0.2379,1225,25.06,0.648,-16185.42,-0.1321
5m,1.0,short only,ATR,1.5,2668,23.69,0.53,-67551.84,-0.2532,1224,23.86,0.653,-14482.05,-0.1183
5m,1.0,both,ATR,2.0,4071,33.78,0.616,-103429.67,-0.254,2089,30.92,0.68,-27732.3,-0.1328
5m,1.0,long only,ATR,2.0,1862,36.57,0.645,-47344.52,-0.2541,1041,31.22,0.67,-15007.37,-0.1442
5m,1.0,short only,ATR,2.0,2209,31.42,0.587,-56085.16,-0.2539,1048,30.63,0.692,-12724.94,-0.1214
5m,1.0,both,ATR,3.0,3231,45.59,0.645,-90129.96,-0.2789,1711,41.55,0.712,-24275.49,-0.1419
5m,1.0,long only,ATR,3.0,1486,48.79,0.678,-40532.87,-0.2726,849,42.87,0.71,-12660.4,-0.1491
5m,1.0,short only,ATR,3.0,1745,42.87,0.613,-49597.09,-0.2842,862,40.26,0.714,-11615.09,-0.1347
5m,1.0,both,ATR,4.0,2818,53.37,0.667,-79669.32,-0.2826,1534,48.24,0.723,-22927.79,-0.1495
5m,1.0,long only,ATR,4.0,1307,55.78,0.688,-37276.56,-0.285,762,49.61,0.715,-12276.35,-0.1611
5m,1.0,short only,ATR,4.0,1511,51.29,0.646,-42392.76,-0.2806,772,46.89,0.732,-10651.44,-0.138
5m,2.0,both,Percent,0.625,2248,18.82,0.579,-58700.32,-0.261,587,26.24,0.642,-11268.18,-0.192
5m,2.0,long only,Percent,0.625,1146,18.67,0.605,-28173.42,-0.2456,331,27.19,0.663,-5919.89,-0.1788
5m,2.0,short only,Percent,0.625,1102,18.97,0.551,-30526.9,-0.277,256,25.0,0.615,-5348.29,-0.2089
5m,2.0,both,Percent,1.5,1516,37.01,0.632,-56367.01,-0.3716,438,44.98,0.674,-11257.96,-0.257
5m,2.0,long only,Percent,1.5,794,35.39,0.63,-30640.16,-0.3856,245,45.71,0.68,-6286.8,-0.2566
5m,2.0,short only,Percent,1.5,722,38.78,0.633,-25726.85,-0.3563,193,44.04,0.667,-4971.15,-0.2576
5m,2.0,both,Percent,3.0,1171,51.75,0.657,-49404.93,-0.4217,384,54.43,0.714,-9261.09,-0.2412
5m,2.0,long only,Percent,3.0,613,51.71,0.656,-27780.9,-0.4528,209,57.89,0.732,-4853.73,-0.2322
5m,2.0,short only,Percent,3.0,558,51.79,0.659,-21624.02,-0.3875,175,50.29,0.691,-4407.36,-0.2518
5m,2.0,both,Percent,5.0,997,57.27,0.629,-50547.87,-0.5067,348,55.17,0.774,-6224.62,-0.1789
5m,2.0,long only,Percent,5.0,506,59.09,0.643,-26551.72,-0.5242,190,58.42,0.756,-3925.76,-0.2066
5m,2.0,short only,Percent,5.0,491,55.4,0.612,-23996.15,-0.4887,158,51.27,0.8,-2298.86,-0.1455
5m,2.0,both,Percent,8.0,882,57.71,0.606,-48472.63,-0.5493,329,55.32,0.794,-4964.63,-0.1509
5m,2.0,long only,Percent,8.0,442,61.09,0.616,-25984.09,-0.5873,177,59.32,0.799,-2657.73,-0.1502
5m,2.0,short only,Percent,8.0,440,54.32,0.594,-22488.54,-0.5111,152,50.66,0.787,-2306.9,-0.1518
5m,2.0,both,1R to TP,,1118,51.52,0.621,-54954.95,-0.4913,389,53.47,0.657,-12008.49,-0.3087
5m,2.0,long only,1R to TP,,568,52.99,0.624,-30153.15,-0.5304,215,56.74,0.634,-7687.88,-0.3576
5m,2.0,short only,1R to TP,,550,50.0,0.618,-24801.8,-0.4509,174,49.43,0.691,-4320.61,-0.2483
5m,2.0,both,ATR,1.0,2519,14.57,0.538,-67943.78,-0.2697,781,16.13,0.681,-9189.76,-0.1177
5m,2.0,long only,ATR,1.0,1234,16.21,0.583,-32668.82,-0.2647,430,16.74,0.699,-5050.15,-0.1174
5m,2.0,short only,ATR,1.0,1285,13.0,0.488,-35274.96,-0.2745,351,15.38,0.655,-4139.61,-0.1179
5m,2.0,both,ATR,1.5,2022,22.21,0.592,-62533.88,-0.3091,649,22.19,0.707,-8889.14,-0.137
5m,2.0,long only,ATR,1.5,990,23.74,0.614,-31906.4,-0.322,357,23.81,0.727,-4819.59,-0.135
5m,2.0,short only,ATR,1.5,1032,20.74,0.566,-30627.48,-0.2968,292,20.21,0.679,-4069.55,-0.1394
5m,2.0,both,ATR,2.0,1719,28.62,0.616,-58703.85,-0.3414,557,27.47,0.699,-9390.15,-0.1686
5m,2.0,long only,ATR,2.0,844,29.62,0.617,-31868.26,-0.3773,300,29.67,0.726,-4860.65,-0.162
5m,2.0,short only,ATR,2.0,875,27.66,0.615,-26835.59,-0.3067,257,24.9,0.662,-4529.5,-0.1762
5m,2.0,both,ATR,3.0,1384,39.38,0.622,-57316.14,-0.414,470,36.6,0.685,-10404.02,-0.2214
5m,2.0,long only,ATR,3.0,682,41.64,0.639,-29511.75,-0.4324,250,39.6,0.698,-5653.54,-0.2261
5m,2.0,short only,ATR,3.0,702,37.18,0.603,-27804.39,-0.3961,220,33.18,0.669,-4750.49,-0.2159
5m,2.0,both,ATR,4.0,1235,46.48,0.626,-56031.31,-0.4535,434,43.09,0.659,-11894.83,-0.2741
5m,2.0,long only,ATR,4.0,610,48.03,0.631,-29805.3,-0.4882,231,46.32,0.661,-6733.96,-0.2915
5m,2.0,short only,ATR,4.0,625,44.96,0.621,-26226.01,-0.4196,203,39.41,0.657,-5160.87,-0.2542
5m,3.0,both,Percent,0.625,1131,13.79,0.575,-31664.28,-0.28,220,20.45,0.666,-4269.42,-0.1941
5m,3.0,long only,Percent,0.625,638,13.95,0.591,-17295.98,-0.2711,131,17.56,0.532,-3694.42,-0.282
5m,3.0,short only,Percent,0.625,493,13.59,0.553,-14368.3,-0.2914,89,24.72,0.883,-575.0,-0.0646
5m,3.0,both,Percent,1.5,807,28.62,0.597,-37394.94,-0.4634,165,37.58,0.653,-5635.04,-0.3415
5m,3.0,long only,Percent,1.5,466,26.18,0.569,-24042.19,-0.5159,94,37.23,0.669,-3090.45,-0.3288
5m,3.0,short only,Percent,1.5,341,31.96,0.638,-13352.75,-0.3916,71,38.03,0.633,-2544.59,-0.3584
5m,3.0,both,Percent,3.0,623,44.3,0.588,-40300.71,-0.6469,144,52.78,0.717,-4541.19,-0.3154
5m,3.0,long only,Percent,3.0,357,42.58,0.566,-25920.94,-0.7261,82,53.66,0.754,-2261.38,-0.2758
5m,3.0,short only,Percent,3.0,266,46.62,0.621,-14379.76,-0.5406,62,51.61,0.666,-2279.81,-0.3677
5m,3.0,both,Percent,5.0,534,53.0,0.582,-39136.0,-0.7329,133,56.39,0.803,-2744.14,-0.2063
5m,3.0,long only,Percent,5.0,296,52.7,0.553,-25969.67,-0.8774,77,58.44,0.718,-2705.51,-0.3514
5m,3.0,short only,Percent,5.0,238,53.36,0.631,-13166.33,-0.5532,56,53.57,0.991,-38.63,-0.0069
5m,3.0,both,Percent,8.0,467,53.96,0.552,-38257.08,-0.8192,124,56.45,0.825,-2027.16,-0.1635
5m,3.0,long only,Percent,8.0,251,54.18,0.529,-24177.73,-0.9633,69,59.42,0.765,-1725.65,-0.2501
5m,3.0,short only,Percent,8.0,216,53.7,0.588,-14079.35,-0.6518,55,52.73,0.929,-301.51,-0.0548
5m,3.0,both,1R to TP,,556,50.0,0.575,-40565.97,-0.7296,138,54.35,0.688,-5043.25,-0.3655
5m,3.0,long only,1R to TP,,306,50.33,0.555,-25496.45,-0.8332,79,54.43,0.623,-3960.62,-0.5013
5m,3.0,short only,1R to TP,,250,49.6,0.604,-15069.52,-0.6028,59,54.24,0.808,-1082.63,-0.1835
5m,3.0,both,ATR,1.0,1142,13.4,0.558,-36176.64,-0.3168,268,13.43,0.655,-4217.88,-0.1574
5m,3.0,long only,ATR,1.0,621,14.65,0.581,-20541.15,-0.3308,141,14.89,0.68,-2306.29,-0.1636
5m,3.0,short only,ATR,1.0,521,11.9,0.524,-15635.5,-0.3001,127,11.81,0.619,-1911.6,-0.1505
5m,3.0,both,ATR,1.5,938,19.19,0.574,-38038.34,-0.4055,218,21.56,0.766,-2904.75,-0.1332
5m,3.0,long only,ATR,1.5,515,20.78,0.582,-22608.98,-0.439,120,23.33,0.763,-1786.01,-0.1488
5m,3.0,short only,ATR,1.5,423,17.26,0.561,-15429.35,-0.3648,98,19.39,0.77,-1118.74,-0.1142
5m,3.0,both,ATR,2.0,802,25.56,0.602,-35669.54,-0.4448,192,27.08,0.774,-2991.55,-0.1558
5m,3.0,long only,ATR,2.0,440,26.59,0.591,-22278.64,-0.5063,104,29.81,0.774,-1766.39,-0.1698
5m,3.0,short only,ATR,2.0,362,24.31,0.619,-13390.89,-0.3699,88,23.86,0.773,-1225.16,-0.1392
5m,3.0,both,ATR,3.0,678,34.37,0.567,-42300.61,-0.6239,162,34.57,0.689,-4683.76,-0.2891
5m,3.0,long only,ATR,3.0,365,35.89,0.569,-24849.13,-0.6808,89,38.2,0.69,-2765.62,-0.3107
5m,3.0,short only,ATR,3.0,313,32.59,0.564,-17451.47,-0.5576,73,30.14,0.688,-1918.14,-0.2628
5m,3.0,both,ATR,4.0,604,42.05,0.569,-41912.01,-0.6939,154,42.86,0.679,-5190.61,-0.3371
5m,3.0,long only,ATR,4.0,327,42.51,0.564,-25033.21,-0.7655,84,46.43,0.706,-2737.73,-0.3259
5m,3.0,short only,ATR,4.0,277,41.52,0.577,-16878.79,-0.6093,70,38.57,0.642,-2452.89,-0.3504
5m,5.0,both,Percent,0.625,316,10.13,0.645,-7776.52,-0.2461,27,11.11,0.452,-960.84,-0.3559
5m,5.0,long only,Percent,0.625,214,7.94,0.53,-7201.1,-0.3365,22,9.09,0.367,-924.88,-0.4204
5m,5.0,short only,Percent,0.625,102,14.71,0.913,-575.43,-0.0564,5,20.0,0.877,-35.96,-0.0719
5m,5.0,both,Percent,1.5,240,20.42,0.628,-11683.51,-0.4868,21,33.33,0.906,-212.01,-0.101
5m,5.0,long only,Percent,1.5,162,19.14,0.59,-8870.45,-0.5476,16,37.5,1.108,174.13,0.1088
5m,5.0,short only,Percent,1.5,78,23.08,0.712,-2813.06,-0.3606,5,20.0,0.399,-386.14,-0.7723
5m,5.0,both,Percent,3.0,187,33.16,0.571,-16322.92,-0.8729,19,47.37,0.919,-205.95,-0.1084
5m,5.0,long only,Percent,3.0,129,31.78,0.537,-12702.67,-0.9847,15,46.67,0.93,-152.01,-0.1013
5m,5.0,short only,Percent,3.0,58,36.21,0.66,-3620.24,-0.6242,4,50.0,0.851,-53.94,-0.1349
5m,5.0,both,Percent,5.0,155,44.52,0.588,-15740.87,-1.0155,19,47.37,0.626,-1398.2,-0.7359
5m,5.0,long only,Percent,5.0,103,44.66,0.565,-12004.86,-1.1655,15,46.67,0.567,-1551.31,-1.0342
5m,5.0,short only,Percent,5.0,52,44.23,0.649,-3736.01,-0.7185,4,50.0,1.988,153.11,0.3828
5m,5.0,both,Percent,8.0,138,50.72,0.591,-14099.97,-1.0217,16,56.25,0.563,-1488.14,-0.9301
5m,5.0,long only,Percent,8.0,91,51.65,0.567,-10691.88,-1.1749,12,58.33,0.495,-1641.25,-1.3677
5m,5.0,short only,Percent,8.0,47,48.94,0.653,-3408.09,-0.7251,4,50.0,1.988,153.11,0.3828
5m,5.0,both,1R to TP,,147,48.3,0.58,-15347.29,-1.044,18,50.0,0.568,-1527.69,-0.8487
5m,5.0,long only,1R to TP,,95,50.53,0.585,-10105.03,-1.0637,14,50.0,0.503,-1680.8,-1.2006
5m,5.0,short only,1R to TP,,52,44.23,0.569,-5242.25,-1.0081,4,50.0,1.988,153.11,0.3828
5m,5.0,both,ATR,1.0,283,14.49,0.639,-10311.54,-0.3644,23,21.74,1.17,248.66,0.1081
5m,5.0,long only,ATR,1.0,187,14.44,0.596,-8307.4,-0.4442,18,27.78,1.409,495.9,0.2755
5m,5.0,short only,ATR,1.0,96,14.58,0.748,-2004.14,-0.2088,5,0.0,0.0,-247.24,-0.4945
5m,5.0,both,ATR,1.5,236,19.49,0.635,-11592.33,-0.4912,21,28.57,1.303,461.68,0.2198
5m,5.0,long only,ATR,1.5,157,19.75,0.592,-9422.16,-0.6001,16,37.5,1.684,805.99,0.5037
5m,5.0,short only,ATR,1.5,79,18.99,0.748,-2170.16,-0.2747,5,0.0,0.0,-344.31,-0.6886
5m,5.0,both,ATR,2.0,202,26.73,0.687,-9898.88,-0.49,20,30.0,1.088,160.09,0.08
5m,5.0,long only,ATR,2.0,134,26.87,0.639,-8224.17,-0.6137,15,40.0,1.435,601.46,0.401
5m,5.0,short only,ATR,2.0,68,26.47,0.81,-1674.71,-0.2463,5,0.0,0.0,-441.37,-0.8827
5m,5.0,both,ATR,3.0,178,32.02,0.573,-15855.59,-0.8908,19,42.11,0.97,-69.7,-0.0367
5m,5.0,long only,ATR,3.0,115,33.04,0.557,-11449.88,-0.9956,15,46.67,1.058,111.77,0.0745
5m,5.0,short only,ATR,3.0,63,30.16,0.609,-4405.7,-0.6993,4,25.0,0.585,-181.47,-0.4537
5m,5.0,both,ATR,4.0,161,38.51,0.564,-16583.1,-1.03,19,42.11,0.737,-816.59,-0.4298
5m,5.0,long only,ATR,4.0,105,39.05,0.545,-12090.82,-1.1515,15,46.67,0.803,-499.71,-0.3331
5m,5.0,short only,ATR,4.0,56,37.5,0.606,-4492.29,-0.8022,4,25.0,0.447,-316.88,-0.7922
15m,0.15,both,Percent,0.625,4605,29.25,0.556,-97699.69,-0.2122,3253,41.53,0.689,-37074.53,-0.114
15m,0.15,long only,Percent,0.625,2063,30.39,0.617,-36660.1,-0.1777,1577,40.77,0.723,-16058.0,-0.1018
15m,0.15,short only,Percent,0.625,2542,28.32,0.509,-61039.59,-0.2401,1676,42.24,0.658,-21016.53,-0.1254
15m,0.15,both,Percent,1.5,3217,45.45,0.658,-74956.6,-0.233,2345,56.76,0.743,-28435.59,-0.1213
15m,0.15,long only,Percent,1.5,1487,45.93,0.721,-27795.25,-0.1869,1143,56.34,0.79,-11427.03,-0.1
15m,0.15,short only,Percent,1.5,1730,45.03,0.604,-47161.35,-0.2726,1202,57.15,0.698,-17008.56,-0.1415
15m,0.15,both,Percent,3.0,2566,55.46,0.67,-67742.18,-0.264,1958,61.9,0.764,-22572.13,-0.1153
15m,0.15,long only,Percent,3.0,1192,56.29,0.744,-23971.89,-0.2011,957,61.86,0.798,-9675.65,-0.1011
15m,0.15,short only,Percent,3.0,1374,54.73,0.607,-43770.3,-0.3186,1001,61.94,0.73,-12896.48,-0.1288
15m,0.15,both,Percent,5.0,2281,58.53,0.635,-69742.34,-0.3058,1830,63.01,0.719,-26242.74,-0.1434
15m,0.15,long only,Percent,5.0,1064,60.43,0.725,-23972.6,-0.2253,894,62.86,0.747,-12014.94,-0.1344
15m,0.15,short only,Percent,5.0,1217,56.86,0.559,-45769.74,-0.3761,936,63.14,0.69,-14227.8,-0.152
15m,0.15,both,Percent,8.0,2121,59.74,0.601,-70652.91,-0.3331,1750,63.03,0.673,-29427.55,-0.1682
15m,0.15,long only,Percent,8.0,984,61.38,0.703,-23085.34,-0.2346,848,63.09,0.726,-11817.32,-0.1394
15m,0.15,short only,Percent,8.0,1137,58.31,0.522,-47567.57,-0.4184,902,62.97,0.625,-17610.23,-0.1952
15m,0.15,both,1R to TP,,3268,39.57,0.651,-72567.74,-0.2221,2697,47.2,0.735,-29538.22,-0.1095
15m,0.15,long only,1R to TP,,1500,40.4,0.697,-29592.72,-0.1973,1301,47.27,0.752,-14124.75,-0.1086
15m,0.15,short only,1R to TP,,1768,38.86,0.611,-42975.01,-0.2431,1396,47.13,0.719,-15413.48,-0.1104
15m,0.15,both,ATR,1.0,5302,24.88,0.53,-118944.12,-0.2243,4493,27.87,0.636,-45131.88,-0.1004
15m,0.15,long only,ATR,1.0,2284,27.36,0.608,-44350.5,-0.1942,2105,28.41,0.686,-18730.67,-0.089
15m,0.15,short only,ATR,1.0,3018,23.0,0.467,-74593.61,-0.2472,2388,27.39,0.591,-26401.21,-0.1106
15m,0.15,both,ATR,1.5,4276,33.63,0.6,-97509.65,-0.228,3703,36.24,0.7,-36359.77,-0.0982
15m,0.15,long only,ATR,1.5,1848,36.69,0.679,-35087.13,-0.1899,1749,37.16,0.753,-14448.17,-0.0826
15m,0.15,short only,ATR,1.5,2428,31.3,0.535,-62422.52,-0.2571,1954,35.41,0.651,-21911.59,-0.1121
15m,0.15,both,ATR,2.0,3636,40.35,0.642,-82580.75,-0.2271,3230,42.29,0.729,-31895.64,-0.0987
15m,0.15,long only,ATR,2.0,1605,42.74,0.712,-30177.21,-0.188,1542,42.54,0.765,-13599.73,-0.0882
15m,0.15,short only,ATR,2.0,2031,38.45,0.583,-52403.54,-0.258,1688,42.06,0.695,-18295.91,-0.1084
15m,0.15,both,ATR,3.0,3008,49.2,0.679,-67647.62,-0.2249,2726,50.48,0.751,-28220.37,-0.1035
15m,0.15,long only,ATR,3.0,1344,51.34,0.744,-24535.06,-0.1826,1308,50.46,0.79,-11839.87,-0.0905
15m,0.15,short only,ATR,3.0,1664,47.48,0.625,-43112.56,-0.2591,1418,50.49,0.713,-16380.51,-0.1155
15m,0.15,both,ATR,4.0,2733,53.9,0.678,-65283.57,-0.2389,2464,55.48,0.746,-28375.69,-0.1152
15m,0.15,long only,ATR,4.0,1235,55.71,0.731,-25343.95,-0.2052,1177,55.9,0.8,-10846.85,-0.0922
15m,0.15,short only,ATR,4.0,1498,52.4,0.633,-39939.63,-0.2666,1287,55.09,0.696,-17528.85,-0.1362
15m,0.5,both,Percent,0.625,3707,26.71,0.589,-82481.59,-0.2225,2376,39.27,0.75,-25738.81,-0.1083
15m,0.5,long only,Percent,0.625,1641,28.15,0.657,-29983.91,-0.1827,1166,39.11,0.784,-10924.11,-0.0937
15m,0.5,short only,Percent,0.625,2066,25.56,0.538,-52497.68,-0.2541,1210,39.42,0.717,-14814.7,-0.1224
15m,0.5,both,Percent,1.5,2458,45.57,0.692,-62600.67,-0.2547,1605,58.94,0.826,-16498.15,-0.1028
15m,0.5,long only,Percent,1.5,1123,46.75,0.76,-22229.51,-0.1979,789,58.94,0.869,-6169.19,-0.0782
15m,0.5,short only,Percent,1.5,1335,44.57,0.634,-40371.16,-0.3024,816,58.95,0.782,-10328.96,-0.1266
15m,0.5,both,Percent,3.0,1850,59.46,0.704,-56607.6,-0.306,1287,67.37,0.835,-14032.62,-0.109
15m,0.5,long only,Percent,3.0,848,61.32,0.778,-19489.26,-0.2298,634,67.67,0.852,-6464.19,-0.102
15m,0.5,short only,Percent,3.0,1002,57.88,0.64,-37118.33,-0.3704,653,67.08,0.818,-7568.43,-0.1159
15m,0.5,both,Percent,5.0,1581,64.52,0.67,-58474.02,-0.3699,1163,70.08,0.805,-15933.25,-0.137
15m,0.5,long only,Percent,5.0,726,67.91,0.762,-19382.45,-0.267,569,70.3,0.819,-7568.05,-0.133
15m,0.5,short only,Percent,5.0,855,61.64,0.593,-39091.57,-0.4572,594,69.87,0.789,-8365.2,-0.1408
15m,0.5,both,Percent,8.0,1428,67.09,0.646,-57560.87,-0.4031,1090,70.46,0.765,-18423.43,-0.169
15m,0.5,long only,Percent,8.0,650,70.31,0.751,-17913.61,-0.2756,527,70.97,0.823,-6553.81,-0.1244
15m,0.5,short only,Percent,8.0,778,64.4,0.563,-39647.26,-0.5096,563,69.98,0.712,-11869.62,-0.2108
15m,0.5,both,1R to TP,,2152,47.72,0.72,-51297.03,-0.2384,1663,54.3,0.811,-17981.0,-0.1081
15m,0.5,long only,1R to TP,,965,50.05,0.776,-19157.97,-0.1985,813,54.74,0.823,-8711.87,-0.1072
15m,0.5,short only,1R to TP,,1187,45.83,0.67,-32139.06,-0.2708,850,53.88,0.798,-9269.13,-0.109
15m,0.5,both,ATR,1.0,4157,23.24,0.569,-98143.39,-0.2361,3245,25.55,0.7,-31447.09,-0.0969
15m,0.5,long only,ATR,1.0,1748,26.43,0.659,-34695.86,-0.1985,1518,26.75,0.76,-12172.35,-0.0802
15m,0.5,short only,ATR,1.0,2409,20.92,0.498,-63447.53,-0.2634,1727,24.49,0.645,-19274.74,-0.1116
15m,0.5,both,ATR,1.5,3278,32.55,0.639,-80206.29,-0.2447,2641,34.46,0.766,-24304.85,-0.092
15m,0.5,long only,ATR,1.5,1385,36.53,0.727,-27168.7,-0.1962,1247,36.17,0.826,-8771.56,-0.0703
15m,0.5,short only,ATR,1.5,1893,29.64,0.567,-53037.59,-0.2802,1394,32.93,0.709,-15533.29,-0.1114
15m,0.5,both,ATR,2.0,2738,40.47,0.681,-67576.77,-0.2468,2264,41.43,0.796,-20685.34,-0.0914
15m,0.5,long only,ATR,2.0,1180,44.07,0.759,-23172.63,-0.1964,1091,42.16,0.829,-8660.48,-0.0794
15m,0.5,short only,ATR,2.0,1558,37.74,0.616,-44404.14,-0.285,1173,40.75,0.763,-12024.86,-0.1025
15m,0.5,both,ATR,3.0,2205,51.29,0.717,-55136.72,-0.2501,1868,50.91,0.814,-18324.65,-0.0981
15m,0.5,long only,ATR,3.0,961,55.15,0.789,-18728.48,-0.1949,904,51.66,0.854,-7234.38,-0.08
15m,0.5,short only,ATR,3.0,1244,48.31,0.657,-36408.24,-0.2927,964,50.21,0.774,-11090.27,-0.115
15m,0.5,both,ATR,4.0,1965,57.35,0.715,-53434.44,-0.2719,1660,57.77,0.815,-17919.93,-0.108
15m,0.5,long only,ATR,4.0,865,61.04,0.774,-19615.03,-0.2268,801,59.05,0.87,-6156.24,-0.0769
15m,0.5,short only,ATR,4.0,1100,54.45,0.664,-33819.41,-0.3074,859,56.58,0.762,-11763.69,-0.1369
15m,1.0,both,Percent,0.625,2999,22.14,0.6,-70239.4,-0.2342,1591,30.99,0.75,-19824.92,-0.1246
15m,1.0,long only,Percent,0.625,1321,23.54,0.679,-24335.64,-0.1842,799,30.54,0.774,-9033.61,-0.1131
15m,1.0,short only,Percent,0.625,1678,21.04,0.54,-45903.76,-0.2736,792,31.44,0.725,-10791.31,-0.1363
15m,1.0,both,Percent,1.5,1955,40.66,0.7,-55251.31,-0.2826,1054,52.28,0.832,-12728.08,-0.1208
15m,1.0,long only,Percent,1.5,896,41.52,0.773,-19079.47,-0.2129,532,52.07,0.868,-5125.0,-0.0963
15m,1.0,short only,Percent,1.5,1059,39.94,0.639,-36171.84,-0.3416,522,52.49,0.795,-7603.08,-0.1457
15m,1.0,both,Percent,3.0,1412,56.66,0.73,-46033.88,-0.326,817,63.28,0.877,-8159.42,-0.0999
15m,1.0,long only,Percent,3.0,652,58.44,0.808,-15275.48,-0.2343,418,63.4,0.871,-4630.41,-0.1108
15m,1.0,short only,Percent,3.0,760,55.13,0.663,-30758.39,-0.4047,399,63.16,0.885,-3529.01,-0.0884
15m,1.0,both,Percent,5.0,1177,63.13,0.704,-46769.62,-0.3974,730,65.89,0.826,-11393.16,-0.1561
15m,1.0,long only,Percent,5.0,545,66.42,0.794,-15256.62,-0.2799,370,65.95,0.809,-6879.84,-0.1859
15m,1.0,short only,Percent,5.0,632,60.28,0.625,-31513.0,-0.4986,360,65.83,0.847,-4513.31,-0.1254
15m,1.0,both,Percent,8.0,1041,66.19,0.679,-46627.6,-0.4479,668,66.17,0.789,-13197.23,-0.1976
15m,1.0,long only,Percent,8.0,475,69.26,0.789,-13756.8,-0.2896,332,66.57,0.802,-6335.71,-0.1908
15m,1.0,short only,Percent,8.0,566,63.6,0.59,-32870.79,-0.5808,336,65.77,0.774,-6861.52,-0.2042
15m,1.0,both,1R to TP,,1485,51.45,0.756,-38866.22,-0.2617,955,54.87,0.819,-13497.81,-0.1413
15m,1.0,long only,1R to TP,,660,54.7,0.82,-13486.74,-0.2043,479,54.91,0.82,-7144.05,-0.1491
15m,1.0,short only,1R to TP,,825,48.85,0.7,-25379.49,-0.3076,476,54.83,0.818,-6353.77,-0.1335
15m,1.0,both,ATR,1.0,3201,20.56,0.593,-80308.3,-0.2509,2055,20.54,0.727,-21088.31,-0.1026
15m,1.0,long only,ATR,1.0,1340,23.88,0.691,-27376.27,-0.2043,978,21.27,0.778,-8470.06,-0.0866
15m,1.0,short only,ATR,1.0,1861,18.16,0.513,-52932.04,-0.2844,1077,19.87,0.676,-12618.24,-0.1172
15m,1.0,both,ATR,1.5,2518,29.67,0.662,-65913.25,-0.2618,1684,28.44,0.78,-17323.42,-0.1029
15m,1.0,long only,ATR,1.5,1060,33.68,0.757,-21352.88,-0.2014,817,29.62,0.828,-6843.84,-0.0838
15m,1.0,short only,ATR,1.5,1458,26.75,0.584,-44560.37,-0.3056,867,27.34,0.733,-10479.58,-0.1209
15m,1.0,both,ATR,2.0,2107,37.45,0.699,-56760.29,-0.2694,1454,34.94,0.803,-15465.89,-0.1064
15m,1.0,long only,ATR,2.0,899,41.49,0.789,-17998.9,-0.2002,719,35.61,0.834,-6687.19,-0.093
15m,1.0,short only,ATR,2.0,1208,34.44,0.624,-38761.39,-0.3209,735,34.29,0.771,-8778.7,-0.1194
15m,1.0,both,ATR,3.0,1671,48.41,0.731,-47074.8,-0.2817,1183,44.63,0.822,-13775.77,-0.1164
15m,1.0,long only,ATR,3.0,723,52.7,0.812,-14909.18,-0.2062,590,45.08,0.856,-5762.61,-0.0977
15m,1.0,short only,ATR,3.0,948,45.15,0.663,-32165.62,-0.3393,593,44.18,0.785,-8013.16,-0.1351
15m,1.0,both,ATR,4.0,1470,55.17,0.727,-46111.21,-0.3137,1046,52.1,0.822,-13638.66,-0.1304
15m,1.0,long only,ATR,4.0,648,58.64,0.786,-16897.06,-0.2608,517,53.58,0.875,-4811.95,-0.0931
15m,1.0,short only,ATR,4.0,822,52.43,0.676,-29214.14,-0.3554,529,50.66,0.769,-8826.71,-0.1669
15m,2.0,both,Percent,0.625,1962,16.46,0.599,-49719.72,-0.2534,716,24.44,0.826,-6850.56,-0.0957
15m,2.0,long only,Percent,0.625,891,17.17,0.668,-18532.97,-0.208,363,23.97,0.863,-2752.07,-0.0758
15m,2.0,short only,Percent,0.625,1071,15.87,0.543,-31186.75,-0.2912,353,24.93,0.788,-4098.49,-0.1161
15m,2.0,both,Percent,1.5,1331,33.36,0.703,-42533.01,-0.3196,496,46.17,0.916,-3515.64,-0.0709
15m,2.0,long only,Percent,1.5,626,32.59,0.746,-17404.8,-0.278,256,44.14,0.94,-1343.91,-0.0525
15m,2.0,short only,Percent,1.5,705,34.04,0.664,-25128.21,-0.3564,240,48.33,0.889,-2171.73,-0.0905
15m,2.0,both,Percent,3.0,950,51.26,0.748,-34095.84,-0.3589,404,60.89,0.963,-1478.57,-0.0366
15m,2.0,long only,Percent,3.0,447,51.01,0.792,-13819.68,-0.3092,210,58.57,0.896,-2447.09,-0.1165
15m,2.0,short only,Percent,3.0,503,51.49,0.705,-20276.16,-0.4031,194,63.4,1.059,968.52,0.0499
15m,2.0,both,Percent,5.0,783,60.03,0.737,-32943.94,-0.4207,359,64.35,0.943,-2201.16,-0.0613
15m,2.0,long only,Percent,5.0,368,61.68,0.803,-12147.13,-0.3301,180,62.78,0.861,-3180.33,-0.1767
15m,2.0,short only,Percent,5.0,415,58.55,0.674,-20796.81,-0.5011,179,65.92,1.063,979.18,0.0547
15m,2.0,both,Percent,8.0,677,63.81,0.723,-31253.3,-0.4616,323,66.25,0.966,-1182.54,-0.0366
15m,2.0,long only,Percent,8.0,308,65.91,0.836,-8385.95,-0.2723,156,66.67,0.905,-1885.09,-0.1208
15m,2.0,short only,Percent,8.0,369,62.06,0.63,-22867.35,-0.6197,167,65.87,1.047,702.55,0.0421
15m,2.0,both,1R to TP,,871,53.27,0.779,-27003.23,-0.31,402,59.45,0.915,-3548.99,-0.0883
15m,2.0,long only,1R to TP,,395,55.19,0.81,-11495.45,-0.291,205,57.07,0.864,-3240.81,-0.1581
15m,2.0,short only,1R to TP,,476,51.68,0.749,-15507.78,-0.3258,197,61.93,0.983,-308.19,-0.0156
15m,2.0,both,ATR,1.0,1956,17.54,0.612,-55257.01,-0.2825,840,18.69,0.834,-6317.79,-0.0752
15m,2.0,long only,ATR,1.0,848,20.4,0.702,-20099.93,-0.237,401,21.2,0.926,-1438.96,-0.0359
15m,2.0,short only,ATR,1.0,1108,15.34,0.532,-35157.08,-0.3173,439,16.4,0.737,-4878.83,-0.1111
15m,2.0,both,ATR,1.5,1538,25.94,0.678,-46624.15,-0.3031,701,26.39,0.882,-4739.65,-0.0676
15m,2.0,long only,ATR,1.5,669,29.3,0.76,-16500.64,-0.2466,335,29.25,0.978,-454.0,-0.0136
15m,2.0,short only,ATR,1.5,869,23.36,0.603,-30123.51,-0.3466,366,23.77,0.783,-4285.65,-0.1171
15m,2.0,both,ATR,2.0,1306,33.54,0.714,-40731.32,-0.3119,611,32.41,0.892,-4443.57,-0.0727
15m,2.0,long only,ATR,2.0,571,37.13,0.797,-13609.92,-0.2384,296,34.12,0.951,-1039.28,-0.0351
15m,2.0,short only,ATR,2.0,735,30.75,0.641,-27121.4,-0.369,315,30.79,0.828,-3404.3,-0.1081
15m,2.0,both,ATR,3.0,1055,44.17,0.735,-36065.14,-0.3418,510,41.57,0.9,-4225.09,-0.0828
15m,2.0,long only,ATR,3.0,468,47.44,0.793,-13481.72,-0.2881,252,42.86,0.951,-1108.77,-0.044
15m,2.0,short only,ATR,3.0,587,41.57,0.683,-22583.42,-0.3847,258,40.31,0.842,-3116.32,-0.1208
15m,2.0,both,ATR,4.0,925,52.11,0.746,-33197.86,-0.3589,460,49.13,0.902,-4112.17,-0.0894
15m,2.0,long only,ATR,4.0,417,53.96,0.767,-15187.48,-0.3642,225,51.11,0.975,-544.44,-0.0242
15m,2.0,short only,ATR,4.0,508,50.59,0.726,-18010.38,-0.3545,235,47.23,0.828,-3567.74,-0.1518
15m,3.0,both,Percent,0.625,1204,12.62,0.582,-33260.54,-0.2763,335,19.7,0.82,-3545.62,-0.1058
15m,3.0,long only,Percent,0.625,574,12.54,0.627,-14194.84,-0.2473,180,20.0,0.892,-1133.6,-0.063
15m,3.0,short only,Percent,0.625,630,12.7,0.541,-19065.7,-0.3026,155,19.35,0.736,-2412.02,-0.1556
15m,3.0,both,Percent,1.5,845,26.98,0.687,-31332.79,-0.3708,235,38.3,0.874,-2906.92,-0.1237
15m,3.0,long only,Percent,1.5,414,26.09,0.725,-13691.43,-0.3307,126,38.1,0.973,-336.71,-0.0267
15m,3.0,short only,Percent,1.5,431,27.84,0.649,-17641.36,-0.4093,109,38.53,0.761,-2570.2,-0.2358
15m,3.0,both,Percent,3.0,621,46.38,0.752,-24635.27,-0.3967,191,52.88,0.902,-2284.08,-0.1196
15m,3.0,long only,Percent,3.0,306,44.44,0.754,-12831.36,-0.4193,103,50.49,0.868,-1844.06,-0.179
15m,3.0,short only,Percent,3.0,315,48.25,0.75,-11803.91,-0.3747,88,55.68,0.953,-440.02,-0.05
15m,3.0,both,Percent,5.0,514,56.61,0.749,-23550.4,-0.4582,173,58.38,0.839,-3964.05,-0.2291
15m,3.0,long only,Percent,5.0,249,55.42,0.752,-12343.71,-0.4957,91,57.14,0.796,-3055.29,-0.3357
15m,3.0,short only,Percent,5.0,265,57.74,0.745,-11206.69,-0.4229,82,59.76,0.905,-908.75,-0.1108
15m,3.0,both,Percent,8.0,445,61.12,0.731,-23171.34,-0.5207,153,58.82,0.883,-2502.03,-0.1635
15m,3.0,long only,Percent,8.0,209,61.24,0.768,-10119.22,-0.4842,80,58.75,0.811,-2515.8,-0.3145
15m,3.0,short only,Percent,8.0,236,61.02,0.693,-13052.13,-0.5531,73,58.9,1.002,13.77,0.0019
15m,3.0,both,1R to TP,,513,54.78,0.81,-16363.68,-0.319,176,57.39,0.895,-2424.73,-0.1378
15m,3.0,long only,1R to TP,,243,55.56,0.791,-9632.48,-0.3964,90,57.78,0.906,-1232.16,-0.1369
15m,3.0,short only,1R to TP,,270,54.07,0.832,-6731.2,-0.2493,86,56.98,0.88,-1192.56,-0.1387
15m,3.0,both,ATR,1.0,1120,15.89,0.623,-36293.28,-0.324,364,16.76,0.823,-3514.06,-0.0965
15m,3.0,long only,ATR,1.0,518,17.76,0.69,-15160.65,-0.2927,189,18.52,0.888,-1270.32,-0.0672
15m,3.0,short only,ATR,1.0,602,14.29,0.553,-21132.63,-0.351,175,14.86,0.739,-2243.74,-0.1282
15m,3.0,both,ATR,1.5,893,23.85,0.68,-32131.48,-0.3598,305,23.61,0.856,-3114.3,-0.1021
15m,3.0,long only,ATR,1.5,410,25.85,0.739,-13340.21,-0.3254,151,27.81,0.987,-150.47,-0.01
15m,3.0,short only,ATR,1.5,483,22.15,0.618,-18791.27,-0.3891,154,19.48,0.708,-2963.82,-0.1925
15m,3.0,both,ATR,2.0,776,30.67,0.696,-31034.01,-0.3999,272,28.31,0.826,-4015.16,-0.1476
15m,3.0,long only,ATR,2.0,355,32.11,0.738,-13542.55,-0.3815,133,32.33,0.968,-383.96,-0.0289
15m,3.0,short only,ATR,2.0,421,29.45,0.653,-17491.46,-0.4155,139,24.46,0.676,-3631.2,-0.2612
15m,3.0,both,ATR,3.0,631,42.0,0.73,-26509.07,-0.4201,225,38.67,0.879,-2825.98,-0.1256
15m,3.0,long only,ATR,3.0,291,43.3,0.748,-12638.89,-0.4343,114,41.23,0.975,-316.57,-0.0278
15m,3.0,short only,ATR,3.0,340,40.88,0.71,-13870.18,-0.4079,111,36.04,0.763,-2509.41,-0.2261
15m,3.0,both,ATR,4.0,555,50.27,0.742,-24307.6,-0.438,201,46.77,0.871,-3009.07,-0.1497
15m,3.0,long only,ATR,4.0,262,51.15,0.731,-13513.54,-0.5158,102,48.04,0.937,-805.18,-0.0789
15m,3.0,short only,ATR,4.0,293,49.49,0.754,-10794.06,-0.3684,99,45.45,0.791,-2203.89,-0.2226
15m,5.0,both,Percent,0.625,466,7.3,0.548,-14822.05,-0.3181,93,8.6,0.523,-2967.47,-0.3191
15m,5.0,long only,Percent,0.625,266,7.52,0.589,-7736.18,-0.2908,62,11.29,0.702,-1199.03,-0.1934
15m,5.0,short only,Percent,0.625,200,7.0,0.493,-7085.88,-0.3543,31,3.23,0.194,-1768.43,-0.5705
15m,5.0,both,Percent,1.5,360,18.61,0.657,-16367.61,-0.4547,66,21.21,0.636,-2992.39,-0.4534
15m,5.0,long only,Percent,1.5,211,20.38,0.755,-6733.45,-0.3191,44,22.73,0.797,-1084.55,-0.2465
15m,5.0,short only,Percent,1.5,149,16.11,0.524,-9634.16,-0.6466,22,18.18,0.34,-1907.84,-0.8672
15m,5.0,both,Percent,3.0,266,35.71,0.69,-16341.3,-0.6143,51,45.1,0.928,-533.95,-0.1047
15m,5.0,long only,Percent,3.0,160,38.12,0.774,-7023.75,-0.439,32,46.88,1.088,414.47,0.1295
15m,5.0,short only,Percent,3.0,106,32.08,0.57,-9317.55,-0.879,19,42.11,0.642,-948.42,-0.4992
15m,5.0,both,Percent,5.0,224,46.43,0.649,-19687.2,-0.8789,45,53.33,0.85,-1179.57,-0.2621
15m,5.0,long only,Percent,5.0,135,48.15,0.68,-11054.91,-0.8189,27,59.26,1.068,315.98,0.117
15m,5.0,short only,Percent,5.0,89,43.82,0.599,-8632.3,-0.9699,18,44.44,0.532,-1495.55,-0.8309
15m,5.0,both,Percent,8.0,191,56.54,0.737,-12133.61,-0.6353,43,53.49,0.733,-2288.94,-0.5323
15m,5.0,long only,Percent,8.0,112,58.04,0.766,-6639.62,-0.5928,26,61.54,0.919,-408.78,-0.1572
15m,5.0,short only,Percent,8.0,79,54.43,0.689,-5493.99,-0.6954,17,41.18,0.468,-1880.16,-1.106
15m,5.0,both,1R to TP,,200,52.0,0.754,-11287.08,-0.5644,45,53.33,0.785,-1828.17,-0.4063
15m,5.0,long only,1R to TP,,117,54.7,0.751,-7277.56,-0.622,27,59.26,0.93,-372.55,-0.138
15m,5.0,short only,1R to TP,,83,48.19,0.758,-4009.52,-0.4831,18,44.44,0.538,-1455.62,-0.8087
15m,5.0,both,ATR,1.0,405,13.09,0.624,-17633.27,-0.4354,90,13.33,0.763,-1537.98,-0.1709
15m,5.0,long only,ATR,1.0,228,14.47,0.667,-9584.16,-0.4204,59,16.95,0.94,-273.59,-0.0464
15m,5.0,short only,ATR,1.0,177,11.3,0.554,-8049.11,-0.4548,31,6.45,0.338,-1264.39,-0.4079
15m,5.0,both,ATR,1.5,334,20.06,0.644,-18265.65,-0.5469,75,17.33,0.748,-1771.47,-0.2362
15m,5.0,long only,ATR,1.5,188,23.94,0.731,-8320.21,-0.4426,48,22.92,0.972,-134.89,-0.0281
15m,5.0,short only,ATR,1.5,146,15.07,0.515,-9945.44,-0.6812,27,7.41,0.283,-1636.58,-0.6061
15m,5.0,both,ATR,2.0,292,26.71,0.66,-17908.92,-0.6133,65,20.0,0.742,-1880.84,-0.2894
15m,5.0,long only,ATR,2.0,164,30.49,0.732,-8405.88,-0.5126,39,25.64,0.971,-131.94,-0.0338
15m,5.0,short only,ATR,2.0,128,21.88,0.555,-9503.04,-0.7424,26,11.54,0.357,-1748.9,-0.6727
15m,5.0,both,ATR,3.0,242,38.43,0.672,-17186.62,-0.7102,56,30.36,0.811,-1449.14,-0.2588
15m,5.0,long only,ATR,3.0,138,42.75,0.739,-7983.68,-0.5785,34,38.24,1.139,637.36,0.1875
15m,5.0,short only,ATR,3.0,104,32.69,0.578,-9202.94,-0.8849,22,18.18,0.321,-2086.5,-0.9484
15m,5.0,both,ATR,4.0,220,46.36,0.679,-16429.87,-0.7468,48,37.5,0.883,-827.28,-0.1724
15m,5.0,long only,ATR,4.0,126,50.79,0.725,-8461.91,-0.6716,28,46.43,1.266,1050.4,0.3751
15m,5.0,short only,ATR,4.0,94,40.43,0.609,-7967.95,-0.8477,20,25.0,0.394,-1877.68,-0.9388
1h,0.15,both,Percent,0.625,1360,18.97,0.555,-35046.48,-0.2577,1179,29.94,0.749,-13669.99,-0.1159
1h,0.15,long only,Percent,0.625,582,21.13,0.618,-12252.48,-0.2105,602,30.23,0.733,-7310.91,-0.1214
1h,0.15,short only,Percent,0.625,778,17.35,0.512,-22794.0,-0.293,577,29.64,0.765,-6359.08,-0.1102
1h,0.15,both,Percent,1.5,1042,33.01,0.683,-32302.75,-0.31,843,47.45,0.9,-5755.26,-0.0683
1h,0.15,long only,Percent,1.5,472,34.75,0.741,-11343.06,-0.2403,437,47.6,0.936,-1892.6,-0.0433
1h,0.15,short only,Percent,1.5,570,31.58,0.639,-20959.69,-0.3677,406,47.29,0.863,-3862.66,-0.0951
1h,0.15,both,Percent,3.0,809,45.61,0.664,-38334.27,-0.4738,680,58.09,0.845,-9054.29,-0.1332
1h,0.15,long only,Percent,3.0,378,46.83,0.748,-12642.93,-0.3345,349,59.31,0.909,-2641.7,-0.0757
1h,0.15,short only,Percent,3.0,431,44.55,0.598,-25691.34,-0.5961,331,56.8,0.783,-6412.59,-0.1937
1h,0.15,both,Percent,5.0,665,55.79,0.671,-36768.63,-0.5485,593,62.73,0.845,-8158.16,-0.1376
1h,0.15,long only,Percent,5.0,306,58.82,0.87,-6033.7,-0.1876,304,62.5,0.931,-1742.57,-0.0573
1h,0.15,short only,Percent,5.0,359,53.2,0.539,-30734.93,-0.8561,289,62.98,0.764,-6415.6,-0.222
1h,0.15,both,Percent,8.0,577,61.53,0.654,-36430.88,-0.6263,538,64.5,0.979,-849.36,-0.0158
1h,0.15,long only,Percent,8.0,269,63.94,0.899,-4306.09,-0.1492,278,64.75,1.084,1660.45,0.0597
1h,0.15,short only,Percent,8.0,308,59.42,0.502,-32124.79,-1.043,260,64.23,0.879,-2509.81,-0.0965
1h,0.15,both,1R to TP,,731,44.87,0.671,-34044.38,-0.4657,733,49.52,0.929,-3594.09,-0.049
1h,0.15,long only,1R to TP,,339,46.9,0.854,-6068.69,-0.179,378,49.21,0.974,-671.68,-0.0178
1h,0.15,short only,1R to TP,,392,43.11,0.549,-27975.69,-0.7137,355,49.86,0.882,-2922.41,-0.0823
1h,0.15,both,ATR,1.0,1207,27.75,0.698,-31517.05,-0.2611,1212,29.54,0.769,-13816.17,-0.114
1h,0.15,long only,ATR,1.0,514,32.3,0.839,-7004.44,-0.1363,607,31.47,0.839,-4862.0,-0.0801
1h,0.15,short only,ATR,1.0,693,24.39,0.597,-24512.61,-0.3537,605,27.6,0.698,-8954.16,-0.148
1h,0.15,both,ATR,1.5,1005,35.22,0.704,-32254.98,-0.3209,1013,37.91,0.82,-11074.86,-0.1093
1h,0.15,long only,ATR,1.5,438,39.5,0.852,-6682.51,-0.1526,512,38.67,0.858,-4484.47,-0.0876
1h,0.15,short only,ATR,1.5,567,31.92,0.599,-25572.46,-0.451,501,37.13,0.78,-6590.4,-0.1315
1h,0.15,both,ATR,2.0,883,41.11,0.711,-31219.71,-0.3536,891,45.01,0.871,-7707.96,-0.0865
1h,0.15,long only,ATR,2.0,397,44.33,0.842,-7330.89,-0.1847,456,45.18,0.887,-3503.57,-0.0768
1h,0.15,short only,ATR,2.0,486,38.48,0.613,-23888.82,-0.4915,435,44.83,0.853,-4204.39,-0.0967
1h,0.15,both,ATR,3.0,744,49.06,0.672,-36260.73,-0.4874,751,53.66,0.896,-5911.53,-0.0787
1h,0.15,long only,ATR,3.0,339,52.8,0.803,-9310.54,-0.2746,383,54.57,0.912,-2592.32,-0.0677
1h,0.15,short only,ATR,3.0,405,45.93,0.575,-26950.18,-0.6654,368,52.72,0.877,-3319.22,-0.0902
1h,0.15,both,ATR,4.0,687,53.86,0.614,-44926.7,-0.654,688,57.85,0.869,-7396.05,-0.1075
1h,0.15,long only,ATR,4.0,311,57.88,0.78,-10452.7,-0.3361,349,58.74,0.887,-3255.05,-0.0933
1h,0.15,short only,ATR,4.0,376,50.53,0.499,-34474.0,-0.9169,339,56.93,0.85,-4141.0,-0.1222
1h,0.5,both,Percent,0.625,1274,17.74,0.558,-34224.38,-0.2686,1031,28.03,0.763,-12418.58,-0.1205
1h,0.5,long only,Percent,0.625,537,20.11,0.624,-11795.97,-0.2197,523,28.11,0.741,-6862.48,-0.1312
1h,0.5,short only,Percent,0.625,737,16.01,0.514,-22428.41,-0.3043,508,27.95,0.785,-5556.11,-0.1094
1h,0.5,both,Percent,1.5,960,32.4,0.688,-31359.86,-0.3267,708,47.88,0.928,-3999.7,-0.0565
1h,0.5,long only,Percent,1.5,428,34.58,0.754,-10536.2,-0.2462,364,47.8,0.96,-1138.39,-0.0313
1h,0.5,short only,Percent,1.5,532,30.64,0.639,-20823.66,-0.3914,344,47.97,0.894,-2861.3,-0.0832
1h,0.5,both,Percent,3.0,730,46.03,0.668,-37407.33,-0.5124,548,60.95,0.887,-6226.09,-0.1136
1h,0.5,long only,Percent,3.0,337,47.77,0.757,-12011.91,-0.3564,277,62.45,0.952,-1310.38,-0.0473
1h,0.5,short only,Percent,3.0,393,44.53,0.6,-25395.42,-0.6462,271,59.41,0.822,-4915.71,-0.1814
1h,0.5,both,Percent,5.0,586,57.85,0.68,-35134.35,-0.5946,463,67.39,0.913,-4139.43,-0.0894
1h,0.5,long only,Percent,5.0,266,62.03,0.882,-5421.9,-0.1929,233,67.38,1.01,223.67,0.0096
1h,0.5,short only,Percent,5.0,320,54.38,0.546,-29712.46,-0.9285,230,67.39,0.824,-4363.09,-0.1897
1h,0.5,both,Percent,8.0,501,64.67,0.658,-35682.99,-0.7064,413,70.7,1.075,2740.66,0.0664
1h,0.5,long only,Percent,8.0,230,68.26,0.905,-4043.19,-0.1631,210,71.43,1.172,3139.34,0.1495
1h,0.5,short only,Percent,8.0,271,61.62,0.506,-31639.79,-1.1675,203,69.95,0.978,-398.68,-0.0196
1h,0.5,both,1R to TP,,635,47.56,0.678,-32844.69,-0.5172,578,53.11,0.947,-2580.67,-0.0446
1h,0.5,long only,1R to TP,,286,51.05,0.868,-5356.32,-0.1873,295,53.22,0.991,-227.62,-0.0077
1h,0.5,short only,1R to TP,,349,44.7,0.552,-27488.37,-0.7876,283,53.0,0.902,-2353.04,-0.0831
1h,0.5,both,ATR,1.0,1114,26.75,0.702,-30659.93,-0.2752,1051,27.88,0.783,-12532.19,-0.1192
1h,0.5,long only,ATR,1.0,466,31.97,0.848,-6482.13,-0.1391,520,29.81,0.851,-4343.9,-0.0835
1h,0.5,short only,ATR,1.0,648,22.99,0.598,-24177.8,-0.3731,531,25.99,0.713,-8188.29,-0.1542
1h,0.5,both,ATR,1.5,919,34.71,0.707,-31525.01,-0.343,866,36.84,0.831,-10039.91,-0.1159
1h,0.5,long only,ATR,1.5,392,39.8,0.86,-6231.29,-0.159,433,37.41,0.867,-4061.98,-0.0938
1h,0.5,short only,ATR,1.5,527,30.93,0.6,-25293.72,-0.48,433,36.26,0.793,-5977.93,-0.1381
1h,0.5,both,ATR,2.0,799,41.18,0.715,-30389.94,-0.3803,748,45.05,0.889,-6400.02,-0.0856
1h,0.5,long only,ATR,2.0,352,45.17,0.852,-6753.28,-0.1919,379,45.12,0.902,-2938.89,-0.0775
1h,0.5,short only,ATR,2.0,447,38.03,0.614,-23636.66,-0.5288,369,44.99,0.874,-3461.13,-0.0938
1h,0.5,both,ATR,3.0,662,50.15,0.678,-35133.71,-0.5307,611,55.48,0.923,-4158.64,-0.0681
1h,0.5,long only,ATR,3.0,296,55.07,0.815,-8552.74,-0.2889,307,56.35,0.936,-1810.74,-0.059
1h,0.5,short only,ATR,3.0,366,46.17,0.577,-26580.98,-0.7263,304,54.61,0.909,-2347.9,-0.0772
1h,0.5,both,ATR,4.0,607,55.35,0.617,-43988.01,-0.7247,553,60.4,0.892,-5871.42,-0.1062
1h,0.5,long only,ATR,4.0,269,60.59,0.79,-9782.39,-0.3637,276,61.23,0.903,-2709.02,-0.0982
1h,0.5,short only,ATR,4.0,338,51.18,0.499,-34205.62,-1.012,277,59.57,0.88,-3162.4,-0.1142
1h,1.0,both,Percent,0.625,1169,15.57,0.566,-32127.56,-0.2748,862,24.48,0.778,-10438.6,-0.1211
1h,1.0,long only,Percent,0.625,488,17.42,0.626,-11236.02,-0.2302,430,23.26,0.734,-6347.35,-0.1476
1h,1.0,short only,Percent,0.625,681,14.24,0.525,-20891.54,-0.3068,432,25.69,0.823,-4091.25,-0.0947
1h,1.0,both,Percent,1.5,869,30.03,0.701,-28807.05,-0.3315,580,45.52,0.971,-1422.92,-0.0245
1h,1.0,long only,Percent,1.5,384,31.51,0.759,-9942.73,-0.2589,294,45.24,0.993,-190.23,-0.0065
1h,1.0,short only,Percent,1.5,485,28.87,0.657,-18864.32,-0.389,286,45.8,0.949,-1232.68,-0.0431
1h,1.0,both,Percent,3.0,653,43.64,0.678,-35091.26,-0.5374,440,60.91,0.945,-2706.3,-0.0615
1h,1.0,long only,Percent,3.0,298,45.3,0.765,-11226.84,-0.3767,215,62.33,1.014,342.15,0.0159
1h,1.0,short only,Percent,3.0,355,42.25,0.609,-23864.42,-0.6722,225,59.56,0.878,-3048.45,-0.1355
1h,1.0,both,Percent,5.0,516,56.2,0.691,-32860.24,-0.6312,365,70.14,0.987,-579.16,-0.0159
1h,1.0,long only,Percent,5.0,229,60.26,0.896,-4632.29,-0.1895,178,70.22,1.053,1126.02,0.0633
1h,1.0,short only,Percent,5.0,287,52.96,0.556,-28227.95,-0.9836,187,70.05,0.922,-1705.18,-0.0912
1h,1.0,both,Percent,8.0,434,64.06,0.664,-34081.75,-0.7786,318,74.21,1.18,5839.33,0.1836
1h,1.0,long only,Percent,8.0,195,67.69,0.909,-3786.61,-0.1792,157,75.8,1.186,3269.78,0.2083
1h,1.0,short only,Percent,8.0,239,61.09,0.513,-30295.14,-1.2676,161,72.67,1.173,2569.55,0.1596
1h,1.0,both,1R to TP,,535,50.65,0.69,-30533.07,-0.5707,428,57.01,0.973,-1185.5,-0.0277
1h,1.0,long only,1R to TP,,239,53.56,0.881,-4662.06,-0.1951,214,56.07,1.003,59.38,0.0028
1h,1.0,short only,1R to TP,,296,48.31,0.564,-25871.01,-0.874,214,57.94,0.942,-1244.89,-0.0582
1h,1.0,both,ATR,1.0,1007,25.42,0.716,-28089.09,-0.2789,868,25.58,0.807,-10057.66,-0.1159
1h,1.0,long only,ATR,1.0,417,30.22,0.859,-5812.43,-0.1394,420,26.9,0.861,-3672.9,-0.0874
1h,1.0,short only,ATR,1.0,590,22.03,0.614,-22276.65,-0.3776,448,24.33,0.75,-6384.76,-0.1425
1h,1.0,both,ATR,1.5,821,33.13,0.72,-28978.35,-0.353,704,34.66,0.869,-7006.15,-0.0995
1h,1.0,long only,ATR,1.5,346,37.86,0.866,-5741.9,-0.166,343,34.69,0.887,-3132.58,-0.0913
1h,1.0,short only,ATR,1.5,475,29.68,0.616,-23236.45,-0.4892,361,34.63,0.849,-3873.57,-0.1073
1h,1.0,both,ATR,2.0,705,39.72,0.731,-27548.06,-0.3908,604,43.21,0.925,-3911.6,-0.0648
1h,1.0,long only,ATR,2.0,307,43.32,0.861,-6114.37,-0.1992,298,43.29,0.926,-2002.18,-0.0672
1h,1.0,short only,ATR,2.0,398,36.93,0.632,-21433.69,-0.5385,306,43.14,0.923,-1909.43,-0.0624
1h,1.0,both,ATR,3.0,578,49.31,0.696,-31689.92,-0.5483,485,54.85,0.969,-1486.49,-0.0306
1h,1.0,long only,ATR,3.0,255,53.73,0.825,-7815.67,-0.3065,237,55.7,0.96,-1042.94,-0.044
1h,1.0,short only,ATR,3.0,323,45.82,0.598,-23874.25,-0.7391,248,54.03,0.981,-443.55,-0.0179
1h,1.0,both,ATR,4.0,528,54.36,0.629,-40982.56,-0.7762,436,61.01,0.946,-2639.87,-0.0605
1h,1.0,long only,ATR,4.0,230,59.57,0.795,-9272.1,-0.4031,209,62.2,0.948,-1301.07,-0.0623
1h,1.0,short only,ATR,4.0,298,50.34,0.514,-31710.45,-1.0641,227,59.91,0.944,-1338.8,-0.059
1h,2.0,both,Percent,0.625,989,12.44,0.555,-29227.9,-0.2955,585,17.78,0.748,-8806.1,-0.1505
1h,2.0,long only,Percent,0.625,406,14.78,0.621,-9935.33,-0.2447,285,16.84,0.701,-5142.87,-0.1805
1h,2.0,short only,Percent,0.625,583,10.81,0.511,-19292.57,-0.3309,300,18.67,0.794,-3663.24,-0.1221
1h,2.0,both,Percent,1.5,737,25.24,0.681,-28449.22,-0.386,397,36.27,0.93,-2816.31,-0.0709
1h,2.0,long only,Percent,1.5,326,26.69,0.726,-10623.99,-0.3259,204,36.76,0.964,-736.1,-0.0361
1h,2.0,short only,Percent,1.5,411,24.09,0.646,-17825.23,-0.4337,193,35.75,0.894,-2080.21,-0.1078
1h,2.0,both,Percent,3.0,542,39.11,0.668,-33577.24,-0.6195,298,53.36,0.894,-4449.05,-0.1493
1h,2.0,long only,Percent,3.0,247,42.11,0.765,-10389.51,-0.4206,147,53.74,0.947,-1122.25,-0.0763
1h,2.0,short only,Percent,3.0,295,36.61,0.593,-23187.72,-0.786,151,52.98,0.84,-3326.79,-0.2203
1h,2.0,both,Percent,5.0,417,52.04,0.691,-30325.19,-0.7202,242,64.46,0.945,-1999.82,-0.0826
1h,2.0,long only,Percent,5.0,188,57.45,0.897,-4324.57,-0.2145,121,63.64,0.992,-155.74,-0.0129
1h,2.0,short only,Percent,5.0,229,47.6,0.552,-26000.62,-1.1354,121,65.29,0.897,-1844.08,-0.1524
1h,2.0,both,Percent,8.0,345,62.03,0.668,-31380.73,-0.9011,208,70.67,1.105,3026.14,0.1455
1h,2.0,long only,Percent,8.0,156,66.67,0.923,-3017.73,-0.1747,106,70.75,1.064,1056.28,0.0996
1h,2.0,short only,Percent,8.0,189,58.2,0.512,-28363.0,-1.5007,102,70.59,1.161,1969.86,0.1931
1h,2.0,both,1R to TP,,400,51.25,0.671,-30205.69,-0.7551,256,57.42,0.939,-2210.31,-0.0863
1h,2.0,long only,1R to TP,,180,54.44,0.86,-5127.17,-0.2848,126,57.94,0.997,-50.1,-0.004
1h,2.0,short only,1R to TP,,220,48.64,0.545,-25078.53,-1.1399,130,56.92,0.88,-2160.21,-0.1662
1h,2.0,both,ATR,1.0,833,21.85,0.703,-27037.61,-0.3246,574,20.38,0.784,-8689.86,-0.1514
1h,2.0,long only,ATR,1.0,339,27.14,0.842,-6015.32,-0.1774,272,22.79,0.867,-2660.15,-0.0978
1h,2.0,short only,ATR,1.0,494,18.22,0.603,-21022.28,-0.4256,302,18.21,0.7,-6029.71,-0.1997
1h,2.0,both,ATR,1.5,673,29.72,0.713,-27432.61,-0.4076,471,28.24,0.839,-6861.6,-0.1457
1h,2.0,long only,ATR,1.5,280,35.0,0.859,-5599.13,-0.2,226,30.09,0.89,-2391.37,-0.1058
1h,2.0,short only,ATR,1.5,393,25.95,0.608,-21833.47,-0.5556,245,26.53,0.787,-4470.23,-0.1825
1h,2.0,both,ATR,2.0,571,36.25,0.726,-25779.03,-0.4515,393,35.88,0.878,-5109.52,-0.13
1h,2.0,long only,ATR,2.0,247,40.49,0.856,-5832.17,-0.2361,193,38.34,0.92,-1703.49,-0.0883
1h,2.0,short only,ATR,2.0,324,33.02,0.627,-19946.86,-0.6156,200,33.5,0.835,-3406.03,-0.1703
1h,2.0,both,ATR,3.0,461,46.2,0.691,-29753.97,-0.6454,318,48.11,0.91,-3661.31,-0.1151
1h,2.0,long only,ATR,3.0,202,51.98,0.83,-6984.6,-0.3458,156,50.0,0.914,-1840.55,-0.118
1h,2.0,short only,ATR,3.0,259,41.7,0.589,-22769.38,-0.8791,162,46.3,0.906,-1820.76,-0.1124
1h,2.0,both,ATR,4.0,419,51.79,0.628,-38051.79,-0.9082,288,54.86,0.881,-5006.65,-0.1738
1h,2.0,long only,ATR,4.0,184,58.7,0.802,-8345.7,-0.4536,141,55.32,0.863,-3057.2,-0.2168
1h,2.0,short only,ATR,4.0,235,46.38,0.506,-29706.1,-1.2641,147,54.42,0.901,-1949.44,-0.1326
1h,3.0,both,Percent,0.625,775,9.03,0.516,-25997.38,-0.3355,386,13.47,0.702,-7251.06,-0.1879
1h,3.0,long only,Percent,0.625,315,10.48,0.556,-9545.53,-0.303,190,11.58,0.639,-4421.94,-0.2327
1h,3.0,short only,Percent,0.625,460,8.04,0.489,-16451.85,-0.3576,196,15.31,0.765,-2829.13,-0.1443
1h,3.0,both,Percent,1.5,595,20.17,0.643,-27667.38,-0.465,275,32.36,0.957,-1262.68,-0.0459
1h,3.0,long only,Percent,1.5,258,22.09,0.713,-9431.72,-0.3656,137,29.93,0.935,-1005.94,-0.0734
1h,3.0,short only,Percent,1.5,337,18.69,0.591,-18235.66,-0.5411,138,34.78,0.982,-256.75,-0.0186
1h,3.0,both,Percent,3.0,432,33.33,0.636,-32488.16,-0.752,212,47.64,0.883,-3896.51,-0.1838
1h,3.0,long only,Percent,3.0,190,36.84,0.763,-8893.33,-0.4681,101,47.52,0.938,-1020.99,-0.1011
1h,3.0,short only,Percent,3.0,242,30.58,0.543,-23594.83,-0.975,111,47.75,0.829,-2875.52,-0.2591
1h,3.0,both,Percent,5.0,324,47.22,0.672,-28220.04,-0.862,172,59.3,0.929,-2099.16,-0.122
1h,3.0,long only,Percent,5.0,141,53.19,0.908,-3367.23,-0.2181,82,56.1,0.931,-1068.07,-0.1303
1h,3.0,short only,Percent,5.0,183,42.62,0.52,-24852.81,-1.3581,90,62.22,0.927,-1031.09,-0.1146
1h,3.0,both,Percent,8.0,263,57.79,0.66,-27652.72,-1.0403,148,66.89,1.052,1267.0,0.0856
1h,3.0,long only,Percent,8.0,115,61.74,0.931,-2365.96,-0.1804,72,65.28,0.959,-587.81,-0.0816
1h,3.0,short only,Percent,8.0,148,54.73,0.501,-25286.76,-1.7086,76,68.42,1.183,1854.81,0.2441
1h,3.0,both,1R to TP,,292,50.34,0.626,-30760.4,-1.0534,167,56.29,0.922,-2227.68,-0.1334
1h,3.0,long only,1R to TP,,123,56.1,0.857,-4457.54,-0.3624,77,55.84,0.985,-205.93,-0.0267
1h,3.0,short only,1R to TP,,169,46.15,0.486,-26302.86,-1.5564,90,56.67,0.861,-2021.74,-0.2246
1h,3.0,both,ATR,1.0,640,18.28,0.674,-25486.68,-0.3982,368,17.39,0.756,-7121.81,-0.1935
1h,3.0,long only,ATR,1.0,254,24.41,0.843,-5040.36,-0.1984,174,18.97,0.822,-2695.3,-0.1549
1h,3.0,short only,ATR,1.0,386,14.25,0.556,-20446.32,-0.5297,194,15.98,0.684,-4426.51,-0.2282
1h,3.0,both,ATR,1.5,513,25.15,0.67,-27333.65,-0.5328,305,26.23,0.857,-4425.39,-0.1451
1h,3.0,long only,ATR,1.5,206,31.55,0.852,-4934.9,-0.2396,146,28.08,0.9,-1631.74,-0.1118
1h,3.0,short only,ATR,1.5,307,20.85,0.546,-22398.75,-0.7296,159,24.53,0.81,-2793.65,-0.1757
1h,3.0,both,ATR,2.0,435,31.03,0.679,-26505.25,-0.6093,260,33.46,0.884,-3629.17,-0.1396
1h,3.0,long only,ATR,2.0,181,37.02,0.853,-5060.44,-0.2796,123,35.77,0.913,-1403.94,-0.1141
1h,3.0,short only,ATR,2.0,254,26.77,0.555,-21444.81,-0.8443,137,31.39,0.854,-2225.22,-0.1624
1h,3.0,both,ATR,3.0,347,41.21,0.653,-29498.94,-0.8501,219,42.92,0.862,-4553.28,-0.2079
1h,3.0,long only,ATR,3.0,146,49.32,0.834,-5793.01,-0.3968,103,43.69,0.835,-2950.96,-0.2865
1h,3.0,short only,ATR,3.0,201,35.32,0.527,-23705.93,-1.1794,116,42.24,0.894,-1602.32,-0.1381
1h,3.0,both,ATR,4.0,316,47.15,0.596,-36416.85,-1.1524,201,49.75,0.821,-6233.86,-0.3101
1h,3.0,long only,ATR,4.0,132,55.3,0.803,-7041.2,-0.5334,95,48.42,0.759,-4649.83,-0.4895
1h,3.0,short only,ATR,4.0,184,41.3,0.46,-29375.65,-1.5965,106,50.94,0.899,-1584.03,-0.1494
1h,5.0,both,Percent,0.625,474,6.12,0.481,-17509.27,-0.3694,159,8.18,0.606,-4203.33,-0.2644
1h,5.0,long only,Percent,0.625,205,6.34,0.448,-8067.73,-0.3935,84,8.33,0.668,-1866.37,-0.2222
1h,5.0,short only,Percent,0.625,269,5.95,0.507,-9441.54,-0.351,75,8.0,0.536,-2336.96,-0.3116
1h,5.0,both,Percent,1.5,388,14.69,0.621,-20464.7,-0.5274,115,21.74,0.804,-2829.97,-0.2461
1h,5.0,long only,Percent,1.5,176,15.34,0.654,-8439.96,-0.4795,61,22.95,0.923,-579.32,-0.095
1h,5.0,short only,Percent,1.5,212,14.15,0.595,-12024.74,-0.5672,54,20.37,0.674,-2250.65,-0.4168
1h,5.0,both,Percent,3.0,291,25.77,0.6,-26970.91,-0.9268,93,32.26,0.651,-6721.8,-0.7228
1h,5.0,long only,Percent,3.0,131,28.24,0.703,-8747.42,-0.6677,48,35.42,0.815,-1776.69,-0.3701
1h,5.0,short only,Percent,3.0,160,23.75,0.521,-18223.49,-1.139,45,28.89,0.487,-4945.11,-1.0989
1h,5.0,both,Percent,5.0,226,36.73,0.587,-29720.5,-1.3151,78,46.15,0.704,-5533.23,-0.7094
1h,5.0,long only,Percent,5.0,99,41.41,0.774,-6608.24,-0.6675,41,48.78,0.893,-999.0,-0.2437
1h,5.0,short only,Percent,5.0,127,33.07,0.459,-23112.26,-1.8199,37,43.24,0.518,-4534.23,-1.2255
1h,5.0,both,Percent,8.0,185,49.73,0.592,-27928.12,-1.5096,65,55.38,0.868,-1991.47,-0.3064
1h,5.0,long only,Percent,8.0,81,53.09,0.814,-4928.93,-0.6085,34,58.82,0.977,-191.5,-0.0563
1h,5.0,short only,Percent,8.0,104,47.12,0.451,-22999.18,-2.2115,31,51.61,0.728,-1799.96,-0.5806
1h,5.0,both,1R to TP,,181,48.07,0.57,-28541.73,-1.5769,67,52.24,0.75,-4143.28,-0.6184
1h,5.0,long only,1R to TP,,76,55.26,0.822,-4373.71,-0.5755,35,54.29,0.93,-586.52,-0.1676
1h,5.0,short only,1R to TP,,105,42.86,0.423,-24168.03,-2.3017,32,50.0,0.568,-3556.76,-1.1115
1h,5.0,both,ATR,1.0,384,16.15,0.687,-17252.63,-0.4493,148,13.51,0.707,-4222.54,-0.2853
1h,5.0,long only,ATR,1.0,162,20.37,0.809,-4680.86,-0.2889,74,17.57,0.862,-1086.12,-0.1468
1h,5.0,short only,ATR,1.0,222,13.06,0.59,-12571.76,-0.5663,74,9.46,0.522,-3136.42,-0.4238
1h,5.0,both,ATR,1.5,317,22.4,0.676,-19579.54,-0.6177,119,20.17,0.734,-4186.68,-0.3518
1h,5.0,long only,ATR,1.5,134,26.87,0.821,-4668.22,-0.3484,61,24.59,0.838,-1423.47,-0.2334
1h,5.0,short only,ATR,1.5,183,19.13,0.566,-14911.32,-0.8148,58,15.52,0.604,-2763.21,-0.4764
1h,5.0,both,ATR,2.0,274,27.37,0.667,-20647.79,-0.7536,105,23.81,0.676,-5535.11,-0.5272
1h,5.0,long only,ATR,2.0,118,31.36,0.808,-5203.95,-0.441,53,30.19,0.805,-1781.66,-0.3362
1h,5.0,short only,ATR,2.0,156,24.36,0.557,-15443.83,-0.99,52,17.31,0.529,-3753.45,-0.7218
1h,5.0,both,ATR,3.0,227,35.24,0.586,-28668.97,-1.263,86,32.56,0.653,-6505.26,-0.7564
1h,5.0,long only,ATR,3.0,98,40.82,0.712,-8720.53,-0.8899,45,37.78,0.755,-2553.18,-0.5674
1h,5.0,short only,ATR,3.0,129,31.01,0.49,-19948.44,-1.5464,41,26.83,0.526,-3952.07,-0.9639
1h,5.0,both,ATR,4.0,207,41.55,0.536,-34511.87,-1.6672,80,37.5,0.57,-9159.6,-1.1449
1h,5.0,long only,ATR,4.0,88,48.86,0.711,-8768.64,-0.9964,42,40.48,0.621,-4647.5,-1.1065
1h,5.0,short only,ATR,4.0,119,36.13,0.414,-25743.23,-2.1633,38,34.21,0.5,-4512.1,-1.1874
4h,0.15,both,Percent,0.625,337,11.28,0.665,-6981.53,-0.2072,359,19.22,0.734,-5146.85,-0.1449
4h,0.15,long only,Percent,0.625,158,13.29,0.961,-375.23,-0.0237,183,19.13,0.678,-3216.03,-0.1757
4h,0.15,short only,Percent,0.625,179,9.5,0.416,-6606.3,-0.3691,176,19.32,0.793,-1930.82,-0.1128
4h,0.15,both,Percent,1.5,291,23.71,0.863,-4467.86,-0.1535,300,30.67,0.723,-8210.46,-0.2765
4h,0.15,long only,Percent,1.5,133,24.81,0.864,-2000.96,-0.1504,154,33.77,0.807,-2837.98,-0.1843
4h,0.15,short only,Percent,1.5,158,22.78,0.862,-2466.9,-0.1561,146,27.4,0.641,-5372.49,-0.3737
4h,0.15,both,Percent,3.0,242,34.3,0.939,-2576.96,-0.1065,240,42.92,0.679,-11460.69,-0.481
4h,0.15,long only,Percent,3.0,112,36.61,1.011,209.37,0.0187,126,45.24,0.733,-4829.26,-0.3833
4h,0.15,short only,Percent,3.0,130,32.31,0.881,-2786.33,-0.2143,114,40.35,0.623,-6631.42,-0.589
4h,0.15,both,Percent,5.0,200,41.5,0.87,-6125.01,-0.3063,196,53.57,0.735,-9188.08,-0.473
4h,0.15,long only,Percent,5.0,92,44.57,0.958,-858.54,-0.0933,104,55.77,0.751,-4479.93,-0.4308
4h,0.15,short only,Percent,5.0,108,38.89,0.801,-5266.46,-0.4876,92,51.09,0.718,-4708.15,-0.5208
4h,0.15,both,Percent,8.0,177,48.59,0.809,-10203.16,-0.5764,167,61.68,0.739,-8457.43,-0.5019
4h,0.15,long only,Percent,8.0,80,53.75,0.943,-1205.53,-0.1507,88,64.77,0.789,-3329.64,-0.3784
4h,0.15,short only,Percent,8.0,97,44.33,0.718,-8997.62,-0.9276,79,58.23,0.691,-5127.79,-0.6395
4h,0.15,both,1R to TP,,172,41.86,0.841,-7233.91,-0.4206,190,49.47,0.926,-1989.77,-0.1008
4h,0.15,long only,1R to TP,,84,40.48,0.933,-1213.25,-0.1444,103,47.57,1.039,453.29,0.044
4h,0.15,short only,1R to TP,,88,43.18,0.78,-6020.67,-0.6842,87,51.72,0.833,-2443.06,-0.2721
4h,0.15,both,ATR,1.0,254,30.31,0.993,-262.92,-0.0104,315,29.52,0.702,-9229.91,-0.2947
4h,0.15,long only,ATR,1.0,118,32.2,1.132,2252.7,0.1909,158,34.18,0.801,-3074.43,-0.1946
4h,0.15,short only,ATR,1.0,136,28.68,0.889,-2515.62,-0.185,157,24.84,0.606,-6155.48,-0.3955
4h,0.15,both,ATR,1.5,221,36.65,0.979,-932.69,-0.0422,274,37.59,0.745,-8742.06,-0.3221
4h,0.15,long only,ATR,1.5,103,37.86,1.016,307.0,0.0298,140,40.71,0.764,-4228.72,-0.3021
4h,0.15,short only,ATR,1.5,118,35.59,0.949,-1239.69,-0.1051,134,34.33,0.725,-4513.35,-0.343
4h,0.15,both,ATR,2.0,205,41.46,0.856,-7365.32,-0.3593,240,43.33,0.718,-9832.26,-0.4132
4h,0.15,long only,ATR,2.0,94,43.62,0.923,-1697.49,-0.1806,124,46.77,0.774,-4033.8,-0.3253
4h,0.15,short only,ATR,2.0,111,39.64,0.805,-5667.82,-0.5106,116,39.66,0.661,-5798.46,-0.5071
4h,0.15,both,ATR,3.0,172,50.58,0.871,-6341.73,-0.3687,197,53.3,0.839,-4869.21,-0.2514
4h,0.15,long only,ATR,3.0,81,54.32,0.915,-1865.11,-0.2303,102,56.86,0.89,-1685.45,-0.1652
4h,0.15,short only,ATR,3.0,91,47.25,0.837,-4476.62,-0.4919,95,49.47,0.79,-3183.76,-0.3439
4h,0.15,both,ATR,4.0,165,52.73,0.716,-16115.61,-0.9767,180,57.78,0.807,-5857.64,-0.3301
4h,0.15,long only,ATR,4.0,77,57.14,0.763,-5921.7,-0.7691,92,61.96,0.93,-970.59,-0.1055
4h,0.15,short only,ATR,4.0,88,48.86,0.68,-10193.91,-1.1584,88,53.41,0.707,-4887.06,-0.5648
4h,0.5,both,Percent,0.625,322,11.49,0.669,-6864.94,-0.2132,342,18.42,0.735,-5110.95,-0.151
4h,0.5,long only,Percent,0.625,153,13.73,0.964,-342.12,-0.0224,175,17.71,0.677,-3209.64,-0.1834
4h,0.5,short only,Percent,0.625,169,9.47,0.419,-6522.82,-0.386,167,19.16,0.795,-1901.32,-0.1171
4h,0.5,both,Percent,1.5,276,24.64,0.866,-4351.26,-0.1577,283,30.39,0.723,-8174.57,-0.2918
4h,0.5,long only,Percent,1.5,128,25.78,0.866,-1967.84,-0.1537,146,32.88,0.807,-2831.59,-0.1939
4h,0.5,short only,Percent,1.5,148,23.65,0.866,-2383.42,-0.161,137,27.74,0.642,-5342.98,-0.3961
4h,0.5,both,Percent,3.0,226,35.84,0.942,-2477.07,-0.1096,223,43.5,0.679,-11424.79,-0.5161
4h,0.5,long only,Percent,3.0,106,37.74,1.012,225.77,0.0213,118,44.92,0.733,-4822.87,-0.4087
4h,0.5,short only,Percent,3.0,120,34.17,0.884,-2702.85,-0.2252,105,41.9,0.623,-6601.92,-0.6367
4h,0.5,both,Percent,5.0,184,44.02,0.871,-6025.11,-0.3275,180,55.0,0.735,-9164.23,-0.5138
4h,0.5,long only,Percent,5.0,86,46.51,0.959,-842.13,-0.0979,97,55.67,0.75,-4485.59,-0.4624
4h,0.5,short only,Percent,5.0,98,41.84,0.803,-5182.98,-0.5289,83,54.22,0.718,-4678.64,-0.5737
4h,0.5,both,Percent,8.0,161,52.17,0.81,-10103.26,-0.6275,152,63.82,0.739,-8445.73,-0.5507
4h,0.5,long only,Percent,8.0,74,56.76,0.944,-1189.12,-0.1607,82,64.63,0.787,-3347.45,-0.4082
4h,0.5,short only,Percent,8.0,87,48.28,0.72,-8914.14,-1.0246,70,62.86,0.692,-5098.28,-0.7176
4h,0.5,both,1R to TP,,156,45.51,0.844,-7030.27,-0.4507,174,50.57,0.927,-1952.44,-0.1079
4h,0.5,long only,1R to TP,,78,43.59,0.939,-1100.12,-0.141,96,46.88,1.039,447.53,0.0466
4h,0.5,short only,1R to TP,,78,47.44,0.782,-5930.16,-0.7603,78,55.13,0.835,-2399.97,-0.298
4h,0.5,both,ATR,1.0,239,31.8,0.996,-146.33,-0.0061,298,29.19,0.703,-9194.02,-0.3104
4h,0.5,long only,ATR,1.0,113,33.63,1.134,2285.81,0.2023,150,33.33,0.801,-3068.04,-0.2045
4h,0.5,short only,ATR,1.0,126,30.16,0.892,-2432.14,-0.193,148,25.0,0.606,-6125.98,-0.4176
4h,0.5,both,ATR,1.5,206,38.83,0.981,-816.09,-0.0396,257,37.74,0.745,-8706.17,-0.342
4h,0.5,long only,ATR,1.5,98,39.8,1.017,340.12,0.0347,132,40.15,0.764,-4222.33,-0.3199
4h,0.5,short only,ATR,1.5,108,37.96,0.953,-1156.21,-0.1071,125,35.2,0.726,-4483.84,-0.3654
4h,0.5,both,ATR,2.0,190,44.21,0.858,-7248.72,-0.3815,223,43.95,0.718,-9796.36,-0.443
4h,0.5,long only,ATR,2.0,89,46.07,0.924,-1664.38,-0.187,116,46.55,0.774,-4027.41,-0.3472
4h,0.5,short only,ATR,2.0,101,42.57,0.808,-5584.34,-0.5529,107,41.12,0.662,-5768.95,-0.5469
4h,0.5,both,ATR,3.0,156,54.49,0.873,-6241.84,-0.4001,181,54.7,0.84,-4845.47,-0.2723
4h,0.5,long only,ATR,3.0,75,57.33,0.915,-1848.7,-0.2465,95,56.84,0.889,-1691.21,-0.178
4h,0.5,short only,ATR,3.0,81,51.85,0.839,-4393.14,-0.5424,86,52.33,0.791,-3154.26,-0.3765
4h,0.5,both,ATR,4.0,149,57.05,0.717,-16015.71,-1.0749,165,59.39,0.807,-5845.95,-0.3594
4h,0.5,long only,ATR,4.0,71,60.56,0.763,-5905.29,-0.8317,86,61.63,0.928,-988.4,-0.1149
4h,0.5,short only,ATR,4.0,78,53.85,0.682,-10110.42,-1.2962,79,56.96,0.708,-4857.55,-0.6254
4h,1.0,both,Percent,0.625,302,10.6,0.682,-6377.86,-0.2112,318,16.35,0.727,-5117.09,-0.1626
4h,1.0,long only,Percent,0.625,143,13.29,1.001,8.32,0.0006,158,15.19,0.673,-3117.56,-0.1973
4h,1.0,short only,Percent,0.625,159,8.18,0.417,-6386.19,-0.4016,160,17.5,0.783,-1999.53,-0.1284
4h,1.0,both,Percent,1.5,259,22.39,0.866,-4294.34,-0.1658,261,28.35,0.721,-8035.6,-0.3111
4h,1.0,long only,Percent,1.5,120,23.33,0.869,-1900.33,-0.1584,131,30.53,0.81,-2681.95,-0.2047
4h,1.0,short only,Percent,1.5,139,21.58,0.863,-2394.01,-0.1722,130,26.15,0.637,-5353.65,-0.4182
4h,1.0,both,Percent,3.0,211,33.65,0.935,-2751.61,-0.1304,201,42.29,0.688,-10685.97,-0.5358
4h,1.0,long only,Percent,3.0,99,35.35,1.007,127.5,0.0129,103,43.69,0.753,-4223.46,-0.41
4h,1.0,short only,Percent,3.0,112,32.14,0.876,-2879.11,-0.2571,98,40.82,0.624,-6462.51,-0.6679
4h,1.0,both,Percent,5.0,169,42.01,0.865,-6299.65,-0.3728,158,55.06,0.74,-8681.56,-0.5547
4h,1.0,long only,Percent,5.0,79,44.3,0.954,-940.41,-0.119,82,56.1,0.772,-3841.26,-0.4684
4h,1.0,short only,Percent,5.0,90,40.0,0.796,-5359.24,-0.5955,76,53.95,0.708,-4840.3,-0.6478
4h,1.0,both,Percent,8.0,146,50.68,0.805,-10377.8,-0.7108,131,65.65,0.748,-7892.81,-0.5967
4h,1.0,long only,Percent,8.0,67,55.22,0.939,-1287.39,-0.1921,68,67.65,0.822,-2632.87,-0.3872
4h,1.0,short only,Percent,8.0,79,46.84,0.714,-9090.4,-1.1507,63,63.49,0.681,-5259.94,-0.8229
4h,1.0,both,1R to TP,,137,48.91,0.852,-6607.16,-0.4823,151,52.32,0.928,-1883.31,-0.1197
4h,1.0,long only,1R to TP,,69,47.83,0.955,-796.43,-0.1154,80,50.0,1.059,653.12,0.0816
4h,1.0,short only,1R to TP,,68,50.0,0.785,-5810.72,-0.8545,71,54.93,0.825,-2536.43,-0.3466
4h,1.0,both,ATR,1.0,217,31.8,1.011,437.52,0.0202,276,27.17,0.696,-9244.01,-0.3369
4h,1.0,long only,ATR,1.0,101,34.65,1.168,2775.43,0.2748,135,31.11,0.792,-3140.49,-0.2326
4h,1.0,short only,ATR,1.0,116,29.31,0.895,-2337.91,-0.2015,141,23.4,0.602,-6103.52,-0.4367
4h,1.0,both,ATR,1.5,186,38.71,0.992,-335.36,-0.018,235,36.17,0.745,-8550.71,-0.3674
4h,1.0,long only,ATR,1.5,88,39.77,1.033,639.52,0.0727,117,38.46,0.76,-4180.93,-0.3573
4h,1.0,short only,ATR,1.5,98,37.76,0.959,-974.89,-0.0995,118,33.9,0.728,-4369.78,-0.3774
4h,1.0,both,ATR,2.0,174,42.53,0.857,-7250.14,-0.4167,201,42.79,0.721,-9435.46,-0.4736
4h,1.0,long only,ATR,2.0,81,44.44,0.93,-1515.79,-0.1871,101,45.54,0.776,-3872.18,-0.3834
4h,1.0,short only,ATR,2.0,93,40.86,0.802,-5734.35,-0.6166,100,40.0,0.666,-5563.29,-0.5647
4h,1.0,both,ATR,3.0,141,53.19,0.868,-6477.0,-0.4594,159,54.72,0.843,-4624.21,-0.2961
4h,1.0,long only,ATR,3.0,68,55.88,0.911,-1946.97,-0.2863,80,57.5,0.91,-1308.29,-0.1635
4h,1.0,short only,ATR,3.0,73,50.68,0.834,-4530.03,-0.6206,79,51.9,0.78,-3315.92,-0.4303
4h,1.0,both,ATR,4.0,134,55.97,0.713,-16237.75,-1.2118,143,60.14,0.803,-5834.57,-0.4138
4h,1.0,long only,ATR,4.0,64,59.38,0.759,-6003.56,-0.9381,71,63.38,0.938,-815.37,-0.1148
4h,1.0,short only,ATR,4.0,70,52.86,0.677,-10234.19,-1.462,72,56.94,0.698,-5019.21,-0.7087
4h,2.0,both,Percent,0.625,283,9.54,0.697,-5792.07,-0.2047,267,13.48,0.745,-4206.07,-0.1596
4h,2.0,long only,Percent,0.625,127,11.02,1.043,363.95,0.0287,129,13.18,0.733,-2164.05,-0.1678
4h,2.0,short only,Percent,0.625,156,8.33,0.426,-6156.02,-0.3946,138,13.77,0.757,-2042.02,-0.1519
4h,2.0,both,Percent,1.5,246,20.73,0.871,-4047.45,-0.1645,219,24.66,0.73,-7036.62,-0.3251
4h,2.0,long only,Percent,1.5,109,20.18,0.87,-1812.19,-0.1663,110,26.36,0.813,-2434.72,-0.2213
4h,2.0,short only,Percent,1.5,137,21.17,0.871,-2235.26,-0.1632,109,22.94,0.649,-4601.91,-0.4298
4h,2.0,both,Percent,3.0,199,32.16,0.947,-2198.72,-0.1105,166,39.16,0.71,-8933.61,-0.5432
4h,2.0,long only,Percent,3.0,89,32.58,1.02,371.55,0.0417,86,40.7,0.762,-3768.13,-0.4382
4h,2.0,short only,Percent,3.0,110,31.82,0.888,-2570.27,-0.2337,80,37.5,0.655,-5165.47,-0.6561
4h,2.0,both,Percent,5.0,158,41.14,0.878,-5581.62,-0.3533,126,53.17,0.794,-6031.83,-0.4853
4h,2.0,long only,Percent,5.0,70,42.86,0.963,-731.31,-0.1045,66,54.55,0.813,-2868.19,-0.4346
4h,2.0,short only,Percent,5.0,88,39.77,0.812,-4850.31,-0.5512,60,51.67,0.773,-3163.64,-0.5412
4h,2.0,both,Percent,8.0,136,50.0,0.813,-9773.21,-0.7186,99,67.68,0.885,-2865.22,-0.2818
4h,2.0,long only,Percent,8.0,59,54.24,0.929,-1491.89,-0.2529,53,69.81,0.896,-1344.43,-0.2537
4h,2.0,short only,Percent,8.0,77,46.75,0.733,-8281.32,-1.0755,46,65.22,0.873,-1520.78,-0.3142
4h,2.0,both,1R to TP,,124,49.19,0.853,-6483.85,-0.5229,108,56.48,0.956,-1059.65,-0.0911
4h,2.0,long only,1R to TP,,58,46.55,0.95,-862.27,-0.1487,58,53.45,1.098,970.55,0.1673
4h,2.0,short only,1R to TP,,66,51.52,0.79,-5621.58,-0.8518,50,60.0,0.846,-2030.2,-0.391
4h,2.0,both,ATR,1.0,202,30.69,1.017,645.28,0.0319,231,24.24,0.704,-8184.07,-0.3567
4h,2.0,long only,ATR,1.0,88,32.95,1.182,2893.72,0.3288,111,28.83,0.816,-2520.79,-0.2271
4h,2.0,short only,ATR,1.0,114,28.95,0.899,-2248.45,-0.1972,120,20.0,0.596,-5663.29,-0.4765
4h,2.0,both,ATR,1.5,173,37.57,0.997,-121.8,-0.007,196,32.65,0.753,-7596.28,-0.3918
4h,2.0,long only,ATR,1.5,77,37.66,1.039,723.23,0.0939,98,34.69,0.755,-4021.83,-0.4104
4h,2.0,short only,ATR,1.5,96,37.5,0.965,-845.03,-0.088,98,30.61,0.75,-3574.45,-0.3732
4h,2.0,both,ATR,2.0,162,41.36,0.86,-6971.72,-0.4304,165,39.39,0.73,-8369.98,-0.5123
4h,2.0,long only,ATR,2.0,71,42.25,0.933,-1407.61,-0.1983,83,42.17,0.777,-3592.51,-0.4328
4h,2.0,short only,ATR,2.0,91,40.66,0.807,-5564.11,-0.6114,82,36.59,0.681,-4777.47,-0.5928
4h,2.0,both,ATR,3.0,130,52.31,0.877,-5889.33,-0.453,127,52.76,0.882,-3087.47,-0.2497
4h,2.0,long only,ATR,3.0,59,54.24,0.924,-1610.32,-0.2729,64,56.25,0.953,-622.39,-0.0972
4h,2.0,short only,ATR,3.0,71,50.7,0.841,-4279.01,-0.6027,63,49.21,0.814,-2465.08,-0.4045
4h,2.0,both,ATR,4.0,123,55.28,0.714,-15963.57,-1.2979,111,59.46,0.869,-3335.34,-0.308
4h,2.0,long only,ATR,4.0,55,58.18,0.753,-6061.18,-1.102,55,63.64,1.024,274.56,0.0499
4h,2.0,short only,ATR,4.0,68,52.94,0.684,-9902.39,-1.4562,56,55.36,0.747,-3609.9,-0.6595
4h,3.0,both,Percent,0.625,259,9.27,0.726,-4809.41,-0.1857,240,10.42,0.665,-5184.37,-0.2183
4h,3.0,long only,Percent,0.625,114,11.4,1.141,1058.79,0.0929,110,10.0,0.674,-2358.62,-0.2144
4h,3.0,short only,Percent,0.625,145,7.59,0.416,-5868.2,-0.4047,130,10.77,0.657,-2825.75,-0.2216
4h,3.0,both,Percent,1.5,227,20.26,0.907,-2718.38,-0.1198,198,22.22,0.707,-7101.88,-0.3629
4h,3.0,long only,Percent,1.5,98,20.41,0.942,-732.06,-0.0747,95,24.21,0.828,-1988.86,-0.2094
4h,3.0,short only,Percent,1.5,129,20.16,0.88,-1986.31,-0.154,103,20.39,0.601,-5113.02,-0.5045
4h,3.0,both,Percent,3.0,181,33.15,1.038,1418.35,0.0784,149,35.57,0.687,-9152.71,-0.6199
4h,3.0,long only,Percent,3.0,79,35.44,1.191,2989.31,0.3784,74,36.49,0.76,-3496.49,-0.4725
4h,3.0,short only,Percent,3.0,102,31.37,0.927,-1570.96,-0.154,75,34.67,0.615,-5656.23,-0.7653
4h,3.0,both,Percent,5.0,148,41.89,0.938,-2631.93,-0.1778,112,50.89,0.796,-5554.95,-0.5034
4h,3.0,long only,Percent,5.0,64,45.31,1.104,1804.35,0.2819,57,52.63,0.848,-2100.66,-0.3685
4h,3.0,short only,Percent,5.0,84,39.29,0.821,-4436.28,-0.5281,55,49.09,0.744,-3454.29,-0.6432
4h,3.0,both,Percent,8.0,127,49.61,0.848,-7435.59,-0.5855,88,64.77,0.874,-3048.02,-0.3378
4h,3.0,long only,Percent,8.0,54,53.7,0.991,-168.6,-0.0312,46,67.39,0.92,-974.99,-0.212
4h,3.0,short only,Percent,8.0,73,46.58,0.753,-7266.99,-0.9955,42,61.9,0.825,-2073.03,-0.4756
4h,3.0,both,1R to TP,,108,53.7,0.901,-4068.37,-0.3767,91,57.14,0.955,-1006.27,-0.1023
4h,3.0,long only,1R to TP,,48,54.17,1.062,947.09,0.1973,46,56.52,1.189,1594.51,0.3466
4h,3.0,short only,1R to TP,,60,53.33,0.805,-5015.46,-0.8359,45,57.78,0.797,-2600.78,-0.5612
4h,3.0,both,ATR,1.0,184,31.52,1.075,2646.07,0.1438,207,21.26,0.665,-8772.26,-0.4264
4h,3.0,long only,ATR,1.0,78,34.62,1.311,4384.21,0.5621,95,26.32,0.804,-2446.0,-0.2575
4h,3.0,short only,ATR,1.0,106,29.25,0.918,-1738.14,-0.164,112,16.96,0.538,-6326.26,-0.5697
4h,3.0,both,ATR,1.5,157,38.22,1.064,2477.1,0.1578,176,30.11,0.732,-7804.66,-0.4482
4h,3.0,long only,ATR,1.5,68,39.71,1.175,2833.74,0.4167,83,32.53,0.76,-3564.85,-0.4295
4h,3.0,short only,ATR,1.5,89,37.08,0.984,-356.64,-0.0401,93,27.96,0.702,-4239.81,-0.4649
4h,3.0,both,ATR,2.0,147,42.18,0.919,-3684.35,-0.2506,147,37.41,0.722,-8094.56,-0.5563
4h,3.0,long only,ATR,2.0,63,44.44,1.058,1057.96,0.1679,70,41.43,0.812,-2693.59,-0.3848
4h,3.0,short only,ATR,2.0,84,40.48,0.827,-4742.3,-0.5646,77,33.77,0.635,-5400.97,-0.7123
4h,3.0,both,ATR,3.0,119,52.94,0.933,-2959.54,-0.2487,112,50.89,0.872,-3171.55,-0.2906
4h,3.0,long only,ATR,3.0,52,55.77,1.046,834.19,0.1604,54,55.56,0.986,-166.66,-0.0309
4h,3.0,short only,ATR,3.0,67,50.75,0.853,-3793.73,-0.5662,58,46.55,0.77,-3004.89,-0.5325
4h,3.0,both,ATR,4.0,113,55.75,0.759,-12342.74,-1.0923,97,57.73,0.855,-3493.74,-0.3688
4h,3.0,long only,ATR,4.0,49,59.18,0.846,-3282.88,-0.67,46,63.04,1.055,572.27,0.1244
4h,3.0,short only,ATR,4.0,64,53.12,0.697,-9059.86,-1.4156,51,52.94,0.708,-4066.01,-0.8136
4h,5.0,both,Percent,0.625,216,7.41,0.739,-3938.27,-0.1823,171,6.43,0.535,-5377.19,-0.3176
4h,5.0,long only,Percent,0.625,97,9.28,1.15,989.55,0.102,77,6.49,0.547,-2384.1,-0.3096
4h,5.0,short only,Percent,0.625,119,5.88,0.421,-4927.82,-0.4141,94,6.38,0.525,-2993.09,-0.3242
4h,5.0,both,Percent,1.5,191,16.75,0.888,-2915.79,-0.1527,140,13.57,0.517,-9295.5,-0.6699
4h,5.0,long only,Percent,1.5,85,16.47,0.879,-1392.98,-0.1639,64,15.62,0.617,-3322.11,-0.5191
4h,5.0,short only,Percent,1.5,106,16.98,0.894,-1522.81,-0.1437,76,11.84,0.437,-5973.39,-0.7969
4h,5.0,both,Percent,3.0,151,29.14,1.029,983.72,0.0651,104,24.04,0.491,-12390.61,-1.1994
4h,5.0,long only,Percent,3.0,66,31.82,1.189,2647.89,0.4012,50,28.0,0.615,-4299.54,-0.8599
4h,5.0,short only,Percent,3.0,85,27.06,0.915,-1664.18,-0.1958,54,20.37,0.388,-8091.07,-1.5138
4h,5.0,both,Percent,5.0,120,38.33,0.956,-1643.64,-0.137,75,38.67,0.602,-9270.1,-1.2471
4h,5.0,long only,Percent,5.0,51,43.14,1.168,2489.04,0.488,39,41.03,0.649,-4122.05,-1.0569
4h,5.0,short only,Percent,5.0,69,34.78,0.818,-4132.68,-0.5989,36,36.11,0.555,-5148.05,-1.4532
4h,5.0,both,Percent,8.0,101,46.53,0.877,-5314.26,-0.5262,58,53.45,0.646,-7540.86,-1.2872
4h,5.0,long only,Percent,8.0,42,52.38,1.078,1261.8,0.3004,30,56.67,0.712,-3034.67,-1.0116
4h,5.0,short only,Percent,8.0,59,42.37,0.756,-6576.06,-1.1146,28,50.0,0.581,-4506.19,-1.5824
4h,5.0,both,1R to TP,,82,52.44,0.88,-4541.67,-0.5539,55,50.91,0.74,-4498.84,-0.8043
4h,5.0,long only,1R to TP,,36,52.78,1.042,578.0,0.1606,26,53.85,1.066,377.31,0.1451
4h,5.0,short only,1R to TP,,46,52.17,0.788,-5119.66,-1.113,29,48.28,0.575,-4876.15,-1.6554
4h,5.0,both,ATR,1.0,149,29.53,1.094,2968.34,0.1992,145,14.48,0.502,-10565.52,-0.7324
4h,5.0,long only,ATR,1.0,65,32.31,1.298,3857.35,0.5934,64,18.75,0.586,-4131.56,-0.6456
4h,5.0,short only,ATR,1.0,84,27.38,0.953,-889.01,-0.1058,81,11.11,0.428,-6433.96,-0.8011
4h,5.0,both,ATR,1.5,126,35.71,1.076,2658.75,0.211,119,21.01,0.558,-10535.06,-0.8923
4h,5.0,long only,ATR,1.5,55,38.18,1.194,2823.68,0.5134,53,24.53,0.59,-4797.18,-0.9051
4h,5.0,short only,ATR,1.5,71,33.8,0.992,-164.93,-0.0232,66,18.18,0.528,-5737.88,-0.882
4h,5.0,both,ATR,2.0,116,40.52,0.944,-2294.06,-0.1978,97,25.77,0.508,-12054.49,-1.2513
4h,5.0,long only,ATR,2.0,50,44.0,1.097,1564.7,0.3129,43,32.56,0.618,-4333.63,-1.0078
4h,5.0,short only,ATR,2.0,66,37.88,0.843,-3858.76,-0.5847,54,20.37,0.413,-7720.87,-1.4452
4h,5.0,both,ATR,3.0,93,50.54,0.93,-2827.38,-0.304,73,36.99,0.606,-8848.77,-1.2236
4h,5.0,long only,ATR,3.0,39,56.41,1.122,1864.58,0.4781,34,44.12,0.724,-2807.98,-0.8259
4h,5.0,short only,ATR,3.0,54,46.3,0.812,-4691.96,-0.8689,39,30.77,0.51,-6040.79,-1.5703
4h,5.0,both,ATR,4.0,87,54.02,0.762,-10988.28,-1.263,62,43.55,0.586,-9136.3,-1.487
4h,5.0,long only,ATR,4.0,36,61.11,0.925,-1304.34,-0.3623,28,50.0,0.756,-2166.53,-0.7738
4h,5.0,short only,ATR,4.0,51,49.02,0.663,-9683.94,-1.8988,34,38.24,0.473,-6969.77,-2.0744
1d,0.15,both,Percent,0.625,43,9.3,3.521,6665.69,1.5502,57,3.51,0.162,-3307.91,-0.5803
1d,0.15,long only,Percent,0.625,17,23.53,12.027,8535.4,5.0208,32,3.12,0.068,-2049.73,-0.6405
1d,0.15,short only,Percent,0.625,26,0.0,0.0,-1869.71,-0.7191,25,4.0,0.281,-1258.18,-0.5033
1d,0.15,both,Percent,1.5,41,12.2,2.277,6557.49,1.5994,56,14.29,0.636,-2747.93,-0.4907
1d,0.15,long only,Percent,1.5,17,23.53,5.647,7660.84,4.5064,32,15.62,0.748,-1052.43,-0.3289
1d,0.15,short only,Percent,1.5,24,4.17,0.683,-1103.35,-0.4597,24,12.5,0.497,-1695.5,-0.7065
1d,0.15,both,Percent,3.0,40,15.0,1.384,3521.84,0.8805,46,26.09,0.848,-1562.11,-0.3396
1d,0.15,long only,Percent,3.0,17,23.53,2.957,6161.59,3.6245,27,22.22,0.619,-2365.8,-0.8762
1d,0.15,short only,Percent,3.0,23,8.7,0.561,-2639.75,-1.1477,19,31.58,1.199,803.68,0.423
1d,0.15,both,Percent,5.0,35,20.0,1.304,3609.93,1.0314,40,32.5,0.678,-4274.07,-1.0685
1d,0.15,long only,Percent,5.0,16,25.0,1.991,4591.35,2.8696,22,27.27,0.455,-4176.95,-1.8986
1d,0.15,short only,Percent,5.0,19,15.79,0.864,-981.42,-0.5165,18,38.89,0.983,-97.12,-0.054
1d,0.15,both,Percent,8.0,31,25.81,1.154,2263.45,0.7301,33,39.39,0.581,-6449.63,-1.9544
1d,0.15,long only,Percent,8.0,14,28.57,1.543,3098.3,2.2131,19,31.58,0.354,-6284.5,-3.3076
1d,0.15,short only,Percent,8.0,17,23.53,0.907,-834.85,-0.4911,14,50.0,0.971,-165.13,-0.1179
1d,0.15,both,1R to TP,,24,37.5,0.863,-2971.46,-1.2381,22,45.45,0.537,-5165.46,-2.3479
1d,0.15,long only,1R to TP,,10,40.0,1.435,2298.83,2.2988,12,33.33,0.203,-5724.44,-4.7704
1d,0.15,short only,1R to TP,,14,35.71,0.678,-5270.29,-3.7645,10,60.0,1.141,558.98,0.559
1d,0.15,both,ATR,1.0,33,21.21,1.208,2800.51,0.8486,45,26.67,0.658,-4517.34,-1.0039
1d,0.15,long only,ATR,1.0,15,26.67,2.405,5142.51,3.4283,26,23.08,0.46,-4521.43,-1.739
1d,0.15,short only,ATR,1.0,18,16.67,0.762,-2342.0,-1.3011,19,31.58,1.001,4.1,0.0022
1d,0.15,both,ATR,1.5,32,28.12,1.19,3368.07,1.0525,39,33.33,0.585,-6447.65,-1.6532
1d,0.15,long only,ATR,1.5,15,26.67,1.621,3372.51,2.2483,22,27.27,0.361,-6310.66,-2.8685
1d,0.15,short only,ATR,1.5,17,29.41,1.0,-4.44,-0.0026,17,41.18,0.976,-136.99,-0.0806
1d,0.15,both,ATR,2.0,29,31.03,1.068,1336.17,0.4607,31,41.94,0.594,-6132.6,-1.9783
1d,0.15,long only,ATR,2.0,13,30.77,1.636,3422.96,2.633,18,33.33,0.34,-6701.01,-3.7228
1d,0.15,short only,ATR,2.0,16,31.25,0.855,-2086.8,-1.3042,13,53.85,1.115,568.41,0.4372
1d,0.15,both,ATR,3.0,24,37.5,1.029,527.45,0.2198,26,50.0,0.565,-6691.87,-2.5738
1d,0.15,long only,ATR,3.0,11,36.36,1.33,1879.14,1.7083,14,42.86,0.356,-6244.58,-4.4604
1d,0.15,short only,ATR,3.0,13,38.46,0.892,-1351.69,-1.0398,12,58.33,0.921,-447.29,-0.3727
1d,0.15,both,ATR,4.0,23,39.13,0.829,-3867.95,-1.6817,22,59.09,0.581,-5756.45,-2.6166
1d,0.15,long only,ATR,4.0,10,40.0,1.267,1596.02,1.596,12,50.0,0.362,-6086.05,-5.0717
1d,0.15,short only,ATR,4.0,13,38.46,0.671,-5463.97,-4.2031,10,70.0,1.078,329.6,0.3296
1d,0.5,both,Percent,0.625,41,9.76,3.531,6673.13,1.6276,57,3.51,0.162,-3307.91,-0.5803
1d,0.5,long only,Percent,0.625,15,26.67,12.144,8542.84,5.6952,32,3.12,0.068,-2049.73,-0.6405
1d,0.5,short only,Percent,0.625,26,0.0,0.0,-1869.71,-0.7191,25,4.0,0.281,-1258.18,-0.5033
1d,0.5,both,Percent,1.5,39,12.82,2.281,6564.93,1.6833,56,14.29,0.636,-2747.93,-0.4907
1d,0.5,long only,Percent,1.5,15,26.67,5.673,7668.28,5.1122,32,15.62,0.748,-1052.43,-0.3289
1d,0.5,short only,Percent,1.5,24,4.17,0.683,-1103.35,-0.4597,24,12.5,0.497,-1695.5,-0.7065
1d,0.5,both,Percent,3.0,38,15.79,1.386,3529.28,0.9288,46,26.09,0.848,-1562.11,-0.3396
1d,0.5,long only,Percent,3.0,15,26.67,2.964,6169.03,4.1127,27,22.22,0.619,-2365.8,-0.8762
1d,0.5,short only,Percent,3.0,23,8.7,0.561,-2639.75,-1.1477,19,31.58,1.199,803.68,0.423
1d,0.5,both,Percent,5.0,33,21.21,1.305,3617.37,1.0962,40,32.5,0.678,-4274.07,-1.0685
1d,0.5,long only,Percent,5.0,14,28.57,1.995,4598.79,3.2849,22,27.27,0.455,-4176.95,-1.8986
1d,0.5,short only,Percent,5.0,19,15.79,0.864,-981.42,-0.5165,18,38.89,0.983,-97.12,-0.054
1d,0.5,both,Percent,8.0,29,27.59,1.154,2270.89,0.7831,33,39.39,0.581,-6449.63,-1.9544
1d,0.5,long only,Percent,8.0,12,33.33,1.545,3105.74,2.5881,19,31.58,0.354,-6284.5,-3.3076
1d,0.5,short only,Percent,8.0,17,23.53,0.907,-834.85,-0.4911,14,50.0,0.971,-165.13,-0.1179
1d,0.5,both,1R to TP,,22,40.91,0.863,-2964.02,-1.3473,22,45.45,0.537,-5165.46,-2.3479
1d,0.5,long only,1R to TP,,8,50.0,1.437,2306.27,2.8828,12,33.33,0.203,-5724.44,-4.7704
1d,0.5,short only,1R to TP,,14,35.71,0.678,-5270.29,-3.7645,10,60.0,1.141,558.98,0.559
1d,0.5,both,ATR,1.0,31,22.58,1.208,2807.95,0.9058,45,26.67,0.658,-4517.34,-1.0039
1d,0.5,long only,ATR,1.0,13,30.77,2.41,5149.95,3.9615,26,23.08,0.46,-4521.43,-1.739
1d,0.5,short only,ATR,1.0,18,16.67,0.762,-2342.0,-1.3011,19,31.58,1.001,4.1,0.0022
1d,0.5,both,ATR,1.5,30,30.0,1.19,3375.51,1.1252,39,33.33,0.585,-6447.65,-1.6532
1d,0.5,long only,ATR,1.5,13,30.77,1.623,3379.95,2.6,22,27.27,0.361,-6310.66,-2.8685
1d,0.5,short only,ATR,1.5,17,29.41,1.0,-4.44,-0.0026,17,41.18,0.976,-136.99,-0.0806
1d,0.5,both,ATR,2.0,27,33.33,1.068,1343.61,0.4976,31,41.94,0.594,-6132.6,-1.9783
1d,0.5,long only,ATR,2.0,11,36.36,1.638,3430.4,3.1185,18,33.33,0.34,-6701.01,-3.7228
1d,0.5,short only,ATR,2.0,16,31.25,0.855,-2086.8,-1.3042,13,53.85,1.115,568.41,0.4372
1d,0.5,both,ATR,3.0,22,40.91,1.029,534.89,0.2431,26,50.0,0.565,-6691.87,-2.5738
1d,0.5,long only,ATR,3.0,9,44.44,1.331,1886.58,2.0962,14,42.86,0.356,-6244.58,-4.4604
1d,0.5,short only,ATR,3.0,13,38.46,0.892,-1351.69,-1.0398,12,58.33,0.921,-447.29,-0.3727
1d,0.5,both,ATR,4.0,21,42.86,0.829,-3860.52,-1.8383,22,59.09,0.581,-5756.45,-2.6166
1d,0.5,long only,ATR,4.0,8,50.0,1.268,1603.45,2.0043,12,50.0,0.362,-6086.05,-5.0717
1d,0.5,short only,ATR,4.0,13,38.46,0.671,-5463.97,-4.2031,10,70.0,1.078,329.6,0.3296
1d,1.0,both,Percent,0.625,41,9.76,3.531,6673.13,1.6276,57,3.51,0.162,-3307.91,-0.5803
1d,1.0,long only,Percent,0.625,15,26.67,12.144,8542.84,5.6952,32,3.12,0.068,-2049.73,-0.6405
1d,1.0,short only,Percent,0.625,26,0.0,0.0,-1869.71,-0.7191,25,4.0,0.281,-1258.18,-0.5033
1d,1.0,both,Percent,1.5,39,12.82,2.281,6564.93,1.6833,56,14.29,0.636,-2747.93,-0.4907
1d,1.0,long only,Percent,1.5,15,26.67,5.673,7668.28,5.1122,32,15.62,0.748,-1052.43,-0.3289
1d,1.0,short only,Percent,1.5,24,4.17,0.683,-1103.35,-0.4597,24,12.5,0.497,-1695.5,-0.7065
1d,1.0,both,Percent,3.0,38,15.79,1.386,3529.28,0.9288,46,26.09,0.848,-1562.11,-0.3396
1d,1.0,long only,Percent,3.0,15,26.67,2.964,6169.03,4.1127,27,22.22,0.619,-2365.8,-0.8762
1d,1.0,short only,Percent,3.0,23,8.7,0.561,-2639.75,-1.1477,19,31.58,1.199,803.68,0.423
1d,1.0,both,Percent,5.0,33,21.21,1.305,3617.37,1.0962,40,32.5,0.678,-4274.07,-1.0685
1d,1.0,long only,Percent,5.0,14,28.57,1.995,4598.79,3.2849,22,27.27,0.455,-4176.95,-1.8986
1d,1.0,short only,Percent,5.0,19,15.79,0.864,-981.42,-0.5165,18,38.89,0.983,-97.12,-0.054
1d,1.0,both,Percent,8.0,29,27.59,1.154,2270.89,0.7831,33,39.39,0.581,-6449.63,-1.9544
1d,1.0,long only,Percent,8.0,12,33.33,1.545,3105.74,2.5881,19,31.58,0.354,-6284.5,-3.3076
1d,1.0,short only,Percent,8.0,17,23.53,0.907,-834.85,-0.4911,14,50.0,0.971,-165.13,-0.1179
1d,1.0,both,1R to TP,,22,40.91,0.863,-2964.02,-1.3473,22,45.45,0.537,-5165.46,-2.3479
1d,1.0,long only,1R to TP,,8,50.0,1.437,2306.27,2.8828,12,33.33,0.203,-5724.44,-4.7704
1d,1.0,short only,1R to TP,,14,35.71,0.678,-5270.29,-3.7645,10,60.0,1.141,558.98,0.559
1d,1.0,both,ATR,1.0,31,22.58,1.208,2807.95,0.9058,45,26.67,0.658,-4517.34,-1.0039
1d,1.0,long only,ATR,1.0,13,30.77,2.41,5149.95,3.9615,26,23.08,0.46,-4521.43,-1.739
1d,1.0,short only,ATR,1.0,18,16.67,0.762,-2342.0,-1.3011,19,31.58,1.001,4.1,0.0022
1d,1.0,both,ATR,1.5,30,30.0,1.19,3375.51,1.1252,39,33.33,0.585,-6447.65,-1.6532
1d,1.0,long only,ATR,1.5,13,30.77,1.623,3379.95,2.6,22,27.27,0.361,-6310.66,-2.8685
1d,1.0,short only,ATR,1.5,17,29.41,1.0,-4.44,-0.0026,17,41.18,0.976,-136.99,-0.0806
1d,1.0,both,ATR,2.0,27,33.33,1.068,1343.61,0.4976,31,41.94,0.594,-6132.6,-1.9783
1d,1.0,long only,ATR,2.0,11,36.36,1.638,3430.4,3.1185,18,33.33,0.34,-6701.01,-3.7228
1d,1.0,short only,ATR,2.0,16,31.25,0.855,-2086.8,-1.3042,13,53.85,1.115,568.41,0.4372
1d,1.0,both,ATR,3.0,22,40.91,1.029,534.89,0.2431,26,50.0,0.565,-6691.87,-2.5738
1d,1.0,long only,ATR,3.0,9,44.44,1.331,1886.58,2.0962,14,42.86,0.356,-6244.58,-4.4604
1d,1.0,short only,ATR,3.0,13,38.46,0.892,-1351.69,-1.0398,12,58.33,0.921,-447.29,-0.3727
1d,1.0,both,ATR,4.0,21,42.86,0.829,-3860.52,-1.8383,22,59.09,0.581,-5756.45,-2.6166
1d,1.0,long only,ATR,4.0,8,50.0,1.268,1603.45,2.0043,12,50.0,0.362,-6086.05,-5.0717
1d,1.0,short only,ATR,4.0,13,38.46,0.671,-5463.97,-4.2031,10,70.0,1.078,329.6,0.3296
1d,2.0,both,Percent,0.625,39,10.26,3.548,6685.42,1.7142,57,3.51,0.162,-3307.91,-0.5803
1d,2.0,long only,Percent,0.625,14,28.57,12.296,8552.32,6.1088,32,3.12,0.068,-2049.73,-0.6405
1d,2.0,short only,Percent,0.625,25,0.0,0.0,-1866.9,-0.7468,25,4.0,0.281,-1258.18,-0.5033
1d,2.0,both,Percent,1.5,37,13.51,2.286,6577.21,1.7776,56,14.29,0.636,-2747.93,-0.4907
1d,2.0,long only,Percent,1.5,14,28.57,5.705,7677.76,5.4841,32,15.62,0.748,-1052.43,-0.3289
1d,2.0,short only,Percent,1.5,23,4.35,0.684,-1100.54,-0.4785,24,12.5,0.497,-1695.5,-0.7065
1d,2.0,both,Percent,3.0,36,16.67,1.387,3541.57,0.9838,46,26.09,0.848,-1562.11,-0.3396
1d,2.0,long only,Percent,3.0,14,28.57,2.973,6178.51,4.4132,27,22.22,0.619,-2365.8,-0.8762
1d,2.0,short only,Percent,3.0,22,9.09,0.561,-2636.94,-1.1986,19,31.58,1.199,803.68,0.423
1d,2.0,both,Percent,5.0,31,22.58,1.306,3629.66,1.1709,40,32.5,0.678,-4274.07,-1.0685
1d,2.0,long only,Percent,5.0,13,30.77,1.999,4608.27,3.5448,22,27.27,0.455,-4176.95,-1.8986
1d,2.0,short only,Percent,5.0,18,16.67,0.865,-978.61,-0.5437,18,38.89,0.983,-97.12,-0.054
1d,2.0,both,Percent,8.0,27,29.63,1.155,2283.17,0.8456,33,39.39,0.581,-6449.63,-1.9544
1d,2.0,long only,Percent,8.0,11,36.36,1.548,3115.21,2.832,19,31.58,0.354,-6284.5,-3.3076
1d,2.0,short only,Percent,8.0,16,25.0,0.908,-832.04,-0.52,14,50.0,0.971,-165.13,-0.1179
1d,2.0,both,1R to TP,,20,45.0,0.864,-2951.73,-1.4759,22,45.45,0.537,-5165.46,-2.3479
1d,2.0,long only,1R to TP,,7,57.14,1.44,2315.74,3.3082,12,33.33,0.203,-5724.44,-4.7704
1d,2.0,short only,1R to TP,,13,38.46,0.679,-5267.48,-4.0519,10,60.0,1.141,558.98,0.559
1d,2.0,both,ATR,1.0,29,24.14,1.209,2820.23,0.9725,45,26.67,0.658,-4517.34,-1.0039
1d,2.0,long only,ATR,1.0,12,33.33,2.416,5159.42,4.2995,26,23.08,0.46,-4521.43,-1.739
1d,2.0,short only,ATR,1.0,17,17.65,0.762,-2339.19,-1.376,19,31.58,1.001,4.1,0.0022
1d,2.0,both,ATR,1.5,28,32.14,1.191,3387.79,1.2099,39,33.33,0.585,-6447.65,-1.6532
1d,2.0,long only,ATR,1.5,12,33.33,1.626,3389.42,2.8245,22,27.27,0.361,-6310.66,-2.8685
1d,2.0,short only,ATR,1.5,16,31.25,1.0,-1.63,-0.001,17,41.18,0.976,-136.99,-0.0806
1d,2.0,both,ATR,2.0,25,36.0,1.069,1355.89,0.5424,31,41.94,0.594,-6132.6,-1.9783
1d,2.0,long only,ATR,2.0,10,40.0,1.641,3439.88,3.4399,18,33.33,0.34,-6701.01,-3.7228
1d,2.0,short only,ATR,2.0,15,33.33,0.855,-2083.99,-1.3893,13,53.85,1.115,568.41,0.4372
1d,2.0,both,ATR,3.0,20,45.0,1.03,547.18,0.2736,26,50.0,0.565,-6691.87,-2.5738
1d,2.0,long only,ATR,3.0,8,50.0,1.334,1896.06,2.3701,14,42.86,0.356,-6244.58,-4.4604
1d,2.0,short only,ATR,3.0,12,41.67,0.892,-1348.88,-1.1241,12,58.33,0.921,-447.29,-0.3727
1d,2.0,both,ATR,4.0,19,47.37,0.829,-3848.23,-2.0254,22,59.09,0.581,-5756.45,-2.6166
1d,2.0,long only,ATR,4.0,7,57.14,1.27,1612.93,2.3042,12,50.0,0.362,-6086.05,-5.0717
1d,2.0,short only,ATR,4.0,12,41.67,0.671,-5461.16,-4.551,10,70.0,1.078,329.6,0.3296
1d,3.0,both,Percent,0.625,39,10.26,3.548,6685.42,1.7142,53,3.77,0.172,-3080.4,-0.5812
1d,3.0,long only,Percent,0.625,14,28.57,12.296,8552.32,6.1088,29,3.45,0.073,-1895.07,-0.6535
1d,3.0,short only,Percent,0.625,25,0.0,0.0,-1866.9,-0.7468,24,4.17,0.293,-1185.33,-0.4939
1d,3.0,both,Percent,1.5,37,13.51,2.286,6577.21,1.7776,52,13.46,0.664,-2426.61,-0.4667
1d,3.0,long only,Percent,1.5,14,28.57,5.705,7677.76,5.4841,29,17.24,0.812,-722.86,-0.2493
1d,3.0,short only,Percent,1.5,23,4.35,0.684,-1100.54,-0.4785,23,8.7,0.494,-1703.75,-0.7408
1d,3.0,both,Percent,3.0,36,16.67,1.387,3541.57,0.9838,43,25.58,0.883,-1166.68,-0.2713
1d,3.0,long only,Percent,3.0,14,28.57,2.973,6178.51,4.4132,25,24.0,0.667,-1962.11,-0.7848
1d,3.0,short only,Percent,3.0,22,9.09,0.561,-2636.94,-1.1986,18,27.78,1.197,795.43,0.4419
1d,3.0,both,Percent,5.0,31,22.58,1.306,3629.66,1.1709,38,31.58,0.69,-4117.68,-1.0836
1d,3.0,long only,Percent,5.0,13,30.77,1.999,4608.27,3.5448,21,28.57,0.476,-4012.31,-1.9106
1d,3.0,short only,Percent,5.0,18,16.67,0.865,-978.61,-0.5437,17,35.29,0.981,-105.37,-0.062
1d,3.0,both,Percent,8.0,27,29.63,1.155,2283.17,0.8456,31,38.71,0.591,-6293.24,-2.0301
1d,3.0,long only,Percent,8.0,11,36.36,1.548,3115.21,2.832,18,33.33,0.371,-6119.86,-3.3999
1d,3.0,short only,Percent,8.0,16,25.0,0.908,-832.04,-0.52,13,46.15,0.969,-173.38,-0.1334
1d,3.0,both,1R to TP,,20,45.0,0.864,-2951.73,-1.4759,18,55.56,0.561,-4674.46,-2.5969
1d,3.0,long only,1R to TP,,7,57.14,1.44,2315.74,3.3082,9,44.44,0.217,-5262.02,-5.8467
1d,3.0,short only,1R to TP,,13,38.46,0.679,-5267.48,-4.0519,9,66.67,1.149,587.56,0.6528
1d,3.0,both,ATR,1.0,29,24.14,1.209,2820.23,0.9725,42,26.19,0.677,-4173.86,-0.9938
1d,3.0,long only,ATR,1.0,12,33.33,2.416,5159.42,4.2995,24,25.0,0.486,-4169.7,-1.7374
1d,3.0,short only,ATR,1.0,17,17.65,0.762,-2339.19,-1.376,18,27.78,0.999,-4.16,-0.0023
1d,3.0,both,ATR,1.5,28,32.14,1.191,3387.79,1.2099,36,33.33,0.605,-5980.22,-1.6612
1d,3.0,long only,ATR,1.5,12,33.33,1.626,3389.42,2.8245,20,30.0,0.385,-5834.98,-2.9175
1d,3.0,short only,ATR,1.5,16,31.25,1.0,-1.63,-0.001,16,37.5,0.974,-145.24,-0.0908
1d,3.0,both,ATR,2.0,25,36.0,1.069,1355.89,0.5424,29,41.38,0.604,-5976.21,-2.0608
1d,3.0,long only,ATR,2.0,10,40.0,1.641,3439.88,3.4399,17,35.29,0.355,-6536.37,-3.8449
1d,3.0,short only,ATR,2.0,15,33.33,0.855,-2083.99,-1.3893,12,50.0,1.113,560.16,0.4668
1d,3.0,both,ATR,3.0,20,45.0,1.03,547.18,0.2736,24,50.0,0.575,-6535.48,-2.7231
1d,3.0,long only,ATR,3.0,8,50.0,1.334,1896.06,2.3701,13,46.15,0.372,-6079.94,-4.6769
1d,3.0,short only,ATR,3.0,12,41.67,0.892,-1348.88,-1.1241,11,54.55,0.92,-455.54,-0.4141
1d,3.0,both,ATR,4.0,19,47.37,0.829,-3848.23,-2.0254,20,60.0,0.592,-5600.06,-2.8
1d,3.0,long only,ATR,4.0,7,57.14,1.27,1612.93,2.3042,11,54.55,0.378,-5921.4,-5.3831
1d,3.0,short only,ATR,4.0,12,41.67,0.671,-5461.16,-4.551,9,66.67,1.076,321.34,0.357
1d,5.0,both,Percent,0.625,38,10.53,3.563,6696.57,1.7623,48,2.08,0.143,-2938.06,-0.6121
1d,5.0,long only,Percent,0.625,14,28.57,12.296,8552.32,6.1088,25,0.0,0.0,-1825.44,-0.7302
1d,5.0,short only,Percent,0.625,24,0.0,0.0,-1855.75,-0.7732,23,4.35,0.306,-1112.62,-0.4837
1d,5.0,both,Percent,1.5,36,13.89,2.291,6588.36,1.8301,47,8.51,0.57,-2966.02,-0.6311
1d,5.0,long only,Percent,1.5,14,28.57,5.705,7677.76,5.4841,25,8.0,0.615,-1422.52,-0.569
1d,5.0,short only,Percent,1.5,22,4.55,0.686,-1089.39,-0.4952,22,9.09,0.519,-1543.5,-0.7016
1d,5.0,both,Percent,3.0,35,17.14,1.389,3552.72,1.0151,39,17.95,0.75,-2487.23,-0.6378
1d,5.0,long only,Percent,3.0,14,28.57,2.973,6178.51,4.4132,22,13.64,0.514,-2867.39,-1.3034
1d,5.0,short only,Percent,3.0,21,9.52,0.562,-2625.79,-1.2504,17,23.53,1.094,380.16,0.2236
1d,5.0,both,Percent,5.0,30,23.33,1.307,3640.81,1.2136,34,23.53,0.59,-5438.23,-1.5995
1d,5.0,long only,Percent,5.0,13,30.77,1.999,4608.27,3.5448,18,16.67,0.358,-4917.59,-2.732
1d,5.0,short only,Percent,5.0,17,17.65,0.866,-967.46,-0.5691,16,31.25,0.907,-520.65,-0.3254
1d,5.0,both,Percent,8.0,26,30.77,1.156,2294.32,0.8824,27,29.63,0.506,-7613.79,-2.8199
1d,5.0,long only,Percent,8.0,11,36.36,1.548,3115.21,2.832,15,20.0,0.277,-7025.13,-4.6834
1d,5.0,short only,Percent,8.0,15,26.67,0.909,-820.89,-0.5473,12,41.67,0.896,-588.65,-0.4905
1d,5.0,both,1R to TP,,19,47.37,0.864,-2940.58,-1.5477,14,42.86,0.438,-5995.01,-4.2822
1d,5.0,long only,1R to TP,,7,57.14,1.44,2315.74,3.3082,6,16.67,0.083,-6167.3,-10.2788
1d,5.0,short only,1R to TP,,12,41.67,0.679,-5256.32,-4.3803,8,62.5,1.044,172.28,0.2154
1d,5.0,both,ATR,1.0,28,25.0,1.21,2831.39,1.0112,38,18.42,0.575,-5494.41,-1.4459
1d,5.0,long only,ATR,1.0,12,33.33,2.416,5159.42,4.2995,21,14.29,0.374,-5074.98,-2.4167
1d,5.0,short only,ATR,1.0,16,18.75,0.763,-2328.04,-1.455,17,23.53,0.913,-419.43,-0.2467
1d,5.0,both,ATR,1.5,27,33.33,1.192,3398.94,1.2589,32,25.0,0.517,-7300.77,-2.2815
1d,5.0,long only,ATR,1.5,12,33.33,1.626,3389.42,2.8245,17,17.65,0.289,-6740.26,-3.9649
1d,5.0,short only,ATR,1.5,15,33.33,1.001,9.52,0.0063,15,33.33,0.901,-560.52,-0.3737
1d,5.0,both,ATR,2.0,24,37.5,1.069,1367.04,0.5696,25,32.0,0.516,-7296.76,-2.9187
1d,5.0,long only,ATR,2.0,10,40.0,1.641,3439.88,3.4399,14,21.43,0.266,-7441.64,-5.3155
1d,5.0,short only,ATR,2.0,14,35.71,0.856,-2072.84,-1.4806,11,45.45,1.029,144.88,0.1317
1d,5.0,both,ATR,3.0,19,47.37,1.031,558.33,0.2939,20,40.0,0.489,-7856.03,-3.928
1d,5.0,long only,ATR,3.0,8,50.0,1.334,1896.06,2.3701,10,30.0,0.279,-6985.22,-6.9852
1d,5.0,short only,ATR,3.0,11,45.45,0.893,-1337.73,-1.2161,10,50.0,0.847,-870.81,-0.8708
1d,5.0,both,ATR,4.0,18,50.0,0.83,-3837.08,-2.1317,16,50.0,0.496,-6920.61,-4.3254
1d,5.0,long only,ATR,4.0,7,57.14,1.27,1612.93,2.3042,8,37.5,0.283,-6826.68,-8.5333
1d,5.0,short only,ATR,4.0,11,45.45,0.671,-5450.01,-4.9546,8,62.5,0.978,-93.93,-0.1174
1w,0.15,both,Percent,0.625,9,0.0,0.0,-672.49,-0.7467,3,0.0,0.0,-146.84,-0.4895
1w,0.15,long only,Percent,0.625,0,,,0.0,,1,0.0,0.0,-1.09,-0.0109
1w,0.15,short only,Percent,0.625,9,0.0,0.0,-672.49,-0.7467,2,0.0,0.0,-145.75,-0.7287
1w,0.15,both,Percent,1.5,9,0.0,0.0,-1460.38,-1.6222,3,0.0,0.0,-321.93,-1.0731
1w,0.15,long only,Percent,1.5,0,,,0.0,,1,0.0,0.0,-1.09,-0.0109
1w,0.15,short only,Percent,1.5,9,0.0,0.0,-1460.38,-1.6222,2,0.0,0.0,-320.84,-1.6042
1w,0.15,both,Percent,3.0,9,11.11,1.269,671.42,0.7465,3,33.33,15.1,4391.65,14.6388
1w,0.15,long only,Percent,3.0,0,,,0.0,,1,0.0,0.0,-1.09,-0.0109
1w,0.15,short only,Percent,3.0,9,11.11,1.269,671.42,0.7465,2,50.0,15.154,4392.75,21.9637
1w,0.15,both,Percent,5.0,9,11.11,0.773,-929.38,-1.0322,3,66.67,7453.29,8150.61,27.1687
1w,0.15,long only,Percent,5.0,0,,,0.0,,1,0.0,0.0,-1.09,-0.0109
1w,0.15,short only,Percent,5.0,9,11.11,0.773,-929.38,-1.0322,2,100.0,inf,8151.7,40.7585
1w,0.15,both,Percent,8.0,8,12.5,0.557,-2517.47,-3.1463,3,66.67,7453.29,8150.61,27.1687
1w,0.15,long only,Percent,8.0,0,,,0.0,,1,0.0,0.0,-1.09,-0.0109
1w,0.15,short only,Percent,8.0,8,12.5,0.557,-2517.47,-3.1463,2,100.0,inf,8151.7,40.7585
1w,0.15,both,1R to TP,,5,40.0,0.737,-3293.35,-6.3094,3,66.67,7453.29,8150.61,27.1687
1w,0.15,long only,1R to TP,,0,,,0.0,,1,0.0,0.0,-1.09,-0.0109
1w,0.15,short only,1R to TP,,5,40.0,0.737,-3293.35,-6.3094,2,100.0,inf,8151.7,40.7585
1w,0.15,both,ATR,1.0,5,40.0,1.487,2760.84,5.799,3,66.67,7453.29,8150.61,27.1687
1w,0.15,long only,ATR,1.0,0,,,0.0,,1,0.0,0.0,-1.09,-0.0109
1w,0.15,short only,ATR,1.0,5,40.0,1.487,2760.84,5.799,2,100.0,inf,8151.7,40.7585
1w,0.15,both,ATR,1.5,5,40.0,0.993,-199.35,-0.1214,3,66.67,7453.29,8150.61,27.1687
1w,0.15,long only,ATR,1.5,0,,,0.0,,1,0.0,0.0,-1.09,-0.0109
1w,0.15,short only,ATR,1.5,5,40.0,0.993,-199.35,-0.1214,2,100.0,inf,8151.7,40.7585
1w,0.15,both,ATR,2.0,5,40.0,0.746,-3159.53,-6.0418,3,66.67,7453.29,8150.61,27.1687
1w,0.15,long only,ATR,2.0,0,,,0.0,,1,0.0,0.0,-1.09,-0.0109
1w,0.15,short only,ATR,2.0,5,40.0,0.746,-3159.53,-6.0418,2,100.0,inf,8151.7,40.7585
1w,0.15,both,ATR,3.0,4,50.0,0.652,-4266.45,-10.3195,3,66.67,7453.29,8150.61,27.1687
1w,0.15,long only,ATR,3.0,0,,,0.0,,1,0.0,0.0,-1.09,-0.0109
1w,0.15,short only,ATR,3.0,4,50.0,0.652,-4266.45,-10.3195,2,100.0,inf,8151.7,40.7585
1w,0.15,both,ATR,4.0,4,50.0,0.489,-8215.93,-20.1932,3,66.67,7453.29,8150.61,27.1687
1w,0.15,long only,ATR,4.0,0,,,0.0,,1,0.0,0.0,-1.09,-0.0109
1w,0.15,short only,ATR,4.0,4,50.0,0.489,-8215.93,-20.1932,2,100.0,inf,8151.7,40.7585
1w,0.5,both,Percent,0.625,9,0.0,0.0,-672.49,-0.7467,3,0.0,0.0,-146.84,-0.4895
1w,0.5,long only,Percent,0.625,0,,,0.0,,1,0.0,0.0,-1.09,-0.0109
1w,0.5,short only,Percent,0.625,9,0.0,0.0,-672.49,-0.7467,2,0.0,0.0,-145.75,-0.7287
1w,0.5,both,Percent,1.5,9,0.0,0.0,-1460.38,-1.6222,3,0.0,0.0,-321.93,-1.0731
1w,0.5,long only,Percent,1.5,0,,,0.0,,1,0.0,0.0,-1.09,-0.0109
1w,0.5,short only,Percent,1.5,9,0.0,0.0,-1460.38,-1.6222,2,0.0,0.0,-320.84,-1.6042
1w,0.5,both,Percent,3.0,9,11.11,1.269,671.42,0.7465,3,33.33,15.1,4391.65,14.6388
1w,0.5,long only,Percent,3.0,0,,,0.0,,1,0.0,0.0,-1.09,-0.0109
1w,0.5,short only,Percent,3.0,9,11.11,1.269,671.42,0.7465,2,50.0,15.154,4392.75,21.9637
1w,0.5,both,Percent,5.0,9,11.11,0.773,-929.38,-1.0322,3,66.67,7453.29,8150.61,27.1687
1w,0.5,long only,Percent,5.0,0,,,0.0,,1,0.0,0.0,-1.09,-0.0109
1w,0.5,short only,Percent,5.0,9,11.11,0.773,-929.38,-1.0322,2,100.0,inf,8151.7,40.7585
1w,0.5,both,Percent,8.0,8,12.5,0.557,-2517.47,-3.1463,3,66.67,7453.29,8150.61,27.1687
1w,0.5,long only,Percent,8.0,0,,,0.0,,1,0.0,0.0,-1.09,-0.0109
1w,0.5,short only,Percent,8.0,8,12.5,0.557,-2517.47,-3.1463,2,100.0,inf,8151.7,40.7585
1w,0.5,both,1R to TP,,5,40.0,0.737,-3293.35,-6.3094,3,66.67,7453.29,8150.61,27.1687
1w,0.5,long only,1R to TP,,0,,,0.0,,1,0.0,0.0,-1.09,-0.0109
1w,0.5,short only,1R to TP,,5,40.0,0.737,-3293.35,-6.3094,2,100.0,inf,8151.7,40.7585
1w,0.5,both,ATR,1.0,5,40.0,1.487,2760.84,5.799,3,66.67,7453.29,8150.61,27.1687
1w,0.5,long only,ATR,1.0,0,,,0.0,,1,0.0,0.0,-1.09,-0.0109
1w,0.5,short only,ATR,1.0,5,40.0,1.487,2760.84,5.799,2,100.0,inf,8151.7,40.7585
1w,0.5,both,ATR,1.5,5,40.0,0.993,-199.35,-0.1214,3,66.67,7453.29,8150.61,27.1687
1w,0.5,long only,ATR,1.5,0,,,0.0,,1,0.0,0.0,-1.09,-0.0109
1w,0.5,short only,ATR,1.5,5,40.0,0.993,-199.35,-0.1214,2,100.0,inf,8151.7,40.7585
1w,0.5,both,ATR,2.0,5,40.0,0.746,-3159.53,-6.0418,3,66.67,7453.29,8150.61,27.1687
1w,0.5,long only,ATR,2.0,0,,,0.0,,1,0.0,0.0,-1.09,-0.0109
1w,0.5,short only,ATR,2.0,5,40.0,0.746,-3159.53,-6.0418,2,100.0,inf,8151.7,40.7585
1w,0.5,both,ATR,3.0,4,50.0,0.652,-4266.45,-10.3195,3,66.67,7453.29,8150.61,27.1687
1w,0.5,long only,ATR,3.0,0,,,0.0,,1,0.0,0.0,-1.09,-0.0109
1w,0.5,short only,ATR,3.0,4,50.0,0.652,-4266.45,-10.3195,2,100.0,inf,8151.7,40.7585
1w,0.5,both,ATR,4.0,4,50.0,0.489,-8215.93,-20.1932,3,66.67,7453.29,8150.61,27.1687
1w,0.5,long only,ATR,4.0,0,,,0.0,,1,0.0,0.0,-1.09,-0.0109
1w,0.5,short only,ATR,4.0,4,50.0,0.489,-8215.93,-20.1932,2,100.0,inf,8151.7,40.7585
1w,1.0,both,Percent,0.625,9,0.0,0.0,-672.49,-0.7467,3,0.0,0.0,-146.84,-0.4895
1w,1.0,long only,Percent,0.625,0,,,0.0,,1,0.0,0.0,-1.09,-0.0109
1w,1.0,short only,Percent,0.625,9,0.0,0.0,-672.49,-0.7467,2,0.0,0.0,-145.75,-0.7287
1w,1.0,both,Percent,1.5,9,0.0,0.0,-1460.38,-1.6222,3,0.0,0.0,-321.93,-1.0731
1w,1.0,long only,Percent,1.5,0,,,0.0,,1,0.0,0.0,-1.09,-0.0109
1w,1.0,short only,Percent,1.5,9,0.0,0.0,-1460.38,-1.6222,2,0.0,0.0,-320.84,-1.6042
1w,1.0,both,Percent,3.0,9,11.11,1.269,671.42,0.7465,3,33.33,15.1,4391.65,14.6388
1w,1.0,long only,Percent,3.0,0,,,0.0,,1,0.0,0.0,-1.09,-0.0109
1w,1.0,short only,Percent,3.0,9,11.11,1.269,671.42,0.7465,2,50.0,15.154,4392.75,21.9637
1w,1.0,both,Percent,5.0,9,11.11,0.773,-929.38,-1.0322,3,66.67,7453.29,8150.61,27.1687
1w,1.0,long only,Percent,5.0,0,,,0.0,,1,0.0,0.0,-1.09,-0.0109
1w,1.0,short only,Percent,5.0,9,11.11,0.773,-929.38,-1.0322,2,100.0,inf,8151.7,40.7585
1w,1.0,both,Percent,8.0,8,12.5,0.557,-2517.47,-3.1463,3,66.67,7453.29,8150.61,27.1687
1w,1.0,long only,Percent,8.0,0,,,0.0,,1,0.0,0.0,-1.09,-0.0109
1w,1.0,short only,Percent,8.0,8,12.5,0.557,-2517.47,-3.1463,2,100.0,inf,8151.7,40.7585
1w,1.0,both,1R to TP,,5,40.0,0.737,-3293.35,-6.3094,3,66.67,7453.29,8150.61,27.1687
1w,1.0,long only,1R to TP,,0,,,0.0,,1,0.0,0.0,-1.09,-0.0109
1w,1.0,short only,1R to TP,,5,40.0,0.737,-3293.35,-6.3094,2,100.0,inf,8151.7,40.7585
1w,1.0,both,ATR,1.0,5,40.0,1.487,2760.84,5.799,3,66.67,7453.29,8150.61,27.1687
1w,1.0,long only,ATR,1.0,0,,,0.0,,1,0.0,0.0,-1.09,-0.0109
1w,1.0,short only,ATR,1.0,5,40.0,1.487,2760.84,5.799,2,100.0,inf,8151.7,40.7585
1w,1.0,both,ATR,1.5,5,40.0,0.993,-199.35,-0.1214,3,66.67,7453.29,8150.61,27.1687
1w,1.0,long only,ATR,1.5,0,,,0.0,,1,0.0,0.0,-1.09,-0.0109
1w,1.0,short only,ATR,1.5,5,40.0,0.993,-199.35,-0.1214,2,100.0,inf,8151.7,40.7585
1w,1.0,both,ATR,2.0,5,40.0,0.746,-3159.53,-6.0418,3,66.67,7453.29,8150.61,27.1687
1w,1.0,long only,ATR,2.0,0,,,0.0,,1,0.0,0.0,-1.09,-0.0109
1w,1.0,short only,ATR,2.0,5,40.0,0.746,-3159.53,-6.0418,2,100.0,inf,8151.7,40.7585
1w,1.0,both,ATR,3.0,4,50.0,0.652,-4266.45,-10.3195,3,66.67,7453.29,8150.61,27.1687
1w,1.0,long only,ATR,3.0,0,,,0.0,,1,0.0,0.0,-1.09,-0.0109
1w,1.0,short only,ATR,3.0,4,50.0,0.652,-4266.45,-10.3195,2,100.0,inf,8151.7,40.7585
1w,1.0,both,ATR,4.0,4,50.0,0.489,-8215.93,-20.1932,3,66.67,7453.29,8150.61,27.1687
1w,1.0,long only,ATR,4.0,0,,,0.0,,1,0.0,0.0,-1.09,-0.0109
1w,1.0,short only,ATR,4.0,4,50.0,0.489,-8215.93,-20.1932,2,100.0,inf,8151.7,40.7585
1w,2.0,both,Percent,0.625,9,0.0,0.0,-672.49,-0.7467,3,0.0,0.0,-146.84,-0.4895
1w,2.0,long only,Percent,0.625,0,,,0.0,,1,0.0,0.0,-1.09,-0.0109
1w,2.0,short only,Percent,0.625,9,0.0,0.0,-672.49,-0.7467,2,0.0,0.0,-145.75,-0.7287
1w,2.0,both,Percent,1.5,9,0.0,0.0,-1460.38,-1.6222,3,0.0,0.0,-321.93,-1.0731
1w,2.0,long only,Percent,1.5,0,,,0.0,,1,0.0,0.0,-1.09,-0.0109
1w,2.0,short only,Percent,1.5,9,0.0,0.0,-1460.38,-1.6222,2,0.0,0.0,-320.84,-1.6042
1w,2.0,both,Percent,3.0,9,11.11,1.269,671.42,0.7465,3,33.33,15.1,4391.65,14.6388
1w,2.0,long only,Percent,3.0,0,,,0.0,,1,0.0,0.0,-1.09,-0.0109
1w,2.0,short only,Percent,3.0,9,11.11,1.269,671.42,0.7465,2,50.0,15.154,4392.75,21.9637
1w,2.0,both,Percent,5.0,9,11.11,0.773,-929.38,-1.0322,3,66.67,7453.29,8150.61,27.1687
1w,2.0,long only,Percent,5.0,0,,,0.0,,1,0.0,0.0,-1.09,-0.0109
1w,2.0,short only,Percent,5.0,9,11.11,0.773,-929.38,-1.0322,2,100.0,inf,8151.7,40.7585
1w,2.0,both,Percent,8.0,8,12.5,0.557,-2517.47,-3.1463,3,66.67,7453.29,8150.61,27.1687
1w,2.0,long only,Percent,8.0,0,,,0.0,,1,0.0,0.0,-1.09,-0.0109
1w,2.0,short only,Percent,8.0,8,12.5,0.557,-2517.47,-3.1463,2,100.0,inf,8151.7,40.7585
1w,2.0,both,1R to TP,,5,40.0,0.737,-3293.35,-6.3094,3,66.67,7453.29,8150.61,27.1687
1w,2.0,long only,1R to TP,,0,,,0.0,,1,0.0,0.0,-1.09,-0.0109
1w,2.0,short only,1R to TP,,5,40.0,0.737,-3293.35,-6.3094,2,100.0,inf,8151.7,40.7585
1w,2.0,both,ATR,1.0,5,40.0,1.487,2760.84,5.799,3,66.67,7453.29,8150.61,27.1687
1w,2.0,long only,ATR,1.0,0,,,0.0,,1,0.0,0.0,-1.09,-0.0109
1w,2.0,short only,ATR,1.0,5,40.0,1.487,2760.84,5.799,2,100.0,inf,8151.7,40.7585
1w,2.0,both,ATR,1.5,5,40.0,0.993,-199.35,-0.1214,3,66.67,7453.29,8150.61,27.1687
1w,2.0,long only,ATR,1.5,0,,,0.0,,1,0.0,0.0,-1.09,-0.0109
1w,2.0,short only,ATR,1.5,5,40.0,0.993,-199.35,-0.1214,2,100.0,inf,8151.7,40.7585
1w,2.0,both,ATR,2.0,5,40.0,0.746,-3159.53,-6.0418,3,66.67,7453.29,8150.61,27.1687
1w,2.0,long only,ATR,2.0,0,,,0.0,,1,0.0,0.0,-1.09,-0.0109
1w,2.0,short only,ATR,2.0,5,40.0,0.746,-3159.53,-6.0418,2,100.0,inf,8151.7,40.7585
1w,2.0,both,ATR,3.0,4,50.0,0.652,-4266.45,-10.3195,3,66.67,7453.29,8150.61,27.1687
1w,2.0,long only,ATR,3.0,0,,,0.0,,1,0.0,0.0,-1.09,-0.0109
1w,2.0,short only,ATR,3.0,4,50.0,0.652,-4266.45,-10.3195,2,100.0,inf,8151.7,40.7585
1w,2.0,both,ATR,4.0,4,50.0,0.489,-8215.93,-20.1932,3,66.67,7453.29,8150.61,27.1687
1w,2.0,long only,ATR,4.0,0,,,0.0,,1,0.0,0.0,-1.09,-0.0109
1w,2.0,short only,ATR,4.0,4,50.0,0.489,-8215.93,-20.1932,2,100.0,inf,8151.7,40.7585
1w,3.0,both,Percent,0.625,9,0.0,0.0,-672.49,-0.7467,3,0.0,0.0,-146.84,-0.4895
1w,3.0,long only,Percent,0.625,0,,,0.0,,1,0.0,0.0,-1.09,-0.0109
1w,3.0,short only,Percent,0.625,9,0.0,0.0,-672.49,-0.7467,2,0.0,0.0,-145.75,-0.7287
1w,3.0,both,Percent,1.5,9,0.0,0.0,-1460.38,-1.6222,3,0.0,0.0,-321.93,-1.0731
1w,3.0,long only,Percent,1.5,0,,,0.0,,1,0.0,0.0,-1.09,-0.0109
1w,3.0,short only,Percent,1.5,9,0.0,0.0,-1460.38,-1.6222,2,0.0,0.0,-320.84,-1.6042
1w,3.0,both,Percent,3.0,9,11.11,1.269,671.42,0.7465,3,33.33,15.1,4391.65,14.6388
1w,3.0,long only,Percent,3.0,0,,,0.0,,1,0.0,0.0,-1.09,-0.0109
1w,3.0,short only,Percent,3.0,9,11.11,1.269,671.42,0.7465,2,50.0,15.154,4392.75,21.9637
1w,3.0,both,Percent,5.0,9,11.11,0.773,-929.38,-1.0322,3,66.67,7453.29,8150.61,27.1687
1w,3.0,long only,Percent,5.0,0,,,0.0,,1,0.0,0.0,-1.09,-0.0109
1w,3.0,short only,Percent,5.0,9,11.11,0.773,-929.38,-1.0322,2,100.0,inf,8151.7,40.7585
1w,3.0,both,Percent,8.0,8,12.5,0.557,-2517.47,-3.1463,3,66.67,7453.29,8150.61,27.1687
1w,3.0,long only,Percent,8.0,0,,,0.0,,1,0.0,0.0,-1.09,-0.0109
1w,3.0,short only,Percent,8.0,8,12.5,0.557,-2517.47,-3.1463,2,100.0,inf,8151.7,40.7585
1w,3.0,both,1R to TP,,5,40.0,0.737,-3293.35,-6.3094,3,66.67,7453.29,8150.61,27.1687
1w,3.0,long only,1R to TP,,0,,,0.0,,1,0.0,0.0,-1.09,-0.0109
1w,3.0,short only,1R to TP,,5,40.0,0.737,-3293.35,-6.3094,2,100.0,inf,8151.7,40.7585
1w,3.0,both,ATR,1.0,5,40.0,1.487,2760.84,5.799,3,66.67,7453.29,8150.61,27.1687
1w,3.0,long only,ATR,1.0,0,,,0.0,,1,0.0,0.0,-1.09,-0.0109
1w,3.0,short only,ATR,1.0,5,40.0,1.487,2760.84,5.799,2,100.0,inf,8151.7,40.7585
1w,3.0,both,ATR,1.5,5,40.0,0.993,-199.35,-0.1214,3,66.67,7453.29,8150.61,27.1687
1w,3.0,long only,ATR,1.5,0,,,0.0,,1,0.0,0.0,-1.09,-0.0109
1w,3.0,short only,ATR,1.5,5,40.0,0.993,-199.35,-0.1214,2,100.0,inf,8151.7,40.7585
1w,3.0,both,ATR,2.0,5,40.0,0.746,-3159.53,-6.0418,3,66.67,7453.29,8150.61,27.1687
1w,3.0,long only,ATR,2.0,0,,,0.0,,1,0.0,0.0,-1.09,-0.0109
1w,3.0,short only,ATR,2.0,5,40.0,0.746,-3159.53,-6.0418,2,100.0,inf,8151.7,40.7585
1w,3.0,both,ATR,3.0,4,50.0,0.652,-4266.45,-10.3195,3,66.67,7453.29,8150.61,27.1687
1w,3.0,long only,ATR,3.0,0,,,0.0,,1,0.0,0.0,-1.09,-0.0109
1w,3.0,short only,ATR,3.0,4,50.0,0.652,-4266.45,-10.3195,2,100.0,inf,8151.7,40.7585
1w,3.0,both,ATR,4.0,4,50.0,0.489,-8215.93,-20.1932,3,66.67,7453.29,8150.61,27.1687
1w,3.0,long only,ATR,4.0,0,,,0.0,,1,0.0,0.0,-1.09,-0.0109
1w,3.0,short only,ATR,4.0,4,50.0,0.489,-8215.93,-20.1932,2,100.0,inf,8151.7,40.7585
1w,5.0,both,Percent,0.625,9,0.0,0.0,-672.49,-0.7467,3,0.0,0.0,-146.84,-0.4895
1w,5.0,long only,Percent,0.625,0,,,0.0,,1,0.0,0.0,-1.09,-0.0109
1w,5.0,short only,Percent,0.625,9,0.0,0.0,-672.49,-0.7467,2,0.0,0.0,-145.75,-0.7287
1w,5.0,both,Percent,1.5,9,0.0,0.0,-1460.38,-1.6222,3,0.0,0.0,-321.93,-1.0731
1w,5.0,long only,Percent,1.5,0,,,0.0,,1,0.0,0.0,-1.09,-0.0109
1w,5.0,short only,Percent,1.5,9,0.0,0.0,-1460.38,-1.6222,2,0.0,0.0,-320.84,-1.6042
1w,5.0,both,Percent,3.0,9,11.11,1.269,671.42,0.7465,3,33.33,15.1,4391.65,14.6388
1w,5.0,long only,Percent,3.0,0,,,0.0,,1,0.0,0.0,-1.09,-0.0109
1w,5.0,short only,Percent,3.0,9,11.11,1.269,671.42,0.7465,2,50.0,15.154,4392.75,21.9637
1w,5.0,both,Percent,5.0,9,11.11,0.773,-929.38,-1.0322,3,66.67,7453.29,8150.61,27.1687
1w,5.0,long only,Percent,5.0,0,,,0.0,,1,0.0,0.0,-1.09,-0.0109
1w,5.0,short only,Percent,5.0,9,11.11,0.773,-929.38,-1.0322,2,100.0,inf,8151.7,40.7585
1w,5.0,both,Percent,8.0,8,12.5,0.557,-2517.47,-3.1463,3,66.67,7453.29,8150.61,27.1687
1w,5.0,long only,Percent,8.0,0,,,0.0,,1,0.0,0.0,-1.09,-0.0109
1w,5.0,short only,Percent,8.0,8,12.5,0.557,-2517.47,-3.1463,2,100.0,inf,8151.7,40.7585
1w,5.0,both,1R to TP,,5,40.0,0.737,-3293.35,-6.3094,3,66.67,7453.29,8150.61,27.1687
1w,5.0,long only,1R to TP,,0,,,0.0,,1,0.0,0.0,-1.09,-0.0109
1w,5.0,short only,1R to TP,,5,40.0,0.737,-3293.35,-6.3094,2,100.0,inf,8151.7,40.7585
1w,5.0,both,ATR,1.0,5,40.0,1.487,2760.84,5.799,3,66.67,7453.29,8150.61,27.1687
1w,5.0,long only,ATR,1.0,0,,,0.0,,1,0.0,0.0,-1.09,-0.0109
1w,5.0,short only,ATR,1.0,5,40.0,1.487,2760.84,5.799,2,100.0,inf,8151.7,40.7585
1w,5.0,both,ATR,1.5,5,40.0,0.993,-199.35,-0.1214,3,66.67,7453.29,8150.61,27.1687
1w,5.0,long only,ATR,1.5,0,,,0.0,,1,0.0,0.0,-1.09,-0.0109
1w,5.0,short only,ATR,1.5,5,40.0,0.993,-199.35,-0.1214,2,100.0,inf,8151.7,40.7585
1w,5.0,both,ATR,2.0,5,40.0,0.746,-3159.53,-6.0418,3,66.67,7453.29,8150.61,27.1687
1w,5.0,long only,ATR,2.0,0,,,0.0,,1,0.0,0.0,-1.09,-0.0109
1w,5.0,short only,ATR,2.0,5,40.0,0.746,-3159.53,-6.0418,2,100.0,inf,8151.7,40.7585
1w,5.0,both,ATR,3.0,4,50.0,0.652,-4266.45,-10.3195,3,66.67,7453.29,8150.61,27.1687
1w,5.0,long only,ATR,3.0,0,,,0.0,,1,0.0,0.0,-1.09,-0.0109
1w,5.0,short only,ATR,3.0,4,50.0,0.652,-4266.45,-10.3195,2,100.0,inf,8151.7,40.7585
1w,5.0,both,ATR,4.0,4,50.0,0.489,-8215.93,-20.1932,3,66.67,7453.29,8150.61,27.1687
1w,5.0,long only,ATR,4.0,0,,,0.0,,1,0.0,0.0,-1.09,-0.0109
1w,5.0,short only,ATR,4.0,4,50.0,0.489,-8215.93,-20.1932,2,100.0,inf,8151.7,40.7585
