dt,equity
2017-01-01 00:00:00+00:00,100000.0
2017-01-02 00:00:00+00:00,100000.0
2017-01-03 00:00:00+00:00,100000.0
2017-01-04 00:00:00+00:00,100000.0
2017-01-05 00:00:00+00:00,100000.0
2017-01-06 00:00:00+00:00,100000.0
2017-01-07 00:00:00+00:00,100000.0
2017-01-08 00:00:00+00:00,100000.0
2017-01-09 00:00:00+00:00,100000.0
2017-01-10 00:00:00+00:00,100000.0
2017-01-11 00:00:00+00:00,99742.47379670881
2017-01-12 00:00:00+00:00,99017.03253360717
2017-01-13 00:00:00+00:00,99017.03253360717
2017-01-14 00:00:00+00:00,99017.03253360717
2017-01-15 00:00:00+00:00,99017.03253360717
2017-01-16 00:00:00+00:00,99017.03253360717
2017-01-17 00:00:00+00:00,99017.03253360717
2017-01-18 00:00:00+00:00,99017.03253360717
2017-01-19 00:00:00+00:00,99017.03253360717
2017-01-20 00:00:00+00:00,99017.03253360717
2017-01-21 00:00:00+00:00,99017.03253360717
2017-01-22 00:00:00+00:00,99017.03253360717
2017-01-23 00:00:00+00:00,99017.03253360717
2017-01-24 00:00:00+00:00,99017.03253360717
2017-01-25 00:00:00+00:00,99017.03253360717
2017-01-26 00:00:00+00:00,99017.03253360717
2017-01-27 00:00:00+00:00,99017.03253360717
2017-01-28 00:00:00+00:00,99017.03253360717
2017-01-29 00:00:00+00:00,99017.03253360717
2017-01-30 00:00:00+00:00,99017.03253360717
2017-01-31 00:00:00+00:00,99017.03253360717
2017-02-01 00:00:00+00:00,99017.03253360717
2017-02-02 00:00:00+00:00,99017.03253360717
2017-02-03 00:00:00+00:00,99017.03253360717
2017-02-04 00:00:00+00:00,99017.03253360717
2017-02-05 00:00:00+00:00,99017.03253360717
2017-02-06 00:00:00+00:00,99017.03253360717
2017-02-07 00:00:00+00:00,99017.03253360717
2017-02-08 00:00:00+00:00,99017.03253360717
2017-02-09 00:00:00+00:00,99017.03253360717
2017-02-10 00:00:00+00:00,99017.03253360717
2017-02-11 00:00:00+00:00,99017.03253360717
2017-02-12 00:00:00+00:00,99017.03253360717
2017-02-13 00:00:00+00:00,99017.03253360717
2017-02-14 00:00:00+00:00,99017.03253360717
2017-02-15 00:00:00+00:00,99017.03253360717
2017-02-16 00:00:00+00:00,99017.03253360717
2017-02-17 00:00:00+00:00,99017.03253360717
2017-02-18 00:00:00+00:00,99017.03253360717
2017-02-19 00:00:00+00:00,99017.03253360717
2017-02-20 00:00:00+00:00,99017.03253360717
2017-02-21 00:00:00+00:00,99017.03253360717
2017-02-22 00:00:00+00:00,99017.03253360717
2017-02-23 00:00:00+00:00,99017.03253360717
2017-02-24 00:00:00+00:00,99017.03253360717
2017-02-25 00:00:00+00:00,99017.03253360717
2017-02-26 00:00:00+00:00,99017.03253360717
2017-02-27 00:00:00+00:00,99017.03253360717
2017-02-28 00:00:00+00:00,99017.03253360717
2017-03-01 00:00:00+00:00,99017.03253360717
2017-03-02 00:00:00+00:00,99017.03253360717
2017-03-03 00:00:00+00:00,99017.03253360717
2017-03-04 00:00:00+00:00,99017.03253360717
2017-03-05 00:00:00+00:00,99017.03253360717
2017-03-06 00:00:00+00:00,99017.03253360717
2017-03-07 00:00:00+00:00,99017.03253360717
2017-03-08 00:00:00+00:00,99017.03253360717
2017-03-09 00:00:00+00:00,99017.03253360717
2017-03-10 00:00:00+00:00,99017.03253360717
2017-03-11 00:00:00+00:00,99017.03253360717
2017-03-12 00:00:00+00:00,99017.03253360717
2017-03-13 00:00:00+00:00,99017.03253360717
2017-03-14 00:00:00+00:00,99017.03253360717
2017-03-15 00:00:00+00:00,99017.03253360717
2017-03-16 00:00:00+00:00,99017.03253360717
2017-03-17 00:00:00+00:00,98831.7843015187
2017-03-18 00:00:00+00:00,98113.50876330733
2017-03-19 00:00:00+00:00,98113.50876330733
2017-03-20 00:00:00+00:00,98113.50876330733
2017-03-21 00:00:00+00:00,98113.50876330733
2017-03-22 00:00:00+00:00,97924.01996736444
2017-03-23 00:00:00+00:00,97212.2956797176
2017-03-24 00:00:00+00:00,97212.2956797176
2017-03-25 00:00:00+00:00,97212.2956797176
2017-03-26 00:00:00+00:00,97212.2956797176
2017-03-27 00:00:00+00:00,97212.2956797176
2017-03-28 00:00:00+00:00,97212.2956797176
2017-03-29 00:00:00+00:00,97212.2956797176
2017-03-30 00:00:00+00:00,97212.2956797176
2017-03-31 00:00:00+00:00,97212.2956797176
2017-04-01 00:00:00+00:00,97212.2956797176
2017-04-02 00:00:00+00:00,97212.2956797176
2017-04-03 00:00:00+00:00,97212.2956797176
2017-04-04 00:00:00+00:00,97212.2956797176
2017-04-05 00:00:00+00:00,97212.2956797176
2017-04-06 00:00:00+00:00,97212.2956797176
2017-04-07 00:00:00+00:00,97212.2956797176
2017-04-08 00:00:00+00:00,97212.2956797176
2017-04-09 00:00:00+00:00,97212.2956797176
2017-04-10 00:00:00+00:00,97212.2956797176
2017-04-11 00:00:00+00:00,97212.2956797176
2017-04-12 00:00:00+00:00,97212.2956797176
2017-04-13 00:00:00+00:00,97212.2956797176
2017-04-14 00:00:00+00:00,97212.2956797176
2017-04-15 00:00:00+00:00,97212.2956797176
2017-04-16 00:00:00+00:00,97212.2956797176
2017-04-17 00:00:00+00:00,97212.2956797176
2017-04-18 00:00:00+00:00,97212.2956797176
2017-04-19 00:00:00+00:00,97212.2956797176
2017-04-20 00:00:00+00:00,97212.2956797176
2017-04-21 00:00:00+00:00,97212.2956797176
2017-04-22 00:00:00+00:00,97212.2956797176
2017-04-23 00:00:00+00:00,97212.2956797176
2017-04-24 00:00:00+00:00,97212.2956797176
2017-04-25 00:00:00+00:00,97212.2956797176
2017-04-26 00:00:00+00:00,97212.2956797176
2017-04-27 00:00:00+00:00,97212.2956797176
2017-04-28 00:00:00+00:00,97212.2956797176
2017-04-29 00:00:00+00:00,97212.2956797176
2017-04-30 00:00:00+00:00,97212.2956797176
2017-05-01 00:00:00+00:00,97212.2956797176
2017-05-02 00:00:00+00:00,97212.2956797176
2017-05-03 00:00:00+00:00,97212.2956797176
2017-05-04 00:00:00+00:00,97212.2956797176
2017-05-05 00:00:00+00:00,97212.2956797176
2017-05-06 00:00:00+00:00,97212.2956797176
2017-05-07 00:00:00+00:00,97212.2956797176
2017-05-08 00:00:00+00:00,97212.2956797176
2017-05-09 00:00:00+00:00,97212.2956797176
2017-05-10 00:00:00+00:00,97212.2956797176
2017-05-11 00:00:00+00:00,97212.2956797176
2017-05-12 00:00:00+00:00,97212.2956797176
2017-05-13 00:00:00+00:00,97212.2956797176
2017-05-14 00:00:00+00:00,97212.2956797176
2017-05-15 00:00:00+00:00,97212.2956797176
2017-05-16 00:00:00+00:00,97212.2956797176
2017-05-17 00:00:00+00:00,97212.2956797176
2017-05-18 00:00:00+00:00,97212.2956797176
2017-05-19 00:00:00+00:00,97212.2956797176
2017-05-20 00:00:00+00:00,97212.2956797176
2017-05-21 00:00:00+00:00,97212.2956797176
2017-05-22 00:00:00+00:00,97212.2956797176
2017-05-23 00:00:00+00:00,97212.2956797176
2017-05-24 00:00:00+00:00,97212.2956797176
2017-05-25 00:00:00+00:00,97212.2956797176
2017-05-26 00:00:00+00:00,97212.2956797176
2017-05-27 00:00:00+00:00,97212.2956797176
2017-05-28 00:00:00+00:00,97212.2956797176
2017-05-29 00:00:00+00:00,97212.2956797176
2017-05-30 00:00:00+00:00,97212.2956797176
2017-05-31 00:00:00+00:00,97212.2956797176
2017-06-01 00:00:00+00:00,97212.2956797176
2017-06-02 00:00:00+00:00,97212.2956797176
2017-06-03 00:00:00+00:00,97212.2956797176
2017-06-04 00:00:00+00:00,97212.2956797176
2017-06-05 00:00:00+00:00,97212.2956797176
2017-06-06 00:00:00+00:00,97212.2956797176
2017-06-07 00:00:00+00:00,97212.2956797176
2017-06-08 00:00:00+00:00,97212.2956797176
2017-06-09 00:00:00+00:00,97212.2956797176
2017-06-10 00:00:00+00:00,97212.2956797176
2017-06-11 00:00:00+00:00,97212.2956797176
2017-06-12 00:00:00+00:00,97212.2956797176
2017-06-13 00:00:00+00:00,97212.2956797176
2017-06-14 00:00:00+00:00,97212.2956797176
2017-06-15 00:00:00+00:00,97212.2956797176
2017-06-16 00:00:00+00:00,97212.2956797176
2017-06-17 00:00:00+00:00,97212.2956797176
2017-06-18 00:00:00+00:00,97212.2956797176
2017-06-19 00:00:00+00:00,97212.2956797176
2017-06-20 00:00:00+00:00,97212.2956797176
2017-06-21 00:00:00+00:00,97212.2956797176
2017-06-22 00:00:00+00:00,97212.2956797176
2017-06-23 00:00:00+00:00,97212.2956797176
2017-06-24 00:00:00+00:00,97212.2956797176
2017-06-25 00:00:00+00:00,97212.2956797176
2017-06-26 00:00:00+00:00,97212.2956797176
2017-06-27 00:00:00+00:00,97212.2956797176
2017-06-28 00:00:00+00:00,97212.2956797176
2017-06-29 00:00:00+00:00,97212.2956797176
2017-06-30 00:00:00+00:00,97212.2956797176
2017-07-01 00:00:00+00:00,97212.2956797176
2017-07-02 00:00:00+00:00,97212.2956797176
2017-07-03 00:00:00+00:00,97212.2956797176
2017-07-04 00:00:00+00:00,97212.2956797176
2017-07-05 00:00:00+00:00,97212.2956797176
2017-07-06 00:00:00+00:00,97212.2956797176
2017-07-07 00:00:00+00:00,97212.2956797176
2017-07-08 00:00:00+00:00,97212.2956797176
2017-07-09 00:00:00+00:00,97134.53455242008
2017-07-10 00:00:00+00:00,96429.40273975447
2017-07-11 00:00:00+00:00,96429.40273975447
2017-07-12 00:00:00+00:00,96429.40273975447
2017-07-13 00:00:00+00:00,96429.40273975447
2017-07-14 00:00:00+00:00,96429.40273975447
2017-07-15 00:00:00+00:00,96429.40273975447
2017-07-16 00:00:00+00:00,96429.40273975447
2017-07-17 00:00:00+00:00,96429.40273975447
2017-07-18 00:00:00+00:00,96429.40273975447
2017-07-19 00:00:00+00:00,96429.40273975447
2017-07-20 00:00:00+00:00,96429.40273975447
2017-07-21 00:00:00+00:00,96429.40273975447
2017-07-22 00:00:00+00:00,96429.40273975447
2017-07-23 00:00:00+00:00,96429.40273975447
2017-07-24 00:00:00+00:00,96429.40273975447
2017-07-25 00:00:00+00:00,96429.40273975447
2017-07-26 00:00:00+00:00,96352.9621650873
2017-07-27 00:00:00+00:00,95653.50943305317
2017-07-28 00:00:00+00:00,95653.50943305317
2017-07-29 00:00:00+00:00,95653.50943305317
2017-07-30 00:00:00+00:00,95653.50943305317
2017-07-31 00:00:00+00:00,95653.50943305317
2017-08-01 00:00:00+00:00,95653.50943305317
2017-08-02 00:00:00+00:00,95653.50943305317
2017-08-03 00:00:00+00:00,95653.50943305317
2017-08-04 00:00:00+00:00,95653.50943305317
2017-08-05 00:00:00+00:00,95653.50943305317
2017-08-06 00:00:00+00:00,95653.50943305317
2017-08-07 00:00:00+00:00,95653.50943305317
2017-08-08 00:00:00+00:00,95653.50943305317
2017-08-09 00:00:00+00:00,95653.50943305317
2017-08-10 00:00:00+00:00,95653.50943305317
2017-08-11 00:00:00+00:00,95653.50943305317
2017-08-12 00:00:00+00:00,95653.50943305317
2017-08-13 00:00:00+00:00,95653.50943305317
2017-08-14 00:00:00+00:00,95653.50943305317
2017-08-15 00:00:00+00:00,95653.50943305317
2017-08-16 00:00:00+00:00,95653.50943305317
2017-08-17 00:00:00+00:00,95653.50943305317
2017-08-18 00:00:00+00:00,95653.50943305317
2017-08-19 00:00:00+00:00,95653.50943305317
2017-08-20 00:00:00+00:00,95653.50943305317
2017-08-21 00:00:00+00:00,95653.50943305317
2017-08-22 00:00:00+00:00,95653.50943305317
2017-08-23 00:00:00+00:00,95653.50943305317
2017-08-24 00:00:00+00:00,95653.50943305317
2017-08-25 00:00:00+00:00,95653.50943305317
2017-08-26 00:00:00+00:00,95653.50943305317
2017-08-27 00:00:00+00:00,95653.50943305317
2017-08-28 00:00:00+00:00,95653.50943305317
2017-08-29 00:00:00+00:00,95653.50943305317
2017-08-30 00:00:00+00:00,95653.50943305317
2017-08-31 00:00:00+00:00,95653.50943305317
2017-09-01 00:00:00+00:00,95653.50943305317
2017-09-02 00:00:00+00:00,95653.50943305317
2017-09-03 00:00:00+00:00,95653.50943305317
2017-09-04 00:00:00+00:00,95653.50943305317
2017-09-05 00:00:00+00:00,95653.50943305317
2017-09-06 00:00:00+00:00,95653.50943305317
2017-09-07 00:00:00+00:00,95653.50943305317
2017-09-08 00:00:00+00:00,95653.50943305317
2017-09-09 00:00:00+00:00,95653.50943305317
2017-09-10 00:00:00+00:00,95653.50943305317
2017-09-11 00:00:00+00:00,95653.50943305317
2017-09-12 00:00:00+00:00,95653.50943305317
2017-09-13 00:00:00+00:00,95653.50943305317
2017-09-14 00:00:00+00:00,95594.20395474674
2017-09-15 00:00:00+00:00,94900.38744140096
2017-09-16 00:00:00+00:00,94900.38744140096
2017-09-17 00:00:00+00:00,94900.38744140096
2017-09-18 00:00:00+00:00,94900.38744140096
2017-09-19 00:00:00+00:00,94851.55529802265
2017-09-20 00:00:00+00:00,94163.20650929004
2017-09-21 00:00:00+00:00,94163.20650929004
2017-09-22 00:00:00+00:00,94163.20650929004
2017-09-23 00:00:00+00:00,94163.20650929004
2017-09-24 00:00:00+00:00,94163.20650929004
2017-09-25 00:00:00+00:00,94163.20650929004
2017-09-26 00:00:00+00:00,94163.20650929004
2017-09-27 00:00:00+00:00,94163.20650929004
2017-09-28 00:00:00+00:00,94163.20650929004
2017-09-29 00:00:00+00:00,94163.20650929004
2017-09-30 00:00:00+00:00,94163.20650929004
2017-10-01 00:00:00+00:00,94163.20650929004
2017-10-02 00:00:00+00:00,94163.20650929004
2017-10-03 00:00:00+00:00,94163.20650929004
2017-10-04 00:00:00+00:00,94163.20650929004
2017-10-05 00:00:00+00:00,94163.20650929004
2017-10-06 00:00:00+00:00,94163.20650929004
2017-10-07 00:00:00+00:00,94163.20650929004
2017-10-08 00:00:00+00:00,94163.20650929004
2017-10-09 00:00:00+00:00,94163.20650929004
2017-10-10 00:00:00+00:00,94163.20650929004
2017-10-11 00:00:00+00:00,94163.20650929004
2017-10-12 00:00:00+00:00,94163.20650929004
2017-10-13 00:00:00+00:00,94163.20650929004
2017-10-14 00:00:00+00:00,94163.20650929004
2017-10-15 00:00:00+00:00,94163.20650929004
2017-10-16 00:00:00+00:00,94163.20650929004
2017-10-17 00:00:00+00:00,94163.20650929004
2017-10-18 00:00:00+00:00,94163.20650929004
2017-10-19 00:00:00+00:00,94163.20650929004
2017-10-20 00:00:00+00:00,94163.20650929004
2017-10-21 00:00:00+00:00,94163.20650929004
2017-10-22 00:00:00+00:00,94163.20650929004
2017-10-23 00:00:00+00:00,94163.20650929004
2017-10-24 00:00:00+00:00,94163.20650929004
2017-10-25 00:00:00+00:00,94163.20650929004
2017-10-26 00:00:00+00:00,94163.20650929004
2017-10-27 00:00:00+00:00,94163.20650929004
2017-10-28 00:00:00+00:00,94163.20650929004
2017-10-29 00:00:00+00:00,94163.20650929004
2017-10-30 00:00:00+00:00,94163.20650929004
2017-10-31 00:00:00+00:00,94163.20650929004
2017-11-01 00:00:00+00:00,94163.20650929004
2017-11-02 00:00:00+00:00,94163.20650929004
2017-11-03 00:00:00+00:00,94163.20650929004
2017-11-04 00:00:00+00:00,94163.20650929004
2017-11-05 00:00:00+00:00,94163.20650929004
2017-11-06 00:00:00+00:00,94163.20650929004
2017-11-07 00:00:00+00:00,94163.20650929004
2017-11-08 00:00:00+00:00,94163.20650929004
2017-11-09 00:00:00+00:00,94163.20650929004
2017-11-10 00:00:00+00:00,94163.20650929004
2017-11-11 00:00:00+00:00,94163.20650929004
2017-11-12 00:00:00+00:00,94163.20650929004
2017-11-13 00:00:00+00:00,94163.20650929004
2017-11-14 00:00:00+00:00,94163.20650929004
2017-11-15 00:00:00+00:00,94163.20650929004
2017-11-16 00:00:00+00:00,94163.20650929004
2017-11-17 00:00:00+00:00,94163.20650929004
2017-11-18 00:00:00+00:00,94163.20650929004
2017-11-19 00:00:00+00:00,94163.20650929004
2017-11-20 00:00:00+00:00,94163.20650929004
2017-11-21 00:00:00+00:00,94163.20650929004
2017-11-22 00:00:00+00:00,94163.20650929004
2017-11-23 00:00:00+00:00,94163.20650929004
2017-11-24 00:00:00+00:00,94163.20650929004
2017-11-25 00:00:00+00:00,94163.20650929004
2017-11-26 00:00:00+00:00,94163.20650929004
2017-11-27 00:00:00+00:00,94163.20650929004
2017-11-28 00:00:00+00:00,94163.20650929004
2017-11-29 00:00:00+00:00,94163.20650929004
2017-11-30 00:00:00+00:00,94163.20650929004
2017-12-01 00:00:00+00:00,94163.20650929004
2017-12-02 00:00:00+00:00,94163.20650929004
2017-12-03 00:00:00+00:00,94163.20650929004
2017-12-04 00:00:00+00:00,94163.20650929004
2017-12-05 00:00:00+00:00,94163.20650929004
2017-12-06 00:00:00+00:00,94163.20650929004
2017-12-07 00:00:00+00:00,94163.20650929004
2017-12-08 00:00:00+00:00,94163.20650929004
2017-12-09 00:00:00+00:00,94163.20650929004
2017-12-10 00:00:00+00:00,94163.20650929004
2017-12-11 00:00:00+00:00,94163.20650929004
2017-12-12 00:00:00+00:00,94163.20650929004
2017-12-13 00:00:00+00:00,94163.20650929004
2017-12-14 00:00:00+00:00,94163.20650929004
2017-12-15 00:00:00+00:00,94163.20650929004
2017-12-16 00:00:00+00:00,94163.20650929004
2017-12-17 00:00:00+00:00,94163.20650929004
2017-12-18 00:00:00+00:00,94163.20650929004
2017-12-19 00:00:00+00:00,94163.20650929004
2017-12-20 00:00:00+00:00,94163.20650929004
2017-12-21 00:00:00+00:00,94163.20650929004
2017-12-22 00:00:00+00:00,94163.20650929004
2017-12-23 00:00:00+00:00,94163.20650929004
2017-12-24 00:00:00+00:00,94163.20650929004
2017-12-25 00:00:00+00:00,94163.20650929004
2017-12-26 00:00:00+00:00,94163.20650929004
2017-12-27 00:00:00+00:00,94163.20650929004
2017-12-28 00:00:00+00:00,94163.20650929004
2017-12-29 00:00:00+00:00,94163.20650929004
2017-12-30 00:00:00+00:00,94163.20650929004
2017-12-31 00:00:00+00:00,94163.20650929004
2018-01-01 00:00:00+00:00,94163.20650929004
2018-01-02 00:00:00+00:00,94163.20650929004
2018-01-03 00:00:00+00:00,94163.20650929004
2018-01-04 00:00:00+00:00,94163.20650929004
2018-01-05 00:00:00+00:00,94163.20650929004
2018-01-06 00:00:00+00:00,94163.20650929004
2018-01-07 00:00:00+00:00,94163.20650929004
2018-01-08 00:00:00+00:00,94163.20650929004
2018-01-09 00:00:00+00:00,94163.20650929004
2018-01-10 00:00:00+00:00,94163.20650929004
2018-01-11 00:00:00+00:00,94148.98442570955
2018-01-12 00:00:00+00:00,93465.99980745507
2018-01-13 00:00:00+00:00,93465.99980745507
2018-01-14 00:00:00+00:00,93465.99980745507
2018-01-15 00:00:00+00:00,93465.99980745507
2018-01-16 00:00:00+00:00,93465.99980745507
2018-01-17 00:00:00+00:00,93465.99980745507
2018-01-18 00:00:00+00:00,93465.99980745507
2018-01-19 00:00:00+00:00,93465.99980745507
2018-01-20 00:00:00+00:00,93465.99980745507
2018-01-21 00:00:00+00:00,93465.99980745507
2018-01-22 00:00:00+00:00,93465.99980745507
2018-01-23 00:00:00+00:00,93465.99980745507
2018-01-24 00:00:00+00:00,93465.99980745507
2018-01-25 00:00:00+00:00,93465.99980745507
2018-01-26 00:00:00+00:00,93465.99980745507
2018-01-27 00:00:00+00:00,93465.99980745507
2018-01-28 00:00:00+00:00,93465.99980745507
2018-01-29 00:00:00+00:00,93465.99980745507
2018-01-30 00:00:00+00:00,93465.99980745507
2018-01-31 00:00:00+00:00,93465.99980745507
2018-02-01 00:00:00+00:00,93465.99980745507
2018-02-02 00:00:00+00:00,93465.99980745507
2018-02-03 00:00:00+00:00,93465.99980745507
2018-02-04 00:00:00+00:00,93465.99980745507
2018-02-05 00:00:00+00:00,93465.99980745507
2018-02-06 00:00:00+00:00,93465.99980745507
2018-02-07 00:00:00+00:00,93465.99980745507
2018-02-08 00:00:00+00:00,93465.99980745507
2018-02-09 00:00:00+00:00,93465.99980745507
2018-02-10 00:00:00+00:00,93465.99980745507
2018-02-11 00:00:00+00:00,93465.99980745507
2018-02-12 00:00:00+00:00,93465.99980745507
2018-02-13 00:00:00+00:00,93465.99980745507
2018-02-14 00:00:00+00:00,93465.99980745507
2018-02-15 00:00:00+00:00,93465.99980745507
2018-02-16 00:00:00+00:00,93465.99980745507
2018-02-17 00:00:00+00:00,93465.99980745507
2018-02-18 00:00:00+00:00,93465.99980745507
2018-02-19 00:00:00+00:00,93465.99980745507
2018-02-20 00:00:00+00:00,93465.99980745507
2018-02-21 00:00:00+00:00,93465.99980745507
2018-02-22 00:00:00+00:00,93465.99980745507
2018-02-23 00:00:00+00:00,93465.99980745507
2018-02-24 00:00:00+00:00,93465.99980745507
2018-02-25 00:00:00+00:00,93465.99980745507
2018-02-26 00:00:00+00:00,93465.99980745507
2018-02-27 00:00:00+00:00,93465.99980745507
2018-02-28 00:00:00+00:00,93465.99980745507
2018-03-01 00:00:00+00:00,93465.99980745507
2018-03-02 00:00:00+00:00,93465.99980745507
2018-03-03 00:00:00+00:00,93465.99980745507
2018-03-04 00:00:00+00:00,93465.99980745507
2018-03-05 00:00:00+00:00,93465.99980745507
2018-03-06 00:00:00+00:00,93465.99980745507
2018-03-07 00:00:00+00:00,93447.13880112022
2018-03-08 00:00:00+00:00,92769.2087907636
2018-03-09 00:00:00+00:00,92769.2087907636
2018-03-10 00:00:00+00:00,92769.2087907636
2018-03-11 00:00:00+00:00,92769.2087907636
2018-03-12 00:00:00+00:00,92769.2087907636
2018-03-13 00:00:00+00:00,92769.2087907636
2018-03-14 00:00:00+00:00,92769.2087907636
2018-03-15 00:00:00+00:00,92769.2087907636
2018-03-16 00:00:00+00:00,92769.2087907636
2018-03-17 00:00:00+00:00,92769.2087907636
2018-03-18 00:00:00+00:00,92769.2087907636
2018-03-19 00:00:00+00:00,92769.2087907636
2018-03-20 00:00:00+00:00,92769.2087907636
2018-03-21 00:00:00+00:00,92769.2087907636
2018-03-22 00:00:00+00:00,92769.2087907636
2018-03-23 00:00:00+00:00,92769.2087907636
2018-03-24 00:00:00+00:00,92769.2087907636
2018-03-25 00:00:00+00:00,92769.2087907636
2018-03-26 00:00:00+00:00,92769.2087907636
2018-03-27 00:00:00+00:00,92769.2087907636
2018-03-28 00:00:00+00:00,92769.2087907636
2018-03-29 00:00:00+00:00,92769.2087907636
2018-03-30 00:00:00+00:00,92769.2087907636
2018-03-31 00:00:00+00:00,92769.2087907636
2018-04-01 00:00:00+00:00,92769.2087907636
2018-04-02 00:00:00+00:00,92769.2087907636
2018-04-03 00:00:00+00:00,92769.2087907636
2018-04-04 00:00:00+00:00,92769.2087907636
2018-04-05 00:00:00+00:00,92769.2087907636
2018-04-06 00:00:00+00:00,92769.2087907636
2018-04-07 00:00:00+00:00,92769.2087907636
2018-04-08 00:00:00+00:00,92769.2087907636
2018-04-09 00:00:00+00:00,92769.2087907636
2018-04-10 00:00:00+00:00,92769.2087907636
2018-04-11 00:00:00+00:00,92769.2087907636
2018-04-12 00:00:00+00:00,92769.2087907636
2018-04-13 00:00:00+00:00,92769.2087907636
2018-04-14 00:00:00+00:00,92769.2087907636
2018-04-15 00:00:00+00:00,92769.2087907636
2018-04-16 00:00:00+00:00,92769.2087907636
2018-04-17 00:00:00+00:00,92769.2087907636
2018-04-18 00:00:00+00:00,92769.2087907636
2018-04-19 00:00:00+00:00,92769.2087907636
2018-04-20 00:00:00+00:00,92748.27474838725
2018-04-21 00:00:00+00:00,92075.99835545289
2018-04-22 00:00:00+00:00,92075.99835545289
2018-04-23 00:00:00+00:00,92075.99835545289
2018-04-24 00:00:00+00:00,92075.99835545289
2018-04-25 00:00:00+00:00,92075.99835545289
2018-04-26 00:00:00+00:00,92075.99835545289
2018-04-27 00:00:00+00:00,92075.99835545289
2018-04-28 00:00:00+00:00,92075.99835545289
2018-04-29 00:00:00+00:00,92075.99835545289
2018-04-30 00:00:00+00:00,92075.99835545289
2018-05-01 00:00:00+00:00,92075.99835545289
2018-05-02 00:00:00+00:00,92075.99835545289
2018-05-03 00:00:00+00:00,92075.99835545289
2018-05-04 00:00:00+00:00,92075.99835545289
2018-05-05 00:00:00+00:00,92075.99835545289
2018-05-06 00:00:00+00:00,92075.99835545289
2018-05-07 00:00:00+00:00,92075.99835545289
2018-05-08 00:00:00+00:00,92075.99835545289
2018-05-09 00:00:00+00:00,92075.99835545289
2018-05-10 00:00:00+00:00,92075.99835545289
2018-05-11 00:00:00+00:00,92075.99835545289
2018-05-12 00:00:00+00:00,92075.99835545289
2018-05-13 00:00:00+00:00,92075.99835545289
2018-05-14 00:00:00+00:00,92075.99835545289
2018-05-15 00:00:00+00:00,92075.99835545289
2018-05-16 00:00:00+00:00,92075.99835545289
2018-05-17 00:00:00+00:00,92075.99835545289
2018-05-18 00:00:00+00:00,92075.99835545289
2018-05-19 00:00:00+00:00,92075.99835545289
2018-05-20 00:00:00+00:00,92054.38548895817
2018-05-21 00:00:00+00:00,91387.13304480923
2018-05-22 00:00:00+00:00,91387.13304480923
2018-05-23 00:00:00+00:00,91387.13304480923
2018-05-24 00:00:00+00:00,91387.13304480923
2018-05-25 00:00:00+00:00,91387.13304480923
2018-05-26 00:00:00+00:00,91387.13304480923
2018-05-27 00:00:00+00:00,91387.13304480923
2018-05-28 00:00:00+00:00,91387.13304480923
2018-05-29 00:00:00+00:00,91387.13304480923
2018-05-30 00:00:00+00:00,91387.13304480923
2018-05-31 00:00:00+00:00,91387.13304480923
2018-06-01 00:00:00+00:00,91387.13304480923
2018-06-02 00:00:00+00:00,91387.13304480923
2018-06-03 00:00:00+00:00,91387.13304480923
2018-06-04 00:00:00+00:00,91387.13304480923
2018-06-05 00:00:00+00:00,91387.13304480923
2018-06-06 00:00:00+00:00,91387.13304480923
2018-06-07 00:00:00+00:00,91387.13304480923
2018-06-08 00:00:00+00:00,91387.13304480923
2018-06-09 00:00:00+00:00,91387.13304480923
2018-06-10 00:00:00+00:00,91387.13304480923
2018-06-11 00:00:00+00:00,91387.13304480923
2018-06-12 00:00:00+00:00,91387.13304480923
2018-06-13 00:00:00+00:00,91387.13304480923
2018-06-14 00:00:00+00:00,91387.13304480923
2018-06-15 00:00:00+00:00,91387.13304480923
2018-06-16 00:00:00+00:00,91387.13304480923
2018-06-17 00:00:00+00:00,91387.13304480923
2018-06-18 00:00:00+00:00,91387.13304480923
2018-06-19 00:00:00+00:00,91387.13304480923
2018-06-20 00:00:00+00:00,91387.13304480923
2018-06-21 00:00:00+00:00,91387.13304480923
2018-06-22 00:00:00+00:00,91387.13304480923
2018-06-23 00:00:00+00:00,91387.13304480923
2018-06-24 00:00:00+00:00,91387.13304480923
2018-06-25 00:00:00+00:00,91387.13304480923
2018-06-26 00:00:00+00:00,91387.13304480923
2018-06-27 00:00:00+00:00,91387.13304480923
2018-06-28 00:00:00+00:00,91387.13304480923
2018-06-29 00:00:00+00:00,91387.13304480923
2018-06-30 00:00:00+00:00,91387.13304480923
2018-07-01 00:00:00+00:00,91387.13304480923
2018-07-02 00:00:00+00:00,91387.13304480923
2018-07-03 00:00:00+00:00,91387.13304480923
2018-07-04 00:00:00+00:00,91387.13304480923
2018-07-05 00:00:00+00:00,91387.13304480923
2018-07-06 00:00:00+00:00,91387.13304480923
2018-07-07 00:00:00+00:00,91387.13304480923
2018-07-08 00:00:00+00:00,91387.13304480923
2018-07-09 00:00:00+00:00,91387.13304480923
2018-07-10 00:00:00+00:00,91387.13304480923
2018-07-11 00:00:00+00:00,91387.13304480923
2018-07-12 00:00:00+00:00,91387.13304480923
2018-07-13 00:00:00+00:00,91387.13304480923
2018-07-14 00:00:00+00:00,91387.13304480923
2018-07-15 00:00:00+00:00,91387.13304480923
2018-07-16 00:00:00+00:00,91387.13304480923
2018-07-17 00:00:00+00:00,91362.13899115613
2018-07-18 00:00:00+00:00,90699.88035839886
2018-07-19 00:00:00+00:00,90699.88035839886
2018-07-20 00:00:00+00:00,90699.88035839886
2018-07-21 00:00:00+00:00,90699.88035839886
2018-07-22 00:00:00+00:00,90699.88035839886
2018-07-23 00:00:00+00:00,90699.88035839886
2018-07-24 00:00:00+00:00,90699.88035839886
2018-07-25 00:00:00+00:00,90699.88035839886
2018-07-26 00:00:00+00:00,90699.88035839886
2018-07-27 00:00:00+00:00,90699.88035839886
2018-07-28 00:00:00+00:00,90699.88035839886
2018-07-29 00:00:00+00:00,90699.88035839886
2018-07-30 00:00:00+00:00,90699.88035839886
2018-07-31 00:00:00+00:00,90699.88035839886
2018-08-01 00:00:00+00:00,90699.88035839886
2018-08-02 00:00:00+00:00,90699.88035839886
2018-08-03 00:00:00+00:00,90699.88035839886
2018-08-04 00:00:00+00:00,90699.88035839886
2018-08-05 00:00:00+00:00,90699.88035839886
2018-08-06 00:00:00+00:00,90699.88035839886
2018-08-07 00:00:00+00:00,90699.88035839886
2018-08-08 00:00:00+00:00,90699.88035839886
2018-08-09 00:00:00+00:00,90699.88035839886
2018-08-10 00:00:00+00:00,90699.88035839886
2018-08-11 00:00:00+00:00,90699.88035839886
2018-08-12 00:00:00+00:00,90699.88035839886
2018-08-13 00:00:00+00:00,90699.88035839886
2018-08-14 00:00:00+00:00,90699.88035839886
2018-08-15 00:00:00+00:00,90699.88035839886
2018-08-16 00:00:00+00:00,90699.88035839886
2018-08-17 00:00:00+00:00,90699.88035839886
2018-08-18 00:00:00+00:00,90699.88035839886
2018-08-19 00:00:00+00:00,90699.88035839886
2018-08-20 00:00:00+00:00,90699.88035839886
2018-08-21 00:00:00+00:00,90699.88035839886
2018-08-22 00:00:00+00:00,90699.88035839886
2018-08-23 00:00:00+00:00,90699.88035839886
2018-08-24 00:00:00+00:00,90699.88035839886
2018-08-25 00:00:00+00:00,90699.88035839886
2018-08-26 00:00:00+00:00,90699.88035839886
2018-08-27 00:00:00+00:00,90699.88035839886
2018-08-28 00:00:00+00:00,90674.26955826265
2018-08-29 00:00:00+00:00,90016.99166819044
2018-08-30 00:00:00+00:00,90016.99166819044
2018-08-31 00:00:00+00:00,90016.99166819044
2018-09-01 00:00:00+00:00,90016.99166819044
2018-09-02 00:00:00+00:00,90016.99166819044
2018-09-03 00:00:00+00:00,90016.99166819044
2018-09-04 00:00:00+00:00,90016.99166819044
2018-09-05 00:00:00+00:00,90016.99166819044
2018-09-06 00:00:00+00:00,90016.99166819044
2018-09-07 00:00:00+00:00,90016.99166819044
2018-09-08 00:00:00+00:00,90016.99166819044
2018-09-09 00:00:00+00:00,90016.99166819044
2018-09-10 00:00:00+00:00,90016.99166819044
2018-09-11 00:00:00+00:00,90016.99166819044
2018-09-12 00:00:00+00:00,90016.99166819044
2018-09-13 00:00:00+00:00,90016.99166819044
2018-09-14 00:00:00+00:00,90016.99166819044
2018-09-15 00:00:00+00:00,90016.99166819044
2018-09-16 00:00:00+00:00,90016.99166819044
2018-09-17 00:00:00+00:00,90016.99166819044
2018-09-18 00:00:00+00:00,90016.99166819044
2018-09-19 00:00:00+00:00,90016.99166819044
2018-09-20 00:00:00+00:00,90016.99166819044
2018-09-21 00:00:00+00:00,89990.32569520148
2018-09-22 00:00:00+00:00,89337.99714169254
2018-09-23 00:00:00+00:00,89337.99714169254
2018-09-24 00:00:00+00:00,89337.99714169254
2018-09-25 00:00:00+00:00,89337.99714169254
2018-09-26 00:00:00+00:00,89337.99714169254
2018-09-27 00:00:00+00:00,89311.26372562708
2018-09-28 00:00:00+00:00,88663.85579429893
2018-09-29 00:00:00+00:00,88663.85579429893
2018-09-30 00:00:00+00:00,88663.85579429893
2018-10-01 00:00:00+00:00,88663.85579429893
2018-10-02 00:00:00+00:00,88663.85579429893
2018-10-03 00:00:00+00:00,88663.85579429893
2018-10-04 00:00:00+00:00,88663.85579429893
2018-10-05 00:00:00+00:00,88663.85579429893
2018-10-06 00:00:00+00:00,88663.85579429893
2018-10-07 00:00:00+00:00,88663.85579429893
2018-10-08 00:00:00+00:00,88663.85579429893
2018-10-09 00:00:00+00:00,88663.85579429893
2018-10-10 00:00:00+00:00,88663.85579429893
2018-10-11 00:00:00+00:00,88663.85579429893
2018-10-12 00:00:00+00:00,88663.85579429893
2018-10-13 00:00:00+00:00,88663.85579429893
2018-10-14 00:00:00+00:00,88663.85579429893
2018-10-15 00:00:00+00:00,88663.85579429893
2018-10-16 00:00:00+00:00,88663.85579429893
2018-10-17 00:00:00+00:00,88663.85579429893
2018-10-18 00:00:00+00:00,88663.85579429893
2018-10-19 00:00:00+00:00,88663.85579429893
2018-10-20 00:00:00+00:00,88663.85579429893
2018-10-21 00:00:00+00:00,88663.85579429893
2018-10-22 00:00:00+00:00,88663.85579429893
2018-10-23 00:00:00+00:00,88663.85579429893
2018-10-24 00:00:00+00:00,88663.85579429893
2018-10-25 00:00:00+00:00,88663.85579429893
2018-10-26 00:00:00+00:00,88663.85579429893
2018-10-27 00:00:00+00:00,88663.85579429893
2018-10-28 00:00:00+00:00,88663.85579429893
2018-10-29 00:00:00+00:00,88663.85579429893
2018-10-30 00:00:00+00:00,88663.85579429893
2018-10-31 00:00:00+00:00,88663.85579429893
2018-11-01 00:00:00+00:00,88663.85579429893
2018-11-02 00:00:00+00:00,88663.85579429893
2018-11-03 00:00:00+00:00,88663.85579429893
2018-11-04 00:00:00+00:00,88663.85579429893
2018-11-05 00:00:00+00:00,88663.85579429893
2018-11-06 00:00:00+00:00,88663.85579429893
2018-11-07 00:00:00+00:00,88636.58719340879
2018-11-08 00:00:00+00:00,87994.06494774992
2018-11-09 00:00:00+00:00,87994.06494774992
2018-11-10 00:00:00+00:00,87994.06494774992
2018-11-11 00:00:00+00:00,87994.06494774992
2018-11-12 00:00:00+00:00,87994.06494774992
2018-11-13 00:00:00+00:00,87994.06494774992
2018-11-14 00:00:00+00:00,87994.06494774992
2018-11-15 00:00:00+00:00,87994.06494774992
2018-11-16 00:00:00+00:00,87994.06494774992
2018-11-17 00:00:00+00:00,87994.06494774992
2018-11-18 00:00:00+00:00,87994.06494774992
2018-11-19 00:00:00+00:00,87994.06494774992
2018-11-20 00:00:00+00:00,87994.06494774992
2018-11-21 00:00:00+00:00,87994.06494774992
2018-11-22 00:00:00+00:00,87994.06494774992
2018-11-23 00:00:00+00:00,87994.06494774992
2018-11-24 00:00:00+00:00,87994.06494774992
2018-11-25 00:00:00+00:00,87994.06494774992
2018-11-26 00:00:00+00:00,87994.06494774992
2018-11-27 00:00:00+00:00,87994.06494774992
2018-11-28 00:00:00+00:00,87994.06494774992
2018-11-29 00:00:00+00:00,87994.06494774992
2018-11-30 00:00:00+00:00,87994.06494774992
2018-12-01 00:00:00+00:00,87994.06494774992
2018-12-02 00:00:00+00:00,87994.06494774992
2018-12-03 00:00:00+00:00,87994.06494774992
2018-12-04 00:00:00+00:00,87994.06494774992
2018-12-05 00:00:00+00:00,87994.06494774992
2018-12-06 00:00:00+00:00,87994.06494774992
2018-12-07 00:00:00+00:00,87994.06494774992
2018-12-08 00:00:00+00:00,87994.06494774992
2018-12-09 00:00:00+00:00,87994.06494774992
2018-12-10 00:00:00+00:00,87994.06494774992
2018-12-11 00:00:00+00:00,87994.06494774992
2018-12-12 00:00:00+00:00,87994.06494774992
2018-12-13 00:00:00+00:00,87994.06494774992
2018-12-14 00:00:00+00:00,87994.06494774992
2018-12-15 00:00:00+00:00,87994.06494774992
2018-12-16 00:00:00+00:00,87994.06494774992
2018-12-17 00:00:00+00:00,87994.06494774992
2018-12-18 00:00:00+00:00,87994.06494774992
2018-12-19 00:00:00+00:00,87994.06494774992
2018-12-20 00:00:00+00:00,87994.06494774992
2018-12-21 00:00:00+00:00,87994.06494774992
2018-12-22 00:00:00+00:00,87994.06494774992
2018-12-23 00:00:00+00:00,87994.06494774992
2018-12-24 00:00:00+00:00,87994.06494774992
2018-12-25 00:00:00+00:00,87994.06494774992
2018-12-26 00:00:00+00:00,87994.06494774992
2018-12-27 00:00:00+00:00,87994.06494774992
2018-12-28 00:00:00+00:00,87994.06494774992
2018-12-29 00:00:00+00:00,87994.06494774992
2018-12-30 00:00:00+00:00,87994.06494774992
2018-12-31 00:00:00+00:00,87994.06494774992
2019-01-01 00:00:00+00:00,87994.06494774992
2019-01-02 00:00:00+00:00,87994.06494774992
2019-01-03 00:00:00+00:00,87994.06494774992
2019-01-04 00:00:00+00:00,87994.06494774992
2019-01-05 00:00:00+00:00,87994.06494774992
2019-01-06 00:00:00+00:00,87950.53273052546
2019-01-07 00:00:00+00:00,87312.87250721586
2019-01-08 00:00:00+00:00,87312.87250721586
2019-01-09 00:00:00+00:00,87312.87250721586
2019-01-10 00:00:00+00:00,87312.87250721586
2019-01-11 00:00:00+00:00,87312.87250721586
2019-01-12 00:00:00+00:00,87312.87250721586
2019-01-13 00:00:00+00:00,87312.87250721586
2019-01-14 00:00:00+00:00,87312.87250721586
2019-01-15 00:00:00+00:00,87312.87250721586
2019-01-16 00:00:00+00:00,87312.87250721586
2019-01-17 00:00:00+00:00,87312.87250721586
2019-01-18 00:00:00+00:00,87312.87250721586
2019-01-19 00:00:00+00:00,87312.87250721586
2019-01-20 00:00:00+00:00,87312.87250721586
2019-01-21 00:00:00+00:00,87312.87250721586
2019-01-22 00:00:00+00:00,87312.87250721586
2019-01-23 00:00:00+00:00,87312.87250721586
2019-01-24 00:00:00+00:00,87312.87250721586
2019-01-25 00:00:00+00:00,87312.87250721586
2019-01-26 00:00:00+00:00,87312.87250721586
2019-01-27 00:00:00+00:00,87312.87250721586
2019-01-28 00:00:00+00:00,87312.87250721586
2019-01-29 00:00:00+00:00,87312.87250721586
2019-01-30 00:00:00+00:00,87312.87250721586
2019-01-31 00:00:00+00:00,87312.87250721586
2019-02-01 00:00:00+00:00,87312.87250721586
2019-02-02 00:00:00+00:00,87312.87250721586
2019-02-03 00:00:00+00:00,87312.87250721586
2019-02-04 00:00:00+00:00,87312.87250721586
2019-02-05 00:00:00+00:00,87312.87250721586
2019-02-06 00:00:00+00:00,87312.87250721586
2019-02-07 00:00:00+00:00,87312.87250721586
2019-02-08 00:00:00+00:00,87312.87250721586
2019-02-09 00:00:00+00:00,87312.87250721586
2019-02-10 00:00:00+00:00,87265.06088215749
2019-02-11 00:00:00+00:00,86632.33931501929
2019-02-12 00:00:00+00:00,86632.33931501929
2019-02-13 00:00:00+00:00,86632.33931501929
2019-02-14 00:00:00+00:00,86632.33931501929
2019-02-15 00:00:00+00:00,86632.33931501929
2019-02-16 00:00:00+00:00,86632.33931501929
2019-02-17 00:00:00+00:00,86584.5764198186
2019-02-18 00:00:00+00:00,92416.42592382336
2019-02-19 00:00:00+00:00,92862.05373604584
2019-02-20 00:00:00+00:00,94010.03492219454
2019-02-21 00:00:00+00:00,93147.19822039398
2019-02-22 00:00:00+00:00,94088.60488479967
2019-02-23 00:00:00+00:00,98237.05114745596
2019-02-24 00:00:00+00:00,89094.03893366306
2019-02-25 00:00:00+00:00,91244.08566112233
2019-02-26 00:00:00+00:00,90631.52653017342
2019-02-27 00:00:00+00:00,90712.9622664906
2019-02-28 00:00:00+00:00,90543.16517405213
2019-03-01 00:00:00+00:00,90917.86508690158
2019-03-02 00:00:00+00:00,90999.30082321877
2019-03-03 00:00:00+00:00,90499.2233104675
2019-03-04 00:00:00+00:00,88329.35498149996
2019-03-05 00:00:00+00:00,91801.95627706643
2019-03-06 00:00:00+00:00,91980.58950511704
2019-03-07 00:00:00+00:00,92102.1460734028
2019-03-08 00:00:00+00:00,91815.56870219862
2019-03-09 00:00:00+00:00,93530.01782542755
2019-03-10 00:00:00+00:00,93087.97223034513
2019-03-11 00:00:00+00:00,91925.66217563623
2019-03-12 00:00:00+00:00,92176.17856096386
2019-03-13 00:00:00+00:00,91907.27346098397
2019-03-14 00:00:00+00:00,92057.48776639014
2019-03-15 00:00:00+00:00,93166.54219295026
2019-03-16 00:00:00+00:00,95286.9759253851
2019-03-17 00:00:00+00:00,94701.88045917658
2019-03-18 00:00:00+00:00,94799.555579862
2019-03-19 00:00:00+00:00,95481.13209437592
2019-03-20 00:00:00+00:00,96280.20533108353
2019-03-21 00:00:00+00:00,94909.88786777561
2019-03-22 00:00:00+00:00,95097.59604591434
2019-03-23 00:00:00+00:00,95108.34269733449
2019-03-24 00:00:00+00:00,94809.10815890213
2019-03-25 00:00:00+00:00,93388.63965563351
2019-03-26 00:00:00+00:00,93676.88872816968
2019-03-27 00:00:00+00:00,96134.76731519742
2019-03-28 00:00:00+00:00,95817.86050554081
2019-03-29 00:00:00+00:00,97675.12068541981
2019-03-30 00:00:00+00:00,97792.61740761352
2019-03-31 00:00:00+00:00,97820.31988682991
2019-04-01 00:00:00+00:00,98781.30933826788
2019-04-02 00:00:00+00:00,110404.55850438157
2019-04-03 00:00:00+00:00,110404.55850438157
2019-04-04 00:00:00+00:00,110404.55850438157
2019-04-05 00:00:00+00:00,110404.55850438157
2019-04-06 00:00:00+00:00,110404.55850438157
2019-04-07 00:00:00+00:00,110404.55850438157
2019-04-08 00:00:00+00:00,110404.55850438157
2019-04-09 00:00:00+00:00,110404.55850438157
2019-04-10 00:00:00+00:00,110404.55850438157
2019-04-11 00:00:00+00:00,110404.55850438157
2019-04-12 00:00:00+00:00,110404.55850438157
2019-04-13 00:00:00+00:00,110404.55850438157
2019-04-14 00:00:00+00:00,110404.55850438157
2019-04-15 00:00:00+00:00,110404.55850438157
2019-04-16 00:00:00+00:00,110404.55850438157
2019-04-17 00:00:00+00:00,110404.55850438157
2019-04-18 00:00:00+00:00,110404.55850438157
2019-04-19 00:00:00+00:00,110404.55850438157
2019-04-20 00:00:00+00:00,110404.55850438157
2019-04-21 00:00:00+00:00,110404.55850438157
2019-04-22 00:00:00+00:00,110404.55850438157
2019-04-23 00:00:00+00:00,110404.55850438157
2019-04-24 00:00:00+00:00,110404.55850438157
2019-04-25 00:00:00+00:00,110404.55850438157
2019-04-26 00:00:00+00:00,110404.55850438157
2019-04-27 00:00:00+00:00,110404.55850438157
2019-04-28 00:00:00+00:00,110404.55850438157
2019-04-29 00:00:00+00:00,110404.55850438157
2019-04-30 00:00:00+00:00,110404.55850438157
2019-05-01 00:00:00+00:00,110404.55850438157
2019-05-02 00:00:00+00:00,110404.55850438157
2019-05-03 00:00:00+00:00,110404.55850438157
2019-05-04 00:00:00+00:00,110404.55850438157
2019-05-05 00:00:00+00:00,110404.55850438157
2019-05-06 00:00:00+00:00,110404.55850438157
2019-05-07 00:00:00+00:00,110404.55850438157
2019-05-08 00:00:00+00:00,110404.55850438157
2019-05-09 00:00:00+00:00,110404.55850438157
2019-05-10 00:00:00+00:00,110404.55850438157
2019-05-11 00:00:00+00:00,110404.55850438157
2019-05-12 00:00:00+00:00,110404.55850438157
2019-05-13 00:00:00+00:00,110404.55850438157
2019-05-14 00:00:00+00:00,110404.55850438157
2019-05-15 00:00:00+00:00,110404.55850438157
2019-05-16 00:00:00+00:00,110404.55850438157
2019-05-17 00:00:00+00:00,110404.55850438157
2019-05-18 00:00:00+00:00,110404.55850438157
2019-05-19 00:00:00+00:00,110404.55850438157
2019-05-20 00:00:00+00:00,110404.55850438157
2019-05-21 00:00:00+00:00,110404.55850438157
2019-05-22 00:00:00+00:00,110404.55850438157
2019-05-23 00:00:00+00:00,110404.55850438157
2019-05-24 00:00:00+00:00,110404.55850438157
2019-05-25 00:00:00+00:00,110404.55850438157
2019-05-26 00:00:00+00:00,110404.55850438157
2019-05-27 00:00:00+00:00,110404.55850438157
2019-05-28 00:00:00+00:00,110404.55850438157
2019-05-29 00:00:00+00:00,110404.55850438157
2019-05-30 00:00:00+00:00,110404.55850438157
2019-05-31 00:00:00+00:00,110404.55850438157
2019-06-01 00:00:00+00:00,110404.55850438157
2019-06-02 00:00:00+00:00,110404.55850438157
2019-06-03 00:00:00+00:00,110404.55850438157
2019-06-04 00:00:00+00:00,110404.55850438157
2019-06-05 00:00:00+00:00,110404.55850438157
2019-06-06 00:00:00+00:00,110404.55850438157
2019-06-07 00:00:00+00:00,110404.55850438157
2019-06-08 00:00:00+00:00,110404.55850438157
2019-06-09 00:00:00+00:00,110404.55850438157
2019-06-10 00:00:00+00:00,110404.55850438157
2019-06-11 00:00:00+00:00,110404.55850438157
2019-06-12 00:00:00+00:00,110404.55850438157
2019-06-13 00:00:00+00:00,110404.55850438157
2019-06-14 00:00:00+00:00,110404.55850438157
2019-06-15 00:00:00+00:00,110404.55850438157
2019-06-16 00:00:00+00:00,110404.55850438157
2019-06-17 00:00:00+00:00,110404.55850438157
2019-06-18 00:00:00+00:00,110404.55850438157
2019-06-19 00:00:00+00:00,110404.55850438157
2019-06-20 00:00:00+00:00,110404.55850438157
2019-06-21 00:00:00+00:00,110404.55850438157
2019-06-22 00:00:00+00:00,110404.55850438157
2019-06-23 00:00:00+00:00,110404.55850438157
2019-06-24 00:00:00+00:00,110404.55850438157
2019-06-25 00:00:00+00:00,110404.55850438157
2019-06-26 00:00:00+00:00,110404.55850438157
2019-06-27 00:00:00+00:00,110404.55850438157
2019-06-28 00:00:00+00:00,110404.55850438157
2019-06-29 00:00:00+00:00,110404.55850438157
2019-06-30 00:00:00+00:00,110404.55850438157
2019-07-01 00:00:00+00:00,110404.55850438157
2019-07-02 00:00:00+00:00,110404.55850438157
2019-07-03 00:00:00+00:00,110404.55850438157
2019-07-04 00:00:00+00:00,110404.55850438157
2019-07-05 00:00:00+00:00,110404.55850438157
2019-07-06 00:00:00+00:00,110404.55850438157
2019-07-07 00:00:00+00:00,110404.55850438157
2019-07-08 00:00:00+00:00,110404.55850438157
2019-07-09 00:00:00+00:00,110404.55850438157
2019-07-10 00:00:00+00:00,110404.55850438157
2019-07-11 00:00:00+00:00,110404.55850438157
2019-07-12 00:00:00+00:00,110404.55850438157
2019-07-13 00:00:00+00:00,110404.55850438157
2019-07-14 00:00:00+00:00,110404.55850438157
2019-07-15 00:00:00+00:00,110404.55850438157
2019-07-16 00:00:00+00:00,110381.09515563595
2019-07-17 00:00:00+00:00,109580.30536055948
2019-07-18 00:00:00+00:00,109580.30536055948
2019-07-19 00:00:00+00:00,109580.30536055948
2019-07-20 00:00:00+00:00,109580.30536055948
2019-07-21 00:00:00+00:00,109580.30536055948
2019-07-22 00:00:00+00:00,109580.30536055948
2019-07-23 00:00:00+00:00,109558.04429753257
2019-07-24 00:00:00+00:00,108763.23351468275
2019-07-25 00:00:00+00:00,108763.23351468275
2019-07-26 00:00:00+00:00,108763.23351468275
2019-07-27 00:00:00+00:00,108763.23351468275
2019-07-28 00:00:00+00:00,108763.23351468275
2019-07-29 00:00:00+00:00,108763.23351468275
2019-07-30 00:00:00+00:00,108763.23351468275
2019-07-31 00:00:00+00:00,108763.23351468275
2019-08-01 00:00:00+00:00,108763.23351468275
2019-08-02 00:00:00+00:00,108763.23351468275
2019-08-03 00:00:00+00:00,108763.23351468275
2019-08-04 00:00:00+00:00,108763.23351468275
2019-08-05 00:00:00+00:00,108763.23351468275
2019-08-06 00:00:00+00:00,108763.23351468275
2019-08-07 00:00:00+00:00,108763.23351468275
2019-08-08 00:00:00+00:00,108763.23351468275
2019-08-09 00:00:00+00:00,108763.23351468275
2019-08-10 00:00:00+00:00,108763.23351468275
2019-08-11 00:00:00+00:00,108763.23351468275
2019-08-12 00:00:00+00:00,108763.23351468275
2019-08-13 00:00:00+00:00,108743.20396967753
2019-08-14 00:00:00+00:00,117148.50238339597
2019-08-15 00:00:00+00:00,114359.88898004325
2019-08-16 00:00:00+00:00,113830.107514655
2019-08-17 00:00:00+00:00,115266.72663015491
2019-08-18 00:00:00+00:00,114184.1297226224
2019-08-19 00:00:00+00:00,107954.32062681882
2019-08-20 00:00:00+00:00,107934.27380871728
2019-08-21 00:00:00+00:00,114323.89637631367
2019-08-22 00:00:00+00:00,114551.82869812826
2019-08-23 00:00:00+00:00,111649.14967111484
2019-08-24 00:00:00+00:00,114174.04641100462
2019-08-25 00:00:00+00:00,114303.84955821212
2019-08-26 00:00:00+00:00,112056.40078084776
2019-08-27 00:00:00+00:00,113997.73464580151
2019-08-28 00:00:00+00:00,118563.49770251922
2019-08-29 00:00:00+00:00,120786.48936179971
2019-08-30 00:00:00+00:00,119886.88839949282
2019-08-31 00:00:00+00:00,119742.55130916169
2019-09-01 00:00:00+00:00,118004.69264793862
2019-09-02 00:00:00+00:00,111820.75043406409
2019-09-03 00:00:00+00:00,109483.9930820573
2019-09-04 00:00:00+00:00,109798.22695579905
2019-09-05 00:00:00+00:00,109924.5219098388
2019-09-06 00:00:00+00:00,107151.25760351181
2019-09-07 00:00:00+00:00,107151.25760351181
2019-09-08 00:00:00+00:00,107130.6479857511
2019-09-09 00:00:00+00:00,106353.45621563673
2019-09-10 00:00:00+00:00,106353.45621563673
2019-09-11 00:00:00+00:00,106353.45621563673
2019-09-12 00:00:00+00:00,106353.45621563673
2019-09-13 00:00:00+00:00,106353.45621563673
2019-09-14 00:00:00+00:00,106353.45621563673
2019-09-15 00:00:00+00:00,106353.45621563673
2019-09-16 00:00:00+00:00,106353.45621563673
2019-09-17 00:00:00+00:00,106353.45621563673
2019-09-18 00:00:00+00:00,106353.45621563673
2019-09-19 00:00:00+00:00,106353.45621563673
2019-09-20 00:00:00+00:00,106353.45621563673
2019-09-21 00:00:00+00:00,106353.45621563673
2019-09-22 00:00:00+00:00,106353.45621563673
2019-09-23 00:00:00+00:00,106353.45621563673
2019-09-24 00:00:00+00:00,106353.45621563673
2019-09-25 00:00:00+00:00,106353.45621563673
2019-09-26 00:00:00+00:00,106353.45621563673
2019-09-27 00:00:00+00:00,106353.45621563673
2019-09-28 00:00:00+00:00,106353.45621563673
2019-09-29 00:00:00+00:00,106353.45621563673
2019-09-30 00:00:00+00:00,106353.45621563673
2019-10-01 00:00:00+00:00,106353.45621563673
2019-10-02 00:00:00+00:00,106353.45621563673
2019-10-03 00:00:00+00:00,106353.45621563673
2019-10-04 00:00:00+00:00,106353.45621563673
2019-10-05 00:00:00+00:00,106353.45621563673
2019-10-06 00:00:00+00:00,106353.45621563673
2019-10-07 00:00:00+00:00,106353.45621563673
2019-10-08 00:00:00+00:00,106353.45621563673
2019-10-09 00:00:00+00:00,106353.45621563673
2019-10-10 00:00:00+00:00,106353.45621563673
2019-10-11 00:00:00+00:00,106353.45621563673
2019-10-12 00:00:00+00:00,106353.45621563673
2019-10-13 00:00:00+00:00,106353.45621563673
2019-10-14 00:00:00+00:00,106353.45621563673
2019-10-15 00:00:00+00:00,106353.45621563673
2019-10-16 00:00:00+00:00,106353.45621563673
2019-10-17 00:00:00+00:00,106353.45621563673
2019-10-18 00:00:00+00:00,106353.45621563673
2019-10-19 00:00:00+00:00,106353.45621563673
2019-10-20 00:00:00+00:00,106353.45621563673
2019-10-21 00:00:00+00:00,106353.45621563673
2019-10-22 00:00:00+00:00,106353.45621563673
2019-10-23 00:00:00+00:00,106353.45621563673
2019-10-24 00:00:00+00:00,106353.45621563673
2019-10-25 00:00:00+00:00,106353.45621563673
2019-10-26 00:00:00+00:00,106353.45621563673
2019-10-27 00:00:00+00:00,106353.45621563673
2019-10-28 00:00:00+00:00,106353.45621563673
2019-10-29 00:00:00+00:00,106353.45621563673
2019-10-30 00:00:00+00:00,106353.45621563673
2019-10-31 00:00:00+00:00,106353.45621563673
2019-11-01 00:00:00+00:00,106353.45621563673
2019-11-02 00:00:00+00:00,106353.45621563673
2019-11-03 00:00:00+00:00,106353.45621563673
2019-11-04 00:00:00+00:00,106353.45621563673
2019-11-05 00:00:00+00:00,106353.45621563673
2019-11-06 00:00:00+00:00,106353.45621563673
2019-11-07 00:00:00+00:00,106353.45621563673
2019-11-08 00:00:00+00:00,106353.45621563673
2019-11-09 00:00:00+00:00,106353.45621563673
2019-11-10 00:00:00+00:00,106353.45621563673
2019-11-11 00:00:00+00:00,106353.45621563673
2019-11-12 00:00:00+00:00,106353.45621563673
2019-11-13 00:00:00+00:00,106353.45621563673
2019-11-14 00:00:00+00:00,106353.45621563673
2019-11-15 00:00:00+00:00,106353.45621563673
2019-11-16 00:00:00+00:00,106353.45621563673
2019-11-17 00:00:00+00:00,106353.45621563673
2019-11-18 00:00:00+00:00,106353.45621563673
2019-11-19 00:00:00+00:00,106353.45621563673
2019-11-20 00:00:00+00:00,106353.45621563673
2019-11-21 00:00:00+00:00,106353.45621563673
2019-11-22 00:00:00+00:00,106353.45621563673
2019-11-23 00:00:00+00:00,106353.45621563673
2019-11-24 00:00:00+00:00,106353.45621563673
2019-11-25 00:00:00+00:00,106353.45621563673
2019-11-26 00:00:00+00:00,106353.45621563673
2019-11-27 00:00:00+00:00,106353.45621563673
2019-11-28 00:00:00+00:00,106353.45621563673
2019-11-29 00:00:00+00:00,106353.45621563673
2019-11-30 00:00:00+00:00,106353.45621563673
2019-12-01 00:00:00+00:00,106353.45621563673
2019-12-02 00:00:00+00:00,106353.45621563673
2019-12-03 00:00:00+00:00,106353.45621563673
2019-12-04 00:00:00+00:00,106353.45621563673
2019-12-05 00:00:00+00:00,106353.45621563673
2019-12-06 00:00:00+00:00,106353.45621563673
2019-12-07 00:00:00+00:00,106353.45621563673
2019-12-08 00:00:00+00:00,106353.45621563673
2019-12-09 00:00:00+00:00,106353.45621563673
2019-12-10 00:00:00+00:00,106353.45621563673
2019-12-11 00:00:00+00:00,106353.45621563673
2019-12-12 00:00:00+00:00,106353.45621563673
2019-12-13 00:00:00+00:00,106353.45621563673
2019-12-14 00:00:00+00:00,106353.45621563673
2019-12-15 00:00:00+00:00,106353.45621563673
2019-12-16 00:00:00+00:00,106353.45621563673
2019-12-17 00:00:00+00:00,106353.45621563673
2019-12-18 00:00:00+00:00,106353.45621563673
2019-12-19 00:00:00+00:00,106353.45621563673
2019-12-20 00:00:00+00:00,106353.45621563673
2019-12-21 00:00:00+00:00,106353.45621563673
2019-12-22 00:00:00+00:00,106353.45621563673
2019-12-23 00:00:00+00:00,106353.45621563673
2019-12-24 00:00:00+00:00,106353.45621563673
2019-12-25 00:00:00+00:00,106353.45621563673
2019-12-26 00:00:00+00:00,106353.45621563673
2019-12-27 00:00:00+00:00,106353.45621563673
2019-12-28 00:00:00+00:00,106353.45621563673
2019-12-29 00:00:00+00:00,106353.45621563673
2019-12-30 00:00:00+00:00,106353.45621563673
2019-12-31 00:00:00+00:00,106353.45621563673
2020-01-01 00:00:00+00:00,106353.45621563673
2020-01-02 00:00:00+00:00,106353.45621563673
2020-01-03 00:00:00+00:00,106353.45621563673
2020-01-04 00:00:00+00:00,106353.45621563673
2020-01-05 00:00:00+00:00,106324.55071433469
2020-01-06 00:00:00+00:00,112192.94558867352
2020-01-07 00:00:00+00:00,117920.13708915193
2020-01-08 00:00:00+00:00,116264.28544706493
2020-01-09 00:00:00+00:00,112829.44472734431
2020-01-10 00:00:00+00:00,118512.5553383371
2020-01-11 00:00:00+00:00,115856.42882369325
2020-01-12 00:00:00+00:00,118234.48441581154
2020-01-13 00:00:00+00:00,117139.68855399702
2020-01-14 00:00:00+00:00,127372.66959743641
2020-01-15 00:00:00+00:00,127316.73745241696
2020-01-16 00:00:00+00:00,125885.62608295327
2020-01-17 00:00:00+00:00,128522.9640217508
2020-01-18 00:00:00+00:00,128752.76275710198
2020-01-19 00:00:00+00:00,130765.66084746203
2020-01-20 00:00:00+00:00,130765.66084746203
2020-01-21 00:00:00+00:00,130765.66084746203
2020-01-22 00:00:00+00:00,130765.66084746203
2020-01-23 00:00:00+00:00,130765.66084746203
2020-01-24 00:00:00+00:00,130765.66084746203
2020-01-25 00:00:00+00:00,130765.66084746203
2020-01-26 00:00:00+00:00,130765.66084746203
2020-01-27 00:00:00+00:00,130765.66084746203
2020-01-28 00:00:00+00:00,130765.66084746203
2020-01-29 00:00:00+00:00,130765.66084746203
2020-01-30 00:00:00+00:00,130765.66084746203
2020-01-31 00:00:00+00:00,130765.66084746203
2020-02-01 00:00:00+00:00,130765.66084746203
2020-02-02 00:00:00+00:00,130765.66084746203
2020-02-03 00:00:00+00:00,130765.66084746203
2020-02-04 00:00:00+00:00,130765.66084746203
2020-02-05 00:00:00+00:00,130765.66084746203
2020-02-06 00:00:00+00:00,130765.66084746203
2020-02-07 00:00:00+00:00,130765.66084746203
2020-02-08 00:00:00+00:00,130765.66084746203
2020-02-09 00:00:00+00:00,130765.66084746203
2020-02-10 00:00:00+00:00,130765.66084746203
2020-02-11 00:00:00+00:00,130765.66084746203
2020-02-12 00:00:00+00:00,130765.66084746203
2020-02-13 00:00:00+00:00,130765.66084746203
2020-02-14 00:00:00+00:00,130765.66084746203
2020-02-15 00:00:00+00:00,130765.66084746203
2020-02-16 00:00:00+00:00,130765.66084746203
2020-02-17 00:00:00+00:00,130765.66084746203
2020-02-18 00:00:00+00:00,130765.66084746203
2020-02-19 00:00:00+00:00,130765.66084746203
2020-02-20 00:00:00+00:00,130765.66084746203
2020-02-21 00:00:00+00:00,130765.66084746203
2020-02-22 00:00:00+00:00,130765.66084746203
2020-02-23 00:00:00+00:00,130765.66084746203
2020-02-24 00:00:00+00:00,130765.66084746203
2020-02-25 00:00:00+00:00,130765.66084746203
2020-02-26 00:00:00+00:00,130765.66084746203
2020-02-27 00:00:00+00:00,130765.66084746203
2020-02-28 00:00:00+00:00,130765.66084746203
2020-02-29 00:00:00+00:00,130765.66084746203
2020-03-01 00:00:00+00:00,130765.66084746203
2020-03-02 00:00:00+00:00,130765.66084746203
2020-03-03 00:00:00+00:00,130765.66084746203
2020-03-04 00:00:00+00:00,130765.66084746203
2020-03-05 00:00:00+00:00,130765.66084746203
2020-03-06 00:00:00+00:00,130765.66084746203
2020-03-07 00:00:00+00:00,130765.66084746203
2020-03-08 00:00:00+00:00,130765.66084746203
2020-03-09 00:00:00+00:00,130765.66084746203
2020-03-10 00:00:00+00:00,130765.66084746203
2020-03-11 00:00:00+00:00,130765.66084746203
2020-03-12 00:00:00+00:00,130765.66084746203
2020-03-13 00:00:00+00:00,130765.66084746203
2020-03-14 00:00:00+00:00,130765.66084746203
2020-03-15 00:00:00+00:00,130765.66084746203
2020-03-16 00:00:00+00:00,130765.66084746203
2020-03-17 00:00:00+00:00,130765.66084746203
2020-03-18 00:00:00+00:00,130765.66084746203
2020-03-19 00:00:00+00:00,130765.66084746203
2020-03-20 00:00:00+00:00,130765.66084746203
2020-03-21 00:00:00+00:00,130765.66084746203
2020-03-22 00:00:00+00:00,130765.66084746203
2020-03-23 00:00:00+00:00,130765.66084746203
2020-03-24 00:00:00+00:00,130765.66084746203
2020-03-25 00:00:00+00:00,130765.66084746203
2020-03-26 00:00:00+00:00,130765.66084746203
2020-03-27 00:00:00+00:00,130765.66084746203
2020-03-28 00:00:00+00:00,130765.66084746203
2020-03-29 00:00:00+00:00,130765.66084746203
2020-03-30 00:00:00+00:00,130765.66084746203
2020-03-31 00:00:00+00:00,130765.66084746203
2020-04-01 00:00:00+00:00,130765.66084746203
2020-04-02 00:00:00+00:00,130765.66084746203
2020-04-03 00:00:00+00:00,130765.66084746203
2020-04-04 00:00:00+00:00,130765.66084746203
2020-04-05 00:00:00+00:00,130765.66084746203
2020-04-06 00:00:00+00:00,130765.66084746203
2020-04-07 00:00:00+00:00,130765.66084746203
2020-04-08 00:00:00+00:00,130765.66084746203
2020-04-09 00:00:00+00:00,130765.66084746203
2020-04-10 00:00:00+00:00,130765.66084746203
2020-04-11 00:00:00+00:00,130765.66084746203
2020-04-12 00:00:00+00:00,130765.66084746203
2020-04-13 00:00:00+00:00,130765.66084746203
2020-04-14 00:00:00+00:00,130765.66084746203
2020-04-15 00:00:00+00:00,130765.66084746203
2020-04-16 00:00:00+00:00,130728.89623486475
2020-04-17 00:00:00+00:00,129781.27221871709
2020-04-18 00:00:00+00:00,129781.27221871709
2020-04-19 00:00:00+00:00,129781.27221871709
2020-04-20 00:00:00+00:00,129781.27221871709
2020-04-21 00:00:00+00:00,129743.41844862625
2020-04-22 00:00:00+00:00,135096.1308083204
2020-04-23 00:00:00+00:00,141659.78527322022
2020-04-24 00:00:00+00:00,142056.3035149217
2020-04-25 00:00:00+00:00,142851.80049338052
2020-04-26 00:00:00+00:00,145769.75836083232
2020-04-27 00:00:00+00:00,147372.48698647815
2020-04-28 00:00:00+00:00,147020.06838693251
2020-04-29 00:00:00+00:00,150779.16071611145
2020-04-30 00:00:00+00:00,150779.16071611145
2020-05-01 00:00:00+00:00,150779.16071611145
2020-05-02 00:00:00+00:00,150779.16071611145
2020-05-03 00:00:00+00:00,150779.16071611145
2020-05-04 00:00:00+00:00,150779.16071611145
2020-05-05 00:00:00+00:00,150779.16071611145
2020-05-06 00:00:00+00:00,150779.16071611145
2020-05-07 00:00:00+00:00,150779.16071611145
2020-05-08 00:00:00+00:00,150779.16071611145
2020-05-09 00:00:00+00:00,150779.16071611145
2020-05-10 00:00:00+00:00,150779.16071611145
2020-05-11 00:00:00+00:00,150779.16071611145
2020-05-12 00:00:00+00:00,150779.16071611145
2020-05-13 00:00:00+00:00,150779.16071611145
2020-05-14 00:00:00+00:00,150779.16071611145
2020-05-15 00:00:00+00:00,150779.16071611145
2020-05-16 00:00:00+00:00,150779.16071611145
2020-05-17 00:00:00+00:00,150779.16071611145
2020-05-18 00:00:00+00:00,150779.16071611145
2020-05-19 00:00:00+00:00,150779.16071611145
2020-05-20 00:00:00+00:00,150779.16071611145
2020-05-21 00:00:00+00:00,150779.16071611145
2020-05-22 00:00:00+00:00,150779.16071611145
2020-05-23 00:00:00+00:00,150779.16071611145
2020-05-24 00:00:00+00:00,150779.16071611145
2020-05-25 00:00:00+00:00,150779.16071611145
2020-05-26 00:00:00+00:00,150779.16071611145
2020-05-27 00:00:00+00:00,150779.16071611145
2020-05-28 00:00:00+00:00,150779.16071611145
2020-05-29 00:00:00+00:00,150779.16071611145
2020-05-30 00:00:00+00:00,150779.16071611145
2020-05-31 00:00:00+00:00,150779.16071611145
2020-06-01 00:00:00+00:00,150779.16071611145
2020-06-02 00:00:00+00:00,150779.16071611145
2020-06-03 00:00:00+00:00,150779.16071611145
2020-06-04 00:00:00+00:00,150779.16071611145
2020-06-05 00:00:00+00:00,150779.16071611145
2020-06-06 00:00:00+00:00,150779.16071611145
2020-06-07 00:00:00+00:00,150779.16071611145
2020-06-08 00:00:00+00:00,150779.16071611145
2020-06-09 00:00:00+00:00,150779.16071611145
2020-06-10 00:00:00+00:00,150779.16071611145
2020-06-11 00:00:00+00:00,150779.16071611145
2020-06-12 00:00:00+00:00,150779.16071611145
2020-06-13 00:00:00+00:00,150779.16071611145
2020-06-14 00:00:00+00:00,150779.16071611145
2020-06-15 00:00:00+00:00,150779.16071611145
2020-06-16 00:00:00+00:00,150779.16071611145
2020-06-17 00:00:00+00:00,150779.16071611145
2020-06-18 00:00:00+00:00,150779.16071611145
2020-06-19 00:00:00+00:00,150746.74317710695
2020-06-20 00:00:00+00:00,149653.1068682684
2020-06-21 00:00:00+00:00,149653.1068682684
2020-06-22 00:00:00+00:00,149653.1068682684
2020-06-23 00:00:00+00:00,149653.1068682684
2020-06-24 00:00:00+00:00,149620.86814795245
2020-06-25 00:00:00+00:00,148535.39933783835
2020-06-26 00:00:00+00:00,148535.39933783835
2020-06-27 00:00:00+00:00,148535.39933783835
2020-06-28 00:00:00+00:00,148535.39933783835
2020-06-29 00:00:00+00:00,148535.39933783835
2020-06-30 00:00:00+00:00,148535.39933783835
2020-07-01 00:00:00+00:00,148535.39933783835
2020-07-02 00:00:00+00:00,148535.39933783835
2020-07-03 00:00:00+00:00,148535.39933783835
2020-07-04 00:00:00+00:00,148535.39933783835
2020-07-05 00:00:00+00:00,148535.39933783835
2020-07-06 00:00:00+00:00,148535.39933783835
2020-07-07 00:00:00+00:00,148535.39933783835
2020-07-08 00:00:00+00:00,148535.39933783835
2020-07-09 00:00:00+00:00,148503.22409510033
2020-07-10 00:00:00+00:00,147425.8621891567
2020-07-11 00:00:00+00:00,147425.8621891567
2020-07-12 00:00:00+00:00,147425.8621891567
2020-07-13 00:00:00+00:00,147425.8621891567
2020-07-14 00:00:00+00:00,147425.8621891567
2020-07-15 00:00:00+00:00,147425.8621891567
2020-07-16 00:00:00+00:00,147425.8621891567
2020-07-17 00:00:00+00:00,147425.8621891567
2020-07-18 00:00:00+00:00,147425.8621891567
2020-07-19 00:00:00+00:00,147425.8621891567
2020-07-20 00:00:00+00:00,147425.8621891567
2020-07-21 00:00:00+00:00,147425.8621891567
2020-07-22 00:00:00+00:00,147425.8621891567
2020-07-23 00:00:00+00:00,147425.8621891567
2020-07-24 00:00:00+00:00,147425.8621891567
2020-07-25 00:00:00+00:00,147425.8621891567
2020-07-26 00:00:00+00:00,147425.8621891567
2020-07-27 00:00:00+00:00,147425.8621891567
2020-07-28 00:00:00+00:00,147425.8621891567
2020-07-29 00:00:00+00:00,147425.8621891567
2020-07-30 00:00:00+00:00,147425.8621891567
2020-07-31 00:00:00+00:00,147425.8621891567
2020-08-01 00:00:00+00:00,147425.8621891567
2020-08-02 00:00:00+00:00,147425.8621891567
2020-08-03 00:00:00+00:00,147425.8621891567
2020-08-04 00:00:00+00:00,147425.8621891567
2020-08-05 00:00:00+00:00,147425.8621891567
2020-08-06 00:00:00+00:00,147425.8621891567
2020-08-07 00:00:00+00:00,147425.8621891567
2020-08-08 00:00:00+00:00,147425.8621891567
2020-08-09 00:00:00+00:00,147425.8621891567
2020-08-10 00:00:00+00:00,147425.8621891567
2020-08-11 00:00:00+00:00,147425.8621891567
2020-08-12 00:00:00+00:00,147425.8621891567
2020-08-13 00:00:00+00:00,147425.8621891567
2020-08-14 00:00:00+00:00,147425.8621891567
2020-08-15 00:00:00+00:00,147425.8621891567
2020-08-16 00:00:00+00:00,147425.8621891567
2020-08-17 00:00:00+00:00,147425.8621891567
2020-08-18 00:00:00+00:00,147425.8621891567
2020-08-19 00:00:00+00:00,147425.8621891567
2020-08-20 00:00:00+00:00,147425.8621891567
2020-08-21 00:00:00+00:00,147425.8621891567
2020-08-22 00:00:00+00:00,147425.8621891567
2020-08-23 00:00:00+00:00,147425.8621891567
2020-08-24 00:00:00+00:00,147425.8621891567
2020-08-25 00:00:00+00:00,147425.8621891567
2020-08-26 00:00:00+00:00,147425.8621891567
2020-08-27 00:00:00+00:00,147425.8621891567
2020-08-28 00:00:00+00:00,147425.8621891567
2020-08-29 00:00:00+00:00,147425.8621891567
2020-08-30 00:00:00+00:00,147425.8621891567
2020-08-31 00:00:00+00:00,147425.8621891567
2020-09-01 00:00:00+00:00,147425.8621891567
2020-09-02 00:00:00+00:00,147425.8621891567
2020-09-03 00:00:00+00:00,147396.83563625472
2020-09-04 00:00:00+00:00,146327.52291628753
2020-09-05 00:00:00+00:00,146327.52291628753
2020-09-06 00:00:00+00:00,146327.52291628753
2020-09-07 00:00:00+00:00,146327.52291628753
2020-09-08 00:00:00+00:00,146327.52291628753
2020-09-09 00:00:00+00:00,146327.52291628753
2020-09-10 00:00:00+00:00,146327.52291628753
2020-09-11 00:00:00+00:00,146327.52291628753
2020-09-12 00:00:00+00:00,146327.52291628753
2020-09-13 00:00:00+00:00,146327.52291628753
2020-09-14 00:00:00+00:00,146327.52291628753
2020-09-15 00:00:00+00:00,146327.52291628753
2020-09-16 00:00:00+00:00,146327.52291628753
2020-09-17 00:00:00+00:00,146327.52291628753
2020-09-18 00:00:00+00:00,146327.52291628753
2020-09-19 00:00:00+00:00,146327.52291628753
2020-09-20 00:00:00+00:00,146327.52291628753
2020-09-21 00:00:00+00:00,146327.52291628753
2020-09-22 00:00:00+00:00,146327.52291628753
2020-09-23 00:00:00+00:00,146327.52291628753
2020-09-24 00:00:00+00:00,146327.52291628753
2020-09-25 00:00:00+00:00,146327.52291628753
2020-09-26 00:00:00+00:00,146327.52291628753
2020-09-27 00:00:00+00:00,146327.52291628753
2020-09-28 00:00:00+00:00,146327.52291628753
2020-09-29 00:00:00+00:00,146327.52291628753
2020-09-30 00:00:00+00:00,146327.52291628753
2020-10-01 00:00:00+00:00,146327.52291628753
2020-10-02 00:00:00+00:00,146327.52291628753
2020-10-03 00:00:00+00:00,146327.52291628753
2020-10-04 00:00:00+00:00,146327.52291628753
2020-10-05 00:00:00+00:00,146327.52291628753
2020-10-06 00:00:00+00:00,146327.52291628753
2020-10-07 00:00:00+00:00,146327.52291628753
2020-10-08 00:00:00+00:00,146327.52291628753
2020-10-09 00:00:00+00:00,146327.52291628753
2020-10-10 00:00:00+00:00,146327.52291628753
2020-10-11 00:00:00+00:00,146327.52291628753
2020-10-12 00:00:00+00:00,146327.52291628753
2020-10-13 00:00:00+00:00,146327.52291628753
2020-10-14 00:00:00+00:00,146327.52291628753
2020-10-15 00:00:00+00:00,146327.52291628753
2020-10-16 00:00:00+00:00,146327.52291628753
2020-10-17 00:00:00+00:00,146327.52291628753
2020-10-18 00:00:00+00:00,146327.52291628753
2020-10-19 00:00:00+00:00,146327.52291628753
2020-10-20 00:00:00+00:00,146327.52291628753
2020-10-21 00:00:00+00:00,146327.52291628753
2020-10-22 00:00:00+00:00,146327.52291628753
2020-10-23 00:00:00+00:00,146327.52291628753
2020-10-24 00:00:00+00:00,146327.52291628753
2020-10-25 00:00:00+00:00,146327.52291628753
2020-10-26 00:00:00+00:00,146327.52291628753
2020-10-27 00:00:00+00:00,146327.52291628753
2020-10-28 00:00:00+00:00,146327.52291628753
2020-10-29 00:00:00+00:00,146327.52291628753
2020-10-30 00:00:00+00:00,146327.52291628753
2020-10-31 00:00:00+00:00,146327.52291628753
2020-11-01 00:00:00+00:00,146327.52291628753
2020-11-02 00:00:00+00:00,146327.52291628753
2020-11-03 00:00:00+00:00,146327.52291628753
2020-11-04 00:00:00+00:00,146327.52291628753
2020-11-05 00:00:00+00:00,146327.52291628753
2020-11-06 00:00:00+00:00,146327.52291628753
2020-11-07 00:00:00+00:00,146327.52291628753
2020-11-08 00:00:00+00:00,146327.52291628753
2020-11-09 00:00:00+00:00,146327.52291628753
2020-11-10 00:00:00+00:00,146327.52291628753
2020-11-11 00:00:00+00:00,146327.52291628753
2020-11-12 00:00:00+00:00,146327.52291628753
2020-11-13 00:00:00+00:00,146327.52291628753
2020-11-14 00:00:00+00:00,146327.52291628753
2020-11-15 00:00:00+00:00,146327.52291628753
2020-11-16 00:00:00+00:00,146327.52291628753
2020-11-17 00:00:00+00:00,146327.52291628753
2020-11-18 00:00:00+00:00,146327.52291628753
2020-11-19 00:00:00+00:00,146327.52291628753
2020-11-20 00:00:00+00:00,146327.52291628753
2020-11-21 00:00:00+00:00,146327.52291628753
2020-11-22 00:00:00+00:00,146327.52291628753
2020-11-23 00:00:00+00:00,146327.52291628753
2020-11-24 00:00:00+00:00,146327.52291628753
2020-11-25 00:00:00+00:00,146327.52291628753
2020-11-26 00:00:00+00:00,146327.52291628753
2020-11-27 00:00:00+00:00,146327.52291628753
2020-11-28 00:00:00+00:00,146327.52291628753
2020-11-29 00:00:00+00:00,146327.52291628753
2020-11-30 00:00:00+00:00,146327.52291628753
2020-12-01 00:00:00+00:00,146327.52291628753
2020-12-02 00:00:00+00:00,146327.52291628753
2020-12-03 00:00:00+00:00,146327.52291628753
2020-12-04 00:00:00+00:00,146327.52291628753
2020-12-05 00:00:00+00:00,146327.52291628753
2020-12-06 00:00:00+00:00,146327.52291628753
2020-12-07 00:00:00+00:00,146327.52291628753
2020-12-08 00:00:00+00:00,146327.52291628753
2020-12-09 00:00:00+00:00,146327.52291628753
2020-12-10 00:00:00+00:00,146327.52291628753
2020-12-11 00:00:00+00:00,146327.52291628753
2020-12-12 00:00:00+00:00,146327.52291628753
2020-12-13 00:00:00+00:00,146327.52291628753
2020-12-14 00:00:00+00:00,146327.52291628753
2020-12-15 00:00:00+00:00,146327.52291628753
2020-12-16 00:00:00+00:00,146327.52291628753
2020-12-17 00:00:00+00:00,146327.52291628753
2020-12-18 00:00:00+00:00,146327.52291628753
2020-12-19 00:00:00+00:00,146327.52291628753
2020-12-20 00:00:00+00:00,146327.52291628753
2020-12-21 00:00:00+00:00,146327.52291628753
2020-12-22 00:00:00+00:00,146327.52291628753
2020-12-23 00:00:00+00:00,146327.52291628753
2020-12-24 00:00:00+00:00,146327.52291628753
2020-12-25 00:00:00+00:00,146327.52291628753
2020-12-26 00:00:00+00:00,146327.52291628753
2020-12-27 00:00:00+00:00,146327.52291628753
2020-12-28 00:00:00+00:00,146327.52291628753
2020-12-29 00:00:00+00:00,146327.52291628753
2020-12-30 00:00:00+00:00,146327.52291628753
2020-12-31 00:00:00+00:00,146327.52291628753
2021-01-01 00:00:00+00:00,146327.52291628753
2021-01-02 00:00:00+00:00,146327.52291628753
2021-01-03 00:00:00+00:00,146327.52291628753
2021-01-04 00:00:00+00:00,146327.52291628753
2021-01-05 00:00:00+00:00,146327.52291628753
2021-01-06 00:00:00+00:00,146327.52291628753
2021-01-07 00:00:00+00:00,146327.52291628753
2021-01-08 00:00:00+00:00,146327.52291628753
2021-01-09 00:00:00+00:00,146327.52291628753
2021-01-10 00:00:00+00:00,146327.52291628753
2021-01-11 00:00:00+00:00,146327.52291628753
2021-01-12 00:00:00+00:00,146327.52291628753
2021-01-13 00:00:00+00:00,146327.52291628753
2021-01-14 00:00:00+00:00,146327.52291628753
2021-01-15 00:00:00+00:00,146327.52291628753
2021-01-16 00:00:00+00:00,146327.52291628753
2021-01-17 00:00:00+00:00,146327.52291628753
2021-01-18 00:00:00+00:00,146327.52291628753
2021-01-19 00:00:00+00:00,146327.52291628753
2021-01-20 00:00:00+00:00,146327.52291628753
2021-01-21 00:00:00+00:00,146327.52291628753
2021-01-22 00:00:00+00:00,146327.52291628753
2021-01-23 00:00:00+00:00,146327.52291628753
2021-01-24 00:00:00+00:00,146327.52291628753
2021-01-25 00:00:00+00:00,146327.52291628753
2021-01-26 00:00:00+00:00,146327.52291628753
2021-01-27 00:00:00+00:00,146327.52291628753
2021-01-28 00:00:00+00:00,146327.52291628753
2021-01-29 00:00:00+00:00,146327.52291628753
2021-01-30 00:00:00+00:00,146327.52291628753
2021-01-31 00:00:00+00:00,146327.52291628753
2021-02-01 00:00:00+00:00,146327.52291628753
2021-02-02 00:00:00+00:00,146327.52291628753
2021-02-03 00:00:00+00:00,146327.52291628753
2021-02-04 00:00:00+00:00,146327.52291628753
2021-02-05 00:00:00+00:00,146327.52291628753
2021-02-06 00:00:00+00:00,146327.52291628753
2021-02-07 00:00:00+00:00,146327.52291628753
2021-02-08 00:00:00+00:00,146327.52291628753
2021-02-09 00:00:00+00:00,146327.52291628753
2021-02-10 00:00:00+00:00,146327.52291628753
2021-02-11 00:00:00+00:00,146327.52291628753
2021-02-12 00:00:00+00:00,146327.52291628753
2021-02-13 00:00:00+00:00,146327.52291628753
2021-02-14 00:00:00+00:00,146327.52291628753
2021-02-15 00:00:00+00:00,146327.52291628753
2021-02-16 00:00:00+00:00,146327.52291628753
2021-02-17 00:00:00+00:00,146327.52291628753
2021-02-18 00:00:00+00:00,146327.52291628753
2021-02-19 00:00:00+00:00,146327.52291628753
2021-02-20 00:00:00+00:00,146327.52291628753
2021-02-21 00:00:00+00:00,146327.52291628753
2021-02-22 00:00:00+00:00,146327.52291628753
2021-02-23 00:00:00+00:00,146327.52291628753
2021-02-24 00:00:00+00:00,146327.52291628753
2021-02-25 00:00:00+00:00,146327.52291628753
2021-02-26 00:00:00+00:00,146327.52291628753
2021-02-27 00:00:00+00:00,146327.52291628753
2021-02-28 00:00:00+00:00,146327.52291628753
2021-03-01 00:00:00+00:00,146327.52291628753
2021-03-02 00:00:00+00:00,146327.52291628753
2021-03-03 00:00:00+00:00,146327.52291628753
2021-03-04 00:00:00+00:00,146327.52291628753
2021-03-05 00:00:00+00:00,146327.52291628753
2021-03-06 00:00:00+00:00,146327.52291628753
2021-03-07 00:00:00+00:00,146327.52291628753
2021-03-08 00:00:00+00:00,146327.52291628753
2021-03-09 00:00:00+00:00,146327.52291628753
2021-03-10 00:00:00+00:00,146327.52291628753
2021-03-11 00:00:00+00:00,146327.52291628753
2021-03-12 00:00:00+00:00,146327.52291628753
2021-03-13 00:00:00+00:00,146327.52291628753
2021-03-14 00:00:00+00:00,146327.52291628753
2021-03-15 00:00:00+00:00,146327.52291628753
2021-03-16 00:00:00+00:00,146327.52291628753
2021-03-17 00:00:00+00:00,146327.52291628753
2021-03-18 00:00:00+00:00,146327.52291628753
2021-03-19 00:00:00+00:00,146327.52291628753
2021-03-20 00:00:00+00:00,146327.52291628753
2021-03-21 00:00:00+00:00,146327.52291628753
2021-03-22 00:00:00+00:00,146327.52291628753
2021-03-23 00:00:00+00:00,146327.52291628753
2021-03-24 00:00:00+00:00,146327.52291628753
2021-03-25 00:00:00+00:00,146327.52291628753
2021-03-26 00:00:00+00:00,146327.52291628753
2021-03-27 00:00:00+00:00,146327.52291628753
2021-03-28 00:00:00+00:00,146327.52291628753
2021-03-29 00:00:00+00:00,146327.52291628753
2021-03-30 00:00:00+00:00,146327.52291628753
2021-03-31 00:00:00+00:00,146327.52291628753
2021-04-01 00:00:00+00:00,146327.52291628753
2021-04-02 00:00:00+00:00,146327.52291628753
2021-04-03 00:00:00+00:00,146327.52291628753
2021-04-04 00:00:00+00:00,146327.52291628753
2021-04-05 00:00:00+00:00,146327.52291628753
2021-04-06 00:00:00+00:00,146327.52291628753
2021-04-07 00:00:00+00:00,146327.52291628753
2021-04-08 00:00:00+00:00,146327.52291628753
2021-04-09 00:00:00+00:00,146327.52291628753
2021-04-10 00:00:00+00:00,146327.52291628753
2021-04-11 00:00:00+00:00,146327.52291628753
2021-04-12 00:00:00+00:00,146327.52291628753
2021-04-13 00:00:00+00:00,146327.52291628753
2021-04-14 00:00:00+00:00,146327.52291628753
2021-04-15 00:00:00+00:00,146327.52291628753
2021-04-16 00:00:00+00:00,146327.52291628753
2021-04-17 00:00:00+00:00,146327.52291628753
2021-04-18 00:00:00+00:00,146322.32280388544
2021-04-19 00:00:00+00:00,145260.98838917702
2021-04-20 00:00:00+00:00,145260.98838917702
2021-04-21 00:00:00+00:00,145260.98838917702
2021-04-22 00:00:00+00:00,145260.98838917702
2021-04-23 00:00:00+00:00,145260.98838917702
2021-04-24 00:00:00+00:00,145260.98838917702
2021-04-25 00:00:00+00:00,145260.98838917702
2021-04-26 00:00:00+00:00,145260.98838917702
2021-04-27 00:00:00+00:00,145260.98838917702
2021-04-28 00:00:00+00:00,145260.98838917702
2021-04-29 00:00:00+00:00,145260.98838917702
2021-04-30 00:00:00+00:00,145260.98838917702
2021-05-01 00:00:00+00:00,145260.98838917702
2021-05-02 00:00:00+00:00,145255.85736497527
2021-05-03 00:00:00+00:00,144202.25869305292
2021-05-04 00:00:00+00:00,144196.84110341826
2021-05-05 00:00:00+00:00,143150.9213870404
2021-05-06 00:00:00+00:00,143145.84919526754
2021-05-07 00:00:00+00:00,142107.55513248628
2021-05-08 00:00:00+00:00,142107.55513248628
2021-05-09 00:00:00+00:00,142107.55513248628
2021-05-10 00:00:00+00:00,142102.46884721945
2021-05-11 00:00:00+00:00,141071.7424432565
2021-05-12 00:00:00+00:00,141071.7424432565
2021-05-13 00:00:00+00:00,141071.7424432565
2021-05-14 00:00:00+00:00,141071.7424432565
2021-05-15 00:00:00+00:00,141071.7424432565
2021-05-16 00:00:00+00:00,141071.7424432565
2021-05-17 00:00:00+00:00,141071.7424432565
2021-05-18 00:00:00+00:00,141071.7424432565
2021-05-19 00:00:00+00:00,141071.7424432565
2021-05-20 00:00:00+00:00,141071.7424432565
2021-05-21 00:00:00+00:00,141071.7424432565
2021-05-22 00:00:00+00:00,141071.7424432565
2021-05-23 00:00:00+00:00,141071.7424432565
2021-05-24 00:00:00+00:00,141071.7424432565
2021-05-25 00:00:00+00:00,141071.7424432565
2021-05-26 00:00:00+00:00,141071.7424432565
2021-05-27 00:00:00+00:00,141071.7424432565
2021-05-28 00:00:00+00:00,141071.7424432565
2021-05-29 00:00:00+00:00,141071.7424432565
2021-05-30 00:00:00+00:00,141071.7424432565
2021-05-31 00:00:00+00:00,141071.7424432565
2021-06-01 00:00:00+00:00,141071.7424432565
2021-06-02 00:00:00+00:00,141071.7424432565
2021-06-03 00:00:00+00:00,141071.7424432565
2021-06-04 00:00:00+00:00,141071.7424432565
2021-06-05 00:00:00+00:00,141071.7424432565
2021-06-06 00:00:00+00:00,141071.7424432565
2021-06-07 00:00:00+00:00,141071.7424432565
2021-06-08 00:00:00+00:00,141071.7424432565
2021-06-09 00:00:00+00:00,141071.7424432565
2021-06-10 00:00:00+00:00,141071.7424432565
2021-06-11 00:00:00+00:00,141071.7424432565
2021-06-12 00:00:00+00:00,141071.7424432565
2021-06-13 00:00:00+00:00,141071.7424432565
2021-06-14 00:00:00+00:00,141071.7424432565
2021-06-15 00:00:00+00:00,141071.7424432565
2021-06-16 00:00:00+00:00,141071.7424432565
2021-06-17 00:00:00+00:00,141071.7424432565
2021-06-18 00:00:00+00:00,141071.7424432565
2021-06-19 00:00:00+00:00,141071.7424432565
2021-06-20 00:00:00+00:00,141071.7424432565
2021-06-21 00:00:00+00:00,141071.7424432565
2021-06-22 00:00:00+00:00,141071.7424432565
2021-06-23 00:00:00+00:00,141071.7424432565
2021-06-24 00:00:00+00:00,141071.7424432565
2021-06-25 00:00:00+00:00,141071.7424432565
2021-06-26 00:00:00+00:00,141071.7424432565
2021-06-27 00:00:00+00:00,141071.7424432565
2021-06-28 00:00:00+00:00,141071.7424432565
2021-06-29 00:00:00+00:00,141071.7424432565
2021-06-30 00:00:00+00:00,141071.7424432565
2021-07-01 00:00:00+00:00,141071.7424432565
2021-07-02 00:00:00+00:00,141071.7424432565
2021-07-03 00:00:00+00:00,141071.7424432565
2021-07-04 00:00:00+00:00,141071.7424432565
2021-07-05 00:00:00+00:00,141071.7424432565
2021-07-06 00:00:00+00:00,141071.7424432565
2021-07-07 00:00:00+00:00,141071.7424432565
2021-07-08 00:00:00+00:00,141071.7424432565
2021-07-09 00:00:00+00:00,141071.7424432565
2021-07-10 00:00:00+00:00,141071.7424432565
2021-07-11 00:00:00+00:00,141071.7424432565
2021-07-12 00:00:00+00:00,141071.7424432565
2021-07-13 00:00:00+00:00,141071.7424432565
2021-07-14 00:00:00+00:00,141071.7424432565
2021-07-15 00:00:00+00:00,141071.7424432565
2021-07-16 00:00:00+00:00,141071.7424432565
2021-07-17 00:00:00+00:00,141071.7424432565
2021-07-18 00:00:00+00:00,141071.7424432565
2021-07-19 00:00:00+00:00,141071.7424432565
2021-07-20 00:00:00+00:00,141071.7424432565
2021-07-21 00:00:00+00:00,141071.7424432565
2021-07-22 00:00:00+00:00,141071.7424432565
2021-07-23 00:00:00+00:00,141071.7424432565
2021-07-24 00:00:00+00:00,141071.7424432565
2021-07-25 00:00:00+00:00,141063.77909989914
2021-07-26 00:00:00+00:00,148481.47417038938
2021-07-27 00:00:00+00:00,157178.1220007844
2021-07-28 00:00:00+00:00,159411.48146206574
2021-07-29 00:00:00+00:00,159416.21965136338
2021-07-30 00:00:00+00:00,168165.46536463356
2021-07-31 00:00:00+00:00,165200.0755652292
2021-08-01 00:00:00+00:00,158625.8180064311
2021-08-02 00:00:00+00:00,155944.36121443255
2021-08-03 00:00:00+00:00,152008.55839350336
2021-08-04 00:00:00+00:00,158236.09198252312
2021-08-05 00:00:00+00:00,162829.14934744991
2021-08-06 00:00:00+00:00,170640.8706472611
2021-08-07 00:00:00+00:00,177634.07970008862
2021-08-08 00:00:00+00:00,178484.71924498002
2021-08-09 00:00:00+00:00,178484.71924498002
2021-08-10 00:00:00+00:00,178484.71924498002
2021-08-11 00:00:00+00:00,178484.71924498002
2021-08-12 00:00:00+00:00,178484.71924498002
2021-08-13 00:00:00+00:00,178484.71924498002
2021-08-14 00:00:00+00:00,178484.71924498002
2021-08-15 00:00:00+00:00,178484.71924498002
2021-08-16 00:00:00+00:00,178484.71924498002
2021-08-17 00:00:00+00:00,178484.71924498002
2021-08-18 00:00:00+00:00,178484.71924498002
2021-08-19 00:00:00+00:00,178484.71924498002
2021-08-20 00:00:00+00:00,178484.71924498002
2021-08-21 00:00:00+00:00,178484.71924498002
2021-08-22 00:00:00+00:00,178484.71924498002
2021-08-23 00:00:00+00:00,178484.71924498002
2021-08-24 00:00:00+00:00,178484.71924498002
2021-08-25 00:00:00+00:00,178484.71924498002
2021-08-26 00:00:00+00:00,178484.71924498002
2021-08-27 00:00:00+00:00,178484.71924498002
2021-08-28 00:00:00+00:00,178484.71924498002
2021-08-29 00:00:00+00:00,178484.71924498002
2021-08-30 00:00:00+00:00,178484.71924498002
2021-08-31 00:00:00+00:00,178484.71924498002
2021-09-01 00:00:00+00:00,178484.71924498002
2021-09-02 00:00:00+00:00,178484.71924498002
2021-09-03 00:00:00+00:00,178484.71924498002
2021-09-04 00:00:00+00:00,178484.71924498002
2021-09-05 00:00:00+00:00,178484.71924498002
2021-09-06 00:00:00+00:00,178484.71924498002
2021-09-07 00:00:00+00:00,178484.71924498002
2021-09-08 00:00:00+00:00,178484.71924498002
2021-09-09 00:00:00+00:00,178484.71924498002
2021-09-10 00:00:00+00:00,178484.71924498002
2021-09-11 00:00:00+00:00,178484.71924498002
2021-09-12 00:00:00+00:00,178484.71924498002
2021-09-13 00:00:00+00:00,178484.71924498002
2021-09-14 00:00:00+00:00,178484.71924498002
2021-09-15 00:00:00+00:00,178484.71924498002
2021-09-16 00:00:00+00:00,178484.71924498002
2021-09-17 00:00:00+00:00,178484.71924498002
2021-09-18 00:00:00+00:00,178484.71924498002
2021-09-19 00:00:00+00:00,178484.71924498002
2021-09-20 00:00:00+00:00,178484.71924498002
2021-09-21 00:00:00+00:00,178484.71924498002
2021-09-22 00:00:00+00:00,178484.71924498002
2021-09-23 00:00:00+00:00,178484.71924498002
2021-09-24 00:00:00+00:00,178484.71924498002
2021-09-25 00:00:00+00:00,178484.71924498002
2021-09-26 00:00:00+00:00,178484.71924498002
2021-09-27 00:00:00+00:00,178484.71924498002
2021-09-28 00:00:00+00:00,178484.71924498002
2021-09-29 00:00:00+00:00,178484.71924498002
2021-09-30 00:00:00+00:00,178484.71924498002
2021-10-01 00:00:00+00:00,178484.71924498002
2021-10-02 00:00:00+00:00,178484.71924498002
2021-10-03 00:00:00+00:00,178484.71924498002
2021-10-04 00:00:00+00:00,178484.71924498002
2021-10-05 00:00:00+00:00,178484.71924498002
2021-10-06 00:00:00+00:00,178484.71924498002
2021-10-07 00:00:00+00:00,178484.71924498002
2021-10-08 00:00:00+00:00,178484.71924498002
2021-10-09 00:00:00+00:00,178484.71924498002
2021-10-10 00:00:00+00:00,178484.71924498002
2021-10-11 00:00:00+00:00,178484.71924498002
2021-10-12 00:00:00+00:00,178484.71924498002
2021-10-13 00:00:00+00:00,178484.71924498002
2021-10-14 00:00:00+00:00,178484.71924498002
2021-10-15 00:00:00+00:00,178484.71924498002
2021-10-16 00:00:00+00:00,178484.71924498002
2021-10-17 00:00:00+00:00,178484.71924498002
2021-10-18 00:00:00+00:00,178484.71924498002
2021-10-19 00:00:00+00:00,178484.71924498002
2021-10-20 00:00:00+00:00,178484.71924498002
2021-10-21 00:00:00+00:00,178484.71924498002
2021-10-22 00:00:00+00:00,178484.71924498002
2021-10-23 00:00:00+00:00,178484.71924498002
2021-10-24 00:00:00+00:00,178484.71924498002
2021-10-25 00:00:00+00:00,178484.71924498002
2021-10-26 00:00:00+00:00,178484.71924498002
2021-10-27 00:00:00+00:00,178484.71924498002
2021-10-28 00:00:00+00:00,178484.71924498002
2021-10-29 00:00:00+00:00,178484.71924498002
2021-10-30 00:00:00+00:00,178484.71924498002
2021-10-31 00:00:00+00:00,178484.71924498002
2021-11-01 00:00:00+00:00,178484.71924498002
2021-11-02 00:00:00+00:00,178484.71924498002
2021-11-03 00:00:00+00:00,178484.71924498002
2021-11-04 00:00:00+00:00,178484.71924498002
2021-11-05 00:00:00+00:00,178484.71924498002
2021-11-06 00:00:00+00:00,178484.71924498002
2021-11-07 00:00:00+00:00,178484.71924498002
2021-11-08 00:00:00+00:00,178484.71924498002
2021-11-09 00:00:00+00:00,178484.71924498002
2021-11-10 00:00:00+00:00,178484.71924498002
2021-11-11 00:00:00+00:00,178484.71924498002
2021-11-12 00:00:00+00:00,178484.71924498002
2021-11-13 00:00:00+00:00,178484.71924498002
2021-11-14 00:00:00+00:00,178484.71924498002
2021-11-15 00:00:00+00:00,178484.71924498002
2021-11-16 00:00:00+00:00,178484.71924498002
2021-11-17 00:00:00+00:00,178484.71924498002
2021-11-18 00:00:00+00:00,178478.44734303793
2021-11-19 00:00:00+00:00,177183.87222781318
2021-11-20 00:00:00+00:00,177183.87222781318
2021-11-21 00:00:00+00:00,177183.87222781318
2021-11-22 00:00:00+00:00,177183.87222781318
2021-11-23 00:00:00+00:00,177183.87222781318
2021-11-24 00:00:00+00:00,177183.87222781318
2021-11-25 00:00:00+00:00,177183.87222781318
2021-11-26 00:00:00+00:00,177183.87222781318
2021-11-27 00:00:00+00:00,177183.87222781318
2021-11-28 00:00:00+00:00,177183.87222781318
2021-11-29 00:00:00+00:00,177183.87222781318
2021-11-30 00:00:00+00:00,177183.87222781318
2021-12-01 00:00:00+00:00,177183.87222781318
2021-12-02 00:00:00+00:00,177183.87222781318
2021-12-03 00:00:00+00:00,177183.87222781318
2021-12-04 00:00:00+00:00,177183.87222781318
2021-12-05 00:00:00+00:00,177183.87222781318
2021-12-06 00:00:00+00:00,177183.87222781318
2021-12-07 00:00:00+00:00,177183.87222781318
2021-12-08 00:00:00+00:00,177183.87222781318
2021-12-09 00:00:00+00:00,177183.87222781318
2021-12-10 00:00:00+00:00,177183.87222781318
2021-12-11 00:00:00+00:00,177183.87222781318
2021-12-12 00:00:00+00:00,177183.87222781318
2021-12-13 00:00:00+00:00,177183.87222781318
2021-12-14 00:00:00+00:00,177183.87222781318
2021-12-15 00:00:00+00:00,177183.87222781318
2021-12-16 00:00:00+00:00,177183.87222781318
2021-12-17 00:00:00+00:00,177183.87222781318
2021-12-18 00:00:00+00:00,177183.87222781318
2021-12-19 00:00:00+00:00,177183.87222781318
2021-12-20 00:00:00+00:00,177183.87222781318
2021-12-21 00:00:00+00:00,177183.87222781318
2021-12-22 00:00:00+00:00,177183.87222781318
2021-12-23 00:00:00+00:00,177183.87222781318
2021-12-24 00:00:00+00:00,177183.87222781318
2021-12-25 00:00:00+00:00,177183.87222781318
2021-12-26 00:00:00+00:00,177183.87222781318
2021-12-27 00:00:00+00:00,177183.87222781318
2021-12-28 00:00:00+00:00,177183.87222781318
2021-12-29 00:00:00+00:00,177183.87222781318
2021-12-30 00:00:00+00:00,177183.87222781318
2021-12-31 00:00:00+00:00,177183.87222781318
2022-01-01 00:00:00+00:00,177183.87222781318
2022-01-02 00:00:00+00:00,177183.87222781318
2022-01-03 00:00:00+00:00,177183.87222781318
2022-01-04 00:00:00+00:00,177183.87222781318
2022-01-05 00:00:00+00:00,177183.87222781318
2022-01-06 00:00:00+00:00,177183.87222781318
2022-01-07 00:00:00+00:00,177183.87222781318
2022-01-08 00:00:00+00:00,177183.87222781318
2022-01-09 00:00:00+00:00,177183.87222781318
2022-01-10 00:00:00+00:00,177183.87222781318
2022-01-11 00:00:00+00:00,177183.87222781318
2022-01-12 00:00:00+00:00,177183.87222781318
2022-01-13 00:00:00+00:00,177183.87222781318
2022-01-14 00:00:00+00:00,177183.87222781318
2022-01-15 00:00:00+00:00,177183.87222781318
2022-01-16 00:00:00+00:00,177183.87222781318
2022-01-17 00:00:00+00:00,177183.87222781318
2022-01-18 00:00:00+00:00,177183.87222781318
2022-01-19 00:00:00+00:00,177183.87222781318
2022-01-20 00:00:00+00:00,177183.87222781318
2022-01-21 00:00:00+00:00,177183.87222781318
2022-01-22 00:00:00+00:00,177183.87222781318
2022-01-23 00:00:00+00:00,177183.87222781318
2022-01-24 00:00:00+00:00,177183.87222781318
2022-01-25 00:00:00+00:00,177183.87222781318
2022-01-26 00:00:00+00:00,177183.87222781318
2022-01-27 00:00:00+00:00,177183.87222781318
2022-01-28 00:00:00+00:00,177183.87222781318
2022-01-29 00:00:00+00:00,177183.87222781318
2022-01-30 00:00:00+00:00,177183.87222781318
2022-01-31 00:00:00+00:00,177183.87222781318
2022-02-01 00:00:00+00:00,177183.87222781318
2022-02-02 00:00:00+00:00,177183.87222781318
2022-02-03 00:00:00+00:00,177183.87222781318
2022-02-04 00:00:00+00:00,177183.87222781318
2022-02-05 00:00:00+00:00,177183.87222781318
2022-02-06 00:00:00+00:00,177183.87222781318
2022-02-07 00:00:00+00:00,177175.79474105983
2022-02-08 00:00:00+00:00,175891.76940575227
2022-02-09 00:00:00+00:00,175891.76940575227
2022-02-10 00:00:00+00:00,175891.76940575227
2022-02-11 00:00:00+00:00,175891.76940575227
2022-02-12 00:00:00+00:00,175891.76940575227
2022-02-13 00:00:00+00:00,175891.76940575227
2022-02-14 00:00:00+00:00,175883.50037613208
2022-02-15 00:00:00+00:00,184326.92383102377
2022-02-16 00:00:00+00:00,181511.3192453451
2022-02-17 00:00:00+00:00,174608.8388442346
2022-02-18 00:00:00+00:00,174608.8388442346
2022-02-19 00:00:00+00:00,174608.8388442346
2022-02-20 00:00:00+00:00,174608.8388442346
2022-02-21 00:00:00+00:00,174608.8388442346
2022-02-22 00:00:00+00:00,174608.8388442346
2022-02-23 00:00:00+00:00,174608.8388442346
2022-02-24 00:00:00+00:00,174608.8388442346
2022-02-25 00:00:00+00:00,174608.8388442346
2022-02-26 00:00:00+00:00,174608.8388442346
2022-02-27 00:00:00+00:00,174608.8388442346
2022-02-28 00:00:00+00:00,174600.75154103563
2022-03-01 00:00:00+00:00,173335.3871556879
2022-03-02 00:00:00+00:00,173335.3871556879
2022-03-03 00:00:00+00:00,173335.3871556879
2022-03-04 00:00:00+00:00,173335.3871556879
2022-03-05 00:00:00+00:00,173335.3871556879
2022-03-06 00:00:00+00:00,173335.3871556879
2022-03-07 00:00:00+00:00,173335.3871556879
2022-03-08 00:00:00+00:00,173335.3871556879
2022-03-09 00:00:00+00:00,173327.12561884313
2022-03-10 00:00:00+00:00,172070.98986581768
2022-03-11 00:00:00+00:00,172070.98986581768
2022-03-12 00:00:00+00:00,172070.98986581768
2022-03-13 00:00:00+00:00,172070.98986581768
2022-03-14 00:00:00+00:00,172070.98986581768
2022-03-15 00:00:00+00:00,172070.98986581768
2022-03-16 00:00:00+00:00,172062.62569065343
2022-03-17 00:00:00+00:00,170815.65291805714
2022-03-18 00:00:00+00:00,170815.65291805714
2022-03-19 00:00:00+00:00,170815.65291805714
2022-03-20 00:00:00+00:00,170815.65291805714
2022-03-21 00:00:00+00:00,170815.65291805714
2022-03-22 00:00:00+00:00,170815.65291805714
2022-03-23 00:00:00+00:00,170815.65291805714
2022-03-24 00:00:00+00:00,170815.65291805714
2022-03-25 00:00:00+00:00,170815.65291805714
2022-03-26 00:00:00+00:00,170815.65291805714
2022-03-27 00:00:00+00:00,170815.65291805714
2022-03-28 00:00:00+00:00,170815.65291805714
2022-03-29 00:00:00+00:00,170815.65291805714
2022-03-30 00:00:00+00:00,170815.65291805714
2022-03-31 00:00:00+00:00,170815.65291805714
2022-04-01 00:00:00+00:00,170815.65291805714
2022-04-02 00:00:00+00:00,170815.65291805714
2022-04-03 00:00:00+00:00,170815.65291805714
2022-04-04 00:00:00+00:00,170815.65291805714
2022-04-05 00:00:00+00:00,170815.65291805714
2022-04-06 00:00:00+00:00,170815.65291805714
2022-04-07 00:00:00+00:00,170815.65291805714
2022-04-08 00:00:00+00:00,170815.65291805714
2022-04-09 00:00:00+00:00,170815.65291805714
2022-04-10 00:00:00+00:00,170815.65291805714
2022-04-11 00:00:00+00:00,170815.65291805714
2022-04-12 00:00:00+00:00,170815.65291805714
2022-04-13 00:00:00+00:00,170815.65291805714
2022-04-14 00:00:00+00:00,170815.65291805714
2022-04-15 00:00:00+00:00,170815.65291805714
2022-04-16 00:00:00+00:00,170815.65291805714
2022-04-17 00:00:00+00:00,170815.65291805714
2022-04-18 00:00:00+00:00,170815.65291805714
2022-04-19 00:00:00+00:00,170815.65291805714
2022-04-20 00:00:00+00:00,170815.65291805714
2022-04-21 00:00:00+00:00,170815.65291805714
2022-04-22 00:00:00+00:00,170815.65291805714
2022-04-23 00:00:00+00:00,170815.65291805714
2022-04-24 00:00:00+00:00,170815.65291805714
2022-04-25 00:00:00+00:00,170815.65291805714
2022-04-26 00:00:00+00:00,170815.65291805714
2022-04-27 00:00:00+00:00,170815.65291805714
2022-04-28 00:00:00+00:00,170815.65291805714
2022-04-29 00:00:00+00:00,170815.65291805714
2022-04-30 00:00:00+00:00,170815.65291805714
2022-05-01 00:00:00+00:00,170815.65291805714
2022-05-02 00:00:00+00:00,170815.65291805714
2022-05-03 00:00:00+00:00,170815.65291805714
2022-05-04 00:00:00+00:00,170815.65291805714
2022-05-05 00:00:00+00:00,170815.65291805714
2022-05-06 00:00:00+00:00,170815.65291805714
2022-05-07 00:00:00+00:00,170815.65291805714
2022-05-08 00:00:00+00:00,170815.65291805714
2022-05-09 00:00:00+00:00,170815.65291805714
2022-05-10 00:00:00+00:00,170815.65291805714
2022-05-11 00:00:00+00:00,170815.65291805714
2022-05-12 00:00:00+00:00,170815.65291805714
2022-05-13 00:00:00+00:00,170815.65291805714
2022-05-14 00:00:00+00:00,170815.65291805714
2022-05-15 00:00:00+00:00,170815.65291805714
2022-05-16 00:00:00+00:00,170815.65291805714
2022-05-17 00:00:00+00:00,170815.65291805714
2022-05-18 00:00:00+00:00,170815.65291805714
2022-05-19 00:00:00+00:00,170815.65291805714
2022-05-20 00:00:00+00:00,170815.65291805714
2022-05-21 00:00:00+00:00,170815.65291805714
2022-05-22 00:00:00+00:00,170815.65291805714
2022-05-23 00:00:00+00:00,170815.65291805714
2022-05-24 00:00:00+00:00,170815.65291805714
2022-05-25 00:00:00+00:00,170815.65291805714
2022-05-26 00:00:00+00:00,170815.65291805714
2022-05-27 00:00:00+00:00,170815.65291805714
2022-05-28 00:00:00+00:00,170815.65291805714
2022-05-29 00:00:00+00:00,170815.65291805714
2022-05-30 00:00:00+00:00,170815.65291805714
2022-05-31 00:00:00+00:00,170815.65291805714
2022-06-01 00:00:00+00:00,170815.65291805714
2022-06-02 00:00:00+00:00,170815.65291805714
2022-06-03 00:00:00+00:00,170815.65291805714
2022-06-04 00:00:00+00:00,170815.65291805714
2022-06-05 00:00:00+00:00,170815.65291805714
2022-06-06 00:00:00+00:00,170815.65291805714
2022-06-07 00:00:00+00:00,170815.65291805714
2022-06-08 00:00:00+00:00,170815.65291805714
2022-06-09 00:00:00+00:00,170815.65291805714
2022-06-10 00:00:00+00:00,170815.65291805714
2022-06-11 00:00:00+00:00,170815.65291805714
2022-06-12 00:00:00+00:00,170815.65291805714
2022-06-13 00:00:00+00:00,170815.65291805714
2022-06-14 00:00:00+00:00,170815.65291805714
2022-06-15 00:00:00+00:00,170815.65291805714
2022-06-16 00:00:00+00:00,170815.65291805714
2022-06-17 00:00:00+00:00,170815.65291805714
2022-06-18 00:00:00+00:00,170815.65291805714
2022-06-19 00:00:00+00:00,170815.65291805714
2022-06-20 00:00:00+00:00,170815.65291805714
2022-06-21 00:00:00+00:00,170815.65291805714
2022-06-22 00:00:00+00:00,170815.65291805714
2022-06-23 00:00:00+00:00,170815.65291805714
2022-06-24 00:00:00+00:00,170815.65291805714
2022-06-25 00:00:00+00:00,170815.65291805714
2022-06-26 00:00:00+00:00,170815.65291805714
2022-06-27 00:00:00+00:00,170815.65291805714
2022-06-28 00:00:00+00:00,170815.65291805714
2022-06-29 00:00:00+00:00,170815.65291805714
2022-06-30 00:00:00+00:00,170815.65291805714
2022-07-01 00:00:00+00:00,170815.65291805714
2022-07-02 00:00:00+00:00,170815.65291805714
2022-07-03 00:00:00+00:00,170815.65291805714
2022-07-04 00:00:00+00:00,170815.65291805714
2022-07-05 00:00:00+00:00,170815.65291805714
2022-07-06 00:00:00+00:00,170815.65291805714
2022-07-07 00:00:00+00:00,170815.65291805714
2022-07-08 00:00:00+00:00,170815.65291805714
2022-07-09 00:00:00+00:00,170815.65291805714
2022-07-10 00:00:00+00:00,170815.65291805714
2022-07-11 00:00:00+00:00,170815.65291805714
2022-07-12 00:00:00+00:00,170815.65291805714
2022-07-13 00:00:00+00:00,170815.65291805714
2022-07-14 00:00:00+00:00,170815.65291805714
2022-07-15 00:00:00+00:00,170815.65291805714
2022-07-16 00:00:00+00:00,170815.65291805714
2022-07-17 00:00:00+00:00,170815.65291805714
2022-07-18 00:00:00+00:00,170815.65291805714
2022-07-19 00:00:00+00:00,170801.05766817756
2022-07-20 00:00:00+00:00,169563.18528106197
2022-07-21 00:00:00+00:00,169563.18528106197
2022-07-22 00:00:00+00:00,169563.18528106197
2022-07-23 00:00:00+00:00,169563.18528106197
2022-07-24 00:00:00+00:00,169548.1782352216
2022-07-25 00:00:00+00:00,168319.3825304108
2022-07-26 00:00:00+00:00,168319.3825304108
2022-07-27 00:00:00+00:00,168304.72760990827
2022-07-28 00:00:00+00:00,167084.94541209345
2022-07-29 00:00:00+00:00,167084.94541209345
2022-07-30 00:00:00+00:00,167084.94541209345
2022-07-31 00:00:00+00:00,167084.94541209345
2022-08-01 00:00:00+00:00,167084.94541209345
2022-08-02 00:00:00+00:00,167084.94541209345
2022-08-03 00:00:00+00:00,167084.94541209345
2022-08-04 00:00:00+00:00,167084.94541209345
2022-08-05 00:00:00+00:00,167084.94541209345
2022-08-06 00:00:00+00:00,167084.94541209345
2022-08-07 00:00:00+00:00,167084.94541209345
2022-08-08 00:00:00+00:00,167084.94541209345
2022-08-09 00:00:00+00:00,167084.94541209345
2022-08-10 00:00:00+00:00,167084.94541209345
2022-08-11 00:00:00+00:00,167084.94541209345
2022-08-12 00:00:00+00:00,167084.94541209345
2022-08-13 00:00:00+00:00,167084.94541209345
2022-08-14 00:00:00+00:00,167084.94541209345
2022-08-15 00:00:00+00:00,167084.94541209345
2022-08-16 00:00:00+00:00,167084.94541209345
2022-08-17 00:00:00+00:00,167084.94541209345
2022-08-18 00:00:00+00:00,167084.94541209345
2022-08-19 00:00:00+00:00,167084.94541209345
2022-08-20 00:00:00+00:00,167084.94541209345
2022-08-21 00:00:00+00:00,167084.94541209345
2022-08-22 00:00:00+00:00,167084.94541209345
2022-08-23 00:00:00+00:00,167084.94541209345
2022-08-24 00:00:00+00:00,167084.94541209345
2022-08-25 00:00:00+00:00,167084.94541209345
2022-08-26 00:00:00+00:00,167084.94541209345
2022-08-27 00:00:00+00:00,167084.94541209345
2022-08-28 00:00:00+00:00,167084.94541209345
2022-08-29 00:00:00+00:00,167084.94541209345
2022-08-30 00:00:00+00:00,167084.94541209345
2022-08-31 00:00:00+00:00,167084.94541209345
2022-09-01 00:00:00+00:00,167084.94541209345
2022-09-02 00:00:00+00:00,167084.94541209345
2022-09-03 00:00:00+00:00,167084.94541209345
2022-09-04 00:00:00+00:00,167084.94541209345
2022-09-05 00:00:00+00:00,167084.94541209345
2022-09-06 00:00:00+00:00,167084.94541209345
2022-09-07 00:00:00+00:00,167084.94541209345
2022-09-08 00:00:00+00:00,167084.94541209345
2022-09-09 00:00:00+00:00,167084.94541209345
2022-09-10 00:00:00+00:00,167084.94541209345
2022-09-11 00:00:00+00:00,167084.94541209345
2022-09-12 00:00:00+00:00,167070.02911111483
2022-09-13 00:00:00+00:00,165859.19285548205
2022-09-14 00:00:00+00:00,165859.19285548205
2022-09-15 00:00:00+00:00,165859.19285548205
2022-09-16 00:00:00+00:00,165859.19285548205
2022-09-17 00:00:00+00:00,165859.19285548205
2022-09-18 00:00:00+00:00,165859.19285548205
2022-09-19 00:00:00+00:00,165859.19285548205
2022-09-20 00:00:00+00:00,165859.19285548205
2022-09-21 00:00:00+00:00,165859.19285548205
2022-09-22 00:00:00+00:00,165859.19285548205
2022-09-23 00:00:00+00:00,165859.19285548205
2022-09-24 00:00:00+00:00,165859.19285548205
2022-09-25 00:00:00+00:00,165859.19285548205
2022-09-26 00:00:00+00:00,165859.19285548205
2022-09-27 00:00:00+00:00,165859.19285548205
2022-09-28 00:00:00+00:00,165859.19285548205
2022-09-29 00:00:00+00:00,165859.19285548205
2022-09-30 00:00:00+00:00,165859.19285548205
2022-10-01 00:00:00+00:00,165859.19285548205
2022-10-02 00:00:00+00:00,165859.19285548205
2022-10-03 00:00:00+00:00,165859.19285548205
2022-10-04 00:00:00+00:00,165842.88819164765
2022-10-05 00:00:00+00:00,164640.93550575498
2022-10-06 00:00:00+00:00,164640.93550575498
2022-10-07 00:00:00+00:00,164640.93550575498
2022-10-08 00:00:00+00:00,164640.93550575498
2022-10-09 00:00:00+00:00,164640.93550575498
2022-10-10 00:00:00+00:00,164640.93550575498
2022-10-11 00:00:00+00:00,164640.93550575498
2022-10-12 00:00:00+00:00,164640.93550575498
2022-10-13 00:00:00+00:00,164640.93550575498
2022-10-14 00:00:00+00:00,164640.93550575498
2022-10-15 00:00:00+00:00,164640.93550575498
2022-10-16 00:00:00+00:00,164640.93550575498
2022-10-17 00:00:00+00:00,164640.93550575498
2022-10-18 00:00:00+00:00,164640.93550575498
2022-10-19 00:00:00+00:00,164640.93550575498
2022-10-20 00:00:00+00:00,164640.93550575498
2022-10-21 00:00:00+00:00,164640.93550575498
2022-10-22 00:00:00+00:00,164640.93550575498
2022-10-23 00:00:00+00:00,164640.93550575498
2022-10-24 00:00:00+00:00,164640.93550575498
2022-10-25 00:00:00+00:00,164624.5443528349
2022-10-26 00:00:00+00:00,170263.1009573428
2022-10-27 00:00:00+00:00,166337.41983298337
2022-10-28 00:00:00+00:00,168820.67950037567
2022-10-29 00:00:00+00:00,170640.09747450467
2022-10-30 00:00:00+00:00,169058.35121771684
2022-10-31 00:00:00+00:00,167992.92627791158
2022-11-01 00:00:00+00:00,167845.40590163085
2022-11-02 00:00:00+00:00,165173.64797565763
2022-11-03 00:00:00+00:00,165624.40468095985
2022-11-04 00:00:00+00:00,173361.02885923814
2022-11-05 00:00:00+00:00,174573.97417532414
2022-11-06 00:00:00+00:00,171344.91705006818
2022-11-07 00:00:00+00:00,168746.91931223532
2022-11-08 00:00:00+00:00,163431.42026891813
2022-11-09 00:00:00+00:00,163431.42026891813
2022-11-10 00:00:00+00:00,163431.42026891813
2022-11-11 00:00:00+00:00,163431.42026891813
2022-11-12 00:00:00+00:00,163431.42026891813
2022-11-13 00:00:00+00:00,163431.42026891813
2022-11-14 00:00:00+00:00,163431.42026891813
2022-11-15 00:00:00+00:00,163431.42026891813
2022-11-16 00:00:00+00:00,163431.42026891813
2022-11-17 00:00:00+00:00,163431.42026891813
2022-11-18 00:00:00+00:00,163431.42026891813
2022-11-19 00:00:00+00:00,163431.42026891813
2022-11-20 00:00:00+00:00,163431.42026891813
2022-11-21 00:00:00+00:00,163431.42026891813
2022-11-22 00:00:00+00:00,163431.42026891813
2022-11-23 00:00:00+00:00,163431.42026891813
2022-11-24 00:00:00+00:00,163431.42026891813
2022-11-25 00:00:00+00:00,163431.42026891813
2022-11-26 00:00:00+00:00,163431.42026891813
2022-11-27 00:00:00+00:00,163431.42026891813
2022-11-28 00:00:00+00:00,163431.42026891813
2022-11-29 00:00:00+00:00,163431.42026891813
2022-11-30 00:00:00+00:00,163431.42026891813
2022-12-01 00:00:00+00:00,163431.42026891813
2022-12-02 00:00:00+00:00,163431.42026891813
2022-12-03 00:00:00+00:00,163431.42026891813
2022-12-04 00:00:00+00:00,163431.42026891813
2022-12-05 00:00:00+00:00,163431.42026891813
2022-12-06 00:00:00+00:00,163431.42026891813
2022-12-07 00:00:00+00:00,163431.42026891813
2022-12-08 00:00:00+00:00,163431.42026891813
2022-12-09 00:00:00+00:00,163431.42026891813
2022-12-10 00:00:00+00:00,163431.42026891813
2022-12-11 00:00:00+00:00,163431.42026891813
2022-12-12 00:00:00+00:00,163431.42026891813
2022-12-13 00:00:00+00:00,163431.42026891813
2022-12-14 00:00:00+00:00,163431.42026891813
2022-12-15 00:00:00+00:00,163431.42026891813
2022-12-16 00:00:00+00:00,163431.42026891813
2022-12-17 00:00:00+00:00,163431.42026891813
2022-12-18 00:00:00+00:00,163431.42026891813
2022-12-19 00:00:00+00:00,163431.42026891813
2022-12-20 00:00:00+00:00,163431.42026891813
2022-12-21 00:00:00+00:00,163431.42026891813
2022-12-22 00:00:00+00:00,163431.42026891813
2022-12-23 00:00:00+00:00,163431.42026891813
2022-12-24 00:00:00+00:00,163431.42026891813
2022-12-25 00:00:00+00:00,163431.42026891813
2022-12-26 00:00:00+00:00,163412.10099233335
2022-12-27 00:00:00+00:00,162227.74357821036
2022-12-28 00:00:00+00:00,162227.74357821036
2022-12-29 00:00:00+00:00,162227.74357821036
2022-12-30 00:00:00+00:00,162227.74357821036
2022-12-31 00:00:00+00:00,162227.74357821036
2023-01-01 00:00:00+00:00,162227.74357821036
2023-01-02 00:00:00+00:00,162227.74357821036
2023-01-03 00:00:00+00:00,162227.74357821036
2023-01-04 00:00:00+00:00,162208.48920237768
2023-01-05 00:00:00+00:00,161987.0638803019
2023-01-06 00:00:00+00:00,161032.85465032226
2023-01-07 00:00:00+00:00,161032.85465032226
2023-01-08 00:00:00+00:00,161032.85465032226
2023-01-09 00:00:00+00:00,161032.85465032226
2023-01-10 00:00:00+00:00,161032.85465032226
2023-01-11 00:00:00+00:00,161032.85465032226
2023-01-12 00:00:00+00:00,161032.85465032226
2023-01-13 00:00:00+00:00,161032.85465032226
2023-01-14 00:00:00+00:00,161032.85465032226
2023-01-15 00:00:00+00:00,161032.85465032226
2023-01-16 00:00:00+00:00,161032.85465032226
2023-01-17 00:00:00+00:00,161032.85465032226
2023-01-18 00:00:00+00:00,161032.85465032226
2023-01-19 00:00:00+00:00,161032.85465032226
2023-01-20 00:00:00+00:00,161032.85465032226
2023-01-21 00:00:00+00:00,161032.85465032226
2023-01-22 00:00:00+00:00,161032.85465032226
2023-01-23 00:00:00+00:00,161032.85465032226
2023-01-24 00:00:00+00:00,161032.85465032226
2023-01-25 00:00:00+00:00,161032.85465032226
2023-01-26 00:00:00+00:00,161032.85465032226
2023-01-27 00:00:00+00:00,161032.85465032226
2023-01-28 00:00:00+00:00,161032.85465032226
2023-01-29 00:00:00+00:00,161032.85465032226
2023-01-30 00:00:00+00:00,161032.85465032226
2023-01-31 00:00:00+00:00,161032.85465032226
2023-02-01 00:00:00+00:00,161032.85465032226
2023-02-02 00:00:00+00:00,161032.85465032226
2023-02-03 00:00:00+00:00,161032.85465032226
2023-02-04 00:00:00+00:00,161032.85465032226
2023-02-05 00:00:00+00:00,161032.85465032226
2023-02-06 00:00:00+00:00,161032.85465032226
2023-02-07 00:00:00+00:00,161032.85465032226
2023-02-08 00:00:00+00:00,161032.85465032226
2023-02-09 00:00:00+00:00,161032.85465032226
2023-02-10 00:00:00+00:00,161032.85465032226
2023-02-11 00:00:00+00:00,161032.85465032226
2023-02-12 00:00:00+00:00,161032.85465032226
2023-02-13 00:00:00+00:00,161032.85465032226
2023-02-14 00:00:00+00:00,161032.85465032226
2023-02-15 00:00:00+00:00,161032.85465032226
2023-02-16 00:00:00+00:00,161032.85465032226
2023-02-17 00:00:00+00:00,161032.85465032226
2023-02-18 00:00:00+00:00,161032.85465032226
2023-02-19 00:00:00+00:00,161032.85465032226
2023-02-20 00:00:00+00:00,161032.85465032226
2023-02-21 00:00:00+00:00,161032.85465032226
2023-02-22 00:00:00+00:00,161032.85465032226
2023-02-23 00:00:00+00:00,161032.85465032226
2023-02-24 00:00:00+00:00,161032.85465032226
2023-02-25 00:00:00+00:00,161032.85465032226
2023-02-26 00:00:00+00:00,161032.85465032226
2023-02-27 00:00:00+00:00,161032.85465032226
2023-02-28 00:00:00+00:00,161032.85465032226
2023-03-01 00:00:00+00:00,161032.85465032226
2023-03-02 00:00:00+00:00,161032.85465032226
2023-03-03 00:00:00+00:00,161018.4490632891
2023-03-04 00:00:00+00:00,161104.8825854881
2023-03-05 00:00:00+00:00,159850.45043660994
2023-03-06 00:00:00+00:00,159850.45043660994
2023-03-07 00:00:00+00:00,159850.45043660994
2023-03-08 00:00:00+00:00,159850.45043660994
2023-03-09 00:00:00+00:00,159850.45043660994
2023-03-10 00:00:00+00:00,159850.45043660994
2023-03-11 00:00:00+00:00,159850.45043660994
2023-03-12 00:00:00+00:00,159850.45043660994
2023-03-13 00:00:00+00:00,159850.45043660994
2023-03-14 00:00:00+00:00,159850.45043660994
2023-03-15 00:00:00+00:00,159850.45043660994
2023-03-16 00:00:00+00:00,159850.45043660994
2023-03-17 00:00:00+00:00,159850.45043660994
2023-03-18 00:00:00+00:00,159850.45043660994
2023-03-19 00:00:00+00:00,159850.45043660994
2023-03-20 00:00:00+00:00,159850.45043660994
2023-03-21 00:00:00+00:00,159850.45043660994
2023-03-22 00:00:00+00:00,159850.45043660994
2023-03-23 00:00:00+00:00,159850.45043660994
2023-03-24 00:00:00+00:00,159850.45043660994
2023-03-25 00:00:00+00:00,159850.45043660994
2023-03-26 00:00:00+00:00,159850.45043660994
2023-03-27 00:00:00+00:00,159850.45043660994
2023-03-28 00:00:00+00:00,159850.45043660994
2023-03-29 00:00:00+00:00,159850.45043660994
2023-03-30 00:00:00+00:00,159850.45043660994
2023-03-31 00:00:00+00:00,159850.45043660994
2023-04-01 00:00:00+00:00,159850.45043660994
2023-04-02 00:00:00+00:00,159850.45043660994
2023-04-03 00:00:00+00:00,159850.45043660994
2023-04-04 00:00:00+00:00,159850.45043660994
2023-04-05 00:00:00+00:00,159850.45043660994
2023-04-06 00:00:00+00:00,159850.45043660994
2023-04-07 00:00:00+00:00,159850.45043660994
2023-04-08 00:00:00+00:00,159850.45043660994
2023-04-09 00:00:00+00:00,159850.45043660994
2023-04-10 00:00:00+00:00,159850.45043660994
2023-04-11 00:00:00+00:00,159850.45043660994
2023-04-12 00:00:00+00:00,159850.45043660994
2023-04-13 00:00:00+00:00,159850.45043660994
2023-04-14 00:00:00+00:00,159850.45043660994
2023-04-15 00:00:00+00:00,159850.45043660994
2023-04-16 00:00:00+00:00,159850.45043660994
2023-04-17 00:00:00+00:00,159850.45043660994
2023-04-18 00:00:00+00:00,159850.45043660994
2023-04-19 00:00:00+00:00,159850.45043660994
2023-04-20 00:00:00+00:00,159850.45043660994
2023-04-21 00:00:00+00:00,159850.45043660994
2023-04-22 00:00:00+00:00,159850.45043660994
2023-04-23 00:00:00+00:00,159850.45043660994
2023-04-24 00:00:00+00:00,159850.45043660994
2023-04-25 00:00:00+00:00,159850.45043660994
2023-04-26 00:00:00+00:00,159850.45043660994
2023-04-27 00:00:00+00:00,159850.45043660994
2023-04-28 00:00:00+00:00,159850.45043660994
2023-04-29 00:00:00+00:00,159850.45043660994
2023-04-30 00:00:00+00:00,159850.45043660994
2023-05-01 00:00:00+00:00,159839.06386037768
2023-05-02 00:00:00+00:00,158679.64286876653
2023-05-03 00:00:00+00:00,158679.64286876653
2023-05-04 00:00:00+00:00,158679.64286876653
2023-05-05 00:00:00+00:00,158679.64286876653
2023-05-06 00:00:00+00:00,158679.64286876653
2023-05-07 00:00:00+00:00,158668.49572139254
2023-05-08 00:00:00+00:00,157517.5668631363
2023-05-09 00:00:00+00:00,157517.5668631363
2023-05-10 00:00:00+00:00,157517.5668631363
2023-05-11 00:00:00+00:00,157517.5668631363
2023-05-12 00:00:00+00:00,157517.5668631363
2023-05-13 00:00:00+00:00,157517.5668631363
2023-05-14 00:00:00+00:00,157517.5668631363
2023-05-15 00:00:00+00:00,157517.5668631363
2023-05-16 00:00:00+00:00,157517.5668631363
2023-05-17 00:00:00+00:00,157517.5668631363
2023-05-18 00:00:00+00:00,157517.5668631363
2023-05-19 00:00:00+00:00,157517.5668631363
2023-05-20 00:00:00+00:00,157517.5668631363
2023-05-21 00:00:00+00:00,157517.5668631363
2023-05-22 00:00:00+00:00,157517.5668631363
2023-05-23 00:00:00+00:00,157517.5668631363
2023-05-24 00:00:00+00:00,157517.5668631363
2023-05-25 00:00:00+00:00,157517.5668631363
2023-05-26 00:00:00+00:00,157517.5668631363
2023-05-27 00:00:00+00:00,157517.5668631363
2023-05-28 00:00:00+00:00,157517.5668631363
2023-05-29 00:00:00+00:00,157517.5668631363
2023-05-30 00:00:00+00:00,157517.5668631363
2023-05-31 00:00:00+00:00,157517.5668631363
2023-06-01 00:00:00+00:00,157517.5668631363
2023-06-02 00:00:00+00:00,157517.5668631363
2023-06-03 00:00:00+00:00,157517.5668631363
2023-06-04 00:00:00+00:00,157517.5668631363
2023-06-05 00:00:00+00:00,157517.5668631363
2023-06-06 00:00:00+00:00,157517.5668631363
2023-06-07 00:00:00+00:00,157517.5668631363
2023-06-08 00:00:00+00:00,157517.5668631363
2023-06-09 00:00:00+00:00,157517.5668631363
2023-06-10 00:00:00+00:00,157517.5668631363
2023-06-11 00:00:00+00:00,157517.5668631363
2023-06-12 00:00:00+00:00,157517.5668631363
2023-06-13 00:00:00+00:00,157517.5668631363
2023-06-14 00:00:00+00:00,157517.5668631363
2023-06-15 00:00:00+00:00,157517.5668631363
2023-06-16 00:00:00+00:00,157517.5668631363
2023-06-17 00:00:00+00:00,157517.5668631363
2023-06-18 00:00:00+00:00,157517.5668631363
2023-06-19 00:00:00+00:00,157517.5668631363
2023-06-20 00:00:00+00:00,157517.5668631363
2023-06-21 00:00:00+00:00,157517.5668631363
2023-06-22 00:00:00+00:00,157517.5668631363
2023-06-23 00:00:00+00:00,157517.5668631363
2023-06-24 00:00:00+00:00,157517.5668631363
2023-06-25 00:00:00+00:00,157517.5668631363
2023-06-26 00:00:00+00:00,157517.5668631363
2023-06-27 00:00:00+00:00,157517.5668631363
2023-06-28 00:00:00+00:00,157517.5668631363
2023-06-29 00:00:00+00:00,157517.5668631363
2023-06-30 00:00:00+00:00,157517.5668631363
2023-07-01 00:00:00+00:00,157517.5668631363
2023-07-02 00:00:00+00:00,157517.5668631363
2023-07-03 00:00:00+00:00,157517.5668631363
2023-07-04 00:00:00+00:00,157517.5668631363
2023-07-05 00:00:00+00:00,157517.5668631363
2023-07-06 00:00:00+00:00,157517.5668631363
2023-07-07 00:00:00+00:00,157517.5668631363
2023-07-08 00:00:00+00:00,157517.5668631363
2023-07-09 00:00:00+00:00,157517.5668631363
2023-07-10 00:00:00+00:00,157517.5668631363
2023-07-11 00:00:00+00:00,157517.5668631363
2023-07-12 00:00:00+00:00,157517.5668631363
2023-07-13 00:00:00+00:00,157517.5668631363
2023-07-14 00:00:00+00:00,157517.5668631363
2023-07-15 00:00:00+00:00,157517.5668631363
2023-07-16 00:00:00+00:00,157517.5668631363
2023-07-17 00:00:00+00:00,157517.5668631363
2023-07-18 00:00:00+00:00,157517.5668631363
2023-07-19 00:00:00+00:00,157517.5668631363
2023-07-20 00:00:00+00:00,157517.5668631363
2023-07-21 00:00:00+00:00,157517.5668631363
2023-07-22 00:00:00+00:00,157517.5668631363
2023-07-23 00:00:00+00:00,157517.5668631363
2023-07-24 00:00:00+00:00,157517.5668631363
2023-07-25 00:00:00+00:00,157517.5668631363
2023-07-26 00:00:00+00:00,157517.5668631363
2023-07-27 00:00:00+00:00,157517.5668631363
2023-07-28 00:00:00+00:00,157517.5668631363
2023-07-29 00:00:00+00:00,157517.5668631363
2023-07-30 00:00:00+00:00,157506.8063639825
2023-07-31 00:00:00+00:00,156364.3063815787
2023-08-01 00:00:00+00:00,156364.3063815787
2023-08-02 00:00:00+00:00,156353.58254189818
2023-08-03 00:00:00+00:00,155219.44732025443
2023-08-04 00:00:00+00:00,155219.44732025443
2023-08-05 00:00:00+00:00,155219.44732025443
2023-08-06 00:00:00+00:00,155219.44732025443
2023-08-07 00:00:00+00:00,155219.44732025443
2023-08-08 00:00:00+00:00,155219.44732025443
2023-08-09 00:00:00+00:00,155219.44732025443
2023-08-10 00:00:00+00:00,155219.44732025443
2023-08-11 00:00:00+00:00,155219.44732025443
2023-08-12 00:00:00+00:00,155219.44732025443
2023-08-13 00:00:00+00:00,155219.44732025443
2023-08-14 00:00:00+00:00,155219.44732025443
2023-08-15 00:00:00+00:00,155219.44732025443
2023-08-16 00:00:00+00:00,155219.44732025443
2023-08-17 00:00:00+00:00,155219.44732025443
2023-08-18 00:00:00+00:00,155219.44732025443
2023-08-19 00:00:00+00:00,155219.44732025443
2023-08-20 00:00:00+00:00,155219.44732025443
2023-08-21 00:00:00+00:00,155219.44732025443
2023-08-22 00:00:00+00:00,155219.44732025443
2023-08-23 00:00:00+00:00,155219.44732025443
2023-08-24 00:00:00+00:00,155219.44732025443
2023-08-25 00:00:00+00:00,155219.44732025443
2023-08-26 00:00:00+00:00,155219.44732025443
2023-08-27 00:00:00+00:00,155219.44732025443
2023-08-28 00:00:00+00:00,155219.44732025443
2023-08-29 00:00:00+00:00,155219.44732025443
2023-08-30 00:00:00+00:00,155219.44732025443
2023-08-31 00:00:00+00:00,155219.44732025443
2023-09-01 00:00:00+00:00,155219.44732025443
2023-09-02 00:00:00+00:00,155219.44732025443
2023-09-03 00:00:00+00:00,155219.44732025443
2023-09-04 00:00:00+00:00,155219.44732025443
2023-09-05 00:00:00+00:00,155219.44732025443
2023-09-06 00:00:00+00:00,155219.44732025443
2023-09-07 00:00:00+00:00,155219.44732025443
2023-09-08 00:00:00+00:00,155219.44732025443
2023-09-09 00:00:00+00:00,155219.44732025443
2023-09-10 00:00:00+00:00,155219.44732025443
2023-09-11 00:00:00+00:00,155219.44732025443
2023-09-12 00:00:00+00:00,155219.44732025443
2023-09-13 00:00:00+00:00,155219.44732025443
2023-09-14 00:00:00+00:00,155219.44732025443
2023-09-15 00:00:00+00:00,155219.44732025443
2023-09-16 00:00:00+00:00,155219.44732025443
2023-09-17 00:00:00+00:00,155219.44732025443
2023-09-18 00:00:00+00:00,155219.44732025443
2023-09-19 00:00:00+00:00,155219.44732025443
2023-09-20 00:00:00+00:00,155219.44732025443
2023-09-21 00:00:00+00:00,155219.44732025443
2023-09-22 00:00:00+00:00,155219.44732025443
2023-09-23 00:00:00+00:00,155219.44732025443
2023-09-24 00:00:00+00:00,155219.44732025443
2023-09-25 00:00:00+00:00,155219.44732025443
2023-09-26 00:00:00+00:00,155219.44732025443
2023-09-27 00:00:00+00:00,155219.44732025443
2023-09-28 00:00:00+00:00,155219.44732025443
2023-09-29 00:00:00+00:00,155219.44732025443
2023-09-30 00:00:00+00:00,155219.44732025443
2023-10-01 00:00:00+00:00,155219.44732025443
2023-10-02 00:00:00+00:00,155219.44732025443
2023-10-03 00:00:00+00:00,155219.44732025443
2023-10-04 00:00:00+00:00,155219.44732025443
2023-10-05 00:00:00+00:00,155219.44732025443
2023-10-06 00:00:00+00:00,155219.44732025443
2023-10-07 00:00:00+00:00,155219.44732025443
2023-10-08 00:00:00+00:00,155219.44732025443
2023-10-09 00:00:00+00:00,155219.44732025443
2023-10-10 00:00:00+00:00,155219.44732025443
2023-10-11 00:00:00+00:00,155219.44732025443
2023-10-12 00:00:00+00:00,155219.44732025443
2023-10-13 00:00:00+00:00,155219.44732025443
2023-10-14 00:00:00+00:00,155219.44732025443
2023-10-15 00:00:00+00:00,155219.44732025443
2023-10-16 00:00:00+00:00,155219.44732025443
2023-10-17 00:00:00+00:00,155219.44732025443
2023-10-18 00:00:00+00:00,155219.44732025443
2023-10-19 00:00:00+00:00,155219.44732025443
2023-10-20 00:00:00+00:00,155219.44732025443
2023-10-21 00:00:00+00:00,155219.44732025443
2023-10-22 00:00:00+00:00,155219.44732025443
2023-10-23 00:00:00+00:00,155219.44732025443
2023-10-24 00:00:00+00:00,155219.44732025443
2023-10-25 00:00:00+00:00,155219.44732025443
2023-10-26 00:00:00+00:00,155219.44732025443
2023-10-27 00:00:00+00:00,155219.44732025443
2023-10-28 00:00:00+00:00,155219.44732025443
2023-10-29 00:00:00+00:00,155219.44732025443
2023-10-30 00:00:00+00:00,155219.44732025443
2023-10-31 00:00:00+00:00,155219.44732025443
2023-11-01 00:00:00+00:00,155219.44732025443
2023-11-02 00:00:00+00:00,155219.44732025443
2023-11-03 00:00:00+00:00,155219.44732025443
2023-11-04 00:00:00+00:00,155219.44732025443
2023-11-05 00:00:00+00:00,155219.44732025443
2023-11-06 00:00:00+00:00,155219.44732025443
2023-11-07 00:00:00+00:00,155219.44732025443
2023-11-08 00:00:00+00:00,155219.44732025443
2023-11-09 00:00:00+00:00,155219.44732025443
2023-11-10 00:00:00+00:00,155219.44732025443
2023-11-11 00:00:00+00:00,155219.44732025443
2023-11-12 00:00:00+00:00,155219.44732025443
2023-11-13 00:00:00+00:00,155219.44732025443
2023-11-14 00:00:00+00:00,155219.44732025443
2023-11-15 00:00:00+00:00,155219.44732025443
2023-11-16 00:00:00+00:00,155219.44732025443
2023-11-17 00:00:00+00:00,155219.44732025443
2023-11-18 00:00:00+00:00,155219.44732025443
2023-11-19 00:00:00+00:00,155219.44732025443
2023-11-20 00:00:00+00:00,155219.44732025443
2023-11-21 00:00:00+00:00,155219.44732025443
2023-11-22 00:00:00+00:00,155219.44732025443
2023-11-23 00:00:00+00:00,155219.44732025443
2023-11-24 00:00:00+00:00,155219.44732025443
2023-11-25 00:00:00+00:00,155219.44732025443
2023-11-26 00:00:00+00:00,155219.44732025443
2023-11-27 00:00:00+00:00,155219.44732025443
2023-11-28 00:00:00+00:00,155219.44732025443
2023-11-29 00:00:00+00:00,155219.44732025443
2023-11-30 00:00:00+00:00,155219.44732025443
2023-12-01 00:00:00+00:00,155219.44732025443
2023-12-02 00:00:00+00:00,155219.44732025443
2023-12-03 00:00:00+00:00,155219.44732025443
2023-12-04 00:00:00+00:00,155219.44732025443
2023-12-05 00:00:00+00:00,155219.44732025443
2023-12-06 00:00:00+00:00,155219.44732025443
2023-12-07 00:00:00+00:00,155219.44732025443
2023-12-08 00:00:00+00:00,155219.44732025443
2023-12-09 00:00:00+00:00,155219.44732025443
2023-12-10 00:00:00+00:00,155219.44732025443
2023-12-11 00:00:00+00:00,155219.44732025443
2023-12-12 00:00:00+00:00,155219.44732025443
2023-12-13 00:00:00+00:00,155219.44732025443
2023-12-14 00:00:00+00:00,155219.44732025443
2023-12-15 00:00:00+00:00,155219.44732025443
2023-12-16 00:00:00+00:00,155219.44732025443
2023-12-17 00:00:00+00:00,155219.44732025443
2023-12-18 00:00:00+00:00,155219.44732025443
2023-12-19 00:00:00+00:00,155219.44732025443
2023-12-20 00:00:00+00:00,155219.44732025443
2023-12-21 00:00:00+00:00,155219.44732025443
2023-12-22 00:00:00+00:00,155219.44732025443
2023-12-23 00:00:00+00:00,155219.44732025443
2023-12-24 00:00:00+00:00,155219.44732025443
2023-12-25 00:00:00+00:00,155219.44732025443
2023-12-26 00:00:00+00:00,155219.44732025443
2023-12-27 00:00:00+00:00,155219.44732025443
2023-12-28 00:00:00+00:00,155219.44732025443
2023-12-29 00:00:00+00:00,155219.44732025443
2023-12-30 00:00:00+00:00,155219.44732025443
2023-12-31 00:00:00+00:00,155219.44732025443
2024-01-01 00:00:00+00:00,155219.44732025443
2024-01-02 00:00:00+00:00,155219.44732025443
2024-01-03 00:00:00+00:00,155219.44732025443
2024-01-04 00:00:00+00:00,155219.44732025443
2024-01-05 00:00:00+00:00,155219.44732025443
2024-01-06 00:00:00+00:00,155219.44732025443
2024-01-07 00:00:00+00:00,155219.44732025443
2024-01-08 00:00:00+00:00,155219.44732025443
2024-01-09 00:00:00+00:00,155219.44732025443
2024-01-10 00:00:00+00:00,155219.44732025443
2024-01-11 00:00:00+00:00,155219.44732025443
2024-01-12 00:00:00+00:00,155219.44732025443
2024-01-13 00:00:00+00:00,155219.44732025443
2024-01-14 00:00:00+00:00,155212.0050625736
2024-01-15 00:00:00+00:00,154086.17528760002
2024-01-16 00:00:00+00:00,154086.17528760002
2024-01-17 00:00:00+00:00,154078.96421612456
2024-01-18 00:00:00+00:00,159325.01871452073
2024-01-19 00:00:00+00:00,158081.1088850041
2024-01-20 00:00:00+00:00,157918.8597768063
2024-01-21 00:00:00+00:00,158326.2853151697
2024-01-22 00:00:00+00:00,165652.73393423567
2024-01-23 00:00:00+00:00,164426.8517834077
2024-01-24 00:00:00+00:00,163684.11142143546
2024-01-25 00:00:00+00:00,164253.7860679967
2024-01-26 00:00:00+00:00,157396.05709483553
2024-01-27 00:00:00+00:00,156292.76315909036
2024-01-28 00:00:00+00:00,156646.10566138785
2024-01-29 00:00:00+00:00,152961.35432045592
2024-01-30 00:00:00+00:00,152961.35432045592
2024-01-31 00:00:00+00:00,152954.16561125766
2024-02-01 00:00:00+00:00,151844.7141938475
2024-02-02 00:00:00+00:00,151844.7141938475
2024-02-03 00:00:00+00:00,151844.7141938475
2024-02-04 00:00:00+00:00,151837.57997498853
2024-02-05 00:00:00+00:00,150736.22771524187
2024-02-06 00:00:00+00:00,150736.22771524187
2024-02-07 00:00:00+00:00,150736.22771524187
2024-02-08 00:00:00+00:00,150736.22771524187
2024-02-09 00:00:00+00:00,150736.22771524187
2024-02-10 00:00:00+00:00,150736.22771524187
2024-02-11 00:00:00+00:00,150736.22771524187
2024-02-12 00:00:00+00:00,150736.22771524187
2024-02-13 00:00:00+00:00,150736.22771524187
2024-02-14 00:00:00+00:00,150736.22771524187
2024-02-15 00:00:00+00:00,150736.22771524187
2024-02-16 00:00:00+00:00,150736.22771524187
2024-02-17 00:00:00+00:00,150736.22771524187
2024-02-18 00:00:00+00:00,150736.22771524187
2024-02-19 00:00:00+00:00,150736.22771524187
2024-02-20 00:00:00+00:00,150736.22771524187
2024-02-21 00:00:00+00:00,150736.22771524187
2024-02-22 00:00:00+00:00,150736.22771524187
2024-02-23 00:00:00+00:00,150736.22771524187
2024-02-24 00:00:00+00:00,150736.22771524187
2024-02-25 00:00:00+00:00,150736.22771524187
2024-02-26 00:00:00+00:00,150736.22771524187
2024-02-27 00:00:00+00:00,150736.22771524187
2024-02-28 00:00:00+00:00,150736.22771524187
2024-02-29 00:00:00+00:00,150736.22771524187
2024-03-01 00:00:00+00:00,150736.22771524187
2024-03-02 00:00:00+00:00,150736.22771524187
2024-03-03 00:00:00+00:00,150736.22771524187
2024-03-04 00:00:00+00:00,150736.22771524187
2024-03-05 00:00:00+00:00,150736.22771524187
2024-03-06 00:00:00+00:00,150736.22771524187
2024-03-07 00:00:00+00:00,150736.22771524187
2024-03-08 00:00:00+00:00,150736.22771524187
2024-03-09 00:00:00+00:00,150736.22771524187
2024-03-10 00:00:00+00:00,150736.22771524187
2024-03-11 00:00:00+00:00,150736.22771524187
2024-03-12 00:00:00+00:00,150736.22771524187
2024-03-13 00:00:00+00:00,150736.22771524187
2024-03-14 00:00:00+00:00,150736.22771524187
2024-03-15 00:00:00+00:00,150736.22771524187
2024-03-16 00:00:00+00:00,150736.22771524187
2024-03-17 00:00:00+00:00,150736.22771524187
2024-03-18 00:00:00+00:00,150736.22771524187
2024-03-19 00:00:00+00:00,150736.22771524187
2024-03-20 00:00:00+00:00,150736.22771524187
2024-03-21 00:00:00+00:00,150736.22771524187
2024-03-22 00:00:00+00:00,150736.22771524187
2024-03-23 00:00:00+00:00,150736.22771524187
2024-03-24 00:00:00+00:00,150736.22771524187
2024-03-25 00:00:00+00:00,150736.22771524187
2024-03-26 00:00:00+00:00,150736.22771524187
2024-03-27 00:00:00+00:00,150736.22771524187
2024-03-28 00:00:00+00:00,150736.22771524187
2024-03-29 00:00:00+00:00,150736.22771524187
2024-03-30 00:00:00+00:00,150736.22771524187
2024-03-31 00:00:00+00:00,150736.22771524187
2024-04-01 00:00:00+00:00,150736.22771524187
2024-04-02 00:00:00+00:00,150736.22771524187
2024-04-03 00:00:00+00:00,150736.22771524187
2024-04-04 00:00:00+00:00,150736.22771524187
2024-04-05 00:00:00+00:00,150736.22771524187
2024-04-06 00:00:00+00:00,150736.22771524187
2024-04-07 00:00:00+00:00,150736.22771524187
2024-04-08 00:00:00+00:00,150736.22771524187
2024-04-09 00:00:00+00:00,150736.22771524187
2024-04-10 00:00:00+00:00,150736.22771524187
2024-04-11 00:00:00+00:00,150736.22771524187
2024-04-12 00:00:00+00:00,150736.22771524187
2024-04-13 00:00:00+00:00,150731.52103230567
2024-04-14 00:00:00+00:00,149638.20997731705
2024-04-15 00:00:00+00:00,149638.20997731705
2024-04-16 00:00:00+00:00,149638.20997731705
2024-04-17 00:00:00+00:00,149638.20997731705
2024-04-18 00:00:00+00:00,149638.20997731705
2024-04-19 00:00:00+00:00,149638.20997731705
2024-04-20 00:00:00+00:00,149638.20997731705
2024-04-21 00:00:00+00:00,149638.20997731705
2024-04-22 00:00:00+00:00,149638.20997731705
2024-04-23 00:00:00+00:00,149638.20997731705
2024-04-24 00:00:00+00:00,149638.20997731705
2024-04-25 00:00:00+00:00,149638.20997731705
2024-04-26 00:00:00+00:00,149638.20997731705
2024-04-27 00:00:00+00:00,149638.20997731705
2024-04-28 00:00:00+00:00,149638.20997731705
2024-04-29 00:00:00+00:00,149638.20997731705
2024-04-30 00:00:00+00:00,149638.20997731705
2024-05-01 00:00:00+00:00,149638.20997731705
2024-05-02 00:00:00+00:00,149638.20997731705
2024-05-03 00:00:00+00:00,149638.20997731705
2024-05-04 00:00:00+00:00,149638.20997731705
2024-05-05 00:00:00+00:00,149638.20997731705
2024-05-06 00:00:00+00:00,149638.20997731705
2024-05-07 00:00:00+00:00,149638.20997731705
2024-05-08 00:00:00+00:00,149638.20997731705
2024-05-09 00:00:00+00:00,149638.20997731705
2024-05-10 00:00:00+00:00,149638.20997731705
2024-05-11 00:00:00+00:00,149638.20997731705
2024-05-12 00:00:00+00:00,149638.20997731705
2024-05-13 00:00:00+00:00,149638.20997731705
2024-05-14 00:00:00+00:00,149638.20997731705
2024-05-15 00:00:00+00:00,149638.20997731705
2024-05-16 00:00:00+00:00,149638.20997731705
2024-05-17 00:00:00+00:00,149638.20997731705
2024-05-18 00:00:00+00:00,149638.20997731705
2024-05-19 00:00:00+00:00,149638.20997731705
2024-05-20 00:00:00+00:00,149638.20997731705
2024-05-21 00:00:00+00:00,149638.20997731705
2024-05-22 00:00:00+00:00,149638.20997731705
2024-05-23 00:00:00+00:00,149638.20997731705
2024-05-24 00:00:00+00:00,149638.20997731705
2024-05-25 00:00:00+00:00,149638.20997731705
2024-05-26 00:00:00+00:00,149638.20997731705
2024-05-27 00:00:00+00:00,149638.20997731705
2024-05-28 00:00:00+00:00,149638.20997731705
2024-05-29 00:00:00+00:00,149638.20997731705
2024-05-30 00:00:00+00:00,149638.20997731705
2024-05-31 00:00:00+00:00,149638.20997731705
2024-06-01 00:00:00+00:00,149638.20997731705
2024-06-02 00:00:00+00:00,149638.20997731705
2024-06-03 00:00:00+00:00,149638.20997731705
2024-06-04 00:00:00+00:00,149638.20997731705
2024-06-05 00:00:00+00:00,149638.20997731705
2024-06-06 00:00:00+00:00,149638.20997731705
2024-06-07 00:00:00+00:00,149638.20997731705
2024-06-08 00:00:00+00:00,149638.20997731705
2024-06-09 00:00:00+00:00,149638.20997731705
2024-06-10 00:00:00+00:00,149638.20997731705
2024-06-11 00:00:00+00:00,149638.20997731705
2024-06-12 00:00:00+00:00,149638.20997731705
2024-06-13 00:00:00+00:00,149638.20997731705
2024-06-14 00:00:00+00:00,149633.67507384167
2024-06-15 00:00:00+00:00,148548.32816464818
2024-06-16 00:00:00+00:00,148548.32816464818
2024-06-17 00:00:00+00:00,148548.32816464818
2024-06-18 00:00:00+00:00,148543.76748036392
2024-06-19 00:00:00+00:00,147466.32560730257
2024-06-20 00:00:00+00:00,147466.32560730257
2024-06-21 00:00:00+00:00,147466.32560730257
2024-06-22 00:00:00+00:00,147466.32560730257
2024-06-23 00:00:00+00:00,147466.32560730257
2024-06-24 00:00:00+00:00,147466.32560730257
2024-06-25 00:00:00+00:00,147466.32560730257
2024-06-26 00:00:00+00:00,147466.32560730257
2024-06-27 00:00:00+00:00,147466.32560730257
2024-06-28 00:00:00+00:00,147466.32560730257
2024-06-29 00:00:00+00:00,147466.32560730257
2024-06-30 00:00:00+00:00,147466.32560730257
2024-07-01 00:00:00+00:00,147466.32560730257
2024-07-02 00:00:00+00:00,147466.32560730257
2024-07-03 00:00:00+00:00,147466.32560730257
2024-07-04 00:00:00+00:00,147466.32560730257
2024-07-05 00:00:00+00:00,147466.32560730257
2024-07-06 00:00:00+00:00,147466.32560730257
2024-07-07 00:00:00+00:00,147466.32560730257
2024-07-08 00:00:00+00:00,147466.32560730257
2024-07-09 00:00:00+00:00,147466.32560730257
2024-07-10 00:00:00+00:00,147466.32560730257
2024-07-11 00:00:00+00:00,147466.32560730257
2024-07-12 00:00:00+00:00,147466.32560730257
2024-07-13 00:00:00+00:00,147466.32560730257
2024-07-14 00:00:00+00:00,147466.32560730257
2024-07-15 00:00:00+00:00,147466.32560730257
2024-07-16 00:00:00+00:00,147466.32560730257
2024-07-17 00:00:00+00:00,147466.32560730257
2024-07-18 00:00:00+00:00,147466.32560730257
2024-07-19 00:00:00+00:00,147466.32560730257
2024-07-20 00:00:00+00:00,147466.32560730257
2024-07-21 00:00:00+00:00,147466.32560730257
2024-07-22 00:00:00+00:00,147466.32560730257
2024-07-23 00:00:00+00:00,147466.32560730257
2024-07-24 00:00:00+00:00,147466.32560730257
2024-07-25 00:00:00+00:00,147466.32560730257
2024-07-26 00:00:00+00:00,147466.32560730257
2024-07-27 00:00:00+00:00,147466.32560730257
2024-07-28 00:00:00+00:00,147466.32560730257
2024-07-29 00:00:00+00:00,147466.32560730257
2024-07-30 00:00:00+00:00,147466.32560730257
2024-07-31 00:00:00+00:00,147466.32560730257
2024-08-01 00:00:00+00:00,147466.32560730257
2024-08-02 00:00:00+00:00,147466.32560730257
2024-08-03 00:00:00+00:00,147466.32560730257
2024-08-04 00:00:00+00:00,147466.32560730257
2024-08-05 00:00:00+00:00,147466.32560730257
2024-08-06 00:00:00+00:00,147466.32560730257
2024-08-07 00:00:00+00:00,147466.32560730257
2024-08-08 00:00:00+00:00,147466.32560730257
2024-08-09 00:00:00+00:00,147466.32560730257
2024-08-10 00:00:00+00:00,147466.32560730257
2024-08-11 00:00:00+00:00,147466.32560730257
2024-08-12 00:00:00+00:00,147466.32560730257
2024-08-13 00:00:00+00:00,147466.32560730257
2024-08-14 00:00:00+00:00,147466.32560730257
2024-08-15 00:00:00+00:00,147466.32560730257
2024-08-16 00:00:00+00:00,147466.32560730257
2024-08-17 00:00:00+00:00,147466.32560730257
2024-08-18 00:00:00+00:00,147466.32560730257
2024-08-19 00:00:00+00:00,147466.32560730257
2024-08-20 00:00:00+00:00,147466.32560730257
2024-08-21 00:00:00+00:00,147466.32560730257
2024-08-22 00:00:00+00:00,147466.32560730257
2024-08-23 00:00:00+00:00,147466.32560730257
2024-08-24 00:00:00+00:00,147466.32560730257
2024-08-25 00:00:00+00:00,147466.32560730257
2024-08-26 00:00:00+00:00,147466.32560730257
2024-08-27 00:00:00+00:00,147466.32560730257
2024-08-28 00:00:00+00:00,147466.32560730257
2024-08-29 00:00:00+00:00,147466.32560730257
2024-08-30 00:00:00+00:00,147466.32560730257
2024-08-31 00:00:00+00:00,147466.32560730257
2024-09-01 00:00:00+00:00,147466.32560730257
2024-09-02 00:00:00+00:00,147466.32560730257
2024-09-03 00:00:00+00:00,147466.32560730257
2024-09-04 00:00:00+00:00,147466.32560730257
2024-09-05 00:00:00+00:00,147466.32560730257
2024-09-06 00:00:00+00:00,147466.32560730257
2024-09-07 00:00:00+00:00,147466.32560730257
2024-09-08 00:00:00+00:00,147466.32560730257
2024-09-09 00:00:00+00:00,147466.32560730257
2024-09-10 00:00:00+00:00,147466.32560730257
2024-09-11 00:00:00+00:00,147466.32560730257
2024-09-12 00:00:00+00:00,147466.32560730257
2024-09-13 00:00:00+00:00,147461.4544716358
2024-09-14 00:00:00+00:00,146392.78687881824
2024-09-15 00:00:00+00:00,146392.78687881824
2024-09-16 00:00:00+00:00,146392.78687881824
2024-09-17 00:00:00+00:00,146387.9328456315
2024-09-18 00:00:00+00:00,145327.04504523566
2024-09-19 00:00:00+00:00,145327.04504523566
2024-09-20 00:00:00+00:00,145327.04504523566
2024-09-21 00:00:00+00:00,145327.04504523566
2024-09-22 00:00:00+00:00,145327.04504523566
2024-09-23 00:00:00+00:00,145327.04504523566
2024-09-24 00:00:00+00:00,145327.04504523566
2024-09-25 00:00:00+00:00,145327.04504523566
2024-09-26 00:00:00+00:00,145327.04504523566
2024-09-27 00:00:00+00:00,145327.04504523566
2024-09-28 00:00:00+00:00,145327.04504523566
2024-09-29 00:00:00+00:00,145327.04504523566
2024-09-30 00:00:00+00:00,145327.04504523566
2024-10-01 00:00:00+00:00,145327.04504523566
2024-10-02 00:00:00+00:00,145327.04504523566
2024-10-03 00:00:00+00:00,145327.04504523566
2024-10-04 00:00:00+00:00,145327.04504523566
2024-10-05 00:00:00+00:00,145327.04504523566
2024-10-06 00:00:00+00:00,145327.04504523566
2024-10-07 00:00:00+00:00,145327.04504523566
2024-10-08 00:00:00+00:00,145327.04504523566
2024-10-09 00:00:00+00:00,145327.04504523566
2024-10-10 00:00:00+00:00,145327.04504523566
2024-10-11 00:00:00+00:00,145327.04504523566
2024-10-12 00:00:00+00:00,145327.04504523566
2024-10-13 00:00:00+00:00,145327.04504523566
2024-10-14 00:00:00+00:00,145327.04504523566
2024-10-15 00:00:00+00:00,145327.04504523566
2024-10-16 00:00:00+00:00,145327.04504523566
2024-10-17 00:00:00+00:00,145327.04504523566
2024-10-18 00:00:00+00:00,145327.04504523566
2024-10-19 00:00:00+00:00,145327.04504523566
2024-10-20 00:00:00+00:00,145327.04504523566
2024-10-21 00:00:00+00:00,145327.04504523566
2024-10-22 00:00:00+00:00,145327.04504523566
2024-10-23 00:00:00+00:00,145327.04504523566
2024-10-24 00:00:00+00:00,145327.04504523566
2024-10-25 00:00:00+00:00,145327.04504523566
2024-10-26 00:00:00+00:00,145327.04504523566
2024-10-27 00:00:00+00:00,145327.04504523566
2024-10-28 00:00:00+00:00,145327.04504523566
2024-10-29 00:00:00+00:00,145327.04504523566
2024-10-30 00:00:00+00:00,145327.04504523566
2024-10-31 00:00:00+00:00,145327.04504523566
2024-11-01 00:00:00+00:00,145327.04504523566
2024-11-02 00:00:00+00:00,145327.04504523566
2024-11-03 00:00:00+00:00,145327.04504523566
2024-11-04 00:00:00+00:00,145327.04504523566
2024-11-05 00:00:00+00:00,145327.04504523566
2024-11-06 00:00:00+00:00,145327.04504523566
2024-11-07 00:00:00+00:00,145327.04504523566
2024-11-08 00:00:00+00:00,145327.04504523566
2024-11-09 00:00:00+00:00,145327.04504523566
2024-11-10 00:00:00+00:00,145327.04504523566
2024-11-11 00:00:00+00:00,145327.04504523566
2024-11-12 00:00:00+00:00,145327.04504523566
2024-11-13 00:00:00+00:00,145327.04504523566
2024-11-14 00:00:00+00:00,145327.04504523566
2024-11-15 00:00:00+00:00,145327.04504523566
2024-11-16 00:00:00+00:00,145327.04504523566
2024-11-17 00:00:00+00:00,145327.04504523566
2024-11-18 00:00:00+00:00,145327.04504523566
2024-11-19 00:00:00+00:00,145327.04504523566
2024-11-20 00:00:00+00:00,145327.04504523566
2024-11-21 00:00:00+00:00,145327.04504523566
2024-11-22 00:00:00+00:00,145327.04504523566
2024-11-23 00:00:00+00:00,145327.04504523566
2024-11-24 00:00:00+00:00,145327.04504523566
2024-11-25 00:00:00+00:00,145327.04504523566
2024-11-26 00:00:00+00:00,145327.04504523566
2024-11-27 00:00:00+00:00,145327.04504523566
2024-11-28 00:00:00+00:00,145327.04504523566
2024-11-29 00:00:00+00:00,145327.04504523566
2024-11-30 00:00:00+00:00,145327.04504523566
2024-12-01 00:00:00+00:00,145327.04504523566
2024-12-02 00:00:00+00:00,145327.04504523566
2024-12-03 00:00:00+00:00,145327.04504523566
2024-12-04 00:00:00+00:00,145327.04504523566
2024-12-05 00:00:00+00:00,145327.04504523566
2024-12-06 00:00:00+00:00,145327.04504523566
2024-12-07 00:00:00+00:00,145327.04504523566
2024-12-08 00:00:00+00:00,145327.04504523566
2024-12-09 00:00:00+00:00,145327.04504523566
2024-12-10 00:00:00+00:00,145327.04504523566
2024-12-11 00:00:00+00:00,145327.04504523566
2024-12-12 00:00:00+00:00,145327.04504523566
2024-12-13 00:00:00+00:00,145327.04504523566
2024-12-14 00:00:00+00:00,145327.04504523566
2024-12-15 00:00:00+00:00,145327.04504523566
2024-12-16 00:00:00+00:00,145327.04504523566
2024-12-17 00:00:00+00:00,145327.04504523566
2024-12-18 00:00:00+00:00,145327.04504523566
2024-12-19 00:00:00+00:00,145327.04504523566
2024-12-20 00:00:00+00:00,145327.04504523566
2024-12-21 00:00:00+00:00,145327.04504523566
2024-12-22 00:00:00+00:00,145327.04504523566
2024-12-23 00:00:00+00:00,145327.04504523566
2024-12-24 00:00:00+00:00,145327.04504523566
2024-12-25 00:00:00+00:00,145327.04504523566
2024-12-26 00:00:00+00:00,145327.04504523566
2024-12-27 00:00:00+00:00,145323.95843127638
2024-12-28 00:00:00+00:00,144269.88166437566
2024-12-29 00:00:00+00:00,144269.88166437566
2024-12-30 00:00:00+00:00,144269.88166437566
2024-12-31 00:00:00+00:00,144269.88166437566
2025-01-01 00:00:00+00:00,144269.88166437566
2025-01-02 00:00:00+00:00,144269.88166437566
2025-01-03 00:00:00+00:00,144269.88166437566
2025-01-04 00:00:00+00:00,144269.88166437566
2025-01-05 00:00:00+00:00,144269.88166437566
2025-01-06 00:00:00+00:00,144269.88166437566
2025-01-07 00:00:00+00:00,144266.90530933224
2025-01-08 00:00:00+00:00,147066.16722766336
2025-01-09 00:00:00+00:00,150820.83911493042
2025-01-10 00:00:00+00:00,147606.37566804304
2025-01-11 00:00:00+00:00,147805.79145595178
2025-01-12 00:00:00+00:00,147911.452059993
2025-01-13 00:00:00+00:00,147899.54663981934
2025-01-14 00:00:00+00:00,144896.40440101436
2025-01-15 00:00:00+00:00,143220.49633570778
2025-01-16 00:00:00+00:00,143220.49633570778
2025-01-17 00:00:00+00:00,143220.49633570778
2025-01-18 00:00:00+00:00,143220.49633570778
2025-01-19 00:00:00+00:00,143220.49633570778
2025-01-20 00:00:00+00:00,143220.49633570778
2025-01-21 00:00:00+00:00,143220.49633570778
2025-01-22 00:00:00+00:00,143220.49633570778
2025-01-23 00:00:00+00:00,143220.49633570778
2025-01-24 00:00:00+00:00,143220.49633570778
2025-01-25 00:00:00+00:00,143220.49633570778
2025-01-26 00:00:00+00:00,143220.49633570778
2025-01-27 00:00:00+00:00,143220.49633570778
2025-01-28 00:00:00+00:00,143220.49633570778
2025-01-29 00:00:00+00:00,143220.49633570778
2025-01-30 00:00:00+00:00,143220.49633570778
2025-01-31 00:00:00+00:00,143220.49633570778
2025-02-01 00:00:00+00:00,143220.49633570778
2025-02-02 00:00:00+00:00,143217.5636829514
2025-02-03 00:00:00+00:00,142178.7660541401
2025-02-04 00:00:00+00:00,142175.8580371628
2025-02-05 00:00:00+00:00,141144.61622061787
2025-02-06 00:00:00+00:00,141144.61622061787
2025-02-07 00:00:00+00:00,141144.61622061787
2025-02-08 00:00:00+00:00,141144.61622061787
2025-02-09 00:00:00+00:00,141144.61622061787
2025-02-10 00:00:00+00:00,141144.61622061787
2025-02-11 00:00:00+00:00,141144.61622061787
2025-02-12 00:00:00+00:00,141144.61622061787
2025-02-13 00:00:00+00:00,141144.61622061787
2025-02-14 00:00:00+00:00,141144.61622061787
2025-02-15 00:00:00+00:00,141144.61622061787
2025-02-16 00:00:00+00:00,141144.61622061787
2025-02-17 00:00:00+00:00,141144.61622061787
2025-02-18 00:00:00+00:00,141144.61622061787
2025-02-19 00:00:00+00:00,141144.61622061787
2025-02-20 00:00:00+00:00,141144.61622061787
2025-02-21 00:00:00+00:00,141144.61622061787
2025-02-22 00:00:00+00:00,141144.61622061787
2025-02-23 00:00:00+00:00,141144.61622061787
2025-02-24 00:00:00+00:00,141144.61622061787
2025-02-25 00:00:00+00:00,141144.61622061787
2025-02-26 00:00:00+00:00,141144.61622061787
2025-02-27 00:00:00+00:00,141144.61622061787
2025-02-28 00:00:00+00:00,141144.61622061787
2025-03-01 00:00:00+00:00,141144.61622061787
2025-03-02 00:00:00+00:00,141144.61622061787
2025-03-03 00:00:00+00:00,141144.61622061787
2025-03-04 00:00:00+00:00,141144.61622061787
2025-03-05 00:00:00+00:00,141144.61622061787
2025-03-06 00:00:00+00:00,141144.61622061787
2025-03-07 00:00:00+00:00,141144.61622061787
2025-03-08 00:00:00+00:00,141144.61622061787
2025-03-09 00:00:00+00:00,141144.61622061787
2025-03-10 00:00:00+00:00,141144.61622061787
2025-03-11 00:00:00+00:00,141144.61622061787
2025-03-12 00:00:00+00:00,141144.61622061787
2025-03-13 00:00:00+00:00,141144.61622061787
2025-03-14 00:00:00+00:00,141144.61622061787
2025-03-15 00:00:00+00:00,141144.61622061787
2025-03-16 00:00:00+00:00,141144.61622061787
2025-03-17 00:00:00+00:00,141144.61622061787
2025-03-18 00:00:00+00:00,141144.61622061787
2025-03-19 00:00:00+00:00,141144.61622061787
2025-03-20 00:00:00+00:00,141144.61622061787
2025-03-21 00:00:00+00:00,141144.61622061787
2025-03-22 00:00:00+00:00,141144.61622061787
2025-03-23 00:00:00+00:00,141144.61622061787
2025-03-24 00:00:00+00:00,141144.61622061787
2025-03-25 00:00:00+00:00,141144.61622061787
2025-03-26 00:00:00+00:00,141144.61622061787
2025-03-27 00:00:00+00:00,141144.61622061787
2025-03-28 00:00:00+00:00,141144.61622061787
2025-03-29 00:00:00+00:00,141144.61622061787
2025-03-30 00:00:00+00:00,141144.61622061787
2025-03-31 00:00:00+00:00,141144.61622061787
2025-04-01 00:00:00+00:00,141144.61622061787
2025-04-02 00:00:00+00:00,141144.61622061787
2025-04-03 00:00:00+00:00,141144.61622061787
2025-04-04 00:00:00+00:00,141144.61622061787
2025-04-05 00:00:00+00:00,141144.61622061787
2025-04-06 00:00:00+00:00,141144.61622061787
2025-04-07 00:00:00+00:00,141144.61622061787
2025-04-08 00:00:00+00:00,141144.61622061787
2025-04-09 00:00:00+00:00,141144.61622061787
2025-04-10 00:00:00+00:00,141144.61622061787
2025-04-11 00:00:00+00:00,141144.61622061787
2025-04-12 00:00:00+00:00,141144.61622061787
2025-04-13 00:00:00+00:00,141144.61622061787
2025-04-14 00:00:00+00:00,141144.61622061787
2025-04-15 00:00:00+00:00,141144.61622061787
2025-04-16 00:00:00+00:00,141144.61622061787
2025-04-17 00:00:00+00:00,141144.61622061787
2025-04-18 00:00:00+00:00,141144.61622061787
2025-04-19 00:00:00+00:00,141144.61622061787
2025-04-20 00:00:00+00:00,141144.61622061787
2025-04-21 00:00:00+00:00,141144.61622061787
2025-04-22 00:00:00+00:00,141144.61622061787
2025-04-23 00:00:00+00:00,141144.61622061787
2025-04-24 00:00:00+00:00,141144.61622061787
2025-04-25 00:00:00+00:00,141144.61622061787
2025-04-26 00:00:00+00:00,141144.61622061787
2025-04-27 00:00:00+00:00,141144.61622061787
2025-04-28 00:00:00+00:00,141144.61622061787
2025-04-29 00:00:00+00:00,141144.61622061787
2025-04-30 00:00:00+00:00,141144.61622061787
2025-05-01 00:00:00+00:00,141144.61622061787
2025-05-02 00:00:00+00:00,141144.61622061787
2025-05-03 00:00:00+00:00,141144.61622061787
2025-05-04 00:00:00+00:00,141144.61622061787
2025-05-05 00:00:00+00:00,141144.61622061787
2025-05-06 00:00:00+00:00,141144.61622061787
2025-05-07 00:00:00+00:00,141144.61622061787
2025-05-08 00:00:00+00:00,141144.61622061787
2025-05-09 00:00:00+00:00,141144.61622061787
2025-05-10 00:00:00+00:00,141144.61622061787
2025-05-11 00:00:00+00:00,141144.61622061787
2025-05-12 00:00:00+00:00,141144.61622061787
2025-05-13 00:00:00+00:00,141144.61622061787
2025-05-14 00:00:00+00:00,141144.61622061787
2025-05-15 00:00:00+00:00,141144.61622061787
2025-05-16 00:00:00+00:00,141144.61622061787
2025-05-17 00:00:00+00:00,141144.61622061787
2025-05-18 00:00:00+00:00,141144.61622061787
2025-05-19 00:00:00+00:00,141144.61622061787
2025-05-20 00:00:00+00:00,141144.61622061787
2025-05-21 00:00:00+00:00,141144.61622061787
2025-05-22 00:00:00+00:00,141144.61622061787
2025-05-23 00:00:00+00:00,141144.61622061787
2025-05-24 00:00:00+00:00,141144.61622061787
2025-05-25 00:00:00+00:00,141144.61622061787
2025-05-26 00:00:00+00:00,141144.61622061787
2025-05-27 00:00:00+00:00,141144.61622061787
2025-05-28 00:00:00+00:00,141144.61622061787
2025-05-29 00:00:00+00:00,141144.61622061787
2025-05-30 00:00:00+00:00,141144.61622061787
2025-05-31 00:00:00+00:00,141144.61622061787
2025-06-01 00:00:00+00:00,141144.61622061787
2025-06-02 00:00:00+00:00,141144.61622061787
2025-06-03 00:00:00+00:00,141144.61622061787
2025-06-04 00:00:00+00:00,141144.61622061787
2025-06-05 00:00:00+00:00,141144.61622061787
2025-06-06 00:00:00+00:00,141144.61622061787
2025-06-07 00:00:00+00:00,141144.61622061787
2025-06-08 00:00:00+00:00,141144.61622061787
2025-06-09 00:00:00+00:00,141144.61622061787
2025-06-10 00:00:00+00:00,141144.61622061787
2025-06-11 00:00:00+00:00,141144.61622061787
2025-06-12 00:00:00+00:00,141144.61622061787
2025-06-13 00:00:00+00:00,141144.61622061787
2025-06-14 00:00:00+00:00,141144.61622061787
2025-06-15 00:00:00+00:00,141144.61622061787
2025-06-16 00:00:00+00:00,141144.61622061787
2025-06-17 00:00:00+00:00,141144.61622061787
2025-06-18 00:00:00+00:00,141144.61622061787
2025-06-19 00:00:00+00:00,141144.61622061787
2025-06-20 00:00:00+00:00,141141.8838781237
2025-06-21 00:00:00+00:00,140118.1429674273
2025-06-22 00:00:00+00:00,140118.1429674273
2025-06-23 00:00:00+00:00,140118.1429674273
2025-06-24 00:00:00+00:00,140118.1429674273
2025-06-25 00:00:00+00:00,140118.1429674273
2025-06-26 00:00:00+00:00,140118.1429674273
2025-06-27 00:00:00+00:00,140118.1429674273
2025-06-28 00:00:00+00:00,140118.1429674273
2025-06-29 00:00:00+00:00,140118.1429674273
2025-06-30 00:00:00+00:00,140118.1429674273
2025-07-01 00:00:00+00:00,140115.4919009328
2025-07-02 00:00:00+00:00,139099.1961696889
2025-07-03 00:00:00+00:00,139099.1961696889
2025-07-04 00:00:00+00:00,139099.1961696889
2025-07-05 00:00:00+00:00,139099.1961696889
2025-07-06 00:00:00+00:00,139099.1961696889
2025-07-07 00:00:00+00:00,139099.1961696889
2025-07-08 00:00:00+00:00,139099.1961696889
2025-07-09 00:00:00+00:00,139099.1961696889
2025-07-10 00:00:00+00:00,139099.1961696889
2025-07-11 00:00:00+00:00,139099.1961696889
2025-07-12 00:00:00+00:00,139099.1961696889
2025-07-13 00:00:00+00:00,139099.1961696889
2025-07-14 00:00:00+00:00,139099.1961696889
2025-07-15 00:00:00+00:00,139099.1961696889
2025-07-16 00:00:00+00:00,139099.1961696889
2025-07-17 00:00:00+00:00,139099.1961696889
2025-07-18 00:00:00+00:00,139099.1961696889
2025-07-19 00:00:00+00:00,139099.1961696889
2025-07-20 00:00:00+00:00,139099.1961696889
2025-07-21 00:00:00+00:00,139099.1961696889
2025-07-22 00:00:00+00:00,139099.1961696889
2025-07-23 00:00:00+00:00,139099.1961696889
2025-07-24 00:00:00+00:00,139099.1961696889
2025-07-25 00:00:00+00:00,139099.1961696889
2025-07-26 00:00:00+00:00,139099.1961696889
2025-07-27 00:00:00+00:00,139099.1961696889
2025-07-28 00:00:00+00:00,139099.1961696889
2025-07-29 00:00:00+00:00,139099.1961696889
2025-07-30 00:00:00+00:00,139099.1961696889
2025-07-31 00:00:00+00:00,139099.1961696889
2025-08-01 00:00:00+00:00,139099.1961696889
2025-08-02 00:00:00+00:00,139099.1961696889
2025-08-03 00:00:00+00:00,139099.1961696889
2025-08-04 00:00:00+00:00,139099.1961696889
2025-08-05 00:00:00+00:00,139099.1961696889
2025-08-06 00:00:00+00:00,139099.1961696889
2025-08-07 00:00:00+00:00,139099.1961696889
2025-08-08 00:00:00+00:00,139099.1961696889
2025-08-09 00:00:00+00:00,139099.1961696889
2025-08-10 00:00:00+00:00,139099.1961696889
2025-08-11 00:00:00+00:00,139099.1961696889
2025-08-12 00:00:00+00:00,139099.1961696889
2025-08-13 00:00:00+00:00,139099.1961696889
2025-08-14 00:00:00+00:00,139099.1961696889
2025-08-15 00:00:00+00:00,139099.1961696889
2025-08-16 00:00:00+00:00,139099.1961696889
2025-08-17 00:00:00+00:00,139099.1961696889
2025-08-18 00:00:00+00:00,139099.1961696889
2025-08-19 00:00:00+00:00,139096.731357764
2025-08-20 00:00:00+00:00,138087.82626813976
2025-08-21 00:00:00+00:00,138087.82626813976
2025-08-22 00:00:00+00:00,138087.82626813976
2025-08-23 00:00:00+00:00,138085.43285751028
2025-08-24 00:00:00+00:00,140375.92682992746
2025-08-25 00:00:00+00:00,144375.315991797
2025-08-26 00:00:00+00:00,142398.35881184234
2025-08-27 00:00:00+00:00,143014.66204893473
2025-08-28 00:00:00+00:00,141449.3714972515
2025-08-29 00:00:00+00:00,146498.27122015023
2025-08-30 00:00:00+00:00,145941.80324879495
2025-08-31 00:00:00+00:00,146609.56481442126
2025-09-01 00:00:00+00:00,145442.77713254731
2025-09-02 00:00:00+00:00,143056.5467349507
2025-09-03 00:00:00+00:00,142433.06326596986
2025-09-04 00:00:00+00:00,143644.1290444893
2025-09-05 00:00:00+00:00,143737.47205903922
2025-09-06 00:00:00+00:00,144271.2026294144
2025-09-07 00:00:00+00:00,143169.0370345365
2025-09-08 00:00:00+00:00,142027.38016427215
2025-09-09 00:00:00+00:00,142705.91207773116
2025-09-10 00:00:00+00:00,139765.60711940879
2025-09-11 00:00:00+00:00,137916.6974081316
2025-09-12 00:00:00+00:00,137083.86339590384
2025-09-13 00:00:00+00:00,137083.86339590384
2025-09-14 00:00:00+00:00,137083.86339590384
2025-09-15 00:00:00+00:00,137083.86339590384
2025-09-16 00:00:00+00:00,137083.86339590384
2025-09-17 00:00:00+00:00,137083.86339590384
2025-09-18 00:00:00+00:00,137083.86339590384
2025-09-19 00:00:00+00:00,137083.86339590384
2025-09-20 00:00:00+00:00,137083.86339590384
2025-09-21 00:00:00+00:00,137083.86339590384
2025-09-22 00:00:00+00:00,137081.43151583755
2025-09-23 00:00:00+00:00,137952.0445795641
2025-09-24 00:00:00+00:00,136087.1439032041
2025-09-25 00:00:00+00:00,136087.1439032041
2025-09-26 00:00:00+00:00,136087.1439032041
2025-09-27 00:00:00+00:00,136087.1439032041
2025-09-28 00:00:00+00:00,136087.1439032041
2025-09-29 00:00:00+00:00,136087.1439032041
2025-09-30 00:00:00+00:00,136087.1439032041
2025-10-01 00:00:00+00:00,136087.1439032041
2025-10-02 00:00:00+00:00,136087.1439032041
2025-10-03 00:00:00+00:00,136087.1439032041
2025-10-04 00:00:00+00:00,136087.1439032041
2025-10-05 00:00:00+00:00,136087.1439032041
2025-10-06 00:00:00+00:00,136087.1439032041
2025-10-07 00:00:00+00:00,136087.1439032041
2025-10-08 00:00:00+00:00,136087.1439032041
2025-10-09 00:00:00+00:00,136087.1439032041
2025-10-10 00:00:00+00:00,136084.7351532899
2025-10-11 00:00:00+00:00,138772.90005754985
2025-10-12 00:00:00+00:00,135097.67688329198
2025-10-13 00:00:00+00:00,135097.67688329198
2025-10-14 00:00:00+00:00,135095.28738106546
2025-10-15 00:00:00+00:00,137812.1514126248
2025-10-16 00:00:00+00:00,140916.11480488128
2025-10-17 00:00:00+00:00,141737.3960690655
2025-10-18 00:00:00+00:00,141737.3960690655
2025-10-19 00:00:00+00:00,141737.3960690655
2025-10-20 00:00:00+00:00,141737.3960690655
2025-10-21 00:00:00+00:00,141737.3960690655
2025-10-22 00:00:00+00:00,141737.3960690655
2025-10-23 00:00:00+00:00,141737.3960690655
2025-10-24 00:00:00+00:00,141737.3960690655
2025-10-25 00:00:00+00:00,141737.3960690655
2025-10-26 00:00:00+00:00,141737.3960690655
2025-10-27 00:00:00+00:00,141737.3960690655
2025-10-28 00:00:00+00:00,141737.3960690655
2025-10-29 00:00:00+00:00,141737.3960690655
2025-10-30 00:00:00+00:00,141737.3960690655
2025-10-31 00:00:00+00:00,141737.3960690655
2025-11-01 00:00:00+00:00,141737.3960690655
2025-11-02 00:00:00+00:00,141737.3960690655
2025-11-03 00:00:00+00:00,141737.3960690655
2025-11-04 00:00:00+00:00,141737.3960690655
2025-11-05 00:00:00+00:00,141737.3960690655
2025-11-06 00:00:00+00:00,141737.3960690655
2025-11-07 00:00:00+00:00,141737.3960690655
2025-11-08 00:00:00+00:00,141737.3960690655
2025-11-09 00:00:00+00:00,141737.3960690655
2025-11-10 00:00:00+00:00,141737.3960690655
2025-11-11 00:00:00+00:00,141737.3960690655
2025-11-12 00:00:00+00:00,141737.3960690655
2025-11-13 00:00:00+00:00,141737.3960690655
2025-11-14 00:00:00+00:00,141737.3960690655
2025-11-15 00:00:00+00:00,141737.3960690655
2025-11-16 00:00:00+00:00,141737.3960690655
2025-11-17 00:00:00+00:00,141737.3960690655
2025-11-18 00:00:00+00:00,141737.3960690655
2025-11-19 00:00:00+00:00,141737.3960690655
2025-11-20 00:00:00+00:00,141737.3960690655
2025-11-21 00:00:00+00:00,141737.3960690655
2025-11-22 00:00:00+00:00,141737.3960690655
2025-11-23 00:00:00+00:00,141737.3960690655
2025-11-24 00:00:00+00:00,141737.3960690655
2025-11-25 00:00:00+00:00,141737.3960690655
2025-11-26 00:00:00+00:00,141737.3960690655
2025-11-27 00:00:00+00:00,141737.3960690655
2025-11-28 00:00:00+00:00,141737.3960690655
2025-11-29 00:00:00+00:00,141737.3960690655
2025-11-30 00:00:00+00:00,141737.3960690655
2025-12-01 00:00:00+00:00,141737.3960690655
2025-12-02 00:00:00+00:00,141737.3960690655
2025-12-03 00:00:00+00:00,141737.3960690655
2025-12-04 00:00:00+00:00,141737.3960690655
2025-12-05 00:00:00+00:00,141737.3960690655
2025-12-06 00:00:00+00:00,141737.3960690655
2025-12-07 00:00:00+00:00,141737.3960690655
2025-12-08 00:00:00+00:00,141737.3960690655
2025-12-09 00:00:00+00:00,141737.3960690655
2025-12-10 00:00:00+00:00,141737.3960690655
2025-12-11 00:00:00+00:00,141737.3960690655
2025-12-12 00:00:00+00:00,141737.3960690655
2025-12-13 00:00:00+00:00,141737.3960690655
2025-12-14 00:00:00+00:00,141737.3960690655
2025-12-15 00:00:00+00:00,141737.3960690655
2025-12-16 00:00:00+00:00,141737.3960690655
2025-12-17 00:00:00+00:00,141737.3960690655
2025-12-18 00:00:00+00:00,141737.3960690655
2025-12-19 00:00:00+00:00,141737.3960690655
2025-12-20 00:00:00+00:00,141737.3960690655
2025-12-21 00:00:00+00:00,141737.3960690655
2025-12-22 00:00:00+00:00,141737.3960690655
2025-12-23 00:00:00+00:00,141737.3960690655
2025-12-24 00:00:00+00:00,141737.3960690655
2025-12-25 00:00:00+00:00,141737.3960690655
2025-12-26 00:00:00+00:00,141737.3960690655
2025-12-27 00:00:00+00:00,141737.3960690655
2025-12-28 00:00:00+00:00,141737.3960690655
2025-12-29 00:00:00+00:00,141737.3960690655
2025-12-30 00:00:00+00:00,141737.3960690655
2025-12-31 00:00:00+00:00,141737.3960690655
2026-01-01 00:00:00+00:00,141737.3960690655
2026-01-02 00:00:00+00:00,141734.24473847277
2026-01-03 00:00:00+00:00,140707.09312200005
2026-01-04 00:00:00+00:00,140707.09312200005
2026-01-05 00:00:00+00:00,140707.09312200005
2026-01-06 00:00:00+00:00,140707.09312200005
2026-01-07 00:00:00+00:00,140707.09312200005
2026-01-08 00:00:00+00:00,140707.09312200005
2026-01-09 00:00:00+00:00,140707.09312200005
2026-01-10 00:00:00+00:00,140707.09312200005
2026-01-11 00:00:00+00:00,140707.09312200005
2026-01-12 00:00:00+00:00,140707.09312200005
2026-01-13 00:00:00+00:00,140707.09312200005
2026-01-14 00:00:00+00:00,140707.09312200005
2026-01-15 00:00:00+00:00,140707.09312200005
2026-01-16 00:00:00+00:00,140707.09312200005
2026-01-17 00:00:00+00:00,140707.09312200005
2026-01-18 00:00:00+00:00,140707.09312200005
2026-01-19 00:00:00+00:00,140707.09312200005
2026-01-20 00:00:00+00:00,140707.09312200005
2026-01-21 00:00:00+00:00,140707.09312200005
2026-01-22 00:00:00+00:00,140707.09312200005
2026-01-23 00:00:00+00:00,140707.09312200005
2026-01-24 00:00:00+00:00,140707.09312200005
2026-01-25 00:00:00+00:00,140707.09312200005
2026-01-26 00:00:00+00:00,140707.09312200005
2026-01-27 00:00:00+00:00,140707.09312200005
2026-01-28 00:00:00+00:00,140707.09312200005
2026-01-29 00:00:00+00:00,140707.09312200005
2026-01-30 00:00:00+00:00,140707.09312200005
2026-01-31 00:00:00+00:00,140707.09312200005
2026-02-01 00:00:00+00:00,140707.09312200005
2026-02-02 00:00:00+00:00,140707.09312200005
2026-02-03 00:00:00+00:00,140707.09312200005
2026-02-04 00:00:00+00:00,140707.09312200005
2026-02-05 00:00:00+00:00,140707.09312200005
2026-02-06 00:00:00+00:00,140707.09312200005
2026-02-07 00:00:00+00:00,140707.09312200005
2026-02-08 00:00:00+00:00,140707.09312200005
2026-02-09 00:00:00+00:00,140707.09312200005
2026-02-10 00:00:00+00:00,140707.09312200005
2026-02-11 00:00:00+00:00,140707.09312200005
2026-02-12 00:00:00+00:00,140707.09312200005
2026-02-13 00:00:00+00:00,140707.09312200005
2026-02-14 00:00:00+00:00,140707.09312200005
2026-02-15 00:00:00+00:00,140707.09312200005
2026-02-16 00:00:00+00:00,140707.09312200005
2026-02-17 00:00:00+00:00,140707.09312200005
2026-02-18 00:00:00+00:00,140707.09312200005
2026-02-19 00:00:00+00:00,140707.09312200005
2026-02-20 00:00:00+00:00,140707.09312200005
2026-02-21 00:00:00+00:00,140707.09312200005
2026-02-22 00:00:00+00:00,140707.09312200005
2026-02-23 00:00:00+00:00,140707.09312200005
2026-02-24 00:00:00+00:00,140707.09312200005
2026-02-25 00:00:00+00:00,140707.09312200005
2026-02-26 00:00:00+00:00,140707.09312200005
2026-02-27 00:00:00+00:00,140707.09312200005
2026-02-28 00:00:00+00:00,140707.09312200005
2026-03-01 00:00:00+00:00,140707.09312200005
2026-03-02 00:00:00+00:00,140707.09312200005
2026-03-03 00:00:00+00:00,140707.09312200005
2026-03-04 00:00:00+00:00,140707.09312200005
2026-03-05 00:00:00+00:00,140707.09312200005
2026-03-06 00:00:00+00:00,140707.09312200005
2026-03-07 00:00:00+00:00,140707.09312200005
2026-03-08 00:00:00+00:00,140707.09312200005
2026-03-09 00:00:00+00:00,140707.09312200005
2026-03-10 00:00:00+00:00,140707.09312200005
2026-03-11 00:00:00+00:00,140707.09312200005
2026-03-12 00:00:00+00:00,140707.09312200005
2026-03-13 00:00:00+00:00,140707.09312200005
2026-03-14 00:00:00+00:00,140707.09312200005
2026-03-15 00:00:00+00:00,140703.22929397918
2026-03-16 00:00:00+00:00,139683.5445104247
2026-03-17 00:00:00+00:00,139683.5445104247
2026-03-18 00:00:00+00:00,139683.5445104247
2026-03-19 00:00:00+00:00,139683.5445104247
2026-03-20 00:00:00+00:00,139679.58208149837
2026-03-21 00:00:00+00:00,138667.31487608887
2026-03-22 00:00:00+00:00,138667.31487608887
2026-03-23 00:00:00+00:00,138663.4024174622
2026-03-24 00:00:00+00:00,137658.49967619884
2026-03-25 00:00:00+00:00,137658.49967619884
2026-03-26 00:00:00+00:00,137658.49967619884
2026-03-27 00:00:00+00:00,137658.49967619884
2026-03-28 00:00:00+00:00,137658.49967619884
2026-03-29 00:00:00+00:00,137658.49967619884
2026-03-30 00:00:00+00:00,137658.49967619884
2026-03-31 00:00:00+00:00,137658.49967619884
2026-04-01 00:00:00+00:00,137658.49967619884
2026-04-02 00:00:00+00:00,137658.49967619884
2026-04-03 00:00:00+00:00,137658.49967619884
2026-04-04 00:00:00+00:00,137658.49967619884
2026-04-05 00:00:00+00:00,137654.5096325857
2026-04-06 00:00:00+00:00,136656.91768776654
2026-04-07 00:00:00+00:00,136656.91768776654
2026-04-08 00:00:00+00:00,136656.91768776654
2026-04-09 00:00:00+00:00,136656.91768776654
2026-04-10 00:00:00+00:00,136656.91768776654
2026-04-11 00:00:00+00:00,136656.91768776654
2026-04-12 00:00:00+00:00,136656.91768776654
2026-04-13 00:00:00+00:00,136656.91768776654
2026-04-14 00:00:00+00:00,136656.91768776654
2026-04-15 00:00:00+00:00,136656.91768776654
2026-04-16 00:00:00+00:00,136656.91768776654
2026-04-17 00:00:00+00:00,136656.91768776654
2026-04-18 00:00:00+00:00,136656.91768776654
2026-04-19 00:00:00+00:00,136656.91768776654
2026-04-20 00:00:00+00:00,136656.91768776654
2026-04-21 00:00:00+00:00,136656.91768776654
2026-04-22 00:00:00+00:00,136656.91768776654
2026-04-23 00:00:00+00:00,136656.91768776654
2026-04-24 00:00:00+00:00,136656.91768776654
2026-04-25 00:00:00+00:00,136656.91768776654
2026-04-26 00:00:00+00:00,136656.91768776654
2026-04-27 00:00:00+00:00,136656.91768776654
2026-04-28 00:00:00+00:00,136656.91768776654
2026-04-29 00:00:00+00:00,136656.91768776654
2026-04-30 00:00:00+00:00,136656.91768776654
2026-05-01 00:00:00+00:00,136656.91768776654
2026-05-02 00:00:00+00:00,136656.91768776654
2026-05-03 00:00:00+00:00,136656.91768776654
2026-05-04 00:00:00+00:00,136656.91768776654
2026-05-05 00:00:00+00:00,136656.91768776654
2026-05-06 00:00:00+00:00,136656.91768776654
2026-05-07 00:00:00+00:00,136656.91768776654
2026-05-08 00:00:00+00:00,136656.91768776654
2026-05-09 00:00:00+00:00,136656.91768776654
2026-05-10 00:00:00+00:00,136656.91768776654
2026-05-11 00:00:00+00:00,136656.91768776654
2026-05-12 00:00:00+00:00,136656.91768776654
2026-05-13 00:00:00+00:00,136656.91768776654
2026-05-14 00:00:00+00:00,136656.91768776654
2026-05-15 00:00:00+00:00,136656.91768776654
2026-05-16 00:00:00+00:00,136656.91768776654
2026-05-17 00:00:00+00:00,136656.91768776654
2026-05-18 00:00:00+00:00,136656.91768776654
2026-05-19 00:00:00+00:00,136656.91768776654
2026-05-20 00:00:00+00:00,136656.91768776654
2026-05-21 00:00:00+00:00,136656.91768776654
2026-05-22 00:00:00+00:00,136656.91768776654
2026-05-23 00:00:00+00:00,136653.35232118994
2026-05-24 00:00:00+00:00,135663.01850350472
2026-05-25 00:00:00+00:00,135663.01850350472
2026-05-26 00:00:00+00:00,135663.01850350472
2026-05-27 00:00:00+00:00,135663.01850350472
2026-05-28 00:00:00+00:00,135663.01850350472
2026-05-29 00:00:00+00:00,135663.01850350472
2026-05-30 00:00:00+00:00,135663.01850350472
2026-05-31 00:00:00+00:00,135663.01850350472
2026-06-01 00:00:00+00:00,135663.01850350472
2026-06-02 00:00:00+00:00,135663.01850350472
2026-06-03 00:00:00+00:00,135663.01850350472
2026-06-04 00:00:00+00:00,135663.01850350472
2026-06-05 00:00:00+00:00,135663.01850350472
2026-06-06 00:00:00+00:00,135663.01850350472
2026-06-07 00:00:00+00:00,135663.01850350472
2026-06-08 00:00:00+00:00,135663.01850350472
2026-06-09 00:00:00+00:00,135663.01850350472
2026-06-10 00:00:00+00:00,135663.01850350472
2026-06-11 00:00:00+00:00,135663.01850350472
2026-06-12 00:00:00+00:00,135663.01850350472
2026-06-13 00:00:00+00:00,135663.01850350472
2026-06-14 00:00:00+00:00,135663.01850350472
2026-06-15 00:00:00+00:00,135663.01850350472
2026-06-16 00:00:00+00:00,135663.01850350472
2026-06-17 00:00:00+00:00,135663.01850350472
2026-06-18 00:00:00+00:00,135663.01850350472
2026-06-19 00:00:00+00:00,135663.01850350472
2026-06-20 00:00:00+00:00,135663.01850350472
2026-06-21 00:00:00+00:00,135663.01850350472
2026-06-22 00:00:00+00:00,135663.01850350472
2026-06-23 00:00:00+00:00,135663.01850350472
2026-06-24 00:00:00+00:00,135663.01850350472
2026-06-25 00:00:00+00:00,135663.01850350472
2026-06-26 00:00:00+00:00,135663.01850350472
2026-06-27 00:00:00+00:00,135663.01850350472
2026-06-28 00:00:00+00:00,135663.01850350472
2026-06-29 00:00:00+00:00,135663.01850350472
2026-06-30 00:00:00+00:00,135663.01850350472
2026-07-01 00:00:00+00:00,135663.01850350472
2026-07-02 00:00:00+00:00,135663.01850350472
2026-07-03 00:00:00+00:00,135663.01850350472
2026-07-04 00:00:00+00:00,135663.01850350472
2026-07-05 00:00:00+00:00,135663.01850350472
2026-07-06 00:00:00+00:00,135663.01850350472
2026-07-07 00:00:00+00:00,135663.01850350472
2026-07-08 00:00:00+00:00,135663.01850350472
2026-07-09 00:00:00+00:00,135663.01850350472
2026-07-10 00:00:00+00:00,135663.01850350472
2026-07-11 00:00:00+00:00,135663.01850350472
2026-07-12 00:00:00+00:00,135663.01850350472
2026-07-13 00:00:00+00:00,135663.01850350472
2026-07-14 00:00:00+00:00,135658.8428254876
2026-07-15 00:00:00+00:00,134675.711976109
2026-07-16 00:00:00+00:00,134675.711976109
2026-07-17 00:00:00+00:00,134671.49637670588
2026-07-18 00:00:00+00:00,136569.2959940083
2026-07-19 00:00:00+00:00,136335.8150210654
2026-07-20 00:00:00+00:00,137455.09881859302
2026-07-21 00:00:00+00:00,140208.05385281934
2026-07-22 00:00:00+00:00,139288.65270099163
2026-07-23 00:00:00+00:00,137113.38233097453
2026-07-24 00:00:00+00:00,135081.69527662836
2026-07-25 00:00:00+00:00,135548.1724285828
2026-07-26 00:00:00+00:00,137721.27176490726
2026-07-27 00:00:00+00:00,134262.0352066789
2026-07-28 00:00:00+00:00,133695.52043427873
2026-07-29 00:00:00+00:00,133695.52043427873
2026-07-30 00:00:00+00:00,133695.52043427873
2026-07-31 00:00:00+00:00,133695.52043427873
2026-08-01 00:00:00+00:00,133695.52043427873
2026-08-02 00:00:00+00:00,133691.3096837043
2026-08-03 00:00:00+00:00,132722.43706443245
2026-08-04 00:00:00+00:00,132722.43706443245
2026-08-05 00:00:00+00:00,132722.43706443245
2026-08-06 00:00:00+00:00,132722.43706443245
2026-08-07 00:00:00+00:00,132722.43706443245
2026-08-08 00:00:00+00:00,132722.43706443245
2026-08-09 00:00:00+00:00,132722.43706443245
2026-08-10 00:00:00+00:00,132722.43706443245
2026-08-11 00:00:00+00:00,132722.43706443245
2026-08-12 00:00:00+00:00,132722.43706443245
2026-08-13 00:00:00+00:00,132722.43706443245
2026-08-14 00:00:00+00:00,132722.43706443245
2026-08-15 00:00:00+00:00,132722.43706443245
2026-08-16 00:00:00+00:00,132722.43706443245
2026-08-17 00:00:00+00:00,132718.32079507533
2026-08-18 00:00:00+00:00,131756.4999421087
2026-08-19 00:00:00+00:00,131756.4999421087
2026-08-20 00:00:00+00:00,131756.4999421087
2026-08-21 00:00:00+00:00,131756.4999421087
2026-08-22 00:00:00+00:00,131756.4999421087
2026-08-23 00:00:00+00:00,131756.4999421087
2026-08-24 00:00:00+00:00,131756.4999421087
2026-08-25 00:00:00+00:00,131756.4999421087
2026-08-26 00:00:00+00:00,131756.4999421087
2026-08-27 00:00:00+00:00,131756.4999421087
2026-08-28 00:00:00+00:00,131756.4999421087
2026-08-29 00:00:00+00:00,131756.4999421087
2026-08-30 00:00:00+00:00,131756.4999421087
2026-08-31 00:00:00+00:00,131756.4999421087
2026-09-01 00:00:00+00:00,131756.4999421087
2026-09-02 00:00:00+00:00,131756.4999421087
2026-09-03 00:00:00+00:00,131756.4999421087
2026-09-04 00:00:00+00:00,131756.4999421087
2026-09-05 00:00:00+00:00,131756.4999421087
2026-09-06 00:00:00+00:00,131756.4999421087
2026-09-07 00:00:00+00:00,131756.4999421087
2026-09-08 00:00:00+00:00,131756.4999421087
2026-09-09 00:00:00+00:00,131756.4999421087
2026-09-10 00:00:00+00:00,131756.4999421087
