date,open,high,low,close,volume
2019-09-17,10170.0000,10170.0000,10170.0000,10170.0000,0.00200000
2019-09-18,10170.0000,10170.0000,10170.0000,10170.0000,0.00000000
2019-09-19,10170.0000,10170.0000,10170.0000,10170.0000,0.00000000
2019-09-20,10170.0000,10170.0000,10170.0000,10170.0000,0.00000000
2019-09-21,10170.0000,10170.0000,10170.0000,10170.0000,0.00000000
2019-09-22,10170.0000,10170.0000,10170.0000,10170.0000,0.00000000
2019-09-23,10170.0000,10170.0000,10170.0000,10170.0000,0.01000000
2019-09-24,9676.9800,9676.9800,7895.0200,8570.8600,81.19310100
2019-09-25,8548.7000,8723.6400,8268.5900,8439.0200,30.19597800
2019-09-26,8408.9200,8452.4500,7746.8300,8059.8600,41.97769400
2019-09-27,8095.7800,8273.2400,7870.1000,8189.2000,36.26405700
2019-09-28,8215.7500,8346.3900,8033.4800,8205.1500,27.43674300
2019-09-29,8205.7100,8215.0500,7921.9900,8053.8500,42.16643000
2019-09-30,8062.7900,8331.9200,7739.3800,8302.2900,71.59441300
2019-10-01,8313.2200,8516.0000,8197.0700,8315.8300,64.77820800
2019-10-02,8316.4100,8386.3500,8177.3000,8382.2600,36.11258900
2019-10-03,8400.0000,8405.9900,8083.1100,8236.1700,51.40132400
2019-10-04,8238.1000,8243.1300,8018.6700,8160.7600,62.79509900
2019-10-05,8150.2400,8195.2500,8030.0000,8143.9400,29.50682300
2019-10-06,8143.7100,8167.6800,7810.0000,7873.9000,77.04999700
2019-10-07,7862.6000,8300.0000,7776.0000,8214.0100,93.78834400
2019-10-08,8214.0100,8344.0300,8116.0000,8187.3900,70.91814900
2019-10-09,8188.7600,8682.7700,8119.1100,8587.4100,90.33916600
2019-10-10,8585.5300,8651.0000,8451.0200,8587.4500,72.40448000
2019-10-11,8589.7600,8804.5700,8231.7000,8266.8500,87.74775900
2019-10-12,8261.9600,8404.9400,8261.9600,8305.3000,27.42419400
2019-10-13,8301.2900,8466.6800,8189.5300,8284.3100,46.98745200
2019-10-14,8280.1900,8389.8200,8222.2000,8351.6300,77.11759200
2019-10-15,8351.6300,8404.8500,8115.5900,8161.8700,78.16537600
2019-10-16,8161.8700,8177.1300,7925.0100,7999.4300,102.17717800
2019-10-17,7999.8500,8125.9800,7936.8600,8073.9400,91.14453200
2019-10-18,8077.4700,8116.9900,7826.9700,7955.7300,155.69123900
2019-10-19,7955.3000,8092.4400,7883.5600,7950.0000,104.55249000
2019-10-20,7958.2500,8307.0400,7700.0000,8234.0300,157.96825300
2019-10-21,8235.7900,8345.1200,8156.9400,8216.1900,105.28225600
2019-10-22,8213.4800,8300.0000,8003.0000,8029.5900,148.06995100
2019-10-23,8029.5900,8056.4100,7350.0000,7476.1000,389.24461600
2019-10-24,7476.1000,7500.0300,7359.0800,7430.0000,243.02408800
2019-10-25,7430.0000,8780.0000,7383.5400,8672.5200,552.19869300
2019-10-26,8666.9000,10368.4800,8222.0000,9253.3900,670.53097400
2019-10-27,9253.3900,9808.0800,9100.0000,9556.2300,483.55304000
2019-10-28,9550.8100,9919.2800,9201.2400,9215.4600,431.91558800
2019-10-29,9221.0700,9562.2800,9102.9000,9427.9800,437.57326500
2019-10-30,9427.8200,9427.8300,9002.1000,9160.8700,380.28273300
2019-10-31,9162.7700,9411.4300,8955.1200,9155.7900,387.16933100
2019-11-01,9153.7100,9292.3600,9055.5900,9248.5900,200.13480300
2019-11-02,9249.0000,9372.8200,9202.8600,9309.7800,98.95128300
2019-11-03,9310.0000,9375.4600,9080.2700,9204.5700,72.38439900
2019-11-04,9203.6300,9555.0200,9132.9500,9417.7600,119.06119400
2019-11-05,9415.0400,9476.2900,9185.0200,9303.9500,115.10551700
2019-11-06,9318.6400,9444.7500,9252.2200,9339.0200,90.62590200
2019-11-07,9342.6900,9369.0000,9088.3300,9216.0000,164.82120600
2019-11-08,9202.9500,9250.2100,8666.0800,8773.0100,321.13649700
2019-11-09,8765.0000,8873.7600,8729.2600,8812.9900,116.01180500
2019-11-10,8804.6400,9135.3200,8751.7300,9041.9100,119.17350500
2019-11-11,9050.0000,9071.1700,8613.0000,8726.1800,149.39172900
2019-11-12,8707.6000,8863.5000,8563.0800,8811.5500,164.74094600
2019-11-13,8822.2400,8835.0400,8707.9500,8766.7800,85.25318300
2019-11-14,8773.0800,8784.5100,8566.8400,8637.1000,126.89706800
2019-11-15,8632.9500,8766.0000,8388.0000,8459.0700,221.74620500
2019-11-16,8463.7900,8528.4400,8430.7700,8484.0700,50.60777100
2019-11-17,8485.8300,8627.5600,8373.9600,8508.2600,89.35715200
2019-11-18,8495.7200,8501.5800,8043.0000,8175.1400,173.56499000
2019-11-19,8170.5200,8196.2700,7993.4600,8123.9300,136.46038400
2019-11-20,8123.9200,8219.0000,8037.7700,8083.9500,120.56125500
2019-11-21,8083.9800,8113.2900,7500.0000,7619.6800,411.33142800
2019-11-22,7619.6800,7716.2400,6801.0000,7286.8900,733.62342100
2019-11-23,7284.7600,7359.1600,7105.0000,7324.2300,145.56872000
2019-11-24,7335.0000,7341.0000,6870.5800,6904.0500,273.43064300
2019-11-25,6902.6000,7379.7100,6534.3100,7129.8200,391.32584900
2019-11-26,7126.1000,7336.5700,7022.5100,7173.0000,209.09584800
2019-11-27,7173.0000,7673.0800,6854.0200,7518.7400,443.55447200
2019-11-28,7533.3900,7648.4700,7342.1300,7430.2300,232.15059600
2019-11-29,7419.2300,7868.9300,7410.1500,7758.9500,225.12956900
2019-11-30,7753.6800,7810.7800,7460.3000,7556.2000,240.84522300
2019-12-01,7551.5100,7551.5100,7239.1700,7400.4000,272.19434800
2019-12-02,7410.4100,7425.2200,7163.2000,7305.0000,262.79042300
2019-12-03,7305.0000,7407.7500,7236.6000,7297.4900,284.93811200
2019-12-04,7296.0800,7769.2000,7083.5200,7200.4800,395.96375300
2019-12-05,7201.4900,7486.9000,7154.0700,7396.3600,299.64882000
2019-12-06,7382.5500,7600.0000,7309.1300,7548.1200,210.83204600
2019-12-07,7538.7800,7631.5800,7480.6600,7503.1800,148.31584000
2019-12-08,7505.6500,7577.1400,7390.3100,7522.8500,92.06856700
2019-12-09,7522.1600,7662.1000,7291.2800,7346.7600,191.70199900
2019-12-10,7338.9900,7399.1600,7170.0000,7228.5100,182.42976000
2019-12-11,7225.9900,7272.5300,7129.0000,7203.2500,100.02893100
2019-12-12,7203.2500,7290.8100,7083.5200,7191.1600,243.60760200
2019-12-13,7196.2700,7310.2400,7186.3200,7253.5400,121.80190500
2019-12-14,7253.5400,7268.6700,6994.4200,7063.8600,179.41978500
2019-12-15,7063.0000,7200.4000,7013.1300,7122.2100,188.71385200
2019-12-16,7123.2700,7144.2700,6831.6600,6884.0800,233.11394500
2019-12-17,6881.0000,6937.2100,6555.0000,6619.0300,366.81551000
2019-12-18,6621.6500,7439.9900,6438.1000,7284.4000,594.70008800
2019-12-19,7286.2000,7377.6400,7050.0000,7150.6800,303.34706600
2019-12-20,7150.6800,7214.7100,7082.3500,7185.6800,200.88548300
2019-12-21,7186.4000,7186.6800,7116.8100,7139.8600,99.81565400
2019-12-22,7139.8600,7518.8000,7127.6400,7508.9300,271.72944900
2019-12-23,7512.2900,7692.2900,7251.1400,7316.9000,666.74711200
2019-12-24,7315.4800,7424.9900,7159.5500,7260.6600,251.50009600
2019-12-25,7253.9700,7260.8400,7117.0900,7194.8100,125.05572700
2019-12-26,7201.5900,7428.9000,7153.5600,7196.7100,544.44043100
2019-12-27,7190.4200,7248.9900,7065.7100,7243.1900,119.94776500
2019-12-28,7247.9400,7342.7300,7231.5100,7298.7300,239.17818300
2019-12-29,7291.2000,7500.0000,7273.5200,7382.7300,103.91558200
2019-12-30,7380.0000,7380.0000,7203.2500,7223.4000,118.77032100
2019-12-31,7216.3200,7295.3000,7119.0300,7170.1400,91.89039800
2020-01-01,7157.8900,7230.2000,7152.4000,7179.6200,82.11783600
2020-01-02,7172.8500,7186.3900,6906.3300,6946.6400,134.84671900
2020-01-03,6946.4900,7400.0000,6855.5100,7322.7400,200.07648300
2020-01-04,7336.1400,7392.8800,7262.6400,7349.4500,97.31528100
2020-01-05,7349.1500,7488.9300,7321.7700,7353.9700,187.05965600
2020-01-06,7346.5100,7798.1400,7341.3700,7763.0700,249.91843100
2020-01-07,7768.4500,8208.6300,7742.7400,8164.7600,479.76007600
2020-01-08,8158.7400,8468.5600,7874.8900,8026.2700,448.84650700
2020-01-09,8045.3400,8045.3400,7750.6700,7819.0300,209.09944900
2020-01-10,7818.6400,8194.3600,7676.7600,8186.8000,303.35689000
2020-01-11,8200.0000,8300.4700,7999.9000,8021.1200,254.53881500
2020-01-12,8015.8800,8186.7200,7961.0100,8186.3400,146.95027200
2020-01-13,8183.5900,8188.9500,8034.2300,8101.4900,116.08812200
2020-01-14,8105.8900,8892.7200,8105.8900,8848.9400,683.04359000
2020-01-15,8816.4800,8900.0000,8566.5200,8817.7100,341.28683700
2020-01-16,8823.9300,8848.3400,8590.0000,8727.7600,231.55156000
2020-01-17,8722.3800,9017.5200,8664.0000,8910.1400,404.77676600
2020-01-18,8884.4500,8984.3200,8814.0700,8921.1900,256.38223700
2020-01-19,8921.1800,9190.9200,8430.5400,8701.1200,332.26965100
2020-01-20,8702.1400,8739.1200,8515.2700,8641.2600,193.40888900
2020-01-21,8638.1200,8767.8900,8501.9900,8737.4600,197.95332300
2020-01-22,8727.2900,8795.0000,8570.5200,8650.0500,70.52319400
2020-01-23,8660.0000,8664.1200,8281.0400,8394.5900,216.74385400
2020-01-24,8385.4900,8513.6600,8222.0000,8431.6600,154.78118200
2020-01-25,8419.9200,8430.2000,8260.0000,8320.4300,89.18721000
2020-01-26,8313.6100,8604.1400,8280.9800,8593.6600,103.13506700
2020-01-27,8594.2500,8977.5300,8564.0200,8890.0800,185.39880300
2020-01-28,8895.9800,9407.4200,8890.4800,9381.1000,287.40297000
2020-01-29,9378.7700,9419.0000,9228.0000,9268.0900,271.82064300
2020-01-30,9280.4700,9564.6900,9170.0000,9498.3800,250.13187700
2020-01-31,9493.5000,9518.0000,9196.3300,9333.4800,207.40550400
2020-02-01,9354.1000,9451.8800,9291.0700,9382.0200,101.54821600
2020-02-02,9377.7200,9473.1300,9150.0000,9326.4500,202.61351800
2020-02-03,9321.6500,9620.0000,9218.1600,9284.6300,278.11596000
2020-02-04,9281.2400,9350.0000,9080.2400,9167.2200,276.94987700
2020-02-05,9168.5000,9764.2300,9151.2900,9618.1600,405.76048000
2020-02-06,9622.0700,9857.4400,9523.0000,9751.9700,233.63096700
2020-02-07,9759.8900,9870.0000,9716.9900,9808.5900,246.46127100
2020-02-08,9806.2800,9950.0000,9654.5900,9902.6400,289.06015700
2020-02-09,9902.6400,10174.7500,9891.3500,10174.7500,414.71548600
2020-02-10,10161.0300,10200.0000,9775.0000,9854.8500,272.13305600
2020-02-11,9854.8500,10388.4300,9700.0000,10272.2600,349.55230900
2020-02-12,10272.9100,10540.3900,10254.3600,10350.7500,227.40787100
2020-02-13,10341.2700,10515.6700,10099.9900,10235.7900,478.18185700
2020-02-14,10232.1600,10393.0400,10100.0000,10365.7300,225.78917800
2020-02-15,10367.9100,10396.4700,9800.0000,9904.4200,273.41828400
2020-02-16,9911.3300,10053.0100,9635.0000,9929.6200,283.10811100
2020-02-17,9929.4700,9968.5900,9463.6700,9702.4900,325.20446000
2020-02-18,9711.6700,10272.9900,9608.6700,10180.0000,347.95689600
2020-02-19,10193.8300,10300.0000,9350.0000,9599.7200,518.04797500
2020-02-20,9595.7500,9706.6400,9373.8900,9607.0800,294.30055700
2020-02-21,9607.0100,9773.0400,9575.9200,9697.3500,192.05300200
2020-02-22,9690.5000,9723.1200,9563.6700,9671.6700,144.02304700
2020-02-23,9665.4400,10028.5000,9665.4400,9975.7100,230.65515600
2020-02-24,9973.5300,10026.3200,9491.4700,9660.2000,381.20560300
2020-02-25,9668.0500,9670.0900,9250.0000,9312.6300,262.79398000
2020-02-26,9305.1500,9362.5700,8644.0700,8787.1100,544.70904300
2020-02-27,8774.7300,8974.9700,8522.1300,8810.9400,479.31240100
2020-02-28,8820.9200,8900.0000,8431.8700,8706.1700,504.17260700
2020-02-29,8704.6000,8801.0600,8523.2900,8523.2900,200.56174900
2020-03-01,8522.7400,8763.8100,8409.0000,8531.9000,256.22295000
2020-03-02,8516.5800,8970.1100,8483.8700,8910.5100,263.62105300
2020-03-03,8915.0000,8917.7000,8657.0000,8758.8900,255.40192100
2020-03-04,8760.5100,8845.1500,8669.4900,8755.3900,206.21278000
2020-03-05,8757.2100,9165.2000,8757.2100,9075.8500,310.88069800
2020-03-06,9062.7800,9180.4000,8994.7200,9165.6800,202.45148100
2020-03-07,9158.7600,9225.0000,8860.0800,8895.3100,239.14209500
2020-03-08,8899.7200,8899.7200,8005.6800,8034.9100,416.91132000
2020-03-09,8039.7300,8184.8000,7634.0900,7930.0000,563.66242400
2020-03-10,7942.0200,8149.0000,7736.4300,7883.3000,411.96662500
2020-03-11,7879.2400,7988.4400,7592.7800,7938.4200,362.73583900
2020-03-12,7946.8700,7962.5200,4502.1400,4891.9300,2974.11196600
2020-03-13,4844.2800,5969.0000,3828.6200,5610.8100,1970.35367200
2020-03-14,5622.8800,5665.8800,5048.0000,5170.6000,448.81955000
2020-03-15,5156.6200,5967.0000,5118.5900,5361.5400,714.35362800
2020-03-16,5340.0000,5345.2700,4400.0000,5020.0000,1082.26915300
2020-03-17,5069.8200,5567.8800,4950.0000,5353.0000,667.06856000
2020-03-18,5325.0000,5447.6900,5012.8400,5410.8800,924.80598400
2020-03-19,5415.4500,6428.4500,5272.1900,6189.4000,1388.81953700
2020-03-20,6182.4100,6938.1300,5689.5500,6206.4300,1480.00680300
2020-03-21,6209.6200,6467.8900,5877.7700,6192.7400,681.15931000
2020-03-22,6183.5900,6416.5400,5753.0000,5823.9900,772.18646100
2020-03-23,5815.4600,6632.6000,5689.4000,6502.0100,1004.48043500
2020-03-24,6500.5300,6867.7300,6407.6900,6768.8400,1012.42061800
2020-03-25,6764.0000,6987.0000,6475.0000,6701.1000,907.07584100
2020-03-26,6707.4000,6801.3300,6517.0000,6760.8500,700.84651600
2020-03-27,6765.0000,6871.9000,6262.6000,6370.2800,737.15627300
2020-03-28,6369.7100,6370.2800,6021.8500,6250.2000,665.57823300
2020-03-29,6260.0800,6278.0000,5870.8400,5875.0000,628.67677400
2020-03-30,5875.0000,6628.5000,5859.1100,6404.4800,929.57731600
2020-03-31,6400.9700,6526.6400,6337.0700,6424.0600,460.10191300
2020-04-01,6424.0600,6740.0000,6161.0200,6665.1100,840.93924400
2020-04-02,6675.3700,7239.8200,6579.5500,6803.7700,1123.12665600
2020-04-03,6802.7700,7044.4700,6612.3300,6739.2900,647.98366300
2020-04-04,6733.4700,7036.8600,6653.8800,6877.5200,597.54328700
2020-04-05,6882.0000,6919.8800,6678.6700,6779.1300,397.45204100
2020-04-06,6779.1300,7360.7500,6776.0100,7349.6200,1018.86029500
2020-04-07,7334.7700,7470.3600,7010.9700,7200.6000,996.56455800
2020-04-08,7200.6000,7422.3500,7153.6400,7369.5900,516.59887500
2020-04-09,7369.4200,7383.0000,7110.0300,7294.8700,489.47256300
2020-04-10,7292.9600,7301.8400,6756.4300,6870.4700,814.63177100
2020-04-11,6871.5400,6950.0000,6770.0000,6892.6000,259.89421200
2020-04-12,6890.3100,7198.2100,6787.2900,6900.0500,424.81313800
2020-04-13,6901.0000,6909.0200,6577.5000,6859.9100,624.45339900
2020-04-14,6868.1100,6998.3000,6771.5900,6871.4900,376.24378200
2020-04-15,6877.9100,6938.6600,6610.7600,6627.6300,365.53703100
2020-04-16,6626.9600,7214.7700,6487.0000,7112.0000,979.11635100
2020-04-17,7113.9300,7151.0000,7000.0000,7036.7700,340.63691700
2020-04-18,7030.0000,7304.9900,7025.0000,7260.0000,312.75137700
2020-04-19,7261.6000,7272.0000,7062.9300,7130.7200,240.46381400
2020-04-20,7132.7900,7224.9900,6753.5400,6844.1700,587.94048900
2020-04-21,6832.5600,6955.0000,6772.0000,6852.0700,586.35785100
2020-04-22,6850.3500,7168.9300,6826.5500,7139.3700,424.71984900
2020-04-23,7139.3600,7760.0000,7036.5400,7485.1700,772.05492200
2020-04-24,7487.1700,7658.5800,7385.4400,7510.2900,489.28872600
2020-04-25,7512.3600,7732.4400,7440.0000,7546.3800,433.92889800
2020-04-26,7545.7200,7707.0200,7484.4200,7702.3100,390.28597700
2020-04-27,7702.3100,7802.3100,7633.8500,7790.3200,411.17702500
2020-04-28,7792.3400,7792.3400,7676.3000,7760.0000,209.77203100
2020-04-29,7755.0100,8971.9400,7720.0000,8788.6300,1554.01723800
2020-04-30,8790.9200,9465.8000,8415.0100,8628.9400,1698.22229500
2020-05-01,8624.6900,9073.0500,8624.6900,8828.2700,717.82319300
2020-05-02,8830.9600,9019.3000,8768.5900,8977.7000,541.06686500
2020-05-03,8984.6900,9203.9700,8731.0000,8896.8900,802.49730900
2020-05-04,8909.6900,8959.9000,8535.0800,8883.7500,621.49011300
2020-05-05,8884.6400,9115.0000,8769.7500,9028.7400,516.55786200
2020-05-06,9028.1200,9417.7300,8922.4300,9148.7400,728.09921600
2020-05-07,9154.4500,10084.8700,9039.0000,9997.0600,1391.09295700
2020-05-08,9997.0600,10048.7400,9733.8900,9820.7500,794.36728000
2020-05-09,9820.4700,9918.1600,9521.5400,9542.0000,635.55511100
2020-05-10,9539.5200,9569.5500,8073.9300,8729.0300,2058.11234100
2020-05-11,8729.0200,9167.3900,8200.0000,8566.3200,1403.31430200
2020-05-12,8571.6200,8977.9900,8534.4200,8823.6400,604.67058400
2020-05-13,8818.3400,9411.0000,8803.3100,9323.3700,816.65442400
2020-05-14,9323.3700,9931.9200,9269.4300,9796.4800,1181.76596900
2020-05-15,9796.9900,9841.8700,9106.4800,9310.0000,1257.16909600
2020-05-16,9308.6800,9582.3500,9218.6800,9386.3100,507.01640400
2020-05-17,9385.9200,9889.8800,9330.1800,9676.3500,706.26463100
2020-05-18,9692.8900,9949.3300,9450.0000,9725.8400,929.21719800
2020-05-19,9726.8400,9890.0000,9466.2900,9783.0000,645.95745500
2020-05-20,9780.2500,9832.0000,9275.8200,9512.3900,700.74054400
2020-05-21,9506.6300,9561.1500,8800.0000,9055.5700,874.97111000
2020-05-22,9054.7500,9259.0800,8934.0000,9166.0600,556.30947500
2020-05-23,9166.0600,9312.7000,9087.1100,9183.4000,264.65110200
2020-05-24,9183.4000,9297.5700,8688.0000,8706.6900,507.39878700
2020-05-25,8711.4400,9011.0400,8634.8500,8902.3500,636.46142000
2020-05-26,8890.6500,9005.6400,8700.0000,8841.2000,314.45159300
2020-05-27,8848.0600,9225.1000,8811.2300,9203.0000,372.45611100
2020-05-28,9205.0000,9625.0000,9118.9000,9580.0000,632.12392500
2020-05-29,9580.0000,9607.6000,9332.2500,9420.8900,410.95735300
2020-05-30,9424.1100,9750.0000,9333.3300,9704.0000,577.41720900
2020-05-31,9704.0400,9708.0000,9394.0100,9447.2800,350.70308200
2020-06-01,9447.5000,10409.9900,9414.5500,10209.0300,938.85056600
2020-06-02,10209.0300,10230.0000,9269.1300,9518.1800,1117.56227900
2020-06-03,9518.6600,9683.3900,9370.2400,9664.5100,377.04657400
2020-06-04,9665.0000,9880.0000,9455.8600,9788.3500,431.78081400
2020-06-05,9789.5700,9851.6000,9599.1900,9618.4300,369.25826300
2020-06-06,9612.5800,9733.6900,9529.4800,9675.0000,292.87792100
2020-06-07,9670.2500,9815.9900,9380.0000,9751.1000,566.15247500
2020-06-08,9751.4200,9820.1100,9640.8900,9778.0000,348.92165600
2020-06-09,9778.0000,9881.0000,9581.0000,9785.7500,612.09776100
2020-06-10,9781.2100,9999.0300,9698.8800,9893.3500,538.12873900
2020-06-11,9894.7500,9970.0000,9080.0000,9266.8700,1136.32088000
2020-06-12,9265.0000,9553.9200,9233.8700,9465.7000,612.72305600
2020-06-13,9466.0000,9490.0000,9350.0000,9472.5100,253.83387300
2020-06-14,9475.3800,9480.0000,9241.0000,9336.4100,249.70486200
2020-06-15,9335.6400,9499.0000,8899.9000,9434.4700,756.75963900
2020-06-16,9428.4400,9590.0000,9384.1000,9528.1200,420.26124600
2020-06-17,9528.8600,9558.0000,9233.8700,9452.4600,377.94289500
2020-06-18,9459.0000,9477.2800,9273.0000,9382.7900,272.29735100
2020-06-19,9376.2800,9424.7400,9233.8700,9299.5800,307.03313700
2020-06-20,9290.2500,9393.4100,9159.0000,9359.9600,227.33228200
2020-06-21,9359.5000,9413.9900,9274.9400,9281.5500,189.82212900
2020-06-22,9282.2100,9781.0000,9267.2000,9690.0200,430.71075800
2020-06-23,9692.2000,9719.0000,9578.0000,9621.5400,283.45099800
2020-06-24,9626.0100,9662.9900,9195.0000,9286.6500,474.97403500
2020-06-25,9286.7400,9335.8600,8988.0500,9238.3300,562.17583500
2020-06-26,9246.2100,9292.9200,9030.8900,9152.2000,403.64192700
2020-06-27,9153.6500,9188.9900,8830.8800,9005.6600,361.56090000
2020-06-28,9001.7500,9187.7300,8930.1600,9117.0000,231.58459100
2020-06-29,9117.0100,9233.0000,9010.0000,9183.3400,350.69193600
2020-06-30,9190.5400,9199.4500,9061.5100,9138.8400,231.97979800
2020-07-01,9137.3000,9297.7700,9086.0000,9240.5200,335.10122600
2020-07-02,9237.4700,9266.2500,8938.6400,9089.0800,435.98596800
2020-07-03,9090.7200,9125.9700,9043.0000,9063.6700,252.34217200
2020-07-04,9060.9500,9198.8500,9045.6000,9139.0300,192.44283100
2020-07-05,9139.6800,9146.2600,8910.0000,9075.5500,204.34237600
2020-07-06,9075.5500,9369.2600,9062.5000,9345.7400,489.76112800
2020-07-07,9346.6700,9380.0000,9202.0200,9260.6600,294.98635000
2020-07-08,9259.1100,9476.4400,9233.8600,9437.0200,452.99604300
2020-07-09,9437.0200,9445.0000,9163.0100,9237.6600,292.35433700
2020-07-10,9236.4000,9313.4800,9124.0000,9286.4700,290.98053500
2020-07-11,9286.9400,9300.4000,9182.8400,9236.9800,173.01525000
2020-07-12,9235.8700,9341.0000,9161.0000,9301.0000,270.75257500
2020-07-13,9301.0000,9334.0000,9197.0000,9238.2100,393.19155300
2020-07-14,9233.4600,9277.7700,9106.9800,9257.9900,319.42744000
2020-07-15,9258.0000,9277.9900,9149.0900,9192.9100,303.72709100
2020-07-16,9191.5500,9214.4500,9034.1400,9131.9900,258.80869900
2020-07-17,9131.6700,9181.9900,9076.8100,9157.1500,242.09470200
2020-07-18,9157.2900,9205.9900,9121.5000,9174.5000,186.86013500
2020-07-19,9173.4700,9238.4700,9105.8400,9214.7000,193.61223500
2020-07-20,9212.8700,9225.0000,9130.1800,9159.0000,248.37893200
2020-07-21,9159.0000,9440.0000,9158.3300,9392.7600,344.07456100
2020-07-22,9394.1500,9563.5300,9285.0000,9535.0000,366.49091500
2020-07-23,9534.2000,9680.0000,9459.9000,9611.7700,650.00746400
2020-07-24,9614.4700,9649.3100,9477.5700,9554.6900,558.76147300
2020-07-25,9554.6900,9745.0100,9541.0800,9703.0900,372.90771400
2020-07-26,9712.4600,10200.0000,9662.4100,9940.9400,834.29011400
2020-07-27,9940.9400,11411.5600,9936.6400,11043.1000,2385.95920600
2020-07-28,11050.4500,11264.4900,10591.0400,10929.0600,1330.49733800
2020-07-29,10930.2300,11355.0000,10855.3500,11118.0000,650.88744500
2020-07-30,11118.0000,11183.3800,10836.0900,11116.0000,491.13600500
2020-07-31,11119.4400,11460.4200,10968.5400,11348.0000,755.31250300
2020-08-01,11352.2200,11884.0000,11238.6600,11820.0000,787.96519800
2020-08-02,11808.1500,12117.0800,10632.0000,11060.4700,1137.85518900
2020-08-03,11068.8000,11483.6100,10936.2800,11237.1300,480.80790800
2020-08-04,11235.5200,11415.9900,11013.9000,11190.1800,354.61584800
2020-08-05,11199.0400,11799.9900,11098.5800,11763.7500,730.45296800
2020-08-06,11763.7400,11916.3800,11572.7600,11771.2400,660.14665100
2020-08-07,11771.7500,11912.9300,11473.5700,11600.5300,495.58230800
2020-08-08,11603.5600,11814.1200,11535.1700,11772.5000,410.47144000
2020-08-09,11768.2700,11810.8800,11535.1600,11692.0800,307.78926300
2020-08-10,11692.4800,12080.6400,11512.0100,11901.4000,979.61570700
2020-08-11,11901.0500,11943.1700,11127.3700,11389.4200,830.12203600
2020-08-12,11386.4300,11623.2000,11159.4500,11565.3200,531.45368800
2020-08-13,11565.9000,11800.0000,11275.0000,11789.0400,601.15158400
2020-08-14,11794.0000,11862.3700,11652.4700,11775.9900,405.98822800
2020-08-15,11776.9800,11992.0500,11691.0000,11856.6000,422.24646000
2020-08-16,11854.6500,11940.0000,11700.0000,11920.0000,247.60287400
2020-08-17,11919.1200,12482.6200,11779.9500,12293.6000,878.34966900
2020-08-18,12296.0700,12394.9000,11822.7000,11955.5100,662.69581100
2020-08-19,11954.9400,12022.3000,11577.0000,11748.1600,638.86893700
2020-08-20,11755.4300,11893.3800,11670.8900,11866.4000,366.67170100
2020-08-21,11861.6800,11888.5000,11483.0000,11523.6400,563.32209700
2020-08-22,11523.6400,11696.9100,11363.4700,11675.6300,275.98192800
2020-08-23,11676.2200,11713.6000,11519.1100,11650.5100,264.54144900
2020-08-24,11651.9500,11826.9900,11589.7600,11752.6200,298.40699500
2020-08-25,11751.3600,11768.7500,11118.8800,11323.2200,535.42354800
2020-08-26,11320.7200,11541.5000,11250.0300,11457.5300,314.54790800
2020-08-27,11465.6200,11591.4000,11125.0000,11309.9300,462.17709000
2020-08-28,11325.8000,11546.0000,11276.9300,11532.7100,345.28794700
2020-08-29,11532.2700,11582.5000,11421.4300,11476.9700,196.58871700
2020-08-30,11473.7600,11719.2700,11464.3600,11717.9500,236.18866100
2020-08-31,11718.4600,11783.0700,11566.0000,11650.6000,326.41482300
2020-09-01,11651.1000,12059.2600,11516.9500,11926.3600,565.21627400
2020-09-02,11922.0400,11958.1100,11182.7100,11402.3200,720.25369600
2020-09-03,11401.0300,11471.9900,10010.0200,10164.0000,1403.76255500
2020-09-04,10159.7900,10631.2700,9910.0100,10471.0000,867.14190500
2020-09-05,10470.2200,10567.5600,9822.5900,10163.9800,818.47582300
2020-09-06,10163.0900,10350.0000,9991.7400,10256.9900,401.84071300
2020-09-07,10254.6600,10404.5700,9875.4300,10370.5200,476.40323000
2020-09-08,10370.7800,10437.4000,9835.0000,10119.4500,474.52706100
2020-09-09,10122.2000,10344.5900,9977.7500,10223.9700,274.30102000
2020-09-10,10219.8100,10486.3600,10216.3200,10342.5300,315.00353900
2020-09-11,10337.0700,10403.0900,10202.0000,10398.8700,203.20459500
2020-09-12,10395.1600,10486.0000,10275.0000,10442.6500,343.14423700
2020-09-13,10441.7000,10577.8200,10201.6200,10329.3900,527.57041800
2020-09-14,10330.9700,10750.0000,10252.1100,10669.2400,404.10057500
2020-09-15,10672.1400,10931.1300,10622.3500,10786.4100,525.97621500
2020-09-16,10786.7100,11094.3900,10665.4700,10946.0800,484.00204600
2020-09-17,10952.9700,11043.8800,10750.0000,10940.9800,414.70754800
2020-09-18,10944.3400,11038.5400,10812.4000,10932.5400,330.62214700
2020-09-19,10932.5400,11183.8200,10889.9300,11082.6900,306.50773800
2020-09-20,11081.5600,11082.6900,10759.5500,10914.5400,242.53680000
2020-09-21,10919.5900,10991.0000,10299.0000,10408.3800,468.25736200
2020-09-22,10416.2000,10571.9000,10350.0000,10530.9700,247.85541100
2020-09-23,10530.1800,10538.7700,10140.0000,10234.8700,345.76645100
2020-09-24,10239.0600,10810.5100,10193.0000,10747.6800,353.45925300
2020-09-25,10739.6900,10760.2300,10554.4200,10691.0700,335.40044300
2020-09-26,10703.0900,10825.0000,10653.1200,10748.0000,122.47039400
2020-09-27,10730.9600,10805.0000,10595.6800,10773.4700,145.81844900
2020-09-28,10777.3800,10950.0700,10630.0600,10691.3900,376.26747900
2020-09-29,10677.4600,10860.6400,10635.4500,10843.8700,276.19252800
2020-09-30,10847.1700,10849.8700,10661.4000,10772.1900,188.99386900
2020-10-01,10778.0000,10921.9200,10444.0000,10619.7900,463.10659600
2020-10-02,10597.3300,10660.0000,10381.0100,10573.4700,346.09464900
2020-10-03,10577.1800,10606.5000,10502.6700,10547.0900,112.02720300
2020-10-04,10548.6600,10698.6200,10521.8600,10673.1300,103.74124300
2020-10-05,10665.0000,10795.2100,10624.0700,10795.0000,197.89272600
2020-10-06,10800.0000,10804.5000,10526.8500,10603.4100,242.51236500
2020-10-07,10602.8900,10682.5600,10550.0000,10673.3100,160.13522200
2020-10-08,10671.0300,10956.4000,10540.0000,10922.5400,295.79634900
2020-10-09,10929.1500,11107.3300,10829.5200,11057.7800,352.23777600
2020-10-10,11057.7800,11485.2200,11057.2200,11302.0800,363.37856100
2020-10-11,11299.9500,11436.9500,11279.0000,11373.1100,238.16967200
2020-10-12,11371.0300,11724.9300,11170.0000,11540.0000,488.23970300
2020-10-13,11534.5200,11556.8500,11312.2400,11424.3900,315.30796900
2020-10-14,11424.9600,11550.0000,11295.8400,11426.8600,249.85461800
2020-10-15,11422.8100,11630.5700,11264.8200,11502.5300,266.49611600
2020-10-16,11506.9900,11545.0000,11202.8500,11327.0700,453.43122800
2020-10-17,11326.7200,11415.8600,11267.6700,11365.9300,121.10980800
2020-10-18,11366.1300,11518.8800,11351.3500,11512.0500,133.33376200
2020-10-19,11513.4800,11825.0000,11417.4100,11759.4100,352.70492500
2020-10-20,11760.1800,12049.3800,11683.3000,11923.5800,492.69634600
2020-10-21,11923.5800,13237.8600,11903.1800,12813.4600,1332.09048200
2020-10-22,12805.4000,13199.3400,12680.0100,12985.4600,679.95136200
2020-10-23,12986.2800,13020.0100,12725.7000,12939.9100,417.34871100
2020-10-24,12934.1000,13174.9900,12886.5600,13125.5800,223.15155800
2020-10-25,13124.0600,13362.1000,12880.0000,13031.1400,373.82478100
2020-10-26,13044.1500,13240.0000,12786.5800,13071.8900,409.75872000
2020-10-27,13067.7500,13790.6000,13063.9300,13645.3000,714.16749900
2020-10-28,13645.8100,13868.0000,12884.4500,13282.6300,700.81545400
2020-10-29,13274.9700,13644.9900,12987.1900,13462.6200,464.43451000
2020-10-30,13463.3000,13675.0000,13129.1900,13561.2300,450.88071900
2020-10-31,13572.7100,14100.0000,13429.6300,13805.0000,454.69370000
2020-11-01,13801.3500,13900.0000,13632.0100,13763.6700,235.94276500
2020-11-02,13766.3000,13836.8500,13218.3600,13567.0000,387.91101300
2020-11-03,13568.1700,14073.8300,13297.0400,14022.1000,462.13588300
2020-11-04,14025.0000,14271.0400,13535.8100,14164.1600,653.19470600
2020-11-05,14164.7200,15770.0000,14106.9000,15597.5000,1272.91420300
2020-11-06,15612.6800,15974.4800,15188.7300,15591.9900,983.69096400
2020-11-07,15604.5900,15771.0000,14362.4600,14836.5300,1040.53396800
2020-11-08,14834.1400,15661.8700,14724.0300,15492.1200,449.06323200
2020-11-09,15485.8200,15841.5300,14822.9400,15325.6700,806.19223600
2020-11-10,15343.2100,15477.8100,15093.6700,15316.6300,372.87791000
2020-11-11,15315.7600,16005.7200,15296.1900,15705.5600,559.50200400
2020-11-12,15704.7700,16355.1700,15475.0000,16311.9300,823.86124500
2020-11-13,16308.4500,16487.0000,15970.0000,16344.7100,468.75445800
2020-11-14,16340.9900,16340.9900,15704.5100,16080.4400,464.77144500
2020-11-15,16088.9300,16160.3300,15800.0000,15966.2600,217.42304700
2020-11-16,15966.2900,16889.6900,15880.6000,16716.7900,419.49841400
2020-11-17,16724.1000,17873.0000,16567.4600,17672.1000,677.62579000
2020-11-18,17682.6400,18492.6900,17250.0000,17789.4300,1038.89523900
2020-11-19,17790.3000,18186.0000,17351.0000,17835.3900,455.63547900
2020-11-20,17826.7900,18828.2600,17771.8100,18680.2100,594.87458000
2020-11-21,18671.6900,18981.8200,18352.8000,18709.9700,544.94887800
2020-11-22,18709.9700,18776.7900,17638.0900,18441.7600,630.61154800
2020-11-23,18432.9200,18768.7400,18011.2700,18395.0800,455.45345400
2020-11-24,18392.6600,19436.2100,18047.5700,19189.7200,900.77972400
2020-11-25,19173.0200,19490.0000,18501.0000,18725.3800,514.48370700
2020-11-26,18723.2200,18919.5200,16214.1800,17160.0000,2110.60306200
2020-11-27,17158.5000,17461.5100,16451.0200,17147.7900,691.05447400
2020-11-28,17147.7900,17894.5700,16875.8200,17738.9700,424.92299700
2020-11-29,17739.8600,18361.5600,17538.9200,18190.0000,389.59686400
2020-11-30,18190.0000,19872.1100,18190.0000,19699.9200,962.77516400
2020-12-01,19699.9200,19892.4400,18119.0000,18791.5800,1538.91017900
2020-12-02,18794.5000,19350.0000,18342.0800,19227.4400,782.98664300
2020-12-03,19230.7200,19610.0300,18866.4100,19449.7200,702.03899100
2020-12-04,19441.0700,19539.9900,18579.9700,18654.5100,557.07593200
2020-12-05,18652.9200,19187.6400,18502.8700,19157.8800,230.11365200
2020-12-06,19158.5200,19420.0500,18870.0000,19369.0600,297.00480100
2020-12-07,19381.7700,19435.7100,18902.2500,19179.6400,309.30355500
2020-12-08,19179.3700,19295.0000,18173.7100,18318.6400,795.64524200
2020-12-09,18312.8800,18644.9300,17642.0400,18542.9100,968.78615700
2020-12-10,18548.7800,18553.5600,17911.0000,18249.8800,514.27265800
2020-12-11,18254.0600,18291.8000,17581.1900,18030.8400,731.20236700
2020-12-12,18040.4800,18959.0000,18019.9400,18818.3100,431.47346000
2020-12-13,18820.7600,19405.2700,18730.0000,19169.3700,528.68486700
2020-12-14,19162.8900,19342.4700,19000.0000,19269.7100,398.85262000
2020-12-15,19269.7100,19561.2500,19055.1800,19437.9900,791.85719100
2020-12-16,19436.2200,21599.1300,19298.5200,21350.0000,1388.28378600
2020-12-17,21365.3800,23777.0000,21258.4000,22833.3000,2285.37424000
2020-12-18,22820.0000,23285.0000,22358.6200,23128.6100,839.80514600
2020-12-19,23131.2400,24180.0000,22774.8600,23849.6200,721.12695900
2020-12-20,23849.6200,24303.3000,23105.8900,23486.6200,765.49215100
2020-12-21,23476.9300,24114.6800,21900.0000,22723.8300,972.58557900
2020-12-22,22720.4500,23831.2700,22400.0000,23811.2000,752.52756300
2020-12-23,23811.2100,24096.9300,22619.6500,23217.1500,954.15177400
2020-12-24,23223.3700,23780.2000,22713.0100,23718.8500,700.05858200
2020-12-25,23723.8800,24773.3100,23415.8300,24707.1500,847.08364800
2020-12-26,24707.1500,26848.1300,24483.8700,26466.7200,947.02212700
2020-12-27,26466.7200,28383.5100,25793.5600,26247.1100,1343.26890900
2020-12-28,26250.0000,27463.0800,26076.6000,27044.3700,902.51538500
2020-12-29,27043.0100,27395.7900,25851.3000,27368.0400,934.75925000
2020-12-30,27369.4000,28996.5500,27348.0800,28897.4500,1217.39313400
2020-12-31,28891.7400,29309.0000,27943.0900,28960.3400,1107.14133400
2021-01-01,28978.6600,29680.7500,28707.5600,29418.7200,952.47219200
2021-01-02,29417.2700,33338.6800,29050.0000,32218.3800,1945.27667700
2021-01-03,32200.3900,34812.9300,32010.6800,33111.9900,1926.66688300
2021-01-04,33086.1700,33655.0100,27900.0000,32025.2300,2374.33611600
2021-01-05,32025.2300,34500.0000,29927.5500,34036.0800,1917.28520700
2021-01-06,34045.2900,37000.0000,33380.5600,36856.9800,1898.77712000
2021-01-07,36850.6400,40410.0200,35936.7300,39479.7800,2487.03603100
2021-01-08,39476.1400,41999.0000,36600.0000,40622.8700,2549.70273400
2021-01-09,40622.8700,41422.9900,38789.1200,40256.0200,1255.35304600
2021-01-10,40242.9300,41446.8500,35068.0900,38181.1700,1912.13710300
2021-01-11,38167.9200,38280.8600,30365.5000,35494.0000,4468.10565300
2021-01-12,35495.7700,36610.5200,32500.0000,34031.1600,2174.17180200
2021-01-13,34048.3400,37818.4000,32357.2500,37400.0000,2095.83837900
2021-01-14,37400.0000,40100.0000,36752.2600,39127.1000,1411.18625300
2021-01-15,39101.9600,39690.0000,34362.0100,36763.8200,1566.95856900
2021-01-16,36742.2300,37954.5600,35370.0000,36025.3000,995.51958900
2021-01-17,36010.1400,36846.4700,33850.0000,35810.0000,931.69635500
2021-01-18,35810.0000,37434.5000,34752.1300,36610.5400,746.04718900
2021-01-19,36632.3900,37866.1500,35923.8200,35929.4500,896.23440300
2021-01-20,35929.4500,36407.9300,33433.2000,35489.1000,1154.09593400
2021-01-21,35494.3400,35615.0100,30030.4800,30840.0300,2087.49899500
2021-01-22,30840.0300,33868.4000,28951.5800,32988.3400,2080.72935700
2021-01-23,32988.3400,33490.6500,31418.5700,32123.6100,566.65744000
2021-01-24,32114.6000,33087.9800,30950.0300,32279.0900,588.25053900
2021-01-25,32299.6800,34888.0000,31913.0000,32283.3800,882.62447100
2021-01-26,32268.3500,32968.5400,30852.0000,32517.8600,730.25503100
2021-01-27,32513.7300,32600.0000,29256.8200,30418.1500,1423.84056200
2021-01-28,30428.1400,33840.6500,29900.0000,33434.6800,1195.20331500
2021-01-29,33434.6800,38673.1400,31977.1300,34272.0200,3013.85331700
2021-01-30,34272.0500,34918.9100,32852.4600,34281.3600,927.14493200
2021-01-31,34306.8400,34375.6500,32200.0000,33134.8600,718.30392000
2021-02-01,33134.0300,34707.6000,32303.4400,33546.3900,1021.75770900
2021-02-02,33544.6900,36036.5600,33411.8500,35500.1700,984.83335900
2021-02-03,35500.1200,37707.4100,35388.2100,37678.2100,1020.27010400
2021-02-04,37695.8400,38747.6100,36182.2200,36993.2700,1736.35878800
2021-02-05,36976.6800,38363.2300,36608.8100,38327.4100,854.68657500
2021-02-06,38330.0500,41019.9300,38265.3800,39268.8000,1456.31627700
2021-02-07,39272.6400,39736.1700,37383.5100,38874.1300,1039.06332600
2021-02-08,38874.1300,46804.0000,38055.9200,46465.6100,2471.14916700
2021-02-09,46506.5800,48203.1300,45040.0000,46500.0000,1700.34387300
2021-02-10,46500.0000,47371.0900,43750.0000,44908.7300,1357.19879500
2021-02-11,44908.7200,48708.0000,44034.0600,48008.0100,1546.87918500
2021-02-12,48035.1200,48969.4500,46231.5200,47459.2100,1246.72169700
2021-02-13,47428.0300,48196.6600,46285.0000,47216.1100,737.32665000
2021-02-14,47232.8400,49730.0000,47086.1600,48644.7400,945.41615900
2021-02-15,48660.4400,49030.0000,45691.4200,47916.2000,1148.41587600
2021-02-16,47962.2300,50623.0000,47045.0000,49163.4000,1446.59498700
2021-02-17,49163.4000,52644.5100,48909.1700,52136.8500,1534.98296400
2021-02-18,52162.4000,52544.9300,50848.1200,51577.4200,878.98505800
2021-02-19,51576.2400,56406.1900,50732.0000,55940.7700,1664.96295300
2021-02-20,55974.0200,57572.0000,54000.0000,55952.8000,1393.41635800
2021-02-21,55918.4300,58355.0300,55522.0100,57475.1200,735.40343400
2021-02-22,57461.8900,57558.5100,47303.6800,54121.6000,2321.62776900
2021-02-23,54126.6000,54167.3000,45000.0000,48903.0000,3322.14302500
2021-02-24,48875.0000,51402.6500,47001.8800,49714.5000,1733.21284500
2021-02-25,49711.7700,52050.0000,46715.2300,47069.0000,1446.58908400
2021-02-26,47054.9300,48446.1100,44112.2100,46303.0700,1494.62525000
2021-02-27,46342.2500,48375.8600,45052.6600,46160.4700,860.01536900
2021-02-28,46154.7900,46648.7300,43020.0000,45213.9900,1362.86596300
2021-03-01,45244.9600,49838.0800,45048.3900,49654.7700,1407.12507300
2021-03-02,49660.5200,50273.1200,47067.9900,48476.3300,870.64709600
2021-03-03,48468.4900,52644.4400,48157.4500,50421.1900,1281.91908300
2021-03-04,50395.0900,51795.8200,47500.0000,48377.7800,1235.67601700
2021-03-05,48380.5500,49472.5300,46256.3800,48773.9900,1246.04419700
2021-03-06,48784.1400,49199.0000,47074.6300,48872.2300,586.56639200
2021-03-07,48917.4300,51469.9100,48902.6500,50974.9800,802.43309800
2021-03-08,50959.2800,52410.3500,49329.8000,52410.3500,845.56899200
2021-03-09,52396.4700,54920.8300,51866.2000,54920.8000,1118.24191200
2021-03-10,54900.0400,57418.6000,53038.4500,55872.5600,1287.18367400
2021-03-11,55831.9500,58172.9000,54275.5000,57777.0300,947.85510600
2021-03-12,57824.9100,58071.5800,55051.0000,57222.9100,908.14794100
2021-03-13,57229.2400,61790.2400,56049.9900,61179.2100,1060.53290000
2021-03-14,61181.0700,61672.3000,58964.0000,59000.0000,659.40388400
2021-03-15,58967.0000,60604.6900,54550.0000,55679.6300,1425.13416600
2021-03-16,55611.7700,56914.9700,53223.0000,56911.2200,1235.26083600
2021-03-17,56921.8100,58985.9600,54111.9500,58921.4100,1003.50321100
2021-03-18,58923.0300,60099.0000,56970.3000,57634.3700,864.63550800
2021-03-19,57639.4800,59455.0700,56240.5000,58055.8400,658.55177700
2021-03-20,58015.7800,59944.6100,57840.6900,58100.7300,503.42093700
2021-03-21,58078.2800,58608.8800,55509.0000,57355.9400,610.11248100
2021-03-22,57365.0900,58427.1400,53707.5000,54071.0400,1005.23033500
2021-03-23,54088.9400,55839.3600,53000.0000,54377.1500,929.31079300
2021-03-24,54365.0400,57190.6300,51645.7800,52283.8800,1246.76911300
2021-03-25,52283.8800,53231.6700,50411.0000,51285.4900,1211.17318700
2021-03-26,51294.0200,55111.8100,51250.1800,55075.5800,973.93085700
2021-03-27,55050.2200,56610.0000,53962.3200,55845.2300,689.89983700
2021-03-28,55845.2300,56526.5500,54698.5700,55783.8900,501.20401100
2021-03-29,55786.6700,58400.0000,54900.7000,57614.1500,742.01471500
2021-03-30,57610.3400,59405.8700,57035.0100,58799.9800,653.75989700
2021-03-31,58766.8700,59817.8600,56800.0000,58791.6500,930.77183800
2021-04-01,58785.6600,59475.3300,57908.5400,58713.5000,596.08292400
2021-04-02,58714.9900,60250.0000,58440.3200,58989.9900,607.91600200
2021-04-03,58982.2600,59796.5600,56921.4400,57103.9600,663.46673300
2021-04-04,57064.4600,58508.0000,56382.4800,58203.0800,547.23376600
2021-04-05,58215.0800,59251.3700,56819.1200,59128.3400,574.11209500
2021-04-06,59120.7900,59499.0000,57355.8200,58018.9200,653.82699200
2021-04-07,58018.2000,58629.9600,55437.1100,55928.9300,1527.33596100
2021-04-08,55928.9200,58129.5300,55694.6700,58079.3500,638.39907500
2021-04-09,58070.0200,58888.0000,57647.4900,58111.3100,581.59870400
2021-04-10,58108.7400,61250.0000,57869.4100,59760.1100,1111.29790700
2021-04-11,59758.4500,60668.3000,59160.7700,59967.7600,488.19805000
2021-04-12,59979.5900,61210.9900,59362.9100,59839.0800,878.79290800
2021-04-13,59836.4300,63775.8900,59769.6300,63588.9300,1461.73539500
2021-04-14,63593.6800,64967.2300,61208.0000,62971.3300,1607.71874400
2021-04-15,62971.2700,63866.3000,62013.2400,63238.4200,780.79090200
2021-04-16,63236.4100,63584.6500,60062.9400,61420.0000,1344.49015500
2021-04-17,61424.4000,62561.4000,59658.3000,60064.2100,884.75765200
2021-04-18,60067.6900,60433.3300,51722.0100,56273.4400,3310.63984500
2021-04-19,56264.6900,57600.0000,54262.7400,55665.9200,1987.82162500
2021-04-20,55672.6200,57117.1000,53415.7000,56480.5900,2420.71103300
2021-04-21,56480.5900,56809.5100,53631.9900,53800.2000,1559.34775200
2021-04-22,53790.0100,55459.5700,50418.9300,51695.0300,2323.87184900
2021-04-23,51695.0200,52130.6700,47475.0000,51146.2900,2497.88699300
2021-04-24,51171.3600,51215.5000,48721.9700,50083.2800,1083.13030400
2021-04-25,50090.8800,50600.0000,47011.0000,49097.6400,1484.45245700
2021-04-26,49117.1300,54413.6800,48826.4300,54064.6300,1751.42434000
2021-04-27,54057.2400,55514.9900,53301.4800,55070.0000,949.06686900
2021-04-28,55070.0000,56491.0000,53874.1600,54875.3700,972.70695900
2021-04-29,54885.7200,55223.0000,52352.9500,53595.5000,858.74331400
2021-04-30,53584.4500,58009.1500,53066.9300,57792.2000,1146.90024600
2021-05-01,57792.2000,58526.9800,57020.6800,57859.0700,736.47144700
2021-05-02,57859.0800,57967.9600,56084.5600,56612.7600,646.74711900
2021-05-03,56601.6500,58978.2800,56500.0000,57220.3400,1031.09574300
2021-05-04,57220.6000,57244.8700,53122.7800,53235.1000,1646.84194900
2021-05-05,53225.9900,57997.1600,52946.9000,57506.4900,1509.40778500
2021-05-06,57506.4900,58431.0100,55263.1100,56426.0600,1246.98698100
2021-05-07,56432.5100,58719.8500,55295.0100,57366.2100,1172.70648200
2021-05-08,57367.1500,59549.7900,56976.2800,58949.4800,1366.06154600
2021-05-09,58939.7100,59290.8900,56272.7700,58296.3000,1062.58413000
2021-05-10,58306.1400,59586.8100,53617.2700,55849.9700,1738.63472400
2021-05-11,55877.5500,57177.2600,54515.9000,56758.0200,984.89350400
2021-05-12,56760.2800,58043.4700,48515.7400,49553.4300,1784.38280900
2021-05-13,49500.0000,51413.2100,46302.2200,49696.9000,3657.39004300
2021-05-14,49687.3400,51566.3800,48891.3400,49898.9800,1334.99626700
2021-05-15,49896.4800,50691.5700,46575.0000,46776.0500,1517.30491700
2021-05-16,46758.3500,49788.7700,43867.8900,46433.8500,2396.30360100
2021-05-17,46450.0000,46625.0100,42136.1200,43570.5600,3102.79827700
2021-05-18,43567.5000,45836.1800,42301.1800,42873.2900,2146.56050100
2021-05-19,42873.2900,43922.9900,30125.0000,36749.1600,7375.60188200
2021-05-20,36749.1600,42529.8100,35000.0000,40648.2000,4408.89486500
2021-05-21,40602.2200,42277.0500,33511.0200,37346.3300,4819.23590300
2021-05-22,37328.2300,38871.0000,35262.7500,37492.0500,2973.54055200
2021-05-23,37488.1100,38299.2600,31120.0000,34716.8600,4831.94665000
2021-05-24,34716.8700,39987.1100,34329.4900,38831.5600,3541.72583000
2021-05-25,38848.5300,39844.1000,36497.8800,38367.2800,2240.32248300
2021-05-26,38364.9500,40878.6100,37847.0700,39297.3700,2704.99930900
2021-05-27,39298.6300,40425.2700,37195.4900,38556.9200,2168.43393500
2021-05-28,38556.9200,38894.7200,34711.8500,35672.7400,3714.34158600
2021-05-29,35673.4700,37307.8400,33650.0000,34615.2200,3316.26416300
2021-05-30,34615.2200,36526.6800,33428.3800,35666.3100,1811.27790300
2021-05-31,35667.4100,37500.0000,34185.6000,37267.6500,2171.88912300
2021-06-01,37269.9900,37900.0000,35670.6800,36683.5600,3152.98634300
2021-06-02,36683.5600,38222.0000,35928.3800,37573.0700,1871.48936600
2021-06-03,37570.6300,39490.3000,37174.8000,39243.9700,1658.57635300
2021-06-04,39247.2900,39286.3300,35609.1200,36855.8300,2831.87509800
2021-06-05,36861.2800,37917.2600,34835.0600,35530.7600,2683.59666300
2021-06-06,35528.3300,36476.6100,35236.5200,35813.7000,1673.54084000
2021-06-07,35813.9200,36804.7100,33314.8500,33572.1200,2194.98815300
2021-06-08,33570.7900,34066.5700,31028.3400,33412.2600,2769.01711900
2021-06-09,33410.9100,37557.9900,32405.5100,37413.8900,2962.10117600
2021-06-10,37409.7800,38441.0500,35819.9300,36695.3400,2713.44713000
2021-06-11,36694.0700,37682.4000,35967.6200,37334.9000,1950.14959800
2021-06-12,37334.9100,37456.0400,34633.0100,35536.0800,1589.04194600
2021-06-13,35554.1900,39500.0000,34747.8600,39038.7400,1750.94023800
2021-06-14,39038.7400,41050.9200,38750.8800,40525.5600,2180.49577100
2021-06-15,40539.0300,41391.7300,39546.4600,40150.4900,1805.64770500
2021-06-16,40150.4900,40562.8900,38111.0000,38345.2400,1797.59786400
2021-06-17,38354.5400,39546.9200,37385.0000,38097.4800,1767.92649700
2021-06-18,38097.4700,38205.3200,35137.7000,35834.3800,2266.30538000
2021-06-19,35830.4300,36457.3700,34842.4400,35487.7300,1849.87743800
2021-06-20,35489.0000,36121.1200,33343.9700,35593.6000,2155.88478200
2021-06-21,35593.5200,35753.2800,31256.1400,31600.0000,5049.93940500
2021-06-22,31600.0000,33322.7500,28810.0000,32520.0000,4682.03738900
2021-06-23,32524.9800,34835.2600,31707.8800,33666.7500,3135.22729100
2021-06-24,33679.8500,35269.8800,32326.8800,34650.2000,1949.19588500
2021-06-25,34652.2900,35500.0000,31281.5800,31586.4900,2762.61078900
2021-06-26,31585.4300,32711.9700,30167.0000,32271.6700,2673.24971700
2021-06-27,32271.2000,34769.5300,31991.7200,34710.9500,2192.53028900
2021-06-28,34702.8700,35300.0000,33800.3300,34488.8200,1647.85158000
2021-06-29,34495.1300,36625.0000,34210.1900,35910.1700,1849.92817200
2021-06-30,35911.9700,36113.1400,34051.9100,35049.6000,1764.29956100
2021-07-01,35050.1500,35067.8600,32676.7200,33519.1100,1763.90311600
2021-07-02,33510.0700,33971.2300,32705.8800,33800.8600,1684.36101700
2021-07-03,33794.6300,34954.4500,33320.7800,34685.7900,952.80378100
2021-07-04,34677.0000,35961.0600,34385.0800,35283.9800,864.59551000
2021-07-05,35286.0800,35289.2100,33139.8200,33701.8600,1252.63856100
2021-07-06,33707.8500,35130.9800,33526.7300,34229.8200,1225.83205600
2021-07-07,34212.3600,35067.6900,33794.0500,33864.4700,897.98563900
2021-07-08,33867.5300,33946.5600,32102.0200,32881.9600,1514.75113100
2021-07-09,32869.0300,34098.2100,32278.3600,33824.6700,994.94782800
2021-07-10,33817.7500,34259.5500,33027.4500,33512.9300,676.04115700
2021-07-11,33512.9200,34600.0000,33317.9700,34245.7400,614.66888200
2021-07-12,34260.0000,34675.2500,32662.2700,33099.2400,1205.39713000
2021-07-13,33093.7800,33343.9200,32202.5700,32734.1400,1070.13563500
2021-07-14,32735.7800,33107.1700,31577.1300,32802.0600,1136.07292000
2021-07-15,32827.0800,33184.2900,31142.5600,31871.5800,1091.12368400
2021-07-16,31877.1200,32274.4800,31025.0100,31394.0400,974.90757900
2021-07-17,31381.9900,31967.7300,31170.7000,31533.0100,684.05868900
2021-07-18,31529.1600,32430.3200,31143.0300,31778.2700,872.33229400
2021-07-19,31778.2700,31899.9800,30426.0300,30838.5400,997.48122100
2021-07-20,30843.0400,31055.2900,29295.6100,29784.0700,1413.04332300
2021-07-21,29798.0400,32853.5300,29494.8000,32127.8200,1777.40705200
2021-07-22,32155.4300,32600.0000,31727.1900,32290.7800,866.75189100
2021-07-23,32287.6800,33650.0000,31999.9900,33644.6700,883.39091500
2021-07-24,33649.9400,34518.0000,33419.6400,34279.0800,877.49880600
2021-07-25,34283.1000,35425.0000,33883.7800,35418.7000,886.01571700
2021-07-26,35404.9000,40567.3000,35240.8200,37243.0500,4517.90720800
2021-07-27,37248.9800,39548.3300,36413.4900,39487.3100,3218.79680000
2021-07-28,39492.1800,40917.9200,38810.1000,40030.0000,3772.82095800
2021-07-29,40030.0300,40650.0000,39266.2800,40024.7600,1695.09833700
2021-07-30,40036.5800,42323.2100,38342.3500,42236.5000,2058.90113300
2021-07-31,42224.6900,42416.9900,41067.5000,41493.0000,1410.83141800
2021-08-01,41480.9100,42610.9700,39405.9100,39884.8300,1950.39495000
2021-08-02,39873.4000,40464.4200,38650.0000,39158.8200,1783.35958100
2021-08-03,39147.3200,39786.7100,37620.0000,38198.6900,1996.43375900
2021-08-04,38188.0100,39969.1500,37502.0000,39738.0600,2431.07354300
2021-08-05,39723.5100,41414.6100,37326.2500,40893.0100,3432.32244900
2021-08-06,40883.6900,43376.6900,39882.2900,42845.1100,2358.55141500
2021-08-07,42866.1200,44738.1000,42472.2000,44630.1300,2722.85138700
2021-08-08,44618.4400,45354.0000,43291.4100,43839.4500,2703.56738200
2021-08-09,43825.1300,46489.3400,42812.3300,46302.1400,2582.36357100
2021-08-10,46263.0000,46740.0000,44652.9900,45604.4700,1649.04606700
2021-08-11,45611.7300,46775.4800,45354.4400,45537.4100,1626.33839000
2021-08-12,45537.4100,46228.7000,43800.0000,44432.5900,2174.97244100
2021-08-13,44430.7100,47911.1100,44197.4300,47824.7700,1467.98097600
2021-08-14,47836.2900,48177.5300,46039.0800,47100.2900,1395.72508200
2021-08-15,47111.7900,47400.9900,45507.2600,47023.8700,1491.80595000
2021-08-16,47015.5500,48063.6400,45658.8000,45919.2000,1839.21761500
2021-08-17,45904.0800,47165.9700,44357.2600,44679.6800,1862.22915800
2021-08-18,44696.4500,46025.4600,44200.0000,44721.2900,1502.23227500
2021-08-19,44715.2900,47051.5900,43940.1200,46763.3800,1561.76346500
2021-08-20,46765.7200,49421.0700,46642.5300,49347.0900,1680.87347000
2021-08-21,49361.2500,49830.1800,48280.0000,48864.7100,1269.66494800
2021-08-22,48858.9700,49535.6200,48043.6600,49285.7100,917.90936200
2021-08-23,49281.0800,50551.6600,49025.9900,49497.3400,1243.57083400
2021-08-24,49490.5700,49875.7300,47601.0000,47696.1800,1213.44767400
2021-08-25,47679.4100,49254.9200,47131.3900,48997.9500,1029.64698200
2021-08-26,48983.0600,49399.7400,46300.0000,46846.6500,1471.49529500
2021-08-27,46840.8600,49167.4900,46353.5900,49075.9200,1174.47095300
2021-08-28,49092.2800,49315.0000,48361.4800,48932.7400,590.79738500
2021-08-29,48940.9800,49666.6600,47800.0000,48790.2700,848.67242300
2021-08-30,48800.0000,48912.2700,46871.2500,46994.0900,1159.90271900
2021-08-31,46982.8800,48276.6600,46707.6500,47124.1900,1054.24082800
2021-09-01,47120.0600,49126.5700,46539.0600,48846.1900,1233.69314900
2021-09-02,48836.5300,50380.0000,48617.1700,49277.1000,1328.11007200
2021-09-03,49277.2000,51056.8600,48360.0000,50019.9600,1611.16682800
2021-09-04,50026.5900,50551.3100,49404.0000,49943.9000,748.81253200
2021-09-05,49944.7400,51894.5400,49483.6000,51792.2300,878.85527900
2021-09-06,51792.1100,52802.5900,51018.3500,52702.9300,976.07961000
2021-09-07,52700.9100,52948.5200,42600.0000,46856.9200,2901.67139900
2021-09-08,46871.2200,47368.7500,44423.0000,46086.6500,1410.52165400
2021-09-09,46064.9900,47395.2200,45518.7500,46403.5800,1606.60636900
2021-09-10,46384.2400,47057.3700,44129.7500,44850.9500,1353.49219500
2021-09-11,44845.3000,45998.0000,44733.4000,45171.0300,788.07653700
2021-09-12,45179.0300,46465.5100,44750.0000,46019.1400,821.99366800
2021-09-13,46024.9600,46902.0200,43439.7400,44954.3000,2076.36184300
2021-09-14,44950.7800,47300.0000,44677.8000,47124.0500,1241.93178000
2021-09-15,47119.9200,48493.3600,46711.0200,48147.9500,984.61659800
2021-09-16,48147.3900,48502.7600,47023.2700,47759.7400,978.43638700
2021-09-17,47753.1500,48169.5500,46750.0000,47299.8000,1150.00270400
2021-09-18,47303.3400,48820.0800,47044.7100,48299.9500,1075.55287600
2021-09-19,48296.3100,48374.5800,46824.6600,47250.8600,898.94137700
2021-09-20,47255.6000,47348.8400,42433.2900,43002.8700,4219.18803900
2021-09-21,43002.3300,43636.3600,39587.5500,40698.0300,2883.47060700
2021-09-22,40706.0600,44023.2100,40557.1400,43570.0000,1300.18181300
2021-09-23,43570.0000,44998.4800,43096.2800,44889.7200,2067.34843800
2021-09-24,44889.7100,45169.4900,40716.7700,42831.2500,1863.13800500
2021-09-25,42844.4900,42986.5600,41668.6300,42702.8200,1531.12057600
2021-09-26,42695.8400,43957.8200,40192.1600,43216.3600,1119.97070800
2021-09-27,43169.3700,44370.5100,42112.7900,42177.5100,1114.03414500
2021-09-28,42165.3400,42776.7900,40838.7300,41025.8600,1791.72467300
2021-09-29,41018.0100,42597.9300,40758.7300,41521.4300,1079.48151000
2021-09-30,41521.4300,44114.3400,41408.0000,43829.2200,1351.87566300
2021-10-01,43825.0000,48483.6900,43282.5600,48151.0500,1729.09497600
2021-10-02,48163.5400,48356.5400,47444.1800,47668.1200,627.86080500
2021-10-03,47656.2100,49242.6600,47107.0300,48215.1400,707.23854800
2021-10-04,48228.1000,49500.0000,46920.8500,49215.4900,1082.33020700
2021-10-05,49224.8900,51917.0000,49054.5200,51466.0100,1145.60561400
2021-10-06,51483.9200,55777.5200,50417.5600,55339.4000,2186.70994800
2021-10-07,55338.5700,55354.8900,53391.3700,53798.2700,1769.71820800
2021-10-08,53794.6000,56101.4900,53644.0600,53958.8700,1035.82474700
2021-10-09,53971.8600,55482.7500,53678.7000,54962.2100,460.43645200
2021-10-10,54962.2100,56713.2600,54115.7700,54692.0800,826.80215900
2021-10-11,54685.0900,57841.2600,54366.7600,57488.0000,1037.88283900
2021-10-12,57483.1200,57687.0000,53898.5400,56010.8900,1378.75525800
2021-10-13,55991.6100,57770.0000,54221.0800,57375.1200,1890.60078600
2021-10-14,57381.2300,58570.1800,56838.4700,57361.1300,1168.67359500
2021-10-15,57366.0300,62900.9500,56873.9500,61694.6100,2733.72242000
2021-10-16,61693.1200,62352.0900,60153.1100,60846.9700,939.17451500
2021-10-17,60868.3600,61718.6600,58908.9300,61532.4400,1156.67295000
2021-10-18,61533.0000,62684.4200,59858.5800,62020.9100,1693.70749800
2021-10-19,62016.0700,64490.6100,61358.5400,64296.0800,1832.98278800
2021-10-20,64296.0400,66996.2800,63517.2300,66035.9100,1799.74683400
2021-10-21,66017.0700,66650.0400,8200.0000,62222.7800,2693.48311500
2021-10-22,62204.4400,63752.7900,59930.2100,60691.2000,1785.80800800
2021-10-23,60681.6000,61742.1500,59650.0000,61286.2800,733.47928100
2021-10-24,61286.8900,61485.2100,59520.8700,60864.3100,855.40730500
2021-10-25,60860.9900,63706.1100,60653.9400,63073.6200,1006.67707800
2021-10-26,63073.7400,63280.0000,59846.5600,60303.0100,1032.56897000
2021-10-27,60334.4500,61499.9400,58063.9500,58466.0300,2090.88136800
2021-10-28,58468.8400,62495.1800,57894.7300,60624.1800,2271.64310000
2021-10-29,60606.1300,62960.1200,60184.6300,62288.9800,1422.51478800
2021-10-30,62269.8100,62375.6100,60750.0000,61902.8900,882.00651900
2021-10-31,61907.2300,62423.0000,59999.0000,61346.1600,1039.83374400
2021-11-01,61356.8700,62491.7800,59469.0500,60929.3700,1327.98418100
2021-11-02,60935.8100,64303.9400,60660.0300,63285.7000,1311.55152800
2021-11-03,63284.9300,63571.4200,60122.5900,62911.4200,1100.13400600
2021-11-04,62931.1300,63121.5000,60720.0000,61455.9400,829.24686100
2021-11-05,61436.3900,62637.2600,60778.0100,61031.3000,907.85353600
2021-11-06,61006.9700,61591.3000,60112.0600,61523.4700,590.59790100
2021-11-07,61523.4800,63324.5800,61392.8900,63293.6500,556.07065700
2021-11-08,63323.5600,67813.4100,63323.5600,67569.5800,1346.29501600
2021-11-09,67569.5800,68577.4600,66251.0400,66938.9700,1105.61071800
2021-11-10,66959.6200,69025.0500,62682.7800,64936.6600,1898.68816700
2021-11-11,64888.8200,65609.5100,64137.0900,64813.9200,836.72220400
2021-11-12,64800.0000,65489.5500,62276.6700,64147.7000,1156.40995200
2021-11-13,64155.9100,64994.8200,63380.6200,64399.9000,428.51301900
2021-11-14,64386.5700,65512.6900,63590.7000,65512.6900,613.69655600
2021-11-15,65512.6900,66355.1500,63405.0000,63634.9400,781.38198900
2021-11-16,63635.4100,63635.4100,58620.4300,60092.7300,2111.46550900
2021-11-17,60102.5400,60850.2000,58395.0000,60392.6600,952.11036200
2021-11-18,60372.1000,60988.0300,56524.1500,56907.9400,2002.23508500
2021-11-19,56906.8700,58400.0000,55629.0700,58104.4500,1270.17159700
2021-11-20,58120.6400,59889.0000,57415.6400,59760.5600,645.71907800
2021-11-21,59769.4100,60082.6600,58544.8600,58656.7400,609.12223200
2021-11-22,58676.2700,59495.7000,55647.3200,56279.9900,1344.62955000
2021-11-23,56291.2300,57879.4500,55394.5600,57557.0200,1185.02180500
2021-11-24,57557.0200,57746.3500,55874.2600,57160.3200,941.93267200
2021-11-25,57164.7100,59443.0700,57040.1000,58985.7100,805.57551900
2021-11-26,59001.7300,59211.8400,53521.0000,53779.2600,1601.94929800
2021-11-27,53755.2600,55312.5300,53629.9100,54810.6300,641.44558600
2021-11-28,54729.9900,57485.0000,53322.6900,57335.8000,803.53456800
2021-11-29,57322.9700,58905.2600,56735.0000,57842.8300,820.13616000
2021-11-30,57834.2500,59247.3600,55919.0000,56966.5400,1150.63859100
2021-12-01,57018.2000,59100.0000,56478.9200,57228.5300,896.21638000
2021-12-02,57231.9400,57435.7600,55831.8900,56529.0700,961.94221700
2021-12-03,56534.9000,57655.9900,51666.9500,53639.8000,1594.12003300
2021-12-04,53635.3900,53874.2600,42000.0000,49237.1400,2936.41248000
2021-12-05,49234.4300,49752.7200,47811.1500,49464.4400,1192.67084300
2021-12-06,49470.1400,50986.0100,47177.3000,50527.8200,1674.87415000
2021-12-07,50506.4600,51992.0700,50068.7100,50626.1500,915.97609700
2021-12-08,50638.1400,51241.9600,48653.0600,50506.8600,892.04236500
2021-12-09,50525.0300,50830.0000,47335.0000,47576.2500,1092.47896900
2021-12-10,47545.6200,50108.5100,46890.4000,47171.8900,1270.26574900
2021-12-11,47186.0700,49515.1000,46716.1400,49405.2800,853.12541100
2021-12-12,49434.3700,50813.1500,48671.9500,50090.6100,688.85931700
2021-12-13,50090.6100,50214.1200,45744.3800,46744.7000,1588.15976100
2021-12-14,46718.6300,48702.1600,46305.9800,48382.6400,1044.14190100
2021-12-15,48363.7500,49500.0000,46547.0000,48874.2400,1468.90927400
2021-12-16,48874.2400,49455.5500,47524.1500,47627.8300,772.20108700
2021-12-17,47636.2500,48008.1100,45471.5700,46153.2900,1043.13892200
2021-12-18,46153.2900,47355.9400,45522.5000,46849.7800,631.88452800
2021-12-19,46842.6000,48336.7400,46429.9900,46681.4100,725.29169200
2021-12-20,46691.6800,47546.8700,45566.2200,46908.2900,1129.47890400
2021-12-21,46927.3700,49344.8200,46645.9900,48928.4600,972.40683500
2021-12-22,48916.4200,49584.8100,48458.1500,48624.6900,574.66818500
2021-12-23,48613.3300,51392.6900,48051.4100,50846.8700,892.30184500
2021-12-24,50846.8700,51853.6500,50450.0000,50836.7700,616.56535300
2021-12-25,50853.6200,51197.0800,50186.8800,50431.4200,368.35624900
2021-12-26,50437.5700,51308.7500,49463.7500,50792.3700,633.75902400
2021-12-27,50792.3700,52148.5000,50456.7600,50733.7200,686.51253100
2021-12-28,50719.4400,50725.6300,47313.0000,47545.3700,1016.50201300
2021-12-29,47560.4400,48144.8200,46100.0000,46477.1600,855.48775100
2021-12-30,46460.0000,47924.2700,45950.2100,47134.2800,678.26329600
2021-12-31,47119.8600,48575.7100,45665.9200,46202.0900,1068.09677900
2022-01-01,46212.0600,47950.0000,46208.2400,47727.8000,488.52923800
2022-01-02,47725.9800,47992.0000,46668.4600,47302.8300,459.63979700
2022-01-03,47297.6100,47568.9500,45700.8300,46422.2900,722.37313900
2022-01-04,46461.2800,47527.7800,45547.5500,45830.4600,890.03983100
2022-01-05,45823.9900,47066.7000,42460.0000,43437.2600,1632.65750700
2022-01-06,43447.9800,43785.7600,42428.5200,43088.0700,954.38880400
2022-01-07,43075.2400,43145.1000,40618.0700,41523.7200,1572.68473400
2022-01-08,41568.7500,42317.9800,40500.0000,41677.7100,1052.26231700
2022-01-09,41684.6000,42799.5700,41200.0200,41876.3400,681.20621200
2022-01-10,41866.2600,42244.5700,39648.0000,41819.6900,1736.52528300
2022-01-11,41820.2800,43123.9300,41278.3500,42728.9300,1086.92744500
2022-01-12,42744.6600,44344.9000,42467.4000,43923.7600,747.31618000
2022-01-13,43923.3300,44443.9800,42328.8700,42580.8400,940.66894900
2022-01-14,42579.7400,43466.4600,41775.3700,43085.3500,812.51914500
2022-01-15,43087.6600,43828.9200,42583.2200,43086.4400,559.64693900
2022-01-16,43094.7200,43500.5800,42602.1400,43107.8300,357.50335300
2022-01-17,43096.2400,43203.1900,41560.8700,42222.2700,550.69562600
2022-01-18,42216.3600,42683.5100,41289.0000,42358.9700,618.63119900
2022-01-19,42364.0300,42579.0700,41157.8400,41670.8500,1050.83849700
2022-01-20,41670.8500,43506.8300,40555.5500,40695.3900,1126.02218000
2022-01-21,40671.4400,41110.6200,35427.6400,36458.8600,2838.69015800
2022-01-22,36450.0000,36836.7100,34035.0000,35084.3600,2136.35207300
2022-01-23,35096.2300,36518.2400,34613.4200,36277.5800,1391.50264900
2022-01-24,36266.9200,37569.7200,32946.8900,36681.2900,2770.76094200
2022-01-25,36678.2600,37563.0900,35714.9000,36977.9100,1655.30321300
2022-01-26,36982.9000,38941.1700,36259.8000,36814.2100,1825.13437200
2022-01-27,36835.2400,37244.8900,35538.8700,37185.8900,1379.62967600
2022-01-28,37176.7200,38041.2100,36170.5300,37778.9100,1080.70087500
2022-01-29,37731.9800,38731.6700,37326.6200,38180.5100,694.28662300
2022-01-30,38184.3300,38379.3100,37368.4200,37911.2800,515.81547500
2022-01-31,37903.7900,38756.9700,36647.9900,38503.1300,1003.60639200
2022-02-01,38491.6000,39309.8400,38025.3100,38720.0000,1188.62447700
2022-02-02,38719.9900,38887.7600,36601.7500,36931.0000,936.01327700
2022-02-03,36933.0700,37377.5300,36262.3900,37332.7100,779.59265700
2022-02-04,37310.0300,41760.2100,37045.3300,41580.9200,1228.32092000
2022-02-05,41605.1000,41957.2800,40962.3400,41417.7400,661.06623200
2022-02-06,41406.1200,42700.0000,41141.2500,42401.9900,413.24636000
2022-02-07,42403.9800,44539.0200,41685.1600,43868.8600,1168.81546000
2022-02-08,43878.1300,45520.3700,42707.1600,44087.7300,1287.70870300
2022-02-09,44093.3300,44848.4800,43157.8800,44412.0300,749.06828100
2022-02-10,44408.4000,45851.2200,43217.3700,43519.2900,1309.63487500
2022-02-11,43513.0800,43975.6300,41980.0100,42404.0600,1143.60403800
2022-02-12,42393.9700,43049.5000,41753.4300,42209.7400,407.55476100
2022-02-13,42248.0400,42782.0000,41885.1200,42075.1300,344.51137200
2022-02-14,42083.5100,42852.4500,41560.0000,42549.3000,623.24675700
2022-02-15,42556.3800,44775.1200,42452.5100,44563.1400,701.72999900
2022-02-16,44577.6500,44585.2400,43331.7100,43886.4100,611.76827300
2022-02-17,43886.4100,44188.3700,40075.3700,40565.4400,1184.66426500
2022-02-18,40545.3100,40987.4400,39454.4100,39990.8900,695.74036100
2022-02-19,39993.6100,41126.4900,39659.4000,40113.3800,346.98124500
2022-02-20,40111.2400,40140.3000,38006.1200,38388.3000,510.78279100
2022-02-21,38408.2200,39499.9900,36828.5700,37040.0200,1330.66565500
2022-02-22,37042.7900,38445.0300,36373.7300,38270.7200,1108.34596700
2022-02-23,38249.7900,39269.2200,37074.5100,37262.9000,729.40668100
2022-02-24,37264.5000,39700.0000,34317.3400,38353.3900,2174.39961700
2022-02-25,38351.4700,39723.7600,38012.9200,39250.5400,1041.47969000
2022-02-26,39237.8600,40296.0500,38563.8000,39127.5200,500.13153400
2022-02-27,39137.1200,39884.4900,37010.7200,37716.5100,664.99660700
2022-02-28,37713.3100,44259.4100,37450.3200,43189.1900,1349.89564000
2022-03-01,43182.2700,45000.0000,42815.8400,44425.9200,1124.54890800
2022-03-02,44438.3100,45321.4200,43349.4000,43938.2100,934.45607200
2022-03-03,43919.2900,44103.6200,41822.9800,42480.5100,842.35545900
2022-03-04,42458.8900,42537.9900,38568.1800,39148.0500,1185.67428900
2022-03-05,39159.2600,39631.3400,38592.1200,39414.7100,416.98478300
2022-03-06,39405.8600,39720.3800,38101.9300,38413.9600,563.36308500
2022-03-07,38424.0800,39552.3100,37166.0100,38002.8800,1032.06097200
2022-03-08,37992.6300,39371.0000,37862.3400,38739.4400,948.97756300
2022-03-09,38739.4400,42590.0800,38658.5100,41972.2300,1362.71371200
2022-03-10,41959.4200,42046.7800,38510.0000,39428.5000,1483.49160500
2022-03-11,39431.8800,40250.0000,38200.2000,38731.5800,998.64736500
2022-03-12,38733.3900,39439.7800,38663.3700,38838.0200,315.98317700
2022-03-13,38806.2200,39324.4000,37580.0000,37789.6200,459.37920900
2022-03-14,37794.0100,39917.8900,37572.5100,39686.6300,765.21760300
2022-03-15,39671.9400,39900.0000,38139.4900,39302.6400,787.19789900
2022-03-16,39291.5800,41700.0000,38844.0000,41136.9600,1940.85763100
2022-03-17,41132.4400,41479.4200,40500.0000,40943.8100,540.42248800
2022-03-18,40941.7500,42364.1200,40174.0800,41766.9700,725.99832200
2022-03-19,41781.1200,42417.0000,41491.0200,42228.9200,419.01909000
2022-03-20,42231.0400,42310.9900,40925.9200,41285.3400,404.97003700
2022-03-21,41284.7000,41560.7800,40509.0800,41012.4500,629.06529500
2022-03-22,41005.6500,43347.0000,40896.5500,42378.0500,1042.58418000
2022-03-23,42383.1100,43026.0500,41768.8500,42898.8900,802.92489500
2022-03-24,42899.5000,44248.4600,42565.6000,44013.9900,911.64599400
2022-03-25,44019.0200,45112.8400,43596.6200,44331.2400,619.53272900
2022-03-26,44333.5200,44808.7700,44063.2900,44546.2700,223.05591300
2022-03-27,44546.2700,46952.1600,44445.5500,46853.2300,689.81971900
2022-03-28,46843.0600,48223.4100,46681.2100,47129.2200,914.41288600
2022-03-29,47133.2200,48109.8300,46981.8700,47455.4600,581.00516000
2022-03-30,47459.8700,47719.2100,46548.7600,47081.5500,557.14092700
2022-03-31,47079.8700,47631.4700,45187.4200,45538.0900,650.80446200
2022-04-01,45523.9000,46726.4800,44244.2600,46294.3800,737.13209900
2022-04-02,46302.4600,47221.5800,45640.6900,45819.1900,523.20444100
2022-04-03,45816.8900,47468.6100,45550.8100,46424.8800,498.63344000
2022-04-04,46423.6000,46893.5300,45126.5800,46586.9100,710.26079300
2022-04-05,46597.6700,47196.1300,45375.5000,45510.8800,673.97479700
2022-04-06,45507.3300,45516.4800,43115.5200,43183.8800,1113.88676000
2022-04-07,43172.0200,43902.3100,42737.0900,43452.6400,623.65236100
2022-04-08,43440.0000,43983.5000,42113.4700,42265.7100,802.75285200
2022-04-09,42255.5400,42807.2000,42133.1100,42757.0700,250.53188100
2022-04-10,42759.2400,43426.2300,41892.1000,42159.8200,436.24758000
2022-04-11,42166.3500,42418.9800,39215.2600,39540.5500,1300.52519100
2022-04-12,39530.8000,40700.9900,39263.1500,40080.6500,1280.74780700
2022-04-13,40080.6500,41570.0200,39589.3200,41144.8600,1189.78522500
2022-04-14,41151.4800,41500.0000,39572.2400,39946.9300,661.00739900
2022-04-15,39945.9100,40861.7700,39771.1800,40564.1700,542.40508700
2022-04-16,40562.2600,40706.1700,40005.6700,40382.3300,359.32202200
2022-04-17,40389.0500,40607.0000,39559.3200,39681.7600,525.20928300
2022-04-18,39681.6300,41100.0000,38541.3100,40811.0400,1260.08658100
2022-04-19,40811.1200,41800.0000,40568.6700,41496.8200,612.40925800
2022-04-20,41501.1900,42205.4300,40900.0000,41372.3800,678.12766100
2022-04-21,41368.2000,42984.1500,39771.6000,40483.3300,1091.01249500
2022-04-22,40482.6300,40799.1400,39172.3400,39700.5300,879.52696200
2022-04-23,39708.8600,39984.6100,39290.1600,39447.8600,302.74251400
2022-04-24,39451.8500,39948.8300,38981.0500,39464.4800,503.59569400
2022-04-25,39455.5900,40619.4200,38208.2100,40430.0000,1396.33586200
2022-04-26,40430.0000,40804.2200,37700.0000,38114.8800,1248.44733900
2022-04-27,38113.2200,39470.0700,37875.3700,39233.7500,981.77996900
2022-04-28,39242.8000,40379.8400,38869.4400,39745.2600,912.56033100
2022-04-29,39740.0700,39922.6900,38172.2100,38595.6700,784.37875900
2022-04-30,38595.7900,38784.7300,37588.0000,37634.3900,417.92896500
2022-05-01,37636.4600,38676.0900,37396.0900,38469.5500,597.61015600
2022-05-02,38471.4900,39162.8500,38037.2800,38517.8400,780.86871000
2022-05-03,38519.6900,38641.8400,37517.6600,37719.5800,628.27911800
2022-05-04,37724.1900,40020.0000,37655.8200,39689.6200,935.55952700
2022-05-05,39682.3600,39838.1500,35605.8900,36540.0000,1456.50077900
2022-05-06,36547.3400,36673.2500,35253.4700,36004.5800,1117.50136200
2022-05-07,36007.4500,36128.7200,34777.0000,35464.3900,538.44929500
2022-05-08,35463.4900,35504.4200,33710.0000,34033.7400,1027.11859700
2022-05-09,34039.3000,34227.7100,30047.2500,30080.8500,3055.63071100
2022-05-10,30071.8500,32640.4900,29735.9700,31023.2700,4088.13617400
2022-05-11,31002.2000,32126.5100,27700.0000,28977.8000,5058.86741200
2022-05-12,28974.8100,30091.5500,25455.4600,28914.3800,3863.93028000
2022-05-13,28947.6300,30980.0000,28673.9000,29232.4500,2011.23824600
2022-05-14,29228.0700,30290.6400,28577.9300,30040.0000,836.93937500
2022-05-15,30045.0800,31415.4800,29438.4100,31293.3200,926.19976500
2022-05-16,31289.4900,31303.2900,29050.0100,29839.0500,1758.63625200
2022-05-17,29837.1500,30733.0000,29421.8000,30410.1500,1182.32839100
2022-05-18,30413.2000,30676.9000,28612.1400,28690.3000,1707.38435300
2022-05-19,28666.6100,30534.6000,28650.4300,30284.3400,1451.01852500
2022-05-20,30283.6700,30726.4100,28692.4500,29172.8000,1703.35705600
2022-05-21,29172.7100,29614.3700,28899.9900,29409.3500,529.40417100
2022-05-22,29409.3600,30456.5200,29188.8000,30268.0300,810.47307800
2022-05-23,30264.4100,30634.9200,28843.8600,29084.3700,1577.68786700
2022-05-24,29084.1200,29824.2700,28638.5100,29635.6000,1221.46980900
2022-05-25,29633.4400,30184.0300,29308.5700,29507.5000,1268.00398200
2022-05-26,29507.9700,29857.3500,28002.0000,29167.7200,2190.72215400
2022-05-27,29165.9900,29359.3700,28242.8400,28593.3100,2106.89674300
2022-05-28,28594.7800,29233.2000,28496.5600,28998.6500,528.68674900
2022-05-29,28998.3800,29555.0000,28807.3900,29444.7400,669.82783600
2022-05-30,29441.5000,32193.1400,29274.5500,31718.4200,2303.28228500
2022-05-31,31719.8400,32409.1400,31197.6700,31775.6500,1727.26370100
2022-06-01,31780.9700,31968.8400,29304.6200,29782.5800,1963.84625900
2022-06-02,29789.3900,30671.2000,29551.6900,30430.0400,1334.63124100
2022-06-03,30431.6600,30672.6600,29250.0000,29671.4500,1370.38381600
2022-06-04,29674.1300,29951.5300,29451.9300,29846.2700,590.89007700
2022-06-05,29842.7200,30155.0000,29509.5000,29890.9700,682.41674400
2022-06-06,29898.7700,31740.0000,29864.2500,31348.0000,1624.61634600
2022-06-07,31348.3700,31565.8200,29200.0000,31098.9300,2235.83067900
2022-06-08,31106.6700,31300.3200,29821.9000,30181.3400,1403.92068900
2022-06-09,30177.9300,30683.9400,29906.4400,30077.7100,943.71313200
2022-06-10,30085.1200,30347.3400,28828.2600,29062.5800,1344.56363300
2022-06-11,29061.9400,29405.2800,28080.2700,28380.0000,1000.59214900
2022-06-12,28396.2100,28507.4000,26532.7000,26551.5200,1431.53119400
2022-06-13,26540.9900,26850.0100,21901.0000,22460.5200,5761.39370800
2022-06-14,22460.5100,23314.0900,20804.9100,22104.2800,4565.97266600
2022-06-15,22116.8300,22762.0400,20078.0000,22568.5800,4511.19638300
2022-06-16,22551.1100,22985.0000,20200.8000,20376.7600,1982.50031900
2022-06-17,20372.3400,21320.4200,20220.0000,20442.2300,1322.61816800
2022-06-18,20443.6100,20743.6200,17594.9400,18949.0800,3410.39600700
2022-06-19,18942.2900,20799.0300,17925.0300,20558.1400,2474.20115300
2022-06-20,20542.8300,21038.8900,19601.9000,20539.8200,2084.19444400
2022-06-21,20545.9900,21702.5200,20333.0000,20704.8500,2175.64536700
2022-06-22,20702.6800,20874.3400,19742.2500,19973.0400,3263.27982800
2022-06-23,19971.7500,21226.3200,19863.7700,21091.3000,3659.16487000
2022-06-24,21094.6300,21534.3300,20719.3900,21218.4400,3115.21089100
2022-06-25,21224.9500,21595.7100,20896.8500,21469.6200,2028.34700100
2022-06-26,21475.5500,21878.0200,20955.0000,21026.2600,1928.11807000
2022-06-27,21027.2100,21522.6100,20478.2800,20722.9300,2682.93546000
2022-06-28,20722.2800,21190.0000,20171.0100,20253.0700,5362.94511400
2022-06-29,20250.8300,20420.9200,19832.9200,20099.6700,7099.46620000
2022-06-30,20099.5000,20145.3200,18612.0000,19937.2300,8521.84423800
2022-07-01,19935.5300,20896.3600,18940.0000,19256.7500,9747.18361600
2022-07-02,19261.5800,19441.9000,18956.7900,19226.5300,3913.93143100
2022-07-03,19227.6900,19625.3200,18752.9800,19290.6800,3275.13616400
2022-07-04,19292.8800,20320.0000,19034.1300,20212.6100,6404.37945600
2022-07-05,20212.6100,20728.5000,19281.3700,20157.2200,9137.28771500
2022-07-06,20155.1900,20650.0000,19734.3400,20544.7400,8316.78680400
2022-07-07,20544.7500,21835.0000,20233.0000,21615.2500,8114.68085700
2022-07-08,21619.6600,22500.5900,21172.4100,21595.9900,8915.04836000
2022-07-09,21590.6400,21980.8800,21313.6600,21581.4200,5401.38496500
2022-07-10,21581.5400,21593.1100,20632.9900,20844.5600,4889.43878000
2022-07-11,20848.4800,20851.7800,19865.2100,19946.0100,7244.70439500
2022-07-12,19942.0600,20044.2900,19226.0000,19308.3700,7402.30653300
2022-07-13,19308.3700,20326.6300,18900.0000,20219.7000,9517.12487000
2022-07-14,20220.2700,20879.1700,19588.9000,20576.5100,10528.84491100
2022-07-15,20576.5000,21191.8100,20367.4600,20825.4500,7202.69117900
2022-07-16,20824.7200,21575.3400,20477.0300,21190.3400,4799.27605400
2022-07-17,21187.6600,21657.4900,20751.8100,20798.5000,4969.88656900
2022-07-18,20796.2300,22757.9400,20754.5700,22422.0500,11288.74097700
2022-07-19,22433.8100,23800.0000,21583.9700,23392.1900,15605.61386500
2022-07-20,23392.1800,24275.9400,22915.0000,23225.6000,15777.66458100
2022-07-21,23223.3300,23431.7100,22342.2800,23151.5800,10100.97622400
2022-07-22,23154.8900,23758.4600,22507.1500,22684.3000,7196.81416000
2022-07-23,22688.5800,23000.0000,21950.0000,22449.3100,4638.19753100
2022-07-24,22456.0000,23020.0000,22266.0000,22591.2800,5182.09399900
2022-07-25,22585.8800,22670.5000,21258.0600,21316.2200,7308.42268000
2022-07-26,21309.8500,21348.3400,20714.9600,21255.5500,5882.28837300
2022-07-27,21258.0800,23113.5400,21041.4000,22958.1800,9128.98508300
2022-07-28,22961.9600,24199.9800,22583.3300,23849.4400,10025.43093800
2022-07-29,23852.0800,24439.0000,23433.8500,23782.9900,8152.00598100
2022-07-30,23785.0100,24683.5400,23510.4700,23650.1900,7101.06477200
2022-07-31,23650.1900,24198.1800,23232.2900,23304.6500,5804.26943400
2022-08-01,23308.3800,23508.4700,22851.9000,23275.8800,6179.68667600
2022-08-02,23275.6800,23466.1800,22661.2900,22990.7500,7307.48724400
2022-08-03,22984.5300,23638.9900,22689.4900,22824.5500,8164.15470400
2022-08-04,22820.0000,23226.6100,22404.4700,22622.2700,7171.33454300
2022-08-05,22622.2600,23477.0600,22589.0100,23317.3800,6663.06384600
2022-08-06,23319.0600,23355.1800,22910.7500,22959.2800,3220.41014800
2022-08-07,22955.2700,23400.0000,22854.6600,23177.8100,2738.61530000
2022-08-08,23176.2800,24252.1200,23157.3500,23816.8700,6080.60853300
2022-08-09,23812.1200,23931.6500,22875.0000,23155.8500,5809.39712300
2022-08-10,23155.0600,24227.1100,22659.4000,23964.8800,7793.97670800
2022-08-11,23964.5000,24922.5800,23866.8000,23940.0700,9575.10660300
2022-08-12,23948.0300,24466.9200,23596.3600,24412.3900,6708.13107300
2022-08-13,24414.6300,24900.5500,24295.8000,24458.5800,6260.78911000
2022-08-14,24458.5700,25036.1000,24151.0700,24315.5500,5005.86886300
2022-08-15,24317.9300,25214.6600,23780.0000,24096.8200,9307.65886200
2022-08-16,24096.2500,24260.9700,23676.4000,23855.3500,7287.20581100
2022-08-17,23858.1000,24445.5700,23180.0000,23335.9200,7570.16917600
2022-08-18,23338.6600,23599.7100,23111.2200,23198.2500,3614.12387800
2022-08-19,23193.4600,23207.3400,20785.2200,20829.3200,13898.42004900
2022-08-20,20832.7900,21363.4600,20761.7500,21141.9500,8426.33225500
2022-08-21,21142.8700,21781.6400,21067.4800,21512.2800,6606.50078800
2022-08-22,21511.4300,21536.5600,20890.3200,21397.0000,7700.00484900
2022-08-23,21397.0000,21679.7300,20889.1100,21528.6100,7192.34442100
2022-08-24,21524.5200,21890.7600,21147.7000,21367.4200,8260.05725900
2022-08-25,21367.4200,21814.5100,21311.6300,21558.8200,6057.43262800
2022-08-26,21558.3600,21872.3500,20110.0000,20243.4800,13095.06348000
2022-08-27,20241.8400,20380.3200,19800.0000,20039.8600,8309.56346500
2022-08-28,20038.7400,20158.0000,19520.1900,19552.3400,5250.26173400
2022-08-29,19555.6900,20419.0000,19544.8900,20290.0000,7323.76506900
2022-08-30,20289.9700,20578.0000,19541.1300,19812.6500,9641.43917300
2022-08-31,19812.6500,20486.0600,19801.1300,20060.3200,7300.80854800
2022-09-01,20051.8100,20205.8300,19564.8600,20132.9700,7529.67405300
2022-09-02,20132.5000,20444.0000,19757.7200,19954.1600,7392.67901400
2022-09-03,19950.6300,20054.6900,19658.0400,19832.0600,3077.13549700
2022-09-04,19834.8700,20030.8900,19587.8600,20002.3800,3712.17816500
2022-09-05,19998.7700,20058.0000,19635.9600,19795.1200,4817.48903600
2022-09-06,19795.1200,20180.5000,18668.9000,18790.3900,11753.83027800
2022-09-07,18789.4000,19462.0200,18534.0600,19290.5300,8092.18332600
2022-09-08,19290.5300,19457.6900,19012.7000,19322.5400,8670.45335600
2022-09-09,19322.5400,21595.1200,19293.6400,21360.9700,13177.78081500
2022-09-10,21365.9700,21812.3500,21128.3900,21650.6000,6646.28757300
2022-09-11,21651.5900,21866.5000,21359.1500,21830.0000,6563.89524200
2022-09-12,21833.6300,22497.5800,21543.7600,22400.0000,10897.08067200
2022-09-13,22397.5300,22799.0300,19874.9200,20173.7500,14931.00320500
2022-09-14,20168.8200,20533.0000,19610.0900,20231.0000,9937.96673500
2022-09-15,20229.1100,20333.8000,19500.0000,19698.2400,10729.86486900
2022-09-16,19705.3900,19889.0500,19338.0000,19800.4000,8547.46479000
2022-09-17,19800.4000,20191.7100,19742.4100,20112.0400,6930.60118700
2022-09-18,20112.6000,20118.7400,19333.2000,19417.9900,7373.68694300
2022-09-19,19421.9300,19682.9700,18257.9200,19540.3300,13609.13654100
2022-09-20,19538.6600,19637.5800,18724.8300,18880.2700,13247.73309500
2022-09-21,18875.2900,19900.0000,18168.0000,18464.2300,19642.80395700
2022-09-22,18464.2300,19519.6400,18360.9800,19403.2900,18016.93964000
2022-09-23,19405.2900,19498.3000,18534.7800,19288.3600,11672.71788300
2022-09-24,19288.0800,19310.2000,18810.0000,18921.2500,6760.58770300
2022-09-25,18925.4500,19174.7400,18630.8600,18809.6100,5927.07274500
2022-09-26,18807.6300,19317.1600,18687.0000,19226.3500,12113.69564900
2022-09-27,19226.1100,20380.9000,18819.8200,19078.7400,20959.54451000
2022-09-28,19078.7400,19770.0000,18491.6700,19414.1600,16457.73726700
2022-09-29,19414.3300,19640.0100,18835.9000,19590.0000,15056.96189600
2022-09-30,19595.4500,20182.6900,19150.0000,19426.6400,11506.44206000
2022-10-01,19426.6400,19485.4600,19165.2800,19312.1200,3088.84530500
2022-10-02,19313.8000,19400.0000,18922.8400,19057.7400,4830.49855500
2022-10-03,19057.7400,19715.8600,18964.2900,19632.4600,10272.01258800
2022-10-04,19633.4800,20457.6700,19493.1100,20341.6700,11694.55113200
2022-10-05,20346.0900,20370.1800,19741.0100,20158.9000,10065.46167700
2022-10-06,20162.8400,20450.2600,19856.9700,19962.4400,15655.71847900
2022-10-07,19962.7700,20067.0500,19321.4900,19532.6000,10978.57214900
2022-10-08,19530.4400,19628.8300,19248.0000,19419.7000,3729.63907000
2022-10-09,19418.0700,19560.0000,19321.1100,19441.9200,3803.21518300
2022-10-10,19441.9200,19525.7500,19028.0000,19132.2800,7601.10553500
2022-10-11,19130.7200,19266.4800,18859.2200,19058.3000,9765.69503800
2022-10-12,19055.7600,19239.9400,18976.0500,19153.9900,6154.36836900
2022-10-13,19153.6000,19507.4400,18185.9200,19376.7500,20358.18922600
2022-10-14,19375.3800,19950.8800,19077.9900,19177.1100,16413.81762700
2022-10-15,19176.1200,19226.8200,18985.4900,19071.0000,2728.88487700
2022-10-16,19071.8100,19428.8400,19064.6300,19262.5200,3688.03540100
2022-10-17,19260.4000,19676.3700,19156.2000,19552.6300,10674.14773500
2022-10-18,19547.7000,19705.7500,19094.6500,19331.6900,12613.60344200
2022-10-19,19327.5000,19360.9000,19064.9300,19121.3800,8347.65234000
2022-10-20,19124.1500,19341.0500,18909.3000,19045.0000,10230.68727900
2022-10-21,19045.8400,19249.9900,18664.0900,19165.2000,10217.65923100
2022-10-22,19165.2000,19257.1100,19114.6200,19205.5100,1986.51841600
2022-10-23,19206.0000,19695.3000,19078.6900,19569.2900,5209.67201900
2022-10-24,19573.0100,19601.0000,19151.2000,19330.0000,11579.50875800
2022-10-25,19332.4400,20417.4900,19241.4700,20085.3900,16237.35678600
2022-10-26,20084.7900,21022.6200,20050.0000,20774.5100,24306.77211300
2022-10-27,20774.5100,20877.3100,20203.5600,20297.0900,17470.86974400
2022-10-28,20297.0900,20755.9800,20015.0000,20598.6000,14586.91495400
2022-10-29,20597.0000,21089.0700,20560.3000,20817.9100,9896.32425500
2022-10-30,20819.3600,20935.0000,20516.2100,20631.5800,6776.68456200
2022-10-31,20631.3600,20838.6400,20240.0100,20490.8000,10199.25402000
2022-11-01,20489.7400,20697.7100,20326.5700,20478.3100,7723.94810400
2022-11-02,20480.9600,20803.2200,20058.4300,20148.2200,15894.43152400
2022-11-03,20150.9000,20390.5500,20035.2800,20206.2600,8085.82417300
2022-11-04,20205.4800,21296.4500,20181.1500,21146.7100,13042.65631000
2022-11-05,21149.1500,21479.0000,21083.6300,21294.0800,5579.67387300
2022-11-06,21295.9600,21362.1900,20888.0000,20908.7900,4145.77575600
2022-11-07,20908.7900,21068.6000,20396.6600,20592.6200,8586.00740800
2022-11-08,20593.3300,20677.1000,17600.0000,18549.7900,27123.99245100
2022-11-09,18546.2400,18591.1500,15567.0000,15891.7200,18665.09028100
2022-11-10,15887.3100,18154.7600,15727.6400,17553.9300,16338.16048200
2022-11-11,17555.0200,17650.0000,16330.1700,17014.2000,15261.90005300
2022-11-12,17016.2200,17071.8300,16595.9500,16781.4500,5028.33059400
2022-11-13,16777.2300,16913.8900,16222.0000,16298.5300,3445.10737900
2022-11-14,16302.8700,17130.0400,15790.4600,16587.3900,6049.59075600
2022-11-15,16587.3700,17100.0000,16506.1200,16879.5400,6351.70015600
2022-11-16,16877.0500,16990.6000,16367.3200,16643.8200,5792.93715500
2022-11-17,16647.1900,16734.0800,16400.0000,16680.7500,4747.99945500
2022-11-18,16681.0600,16982.5000,16531.5600,16677.0000,5149.56359100
2022-11-19,16679.0000,16803.3600,16526.9300,16683.6700,2369.32161500
2022-11-20,16682.9200,16730.2500,16157.5000,16257.2700,3786.54405700
2022-11-21,16256.7900,16278.1400,15468.5800,15756.6000,9618.54811900
2022-11-22,15761.3100,16297.2700,15599.9300,16207.0000,8706.17969300
2022-11-23,16207.8900,16701.5100,16142.2500,16585.2300,8278.43897600
2022-11-24,16588.3600,16790.0000,16450.5000,16586.5200,5785.50271200
2022-11-25,16588.8800,16607.9100,16326.8000,16510.6800,3880.67011700
2022-11-26,16512.6100,16688.0000,16381.6300,16449.8400,2208.27686500
2022-11-27,16450.5500,16589.4600,16395.6800,16421.5900,2318.23493100
2022-11-28,16421.5900,16479.3700,15990.1000,16206.2300,8308.70987300
2022-11-29,16204.9500,16538.9100,16094.5400,16435.9700,6696.10732800
2022-11-30,16437.3600,17244.0000,16422.5200,17166.3400,12140.65658000
2022-12-01,17166.4600,17312.7600,16863.7100,16978.0900,6003.80213900
2022-12-02,16980.4800,17107.4600,16793.1200,17096.9300,5748.30445300
2022-12-03,17095.6500,17162.6700,16862.7700,16888.2900,3321.77594500
2022-12-04,16887.3100,17207.5000,16878.7000,17108.1400,4318.33017300
2022-12-05,17108.0800,17424.3100,16870.5800,16967.4800,8223.32734600
2022-12-06,16967.7100,17104.6200,16908.6500,17086.9300,5862.85598800
2022-12-07,17090.0500,17138.6000,16669.0000,16837.6400,4596.76929900
2022-12-08,16836.5800,17298.5900,16741.6700,17225.3600,4879.56476500
2022-12-09,17224.5000,17350.4500,17068.9200,17130.0400,4094.16379700
2022-12-10,17130.0300,17228.6100,17095.9000,17128.9500,1720.97898900
2022-12-11,17128.9500,17270.3100,17073.1600,17083.8300,2142.18912600
2022-12-12,17086.8200,17240.0000,16875.0000,17207.1200,4283.73714200
2022-12-13,17208.3100,17988.8000,17085.0000,17777.0100,6881.97799400
2022-12-14,17778.9600,18379.3000,17665.5100,17804.5300,11603.83851600
2022-12-15,17804.7400,17856.6900,17283.1900,17358.9800,7836.86438000
2022-12-16,17357.5700,17528.6800,16534.6900,16634.4300,9636.15227600
2022-12-17,16631.5400,16796.6200,16583.3400,16777.4900,3659.55841500
2022-12-18,16778.6900,16850.8300,16666.0000,16740.5100,2263.06882700
2022-12-19,16743.1800,16814.9900,16288.0000,16437.6400,5148.70405500
2022-12-20,16437.6300,17050.5600,16397.5000,16895.8700,7297.20055100
2022-12-21,16897.5600,16924.6400,16731.8500,16823.9400,3672.09093000
2022-12-22,16823.9500,16871.3000,16564.6900,16817.4500,3903.53589500
2022-12-23,16820.7200,16941.0400,16748.4400,16779.6100,3640.34101200
2022-12-24,16777.6000,16860.0000,16777.4500,16834.7000,1587.68261300
2022-12-25,16836.8100,16853.9900,16729.2000,16830.6700,1867.69497500
2022-12-26,16830.5100,16938.2600,16792.9300,16919.3400,1912.63238300
2022-12-27,16920.2700,16972.2000,16593.7700,16701.0000,3688.87027000
2022-12-28,16701.3000,16775.1000,16465.5800,16541.6300,4854.62624800
2022-12-29,16541.2900,16655.0500,16485.0000,16624.0000,3126.96163700
2022-12-30,16626.1600,16642.1600,16355.0000,16599.7000,4336.35833400
2022-12-31,16599.6900,16632.3300,16466.8600,16525.7800,2275.81574900
2023-01-01,16526.2600,16621.6900,16495.0600,16610.7400,1621.65809600
2023-01-02,16611.5900,16779.0000,16545.3900,16667.3300,2398.51920700
2023-01-03,16668.0100,16768.0500,16600.0000,16666.5800,2715.72350700
2023-01-04,16668.3300,16984.5400,16647.8900,16845.4000,5875.46685100
2023-01-05,16846.1200,16873.2800,16755.4500,16824.4400,2377.14933800
2023-01-06,16827.5100,17022.8700,16675.0000,16943.7500,5241.88262200
2023-01-07,16944.8500,16973.7300,16900.9000,16937.2900,1094.35021300
2023-01-08,16935.8900,17150.0000,16906.1600,17120.3400,2386.78504800
2023-01-09,17120.3400,17387.0500,17097.1200,17170.8200,7789.63496000
2023-01-10,17170.7700,17484.5300,17137.7800,17434.4700,6948.37671900
2023-01-11,17435.9900,17988.7600,17312.6800,17934.9900,7977.62242200
2023-01-12,17936.5200,19109.2800,17899.9700,18843.0400,21572.26609900
2023-01-13,18843.9400,19988.3700,18711.0600,19925.0000,15495.50173000
2023-01-14,19924.1400,21239.8300,19883.7000,20946.5500,14689.50964900
2023-01-15,20946.8300,21030.7600,20558.8600,20865.2500,6950.93143000
2023-01-16,20865.2600,21446.8100,20620.5500,21178.3600,5919.84852100
2023-01-17,21180.6800,21547.9900,20840.7700,21124.0000,6489.61434000
2023-01-18,21131.8600,21620.0000,20373.1100,20660.9100,6753.22699400
2023-01-19,20669.1300,21190.0000,20644.4000,21077.6100,3930.80433400
2023-01-20,21076.5400,22749.2700,20861.9500,22664.7800,7016.86588900
2023-01-21,22672.8400,23349.8100,22433.5300,22780.7800,8215.71010100
2023-01-22,22781.7500,23068.0000,22290.0400,22711.7900,5905.91684400
2023-01-23,22708.6300,23164.3200,22436.5500,22915.7900,5712.80822900
2023-01-24,22919.9900,23150.0000,22477.3800,22631.0900,5868.56781200
2023-01-25,22631.1300,23815.1200,22299.0000,23052.8500,7986.49989700
2023-01-26,23056.8100,23269.7700,22863.0400,23014.4100,4187.55062500
2023-01-27,23016.2800,23506.3000,22555.0000,23076.7900,5890.30292100
2023-01-28,23075.6100,23186.6600,22883.2300,23018.6000,1790.53646600
2023-01-29,23019.8100,23964.1900,22970.0000,23748.0400,5302.96780700
2023-01-30,23748.0400,23804.0400,22502.2000,22834.1800,5547.33225700
2023-01-31,22833.5200,23297.9900,22720.8200,23126.9100,4071.64081100
2023-02-01,23125.4300,23817.9100,22799.9700,23743.0600,6287.24817500
2023-02-02,23740.9500,24250.0000,23421.5000,23484.1400,9171.10052500
2023-02-03,23491.5000,23725.0000,23217.2800,23432.8500,5014.83685900
2023-02-04,23436.0200,23588.1700,23254.0000,23340.0700,2931.52005300
2023-02-05,23340.0500,23436.9300,22759.7800,22956.4100,4184.87707600
2023-02-06,22953.74000000,23154.70000000,17020.33000000,22766.52000000,3687.27729100
2023-02-07,22767.90000000,23353.36000000,22748.91000000,23247.28000000,6165.80267100
2023-02-08,23247.74000000,23444.91000000,22675.02000000,22964.00000000,6385.54936300
2023-02-09,22964.76000000,23014.25000000,21702.78000000,21805.29000000,9244.36147700
2023-02-10,21808.56000000,21949.23000000,21477.04000000,21629.35000000,6993.87705400
2023-02-11,21628.85000000,21909.00000000,21605.77000000,21870.03000000,2365.63172000
2023-02-12,21867.13000000,22092.46000000,21636.10000000,21787.30000000,3529.92286600
2023-02-13,21789.20000000,21902.60000000,21369.20000000,21790.26000000,7320.98786200
2023-02-14,21791.34000000,22329.67000000,21566.47000000,22198.52000000,8132.34170400
2023-02-15,22199.19000000,24373.54000000,22052.71000000,24330.12000000,10213.65239100
2023-02-16,24327.60000000,25220.00000000,23482.00000000,23495.64000000,7093.56545500
2023-02-17,23496.18000000,25014.65000000,23328.15000000,24576.68000000,8906.38806900
2023-02-18,24575.46000000,24877.44000000,24435.78000000,24632.09000000,1971.40252300
2023-02-19,24637.18000000,25199.59000000,24202.89000000,24285.89000000,5604.37251500
2023-02-20,24279.98000000,25100.00000000,23851.31000000,24837.85000000,5377.61723700
2023-02-21,24839.02000000,25250.00000000,24148.00000000,24454.68000000,9674.19274000
2023-02-22,24456.29000000,24482.61000000,23578.95000000,24186.06000000,10132.98555300
2023-02-23,24187.82000000,24602.09000000,23615.00000000,23941.32000000,8899.62747700
2023-02-24,23942.53000000,24130.00000000,22852.34000000,23189.33000000,8381.36600000
2023-02-25,23189.27000000,23223.77000000,22766.00000000,23162.84000000,3786.94903000
2023-02-26,23164.46000000,23684.52000000,23067.32000000,23556.99000000,4239.97982900
2023-02-27,23556.98000000,23896.60000000,23111.90000000,23488.76000000,6833.69419200
2023-02-28,23489.87000000,23599.63000000,23031.27000000,23142.54000000,4289.05532300
2023-03-01,23144.78000000,23994.59000000,23015.10000000,23629.97000000,6638.33516600
2023-03-02,23635.29000000,23793.18000000,23197.84000000,23466.77000000,5545.44118700
2023-03-03,23466.77000000,23480.01000000,22001.00000000,22358.38000000,7445.37468400
2023-03-04,22359.24000000,22409.51000000,22159.79000000,22347.86000000,2181.66967000
2023-03-05,22345.62000000,22653.31000000,22201.36000000,22431.13000000,3743.74854000
2023-03-06,22431.13000000,22603.25000000,22267.58000000,22403.96000000,3814.48002000
2023-03-07,22404.85000000,22554.00000000,21936.13000000,22199.06000000,6728.69819000
2023-03-08,22196.56000000,22282.38000000,21583.43000000,21701.27000000,6376.11252300
2023-03-09,21702.13000000,21824.95000000,20100.00000000,20371.48000000,8039.23643700
2023-03-10,20375.76000000,20375.77000000,19570.00000000,20223.08000000,14782.69103800
2023-03-11,20223.08000000,20900.00000000,19900.00000000,20610.16000000,6903.63815000
2023-03-12,20612.30000000,22442.63000000,20439.99000000,22182.50000000,8707.67771000
2023-03-13,22187.99000000,24577.92000000,21875.00000000,24175.17000000,11415.10215800
2023-03-14,24173.52000000,26476.04000000,24000.00000000,24735.61000000,16760.84837700
2023-03-15,24728.42000000,25305.59000000,23930.00000000,24376.62000000,17124.91528000
2023-03-16,24375.82000000,25207.85000000,24209.97000000,25042.03000000,13895.72562000
2023-03-17,25032.72000000,27830.00000000,24926.28000000,27450.00000000,13959.86554100
2023-03-18,27450.01000000,27773.28000000,26657.61000000,26983.83000000,7713.01703000
2023-03-19,26981.38000000,28464.43000000,26905.00000000,28058.59000000,8984.50148700
2023-03-20,28053.81000000,28560.80000000,27223.53000000,27817.21000000,15274.38192800
2023-03-21,27818.34000000,28500.00000000,27406.01000000,28194.93000000,9745.98873000
2023-03-22,28194.95000000,28900.00000000,26685.00000000,27326.57000000,17088.13983700
2023-03-23,27320.17000000,28772.68000000,27194.70000000,28351.32000000,15193.68794000
2023-03-24,28359.55000000,28437.21000000,27084.27000000,27503.77000000,11981.42968000
2023-03-25,27503.76000000,27850.00000000,27180.00000000,27495.84000000,6982.90057000
2023-03-26,27490.46000000,28238.07000000,27439.00000000,27996.22000000,8160.38108000
2023-03-27,27996.62000000,28052.01000000,26540.00000000,27158.96000000,12617.74529000
2023-03-28,27159.65000000,27526.67000000,26674.02000000,27284.81000000,10181.36800000
2023-03-29,27288.30000000,28655.51000000,27257.80000000,28357.83000000,13493.14920000
2023-03-30,28359.60000000,29189.54000000,27719.21000000,28051.17000000,17109.16642900
2023-03-31,28045.74000000,28661.20000000,27529.53000000,28475.58000000,11268.58110000
2023-04-01,28477.43000000,28824.80000000,28257.82000000,28471.96000000,4540.21476000
2023-04-02,28468.20000000,28541.50000000,27871.91000000,28196.51000000,5567.55416000
2023-04-03,28197.63000000,28522.00000000,27300.00000000,27814.57000000,14347.07150000
2023-04-04,27811.05000000,28439.07000000,27657.76000000,28184.21000000,9778.62122000
2023-04-05,28180.01000000,28786.01000000,27861.98000000,28188.40000000,9870.96557000
2023-04-06,28182.46000000,28201.10000000,27724.33000000,28048.32000000,7290.39769000
2023-04-07,28050.11000000,28119.47000000,27782.43000000,27928.80000000,4221.13975000
2023-04-08,27928.74000000,28180.00000000,27879.29000000,27962.05000000,2361.39118000
2023-04-09,27957.73000000,28551.55000000,27817.06000000,28347.32000000,4254.47229000
2023-04-10,28347.05000000,29779.91000000,28179.00000000,29658.09000000,8592.91009300
2023-04-11,29654.01000000,30566.97000000,29607.04000000,30228.46000000,10300.79413500
2023-04-12,30225.91000000,30500.00000000,29698.05000000,29913.16000000,7360.14041000
2023-04-13,29912.17000000,30622.97000000,29879.49000000,30407.21000000,7483.77284300
2023-04-14,30412.05000000,31049.99000000,29989.96000000,30495.98000000,10587.37768500
2023-04-15,30497.53000000,30624.17000000,30237.62000000,30326.54000000,3991.00848000
2023-04-16,30327.15000000,30571.93000000,30157.85000000,30330.24000000,4357.06805000
2023-04-17,30330.97000000,30350.00000000,29261.37000000,29454.28000000,7022.15169000
2023-04-18,29454.65000000,30498.99000000,29118.04000000,30401.03000000,8424.33274000
2023-04-19,30401.24000000,30432.35000000,28619.92000000,28836.52000000,9969.73151000
2023-04-20,28840.85000000,29102.49000000,27996.98000000,28264.70000000,8509.72609000
2023-04-21,28267.53000000,28379.73000000,27156.84000000,27280.29000000,7653.16209000
2023-04-22,27284.40000000,27925.21000000,27170.85000000,27834.15000000,3148.00599000
2023-04-23,27834.15000000,27834.15000000,27350.11000000,27607.14000000,5495.28834000
2023-04-24,27611.02000000,28014.46000000,26975.61000000,27542.36000000,8276.77509000
2023-04-25,27542.35000000,28440.00000000,27209.76000000,28322.46000000,7045.03353000
2023-04-26,28323.29000000,30046.27000000,27261.01000000,28444.49000000,14926.86784000
2023-04-27,28446.28000000,29912.28000000,28403.75000000,29495.47000000,15799.75501000
2023-04-28,29489.16000000,29619.56000000,28922.03000000,29352.88000000,6168.33408000
2023-04-29,29350.16000000,29489.00000000,29082.47000000,29266.00000000,2052.14170000
2023-04-30,29267.38000000,29985.57000000,29125.38000000,29268.64000000,4138.82206000
2023-05-01,29260.73000000,29367.31000000,27690.27000000,28109.33000000,8073.14278000
2023-05-02,28111.27000000,28933.38000000,27935.07000000,28753.93000000,5695.35118000
2023-05-03,28750.89000000,29301.54000000,28166.26000000,29071.82000000,8727.28268000
2023-05-04,29068.97000000,29417.14000000,28700.00000000,28920.07000000,5967.83858000
2023-05-05,28921.19000000,29756.61000000,28820.00000000,29604.60000000,6166.02705000
2023-05-06,29603.12000000,29912.14000000,28500.00000000,29133.08000000,4601.95346000
2023-05-07,29133.78000000,29389.88000000,28900.00000000,28962.60000000,3533.91519000
2023-05-08,28961.22000000,29247.39000000,27669.40000000,28164.57000000,7604.44133000
2023-05-09,28158.93000000,28514.04000000,27660.17000000,27850.65000000,3674.35422000
2023-05-10,27853.73000000,28356.27000000,26900.00000000,27700.37000000,3475.21213000
2023-05-11,27707.21000000,27719.56000000,26747.60000000,27009.09000000,2447.12525000
2023-05-12,27009.58000000,27125.00000000,25873.00000000,26809.60000000,3512.36041000
2023-05-13,26812.27000000,27065.00000000,26708.19000000,26800.94000000,1571.21835000
2023-05-14,26808.99000000,27200.00000000,26603.85000000,26944.37000000,1366.04526000
2023-05-15,26941.97000000,27652.00000000,26766.46000000,27183.05000000,2787.44208000
2023-05-16,27177.89000000,27322.03000000,26866.00000000,27041.09000000,2531.41453000
2023-05-17,27041.09000000,27474.19000000,26555.00000000,27394.93000000,2591.42209000
2023-05-18,27394.93000000,27469.02000000,26405.70000000,26823.12000000,2842.44347000
2023-05-19,26827.06000000,27171.14000000,26633.60000000,26881.07000000,1877.94433000
2023-05-20,26878.13000000,27156.00000000,26830.07000000,27119.26000000,880.49261000
2023-05-21,27113.87000000,27289.82000000,26706.22000000,26772.21000000,1451.48442000
2023-05-22,26768.54000000,27100.00000000,26556.70000000,26860.66000000,2277.57660000
2023-05-23,26860.66000000,27474.78000000,26800.00000000,27232.66000000,2143.28705000
2023-05-24,27232.66000000,27238.49000000,26184.13000000,26340.85000000,2814.35712000
2023-05-25,26342.65000000,26635.90000000,25919.52000000,26491.53000000,2144.22579000
2023-05-26,26497.15000000,26955.81000000,26350.00000000,26738.48000000,1628.94395000
2023-05-27,26739.22000000,26927.48000000,26578.78000000,26885.33000000,815.85363000
2023-05-28,26890.10000000,28281.19000000,26803.33000000,28077.68000000,1965.13494000
2023-05-29,28083.70000000,28448.97000000,27536.59000000,27748.47000000,1899.55324000
2023-05-30,27747.14000000,28071.05000000,27574.21000000,27709.96000000,1737.48133000
2023-05-31,27713.27000000,27845.86000000,26855.00000000,27223.43000000,2172.87605000
2023-06-01,27223.33000000,27350.00000000,26645.16000000,26834.66000000,2390.55642000
2023-06-02,26835.00000000,27306.82000000,26530.25000000,27252.05000000,2303.85444000
2023-06-03,27246.70000000,27340.34000000,26940.00000000,27091.73000000,937.96491000
2023-06-04,27092.48000000,27471.04000000,26966.56000000,27134.55000000,1298.39623000
2023-06-05,27133.52000000,27153.02000000,25439.54000000,25792.71000000,3855.17692000
2023-06-06,25793.69000000,27586.20000000,25417.43000000,27517.50000000,3739.42026000
2023-06-07,27522.58000000,28800.00000000,26911.74000000,27489.34000000,2374.40374000
2023-06-08,27495.33000000,27495.33000000,26402.30000000,26578.69000000,784.38990000
2023-06-09,26589.70000000,26750.00000000,26297.97000000,26482.90000000,1199.65815000
2023-06-10,26492.95000000,26530.88000000,25585.01000000,25934.99000000,987.27198000
2023-06-11,25935.00000000,26370.88000000,25800.00000000,26052.98000000,615.56468000
2023-06-12,26066.02000000,26222.41000000,25888.87000000,26115.72000000,670.28826000
2023-06-13,26126.27000000,27293.76000000,26095.00000000,26226.30000000,581.28963000
2023-06-14,26226.32000000,26448.00000000,25297.00000000,25533.54000000,450.46022000
2023-06-15,25542.47000000,26110.01000000,25200.00000000,25984.00000000,282.22222000
2023-06-16,26003.87000000,26643.40000000,25730.68000000,26561.03000000,290.04695000
2023-06-17,26564.95000000,26790.60000000,26274.70000000,26604.98000000,148.97599000
2023-06-18,26604.97000000,26789.00000000,26444.53000000,26476.24000000,145.14529000
2023-06-19,26484.10000000,26992.90000000,26400.00000000,26846.92000000,209.94964000
2023-06-20,26849.72000000,28622.40000000,26754.04000000,28425.00000000,414.84860000
2023-06-21,28447.24000000,30422.43000000,28333.23000000,29521.44000000,498.84075000
2023-06-22,29521.43000000,29875.00000000,28830.00000000,28850.00000000,252.02314000
2023-06-23,28850.01000000,29971.49000000,28780.01000000,29844.56000000,211.02575000
2023-06-24,29847.87000000,29919.00000000,29375.82000000,29539.29000000,122.13028000
2023-06-25,29540.00000000,29592.00000000,29297.31000000,29406.96000000,95.31864000
2023-06-26,29407.04000000,29685.00000000,29100.00000000,29294.97000000,120.15353000
2023-06-27,29288.01000000,29600.00000000,29183.00000000,29334.99000000,111.53096000
2023-06-28,29316.00000000,29500.00000000,29287.49000000,29419.97000000,88.85714000
2023-06-29,29419.95000000,29524.00000000,29200.00000000,29300.66000000,95.90648000
2023-06-30,29300.14000000,29375.67000000,28875.00000000,28899.31000000,128.46711000
2023-07-01,28894.82000000,29200.00000000,28800.00000000,29134.40000000,51.11399000
2023-07-02,29134.40000000,29147.00000000,28850.00000000,28895.28000000,48.39671000
2023-07-03,28900.28000000,29220.00000000,28850.00000000,29112.85000000,69.36794000
2023-07-04,29118.00000000,29160.00000000,28850.00000000,28881.00000000,53.94807000
2023-07-05,28880.00000000,28958.80000000,28000.00000000,28630.02000000,57.84318000
2023-07-06,28630.02000000,28801.06000000,28000.00000000,28009.13000000,78.66791000
2023-07-07,28009.13000000,28400.00000000,27201.11000000,27376.39000000,94.68617000
2023-07-08,27369.87000000,27586.50000000,26952.00000000,27001.62000000,72.03345000
2023-07-09,27001.10000000,28040.26000000,26829.00000000,27576.66000000,69.43223000
2023-07-10,27575.17000000,28100.00000000,27450.00000000,27707.00000000,84.41495000
2023-07-11,27707.00000000,27797.05000000,26900.00000000,26951.45000000,78.99207000
2023-07-12,26911.15000000,27500.01000000,26777.00000000,26777.00000000,83.33696000
2023-07-13,26799.97000000,27400.00000000,25450.00000000,25937.06000000,129.77665000
2023-07-14,25937.06000000,26459.02000000,24900.00000000,25073.21000000,44.12468000
2025-02-19,96236.28000000,96837.29000000,77838.56000000,96584.33000000,0.29309000
2025-02-20,96498.51000000,98399.50000000,96498.51000000,98222.29000000,2.32155000
2025-02-21,98300.00000000,99460.04000000,94972.59000000,95413.96000000,2.35742000
2025-02-22,96180.53000000,96709.77000000,95962.60000000,96677.14000000,0.13289000
2025-02-23,96643.15000000,96717.59000000,95413.96000000,96003.04000000,0.25105000
2025-02-24,96292.71000000,96448.83000000,91516.64000000,91516.64000000,4.09277000
2025-02-25,92069.96000000,92810.47000000,84601.95000000,88164.26000000,6.28395000
2025-02-26,88943.10000000,89999.98000000,81200.00000000,84000.00000000,2.72007000
2025-02-27,84280.37000000,86861.60000000,82940.98000000,84700.00000000,2.87339000
2025-02-28,84845.33000000,90487.88000000,77500.00000000,84619.57000000,10.10129000
2025-03-01,84378.00000000,87999.99000000,83938.75000000,85784.43000000,0.89373000
2025-03-02,85907.37000000,94941.11000000,85371.02000000,94132.91000000,9.50347000
2025-03-03,94132.91000000,94367.66000000,85500.00000000,85903.42000000,5.54939000
2025-03-04,85776.80000000,88785.38000000,81690.33000000,88008.99000000,3.31460000
2025-03-05,87024.29000000,90661.72000000,86500.00000000,90532.49000000,0.57319000
2025-03-06,90532.00000000,92653.28000000,88013.92000000,90460.49000000,1.44267000
2025-03-07,90999.99000000,91000.00000000,85000.00000000,86700.47000000,3.25642000
2025-03-08,86441.04000000,87014.43000000,85500.00000000,86472.04000000,0.36750000
2025-03-09,86455.97000000,86455.97000000,80104.70000000,80488.25000000,3.38230000
2025-03-10,81073.30000000,83720.00000000,77777.00000000,78840.00000000,3.94846000
2025-03-11,78422.54000000,83499.98000000,76620.00000000,82707.67000000,2.84455000
2025-03-12,82957.79000000,84502.39000000,80687.01000000,83547.11000000,0.84486000
2025-03-13,83536.42000000,84109.74000000,80104.70000000,81645.25000000,1.07038000
2025-03-14,81246.50000000,85000.00000000,80950.00000000,83998.61000000,2.19848000
2025-03-15,84132.85000000,84759.64000000,84000.00000000,84379.27000000,0.47035000
2025-03-16,84388.42000000,84940.16000000,82198.35000000,82337.13000000,0.82693000
2025-03-17,83500.00000000,84710.34000000,82198.35000000,84031.78000000,0.90920000
2025-03-18,83691.02000000,84058.66000000,81273.56000000,82562.62000000,0.69172000
2025-03-19,82947.57000000,86900.00000000,82802.25000000,86757.17000000,3.14869000
2025-03-20,86899.99000000,87437.09000000,83850.95000000,84142.17000000,0.90893000
2025-03-21,84191.62000000,84577.25000000,83357.24000000,84080.59000000,5.54026000
2025-03-22,84250.00000000,84473.55000000,83729.62000000,83729.62000000,0.28380000
2025-03-23,83797.07000000,85800.00000000,83755.94000000,85800.00000000,0.49152000
2025-03-24,85999.05000000,88657.77000000,85540.94000000,87206.98000000,4.93460000
2025-03-25,87298.23000000,88419.76000000,86392.87000000,87420.61000000,0.83128000
2025-03-26,87418.18000000,88214.53000000,85920.13000000,86589.32000000,8.44706000
2025-03-27,86589.32000000,87521.94000000,83955.47000000,87056.09000000,0.86356000
2025-03-28,87056.09000000,88928.00000000,83453.40000000,84295.16000000,4.99618000
2025-03-29,84295.16000000,84295.16000000,81864.37000000,82265.75000000,4.08502000
2025-03-30,82626.00000000,83386.73000000,81576.03000000,81997.00000000,0.66012000
2025-03-31,82553.82000000,83680.80000000,81321.75000000,82468.29000000,2.03039000
2025-04-01,82407.75000000,85263.00000000,82347.47000000,85034.81000000,2.49733000
2025-04-02,84993.28000000,88000.00000000,82197.15000000,82197.15000000,1.20517000
2025-04-03,82357.81000000,83680.77000000,80880.07000000,83056.11000000,1.89165000
2025-04-04,83114.39000000,84400.00000000,81780.00000000,83711.74000000,3.05293000
2025-04-05,83765.53000000,84109.49000000,82350.00000000,83195.67000000,1.13206000
2025-04-06,83499.64000000,83499.64000000,77200.00000000,78343.88000000,3.40792000
2025-04-07,78343.88000000,80999.97000000,74500.00000000,79171.47000000,4.85795000
2025-04-08,79479.31000000,80740.91000000,76297.20000000,76305.66000000,0.93522000
2025-04-09,76144.49000000,83499.99000000,74600.00000000,82626.00000000,3.67674000
2025-04-10,82550.00000000,82550.00000000,78468.30000000,79650.00000000,0.89748000
2025-04-11,79692.46000000,84072.67000000,78725.78000000,83505.55000000,2.28239000
2025-04-12,83446.44000000,85797.96000000,82761.28000000,85234.56000000,0.39426000
2025-04-13,85219.51000000,85790.40000000,83153.40000000,83595.41000000,0.51008000
2025-04-14,83846.16000000,85557.63000000,83846.16000000,84673.19000000,0.17668000
2025-04-15,84300.00000000,86317.80000000,83006.00000000,83697.08000000,0.79681000
2025-04-16,83567.58000000,85283.37000000,83006.00000000,84550.74000000,0.95020000
2025-04-17,84099.66000000,85409.87000000,83836.00000000,84800.00000000,0.26906000
2025-04-18,84803.00000000,85097.05000000,84325.60000000,84599.99000000,0.48877000
2025-04-19,84528.50000000,85500.00000000,84528.50000000,85123.44000000,0.18892000
2025-04-20,85184.38000000,85375.32000000,84035.57000000,85172.71000000,0.02800000
2025-04-21,85263.00000000,88000.00000000,85263.00000000,87568.35000000,3.05933000
2025-04-22,87519.16000000,91000.00000000,86400.00000000,91000.00000000,6.89254000
2025-04-23,91000.00000000,93100.00000000,90601.19000000,93100.00000000,1.52557000
2025-04-24,93100.00000000,93645.35000000,89298.19000000,93645.35000000,1.48370000
2025-04-25,93701.40000000,95752.17000000,93000.00000000,94735.06000000,3.02815000
2025-04-26,94700.00000000,95214.18000000,93975.66000000,94146.48000000,0.13261000
2025-04-27,94321.01000000,95283.60000000,93724.37000000,93800.00000000,0.20818000
2025-04-28,93701.40000000,95469.35000000,93000.00000000,94952.40000000,1.78751000
2025-04-29,94952.40000000,95376.95000000,93942.51000000,93942.51000000,1.02445000
2025-04-30,94228.92000000,95246.83000000,93000.00000000,94384.59000000,1.04251000
2025-05-01,94330.29000000,96999.00000000,94330.29000000,96195.14000000,0.83289000
2025-05-02,96609.98000000,97599.00000000,96314.01000000,96907.92000000,0.76713000
2025-05-03,96907.92000000,96907.92000000,95850.00000000,96000.00000000,0.23471000
2025-05-04,95880.65000000,96168.12000000,93800.00000000,94228.80000000,0.84590000
2025-05-05,94400.13000000,95100.63000000,93550.00000000,94850.00000000,0.55200000
2025-05-06,94700.00000000,96822.74000000,91723.27000000,96822.74000000,1.22458000
2025-05-07,96829.86000000,97472.08000000,95911.12000000,97393.17000000,0.62125000
2025-05-08,97080.99000000,103000.00000000,97080.99000000,101925.24000000,4.35718000
2025-05-09,102543.92000000,102993.19000000,97393.00000000,102525.97000000,0.60007000
2025-05-10,102916.78000000,103055.00000000,99846.36000000,101800.00000000,2.09547000
2025-05-11,101800.00000000,103200.00000000,101500.00000000,102432.36000000,1.07725000
2025-05-12,103159.18000000,104990.03000000,100449.71000000,102790.00000000,1.22296000
2025-05-13,102755.00000000,104794.08000000,98000.00000000,104252.13000000,1.96255000
2025-05-14,103965.44000000,103965.44000000,102629.96000000,103408.00000000,0.47353000
2025-05-15,103400.38000000,104028.65000000,101500.00000000,103123.08000000,1.03200000
2025-05-16,103778.13000000,104149.00000000,103166.00000000,103317.17000000,0.17330000
2025-05-17,103310.79000000,103778.12000000,102543.92000000,102839.77000000,0.29910000
2025-05-18,103113.54000000,106491.80000000,103113.54000000,106491.80000000,2.14856000
2025-05-19,106491.80000000,106916.38000000,102005.76000000,105353.87000000,1.39648000
2025-05-20,105799.00000000,107134.54000000,104394.94000000,106938.68000000,4.45344000
2025-05-21,106992.00000000,109936.29000000,106007.36000000,109551.33000000,3.78351000
2025-05-22,109700.00000000,111500.00000000,109128.06000000,111209.18000000,5.78255000
2025-05-23,111209.18000000,111444.00000000,106660.00000000,106929.03000000,1.77237000
2025-05-24,107425.12000000,109075.10000000,107425.11000000,107785.25000000,0.62752000
2025-05-25,107665.00000000,109119.69000000,106782.74000000,108791.74000000,0.53474000
2025-05-26,108962.34000000,110175.58000000,108843.58000000,109223.09000000,1.15970000
2025-05-27,109000.01000000,110360.54000000,107802.63000000,108715.32000000,2.03151000
2025-05-28,109021.92000000,109128.10000000,106929.03000000,107918.00000000,1.07673000
2025-05-29,107459.15000000,108658.83000000,105500.00000000,105724.15000000,2.10721000
2025-05-30,106045.01000000,106294.44000000,102000.00000000,103778.13000000,2.48366000
2025-05-31,103778.15000000,105000.00000000,103218.02000000,105000.00000000,0.31549000
2025-06-01,104978.17000000,105883.89000000,104000.00000000,105883.89000000,0.62643000
2025-06-02,105775.35000000,105912.41000000,103824.42000000,105912.41000000,1.08659000
2025-06-03,105999.99000000,106809.33000000,104745.34000000,105400.00000000,1.42985000
2025-06-04,105133.14000000,105800.44000000,104000.00000000,104525.97000000,0.71905000
2025-06-05,104525.97000000,105500.00000000,100361.45000000,101629.04000000,2.67870000
2025-06-06,101320.00000000,105084.00000000,98000.00000000,104028.65000000,3.32547000
2025-06-07,104374.49000000,105847.78000000,103782.05000000,105610.58000000,0.65711000
2025-06-08,105610.58000000,106390.00000000,105020.00000000,105767.03000000,0.89483000
2025-06-09,105767.03000000,109749.00000000,105280.74000000,109749.00000000,2.12038000
2025-06-10,109749.00000000,110000.00000000,105800.00000000,109343.25000000,1.23437000
2025-06-11,109409.16000000,110002.00000000,108000.00000000,108000.00000000,1.35810000
2025-06-12,108699.99000000,108700.00000000,105800.00000000,105800.00000000,1.28060000
2025-06-13,105732.00000000,106175.99000000,101500.00000000,106086.57000000,2.86348000
2025-06-14,106000.00000000,106193.15000000,104278.11000000,105445.76000000,0.48216000
2025-06-15,105452.38000000,105912.41000000,104600.00000000,105500.00000000,0.80124000
2025-06-16,105576.16000000,108500.01000000,105404.00000000,107028.00000000,2.70065000
2025-06-17,106693.34000000,107650.72000000,103636.36000000,104761.54000000,2.99351000
2025-06-18,104666.72000000,105405.29000000,103750.00000000,104788.69000000,3.11722000
2025-06-19,104947.23000000,105170.00000000,102500.00000000,104739.49000000,1.65483000
2025-06-20,104200.04000000,106381.00000000,102473.10000000,103000.26000000,2.76699000
2025-06-21,103254.30000000,104000.00000000,101000.00000000,102216.56000000,2.03609000
2025-06-22,102250.89000000,103286.97000000,98600.00000000,100898.69000000,2.75081000
2025-06-23,100899.79000000,105868.01000000,100057.87000000,105154.00000000,3.23623000
2025-06-24,105722.74000000,106143.93000000,104716.99000000,106057.84000000,3.06719000
2025-06-25,105527.72000000,108000.00000000,105527.72000000,107190.00000000,3.89709000
2025-06-26,107190.00000000,108000.00000000,106606.84000000,107196.96000000,1.83297000
2025-06-27,107148.57000000,107830.24000000,106304.78000000,107196.74000000,0.99939000
2025-06-28,107193.02000000,107568.80000000,106000.00000000,106999.00000000,0.55837000
2025-06-29,106999.00000000,108265.59000000,106844.61000000,108101.00000000,2.26199000
2025-06-30,108477.26000000,108500.00000000,105954.13000000,107080.00000000,1.04392000
2025-07-01,107080.00000000,107187.16000000,105334.09000000,105844.74000000,1.54801000
2025-07-02,105844.72000000,109448.70000000,105280.73000000,108944.46000000,1.60322000
2025-07-03,108939.99000000,110248.00000000,107900.00000000,109874.13000000,2.09930000
2025-07-04,109869.94000000,109869.94000000,107417.11000000,108150.00000000,1.18353000
2025-07-05,108295.41000000,108384.25000000,107804.76000000,108324.43000000,0.29471000
2025-07-06,108324.41000000,109639.79000000,107925.01000000,109291.31000000,0.55214000
2025-07-07,109291.31000000,109600.78000000,107652.88000000,108086.80000000,2.88429000
2025-07-08,108399.31000000,109387.61000000,107950.00000000,109049.99000000,4.02792000
2025-07-09,109049.99000000,111887.97000000,108500.00000000,111425.21000000,4.91674000
2025-07-10,111425.21000000,116888.00000000,110090.97000000,115950.00000000,7.82858000
2025-07-11,115950.00000000,118566.97000000,114000.00000000,117520.11000000,4.30423000
2025-07-12,117520.11000000,118315.39000000,116781.53000000,117297.08000000,0.93097000
2025-07-13,117638.05000000,119443.94000000,117400.00000000,119100.00000000,2.97495000
2025-07-14,119099.99000000,122665.78000000,116000.00000000,119999.80000000,6.67133000
2025-07-15,119813.53000000,119999.78000000,115558.18000000,117650.00000000,5.12157000
2025-07-16,117650.00000000,119764.32000000,117249.80000000,118546.24000000,1.65999000
2025-07-17,118538.94000000,120000.00000000,115000.00000000,119164.89000000,1.62658000
2025-07-18,119000.00000000,120000.00000000,116781.53000000,117575.00000000,4.55767000
2025-07-19,117864.41000000,118566.95000000,117300.01000000,117795.01000000,0.79221000
2025-07-20,117795.01000000,118899.03000000,116575.01000000,117479.24000000,2.10450000
2025-07-21,117233.01000000,119606.20000000,116603.36000000,117400.01000000,4.13001000
2025-07-22,117400.01000000,120000.00000000,116500.00000000,119663.04000000,5.04167000
2025-07-23,119999.91000000,119999.92000000,117249.81000000,118712.77000000,2.08514000
2025-07-24,118712.77000000,120000.00000000,116000.00000000,118480.51000000,1.39076000
2025-07-25,118202.40000000,118480.60000000,115130.32000000,117574.21000000,6.21211000
2025-07-26,117574.21000000,118377.07000000,115000.00000000,117995.00000000,1.57397000
2025-07-27,118096.85000000,119487.00000000,117884.44000000,119486.83000000,2.34465000
2025-07-28,119487.00000000,119591.80000000,117485.99000000,118000.00000000,1.56263000
2025-07-29,118399.96000000,120000.00000000,117100.00000000,117890.00000000,2.38005000
2025-07-30,117953.28000000,118718.29000000,115855.39000000,117574.21000000,1.71364000
2025-07-31,117799.99000000,118720.00000000,115750.00000000,115750.00000000,3.51459000
2025-08-01,115791.12000000,116074.76000000,112877.77000000,113427.82000000,6.86652000
2025-08-02,113000.01000000,114056.95000000,111500.00000000,112682.47000000,2.73690000
2025-08-03,112266.26000000,114916.03000000,111200.00000000,114400.00000000,1.41863000
2025-08-04,114365.44000000,115639.55000000,114150.00000000,115193.99000000,3.21203000
2025-08-05,115163.87000000,115163.87000000,112600.01000000,114156.30000000,2.68750000
2025-08-06,113950.00000000,115763.60000000,113062.00000000,115104.07000000,4.19983000
2025-08-07,115032.03000000,117493.19000000,114201.86000000,117349.96000000,2.85377000
2025-08-08,117349.96000000,117574.21000000,115900.01000000,116889.97000000,2.02929000
2025-08-09,116756.05000000,117290.00000000,116290.56000000,116631.59000000,1.19426000
2025-08-10,116631.59000000,119300.99000000,116435.00000000,119299.99000000,3.46763000
2025-08-11,119100.00000000,121923.77000000,117872.17000000,118764.07000000,6.09250000
2025-08-12,118356.88000000,120000.02000000,118202.40000000,119747.47000000,22.96584000
2025-08-13,119747.47000000,123386.85000000,118854.13000000,123124.17000000,6.58330000
2025-08-14,123285.77000000,124097.98000000,116000.00000000,118649.70000000,6.67928000
2025-08-15,118144.83000000,119452.83000000,116680.01000000,117142.02000000,9.96865000
2025-08-16,117258.18000000,118000.00000000,117000.08000000,117372.09000000,1.31485000
2025-08-17,117336.36000000,118499.94000000,117001.00000000,117269.00000000,2.71392000
2025-08-18,117686.79000000,120707.00000000,115000.00000000,116258.30000000,3.32796000
2025-08-19,116597.58000000,117364.15000000,113000.00000000,113157.66000000,4.73944000
2025-08-20,113113.00000000,114600.00000000,112000.00000000,114481.65000000,3.60823000
2025-08-21,113951.18000000,114750.00000000,112125.00000000,112399.95000000,2.74337000
2025-08-22,112369.12000000,117249.75000000,111800.00000000,116448.73000000,5.81452000
2025-08-23,116448.73000000,117421.00000000,114656.33000000,115506.68000000,12.46142000
2025-08-24,115506.67000000,115695.45000000,111071.79000000,113407.16000000,11.36812000
2025-08-25,113206.91000000,113646.10000000,109341.28000000,110242.18000000,6.22427000
2025-08-26,110065.30000000,112441.43000000,108700.65000000,111981.06000000,3.63759000
2025-08-27,111680.62000000,112528.68000000,110000.01000000,111439.94000000,3.42738000
2025-08-28,111426.43000000,113399.16000000,110800.01000000,112600.00000000,1.86921000
2025-08-29,112599.99000000,112599.99000000,107563.85000000,108475.00000000,4.06477000
2025-08-30,108300.00000000,108854.92000000,107500.00000000,108687.49000000,4.78316000
2025-08-31,108687.50000000,109387.60000000,108111.01000000,108111.01000000,0.93286000
2025-09-01,108139.01000000,109782.88000000,107357.78000000,109387.61000000,1.83717000
2025-09-02,109335.42000000,111770.80000000,108522.16000000,111061.16000000,1.74567000
2025-09-03,111277.90000000,112499.97000000,110500.00000000,111659.04000000,1.28900000
2025-09-04,111659.04000000,112214.80000000,109400.00000000,110550.00000000,3.30617000
2025-09-05,110946.15000000,113300.00000000,110215.00000000,110719.28000000,1.49163000
2025-09-06,110524.67000000,111301.93000000,110053.00000000,110406.07000000,0.33764000
2025-09-07,110053.37000000,111570.52000000,110053.37000000,111570.52000000,0.14529000
2025-09-08,111100.00000000,112755.14000000,110650.00000000,112000.00000000,1.83928000
2025-09-09,112000.00000000,113042.51000000,110800.00000000,111742.18000000,2.29569000
2025-09-10,111325.00000000,113992.63000000,110820.00000000,113670.23000000,3.35863000
2025-09-11,113670.24000000,115392.24000000,113028.00000000,115365.52000000,10.48069000
2025-09-12,115392.24000000,116360.00000000,114499.99000000,116099.97000000,4.18906000
2025-09-13,116099.97000000,116121.61000000,115108.71000000,115649.31000000,3.17582000
2025-09-14,115784.98000000,115867.55000000,115000.00000000,115240.31000000,2.67217000
2025-09-15,115220.31000000,116284.61000000,114179.01000000,115282.42000000,5.45472000
2025-09-16,115315.42000000,116759.19000000,114698.38000000,116759.19000000,5.40556000
2025-09-17,116759.19000000,116900.00000000,114750.00000000,116039.22000000,11.93226000
2025-09-18,116070.13000000,117475.00000000,115791.55000000,116953.51000000,5.46803000
2025-09-19,116989.06000000,117280.58000000,115210.40000000,115487.51000000,3.57408000
2025-09-20,115432.51000000,116092.31000000,115432.51000000,115724.53000000,1.17853000
2025-09-21,115779.53000000,115796.42000000,115248.76000000,115269.62000000,1.34719000
2025-09-22,115302.06000000,115302.62000000,111926.48000000,112725.00000000,5.29620000
2025-09-23,112751.18000000,113111.00000000,111021.00000000,111939.89000000,6.91921000
2025-09-24,111939.91000000,113851.94000000,111075.01000000,113290.71000000,2.62032000
2025-09-25,113213.71000000,113450.00000000,108700.00000000,108868.61000000,21.44594000
2025-09-26,109115.29000000,110067.64000000,108680.01000000,109699.98000000,9.18367000
2025-09-27,109699.96000000,109748.62000000,109184.15000000,109738.03000000,1.50116000
2025-09-28,109745.66000000,112245.58000000,109325.90000000,112118.89000000,3.06009000
2025-09-29,112100.10000000,114354.84000000,111646.57000000,114351.38000000,3.72561000
2025-09-30,114351.39000000,114867.00000000,112860.39000000,114001.26000000,14.26938000
2025-10-01,113967.94000000,118450.00000000,113911.63000000,118450.00000000,18.39069000
2025-10-02,118450.00000000,120800.00000000,118000.00000000,120228.01000000,29.74794000
2025-10-03,120225.20000000,123400.03000000,119225.00000000,122052.61000000,13.30687000
2025-10-04,122040.40000000,122450.00000000,121586.76000000,122155.00000000,2.48570000
2025-10-05,122200.00000000,125000.00000000,121935.00000000,123364.52000000,8.10969000
2025-10-06,123358.20000000,125472.00000000,122468.10000000,124208.17000000,10.72674000
2025-10-07,124239.86000000,124400.00000000,120628.50000000,121278.42000000,7.49646000
2025-10-08,121278.54000000,123904.04000000,121066.67000000,123227.00000000,4.15666000
2025-10-09,123227.00000000,123500.00000000,119600.00000000,121393.75000000,5.35664000
2025-10-10,121429.77000000,122318.74000000,110000.00000000,113982.54000000,20.29039000
2025-10-11,113982.54000000,114781.44000000,111000.00000000,112249.00000000,10.78399000
2025-10-12,112249.00000000,118450.00000000,111700.00000000,115456.37000000,7.77736000
2025-10-13,115301.37000000,116000.00000000,113955.47000000,115148.42000000,21.76400000
2025-10-14,115173.29000000,115495.76000000,110013.13000000,113152.04000000,11.37952000
2025-10-15,113081.45000000,113492.00000000,110200.21000000,111043.89000000,19.15976000
2025-10-16,111043.89000000,111906.27000000,107500.55000000,108158.30000000,17.55381000
2025-10-17,108158.30000000,109282.00000000,103900.00000000,106699.51000000,17.10241000
2025-10-18,106589.34000000,108000.00000000,106500.00000000,107299.39000000,3.28426000
2025-10-19,107299.49000000,110000.00000000,106000.00000000,109051.36000000,11.56668000
2025-10-20,109000.01000000,111847.82000000,107915.38000000,110810.56000000,5.72718000
2025-10-21,110877.31000000,113950.10000000,107591.25000000,108546.98000000,9.54786000
2025-10-22,108500.00000000,109653.09000000,106850.00000000,107901.60000000,18.71143000
2025-10-23,107901.59000000,111246.36000000,107498.79000000,109989.90000000,11.58388000
2025-10-24,109967.81000000,111978.17000000,109745.51000000,110998.05000000,12.11757000
2025-10-25,111107.41000000,112000.00000000,110400.00000000,111690.95000000,9.74756000
2025-10-26,111690.95000000,115369.10000000,111256.37000000,114560.77000000,13.59721000
2025-10-27,114625.59000000,116270.96000000,113877.10000000,114172.25000000,6.55953000
2025-10-28,114172.22000000,115981.90000000,112334.71000000,113000.00000000,8.57512000
2025-10-29,113000.00000000,113724.18000000,109579.44000000,110204.40000000,11.40659000
2025-10-30,110204.03000000,111583.20000000,106220.01000000,108252.00000000,16.35739000
2025-10-31,108273.40000000,111061.28000000,108273.40000000,109483.25000000,8.22653000
2025-11-01,109661.64000000,110465.39000000,109359.30000000,110081.84000000,2.15442000
2025-11-02,110082.82000000,111174.15000000,109512.31000000,110640.42000000,3.69300000
2025-11-03,110577.51000000,110754.88000000,105499.99000000,106624.49000000,18.75601000
2025-11-04,106580.80000000,107220.15000000,99030.31000000,101429.63000000,47.22914000
2025-11-05,101413.20000000,104887.99000000,99000.01000000,104120.66000000,15.88636000
2025-11-06,104120.66000000,104211.14000000,100639.06000000,101265.46000000,11.13124000
2025-11-07,101415.08000000,104057.95000000,99370.74000000,103388.63000000,16.38466000
2025-11-08,103378.63000000,103454.64000000,101603.87000000,102366.90000000,3.54374000
2025-11-09,102334.90000000,105500.00000000,101656.66000000,104884.39000000,6.52505000
2025-11-10,104912.59000000,106836.63000000,104554.26000000,106127.47000000,11.98088000
2025-11-11,106073.89000000,107564.17000000,102751.00000000,103303.84000000,10.84521000
2025-11-12,103303.84000000,105436.54000000,100990.38000000,101560.14000000,5.83174000
2025-11-13,101720.88000000,104194.93000000,98000.02000000,99841.15000000,29.13421000
2025-11-14,99519.23000000,99778.02000000,94100.00000000,94441.66000000,35.11917000
2025-11-15,94787.05000000,96699.13000000,94709.00000000,95567.46000000,4.11372000
2025-11-16,95560.13000000,96536.69000000,92929.77000000,94214.89000000,14.04679000
2025-11-17,94298.00000000,95872.99000000,91332.30000000,92096.88000000,26.79993000
2025-11-18,92096.88000000,93728.00000000,89300.00000000,92877.70000000,36.13837000
2025-11-19,92877.70000000,92888.34000000,88600.00000000,91500.00000000,21.64637000
2025-11-20,91500.00000000,93100.00000000,86163.21000000,86585.52000000,34.40866000
2025-11-21,86577.23000000,87429.39000000,80721.30000000,85098.99000000,71.26777000
2025-11-22,85133.16000000,85500.00000000,83452.19000000,84718.18000000,13.03141000
2025-11-23,84743.68000000,88190.00000000,84647.91000000,86915.07000000,14.53918000
2025-11-24,86953.82000000,89221.15000000,85298.09000000,88338.75000000,20.85332000
2025-11-25,88383.95000000,88532.77000000,86119.04000000,87369.80000000,9.62348000
2025-11-26,87369.80000000,90584.30000000,86342.67000000,90556.40000000,14.10732000
2025-11-27,90556.39000000,91873.95000000,90162.78000000,91395.44000000,9.40528000
2025-11-28,91305.46000000,93055.86000000,90230.78000000,90957.55000000,14.91794000
2025-11-29,90931.92000000,91130.00000000,90245.73000000,90864.60000000,10.13517000
2025-11-30,90820.60000000,91991.78000000,90460.08000000,90460.08000000,10.91095000
2025-12-01,90463.02000000,90463.02000000,83804.18000000,86299.31000000,34.71934000
2025-12-02,86371.83000000,92163.31000000,86278.86000000,91261.51000000,19.09587000
2025-12-03,91218.86000000,94111.00000000,90940.40000000,93550.53000000,20.88281000
2025-12-04,93550.44000000,94111.00000000,91000.00000000,92158.75000000,10.87986000
2025-12-05,92200.00000000,92678.02000000,88302.42000000,89421.67000000,11.49296000
2025-12-06,89462.77000000,90309.64000000,89025.54000000,89263.76000000,2.68105000
2025-12-07,89269.49000000,91759.69000000,87860.90000000,90460.08000000,5.88333000
2025-12-08,90451.95000000,92319.76000000,89711.54000000,90850.07000000,8.55667000
2025-12-09,90735.29000000,94444.61000000,89671.09000000,92588.19000000,13.63782000
2025-12-10,92586.71000000,94400.00000000,91400.00000000,92028.70000000,13.02405000
2025-12-11,92020.50000000,94040.25000000,89342.01000000,92520.51000000,15.03464000
2025-12-12,92562.14000000,92752.31000000,89568.71000000,90340.00000000,11.43715000
2025-12-13,90428.48000000,90609.47000000,89920.50000000,90301.13000000,2.10975000
2025-12-14,90326.04000000,90499.00000000,87774.89000000,88343.63000000,4.76189000
2025-12-15,88399.33000000,90055.61000000,85368.99000000,86601.22000000,15.22743000
2025-12-16,86504.08000000,88000.00000000,85399.00000000,87872.97000000,7.26796000
2025-12-17,87810.35000000,90149.38000000,85238.15000000,86163.70000000,16.77980000
2025-12-18,86156.97000000,89781.07000000,84652.00000000,85474.35000000,10.40421000
2025-12-19,85505.14000000,89200.00000000,85225.00000000,88195.62000000,9.66873000
2025-12-20,88100.00000000,88523.75000000,87942.16000000,88436.97000000,1.04483000
2025-12-21,88437.98000000,88945.30000000,87640.71000000,88621.79000000,2.46838000
2025-12-22,88621.79000000,90438.97000000,87925.44000000,88477.95000000,6.32063000
2025-12-23,88477.95000000,88962.19000000,86654.71000000,87339.21000000,5.43388000
2025-12-24,87500.00000000,88760.09000000,86500.00000000,87596.01000000,3.97664000
2025-12-25,87596.01000000,88520.14000000,86951.50000000,87148.70000000,3.38086000
2025-12-26,87170.88000000,89439.91000000,86704.91000000,87362.94000000,5.52118000
2025-12-27,87310.76000000,87955.78000000,87301.00000000,87885.41000000,1.18117000
2025-12-28,87850.00000000,87992.32000000,87410.02000000,87854.21000000,3.08132000
2025-12-29,87878.05000000,90240.21000000,86912.37000000,87150.00000000,11.00399000
2025-12-30,87300.00000000,89100.00000000,86824.95000000,88402.19000000,4.58106000
2025-12-31,88402.19000000,89000.00000000,87100.00000000,87240.56000000,12.56386000
2026-01-01,87240.55000000,88686.58000000,86989.04000000,88644.03000000,4.94080000
2026-01-02,88643.75000000,90912.92000000,87230.00000000,89901.05000000,29.29123000
2026-01-03,89953.13000000,90341.78000000,89000.00000000,90310.29000000,12.94061000
2026-01-04,90341.83000000,91436.35000000,90341.83000000,91119.35000000,3.78811000
2026-01-05,91351.10000000,94604.57000000,91351.10000000,93705.00000000,36.62499000
2026-01-06,93772.65000000,94261.70000000,91174.45000000,93538.09000000,9.95414000
2026-01-07,93538.10000000,93538.10000000,90682.64000000,91201.29000000,13.71818000
2026-01-08,91236.51000000,91444.53000000,89224.72000000,91017.12000000,8.74588000
2026-01-09,91031.90000000,91840.91000000,89750.04000000,90500.00000000,6.46357000
2026-01-10,90500.00000000,90804.24000000,90331.77000000,90498.49000000,1.08639000
2026-01-11,90498.49000000,91177.25000000,90340.60000000,90906.02000000,3.19055000
2026-01-12,90969.78000000,92368.84000000,90098.10000000,91200.00000000,5.97275000
2026-01-13,91200.00000000,95600.05000000,91000.00000000,95152.57000000,18.40956000
2026-01-14,95135.24000000,97918.32000000,94250.00000000,97000.00000000,14.35763000
2026-01-15,96848.69000000,97185.79000000,94988.60000000,95516.05000000,14.88240000
2026-01-16,95665.90000000,95800.00000000,94330.00000000,95485.05000000,3.97289000
2026-01-17,95523.27000000,95563.68000000,94969.39000000,95054.64000000,2.26016000
2026-01-18,95038.86000000,95445.42000000,93556.07000000,93619.68000000,6.58659000
2026-01-19,93619.05000000,93619.05000000,91863.36000000,92546.53000000,18.42151000
2026-01-20,92705.00000000,92807.57000000,87839.05000000,88412.05000000,52.37875000
2026-01-21,88387.00000000,90470.83000000,87200.00000000,89334.59000000,59.35589000
2026-01-22,89334.06000000,90256.56000000,88440.74000000,89448.05000000,18.87620000
2026-01-23,89440.00000000,91109.82000000,88466.22000000,89483.04000000,19.44111000
2026-01-24,89423.98000000,89797.46000000,89050.00000000,89137.06000000,3.13533000
2026-01-25,89137.06000000,89176.01000000,86007.17000000,86622.05000000,23.42658000
2026-01-26,86622.05000000,88780.70000000,86450.00000000,88280.05000000,18.48380000
2026-01-27,88303.64000000,89410.04000000,87187.05000000,89133.05000000,20.31722000
2026-01-28,89133.05000000,90469.40000000,88744.31000000,89153.05000000,19.59118000
2026-01-29,89148.66000000,89148.66000000,83272.01000000,84570.00000000,31.95113000
2026-01-30,84608.80000000,84625.13000000,81050.00000000,84150.68000000,40.87984000
2026-01-31,84150.06000000,84150.06000000,75688.00000000,78670.17000000,48.22803000
2026-02-01,78665.85000000,79339.74000000,75668.74000000,76985.05000000,52.01067000
2026-02-02,77017.19000000,79310.57000000,74577.05000000,78762.05000000,78.83443000
2026-02-03,78712.30000000,79127.14000000,72938.00000000,75673.33000000,24.32075000
2026-02-04,75671.46000000,76911.49000000,71750.00000000,73000.00000000,25.23753000
2026-02-05,72956.90000000,73121.51000000,62200.00000000,62728.19000000,56.67051000
2026-02-06,62809.99000000,71546.48000000,60050.00000000,70453.03000000,39.82995000
2026-02-07,70452.46000000,71492.36000000,67214.83000000,69192.45000000,13.19722000
2026-02-08,69138.45000000,72141.39000000,68832.45000000,70512.00000000,5.29930000
2026-02-09,70194.80000000,71284.19000000,68200.00000000,70038.45000000,12.19101000
2026-02-10,69884.62000000,70356.64000000,67842.45000000,68723.23000000,5.80598000
2026-02-11,68723.23000000,69159.00000000,65700.00000000,66988.58000000,15.56194000
2026-02-12,66925.35000000,68280.69000000,65013.93000000,66179.58000000,11.68946000
2026-02-13,66140.80000000,69300.28000000,65758.81000000,68757.94000000,15.35981000
2026-02-14,68749.30000000,70370.56000000,68639.60000000,69766.41000000,7.96486000
2026-02-15,69732.59000000,70853.35000000,68000.00000000,68704.98000000,10.24010000
2026-02-16,68700.82000000,69986.96000000,67241.71000000,68842.50000000,5.69915000
2026-02-17,68828.75000000,69103.33000000,66564.32000000,67441.47000000,10.54343000
2026-02-18,67419.98000000,68388.68000000,65870.00000000,66414.00000000,15.23095000
2026-02-19,66396.60000000,67246.54000000,65626.55000000,66944.69000000,17.53101000
2026-02-20,66911.70000000,68273.26000000,65000.00000000,67927.09000000,51.08790000
2026-02-21,67927.09000000,68625.52000000,67485.40000000,67873.11000000,14.65806000
2026-02-22,67851.45000000,68160.00000000,67078.60000000,67545.10000000,8.68463000
2026-02-23,67579.83000000,67579.83000000,63885.36000000,64622.79000000,45.17041000
2026-02-24,64660.29000000,64963.78000000,62500.01000000,64007.19000000,38.40142000
2026-02-25,64039.43000000,70000.00000000,63918.50000000,67902.52000000,60.90648000
2026-02-26,67821.91000000,68763.22000000,66490.98000000,67449.15000000,30.35752000
2026-02-27,67437.83000000,68215.41000000,64953.45000000,65901.89000000,21.02799000
2026-02-28,65869.84000000,67700.00000000,63075.00000000,66980.30000000,26.51547000
2026-03-01,66980.30000000,68210.29000000,65051.69000000,65767.50000000,28.90332000
2026-03-02,65785.21000000,70072.13000000,65258.94000000,68762.33000000,26.88877000
2026-03-03,68799.32000000,69232.78000000,66166.90000000,68268.22000000,19.34822000
2026-03-04,68297.92000000,74051.44000000,67413.45000000,72760.63000000,41.58372000
2026-03-05,72684.70000000,73562.12000000,70681.50000000,70874.10000000,12.64440000
2026-03-06,70866.45000000,71418.03000000,67770.45000000,68150.14000000,22.23609000
2026-03-07,68127.20000000,68540.01000000,66989.00000000,67285.51000000,8.14000000
2026-03-08,67247.51000000,68189.12000000,65641.14000000,65964.01000000,10.31877000
2026-03-09,66005.50000000,69500.00000000,65871.43000000,68405.00000000,12.40236000
2026-03-10,68439.28000000,71776.32000000,68439.28000000,69814.67000000,20.44459000
2026-03-11,69790.80000000,70939.02000000,68895.45000000,70150.00000000,20.19300000
2026-03-12,70177.32000000,70774.79000000,69150.00000000,70615.66000000,6.16842000
2026-03-13,70462.20000000,73862.95000000,70462.20000000,70929.47000000,23.42175000
2026-03-14,70929.47000000,71289.48000000,70361.45000000,71244.33000000,5.73626000
2026-03-15,71213.39000000,73200.00000000,70900.00000000,72815.50000000,8.94311000
2026-03-16,72815.50000000,74898.79000000,72329.97000000,74824.75000000,9.70607000
2026-03-17,74851.35000000,76070.02000000,73447.59000000,73972.98000000,44.80795000
2026-03-18,73978.20000000,74687.89000000,70521.39000000,71250.33000000,39.04737000
2026-03-19,71250.24000000,71593.63000000,68800.00000000,69987.08000000,17.20210000
2026-03-20,69905.00000000,71284.19000000,69451.99000000,70505.25000000,8.05196000
2026-03-21,70527.86000000,71085.91000000,68600.67000000,68721.15000000,3.84029000
2026-03-22,68903.50000000,69575.10000000,67404.24000000,67866.69000000,6.91032000
2026-03-23,67861.00000000,71800.00000000,67500.00000000,70953.95000000,14.44231000
2026-03-24,70958.97000000,71315.19000000,68959.80000000,70565.25000000,12.07122000
2026-03-25,70507.11000000,71924.58000000,70400.25000000,71267.83000000,9.95304000
2026-03-26,71259.69000000,71336.78000000,68119.38000000,68776.47000000,6.34726000
2026-03-27,68775.25000000,69087.37000000,65555.00000000,66380.89000000,15.21275000
2026-03-28,66380.25000000,67225.51000000,65900.00000000,66327.39000000,5.15803000
2026-03-29,66440.45000000,67001.33000000,65025.00000000,66033.42000000,6.95493000
2026-03-30,66016.03000000,68099.19000000,65845.42000000,66680.49000000,11.29100000
2026-03-31,66680.50000000,68484.13000000,65955.25000000,68227.07000000,9.30031000
2026-04-01,68227.07000000,69231.42000000,67547.62000000,68095.25000000,9.27169000
2026-04-02,68090.00000000,68603.73000000,65770.25000000,66920.25000000,30.85327000
2026-04-03,66832.02000000,67348.40000000,66328.73000000,66900.00000000,27.40672000
2026-04-04,66948.29000000,67524.11000000,66696.03000000,67289.26000000,6.12969000
2026-04-05,67287.56000000,69115.92000000,66629.00000000,69001.00000000,2.89305000
2026-04-06,69001.00000000,70326.83000000,68469.52000000,68907.87000000,40.00294000
2026-04-07,68908.00000000,72736.56000000,67800.00000000,71985.81000000,29.40444000
2026-04-08,71925.86000000,72800.00000000,70702.87000000,71157.62000000,13.05020000
2026-04-09,71008.20000000,73108.09000000,70482.75000000,71765.85000000,5.69049000
2026-04-10,71805.97000000,73419.35000000,71468.13000000,72962.59000000,10.96410000
2026-04-11,72980.29000000,73797.46000000,72561.19000000,73040.76000000,5.99002000
2026-04-12,73040.25000000,73158.28000000,70600.25000000,70744.26000000,8.24992000
2026-04-13,70740.25000000,74904.11000000,69500.00000000,74428.50000000,25.44689000
2026-04-14,74455.45000000,76059.42000000,73872.46000000,74081.90000000,14.62345000
2026-04-15,74270.89000000,75421.78000000,73574.39000000,74816.40000000,7.20809000
2026-04-16,74837.90000000,75536.52000000,73343.38000000,75093.46000000,12.08953000
2026-04-17,75168.22000000,78305.12000000,74561.72000000,77127.69000000,24.95442000
2026-04-18,77100.00000000,77415.28000000,75388.81000000,75750.00000000,6.08723000
2026-04-19,75730.32000000,76251.20000000,73816.48000000,73852.50000000,18.13811000
2026-04-20,73814.98000000,76556.38000000,73800.84000000,75900.00000000,8.52049000
2026-04-21,75857.71000000,76884.77000000,74882.08000000,76350.73000000,8.51336000
2026-04-22,76367.68000000,79464.21000000,76093.99000000,78240.25000000,80.47319000
2026-04-23,78269.01000000,78669.00000000,77037.61000000,78281.67000000,17.37166000
2026-04-24,78287.00000000,78555.21000000,77299.46000000,77463.00000000,4.31141000
2026-04-25,77468.83000000,77873.41000000,77192.71000000,77635.27000000,2.03746000
2026-04-26,77635.27000000,78905.50000000,77374.46000000,78652.74000000,8.80428000
2026-04-27,78709.38000000,79472.37000000,76500.00000000,77385.20000000,17.38004000
2026-04-28,77381.86000000,77478.76000000,75710.53000000,76342.41000000,12.04459000
2026-04-29,76342.41000000,77867.51000000,74952.89000000,75774.17000000,10.92695000
2026-04-30,75804.65000000,76603.70000000,75386.56000000,76341.35000000,4.39803000
2026-05-01,76418.32000000,78908.61000000,76418.32000000,78225.25000000,15.73314000
2026-05-02,78225.25000000,79150.00000000,78070.54000000,78658.87000000,6.93878000
2026-05-03,78732.75000000,79404.70000000,78052.81000000,78580.45000000,7.72001000
2026-05-04,78580.43000000,80728.71000000,78250.00000000,79834.39000000,25.65242000
2026-05-05,79872.63000000,81767.78000000,79811.97000000,80952.18000000,13.76659000
2026-05-06,80937.18000000,82812.95000000,80761.98000000,81435.13000000,44.81738000
2026-05-07,81435.67000000,81694.82000000,79501.03000000,80024.51000000,13.51764000
2026-05-08,80009.57000000,80459.08000000,79228.35000000,80213.73000000,6.75795000
2026-05-09,80204.14000000,81079.94000000,80163.45000000,80708.25000000,4.55289000
2026-05-10,80651.39000000,82415.16000000,80337.76000000,82132.66000000,8.01434000
2026-05-11,82247.13000000,82266.20000000,80500.00000000,81733.94000000,9.53518000
2026-05-12,81733.87000000,81781.96000000,79500.00000000,80517.52000000,12.75564000
2026-05-13,80514.91000000,81282.04000000,78761.54000000,79263.99000000,47.82808000
2026-05-14,79317.82000000,82000.00000000,78932.79000000,81080.15000000,14.34989000
2026-05-15,81148.84000000,81618.95000000,78656.31000000,79084.77000000,13.19211000
2026-05-16,79072.00000000,79184.14000000,77654.32000000,78100.00000000,9.86489000
2026-05-17,78177.66000000,78544.33000000,76696.84000000,77472.39000000,7.48013000
2026-05-18,77420.24000000,77743.14000000,76034.88000000,76904.72000000,12.66706000
2026-05-19,76975.78000000,77334.21000000,76100.01000000,76913.24000000,3.42922000
2026-05-20,76775.36000000,77767.71000000,76447.87000000,77488.92000000,6.78555000
2026-05-21,77492.35000000,78101.27000000,76649.56000000,77553.30000000,11.31124000
2026-05-22,77500.00000000,77811.58000000,75319.52000000,75495.11000000,7.01796000
2026-05-23,75453.50000000,77274.05000000,74220.97000000,76691.36000000,10.28410000
2026-05-24,76674.69000000,77384.64000000,76027.74000000,76984.75000000,8.68954000
2026-05-25,77029.47000000,77824.97000000,76933.59000000,77279.40000000,5.37491000
2026-05-26,77265.22000000,77997.13000000,75590.95000000,75848.09000000,11.92681000
2026-05-27,75874.36000000,76027.97000000,74161.04000000,74351.85000000,6.09825000
2026-05-28,74351.11000000,74471.23000000,72551.72000000,73567.81000000,15.77132000
2026-05-29,73567.81000000,74245.01000000,72460.26000000,73392.25000000,7.61989000
2026-05-30,73391.00000000,74028.42000000,73179.72000000,73717.52000000,3.80242000
2026-05-31,73776.00000000,74182.81000000,73371.25000000,73601.10000000,5.54786000
2026-06-01,73601.84000000,73952.98000000,70606.23000000,71311.29000000,15.53153000
2026-06-02,71260.48000000,71282.04000000,66153.86000000,66693.26000000,45.68337000
2026-06-03,66779.18000000,67409.07000000,64039.40000000,64039.40000000,44.89569000
2026-06-04,64319.89000000,64689.99000000,61400.00000000,63784.62000000,57.96591000
2026-06-05,63730.52000000,63902.97000000,59151.00000000,60999.45000000,59.94676000
2026-06-06,61162.77000000,61456.87000000,59557.02000000,60900.91000000,14.13480000
2026-06-07,60877.23000000,64129.65000000,60776.76000000,63295.54000000,11.83563000
2026-06-08,63282.60000000,64195.09000000,62443.78000000,63071.67000000,13.41216000
2026-06-09,63092.76000000,63494.24000000,60816.26000000,61599.60000000,18.76481000
2026-06-10,61767.61000000,62775.97000000,60800.00000000,61491.63000000,10.55994000
2026-06-11,61543.80000000,63853.69000000,61536.20000000,63576.54000000,18.88430000
2026-06-12,63522.98000000,64327.37000000,62850.76000000,63552.54000000,9.83271000
2026-06-13,63553.25000000,64707.68000000,63437.31000000,64404.52000000,5.80526000
2026-06-14,64389.80000000,65827.72000000,63667.10000000,65730.17000000,9.74996000
2026-06-15,65730.17000000,67259.36000000,65326.46000000,66314.97000000,25.15143000
2026-06-16,66276.80000000,66945.04000000,65353.84000000,65597.92000000,13.43063000
2026-06-17,65678.10000000,66384.31000000,63914.66000000,64441.22000000,18.09944000
2026-06-18,64476.37000000,64744.74000000,62208.10000000,62913.19000000,15.56898000
2026-06-19,62905.83000000,63606.27000000,62292.83000000,63512.07000000,10.66204000
2026-06-20,63513.21000000,64289.06000000,63183.84000000,64256.18000000,4.91696000
2026-06-21,64250.00000000,64512.01000000,63245.43000000,63267.27000000,5.67635000
2026-06-22,63314.17000000,65545.31000000,63314.17000000,63927.94000000,22.79377000
2026-06-23,63915.41000000,64211.66000000,61929.62000000,62662.47000000,8.85970000
2026-06-24,62718.98000000,63117.24000000,59100.00000000,61020.27000000,23.09493000
2026-06-25,60999.27000000,61863.27000000,58100.00000000,59738.15000000,29.63306000
2026-06-26,59738.15000000,60641.68000000,58305.92000000,60029.29000000,27.90957000
2026-06-27,60016.31000000,60842.17000000,59812.68000000,59991.91000000,9.45406000
2026-06-28,59980.02000000,60476.39000000,58883.93000000,59577.84000000,17.24654000
2026-06-29,59520.50000000,60709.37000000,58872.29000000,60217.64000000,16.02516000
2026-06-30,60161.87000000,60204.60000000,58125.01000000,58559.00000000,12.85784000
2026-07-01,58565.65000000,61276.70000000,57772.68000000,59967.19000000,18.71501000
2026-07-02,59972.17000000,62130.19000000,59586.71000000,61509.75000000,21.73615000
2026-07-03,61446.53000000,62866.41000000,61206.00000000,62566.26000000,7.72829000
2026-07-04,62558.85000000,63405.60000000,62350.00000000,63125.48000000,4.62092000
2026-07-05,63100.00000000,63944.99000000,62426.38000000,63562.59000000,7.63578000
2026-07-06,63589.44000000,64625.58000000,61300.00000000,64000.02000000,19.79918000
2026-07-07,64009.97000000,64250.30000000,62650.01000000,63312.60000000,10.79598000
2026-07-08,63353.39000000,63707.04000000,61477.32000000,62249.08000000,11.26555000
2026-07-09,62259.76000000,63446.54000000,61675.00000000,63185.65000000,12.22532000
2026-07-10,63174.79000000,64656.75000000,62901.00000000,64092.52000000,16.60740000
2026-07-11,64113.53000000,64466.27000000,63800.00000000,63800.00000000,5.53183000
2026-07-12,63800.00000000,64232.39000000,63641.67000000,63769.56000000,2.47023000
2026-07-13,63839.69000000,64365.93000000,61800.00000000,62269.89000000,27.48430000
2026-07-14,62285.50000000,65050.75000000,62229.65000000,64988.01000000,16.18803000
2026-07-15,64999.00000000,65521.50000000,64457.34000000,64768.71000000,9.87781000
2026-07-16,64793.62000000,64944.94000000,63711.34000000,63804.61000000,10.16009000
2026-07-17,63793.19000000,64347.52000000,62500.01000000,63920.94000000,9.22283000
2026-07-18,63928.16000000,64841.32000000,63869.24000000,64795.71000000,5.86863000
2026-07-19,64805.00000000,64914.28000000,64269.31000000,64669.25000000,7.32469000
2026-07-20,64649.00000000,65738.54000000,63714.97000000,65216.79000000,15.54474000
2026-07-21,65195.75000000,66909.86000000,65122.86000000,66506.76000000,10.95128000
2026-07-22,66530.74000000,66692.35000000,65517.86000000,66067.78000000,10.57004000
2026-07-23,66069.16000000,66275.35000000,64590.30000000,64995.26000000,9.85945000
2026-07-24,65037.91000000,65748.88000000,63686.99000000,64104.81000000,9.84444000
2026-07-25,64098.16000000,64388.18000000,63775.83000000,64309.07000000,1.97484000
2026-07-26,64324.58000000,65475.91000000,64247.74000000,65347.07000000,3.78836000
2026-07-27,65320.04000000,65666.32000000,63559.96000000,63710.46000000,13.40703000
2026-07-28,63727.41000000,64036.66000000,62685.23000000,63862.58000000,10.62308000
2026-07-29,63892.59000000,64660.13000000,63217.87000000,63910.78000000,11.29923000
2026-07-30,63941.12000000,65093.03000000,63538.34000000,64732.12000000,8.69305000
2026-07-31,64743.62000000,65353.16000000,62417.58000000,62824.12000000,19.71537000
2026-08-01,62834.07000000,63089.47000000,62232.74000000,62769.16000000,8.85115000
2026-08-02,62790.34000000,63721.19000000,62763.44000000,63446.84000000,8.22586000
2026-08-03,63506.29000000,64015.00000000,62236.70000000,63468.64000000,13.82650000
2026-08-04,63452.25000000,64483.07000000,63272.85000000,64052.00000000,12.76897000
2026-08-05,64030.82000000,64949.75000000,63843.31000000,64587.91000000,12.64665000
2026-08-06,64566.19000000,64939.81000000,64122.72000000,64206.96000000,10.91795000
2026-08-07,64276.54000000,65344.82000000,64116.04000000,64889.52000000,20.73719000
2026-08-08,64893.30000000,65147.01000000,64840.40000000,64919.95000000,7.86024000
2026-08-09,64911.85000000,65388.75000000,64689.97000000,64839.83000000,7.40174000
2026-08-10,64829.66000000,65343.70000000,63768.01000000,63911.15000000,12.17562000
2026-08-11,63889.57000000,64453.65000000,63194.68000000,63595.11000000,5.72932000
2026-08-12,63538.62000000,64394.49000000,63264.15000000,63399.79000000,12.78150000
2026-08-13,63425.54000000,63950.51000000,62788.84000000,63395.77000000,6.68962000
2026-08-14,63430.99000000,63563.02000000,62500.00000000,63000.00000000,15.64988000
2026-08-15,62976.38000000,63123.32000000,62860.35000000,63024.63000000,5.49843000
2026-08-16,63021.22000000,63307.40000000,62674.43000000,62830.10000000,6.23619000
2026-08-17,62850.79000000,64551.79000000,62730.00000000,64504.60000000,14.62937000
2026-08-18,64488.06000000,64986.36000000,64000.00000000,64687.15000000,8.29422000
2026-08-19,64692.85000000,69991.49000000,64115.41000000,69291.63000000,39.96399000
2026-08-20,69314.38000000,73347.24000000,68863.24000000,73012.72000000,38.53696000
2026-08-21,73004.15000000,79469.80000000,73004.15000000,78323.91000000,73.66759000
2026-08-22,78279.03000000,78791.06000000,76449.30000000,77051.55000000,20.62451000
2026-08-23,77077.32000000,78023.50000000,75645.33000000,77712.44000000,21.52077000
2026-08-24,77736.70000000,79955.75000000,76674.08000000,78974.80000000,36.36169000
2026-08-25,78984.69000000,81211.14000000,77888.68000000,78500.00000000,34.24862000
2026-08-26,78500.00000000,79230.91000000,77642.32000000,79008.60000000,16.10739000
2026-08-27,79005.77000000,80815.69000000,78600.00000000,80275.58000000,31.81731000
2026-08-28,80249.00000000,81447.58000000,76903.25000000,77839.41000000,41.52309000
2026-08-29,77839.42000000,78322.98000000,77381.88000000,78244.18000000,11.12070000
2026-08-30,78229.27000000,79414.95000000,77036.80000000,77695.01000000,15.98723000
2026-08-31,77695.00000000,79225.71000000,77428.27000000,78553.17000000,11.27505000
2026-09-01,78550.23000000,79175.19000000,76403.25000000,77402.65000000,16.22051000
2026-09-02,77425.36000000,77753.24000000,76289.97000000,77269.74000000,10.32731000
2026-09-03,77262.01000000,82275.56000000,76965.22000000,81279.47000000,28.98906000
2026-09-04,81266.25000000,81421.14000000,78672.71000000,79674.86000000,20.82045000
2026-09-05,79667.55000000,80182.59000000,79480.00000000,79851.86000000,4.48988000
2026-09-06,79839.46000000,80528.13000000,79283.18000000,80335.08000000,6.00243000
2026-09-07,80335.08000000,80399.39000000,78690.57000000,79107.37000000,12.60188000
2026-09-08,79073.75000000,79452.05000000,77633.71000000,78426.84000000,16.91048000
2026-09-09,78448.90000000,79711.80000000,77800.00000000,78249.66000000,10.76692000
2026-09-10,78281.06000000,78515.57000000,76462.99000000,76598.88000000,18.73433000
2026-09-11,76538.60000000,79814.48000000,76074.08000000,77220.68000000,19.21907000
2026-09-12,77211.93000000,77482.12000000,77084.29000000,77284.25000000,4.57894000
2026-09-13,77271.35000000,77409.00000000,76543.21000000,76841.54000000,5.03532000
2026-09-14,76823.12000000,79575.15000000,76403.82000000,78294.27000000,18.65706000
