date,open,high,low,close,volume
2010-06-09,25.12,25.25,25.12,25.15,1700.0
2010-06-10,25.46,25.46,25.46,25.46,200.0
2010-06-11,25.88,25.88,25.79,25.79,500.0
2010-06-14,25.99,26.11,25.99,26.11,2200.0
2010-06-15,26.24,26.24,25.97,25.97,7000.0
2010-06-16,26.26,26.44,26.2,26.32,2400.0
2010-06-17,26.2,26.2,25.82,26.08,1600.0
2010-06-18,26.22,26.6,26.22,26.39,3100.0
2010-06-21,26.35,26.35,25.7,25.98,9500.0
2010-06-22,25.9,25.9,25.66,25.69,28700.0
2010-06-23,25.54,25.54,25.54,25.54,5900.0
2010-06-24,25.3,25.51,25.29,25.29,6100.0
2010-06-25,25.35,25.35,24.89,24.89,9400.0
2010-06-28,24.61,24.61,24.51,24.51,12100.0
2010-06-29,24.58,24.58,23.98,23.98,8500.0
2010-06-30,24.58,25.94,24.58,25.94,16500.0
2010-07-01,25.77,26.57,25.77,26.51,31100.0
2010-07-02,26.52,26.58,26.17,26.39,6400.0
2010-07-06,26.27,26.53,25.45,26.14,9700.0
2010-07-07,26.15,26.69,26.15,26.69,3300.0
2010-07-08,26.77,27.2,26.66,27.2,142300.0
2010-07-09,27.2,27.2,26.98,27.11,33100.0
2010-07-12,27.040001,27.27,26.76,26.79,20900.0
2010-07-13,26.75,26.96,26.55,26.61,4500.0
2010-07-14,26.8,27.18,26.8,27.15,10400.0
2010-07-15,27.6,27.81,27.34,27.62,5900.0
2010-07-16,27.64,28.12,27.32,27.69,81800.0
2010-07-19,27.34,27.65,26.7,26.93,33500.0
2010-07-20,26.55,26.8,26.54,26.67,17900.0
2010-07-21,26.79,27.040001,26.77,26.94,5100.0
2010-07-22,27.14,27.36,26.77,26.77,27100.0
2010-07-23,26.97,26.97,26.61,26.61,10300.0
2010-07-26,26.5,26.5,25.98,26.25,94300.0
2010-07-27,26.62,26.62,26.049999,26.07,18600.0
2010-07-28,26.42,26.98,26.3,26.91,10000.0
2010-07-29,23.79,27.35,23.79,27.09,7200.0
2010-07-30,27.46,27.74,27.3,27.69,118200.0
2010-08-02,28.11,28.29,27.58,27.61,15500.0
2010-08-03,27.52,27.65,27.32,27.54,3200.0
2010-08-04,27.99,28.31,27.82,28.3,9100.0
2010-08-05,29.48,29.48,28.18,28.18,16000.0
2010-08-06,28.17,28.5,27.85,28.49,14000.0
2010-08-09,28.58,28.85,28.35,28.46,11900.0
2010-08-10,28.15,28.45,27.81,27.81,8500.0
2010-08-11,27.81,28.1,27.62,27.9,30100.0
2010-08-12,28.09,29.059999,28.09,28.75,22000.0
2010-08-13,28.86,28.9,28.72,28.88,14000.0
2010-08-16,28.96,29.18,28.46,28.51,20200.0
2010-08-17,28.56,29.030001,28.56,29.02,7500.0
2010-08-18,28.8,29.09,28.69,29.08,6200.0
2010-08-19,29.14,29.23,28.54,28.7,12000.0
2010-08-20,28.36,29.28,28.36,29.28,5100.0
2010-08-23,29.33,29.33,29.01,29.02,5400.0
2010-08-24,28.5,28.58,28.0,28.17,6500.0
2010-08-25,28.21,28.33,28.11,28.29,4100.0
2010-08-26,28.5,29.049999,28.5,28.93,7700.0
2010-08-27,29.3,29.38,29.14,29.14,7400.0
2010-08-30,29.55,29.69,29.48,29.56,12600.0
2010-08-31,29.49,29.69,29.4,29.47,16400.0
2010-09-01,29.7,30.02,29.5,29.8,25800.0
2010-09-02,29.74,29.89,29.63,29.81,8700.0
2010-09-03,29.92,30.97,29.75,30.97,43800.0
2010-09-07,30.5,30.66,30.12,30.58,35600.0
2010-09-08,30.95,30.95,30.49,30.52,23600.0
2010-09-09,30.3,31.02,30.3,31.02,17800.0
2010-09-10,31.29,31.48,30.5,31.36,26100.0
2010-09-13,31.67,31.67,31.42,31.57,36100.0
2010-09-14,31.41,32.4,31.3,32.36,41000.0
2010-09-15,32.48,32.48,32.13,32.26,17400.0
2010-09-16,32.15,32.43,32.02,32.4,8200.0
2010-09-17,32.85,33.32,32.61,33.12,26900.0
2010-09-20,33.96,33.96,32.77,32.86,54300.0
2010-09-21,32.86,33.26,32.58,32.69,31300.0
2010-09-22,32.95,34.029999,32.63,32.98,39100.0
2010-09-23,32.52,32.73,32.41,32.51,28200.0
2010-09-24,33.07,33.89,32.92,33.71,40200.0
2010-09-27,33.8,33.83,33.23,33.32,22700.0
2010-09-28,33.31,33.31,32.58,32.65,33100.0
2010-09-29,31.85,33.2,31.69,32.99,55700.0
2010-09-30,32.36,32.9,31.58,32.57,119400.0
2010-10-01,32.080002,32.44,30.5,30.67,75600.0
2010-10-04,30.18,31.11,30.01,31.0,83900.0
2010-10-05,31.42,32.17,31.37,32.07,20800.0
2010-10-06,32.11,32.2,31.91,31.91,44300.0
2010-10-07,32.25,32.57,31.98,32.42,31200.0
2010-10-08,34.0,37.23,33.9,37.15,210300.0
2010-10-11,37.25,37.59,35.52,35.63,133000.0
2010-10-12,35.62,36.98,35.52,36.7,105600.0
2010-10-13,37.12,37.12,36.14,36.29,107700.0
2010-10-14,36.54,36.88,36.21,36.28,44800.0
2010-10-15,36.59,36.59,35.89,35.97,47900.0
2010-10-18,36.0099983,37.0,35.57,35.84,78800.0
2010-10-19,35.54,35.73,34.95,35.15,70900.0
2010-10-20,35.64,36.92,35.63,36.86,138700.0
2010-10-21,36.95,37.16,36.07,36.28,98000.0
2010-10-22,36.48,36.66,35.89,35.97,42700.0
2010-10-25,36.66,36.7,36.33,36.55,30400.0
2010-10-26,36.5,37.27,36.28,36.89,89900.0
2010-10-27,36.8,37.2,36.48,37.09,39900.0
2010-10-28,37.41,37.6,37.16,37.35,60500.0
2010-10-29,37.049999,37.49,37.0,37.48,52100.0
2010-11-01,37.75,37.81,37.07,37.25,48000.0
2010-11-02,37.45,37.45,37.0,37.3,25100.0
2010-11-03,37.43,37.58,36.89,37.54,28800.0
2010-11-04,38.0,38.34,37.99,38.25,131000.0
2010-11-05,37.98,38.13,37.78,37.96,43400.0
2010-11-08,37.99,38.22,37.84,37.99,62700.0
2010-11-09,38.76,39.73,37.13,37.14,157700.0
2010-11-10,37.19,37.35,36.9,37.099998,55400.0
2010-11-11,37.080002,37.26,36.25,36.65,56900.0
2010-11-12,36.11,36.11,34.5,34.97,136900.0
2010-11-15,35.17,36.5,35.07,35.73,148400.0
2010-11-16,35.39,35.39,33.75,33.94,123100.0
2010-11-17,33.78,34.45,33.7,34.07,40800.0
2010-11-18,34.75,35.25,34.75,35.0099983,37800.0
2010-11-19,34.71,34.92,33.55,33.9,71400.0
2010-11-22,33.73,33.96,33.15,33.42,38100.0
2010-11-23,33.07,34.21,32.74,34.11,61300.0
2010-11-24,34.64,34.97,34.48,34.93,92500.0
2010-11-26,35.16,35.17,34.59,34.83,32500.0
2010-11-29,35.12,35.25,34.75,35.07,71200.0
2010-11-30,34.9,34.98,34.33,34.51,66000.0
2010-12-01,35.0,35.93,34.63,35.8,48400.0
2010-12-02,35.91,36.0,35.31,35.42,37200.0
2010-12-03,35.73,36.32,35.67,36.29,54500.0
2010-12-06,36.19,36.19,35.67,35.9,43700.0
2010-12-07,36.47,36.47,35.36,35.52,44300.0
2010-12-08,35.28,36.35,35.2,36.25,34200.0
2010-12-09,36.099998,36.45,36.099998,36.34,34600.0
2010-12-10,36.26,36.26,35.79,36.16,44900.0
2010-12-13,36.35,37.0,36.35,36.75,54600.0
2010-12-14,36.94,36.95,36.7,36.76,30900.0
2010-12-15,36.97,37.19,36.33,36.51,53200.0
2010-12-16,36.63,36.83,36.38,36.72,55400.0
2010-12-17,36.88,37.4,36.75,37.24,37500.0
2010-12-20,37.56,37.69,37.35,37.45,33400.0
2010-12-21,37.41,37.73,37.39,37.68,34500.0
2010-12-22,38.0,38.14,37.5,38.040001,101300.0
2010-12-23,38.0,38.28,37.87,38.2,58500.0
2010-12-27,38.23,38.47,38.02,38.32,30000.0
2010-12-28,38.53,38.8,38.46,38.75,28200.0
2010-12-29,39.029999,39.029999,38.53,38.68,37700.0
2010-12-30,38.65,38.65,38.13,38.37,46900.0
2010-12-31,38.59,39.099998,38.58,39.0099983,37300.0
2011-01-03,39.21,39.32,38.38,38.46,78600.0
2011-01-04,38.32,38.49,37.4,37.91,118000.0
2011-01-05,37.74,38.69,37.41,38.51,103500.0
2011-01-06,38.52,38.57,37.75,37.79,60000.0
2011-01-07,37.75,37.98,37.3,37.43,83800.0
2011-01-10,37.6,38.3,37.57,38.040001,69900.0
2011-01-11,38.25,38.36,37.6,37.99,46900.0
2011-01-12,39.040001,39.67,39.0,39.15,211200.0
2011-01-13,39.76,40.16,39.55,40.099998,174500.0
2011-01-14,39.69,40.4,39.5,40.23,154800.0
2011-01-18,40.71,40.83,40.32,40.7,101200.0
2011-01-19,41.29,41.29,39.58,39.61,102200.0
2011-01-20,39.51,40.53,39.09,40.44,71200.0
2011-01-21,40.42,41.11,40.36,40.7,96600.0
2011-01-24,41.23,41.23,40.56,40.8,73800.0
2011-01-25,40.5,40.5,39.9,40.11,58900.0
2011-01-26,40.44,41.099998,40.4,40.95,57400.0
2011-01-27,41.07,41.09,40.35,40.5,68700.0
2011-01-28,40.72,40.92,40.0099983,40.099998,51300.0
2011-01-31,40.46,41.029999,40.41,41.0,57200.0
2011-02-01,41.39,41.59,41.099998,41.46,79800.0
2011-02-02,41.9,41.9,41.26,41.66,124000.0
2011-02-03,41.42,41.8,40.95,41.23,74800.0
2011-02-04,41.36,42.2,41.0,42.15,84200.0
2011-02-07,42.22,42.3,41.63,41.97,65000.0
2011-02-08,41.7,41.99,41.53,41.93,39700.0
2011-02-09,43.080002,43.77,42.59,43.0099983,186400.0
2011-02-10,43.24,43.77,43.049999,43.3,236800.0
2011-02-11,43.18,43.64,42.92,43.64,187800.0
2011-02-14,43.78,43.95,42.8,42.85,156100.0
2011-02-15,43.040001,43.040001,41.7,42.27,120000.0
2011-02-16,42.07,42.32,41.7,42.23,160400.0
2011-02-17,42.65,43.64,42.6,43.63,154500.0
2011-02-18,43.34,43.74,43.0,43.5,123800.0
2011-02-22,42.98,42.98,40.86,41.029999,268000.0
2011-02-23,40.84,42.44,40.67,42.44,165100.0
2011-02-24,42.28,42.31,41.56,41.7,78300.0
2011-02-25,42.060001,43.7,42.060001,43.39,126600.0
2011-02-28,43.39,43.72,43.0,43.71,108400.0
2011-03-01,43.86,43.86,43.34,43.78,75400.0
2011-03-02,44.0,44.28,42.5,43.28,111700.0
2011-03-03,43.55,44.2,43.48,44.18,104900.0
2011-03-04,44.34,44.5,43.45,43.8,142800.0
2011-03-07,43.79,43.82,42.79,43.24,82400.0
2011-03-08,42.98,43.21,42.51,42.85,141700.0
2011-03-09,43.15,43.23,42.11,42.6,75200.0
2011-03-10,41.95,42.28,41.2,41.2,137400.0
2011-03-11,40.13,40.98,40.0,40.5,198000.0
2011-03-14,40.02,40.92,39.84,40.53,87600.0
2011-03-15,39.42,39.57,38.25,38.43,198400.0
2011-03-16,39.07,39.69,37.75,38.26,148000.0
2011-03-17,38.92,40.6,38.92,40.42,125600.0
2011-03-18,41.74,42.8,40.9,41.87,211400.0
2011-03-21,42.45,42.64,41.33,42.16,127300.0
2011-03-22,41.87,42.2,41.5,42.16,50000.0
2011-03-23,42.2,42.49,41.88,41.96,119500.0
2011-03-24,42.099998,42.94,41.91,42.86,74100.0
2011-03-25,43.49,43.7,42.099998,42.26,123900.0
2011-03-28,42.25,42.49,41.11,41.2,71000.0
2011-03-29,41.18,41.55,40.7,41.35,60600.0
2011-03-30,41.53,41.57,40.75,40.76,52900.0
2011-03-31,42.27,44.3,42.27,44.25,292400.0
2011-04-01,44.46,44.96,43.97,44.36,267200.0
2011-04-04,45.19,45.82,44.86,45.63,167100.0
2011-04-05,45.66,45.96,45.15,45.82,91800.0
2011-04-06,45.98,45.98,45.47,45.81,86300.0
2011-04-07,46.0,46.25,45.099998,45.64,85100.0
2011-04-08,45.79,46.26,45.02,46.22,258100.0
2011-04-11,46.23,48.77,45.86,46.44,353900.0
2011-04-12,46.26,46.26,44.49,45.02,255900.0
2011-04-13,45.56,46.09,44.77,45.48,51000.0
2011-04-14,45.09,45.94,44.9,45.88,59300.0
2011-04-15,45.63,45.75,45.17,45.39,69900.0
2011-04-18,45.57,46.29,45.15,46.27,67000.0
2011-04-19,46.57,46.7,46.18,46.35,105600.0
2011-04-20,47.099998,47.23,44.96,45.28,182900.0
2011-04-21,45.7,45.88,45.040001,45.84,126600.0
2011-04-25,46.68,47.07,46.21,46.91,190300.0
2011-04-26,46.9,47.13,46.49,46.94,157400.0
2011-04-27,46.56,46.61,45.9,46.54,199300.0
2011-04-28,46.49,46.7,44.02,44.44,752300.0
2011-04-29,44.71,46.25,44.52,46.24,337000.0
2011-05-02,46.16,46.53,45.15,45.25,228000.0
2011-05-03,45.41,45.67,44.65,45.02,173000.0
2011-05-04,44.93,45.47,44.41,45.09,179000.0
2011-05-05,44.87,44.87,43.55,43.7,476700.0
2011-05-06,43.5,44.87,42.53,43.099998,229700.0
2011-05-09,43.54,44.5,43.4,44.46,186000.0
2011-05-10,44.58,44.91,43.91,44.19,204400.0
2011-05-11,43.32,43.98,41.82,41.86,287700.0
2011-05-12,41.35,42.9,41.02,42.31,197000.0
2011-05-13,42.57,42.9,42.24,42.36,144200.0
2011-05-16,42.59,43.57,42.59,42.84,141700.0
2011-05-17,43.32,44.15,42.95,44.13,146800.0
2011-05-18,44.35,45.58,44.31,45.58,295600.0
2011-05-19,45.78,45.78,44.57,44.78,211900.0
2011-05-20,44.69,45.4,44.3,45.02,196000.0
2011-05-23,45.11,45.55,44.68,45.19,211900.0
2011-05-24,45.43,45.8,44.39,44.76,173800.0
2011-05-25,44.92,45.28,44.65,45.23,87400.0
2011-05-26,45.53,46.060001,45.53,45.84,141500.0
2011-05-27,45.51,46.0,45.19,45.99,90500.0
2011-05-31,45.64,45.88,44.8,45.3,108000.0
2011-06-01,45.15,45.84,44.85,45.69,111500.0
2011-06-02,45.83,46.79,45.69,46.79,140300.0
2011-06-03,46.7,46.7,46.0099983,46.2,149800.0
2011-06-06,46.0,46.0,44.98,45.02,163300.0
2011-06-07,45.28,45.77,45.23,45.77,51100.0
2011-06-08,45.69,46.75,45.66,46.65,142400.0
2011-06-09,47.61,48.4,47.58,48.23,310000.0
2011-06-10,47.99,48.2,47.48,47.92,273500.0
2011-06-13,47.96,47.96,47.2,47.57,157700.0
2011-06-14,48.3,48.3,45.83,46.54,286600.0
2011-06-15,46.28,46.52,44.65,45.07,298700.0
2011-06-16,44.53,45.27,43.83,43.86,309100.0
2011-06-17,44.59,44.98,43.85,44.54,199300.0
2011-06-20,44.5,44.81,44.15,44.69,145300.0
2011-06-21,45.77,46.02,45.47,45.95,149700.0
2011-06-22,45.69,45.81,43.71,43.79,205600.0
2011-06-23,43.040001,44.060001,42.0,43.77,307700.0
2011-06-24,43.72,44.4,42.65,42.8,81100.0
2011-06-27,43.8,43.8,42.080002,42.21,145500.0
2011-06-28,43.02,44.32,42.86,44.17,116900.0
2011-06-29,45.19,45.45,43.85,44.37,185000.0
2011-06-30,42.46,42.46,40.049999,40.5,658100.0
2011-07-01,40.18,41.57,39.69,41.14,456800.0
2011-07-05,41.6,42.15,41.28,42.040001,252300.0
2011-07-06,41.83,42.25,41.55,41.74,91000.0
2011-07-07,42.43,42.58,42.0,42.049999,141000.0
2011-07-08,42.23,43.3,42.18,43.14,130600.0
2011-07-11,42.75,43.16,42.51,42.97,145700.0
2011-07-12,42.73,44.65,42.53,44.44,219100.0
2011-07-13,45.040001,46.17,44.96,45.82,255400.0
2011-07-14,45.97,45.97,44.66,45.61,260800.0
2011-07-15,45.55,46.35,45.07,45.72,146600.0
2011-07-18,44.97,45.35,44.4,45.23,134500.0
2011-07-19,46.49,46.75,45.55,45.76,171200.0
2011-07-20,45.73,46.0,44.88,45.18,127600.0
2011-07-21,44.82,45.0,44.31,44.77,172900.0
2011-07-22,44.74,45.66,44.51,45.54,71800.0
2011-07-25,45.18,45.2,44.47,45.029999,85800.0
2011-07-26,45.21,45.9,45.029999,45.75,102400.0
2011-07-27,45.39,46.34,45.25,46.13,122600.0
2011-07-28,46.0,46.25,45.73,45.99,91900.0
2011-07-29,45.51,45.54,44.73,44.76,95400.0
2011-08-01,45.35,46.21,45.24,46.21,118400.0
2011-08-02,45.87,47.65,45.7,47.51,187400.0
2011-08-03,47.6,47.6,46.85,47.27,164800.0
2011-08-04,46.75,47.0,45.9,46.52,151500.0
2011-08-05,46.09,47.13,45.74,46.85,90900.0
2011-08-08,45.77,46.0,45.049999,45.14,114100.0
2011-08-09,45.39,46.2,45.25,46.02,78000.0
2011-08-10,45.9,46.12,45.25,45.49,63700.0
2011-08-11,46.96,47.7,46.68,47.28,199700.0
2011-08-12,47.59,47.66,46.89,47.27,103300.0
2011-08-15,47.3,47.9,47.3,47.81,86900.0
2011-08-16,47.49,48.099998,47.19,48.09,99600.0
2011-08-17,48.2,48.39,47.79,48.040001,115900.0
2011-08-18,47.48,47.56,47.0,47.15,119600.0
2011-08-19,47.21,48.09,47.21,47.83,131600.0
2011-08-22,48.57,48.59,48.13,48.55,82700.0
2011-08-23,48.55,49.24,48.15,49.2,202600.0
2011-08-24,49.029999,49.19,48.55,48.78,118100.0
2011-08-25,48.5,48.96,48.38,48.8,184700.0
2011-08-26,48.79,50.22,48.5,50.07,371800.0
2011-08-29,50.51,50.69,50.040001,50.37,236800.0
2011-08-30,49.99,50.6,49.75,50.4,151100.0
2011-08-31,50.39,50.5,50.11,50.2,86500.0
2011-09-01,49.84,50.099998,48.3,48.58,298700.0
2011-09-02,48.49,49.95,48.48,49.74,131000.0
2011-09-06,49.28,49.68,48.75,49.49,108300.0
2011-09-07,50.07,50.07,48.99,49.25,105900.0
2011-09-08,48.93,49.24,48.22,48.56,116000.0
2011-09-09,48.58,48.83,48.23,48.67,111700.0
2011-09-12,48.55,49.24,48.029999,49.13,212600.0
2011-09-13,48.9,48.98,47.38,47.68,270100.0
2011-09-14,47.43,48.0,47.43,47.88,69400.0
2011-09-15,48.02,48.02,46.37,46.56,237400.0
2011-09-16,46.74,46.88,45.91,45.98,111400.0
2011-09-19,45.46,45.92,45.0,45.65,114300.0
2011-09-20,46.11,46.72,45.37,45.54,117200.0
2011-09-21,45.9,46.040001,44.75,44.8,83300.0
2011-09-22,43.96,44.67,42.65,42.99,352500.0
2011-09-23,42.99,43.39,42.4,42.45,158800.0
2011-09-26,42.4,43.4,42.4,43.21,71000.0
2011-09-27,44.38,44.56,43.099998,43.2,106400.0
2011-09-28,43.07,43.33,41.85,41.87,177700.0
2011-09-29,42.16,42.61,41.92,42.47,146300.0
2011-09-30,40.7,40.73,39.82,39.88,238500.0
2011-10-03,39.17,40.3,38.72,39.83,221400.0
2011-10-04,39.21,39.98,39.049999,39.89,115400.0
2011-10-05,39.99,41.0,39.99,41.0,66900.0
2011-10-06,41.12,41.33,40.74,40.84,48000.0
2011-10-07,40.59,40.78,40.32,40.55,34400.0
2011-10-10,40.79,41.42,40.6,40.84,53500.0
2011-10-11,40.91,43.31,40.67,43.28,145400.0
2011-10-12,42.99,43.099998,42.099998,42.91,168200.0
2011-10-13,42.54,42.75,41.74,42.48,73900.0
2011-10-14,42.98,43.27,42.5,42.99,34600.0
2011-10-17,42.63,43.099998,41.96,42.9,20500.0
2011-10-18,42.2,42.96,42.2,42.86,64700.0
2011-10-19,43.07,43.19,42.36,42.55,95500.0
2011-10-20,42.56,43.32,42.36,43.26,49300.0
2011-10-21,43.6,44.0,43.11,43.34,105500.0
2011-10-24,43.79,43.92,43.18,43.2,46800.0
2011-10-25,43.7,43.7,43.23,43.43,35400.0
2011-10-26,43.75,43.75,42.45,42.85,64100.0
2011-10-27,43.38,43.85,42.8,43.61,103400.0
2011-10-28,43.43,43.89,43.25,43.81,58600.0
2011-10-31,43.41,43.47,42.73,43.21,63300.0
2011-11-01,42.080002,43.87,42.07,43.24,83400.0
2011-11-02,43.75,43.75,42.72,43.0,67400.0
2011-11-03,43.52,43.75,43.23,43.5,113800.0
2011-11-04,43.33,43.74,42.95,43.54,56900.0
2011-11-07,43.7,43.79,43.23,43.73,40200.0
2011-11-08,43.71,44.21,43.53,44.09,89400.0
2011-11-09,43.82,43.85,42.89,43.23,115400.0
2011-11-10,43.5,43.5,42.42,42.57,49200.0
2011-11-11,42.34,42.52,41.73,42.040001,106700.0
2011-11-14,41.78,42.0,41.46,41.67,68500.0
2011-11-15,41.8,42.41,41.58,42.31,55200.0
2011-11-16,42.11,42.39,41.85,41.96,46000.0
2011-11-17,41.98,42.07,40.31,40.49,135700.0
2011-11-18,40.43,40.53,39.75,40.23,93900.0
2011-11-21,39.81,39.91,39.2,39.69,71500.0
2011-11-22,39.53,39.57,39.25,39.41,44700.0
2011-11-23,39.2,39.23,38.6,38.84,50600.0
2011-11-25,38.52,39.12,38.38,38.5,25100.0
2011-11-28,39.09,39.3,38.85,38.99,24300.0
2011-11-29,39.049999,39.88,39.029999,39.54,67500.0
2011-11-30,39.92,40.12,39.33,39.59,51600.0
2011-12-01,39.67,39.83,39.12,39.38,36200.0
2011-12-02,39.4,39.65,39.060001,39.19,82400.0
2011-12-05,39.56,39.57,38.83,38.97,26600.0
2011-12-06,38.41,39.29,38.25,39.23,203400.0
2011-12-07,39.24,39.33,38.65,38.98,26200.0
2011-12-08,38.67,39.55,38.43,39.28,48100.0
2011-12-09,39.12,39.53,38.54,38.96,43800.0
2011-12-12,38.58,39.029999,38.34,38.87,39100.0
2011-12-13,38.96,39.31,38.78,38.89,22700.0
2011-12-14,38.8,38.8,38.0099983,38.0099983,53200.0
2011-12-15,38.080002,38.2,37.8,37.94,58400.0
2011-12-16,38.0099983,38.57,37.99,38.31,30500.0
2011-12-19,38.88,39.52,38.88,39.26,58300.0
2011-12-20,39.78,39.89,39.42,39.85,77100.0
2011-12-21,39.63,40.45,39.5,40.31,46500.0
2011-12-22,40.44,40.71,40.16,40.28,33600.0
2011-12-23,40.41,40.48,40.09,40.41,47100.0
2011-12-27,40.27,41.3,40.16,41.17,74100.0
2011-12-28,41.21,41.88,41.080002,41.62,139200.0
2011-12-29,41.68,41.79,41.27,41.5,85900.0
2011-12-30,41.49,41.99,41.49,41.98,41200.0
2012-01-03,42.73,42.99,42.18,42.62,114100.0
2012-01-04,42.79,42.95,42.2,42.51,43900.0
2012-01-05,42.25,42.25,41.35,41.51,87400.0
2012-01-06,41.72,41.8,41.26,41.35,31000.0
2012-01-09,42.049999,42.52,41.87,42.19,153700.0
2012-01-10,42.09,42.21,41.86,42.049999,64800.0
2012-01-11,41.78,42.060001,41.62,42.060001,41600.0
2012-01-12,39.56,40.0,39.07,39.75,250700.0
2012-01-13,39.53,39.77,38.95,39.19,70400.0
2012-01-17,39.55,39.55,39.18,39.25,51000.0
2012-01-18,39.0,39.09,38.6,38.64,96200.0
2012-01-19,38.62,39.33,38.62,39.26,65700.0
2012-01-20,39.35,39.46,38.85,39.45,41200.0
2012-01-23,39.7,39.84,39.34,39.82,92800.0
2012-01-24,39.65,40.54,39.54,40.36,91100.0
2012-01-25,40.38,40.75,39.99,40.67,91600.0
2012-01-26,41.2,41.2,40.61,40.66,50600.0
2012-01-27,40.8,41.13,40.63,41.07,39400.0
2012-01-30,40.67,40.75,40.25,40.55,29200.0
2012-01-31,40.98,41.0099983,40.51,40.88,105800.0
2012-02-01,41.25,41.59,40.93,41.0099983,67000.0
2012-02-02,40.75,41.4,40.75,41.33,27200.0
2012-02-03,41.33,41.45,40.97,41.29,26400.0
2012-02-06,41.31,41.45,41.15,41.38,9500.0
2012-02-07,41.22,41.25,40.99,41.07,16900.0
2012-02-08,41.31,41.35,40.41,41.080002,37200.0
2012-02-09,40.98,41.43,40.41,40.62,51400.0
2012-02-10,40.33,40.67,40.07,40.15,80200.0
2012-02-13,40.43,40.8,40.34,40.61,60600.0
2012-02-14,40.57,40.64,40.19,40.34,25700.0
2012-02-15,40.35,40.57,39.85,39.95,24500.0
2012-02-16,39.88,40.54,39.85,40.41,27800.0
2012-02-17,40.68,41.029999,40.49,40.64,48400.0
2012-02-21,40.51,40.51,39.88,40.18,36400.0
2012-02-22,40.060001,40.54,39.9,40.5,27200.0
2012-02-23,40.53,40.54,39.97,40.32,21600.0
2012-02-24,40.24,40.35,39.87,40.27,61000.0
2012-02-27,39.92,40.57,39.9,40.39,21700.0
2012-02-28,40.56,41.080002,40.48,41.029999,44700.0
2012-02-29,41.24,41.31,40.96,41.09,41200.0
2012-03-01,40.93,41.19,40.83,40.99,34000.0
2012-03-02,40.99,41.13,40.64,41.13,112000.0
2012-03-05,41.25,41.6,41.09,41.26,115100.0
2012-03-06,40.81,41.060001,40.53,40.67,111900.0
2012-03-07,40.99,40.99,39.95,40.040001,53800.0
2012-03-08,40.28,40.51,39.7,39.83,62900.0
2012-03-09,39.92,40.8,39.64,40.18,55900.0
2012-03-12,40.51,41.099998,40.18,40.98,69500.0
2012-03-13,41.35,41.35,40.86,40.96,41600.0
2012-03-14,41.0,41.18,40.71,41.049999,28000.0
2012-03-15,41.12,41.5,41.11,41.32,179100.0
2012-03-16,41.48,41.64,41.19,41.57,38600.0
2012-03-19,41.38,41.4,41.049999,41.11,64500.0
2012-03-20,40.8,40.86,40.13,40.3,74000.0
2012-03-21,40.14,40.57,39.95,40.0,68800.0
2012-03-22,39.91,40.080002,39.63,40.0,92000.0
2012-03-23,40.15,40.34,39.84,40.040001,22000.0
2012-03-26,39.96,40.43,39.68,39.72,23900.0
2012-03-27,39.78,39.88,39.33,39.33,37100.0
2012-03-28,39.29,39.39,38.49,38.56,41900.0
2012-03-29,38.5,38.53,37.51,37.59,79400.0
2012-03-30,38.99,39.64,38.32,39.26,118300.0
2012-04-02,39.21,39.77,38.88,39.71,64700.0
2012-04-03,39.73,39.9,39.56,39.81,53100.0
2012-04-04,39.56,39.6,39.09,39.48,21200.0
2012-04-05,39.48,39.77,39.31,39.65,27100.0
2012-04-09,39.67,39.72,39.31,39.41,31000.0
2012-04-10,39.24,39.47,38.67,38.79,77000.0
2012-04-11,39.049999,39.049999,38.67,38.83,23400.0
2012-04-12,39.040001,39.2,38.91,38.91,7500.0
2012-04-13,39.23,39.23,38.060001,38.23,20500.0
2012-04-16,38.0,38.11,37.53,37.54,26400.0
2012-04-17,37.64,37.85,37.43,37.48,103400.0
2012-04-18,37.63,37.63,37.0099983,37.17,26000.0
2012-04-19,38.02,38.42,37.89,38.19,105000.0
2012-04-20,38.37,38.49,37.44,37.51,43700.0
2012-04-23,37.67,38.19,37.55,38.13,33700.0
2012-04-24,38.44,38.78,37.85,38.040001,59500.0
2012-04-25,38.17,38.45,37.78,37.85,29800.0
2012-04-26,37.85,37.88,37.47,37.76,35200.0
2012-04-27,37.97,38.69,37.97,38.35,58500.0
2012-04-30,38.63,38.89,38.29,38.89,24000.0
2012-05-01,38.33,38.56,38.2,38.22,18900.0
2012-05-02,38.21,38.31,37.39,37.5,21000.0
2012-05-03,37.57,37.77,37.29,37.56,45000.0
2012-05-04,37.45,37.67,36.66,37.51,89700.0
2012-05-07,37.25,37.6,36.98,37.5,18000.0
2012-05-08,37.62,38.0,37.45,37.71,39100.0
2012-05-09,37.46,37.46,36.74,36.78,23000.0
2012-05-10,36.26,36.47,35.75,35.88,102000.0
2012-05-11,35.78,36.13,35.23,35.68,85000.0
2012-05-14,35.65,36.080002,35.53,35.53,27000.0
2012-05-15,35.86,36.42,35.86,36.28,45000.0
2012-05-16,35.96,37.13,35.96,37.060001,34100.0
2012-05-17,37.11,37.27,36.75,36.98,24700.0
2012-05-18,37.24,37.9,37.24,37.34,24500.0
2012-05-21,37.55,38.11,37.47,37.49,23000.0
2012-05-22,37.13,37.36,36.22,36.43,20200.0
2012-05-23,36.13,36.59,35.86,36.56,23000.0
2012-05-24,36.59,36.67,35.62,35.98,12700.0
2012-05-25,36.28,36.5,36.049999,36.42,23900.0
2012-05-29,36.23,36.32,35.68,35.98,19800.0
2012-05-30,36.21,36.47,35.8,36.36,17500.0
2012-05-31,36.22,36.58,36.18,36.21,12700.0
2012-06-01,36.14,36.71,35.52,35.68,22400.0
2012-06-04,36.28,36.48,36.07,36.34,52400.0
2012-06-05,36.31,36.37,35.4,35.53,66700.0
2012-06-06,35.79,36.31,35.79,36.18,14700.0
2012-06-07,36.78,37.44,36.71,37.22,37000.0
2012-06-08,37.17,37.83,37.17,37.69,66700.0
2012-06-11,37.64,37.68,36.76,36.77,48200.0
2012-06-12,36.61,36.63,36.0,36.16,31800.0
2012-06-13,35.77,36.049999,35.51,35.56,54100.0
2012-06-14,36.099998,36.21,35.8,36.049999,29300.0
2012-06-15,35.96,36.27,35.24,35.47,43700.0
2012-06-18,35.63,37.22,35.61,37.049999,83200.0
2012-06-19,38.099998,38.81,38.07,38.71,89800.0
2012-06-20,38.19,38.95,38.0,38.91,79100.0
2012-06-21,38.36,38.97,37.76,37.76,71100.0
2012-06-22,38.71,38.89,37.92,38.0,31600.0
2012-06-25,39.45,40.31,39.45,40.21,129800.0
2012-06-26,40.95,41.7,40.55,41.61,213800.0
2012-06-27,42.66,42.91,41.82,42.14,256300.0
2012-06-28,42.0,42.86,41.68,41.8,194400.0
2012-06-29,42.52,42.94,41.84,42.099998,213700.0
2012-07-02,43.3,43.62,43.029999,43.53,187700.0
2012-07-03,44.0099983,44.63,43.96,44.61,187500.0
2012-07-05,46.57,46.71,45.11,46.42,580500.0
2012-07-06,45.71,45.91,45.3,45.33,241300.0
2012-07-09,47.63,47.85,47.12,47.6,351100.0
2012-07-10,46.97,47.43,46.71,46.87,279300.0
2012-07-11,47.96,48.11,44.81,45.95,674000.0
2012-07-12,46.58,47.88,46.5,47.39,265800.0
2012-07-13,48.09,48.31,47.26,48.029999,423100.0
2012-07-16,49.56,50.080002,49.29,49.85,524900.0
2012-07-17,49.93,50.38,49.2,49.74,628500.0
2012-07-18,49.31,50.049999,49.0,50.0099983,481800.0
2012-07-19,50.24,50.73,48.62,48.76,561800.0
2012-07-20,49.81,50.0,49.17,49.94,371400.0
2012-07-23,49.16,50.13,48.82,49.6,376400.0
2012-07-24,48.86,49.28,47.099998,49.21,570600.0
2012-07-25,49.98,50.2,49.59,49.77,286800.0
2012-07-26,49.93,50.07,48.88,49.3,213600.0
2012-07-27,49.86,50.33,49.71,50.080002,223000.0
2012-07-30,51.26,51.37,50.92,51.27,393000.0
2012-07-31,51.3,51.3,50.62,50.94,258600.0
2012-08-01,50.55,50.89,49.6,50.61,241200.0
2012-08-02,49.99,50.92,49.9,50.51,209800.0
2012-08-03,50.62,51.5,50.62,51.0099983,268100.0
2012-08-06,50.52,51.21,50.31,50.93,136300.0
2012-08-07,51.0099983,51.19,50.49,50.76,124200.0
2012-08-08,50.75,51.65,50.53,51.61,190800.0
2012-08-09,51.8,52.14,51.73,51.94,363600.0
2012-08-10,51.65,52.12,51.27,51.36,454900.0
2012-08-13,50.44,50.87,50.2,50.4,273200.0
2012-08-14,50.5,50.56,50.15,50.18,136800.0
2012-08-15,50.44,50.98,50.37,50.79,123200.0
2012-08-16,50.86,51.029999,50.64,50.82,125200.0
2012-08-17,50.96,51.19,50.76,50.78,152500.0
2012-08-20,51.060001,51.95,50.97,51.95,285700.0
2012-08-21,52.14,52.71,52.13,52.67,290600.0
2012-08-22,52.59,52.67,52.12,52.5,156300.0
2012-08-23,52.27,52.49,51.29,51.35,136300.0
2012-08-24,51.65,51.75,50.95,51.21,91400.0
2012-08-27,50.95,51.27,50.78,50.79,92100.0
2012-08-28,50.75,51.02,50.65,50.73,75500.0
2012-08-29,50.93,51.64,50.82,51.46,83400.0
2012-08-30,51.41,51.72,51.21,51.29,82800.0
2012-08-31,51.2,51.23,50.56,50.94,146200.0
2012-09-04,51.22,51.75,50.92,51.31,134200.0
2012-09-05,51.11,51.13,50.67,50.82,67400.0
2012-09-06,50.93,51.31,50.7,51.029999,85700.0
2012-09-07,50.9,51.45,50.8,50.99,74400.0
2012-09-10,51.11,51.31,50.16,50.34,147900.0
2012-09-11,50.49,50.62,49.96,50.0099983,142300.0
2012-09-12,49.54,50.0099983,49.34,49.65,301400.0
2012-09-13,49.83,50.0,49.62,49.97,124300.0
2012-09-14,50.24,50.7,50.19,50.5,135900.0
2012-09-17,49.45,49.56,48.45,48.59,337200.0
2012-09-18,48.44,48.71,47.9,48.0099983,217600.0
2012-09-19,48.33,48.84,48.049999,48.67,140800.0
2012-09-20,48.44,48.7,47.84,48.28,142100.0
2012-09-21,48.48,48.65,48.2,48.38,112500.0
2012-09-24,48.13,48.25,47.71,48.12,92900.0
2012-09-25,48.4,48.44,47.88,48.13,48100.0
2012-09-26,47.64,47.7,46.76,46.89,131900.0
2012-09-27,46.31,46.62,45.93,46.23,183900.0
2012-09-28,47.66,48.68,47.54,48.42,228400.0
2012-10-01,48.68,48.9,48.11,48.36,74500.0
2012-10-02,48.0,48.41,47.95,48.38,35500.0
2012-10-03,48.049999,48.6,47.86,48.29,45800.0
2012-10-04,48.66,48.82,48.080002,48.12,45900.0
2012-10-05,48.0,48.0099983,47.57,47.72,45600.0
2012-10-08,47.35,47.68,47.29,47.45,33600.0
2012-10-09,47.65,47.79,47.42,47.42,45100.0
2012-10-10,47.37,47.57,46.97,47.35,98900.0
2012-10-11,48.56,49.34,48.38,49.24,216500.0
2012-10-12,48.85,48.92,47.78,48.060001,131300.0
2012-10-15,47.51,47.58,46.85,47.19,65000.0
2012-10-16,47.37,47.49,46.99,47.12,52600.0
2012-10-17,47.31,47.53,47.099998,47.46,45900.0
2012-10-18,47.69,48.34,47.69,48.22,68000.0
2012-10-19,48.2,48.6,48.12,48.24,91500.0
2012-10-22,48.36,48.47,48.14,48.24,70400.0
2012-10-23,47.81,48.14,47.61,48.049999,38200.0
2012-10-24,48.099998,48.64,48.02,48.18,77400.0
2012-10-25,48.25,48.25,47.62,47.76,36900.0
2012-10-26,47.79,47.79,47.45,47.57,38200.0
2012-10-31,47.78,48.4,47.68,48.14,55200.0
2012-11-01,48.35,48.61,48.040001,48.26,79000.0
2012-11-02,47.9,47.93,47.39,47.58,51700.0
2012-11-05,47.67,47.75,47.15,47.34,44200.0
2012-11-06,47.41,47.6,47.38,47.57,43600.0
2012-11-07,47.5,48.07,47.16,47.69,66600.0
2012-11-08,47.75,47.89,47.52,47.56,54400.0
2012-11-09,47.53,48.22,47.19,47.32,142000.0
2012-11-12,47.13,47.14,45.68,46.099998,175700.0
2012-11-13,46.17,46.25,45.5,46.049999,115500.0
2012-11-14,46.2,46.34,45.9,46.14,62000.0
2012-11-15,46.049999,46.24,45.88,45.93,43200.0
2012-11-16,45.64,46.38,45.37,46.18,156000.0
2012-11-19,46.42,47.049999,46.42,46.96,71500.0
2012-11-20,46.77,47.45,46.74,47.15,29500.0
2012-11-21,47.3,47.38,47.029999,47.15,22000.0
2012-11-23,47.18,47.56,47.18,47.39,23500.0
2012-11-26,47.58,47.79,47.44,47.59,40100.0
2012-11-27,47.68,48.34,47.68,48.34,47700.0
2012-11-28,48.0099983,48.49,47.96,48.34,52000.0
2012-11-29,48.23,48.4,48.0099983,48.07,50200.0
2012-11-30,47.76,47.95,47.46,47.85,29200.0
2012-12-03,48.27,48.34,47.67,47.98,26900.0
2012-12-04,47.91,47.96,47.56,47.94,58000.0
2012-12-05,47.93,48.34,47.9,48.29,28100.0
2012-12-06,48.0,48.02,47.71,47.96,35500.0
2012-12-07,47.61,47.68,47.029999,47.18,87700.0
2012-12-10,46.76,46.87,46.48,46.86,68300.0
2012-12-11,46.73,46.99,46.34,46.6,23000.0
2012-12-12,46.49,46.53,46.0099983,46.34,35100.0
2012-12-13,46.37,46.39,45.77,46.16,42900.0
2012-12-14,46.18,46.63,46.18,46.57,49000.0
2012-12-17,46.53,46.57,46.080002,46.22,24100.0
2012-12-18,45.79,46.14,45.74,46.13,50200.0
2012-12-19,45.99,46.22,45.040001,45.060001,110200.0
2012-12-20,44.35,44.66,44.2,44.48,83800.0
2012-12-21,44.7,44.9,44.58,44.7,45600.0
2012-12-24,44.78,44.89,44.65,44.82,27700.0
2012-12-26,44.83,44.96,44.12,44.16,71700.0
2012-12-27,44.15,44.15,43.92,44.040001,57400.0
2012-12-28,43.98,44.27,43.88,44.17,90600.0
2012-12-31,43.97,44.38,43.92,44.32,53300.0
2013-01-02,44.33,45.31,43.64,43.66,136000.0
2013-01-03,43.49,43.88,43.36,43.44,66400.0
2013-01-04,43.35,43.35,42.68,42.77,163800.0
2013-01-07,43.02,43.16,42.63,42.92,48900.0
2013-01-08,43.080002,43.41,42.9,43.2,128800.0
2013-01-09,43.26,43.59,43.18,43.56,76800.0
2013-01-10,43.55,43.75,43.5,43.73,67900.0
2013-01-11,43.52,44.59,42.88,43.99,212300.0
2013-01-14,44.31,44.83,44.23,44.78,151000.0
2013-01-15,44.61,45.22,44.61,45.2,92000.0
2013-01-16,45.21,45.3,44.73,45.22,51400.0
2013-01-17,44.93,45.0,44.69,44.77,50900.0
2013-01-18,44.97,45.11,44.77,45.0099983,58300.0
2013-01-22,45.31,45.34,44.97,45.040001,55800.0
2013-01-23,44.67,45.16,44.67,44.73,44200.0
2013-01-24,44.5,44.76,44.4,44.68,36800.0
2013-01-25,44.47,44.82,44.39,44.42,31600.0
2013-01-28,44.45,44.97,44.42,44.97,21600.0
2013-01-29,44.94,44.98,44.81,44.81,25100.0
2013-01-30,45.2,45.46,45.17,45.43,53700.0
2013-01-31,45.3,45.53,45.07,45.5,80500.0
2013-02-01,45.64,45.74,45.16,45.18,36500.0
2013-02-04,45.37,45.56,45.049999,45.21,23800.0
2013-02-05,44.99,45.07,44.65,45.07,54500.0
2013-02-06,44.52,44.56,44.22,44.34,96300.0
2013-02-07,43.99,44.12,43.46,43.57,89300.0
2013-02-08,43.53,43.87,43.19,43.35,132800.0
2013-02-11,43.21,43.33,42.71,42.86,52800.0
2013-02-12,42.86,42.89,42.43,42.75,61900.0
2013-02-13,42.5,42.81,42.4,42.65,23000.0
2013-02-14,42.54,42.66,42.3,42.62,120900.0
2013-02-15,42.91,43.0,42.51,42.65,96000.0
2013-02-19,42.72,42.73,42.17,42.44,55000.0
2013-02-20,42.37,42.63,42.21,42.59,50100.0
2013-02-21,42.3,42.33,41.91,42.0099983,38600.0
2013-02-22,42.12,42.25,41.81,41.96,60300.0
2013-02-25,41.72,42.0099983,41.62,41.68,25000.0
2013-02-26,41.81,42.36,41.81,42.29,76800.0
2013-02-27,42.52,42.52,42.15,42.24,72500.0
2013-02-28,42.27,42.69,42.25,42.58,28400.0
2013-03-01,42.32,42.78,42.26,42.69,44400.0
2013-03-04,42.7,42.81,41.95,42.25,21700.0
2013-03-05,42.36,42.71,42.36,42.54,40900.0
2013-03-06,42.37,42.37,41.6,41.66,41500.0
2013-03-07,41.56,41.71,41.29,41.7,42200.0
2013-03-08,41.72,42.25,41.59,42.11,74400.0
2013-03-11,42.19,42.95,42.15,42.64,30600.0
2013-03-12,42.75,43.09,42.62,43.0,27500.0
2013-03-13,42.91,42.91,42.2,42.68,19900.0
2013-03-14,42.74,43.14,42.72,43.11,143600.0
2013-03-15,42.85,43.24,42.69,43.22,56100.0
2013-03-18,42.96,43.35,42.82,43.31,28500.0
2013-03-19,43.12,43.52,42.99,43.45,30500.0
2013-03-20,43.66,43.88,43.36,43.86,39700.0
2013-03-21,43.67,44.02,43.58,44.02,18900.0
2013-03-22,43.67,43.71,43.41,43.59,21200.0
2013-03-25,43.66,44.14,43.64,43.99,32900.0
2013-03-26,44.0099983,44.080002,43.76,43.96,20500.0
2013-03-27,43.96,44.22,43.78,43.98,33800.0
2013-03-28,43.92,43.93,40.86,40.9,201800.0
2013-04-01,40.7,40.74,39.31,40.2,151900.0
2013-04-02,40.37,40.5,39.62,40.19,102900.0
2013-04-03,40.33,40.41,39.93,40.32,81300.0
2013-04-04,40.060001,40.35,39.8,39.92,23100.0
2013-04-05,40.029999,40.060001,39.52,39.82,42500.0
2013-04-08,39.8,39.89,39.48,39.67,60000.0
2013-04-09,39.080002,40.37,39.080002,40.25,60400.0
2013-04-10,40.4,41.42,39.88,40.58,112800.0
2013-04-11,40.72,41.11,40.56,40.63,18800.0
2013-04-12,40.02,41.2,39.080002,41.19,36700.0
2013-04-15,40.27,40.57,39.68,39.76,63100.0
2013-04-16,40.029999,40.69,40.029999,40.56,65200.0
2013-04-17,40.57,41.099998,40.57,40.77,77300.0
2013-04-18,41.14,41.2,40.36,40.43,36200.0
2013-04-19,40.6,40.83,40.43,40.62,53400.0
2013-04-22,40.11,40.11,39.68,39.78,40400.0
2013-04-23,40.0,40.0,38.87,38.91,34900.0
2013-04-24,39.4,39.4,39.029999,39.34,16200.0
2013-04-25,39.42,39.74,39.3,39.58,14600.0
2013-04-26,39.64,39.64,39.15,39.27,75400.0
2013-04-29,40.15,41.98,40.15,41.84,171100.0
2013-04-30,42.13,42.13,41.38,41.49,113800.0
2013-05-01,40.87,41.37,40.6,41.099998,91200.0
2013-05-02,41.48,41.94,41.15,41.86,31800.0
2013-05-03,42.28,42.28,41.51,41.62,47800.0
2013-05-06,40.34,40.47,39.93,40.18,110000.0
2013-05-07,40.14,40.56,39.89,40.29,53800.0
2013-05-08,40.099998,40.23,39.53,39.86,53800.0
2013-05-09,39.82,40.8,39.77,40.55,97500.0
2013-05-10,40.43,40.47,39.25,39.78,70600.0
2013-05-13,40.0099983,41.0,40.0099983,40.82,61400.0
2013-05-14,40.6,40.85,40.5,40.81,48400.0
2013-05-15,40.46,40.8,40.26,40.34,31600.0
2013-05-16,40.2,40.27,39.65,39.73,68400.0
2013-05-17,39.66,39.83,39.33,39.59,54000.0
2013-05-20,39.54,39.79,39.15,39.55,72200.0
2013-05-21,39.09,39.46,38.84,39.27,51700.0
2013-05-22,39.3,40.24,39.3,40.2,63600.0
2013-05-23,40.099998,40.63,39.8,40.54,56300.0
2013-05-24,40.049999,40.65,40.0099983,40.62,21100.0
2013-05-28,41.6,41.81,41.15,41.68,95700.0
2013-05-29,41.76,42.54,41.37,42.44,93600.0
2013-05-30,42.86,43.0,41.86,42.37,86100.0
2013-05-31,42.25,42.84,42.049999,42.47,115500.0
2013-06-03,42.81,42.89,41.39,42.09,105300.0
2013-06-04,41.66,41.77,41.19,41.74,39300.0
2013-06-05,41.33,41.41,40.78,40.78,37100.0
2013-06-06,40.86,41.5,40.86,41.5,27900.0
2013-06-07,41.67,42.080002,41.43,42.0,38000.0
2013-06-10,41.69,41.69,40.61,41.17,52700.0
2013-06-11,41.18,41.54,40.93,41.49,31400.0
2013-06-12,41.17,41.31,40.21,40.72,72900.0
2013-06-13,40.67,40.67,40.049999,40.59,23000.0
2013-06-14,40.36,40.62,40.23,40.26,30300.0
2013-06-17,40.0,41.060001,39.98,41.0099983,56000.0
2013-06-18,40.76,41.69,40.67,41.65,53200.0
2013-06-19,41.5,43.0,41.4,42.8,85200.0
2013-06-20,42.42,42.48,41.59,42.09,76900.0
2013-06-21,41.84,42.21,41.74,41.9,39400.0
2013-06-24,40.94,41.24,40.9,41.16,51000.0
2013-06-25,41.14,41.3,40.7,40.92,26800.0
2013-06-26,41.02,41.18,40.69,40.91,23400.0
2013-06-27,40.65,40.65,40.35,40.48,40400.0
2013-06-28,40.4,40.4,38.4,38.67,274300.0
2013-07-01,38.45,38.58,37.97,38.07,109200.0
2013-07-02,38.07,38.3,37.74,38.2,83100.0
2013-07-03,38.45,38.45,37.89,38.17,42100.0
2013-07-05,38.02,38.27,37.44,37.53,49300.0
2013-07-08,37.86,38.080002,37.8,37.9,64100.0
2013-07-09,38.27,39.5,38.27,39.42,146400.0
2013-07-10,39.31,39.55,39.18,39.39,44100.0
2013-07-11,39.4,39.85,38.6,39.66,73100.0
2013-07-12,39.38,39.69,38.48,38.55,54300.0
2013-07-15,38.27,38.36,38.029999,38.15,34000.0
2013-07-16,38.45,39.040001,38.35,38.55,24700.0
2013-07-17,38.3,38.34,37.95,38.0,37500.0
2013-07-18,37.71,37.85,37.46,37.79,55200.0
2013-07-19,37.56,37.93,37.26,37.9,50700.0
2013-07-22,37.54,37.8,37.44,37.79,30700.0
2013-07-23,37.99,37.99,36.67,37.0099983,170700.0
2013-07-24,36.8,37.09,36.49,36.6,123800.0
2013-07-25,36.87,36.97,36.17,36.42,56000.0
2013-07-26,36.49,36.49,36.15,36.16,83100.0
2013-07-29,36.19,36.41,35.84,36.029999,44800.0
2013-07-30,36.24,36.32,35.98,36.16,44200.0
2013-07-31,35.99,36.4,35.98,36.34,43100.0
2013-08-01,36.6,36.6,35.27,35.55,96100.0
2013-08-02,35.35,35.6,35.16,35.28,47200.0
2013-08-05,35.07,35.22,34.7,35.080002,52900.0
2013-08-06,34.61,35.15,34.61,35.12,40200.0
2013-08-07,35.0099983,35.36,34.78,34.92,40100.0
2013-08-08,35.23,35.32,34.82,35.07,58500.0
2013-08-09,35.07,35.099998,34.49,34.5,97000.0
2013-08-12,34.64,35.86,34.060001,35.43,240800.0
2013-08-13,35.61,35.61,34.049999,34.16,152700.0
2013-08-14,34.29,34.74,34.17,34.68,55300.0
2013-08-15,35.24,36.14,35.22,35.92,211000.0
2013-08-16,35.45,35.55,35.060001,35.23,120800.0
2013-08-19,35.88,36.73,35.53,36.63,184500.0
2013-08-20,36.56,36.56,35.9,36.029999,110500.0
2013-08-21,36.58,36.66,36.080002,36.48,65600.0
2013-08-22,36.55,36.55,35.21,35.27,73000.0
2013-08-23,35.62,35.89,35.41,35.58,43300.0
2013-08-26,36.9,38.13,36.75,37.71,309800.0
2013-08-27,37.94,37.94,36.62,36.68,124500.0
2013-08-28,36.63,36.71,36.21,36.27,67800.0
2013-08-29,36.12,36.57,35.16,36.38,50600.0
2013-08-30,36.25,36.57,36.099998,36.5,27600.0
2013-09-03,36.81,36.95,35.59,36.040001,88600.0
2013-09-04,35.7,35.91,35.4,35.63,46200.0
2013-09-05,35.62,35.62,34.75,35.049999,104000.0
2013-09-06,35.13,35.5,34.95,35.4,55100.0
2013-09-09,35.38,35.53,34.98,35.16,53300.0
2013-09-10,35.19,35.55,35.099998,35.54,66700.0
2013-09-11,35.32,35.8,35.32,35.76,37500.0
2013-09-12,35.49,35.59,34.56,35.24,108900.0
2013-09-13,35.0,35.11,34.73,34.9,60700.0
2013-09-16,34.63,34.92,34.42,34.64,44900.0
2013-09-17,35.18,35.25,34.39,34.47,39500.0
2013-09-18,34.25,34.7,34.25,34.65,34300.0
2013-09-19,34.72,35.02,34.54,34.91,65400.0
2013-09-20,34.6,34.63,34.2,34.27,89200.0
2013-09-23,34.11,34.46,34.060001,34.31,48900.0
2013-09-24,34.33,34.33,33.95,34.07,86800.0
2013-09-25,34.21,34.5,33.95,34.23,64700.0
2013-09-26,34.25,34.63,34.19,34.47,30000.0
2013-09-27,34.6,34.6,34.24,34.3,28100.0
2013-09-30,34.39,34.78,33.42,33.57,193900.0
2013-10-01,33.57,33.57,33.060001,33.37,76000.0
2013-10-02,33.28,33.42,33.18,33.37,26300.0
2013-10-03,33.17,33.63,33.17,33.33,19800.0
2013-10-04,33.4,33.64,33.34,33.62,30700.0
2013-10-07,33.65,34.0,33.64,33.96,30800.0
2013-10-08,34.14,34.14,33.4,33.46,36400.0
2013-10-09,33.59,33.78,33.42,33.63,21200.0
2013-10-10,33.5,33.68,33.11,33.27,87000.0
2013-10-11,33.099998,33.17,32.83,32.9,58900.0
2013-10-14,32.72,33.15,32.72,33.07,24100.0
2013-10-15,33.09,33.52,33.09,33.52,36300.0
2013-10-16,33.4,33.52,33.2,33.38,21600.0
2013-10-17,33.55,33.64,33.18,33.18,37400.0
2013-10-18,33.57,33.73,33.32,33.43,90900.0
2013-10-21,33.33,33.62,33.19,33.55,35500.0
2013-10-22,33.53,33.53,33.17,33.17,19600.0
2013-10-23,33.4,33.7,33.27,33.44,24700.0
2013-10-24,33.38,33.53,33.18,33.33,21800.0
2013-10-25,33.4,33.4,33.18,33.21,25200.0
2013-10-28,33.48,33.48,32.6,32.67,102100.0
2013-10-29,32.41,32.82,32.41,32.68,41800.0
2013-10-30,32.71,32.84,32.42,32.49,35500.0
2013-10-31,32.68,32.84,32.25,32.34,35600.0
2013-11-01,32.19,32.29,32.049999,32.15,65700.0
2013-11-04,32.24,32.25,32.0099983,32.049999,28200.0
2013-11-05,32.13,32.13,31.92,32.049999,21600.0
2013-11-06,31.95,32.0,31.65,31.68,24800.0
2013-11-07,31.77,31.9,31.61,31.66,77000.0
2013-11-08,31.65,32.32,31.31,32.21,150600.0
2013-11-11,32.25,32.9,32.25,32.82,139900.0
2013-11-12,32.8,32.82,32.39,32.52,70800.0
2013-11-13,32.4,32.58,32.23,32.29,43400.0
2013-11-14,32.21,32.26,31.9,31.92,70900.0
2013-11-15,32.24,32.24,31.46,31.49,96300.0
2013-11-18,31.4,31.4,30.79,30.81,97900.0
2013-11-19,30.77,31.26,30.77,31.15,40500.0
2013-11-20,31.34,31.34,31.01,31.040001,26400.0
2013-11-21,31.49,31.49,31.17,31.32,16500.0
2013-11-22,31.35,31.52,31.22,31.38,16500.0
2013-11-25,31.38,31.56,31.38,31.42,22500.0
2013-11-26,31.39,31.39,30.91,31.030001,77300.0
2013-11-27,31.22,31.36,31.08,31.19,15500.0
2013-11-29,31.27,31.27,30.84,31.030001,40900.0
2013-12-02,31.39,31.39,30.6,31.0,37000.0
2013-12-03,30.95,31.52,30.95,31.42,34700.0
2013-12-04,31.54,32.040001,31.3,31.76,49400.0
2013-12-05,32.09,32.09,31.48,31.65,18600.0
2013-12-06,31.44,31.74,31.35,31.68,21900.0
2013-12-09,31.64,31.97,31.54,31.96,66600.0
2013-12-10,31.83,32.049999,31.4,31.78,27700.0
2013-12-11,31.78,32.0099983,31.68,31.98,39600.0
2013-12-12,31.94,31.94,31.14,31.61,56600.0
2013-12-13,31.74,31.74,30.95,30.99,42200.0
2013-12-16,30.75,30.99,30.5,30.79,69100.0
2013-12-17,30.79,31.2,30.78,31.049999,43600.0
2013-12-18,31.0,31.21,30.82,31.0,16000.0
2013-12-19,31.16,31.32,31.12,31.27,26000.0
2013-12-20,31.0,31.56,31.0,31.44,36400.0
2013-12-23,31.22,31.59,31.22,31.43,26300.0
2013-12-24,31.2,31.56,30.84,31.49,27300.0
2013-12-26,31.36,31.36,30.99,31.049999,24900.0
2013-12-27,31.35,31.35,30.75,30.95,81500.0
2013-12-30,31.23,31.23,30.69,30.71,107300.0
2013-12-31,30.57,30.69,30.56,30.58,80400.0
2014-01-02,30.79,30.94,30.35,30.53,51900.0
2014-01-03,30.73,30.76,30.28,30.76,53900.0
2014-01-06,30.6,31.14,30.6,31.14,107300.0
2014-01-07,31.059999,31.35,30.8,30.89,73200.0
2014-01-08,31.09,31.09,30.12,30.21,117600.0
2014-01-09,30.35,30.35,29.66,29.94,113900.0
2014-01-10,29.67,31.28,29.5,31.16,289200.0
2014-01-13,31.34,31.42,31.1,31.36,110500.0
2014-01-14,31.49,31.49,30.88,31.24,97100.0
2014-01-15,31.02,31.02,30.75,30.8,56400.0
2014-01-16,30.94,31.02,30.66,30.79,34700.0
2014-01-17,30.96,30.96,30.47,30.63,67600.0
2014-01-21,30.55,30.58,30.34,30.52,38700.0
2014-01-22,30.64,30.69,30.51,30.58,35700.0
2014-01-23,30.73,30.82,30.6,30.6,54200.0
2014-01-24,31.01,31.01,30.5,30.76,63300.0
2014-01-27,30.79,30.94,30.6,30.91,69700.0
2014-01-28,30.99,30.99,30.77,30.84,28700.0
2014-01-29,30.73,30.77,30.51,30.6,44400.0
2014-01-30,30.73,31.0,30.66,30.83,80000.0
2014-01-31,30.74,30.91,30.7,30.9,45700.0
2014-02-03,30.92,31.24,30.92,31.030001,126400.0
2014-02-04,31.19,31.7,31.19,31.52,225500.0
2014-02-05,31.48,31.78,31.25,31.51,440700.0
2014-02-06,31.57,31.61,31.27,31.55,113200.0
2014-02-07,31.41,31.63,31.27,31.61,65100.0
2014-02-10,31.45,31.83,31.29,31.55,150000.0
2014-02-11,31.41,31.51,31.059999,31.25,152800.0
2014-02-12,31.09,31.54,31.09,31.4,66500.0
2014-02-13,31.36,31.38,31.17,31.27,122000.0
2014-02-14,31.2,31.6,31.16,31.49,69700.0
2014-02-18,31.68,32.49,31.55,31.98,339200.0
2014-02-19,32.040001,32.6,31.8,32.26,471700.0
2014-02-20,32.029999,32.4,32.0,32.35,379100.0
2014-02-21,32.45,32.71,31.77,31.88,440100.0
2014-02-24,31.8,31.99,31.55,31.91,364800.0
2014-02-25,31.98,32.3,31.68,32.25,141900.0
2014-02-26,32.14,32.48,31.9,31.98,337400.0
2014-02-27,32.099998,32.23,31.64,31.76,166800.0
2014-02-28,31.8,32.76,31.64,32.48,546900.0
2014-03-03,33.07,33.35,32.37,32.97,916700.0
2014-03-04,33.0,33.78,32.47,33.64,559800.0
2014-03-05,33.48,33.89,33.25,33.41,334600.0
2014-03-06,33.51,34.13,33.32,34.12,415000.0
2014-03-07,34.21,34.3,33.49,33.51,359700.0
2014-03-10,33.5,33.66,32.6,32.95,654600.0
2014-03-11,33.029999,33.51,32.89,33.48,242200.0
2014-03-12,33.35,33.83,32.9,33.69,262200.0
2014-03-13,33.83,33.86,33.33,33.49,162900.0
2014-03-14,33.51,33.78,33.18,33.54,178800.0
2014-03-17,33.45,33.55,33.099998,33.22,118900.0
2014-03-18,33.36,33.82,33.31,33.77,401800.0
2014-03-19,33.93,34.0099983,33.45,33.63,228700.0
2014-03-20,33.54,33.67,33.11,33.2,188200.0
2014-03-21,33.099998,33.28,32.98,33.15,156300.0
2014-03-24,33.29,33.83,33.12,33.68,286000.0
2014-03-25,33.74,33.77,33.51,33.6,126800.0
2014-03-26,33.6,33.63,33.33,33.45,124500.0
2014-03-27,33.58,34.24,33.55,33.98,475600.0
2014-03-28,33.93,34.13,33.65,33.65,246800.0
2014-03-31,33.46,34.82,32.9,34.66,993200.0
2014-04-01,34.86,35.26,34.8,35.040001,559000.0
2014-04-02,34.87,35.17,34.0099983,34.25,328500.0
2014-04-03,34.52,34.7,34.2,34.64,157000.0
2014-04-04,34.47,34.95,34.25,34.92,186900.0
2014-04-07,34.86,34.92,34.4,34.61,101000.0
2014-04-08,34.58,35.24,34.53,35.22,197100.0
2014-04-09,35.2,35.79,34.51,34.69,438500.0
2014-04-10,34.6,34.9,34.28,34.66,161500.0
2014-04-11,34.7,34.99,34.28,34.49,194600.0
2014-04-14,34.68,34.98,34.37,34.74,137600.0
2014-04-15,34.6,34.99,34.51,34.72,121700.0
2014-04-16,34.77,34.82,34.27,34.4,109400.0
2014-04-17,34.39,34.46,34.07,34.12,141800.0
2014-04-21,33.9,33.96,31.08,33.6,653900.0
2014-04-22,33.81,34.48,33.81,34.16,167800.0
2014-04-23,34.28,34.82,34.2,34.7,113800.0
2014-04-24,34.94,35.080002,34.51,34.68,57700.0
2014-04-25,34.88,35.23,34.76,34.84,70700.0
2014-04-28,35.099998,35.29,34.92,34.97,55500.0
2014-04-29,35.33,35.5,35.17,35.5,97600.0
2014-04-30,35.23,35.37,34.97,35.23,99300.0
2014-05-01,35.049999,35.09,34.33,34.59,168800.0
2014-05-02,34.59,34.59,33.95,34.060001,95700.0
2014-05-05,34.2,34.61,34.040001,34.47,75100.0
2014-05-06,34.27,35.25,34.2,35.12,103900.0
2014-05-07,35.02,35.21,34.79,35.029999,89500.0
2014-05-08,34.73,35.25,34.6,35.16,84300.0
2014-05-09,35.14,35.49,34.33,34.34,252000.0
2014-05-12,34.26,34.26,33.86,33.96,175500.0
2014-05-13,34.0099983,34.31,33.82,34.040001,82700.0
2014-05-14,34.12,34.12,33.61,33.78,173600.0
2014-05-15,33.6,33.6,33.029999,33.14,146300.0
2014-05-16,32.95,33.23,32.91,33.19,103100.0
2014-05-19,33.02,33.21,32.72,32.78,125100.0
2014-05-20,33.0,33.049999,32.54,32.55,63300.0
2014-05-21,32.58,32.71,32.5,32.55,33500.0
2014-05-22,32.91,33.09,32.54,32.62,49800.0
2014-05-23,32.72,32.9,32.6,32.77,27700.0
2014-05-27,32.43,32.54,32.099998,32.099998,114600.0
2014-05-28,32.0,32.43,32.0,32.39,53400.0
2014-05-29,32.22,32.25,31.91,31.93,80800.0
2014-05-30,31.95,32.080002,31.51,31.57,77000.0
2014-06-02,31.39,31.74,31.18,31.62,74300.0
2014-06-03,31.48,31.58,31.29,31.31,123200.0
2014-06-04,31.47,31.53,31.17,31.34,88700.0
2014-06-05,31.25,31.29,30.84,30.88,95000.0
2014-06-06,30.93,31.66,30.93,31.55,82700.0
2014-06-09,31.3,31.34,30.8,31.13,88500.0
2014-06-10,31.16,31.16,30.7,30.71,51700.0
2014-06-11,30.82,31.0,30.38,30.57,111200.0
2014-06-12,30.57,30.82,30.42,30.82,38600.0
2014-06-13,30.97,31.09,30.76,30.91,59800.0
2014-06-16,30.99,30.99,30.55,30.6,36600.0
2014-06-17,30.52,30.56,30.2,30.46,74100.0
2014-06-18,30.6,30.67,30.4,30.47,64200.0
2014-06-19,30.64,31.1,30.64,31.01,149800.0
2014-06-20,30.93,31.35,30.82,31.35,126200.0
2014-06-23,31.3,31.3,30.56,30.63,152000.0
2014-06-24,30.63,30.63,30.25,30.57,86800.0
2014-06-25,30.5,30.58,30.4,30.58,42600.0
2014-06-26,30.67,31.29,30.55,30.67,87100.0
2014-06-27,30.64,30.98,30.56,30.96,79100.0
2014-06-30,30.72,30.82,29.4,29.43,511500.0
2014-07-01,29.22,29.49,29.030001,29.44,232800.0
2014-07-02,29.45,29.45,29.059999,29.16,102600.0
2014-07-03,29.19,29.23,28.96,29.02,50300.0
2014-07-07,28.92,29.0,28.28,28.5,229500.0
2014-07-08,28.46,28.55,28.25,28.28,111900.0
2014-07-09,28.22,28.22,27.67,27.79,244000.0
2014-07-10,28.0,28.0,27.47,27.51,161600.0
2014-07-11,27.59,27.64,26.88,26.89,331500.0
2014-07-14,26.91,27.34,26.82,27.3,250000.0
2014-07-15,27.07,27.07,26.64,26.85,237500.0
2014-07-16,27.15,27.52,27.049999,27.25,150200.0
2014-07-17,27.059999,27.69,27.02,27.18,115800.0
2014-07-18,27.23,27.23,26.66,26.67,160400.0
2014-07-21,26.36,26.36,25.32,26.21,184400.0
2014-07-22,26.3,26.4,25.96,25.99,159700.0
2014-07-23,25.99,26.2,25.84,26.16,103000.0
2014-07-24,26.41,26.59,25.75,26.11,166500.0
2014-07-25,25.94,26.23,25.79,26.21,108300.0
2014-07-28,26.33,26.56,26.23,26.5,143200.0
2014-07-29,26.39,26.39,26.01,26.24,103200.0
2014-07-30,26.02,26.38,25.98,26.31,195300.0
2014-07-31,26.19,26.23,25.93,26.01,171900.0
2014-08-01,25.87,25.92,25.6,25.6,154000.0
2014-08-04,25.92,26.19,25.78,26.18,172400.0
2014-08-05,25.93,26.0,25.74,25.99,98300.0
2014-08-06,25.98,26.43,25.92,26.43,147100.0
2014-08-07,26.23,26.23,25.94,26.2,158300.0
2014-08-08,26.09,26.12,25.66,25.79,163600.0
2014-08-11,25.83,25.99,25.75,25.94,128600.0
2014-08-12,25.89,26.2,25.3,26.01,399000.0
2014-08-13,26.1,26.17,25.75,26.08,193200.0
2014-08-14,26.02,26.39,25.99,26.38,224400.0
2014-08-15,26.59,26.7,26.47,26.6,235900.0
2014-08-18,26.69,26.81,26.17,26.18,224100.0
2014-08-19,26.030001,26.25,26.0,26.2,196700.0
2014-08-20,26.08,26.08,25.77,25.96,451900.0
2014-08-21,26.0,26.25,25.94,26.030001,266400.0
2014-08-22,26.07,26.26,26.030001,26.21,225300.0
2014-08-25,25.95,25.95,25.75,25.89,313900.0
2014-08-26,25.92,25.92,25.55,25.78,162300.0
2014-08-27,25.62,25.78,25.56,25.78,66100.0
2014-08-28,25.78,26.01,25.78,25.99,66700.0
2014-08-29,25.8,25.91,25.55,25.75,90800.0
2014-09-02,25.8,25.86,25.57,25.63,55200.0
2014-09-03,25.44,25.46,24.81,24.82,428400.0
2014-09-04,24.83,24.85,24.35,24.51,254700.0
2014-09-05,24.63,25.21,24.57,25.15,156700.0
2014-09-08,24.74,24.82,24.49,24.61,119100.0
2014-09-09,24.49,24.49,24.3,24.39,202100.0
2014-09-10,24.37,24.56,24.35,24.48,136000.0
2014-09-11,24.34,24.34,23.82,24.19,343600.0
2014-09-12,24.19,24.36,23.95,23.97,154900.0
2014-09-15,23.86,24.3,23.82,24.3,116300.0
2014-09-16,24.41,24.54,24.01,24.35,165600.0
2014-09-17,24.2,24.22,24.02,24.15,76300.0
2014-09-18,24.09,24.11,23.95,23.98,91700.0
2014-09-19,23.9,23.99,23.52,23.54,242500.0
2014-09-22,23.41,23.47,23.22,23.35,115600.0
2014-09-23,23.23,23.25,23.08,23.08,104900.0
2014-09-24,23.2,23.42,23.14,23.42,128500.0
2014-09-25,23.34,23.49,23.13,23.22,100400.0
2014-09-26,23.16,23.16,22.94,22.99,146200.0
2014-09-29,22.98,23.17,22.98,23.14,85000.0
2014-09-30,23.040001,23.11,22.75,22.78,350000.0
2014-10-01,22.74,22.99,22.62,22.88,170000.0
2014-10-02,22.85,23.02,22.76,23.02,113700.0
2014-10-03,22.92,23.18,22.92,23.1,239400.0
2014-10-06,23.3,23.7,23.29,23.7,271500.0
2014-10-07,23.64,24.25,23.55,24.2,435600.0
2014-10-08,24.1,24.36,24.0,24.3,189100.0
2014-10-09,24.22,24.59,24.2,24.33,324800.0
2014-10-10,24.07,24.53,23.64,23.78,342300.0
2014-10-13,23.65,24.53,23.63,24.52,305600.0
2014-10-14,24.56,25.18,24.27,25.09,476000.0
2014-10-15,25.0,25.22,24.45,24.64,382300.0
2014-10-16,24.5,24.86,24.49,24.82,170500.0
2014-10-17,24.75,24.76,24.45,24.55,128300.0
2014-10-20,24.36,24.62,24.17,24.59,232800.0
2014-10-21,24.67,25.26,24.58,25.15,257300.0
2014-10-22,25.26,25.4,24.85,24.94,212200.0
2014-10-23,25.01,25.4,25.0,25.34,177400.0
2014-10-24,25.55,25.61,24.86,24.9,161400.0
2014-10-27,24.84,25.58,24.7,25.47,193700.0
2014-10-28,25.85,26.01,25.39,25.55,215300.0
2014-10-29,25.75,26.26,25.61,26.25,320300.0
2014-10-30,26.23,26.37,25.94,26.1,233300.0
2014-10-31,26.07,26.33,25.75,26.27,285800.0
2014-11-03,26.09,26.13,25.89,26.07,148800.0
2014-11-04,25.7,25.78,25.51,25.55,149500.0
2014-11-05,25.37,25.96,25.25,25.87,240600.0
2014-11-06,25.81,26.2,25.73,25.97,97800.0
2014-11-07,25.84,26.040001,25.58,25.73,89900.0
2014-11-10,25.77,26.48,25.68,25.85,238900.0
2014-11-11,25.9,26.21,25.65,26.15,80100.0
2014-11-12,26.35,26.85,26.29,26.43,304000.0
2014-11-13,26.53,27.09,26.53,26.86,219700.0
2014-11-14,26.73,26.92,26.56,26.61,101300.0
2014-11-17,26.51,26.51,26.14,26.41,115200.0
2014-11-18,26.32,26.32,25.96,26.049999,78700.0
2014-11-19,25.83,25.86,25.36,25.43,255900.0
2014-11-20,25.56,26.15,25.55,26.02,131100.0
2014-11-21,25.99,26.57,25.86,25.86,235800.0
2014-11-24,25.87,26.01,25.6,25.71,116400.0
2014-11-25,25.77,26.17,25.75,26.12,92600.0
2014-11-26,26.29,26.4,26.2,26.33,67000.0
2014-11-28,26.39,26.49,25.79,26.2,79500.0
2014-12-01,26.0,26.32,25.8,26.23,75800.0
2014-12-02,26.15,26.29,25.67,25.74,85600.0
2014-12-03,25.57,25.74,25.43,25.73,80800.0
2014-12-04,25.89,26.29,25.8,26.16,106800.0
2014-12-05,26.12,26.62,26.049999,26.55,149800.0
2014-12-08,26.58,26.83,26.2,26.29,162700.0
2014-12-09,26.29,26.64,26.21,26.55,81200.0
2014-12-10,26.58,26.68,26.18,26.43,98200.0
2014-12-11,26.5,26.89,26.39,26.68,89500.0
2014-12-12,27.12,27.41,26.95,27.25,346900.0
2014-12-15,27.38,27.58,27.18,27.34,166700.0
2014-12-16,27.21,27.5,27.059999,27.16,102800.0
2014-12-17,27.38,27.4,27.09,27.27,79500.0
2014-12-18,27.65,27.65,27.29,27.5,71200.0
2014-12-19,27.26,27.57,27.12,27.55,138200.0
2014-12-22,27.5,27.68,27.47,27.5,84900.0
2014-12-23,27.5,27.76,27.49,27.61,43600.0
2014-12-24,27.7,27.71,27.18,27.28,60300.0
2014-12-26,27.35,27.71,27.19,27.71,62400.0
2014-12-29,27.75,27.83,27.49,27.56,62600.0
2014-12-30,27.4,27.47,27.15,27.15,90000.0
2014-12-31,27.12,27.18,26.53,26.64,202400.0
2015-01-02,26.63,26.71,26.24,26.48,130000.0
2015-01-05,26.85,27.16,26.85,27.12,115100.0
2015-01-06,27.2,27.32,26.89,27.049999,155400.0
2015-01-07,27.01,27.049999,26.5,26.52,112400.0
2015-01-08,26.5,26.56,26.32,26.38,84500.0
2015-01-09,26.49,26.75,26.42,26.65,130400.0
2015-01-12,26.49,27.11,25.99,26.83,174000.0
2015-01-13,27.11,27.11,25.76,25.86,293400.0
2015-01-14,25.52,26.37,25.26,25.62,209200.0
2015-01-15,25.88,25.91,25.28,25.51,107800.0
2015-01-16,25.55,25.98,25.51,25.87,90100.0
2015-01-20,25.7,26.17,25.64,26.1,136200.0
2015-01-21,26.030001,26.13,25.9,25.98,112000.0
2015-01-22,26.1,26.1,25.73,25.84,99100.0
2015-01-23,25.77,26.09,25.73,26.0,56500.0
2015-01-26,25.85,26.0,25.74,25.83,60500.0
2015-01-27,25.87,25.91,25.59,25.62,78700.0
2015-01-28,25.6,25.68,25.14,25.19,141500.0
2015-01-29,25.02,25.17,24.84,25.14,100200.0
2015-01-30,24.92,25.0,24.67,24.98,73900.0
2015-02-02,25.01,25.39,24.86,24.95,91300.0
2015-02-03,25.2,26.0,25.12,25.8,81900.0
2015-02-04,25.75,25.84,25.54,25.75,65700.0
2015-02-05,25.83,25.98,25.67,25.84,169000.0
2015-02-06,25.92,25.94,25.58,25.91,50700.0
2015-02-09,25.84,26.3,25.84,26.25,106100.0
2015-02-10,26.12,26.21,25.84,26.040001,84900.0
2015-02-11,25.91,26.11,25.8,25.86,87300.0
2015-02-12,25.85,25.92,25.61,25.69,59000.0
2015-02-13,25.72,26.049999,25.72,26.02,67600.0
2015-02-17,26.049999,26.2,25.87,26.15,79300.0
2015-02-18,25.99,26.09,25.74,25.78,41000.0
2015-02-19,25.72,26.2,25.72,26.14,27100.0
2015-02-20,26.08,26.09,25.77,25.87,34900.0
2015-02-23,25.81,25.9,25.41,25.44,78500.0
2015-02-24,25.55,25.94,25.37,25.39,60000.0
2015-02-25,25.39,25.39,25.059999,25.33,87500.0
2015-02-26,25.4,25.72,25.38,25.6,45800.0
2015-02-27,25.6,26.059999,25.43,25.8,64000.0
2015-03-02,25.75,25.95,25.5,25.58,16100.0
2015-03-03,25.66,25.78,25.35,25.72,102500.0
2015-03-04,25.64,25.64,25.43,25.61,64700.0
2015-03-05,25.67,25.8,25.51,25.62,60300.0
2015-03-06,25.45,25.45,25.23,25.37,63200.0
2015-03-09,25.65,25.69,25.49,25.57,28100.0
2015-03-10,25.5,25.7,25.22,25.49,44700.0
2015-03-11,25.71,25.79,25.55,25.68,55500.0
2015-03-12,25.66,25.66,25.39,25.54,25300.0
2015-03-13,25.46,25.46,25.0,25.0,64900.0
2015-03-16,25.01,25.1,24.72,24.96,41700.0
2015-03-17,24.88,24.92,24.43,24.46,75000.0
2015-03-18,24.6,24.75,24.23,24.74,59000.0
2015-03-19,24.67,24.69,24.45,24.67,45300.0
2015-03-20,24.76,25.42,24.76,25.27,103600.0
2015-03-23,25.57,25.65,25.46,25.61,56100.0
2015-03-24,25.58,25.87,25.55,25.84,44600.0
2015-03-25,25.83,25.92,25.72,25.87,59600.0
2015-03-26,25.83,26.0,25.57,25.65,42600.0
2015-03-27,25.6,25.7,25.55,25.64,24300.0
2015-03-30,25.72,25.91,25.67,25.91,24200.0
2015-03-31,25.83,26.1,24.7,24.74,155300.0
2015-04-01,24.75,25.14,24.62,25.049999,47600.0
2015-04-02,24.94,25.49,24.92,25.37,49900.0
2015-04-06,25.37,25.37,25.19,25.25,38800.0
2015-04-07,25.22,25.22,25.09,25.14,11700.0
2015-04-08,25.17,25.17,24.77,24.89,29600.0
2015-04-09,24.86,24.88,24.65,24.84,44100.0
2015-04-10,24.86,24.9,24.63,24.75,25000.0
2015-04-13,24.65,24.69,24.31,24.32,45500.0
2015-04-14,24.41,24.6,24.37,24.48,14600.0
2015-04-15,24.43,24.78,24.43,24.59,22800.0
2015-04-16,24.67,24.7,24.45,24.61,29100.0
2015-04-17,24.59,24.88,24.59,24.81,50900.0
2015-04-20,24.73,24.83,24.58,24.68,19800.0
2015-04-21,24.53,24.53,24.33,24.48,43300.0
2015-04-22,24.35,24.46,24.18,24.44,25400.0
2015-04-23,24.49,24.66,24.23,24.25,29100.0
2015-04-24,24.15,24.15,23.79,23.84,75500.0
2015-04-27,23.66,23.81,23.46,23.5,79500.0
2015-04-28,23.53,23.59,23.36,23.5,45200.0
2015-04-29,23.61,23.7,23.54,23.68,38500.0
2015-04-30,23.69,23.7,23.43,23.52,47400.0
2015-05-01,23.43,23.51,23.22,23.36,56500.0
2015-05-04,23.15,23.34,23.15,23.22,40500.0
2015-05-05,23.01,23.29,22.86,23.25,73000.0
2015-05-06,23.33,23.67,23.29,23.48,85000.0
2015-05-07,23.36,23.37,23.13,23.18,34200.0
2015-05-08,23.17,23.35,23.040001,23.34,45100.0
2015-05-11,23.2,23.25,23.030001,23.09,32800.0
2015-05-12,22.92,23.36,22.92,23.07,113000.0
2015-05-13,23.1,23.27,22.92,23.21,115300.0
2015-05-14,23.42,23.64,23.27,23.62,101100.0
2015-05-15,23.61,23.61,23.3,23.47,85500.0
2015-05-18,23.67,23.79,23.58,23.63,94900.0
2015-05-19,23.43,23.43,23.19,23.29,77600.0
2015-05-20,23.21,23.26,23.040001,23.09,64900.0
2015-05-21,23.18,23.47,23.18,23.39,81800.0
2015-05-22,23.46,23.47,23.14,23.18,32000.0
2015-05-26,23.12,23.12,22.82,22.85,57000.0
2015-05-27,22.79,22.85,22.52,22.55,144100.0
2015-05-28,22.57,22.79,22.45,22.76,49700.0
2015-05-29,22.86,22.9,22.54,22.63,28000.0
2015-06-01,22.62,22.72,22.44,22.67,41600.0
2015-06-02,22.78,23.07,22.76,23.049999,60200.0
2015-06-03,22.99,23.3,22.96,23.1,54700.0
2015-06-04,23.08,23.39,23.01,23.34,48900.0
2015-06-05,23.26,23.53,23.14,23.18,45200.0
2015-06-08,23.31,23.5,23.3,23.46,29500.0
2015-06-09,23.32,23.63,23.32,23.49,80700.0
2015-06-10,23.5,23.55,23.02,23.059999,50200.0
2015-06-11,22.96,23.16,22.87,22.99,58200.0
2015-06-12,22.88,22.98,22.73,22.77,52100.0
2015-06-15,22.63,22.63,22.35,22.41,84100.0
2015-06-16,22.58,22.74,22.38,22.7,218500.0
2015-06-17,22.95,23.1,22.87,23.07,81400.0
2015-06-18,23.040001,23.15,22.97,23.0,32400.0
2015-06-19,22.79,22.81,22.6,22.7,57600.0
2015-06-22,22.72,23.08,22.53,23.030001,127300.0
2015-06-23,23.01,23.49,23.01,23.45,99500.0
2015-06-24,23.3,23.64,23.3,23.36,59300.0
2015-06-25,23.55,24.08,23.55,24.049999,125300.0
2015-06-26,24.61,24.8,24.22,24.4,222700.0
2015-06-29,24.73,24.76,24.34,24.34,151100.0
2015-06-30,24.36,25.92,24.31,25.85,243900.0
2015-07-01,25.74,26.049999,25.43,26.030001,197800.0
2015-07-02,25.8,26.38,25.8,26.21,234400.0
2015-07-06,25.76,26.28,25.6,26.21,118300.0
2015-07-07,25.88,26.040001,25.6,26.01,96500.0
2015-07-08,25.91,26.28,25.91,26.059999,152700.0
2015-07-09,26.23,26.57,26.2,26.29,86700.0
2015-07-10,26.57,26.8,26.07,26.58,129800.0
2015-07-13,26.6,27.0,26.45,26.99,125300.0
2015-07-14,26.85,26.85,26.21,26.23,117200.0
2015-07-15,26.16,26.44,25.87,26.32,179600.0
2015-07-16,26.74,26.74,26.18,26.2,61300.0
2015-07-17,26.0,26.07,25.67,25.73,102300.0
2015-07-20,25.31,25.48,24.93,24.97,197300.0
2015-07-21,24.84,25.2,24.82,25.02,166300.0
2015-07-22,24.72,25.01,24.55,24.77,59600.0
2015-07-23,24.78,24.86,24.57,24.76,66000.0
2015-07-24,24.53,24.54,24.14,24.16,126600.0
2015-07-27,23.71,23.76,23.16,23.17,129200.0
2015-07-28,23.25,23.37,23.02,23.34,67600.0
2015-07-29,23.08,23.26,22.87,22.88,87400.0
2015-07-30,23.13,23.31,22.81,23.31,82800.0
2015-07-31,23.36,23.39,23.030001,23.14,83400.0
2015-08-03,22.8,23.030001,22.73,22.91,62200.0
2015-08-04,23.040001,23.15,22.9,22.99,48000.0
2015-08-05,23.07,23.28,23.07,23.23,36100.0
2015-08-06,23.27,23.27,23.07,23.08,32800.0
2015-08-07,23.1,23.32,23.09,23.24,72700.0
2015-08-10,23.46,24.18,23.46,24.17,124500.0
2015-08-11,23.82,23.82,23.45,23.47,51400.0
2015-08-12,23.48,23.78,21.67,22.57,311500.0
2015-08-13,22.68,22.97,22.36,22.94,171800.0
2015-08-14,22.75,23.049999,22.75,22.94,39700.0
2015-08-17,23.13,23.13,22.81,22.9,42300.0
2015-08-18,22.84,23.09,22.8,23.01,33400.0
2015-08-19,23.08,23.34,23.0,23.030001,41800.0
2015-08-20,23.08,23.28,23.08,23.25,49200.0
2015-08-21,23.26,23.28,22.93,22.99,67200.0
2015-08-24,21.98,23.22,21.98,23.22,155000.0
2015-08-25,23.41,23.48,22.83,22.94,55100.0
2015-08-26,23.01,23.1,22.71,22.75,65800.0
2015-08-27,22.83,23.030001,22.68,22.91,26000.0
2015-08-28,23.08,23.1,22.83,22.84,25900.0
2015-08-31,22.8,22.91,22.66,22.91,16100.0
2015-09-01,22.66,22.76,22.43,22.45,19800.0
2015-09-02,22.47,22.52,22.27,22.39,35600.0
2015-09-03,22.23,22.47,22.11,22.15,22800.0
2015-09-04,22.16,22.31,22.07,22.16,17500.0
2015-09-08,22.21,22.5,22.21,22.47,12600.0
2015-09-09,22.6,22.69,22.47,22.48,9600.0
2015-09-10,22.45,22.84,22.42,22.81,32900.0
2015-09-11,22.81,23.54,22.2,23.51,160400.0
2015-09-14,23.53,23.86,23.46,23.8,85400.0
2015-09-15,23.72,23.86,23.62,23.65,131200.0
2015-09-16,23.64,23.64,23.29,23.44,37200.0
2015-09-17,23.27,23.3,23.15,23.15,29000.0
2015-09-18,23.12,23.17,22.96,23.01,51700.0
2015-09-21,23.15,23.44,23.11,23.4,17500.0
2015-09-22,23.2,23.21,23.040001,23.17,30700.0
2015-09-23,23.34,23.36,23.19,23.29,32000.0
2015-09-24,23.1,23.33,23.1,23.21,12800.0
2015-09-25,23.34,23.61,23.34,23.6,21300.0
2015-09-28,23.6,23.78,23.3,23.46,35300.0
2015-09-29,23.52,23.59,23.41,23.54,19400.0
2015-09-30,23.59,23.84,23.26,23.56,113900.0
2015-10-01,23.57,23.76,23.51,23.56,19600.0
2015-10-02,23.45,23.63,23.33,23.54,24100.0
2015-10-05,23.6,23.79,23.55,23.76,27700.0
2015-10-06,23.88,24.059999,23.87,23.99,40800.0
2015-10-07,24.07,24.1,23.78,23.87,21500.0
2015-10-08,23.84,23.84,23.64,23.67,28500.0
2015-10-09,23.76,23.76,23.17,23.21,116600.0
2015-10-12,23.22,23.22,23.11,23.13,15000.0
2015-10-13,23.1,23.36,23.1,23.3,20500.0
2015-10-14,23.4,23.41,23.01,23.049999,38000.0
2015-10-15,23.0,23.040001,22.85,22.87,28100.0
2015-10-16,22.83,22.96,22.72,22.93,22900.0
2015-10-19,22.83,22.88,22.69,22.69,14800.0
2015-10-20,22.82,22.91,22.75,22.9,7300.0
2015-10-21,22.84,22.99,22.75,22.94,31300.0
2015-10-22,23.040001,23.07,22.83,22.85,16300.0
2015-10-23,22.82,22.92,22.67,22.9,8200.0
2015-10-26,22.89,23.23,22.86,23.19,18500.0
2015-10-27,23.15,23.35,22.97,22.99,13100.0
2015-10-28,22.9,22.9,22.76,22.79,20900.0
2015-10-29,22.84,23.01,22.8,22.97,20000.0
2015-10-30,22.98,23.15,22.97,23.08,18700.0
2015-11-02,22.88,22.89,22.71,22.72,21300.0
2015-11-03,22.85,22.99,22.76,22.88,12600.0
2015-11-04,22.88,23.11,22.73,22.9,21800.0
2015-11-05,22.77,22.77,22.58,22.6,14400.0
2015-11-06,22.56,22.61,22.46,22.58,12500.0
2015-11-09,22.59,22.59,22.24,22.27,20700.0
2015-11-10,22.17,22.17,21.5,21.9,39700.0
2015-11-11,21.9,21.91,21.8,21.91,13100.0
2015-11-12,21.81,21.89,21.73,21.87,11000.0
2015-11-13,21.75,21.82,21.68,21.69,26000.0
2015-11-16,21.73,21.79,21.63,21.72,28600.0
2015-11-17,21.72,21.8,21.61,21.77,19600.0
2015-11-18,21.85,21.85,21.64,21.77,55500.0
2015-11-19,21.87,21.94,21.75,21.88,19700.0
2015-11-20,21.86,22.02,21.83,21.91,24500.0
2015-11-23,21.73,22.049999,21.73,22.02,22800.0
2015-11-24,21.98,22.0,21.86,21.89,32000.0
2015-11-25,21.9,22.030001,21.9,21.99,10100.0
2015-11-27,21.87,21.87,21.73,21.75,6000.0
2015-11-30,21.7,22.09,21.7,22.030001,49600.0
2015-12-01,22.11,22.14,21.93,22.13,29500.0
2015-12-02,22.01,22.01,21.86,21.87,9500.0
2015-12-03,21.86,22.3,21.8,22.23,23200.0
2015-12-04,22.32,22.52,22.26,22.52,27100.0
2015-12-07,22.36,22.47,22.030001,22.059999,59300.0
2015-12-08,22.13,22.13,22.01,22.040001,17300.0
2015-12-09,22.13,22.36,21.86,22.08,63600.0
2015-12-10,22.14,22.38,22.0,22.31,24500.0
2015-12-11,22.34,22.36,21.84,22.17,16500.0
2015-12-14,22.11,22.33,22.11,22.29,27400.0
2015-12-15,22.23,22.28,22.12,22.2,12800.0
2015-12-16,22.1,22.13,21.77,21.86,24000.0
2015-12-17,21.69,22.13,21.47,22.08,36900.0
2015-12-18,22.34,22.41,22.08,22.13,44900.0
2015-12-21,22.15,22.17,21.87,22.0,23600.0
2015-12-22,21.98,22.059999,21.67,21.7,33400.0
2015-12-23,21.7,21.7,21.62,21.64,12100.0
2015-12-24,21.65,21.65,21.54,21.59,14500.0
2015-12-28,21.59,21.62,21.37,21.43,32500.0
2015-12-29,21.37,21.52,21.2,21.48,68000.0
2015-12-30,21.49,21.49,21.23,21.28,28100.0
2015-12-31,21.2,21.3,21.18,21.22,17400.0
2016-01-04,21.15,21.21,20.82,20.88,33100.0
2016-01-05,20.96,21.07,20.84,20.91,13000.0
2016-01-06,20.83,20.92,20.73,20.87,20300.0
2016-01-07,20.75,20.94,20.66,20.92,41600.0
2016-01-08,20.95,21.16,20.95,21.14,17700.0
2016-01-11,20.94,21.25,20.75,20.83,27700.0
2016-01-12,20.8,21.4,20.8,21.030001,26900.0
2016-01-13,21.12,21.26,21.09,21.15,25700.0
2016-01-14,21.1,21.2,21.049999,21.08,19100.0
2016-01-15,21.01,21.35,21.01,21.3,19000.0
2016-01-19,21.51,21.69,21.43,21.62,28900.0
2016-01-20,21.51,21.69,21.47,21.65,34100.0
2016-01-21,21.7,21.79,21.5,21.5,21800.0
2016-01-22,21.71,21.72,21.59,21.66,8200.0
2016-01-25,21.64,21.78,21.58,21.68,29200.0
2016-01-26,21.71,21.84,21.62,21.62,22100.0
2016-01-27,21.62,21.75,21.55,21.62,23000.0
2016-01-28,21.61,21.61,21.41,21.42,10400.0
2016-01-29,21.45,21.77,21.45,21.72,22800.0
2016-02-01,21.55,21.71,21.55,21.69,8700.0
2016-02-02,21.66,21.85,21.59,21.78,30400.0
2016-02-03,21.84,21.86,21.73,21.73,10900.0
2016-02-04,21.89,21.89,21.59,21.64,33800.0
2016-02-05,21.62,21.62,21.41,21.44,38600.0
2016-02-08,21.4,21.54,21.2,21.24,32900.0
2016-02-09,21.2,21.24,21.07,21.19,28700.0
2016-02-10,21.07,21.22,21.07,21.14,17700.0
2016-02-11,21.059999,21.21,21.01,21.14,21000.0
2016-02-12,21.13,21.13,21.030001,21.030001,20300.0
2016-02-16,21.049999,21.22,21.049999,21.2,24400.0
2016-02-17,21.25,21.46,21.2,21.45,21600.0
2016-02-18,21.4,21.45,21.33,21.33,10200.0
2016-02-19,21.3,21.44,21.28,21.34,4500.0
2016-02-22,21.43,21.51,21.4,21.48,44500.0
2016-02-23,21.39,21.41,21.17,21.17,21400.0
2016-02-24,21.11,21.22,21.01,21.059999,51000.0
2016-02-25,21.15,21.15,20.84,20.88,18400.0
2016-02-26,20.86,20.86,20.66,20.83,27100.0
2016-02-29,20.87,20.87,20.62,20.63,22400.0
2016-03-01,20.63,20.63,20.55,20.57,31200.0
2016-03-02,20.55,20.62,20.51,20.54,142600.0
2016-03-03,20.66,20.66,20.49,20.6,50600.0
2016-03-04,20.8,20.82,20.62,20.78,33900.0
2016-03-07,20.82,20.91,20.75,20.8,42500.0
2016-03-08,20.71,20.94,20.64,20.85,20900.0
2016-03-09,20.82,20.85,20.68,20.76,20300.0
2016-03-10,20.72,20.97,20.72,20.92,21800.0
2016-03-11,20.95,21.059999,20.9,21.02,30600.0
2016-03-14,21.14,21.29,21.12,21.25,105600.0
2016-03-15,21.09,21.29,21.09,21.26,26100.0
2016-03-16,21.15,21.25,21.13,21.24,13800.0
2016-03-17,21.35,21.43,21.18,21.22,41300.0
2016-03-18,21.19,21.28,21.11,21.15,19000.0
2016-03-21,21.14,21.31,21.07,21.29,84900.0
2016-03-22,21.34,21.42,21.27,21.3,44700.0
2016-03-23,21.12,21.23,21.08,21.2,52600.0
2016-03-24,21.17,21.28,21.13,21.26,8900.0
2016-03-28,21.17,21.36,21.12,21.32,25100.0
2016-03-29,21.21,21.42,21.21,21.42,67300.0
2016-03-30,21.38,21.45,21.049999,21.1,25400.0
2016-03-31,21.0,21.040001,20.0,20.12,199000.0
2016-04-01,20.0,20.28,19.92,20.25,54100.0
2016-04-04,20.18,20.27,20.14,20.21,18000.0
2016-04-05,20.26,20.36,20.18,20.35,18100.0
2016-04-06,20.33,20.44,20.26,20.37,19700.0
2016-04-07,20.44,20.57,20.41,20.57,19300.0
2016-04-08,20.57,20.61,20.39,20.59,9200.0
2016-04-11,20.42,20.43,20.27,20.29,25000.0
2016-04-12,20.55,20.65,20.28,20.58,41600.0
2016-04-13,20.77,21.2,20.76,21.2,63400.0
2016-04-14,21.13,21.29,21.07,21.2,21200.0
2016-04-15,21.16,21.53,21.16,21.36,61000.0
2016-04-18,21.34,21.67,21.3,21.58,52300.0
2016-04-19,21.5,21.91,21.5,21.87,46500.0
2016-04-20,21.88,22.4,21.74,22.38,58800.0
2016-04-21,22.48,22.48,21.7,21.7,70200.0
2016-04-22,21.56,21.57,20.95,20.99,63600.0
2016-04-25,21.040001,21.74,21.040001,21.48,38900.0
2016-04-26,21.52,21.74,21.29,21.74,18100.0
2016-04-27,21.66,21.66,21.45,21.53,12700.0
2016-04-28,21.51,22.040001,21.51,21.84,80400.0
2016-04-29,21.98,21.98,21.79,21.94,28500.0
2016-05-02,21.9,21.94,21.54,21.93,46500.0
2016-05-03,21.84,21.84,21.14,21.25,109400.0
2016-05-04,21.3,21.45,21.11,21.12,38300.0
2016-05-05,21.11,21.15,20.87,20.96,100300.0
2016-05-06,21.08,21.23,21.08,21.19,40300.0
2016-05-09,21.21,21.21,20.67,20.68,56400.0
2016-05-10,20.68,21.57,20.67,21.31,112800.0
2016-05-11,21.27,21.27,21.040001,21.25,16500.0
2016-05-12,21.45,21.79,21.33,21.79,76400.0
2016-05-13,21.58,21.87,21.58,21.85,38100.0
2016-05-16,21.78,21.97,21.67,21.96,34100.0
2016-05-17,22.0,22.18,21.94,22.18,94200.0
2016-05-18,22.030001,22.25,21.98,22.059999,169600.0
2016-05-19,22.049999,22.049999,21.48,21.7,146800.0
2016-05-20,21.88,22.0,21.67,21.83,32900.0
2016-05-23,21.74,22.049999,21.73,22.02,22600.0
2016-05-24,21.91,22.23,21.87,21.9,73000.0
2016-05-25,22.02,22.26,22.02,22.24,80700.0
2016-05-26,22.31,22.36,22.0,22.36,45200.0
2016-05-27,22.28,22.54,22.24,22.54,58400.0
2016-05-31,22.49,22.5,22.14,22.14,45100.0
2016-06-01,22.02,22.61,22.02,22.61,77800.0
2016-06-02,22.62,22.76,22.52,22.55,63100.0
2016-06-03,22.71,22.79,22.43,22.76,76200.0
2016-06-06,22.91,23.16,22.91,23.15,98500.0
2016-06-07,23.13,23.29,22.97,23.23,66800.0
2016-06-08,23.41,23.69,23.25,23.26,186800.0
2016-06-09,23.19,23.25,23.049999,23.11,83800.0
2016-06-10,23.22,23.43,22.75,22.94,202400.0
2016-06-13,23.51,23.64,23.24,23.29,65100.0
2016-06-14,23.15,23.6,23.040001,23.54,180300.0
2016-06-15,23.65,23.65,23.12,23.16,55700.0
2016-06-16,23.11,23.2,22.79,23.030001,87100.0
2016-06-17,23.3,23.64,23.3,23.6,46700.0
2016-06-20,23.25,23.25,22.88,22.88,103900.0
2016-06-21,22.57,22.57,21.92,21.96,214700.0
2016-06-22,21.88,22.12,21.66,21.67,95600.0
2016-06-23,21.55,21.55,21.3,21.48,103100.0
2016-06-24,20.98,21.48,20.82,21.33,163100.0
2016-06-27,21.5,21.58,21.26,21.36,54000.0
2016-06-28,21.73,21.79,21.21,21.27,83500.0
2016-06-29,21.2,21.2,20.71,20.78,108900.0
2016-06-30,20.81,20.81,20.040001,20.5,242800.0
2016-07-01,20.3,20.35,20.11,20.15,129100.0
2016-07-05,20.14,20.14,19.26,19.7,173100.0
2016-07-06,19.42,19.44,19.15,19.35,142300.0
2016-07-07,19.81,19.86,19.23,19.3,576300.0
2016-07-08,19.6,19.95,19.49,19.94,219100.0
2016-07-11,20.17,20.17,19.39,19.66,259400.0
2016-07-12,19.5,19.87,19.32,19.83,168500.0
2016-07-13,20.22,20.5,20.2,20.31,166400.0
2016-07-14,20.67,20.67,19.92,19.95,181400.0
2016-07-15,20.059999,20.059999,19.65,19.71,132900.0
2016-07-18,19.75,20.01,19.52,20.01,338700.0
2016-07-19,19.62,19.62,19.27,19.34,189700.0
2016-07-20,19.33,19.49,18.96,19.07,322000.0
2016-07-21,19.059999,19.13,18.88,18.92,311000.0
2016-07-22,18.8,19.049999,18.57,19.030001,157300.0
2016-07-25,19.030001,19.030001,18.74,18.95,102900.0
2016-07-26,18.85,19.030001,18.77,18.83,65200.0
2016-07-27,19.0,19.09,18.8,18.94,68900.0
2016-07-28,18.9,18.93,18.65,18.77,84600.0
2016-07-29,18.72,18.96,18.71,18.94,64900.0
2016-08-01,18.83,18.83,18.55,18.59,130900.0
2016-08-02,18.61,18.68,18.35,18.64,117200.0
2016-08-03,18.7,18.85,18.6,18.75,66600.0
2016-08-04,18.72,18.8,18.51,18.52,292500.0
2016-08-05,18.57,18.7,18.46,18.64,93400.0
2016-08-08,18.72,18.8,18.52,18.72,76100.0
2016-08-09,18.62,18.7,18.58,18.64,92100.0
2016-08-10,18.63,18.75,18.58,18.63,80200.0
2016-08-11,18.63,18.66,18.55,18.61,29200.0
2016-08-12,18.55,18.69,18.11,18.69,332000.0
2016-08-15,18.82,19.0,18.7,18.86,160600.0
2016-08-16,18.9,18.9,18.69,18.82,185400.0
2016-08-17,18.81,18.95,18.8,18.94,98200.0
2016-08-18,18.92,19.14,18.78,19.14,232600.0
2016-08-19,19.02,19.17,18.97,19.17,307700.0
2016-08-22,19.02,19.15,18.94,19.12,142700.0
2016-08-23,18.95,18.95,18.7,18.84,132900.0
2016-08-24,18.73,18.92,18.7,18.77,61600.0
2016-08-25,18.75,18.75,18.51,18.56,64400.0
2016-08-26,18.58,18.65,18.18,18.22,137500.0
2016-08-29,18.17,18.17,17.95,18.01,347100.0
2016-08-30,18.0,18.0,17.71,17.74,216100.0
2016-08-31,17.75,17.9,17.68,17.71,141500.0
2016-09-01,17.88,18.2,17.87,18.12,214800.0
2016-09-02,18.36,18.42,18.25,18.36,123000.0
2016-09-06,18.23,18.43,18.09,18.27,56700.0
2016-09-07,18.4,18.63,18.4,18.61,70400.0
2016-09-08,18.65,18.86,18.57,18.85,111600.0
2016-09-09,18.72,19.040001,18.66,18.96,82600.0
2016-09-12,18.93,19.11,18.74,18.95,129200.0
2016-09-13,18.7,18.7,18.43,18.45,97200.0
2016-09-14,18.43,18.57,18.27,18.55,75300.0
2016-09-15,18.55,18.6,18.32,18.38,53300.0
2016-09-16,18.34,18.79,18.29,18.72,58300.0
2016-09-19,18.75,18.89,18.52,18.75,75000.0
2016-09-20,18.86,19.0,18.81,18.87,111600.0
2016-09-21,18.86,18.9,18.81,18.87,60400.0
2016-09-22,18.84,18.87,18.63,18.69,80700.0
2016-09-23,18.61,18.79,18.6,18.62,35800.0
2016-09-26,18.56,18.56,18.29,18.32,57700.0
2016-09-27,18.35,18.48,18.23,18.47,43300.0
2016-09-28,18.41,18.42,18.33,18.34,65800.0
2016-09-29,18.48,18.48,18.29,18.33,64100.0
2016-09-30,18.21,18.73,18.12,18.68,218400.0
2016-10-03,18.64,19.24,18.64,19.18,367600.0
2016-10-04,19.14,19.3,19.07,19.29,158800.0
2016-10-05,19.14,19.35,19.13,19.3,626800.0
2016-10-06,19.2,19.26,18.8,18.91,111600.0
2016-10-07,18.91,19.09,18.84,18.89,31400.0
2016-10-10,18.93,19.09,18.93,19.049999,51800.0
2016-10-11,19.01,19.21,18.97,19.13,99600.0
2016-10-12,19.19,19.29,18.72,18.75,168800.0
2016-10-13,18.8,19.36,18.8,19.33,76100.0
2016-10-14,19.5,19.75,19.45,19.52,196600.0
2016-10-17,19.59,19.64,19.37,19.56,78900.0
2016-10-18,19.5,19.71,19.43,19.55,50400.0
2016-10-19,19.43,19.72,19.43,19.71,36000.0
2016-10-20,19.7,19.77,19.33,19.37,111200.0
2016-10-21,19.37,19.49,19.37,19.42,28800.0
2016-10-24,19.45,19.45,19.13,19.25,60700.0
2016-10-25,19.25,19.44,19.18,19.3,32500.0
2016-10-26,19.35,19.57,19.34,19.49,44900.0
2016-10-27,19.51,19.67,19.43,19.63,74300.0
2016-10-28,19.56,19.64,19.45,19.53,64400.0
2016-10-31,19.33,19.61,19.33,19.44,47600.0
2016-11-01,19.42,19.46,19.1,19.21,123900.0
2016-11-02,19.22,19.3,19.01,19.16,59800.0
2016-11-03,19.16,19.23,19.049999,19.19,62600.0
2016-11-04,19.07,19.28,19.07,19.17,27000.0
2016-11-07,19.16,19.17,19.040001,19.1,39800.0
2016-11-08,19.16,19.61,19.12,19.45,101200.0
2016-11-09,19.25,19.52,18.8,18.82,702100.0
2016-11-10,18.97,19.049999,18.77,18.85,96400.0
2016-11-11,18.8,18.84,18.69,18.76,60000.0
2016-11-14,18.65,18.69,18.52,18.6,125500.0
2016-11-15,18.64,18.8,18.6,18.78,30200.0
2016-11-16,18.85,18.85,18.63,18.66,42000.0
2016-11-17,18.63,18.81,18.58,18.76,22600.0
2016-11-18,18.78,18.98,18.78,18.96,75300.0
2016-11-21,19.0,19.2,18.95,19.19,208700.0
2016-11-22,19.08,19.27,19.08,19.24,95400.0
2016-11-23,19.1,19.26,19.040001,19.26,80700.0
2016-11-25,19.26,19.26,19.16,19.23,9500.0
2016-11-28,19.2,19.34,19.12,19.21,21800.0
2016-11-29,19.1,19.1,18.72,18.72,123400.0
2016-11-30,18.75,18.95,18.72,18.74,36400.0
2016-12-01,18.75,18.75,18.42,18.45,288600.0
2016-12-02,18.55,18.66,18.48,18.65,62300.0
2016-12-05,18.74,19.26,18.74,19.2,187400.0
2016-12-06,19.26,19.48,19.22,19.23,82900.0
2016-12-07,19.18,19.24,19.09,19.18,64100.0
2016-12-08,19.17,19.27,18.81,18.99,113300.0
2016-12-09,19.049999,19.2,18.85,19.17,112800.0
2016-12-12,19.14,19.28,19.1,19.26,60700.0
2016-12-13,19.22,19.47,19.22,19.33,81800.0
2016-12-14,19.25,19.35,19.18,19.32,52800.0
2016-12-15,19.25,19.39,19.059999,19.059999,115200.0
2016-12-16,19.16,19.16,18.95,19.13,61800.0
2016-12-19,19.0,19.02,18.84,18.94,47500.0
2016-12-20,18.85,18.91,18.77,18.78,121200.0
2016-12-21,18.76,18.81,18.62,18.64,53600.0
2016-12-22,18.58,18.64,18.56,18.63,49200.0
2016-12-23,18.57,18.6,18.52,18.57,40700.0
2016-12-27,18.71,19.02,18.71,18.94,61200.0
2016-12-28,18.83,18.91,18.61,18.65,58900.0
2016-12-29,18.7,18.76,18.6,18.72,67400.0
2016-12-30,18.67,18.84,18.65,18.71,40600.0
2017-01-03,18.8,19.059999,18.8,18.93,111000.0
2017-01-04,19.040001,19.17,18.94,19.17,103700.0
2017-01-05,19.16,19.29,19.11,19.22,74700.0
2017-01-06,19.22,19.22,19.030001,19.12,32400.0
2017-01-09,19.07,19.21,19.0,19.19,65200.0
2017-01-10,19.11,19.15,19.059999,19.12,25800.0
2017-01-11,19.07,19.09,18.84,19.059999,44600.0
2017-01-12,19.0,19.17,18.9,19.11,140500.0
2017-01-13,19.01,19.15,18.98,19.14,54200.0
2017-01-17,19.27,19.48,19.27,19.45,146400.0
2017-01-18,19.37,19.55,19.37,19.43,143700.0
2017-01-19,19.38,19.53,19.33,19.48,43900.0
2017-01-20,19.5,19.65,19.5,19.65,65400.0
2017-01-23,19.63,19.65,19.55,19.65,34500.0
2017-01-24,19.61,19.61,19.31,19.37,45500.0
2017-01-25,19.32,19.51,19.3,19.49,77500.0
2017-01-26,19.48,19.49,19.28,19.37,64100.0
2017-01-27,19.38,19.38,19.19,19.29,30300.0
2017-01-30,19.15,19.15,18.97,19.07,81200.0
2017-01-31,19.08,19.23,19.07,19.14,45300.0
2017-02-01,19.15,19.6,19.12,19.54,60700.0
2017-02-02,19.57,19.66,19.49,19.49,47900.0
2017-02-03,19.53,19.53,19.4,19.42,33600.0
2017-02-06,19.51,19.53,19.31,19.37,37500.0
2017-02-07,19.41,19.64,19.37,19.59,45200.0
2017-02-08,19.63,19.73,19.52,19.65,43700.0
2017-02-09,19.67,19.77,19.58,19.61,46400.0
2017-02-10,19.75,19.89,19.74,19.85,666600.0
2017-02-13,19.84,19.94,19.76,19.88,132600.0
2017-02-14,19.86,19.87,19.8,19.85,65900.0
2017-02-15,19.81,20.049999,19.74,20.040001,65400.0
2017-02-16,20.040001,20.1,19.79,19.79,128600.0
2017-02-17,19.63,19.77,19.55,19.55,74700.0
2017-02-21,19.52,19.65,19.46,19.62,49300.0
2017-02-22,19.63,19.73,19.62,19.68,27800.0
2017-02-23,19.69,19.71,19.39,19.41,590500.0
2017-02-24,19.4,19.4,19.26,19.35,47400.0
2017-02-27,19.21,19.33,19.15,19.22,75300.0
2017-02-28,19.3,20.02,19.3,19.41,207400.0
2017-03-01,19.53,19.9,19.48,19.89,102300.0
2017-03-02,19.77,19.85,19.62,19.68,31600.0
2017-03-03,19.77,19.8,19.62,19.76,55800.0
2017-03-06,19.82,19.82,19.61,19.66,42800.0
2017-03-07,19.56,19.63,19.45,19.55,41200.0
2017-03-08,19.46,19.55,19.38,19.39,46000.0
2017-03-09,19.38,19.43,19.1,19.13,61000.0
2017-03-10,19.1,19.1,18.92,19.02,175900.0
2017-03-13,18.86,18.95,18.81,18.84,94200.0
2017-03-14,18.8,18.98,18.77,18.88,53800.0
2017-03-15,19.01,19.01,18.89,18.95,32300.0
2017-03-16,19.08,19.1,18.98,19.040001,31900.0
2017-03-17,18.98,19.16,18.98,19.16,71500.0
2017-03-20,19.27,19.27,18.94,18.94,58100.0
2017-03-21,18.85,18.97,18.75,18.85,47800.0
2017-03-22,18.83,18.83,18.69,18.73,64600.0
2017-03-23,18.68,18.74,18.6,18.62,27500.0
2017-03-24,18.64,18.68,18.57,18.61,17500.0
2017-03-27,18.64,18.7,18.52,18.62,31100.0
2017-03-28,18.72,18.75,18.65,18.68,67700.0
2017-03-29,18.72,18.77,18.65,18.71,41500.0
2017-03-30,18.65,18.7,18.62,18.69,47800.0
2017-03-31,18.68,19.11,18.54,19.030001,211400.0
2017-04-03,19.2,19.35,19.14,19.17,117000.0
2017-04-04,19.12,19.2,18.94,18.94,62200.0
2017-04-05,19.030001,19.059999,18.89,18.99,40000.0
2017-04-06,19.049999,19.049999,18.81,18.86,22700.0
2017-04-07,18.86,18.86,18.7,18.8,20900.0
2017-04-10,18.91,19.09,18.85,19.059999,55100.0
2017-04-11,19.11,19.19,18.89,19.049999,71200.0
2017-04-12,19.12,19.3,19.07,19.2,37200.0
2017-04-13,19.3,19.34,19.25,19.25,54000.0
2017-04-17,19.24,19.24,19.0,19.030001,31800.0
2017-04-18,18.96,18.96,18.77,18.83,43700.0
2017-04-19,18.85,19.0,18.79,18.82,57300.0
2017-04-20,18.9,18.91,18.58,18.59,43700.0
2017-04-21,18.6,18.66,18.47,18.59,37200.0
2017-04-24,18.68,18.74,18.55,18.68,65400.0
2017-04-25,18.56,19.1,18.56,18.95,93700.0
2017-04-26,19.059999,19.08,18.7,18.71,30900.0
2017-04-27,18.79,18.93,18.74,18.79,37500.0
2017-04-28,18.78,18.78,18.6,18.71,22300.0
2017-05-01,19.0,19.32,19.0,19.21,134100.0
2017-05-02,19.19,19.19,18.9,19.01,96000.0
2017-05-03,18.97,19.15,18.97,19.09,19400.0
2017-05-04,18.96,18.96,18.71,18.74,52200.0
2017-05-05,18.86,19.08,18.85,18.95,31400.0
2017-05-08,18.93,18.93,18.66,18.7,48300.0
2017-05-09,18.73,18.85,18.71,18.72,27200.0
2017-05-10,18.78,19.040001,18.7,19.0,88400.0
2017-05-11,18.93,18.98,18.84,18.84,31400.0
2017-05-12,18.8,18.96,18.8,18.91,15700.0
2017-05-15,18.93,18.97,18.76,18.77,71300.0
2017-05-16,18.78,18.86,18.67,18.79,47900.0
2017-05-17,18.81,18.98,18.81,18.94,36700.0
2017-05-18,18.71,18.82,18.62,18.66,38600.0
2017-05-19,18.76,19.0,18.76,18.98,50300.0
2017-05-22,19.040001,19.19,19.040001,19.1,92900.0
2017-05-23,19.040001,19.1,18.86,18.88,51600.0
2017-05-24,18.92,18.93,18.84,18.91,22400.0
2017-05-25,18.97,19.0,18.83,18.86,32800.0
2017-05-26,18.9,19.07,18.88,19.040001,45400.0
2017-05-30,18.94,18.97,18.72,18.75,73900.0
2017-05-31,18.95,19.15,18.94,18.97,76800.0
2017-06-01,18.93,18.93,18.75,18.9,67600.0
2017-06-02,19.01,19.08,18.94,18.98,39200.0
2017-06-05,19.01,19.1,18.97,19.01,26200.0
2017-06-06,19.08,19.3,19.07,19.25,72200.0
2017-06-07,19.4,19.57,19.4,19.5,113300.0
2017-06-08,19.65,19.74,19.45,19.46,128700.0
2017-06-09,19.43,19.67,19.43,19.63,102100.0
2017-06-12,19.4,19.4,19.15,19.2,98900.0
2017-06-13,19.3,19.48,19.24,19.39,68200.0
2017-06-14,19.36,19.51,19.19,19.21,43400.0
2017-06-15,19.059999,19.4,18.87,19.23,82500.0
2017-06-16,19.31,19.52,19.26,19.52,65200.0
2017-06-19,19.34,19.34,19.08,19.13,66000.0
2017-06-20,19.049999,19.049999,18.85,18.85,98700.0
2017-06-21,18.91,18.98,18.82,18.84,55300.0
2017-06-22,18.69,18.73,18.55,18.55,135900.0
2017-06-23,18.54,18.54,18.27,18.37,227900.0
2017-06-26,18.42,18.47,18.35,18.45,77200.0
2017-06-27,18.53,18.64,18.41,18.42,24700.0
2017-06-28,18.43,18.43,18.34,18.42,50300.0
2017-06-29,18.54,18.61,18.47,18.52,77700.0
2017-06-30,18.76,19.16,18.61,19.049999,201200.0
2017-07-03,19.36,19.68,19.16,19.33,265300.0
2017-07-05,19.34,19.61,19.25,19.59,205000.0
2017-07-06,19.28,19.57,19.22,19.53,184500.0
2017-07-07,19.6,19.77,19.53,19.56,143400.0
2017-07-10,19.85,20.02,19.85,19.99,196500.0
2017-07-11,19.88,20.049999,19.78,19.99,121000.0
2017-07-12,19.82,19.82,19.26,19.33,240400.0
2017-07-13,19.030001,19.049999,18.63,18.74,399400.0
2017-07-14,18.9,19.09,18.85,18.97,115200.0
2017-07-17,18.91,19.08,18.86,18.99,114400.0
2017-07-18,19.45,19.48,18.99,19.059999,259700.0
2017-07-19,19.27,19.56,19.15,19.3,213900.0
2017-07-20,19.46,19.72,19.44,19.62,131300.0
2017-07-21,19.4,19.41,19.16,19.2,174900.0
2017-07-24,18.88,19.09,18.82,19.040001,167000.0
2017-07-25,18.91,18.95,18.68,18.72,263300.0
2017-07-26,18.66,18.9,18.6,18.86,120900.0
2017-07-27,18.98,19.08,18.9,18.9,60700.0
2017-07-28,18.94,19.08,18.9,19.02,92900.0
2017-07-31,18.77,18.91,18.71,18.88,182700.0
2017-08-01,18.76,18.76,18.45,18.5,218000.0
2017-08-02,18.69,18.69,18.55,18.59,53600.0
2017-08-03,18.45,18.65,18.41,18.59,115100.0
2017-08-04,18.67,18.72,18.59,18.71,88200.0
2017-08-07,18.8,18.92,18.78,18.89,192100.0
2017-08-08,18.96,18.96,18.76,18.79,168400.0
2017-08-09,18.76,18.89,18.76,18.84,44800.0
2017-08-10,18.88,19.0,18.2,18.32,327900.0
2017-08-11,18.3,18.44,18.26,18.42,88900.0
2017-08-14,18.25,18.48,18.2,18.46,68100.0
2017-08-15,18.29,18.3,18.09,18.16,113300.0
2017-08-16,18.15,18.15,17.9,18.059999,288300.0
2017-08-17,18.030001,18.059999,17.91,17.92,114100.0
2017-08-18,17.92,18.030001,17.92,17.99,58100.0
2017-08-21,17.9,17.95,17.83,17.87,106500.0
2017-08-22,17.88,17.89,17.78,17.78,64400.0
2017-08-23,17.9,17.9,17.59,17.6,86500.0
2017-08-24,17.62,17.64,17.54,17.63,43800.0
2017-08-25,17.6,17.6,17.47,17.48,70900.0
2017-08-28,17.52,17.52,17.37,17.41,35900.0
2017-08-29,17.3,17.35,17.24,17.31,72800.0
2017-08-30,17.28,17.28,17.12,17.13,85600.0
2017-08-31,17.14,17.7,17.11,17.69,108600.0
2017-09-01,17.81,17.81,17.5,17.56,61300.0
2017-09-05,17.72,17.81,17.68,17.71,78200.0
2017-09-06,17.7,17.88,17.68,17.84,56300.0
2017-09-07,17.76,17.79,17.56,17.6,87700.0
2017-09-08,17.63,17.72,17.63,17.66,39500.0
2017-09-11,17.6,17.74,17.56,17.67,29200.0
2017-09-12,17.58,17.6,17.14,17.4,331300.0
2017-09-13,17.49,17.63,17.42,17.43,52100.0
2017-09-14,17.47,17.6,17.47,17.54,36200.0
2017-09-15,17.51,17.59,17.47,17.57,33400.0
2017-09-18,17.52,17.52,17.37,17.41,53300.0
2017-09-19,17.45,17.47,17.18,17.28,67300.0
2017-09-20,17.35,17.4,17.32,17.37,41900.0
2017-09-21,17.3,17.4,17.3,17.37,21800.0
2017-09-22,17.42,17.62,17.4,17.48,39000.0
2017-09-25,17.41,17.55,17.41,17.52,42900.0
2017-09-26,17.48,17.59,17.45,17.47,102800.0
2017-09-27,17.37,17.57,17.32,17.56,46600.0
2017-09-28,17.5,17.5,17.43,17.48,41200.0
2017-09-29,17.54,17.72,17.4,17.64,100200.0
2017-10-02,17.56,17.58,17.42,17.47,30400.0
2017-10-03,17.37,17.42,17.34,17.36,66600.0
2017-10-04,17.35,17.35,17.22,17.3,55900.0
2017-10-05,17.35,17.44,17.29,17.37,29800.0
2017-10-06,17.37,17.44,17.37,17.41,24500.0
2017-10-09,17.42,17.42,17.31,17.39,25300.0
2017-10-10,17.44,17.45,17.32,17.34,17400.0
2017-10-11,17.33,17.33,17.2,17.2,41800.0
2017-10-12,17.2,17.57,17.08,17.36,199200.0
2017-10-13,17.39,17.55,17.35,17.51,52300.0
2017-10-16,17.51,17.51,17.4,17.44,23900.0
2017-10-17,17.35,17.45,17.33,17.4,33100.0
2017-10-18,17.35,17.36,17.29,17.33,55800.0
2017-10-19,17.35,17.44,17.34,17.34,113100.0
2017-10-20,17.39,17.39,17.18,17.19,78100.0
2017-10-23,17.2,17.47,17.13,17.47,84800.0
2017-10-24,17.45,17.54,17.43,17.52,25700.0
2017-10-25,17.58,17.64,17.44,17.46,52300.0
2017-10-26,17.43,17.47,17.39,17.41,42500.0
2017-10-27,17.35,17.39,17.3,17.34,60000.0
2017-10-30,17.3,17.36,17.28,17.35,31300.0
2017-10-31,17.34,17.34,17.19,17.21,47300.0
2017-11-01,17.25,17.33,17.25,17.29,36000.0
2017-11-02,17.33,17.43,17.33,17.4,47000.0
2017-11-03,17.37,17.4,17.27,17.32,34600.0
2017-11-06,17.36,17.36,17.27,17.27,57800.0
2017-11-07,17.26,17.29,17.21,17.27,33500.0
2017-11-08,17.21,17.31,17.18,17.23,35500.0
2017-11-09,17.32,17.32,16.95,17.0,179900.0
2017-11-10,17.0,17.059999,16.95,17.040001,56600.0
2017-11-13,16.95,17.0,16.95,16.96,50200.0
2017-11-14,16.95,16.95,16.75,16.78,112300.0
2017-11-15,16.78,16.82,16.76,16.81,40400.0
2017-11-16,16.8,16.8,16.68,16.69,72100.0
2017-11-17,16.72,17.0,16.72,16.97,109600.0
2017-11-20,16.91,17.040001,16.89,17.01,57000.0
2017-11-21,16.94,17.030001,16.93,16.98,71800.0
2017-11-22,16.95,17.1,16.95,17.030001,41500.0
2017-11-24,17.01,17.07,16.87,16.93,36900.0
2017-11-27,16.93,16.96,16.82,16.83,34700.0
2017-11-28,16.83,16.83,16.72,16.72,36500.0
2017-11-29,16.74,16.92,16.74,16.92,44400.0
2017-11-30,16.88,17.040001,16.86,16.99,99200.0
2017-12-01,17.0,17.13,17.0,17.08,57600.0
2017-12-04,17.15,17.15,16.84,16.88,47300.0
2017-12-05,16.9,17.040001,16.86,16.91,31200.0
2017-12-06,16.98,16.98,16.79,16.83,41100.0
2017-12-07,16.79,16.83,16.77,16.81,31400.0
2017-12-08,16.87,16.89,16.82,16.84,22300.0
2017-12-11,16.78,16.78,16.66,16.7,46100.0
2017-12-12,16.67,16.85,16.62,16.65,68900.0
2017-12-13,16.62,16.73,16.62,16.68,321000.0
2017-12-14,16.67,16.73,16.64,16.67,44200.0
2017-12-15,16.65,16.73,16.57,16.57,102800.0
2017-12-18,16.59,16.63,16.57,16.58,58100.0
2017-12-19,16.59,16.65,16.58,16.62,26900.0
2017-12-20,16.61,16.73,16.6,16.67,26800.0
2017-12-21,16.7,16.8,16.68,16.76,86600.0
2017-12-22,16.73,16.81,16.73,16.81,37600.0
2017-12-26,16.76,16.84,16.75,16.8,39500.0
2017-12-27,16.79,16.9,16.79,16.86,38400.0
2017-12-28,16.83,16.84,16.72,16.77,30200.0
2017-12-29,16.75,16.77,16.73,16.77,49600.0
2018-01-02,16.75,16.89,16.75,16.85,65900.0
2018-01-03,16.9,16.9,16.81,16.84,166900.0
2018-01-04,16.86,16.86,16.74,16.78,25600.0
2018-01-05,16.73,16.78,16.73,16.76,27800.0
2018-01-08,16.73,16.73,16.57,16.58,95300.0
2018-01-09,16.63,16.69,16.63,16.67,33700.0
2018-01-10,16.67,16.71,16.64,16.69,63300.0
2018-01-11,16.62,16.74,16.62,16.7,107800.0
2018-01-12,16.68,16.73,16.53,16.61,88900.0
2018-01-16,16.58,16.67,16.54,16.67,62900.0
2018-01-17,16.69,16.85,16.66,16.82,62200.0
2018-01-18,16.81,16.84,16.75,16.78,32700.0
2018-01-19,16.83,16.88,16.78,16.81,26400.0
2018-01-22,16.9,16.92,16.78,16.79,50400.0
2018-01-23,16.76,16.8,16.7,16.8,23600.0
2018-01-24,16.9,17.0,16.86,16.96,66900.0
2018-01-25,17.0,17.049999,16.92,16.96,60600.0
2018-01-26,16.96,17.01,16.91,16.98,31700.0
2018-01-29,17.07,17.1,17.01,17.059999,112800.0
2018-01-30,17.08,17.19,17.08,17.13,78700.0
2018-01-31,17.15,17.18,17.09,17.15,47100.0
2018-02-01,17.14,17.18,17.030001,17.14,32800.0
2018-02-02,17.13,17.18,17.08,17.11,40300.0
2018-02-05,17.049999,17.1,16.94,16.98,112300.0
2018-02-06,16.99,17.23,16.99,17.19,110600.0
2018-02-07,17.25,17.3,17.15,17.25,82100.0
2018-02-08,17.25,17.37,17.23,17.23,71600.0
2018-02-09,17.21,17.3,17.13,17.15,152900.0
2018-02-12,17.28,17.36,17.27,17.36,79500.0
2018-02-13,17.38,17.41,17.31,17.31,83500.0
2018-02-14,17.29,17.4,17.26,17.32,54500.0
2018-02-15,17.35,17.41,17.29,17.41,123600.0
2018-02-16,17.4,17.4,17.34,17.35,65900.0
2018-02-20,17.41,17.48,17.28,17.29,75300.0
2018-02-21,17.35,17.39,17.28,17.32,19800.0
2018-02-22,17.3,17.37,17.26,17.35,27000.0
2018-02-23,17.4,17.4,17.31,17.35,55400.0
2018-02-26,17.45,17.51,17.41,17.46,66500.0
2018-02-27,17.49,17.54,17.48,17.52,65100.0
2018-02-28,17.56,17.73,17.56,17.61,154500.0
2018-03-01,17.61,17.84,17.61,17.84,195100.0
2018-03-02,17.81,17.84,17.69,17.76,108200.0
2018-03-05,17.82,17.87,17.73,17.86,83100.0
2018-03-06,17.81,17.89,17.79,17.88,48700.0
2018-03-07,17.84,17.91,17.84,17.85,51100.0
2018-03-08,17.86,18.11,17.86,18.1,276800.0
2018-03-09,18.0,18.049999,17.94,17.97,62800.0
2018-03-12,17.86,17.99,17.86,17.99,117600.0
2018-03-13,18.049999,18.17,18.040001,18.049999,60800.0
2018-03-14,18.08,18.13,17.93,17.96,43900.0
2018-03-15,17.98,17.98,17.8,17.86,40300.0
2018-03-16,17.81,17.81,17.69,17.69,85600.0
2018-03-19,17.56,17.56,17.37,17.41,116800.0
2018-03-20,17.37,17.43,17.3,17.36,65800.0
2018-03-21,17.4,17.4,17.31,17.34,49000.0
2018-03-22,17.4,17.43,17.34,17.42,25300.0
2018-03-23,17.3,17.48,17.12,17.44,80200.0
2018-03-26,17.51,17.55,17.34,17.37,47500.0
2018-03-27,17.44,17.44,17.29,17.34,29000.0
2018-03-28,17.33,17.35,17.26,17.32,29500.0
2018-03-29,17.43,18.0,17.32,17.96,280200.0
2018-04-02,18.049999,18.16,17.96,17.96,122900.0
2018-04-03,18.040001,18.15,17.96,18.0,91300.0
2018-04-04,17.61,17.87,17.5,17.66,76100.0
2018-04-05,17.81,18.1,17.81,18.08,172300.0
2018-04-06,17.96,18.08,17.93,18.030001,64200.0
2018-04-09,18.09,18.21,18.049999,18.14,171600.0
2018-04-10,18.11,18.18,18.02,18.1,91700.0
2018-04-11,18.09,18.09,17.93,17.97,82400.0
2018-04-12,17.9,18.07,17.9,18.059999,57700.0
2018-04-13,18.02,18.02,17.87,17.88,84900.0
2018-04-16,17.89,17.94,17.74,17.76,83100.0
2018-04-17,17.77,17.8,17.66,17.7,97500.0
2018-04-18,17.78,17.83,17.73,17.78,38600.0
2018-04-19,17.83,17.83,17.73,17.78,50100.0
2018-04-20,17.67,17.7,17.54,17.56,89900.0
2018-04-23,17.55,17.65,17.54,17.62,66200.0
2018-04-24,17.58,17.75,17.55,17.74,55200.0
2018-04-25,17.81,17.99,17.81,17.95,131600.0
2018-04-26,17.97,17.98,17.87,17.96,38800.0
2018-04-27,18.0,18.12,17.96,18.12,80300.0
2018-04-30,18.21,18.3,18.11,18.19,108600.0
2018-05-01,18.25,18.39,18.25,18.38,88700.0
2018-05-02,18.4,18.4,18.32,18.38,36500.0
2018-05-03,18.38,18.5,18.34,18.48,118600.0
2018-05-04,18.44,18.48,18.38,18.42,64500.0
2018-05-07,18.29,18.3,18.15,18.15,84600.0
2018-05-08,18.24,18.32,18.2,18.32,79400.0
2018-05-09,18.29,18.35,18.25,18.28,37200.0
2018-05-10,18.28,18.42,18.16,18.18,160400.0
2018-05-11,18.12,18.15,18.030001,18.059999,90300.0
2018-05-14,18.040001,18.11,17.97,18.07,52600.0
2018-05-15,18.14,18.24,18.049999,18.23,52800.0
2018-05-16,18.24,18.3,18.1,18.11,90600.0
2018-05-17,18.23,18.23,17.96,17.99,73200.0
2018-05-18,18.13,18.27,18.08,18.21,113900.0
2018-05-21,18.35,18.35,18.22,18.28,133700.0
2018-05-22,18.36,18.42,18.33,18.36,82500.0
2018-05-23,18.33,18.5,18.33,18.47,90300.0
2018-05-24,18.54,18.6,18.31,18.34,164500.0
2018-05-25,18.41,18.49,18.34,18.45,44200.0
2018-05-29,18.41,18.42,18.1,18.2,68200.0
2018-05-30,18.09,18.09,17.88,17.98,261500.0
2018-05-31,18.12,18.19,18.0,18.030001,74700.0
2018-06-01,18.11,18.12,17.92,17.94,91300.0
2018-06-04,17.82,17.82,17.55,17.55,288400.0
2018-06-05,17.65,17.7,17.58,17.67,138600.0
2018-06-06,17.73,17.75,17.51,17.53,74000.0
2018-06-07,17.64,17.64,17.37,17.48,96000.0
2018-06-08,17.42,17.53,17.39,17.49,78300.0
2018-06-11,17.41,17.44,17.059999,17.07,206200.0
2018-06-12,17.18,17.55,17.17,17.46,316900.0
2018-06-13,17.39,17.5,17.31,17.4,319700.0
2018-06-14,17.21,17.23,16.92,16.95,203400.0
2018-06-15,16.75,17.11,16.69,16.87,155200.0
2018-06-18,16.77,16.79,16.62,16.65,103600.0
2018-06-19,16.39,16.73,16.01,16.6,399400.0
2018-06-20,16.66,16.73,16.38,16.63,101000.0
2018-06-21,16.66,16.81,16.63,16.75,80900.0
2018-06-22,16.72,16.8,16.63,16.71,33100.0
2018-06-25,16.58,16.68,16.4,16.41,101400.0
2018-06-26,16.57,16.61,16.35,16.52,61000.0
2018-06-27,16.59,16.7,16.47,16.5,80100.0
2018-06-28,16.48,16.48,16.2,16.21,42000.0
2018-06-29,16.3,16.63,16.3,16.44,86300.0
2018-07-02,16.38,16.38,15.96,16.01,122200.0
2018-07-03,16.14,16.27,16.13,16.19,26500.0
2018-07-05,16.21,16.38,16.14,16.14,44400.0
2018-07-06,16.19,16.55,16.19,16.51,82600.0
2018-07-09,16.37,16.37,16.14,16.29,59700.0
2018-07-10,16.2,16.2,15.88,16.040001,214700.0
2018-07-11,15.92,15.97,15.73,15.76,117300.0
2018-07-12,15.8,16.13,15.66,15.94,124100.0
2018-07-13,15.85,15.89,15.7,15.77,56500.0
2018-07-16,15.78,15.96,15.78,15.85,23800.0
2018-07-17,15.99,16.1,15.94,16.040001,97200.0
2018-07-18,16.12,16.12,15.99,16.049999,41900.0
2018-07-19,16.07,16.22,16.02,16.2,82100.0
2018-07-20,16.24,16.33,16.13,16.32,81800.0
2018-07-23,16.39,16.47,16.33,16.41,41100.0
2018-07-24,16.26,16.37,16.2,16.24,49500.0
2018-07-25,16.33,16.53,16.33,16.53,86100.0
2018-07-26,16.68,16.73,16.51,16.53,183000.0
2018-07-27,16.52,16.64,16.52,16.57,34800.0
2018-07-30,16.72,16.89,16.72,16.8,57600.0
2018-07-31,16.91,17.07,16.81,16.96,79000.0
2018-08-01,16.96,17.01,16.67,16.74,50500.0
2018-08-02,16.83,17.0,16.77,16.82,43200.0
2018-08-03,16.82,17.0,16.79,16.95,70600.0
2018-08-06,16.98,17.030001,16.95,16.98,33600.0
2018-08-07,17.030001,17.040001,16.91,16.97,50000.0
2018-08-08,17.0,17.09,16.95,16.98,64600.0
2018-08-09,16.96,16.99,16.78,16.85,53800.0
2018-08-10,16.85,16.91,16.41,16.42,338500.0
2018-08-13,16.28,16.41,16.24,16.4,32900.0
2018-08-14,16.44,16.66,16.41,16.66,37500.0
2018-08-15,16.52,16.69,16.52,16.61,36400.0
2018-08-16,16.72,16.83,16.72,16.78,38400.0
2018-08-17,16.74,16.8,16.63,16.7,48300.0
2018-08-20,16.7,16.7,16.55,16.67,30300.0
2018-08-21,16.52,16.67,16.48,16.54,29800.0
2018-08-22,16.47,16.47,16.23,16.26,64200.0
2018-08-23,16.2,16.23,16.030001,16.040001,85700.0
2018-08-24,16.059999,16.15,16.030001,16.09,50400.0
2018-08-27,16.0,16.13,15.9,16.02,320300.0
2018-08-28,16.07,16.09,15.85,15.86,55500.0
2018-08-29,15.93,15.93,15.83,15.87,36100.0
2018-08-30,15.95,15.95,15.82,15.85,49200.0
2018-08-31,15.9,16.22,15.87,16.2,52300.0
2018-09-04,16.13,16.3,16.07,16.29,68300.0
2018-09-05,16.21,16.3,16.14,16.2,18300.0
2018-09-06,16.11,16.27,16.11,16.22,40500.0
2018-09-07,16.15,16.32,16.15,16.25,59400.0
2018-09-10,16.24,16.29,16.18,16.28,42600.0
2018-09-11,16.24,16.31,16.22,16.24,35900.0
2018-09-12,16.19,16.2,15.68,15.78,325800.0
2018-09-13,15.76,15.8,15.63,15.7,55800.0
2018-09-14,15.65,15.73,15.65,15.71,31600.0
2018-09-17,15.68,15.68,15.58,15.59,55600.0
2018-09-18,15.56,15.56,15.39,15.4,98700.0
2018-09-19,15.41,15.54,15.41,15.5,49900.0
2018-09-20,15.57,15.86,15.5,15.75,91900.0
2018-09-21,15.79,15.94,15.77,15.93,69300.0
2018-09-24,15.91,16.08,15.9,16.030001,189400.0
2018-09-25,15.97,16.15,15.95,16.14,86100.0
2018-09-26,16.11,16.15,16.049999,16.059999,39200.0
2018-09-27,16.15,16.2,16.1,16.18,26700.0
2018-09-28,16.19,16.22,15.8,15.87,126600.0
2018-10-01,15.94,16.23,15.94,16.23,53500.0
2018-10-02,16.19,16.32,16.15,16.29,56700.0
2018-10-03,16.22,16.29,16.15,16.15,23900.0
2018-10-04,16.25,16.31,16.22,16.28,27400.0
2018-10-05,16.25,16.31,16.13,16.25,86600.0
2018-10-08,16.21,16.25,16.16,16.21,38000.0
2018-10-09,16.18,16.25,16.13,16.16,36700.0
2018-10-10,16.16,16.16,16.049999,16.049999,33100.0
2018-10-11,16.0,16.44,15.99,16.33,136400.0
2018-10-12,16.33,16.5,16.32,16.5,144800.0
2018-10-15,16.48,16.67,16.48,16.62,76700.0
2018-10-16,16.56,16.58,16.49,16.55,68600.0
2018-10-17,16.5,16.56,16.48,16.48,27500.0
2018-10-18,16.39,16.42,16.33,16.38,77700.0
2018-10-19,16.34,16.34,16.21,16.22,44300.0
2018-10-22,16.26,16.38,16.26,16.35,46500.0
2018-10-23,16.36,16.45,16.28,16.38,46700.0
2018-10-24,16.34,16.34,16.28,16.29,16000.0
2018-10-25,16.18,16.19,16.02,16.049999,46300.0
2018-10-26,16.07,16.36,16.07,16.33,227300.0
2018-10-29,16.36,16.37,16.23,16.28,46500.0
2018-10-30,16.29,16.29,16.17,16.19,30900.0
2018-10-31,16.15,16.18,16.1,16.12,12600.0
2018-11-01,16.16,16.4,16.09,16.21,39600.0
2018-11-02,16.23,16.47,16.2,16.39,42500.0
2018-11-05,16.46,16.5,16.42,16.47,19700.0
2018-11-06,16.47,16.51,16.43,16.44,27300.0
2018-11-07,16.4,16.45,16.4,16.4,23100.0
2018-11-08,16.45,16.6,16.18,16.46,155500.0
2018-11-09,16.35,16.41,16.26,16.3,20800.0
2018-11-12,16.32,16.42,16.3,16.32,15800.0
2018-11-13,16.27,16.27,16.16,16.17,27900.0
2018-11-14,16.25,16.26,16.15,16.18,30900.0
2018-11-15,16.29,16.35,16.17,16.17,21500.0
2018-11-16,16.17,16.17,16.08,16.12,42400.0
2018-11-19,16.1,16.15,15.98,16.02,69100.0
2018-11-20,16.040001,16.040001,15.98,15.98,21800.0
2018-11-21,15.99,16.01,15.95,16.01,12700.0
2018-11-23,16.01,16.01,15.91,15.94,8300.0
2018-11-26,15.87,15.94,15.8,15.81,66600.0
2018-11-27,15.8,15.88,15.79,15.83,26300.0
2018-11-28,15.88,16.040001,15.88,16.040001,42700.0
2018-11-29,16.0,16.059999,15.98,16.0,9600.0
2018-11-30,16.049999,16.18,16.049999,16.17,140500.0
2018-12-03,16.31,16.38,16.29,16.33,46500.0
2018-12-04,16.33,16.41,16.31,16.41,38700.0
2018-12-06,16.35,16.4,16.22,16.36,35800.0
2018-12-07,16.4,16.47,16.38,16.45,124200.0
2018-12-10,16.37,16.47,16.36,16.38,25800.0
2018-12-11,16.41,16.46,16.31,16.43,34800.0
2018-12-12,16.47,16.53,16.4,16.42,42500.0
2018-12-13,16.44,16.48,16.39,16.41,12400.0
2018-12-14,16.45,16.53,16.41,16.41,19800.0
2018-12-17,16.42,16.47,16.37,16.38,22600.0
2018-12-18,16.39,16.48,16.39,16.47,14900.0
2018-12-19,16.42,16.45,16.32,16.32,50500.0
2018-12-20,16.33,16.38,16.1,16.1,23000.0
2018-12-21,16.11,16.24,16.09,16.18,128300.0
2018-12-24,15.99,16.19,15.99,16.16,38900.0
2018-12-26,16.15,16.2,15.98,15.98,38900.0
2018-12-27,15.9,16.12,15.9,16.07,61400.0
2018-12-28,16.1,16.17,16.09,16.1,15500.0
2018-12-31,16.09,16.15,16.01,16.049999,49000.0
2019-01-02,16.1,16.17,16.030001,16.12,9700.0
2019-01-03,16.14,16.28,16.14,16.25,135500.0
2019-01-04,16.28,16.4,16.28,16.4,90600.0
2019-01-07,16.42,16.42,16.35,16.4,41100.0
2019-01-08,16.43,16.44,16.28,16.33,147100.0
2019-01-09,16.35,16.44,16.35,16.4,29700.0
2019-01-10,16.38,16.38,16.17,16.2,36600.0
2019-01-11,16.25,16.29,16.22,16.27,9200.0
2019-01-14,16.26,16.35,16.21,16.32,23100.0
2019-01-15,16.3,16.3,16.01,16.049999,35800.0
2019-01-16,16.08,16.13,16.08,16.13,10500.0
2019-01-17,16.15,16.36,16.11,16.29,28800.0
2019-01-18,16.34,16.38,16.28,16.35,18900.0
2019-01-22,16.36,16.36,16.21,16.25,40900.0
2019-01-23,16.32,16.35,16.25,16.28,7400.0
2019-01-24,16.27,16.28,16.19,16.24,9500.0
2019-01-25,16.25,16.33,16.18,16.31,14000.0
2019-01-28,16.31,16.33,16.25,16.3,71000.0
2019-01-29,16.26,16.27,16.19,16.26,9300.0
2019-01-30,16.3,16.38,16.3,16.35,21900.0
2019-01-31,16.31,16.33,16.15,16.19,80800.0
2019-02-01,16.31,16.36,16.24,16.24,48800.0
2019-02-04,16.25,16.33,16.22,16.28,22900.0
2019-02-05,16.27,16.35,16.21,16.33,33400.0
2019-02-06,16.31,16.33,16.28,16.31,17600.0
2019-02-07,16.29,16.29,16.15,16.17,37800.0
2019-02-08,16.19,16.36,16.07,16.07,60900.0
2019-02-11,16.059999,16.07,15.99,16.07,35400.0
2019-02-12,16.1,16.24,16.07,16.22,42500.0
2019-02-13,16.24,16.28,16.17,16.28,44100.0
2019-02-14,16.23,16.23,16.1,16.14,47000.0
2019-02-15,16.14,16.18,16.059999,16.11,96800.0
2019-02-19,16.1,16.13,15.91,15.94,99100.0
2019-02-20,15.96,16.040001,15.91,16.01,23000.0
2019-02-21,16.2,16.29,16.15,16.16,55400.0
2019-02-22,16.22,16.24,16.17,16.2,35500.0
2019-02-25,16.22,16.22,16.02,16.030001,24300.0
2019-02-26,15.99,15.99,15.85,15.85,81500.0
2019-02-27,15.93,15.93,15.75,15.76,35300.0
2019-02-28,15.74,15.77,15.65,15.65,35200.0
2019-03-01,15.68,15.78,15.5,15.76,47200.0
2019-03-04,15.91,15.95,15.83,15.87,39800.0
2019-03-05,15.85,15.94,15.85,15.89,13800.0
2019-03-06,15.89,15.89,15.71,15.76,10300.0
2019-03-07,15.72,15.72,15.45,15.49,35100.0
2019-03-08,15.55,15.55,15.35,15.47,53800.0
2019-03-11,15.51,15.51,15.38,15.4,31900.0
2019-03-12,15.4,15.59,15.4,15.56,28400.0
2019-03-13,15.52,15.67,15.49,15.58,45200.0
2019-03-14,15.63,15.75,15.6,15.67,23100.0
2019-03-15,15.69,15.78,15.69,15.75,17600.0
2019-03-18,15.77,15.83,15.68,15.75,24500.0
2019-03-19,15.73,15.8,15.61,15.72,27400.0
2019-03-20,15.75,15.75,15.65,15.74,17200.0
2019-03-21,15.8,15.94,15.76,15.9,58100.0
2019-03-22,16.02,16.049999,15.9,15.99,98200.0
2019-03-25,16.0,16.07,15.94,16.030001,114200.0
2019-03-26,16.030001,16.049999,15.9,15.96,45600.0
2019-03-27,15.95,15.95,15.79,15.85,27400.0
2019-03-28,15.86,15.89,15.81,15.84,80400.0
2019-03-29,15.85,15.85,15.22,15.23,387400.0
2019-04-01,15.33,15.45,15.33,15.43,216500.0
2019-04-02,15.42,15.44,15.31,15.43,49600.0
2019-04-03,15.51,15.54,15.4,15.49,55700.0
2019-04-04,15.5,15.61,15.5,15.56,60600.0
2019-04-05,15.49,15.49,15.38,15.4,42100.0
2019-04-08,15.46,15.46,15.32,15.36,45500.0
2019-04-09,15.3,15.41,15.15,15.37,108600.0
2019-04-10,15.38,15.45,15.38,15.4,35900.0
2019-04-11,15.4,15.42,15.28,15.35,25800.0
2019-04-12,15.34,15.37,15.27,15.35,97300.0
2019-04-15,15.44,15.48,15.39,15.44,40100.0
2019-04-16,15.35,15.35,15.24,15.26,57700.0
2019-04-17,15.26,15.32,15.21,15.27,31700.0
2019-04-18,15.28,15.28,15.22,15.24,32000.0
2019-04-22,15.19,15.21,15.07,15.07,56200.0
2019-04-23,15.12,15.12,14.95,14.98,84200.0
2019-04-24,14.97,14.97,14.77,14.77,54800.0
2019-04-25,14.73,14.98,14.64,14.85,78600.0
2019-04-26,14.97,15.08,14.97,15.04,32100.0
2019-04-29,15.19,15.19,15.01,15.01,45600.0
2019-04-30,15.04,15.1,14.93,15.07,37000.0
2019-05-01,15.13,15.3,15.09,15.3,51100.0
2019-05-02,15.29,15.37,15.22,15.33,68800.0
2019-05-03,15.28,15.35,15.22,15.35,75400.0
2019-05-06,14.88,15.14,14.87,15.1,82900.0
2019-05-07,15.11,15.24,15.09,15.23,41800.0
2019-05-08,15.27,15.27,15.03,15.06,22500.0
2019-05-09,14.91,14.91,14.68,14.7,83300.0
2019-05-10,14.66,14.78,14.45,14.67,121600.0
2019-05-13,14.44,14.88,14.38,14.87,147800.0
2019-05-14,15.09,15.24,15.09,15.19,82900.0
2019-05-15,15.36,15.5,15.15,15.15,125800.0
2019-05-16,15.34,15.45,15.31,15.44,95300.0
2019-05-17,15.49,15.51,15.43,15.46,182900.0
2019-05-20,15.65,15.7,15.59,15.63,139100.0
2019-05-21,15.85,15.93,15.76,15.85,200400.0
2019-05-22,15.79,15.94,15.79,15.91,124800.0
2019-05-23,15.91,16.040001,15.7,15.78,153800.0
2019-05-24,15.95,16.13,15.94,16.13,189300.0
2019-05-28,16.33,16.64,16.29,16.64,493100.0
2019-05-29,16.99,17.0,16.42,16.58,743000.0
2019-05-30,16.7,17.25,16.7,17.02,564500.0
2019-05-31,16.71,16.92,16.69,16.71,310500.0
2019-06-03,16.75,16.84,16.5,16.64,319500.0
2019-06-04,16.8,16.92,16.61,16.75,280000.0
2019-06-05,16.56,16.66,16.32,16.35,275400.0
2019-06-06,16.2,16.61,16.13,16.56,122600.0
2019-06-07,16.47,16.51,16.39,16.39,81500.0
2019-06-10,16.28,16.49,16.21,16.47,193200.0
2019-06-11,16.36,16.87,16.2,16.75,257300.0
2019-06-12,16.85,16.96,16.77,16.8,241900.0
2019-06-13,17.030001,17.07,16.92,17.059999,255700.0
2019-06-14,17.12,17.32,17.11,17.25,323400.0
2019-06-17,17.55,17.55,17.27,17.41,436300.0
2019-06-18,17.24,17.4,17.15,17.21,249600.0
2019-06-19,17.15,17.18,16.86,16.94,214300.0
2019-06-20,16.98,17.18,16.93,17.17,143300.0
2019-06-21,17.1,17.15,16.98,17.02,182200.0
2019-06-24,17.08,17.14,17.030001,17.12,204900.0
2019-06-25,17.19,17.29,17.07,17.1,193400.0
2019-06-26,17.059999,17.11,16.97,17.0,140800.0
2019-06-27,17.08,17.08,16.9,16.9,103000.0
2019-06-28,16.95,17.4,16.15,16.44,493000.0
2019-07-01,16.37,16.37,16.09,16.1,229400.0
2019-07-02,16.11,16.32,16.11,16.32,122400.0
2019-07-03,16.42,16.78,16.42,16.76,114800.0
2019-07-05,16.76,16.83,16.58,16.77,138100.0
2019-07-08,16.87,16.88,16.63,16.75,76200.0
2019-07-09,16.57,16.6,16.47,16.55,56100.0
2019-07-10,16.52,16.71,16.46,16.64,91100.0
2019-07-11,16.6,16.93,16.4,16.9,126600.0
2019-07-12,16.99,17.25,16.99,17.25,178100.0
2019-07-15,17.2,17.2,16.87,16.87,142100.0
2019-07-16,16.69,16.76,16.56,16.71,111500.0
2019-07-17,16.83,16.9,16.7,16.72,83700.0
2019-07-18,16.54,16.59,16.38,16.45,185100.0
2019-07-19,16.46,16.66,16.46,16.64,105900.0
2019-07-22,16.4,16.51,16.33,16.35,110900.0
2019-07-23,16.38,16.52,16.28,16.48,146400.0
2019-07-24,16.57,16.59,16.41,16.44,38200.0
2019-07-25,16.52,16.52,16.38,16.4,29300.0
2019-07-26,16.36,16.39,16.28,16.3,67600.0
2019-07-29,16.4,16.43,16.35,16.38,63800.0
2019-07-30,16.27,16.3,16.17,16.17,97000.0
2019-07-31,16.13,16.13,15.85,15.86,216800.0
2019-08-01,15.89,15.91,15.54,15.67,156500.0
2019-08-02,15.74,15.9,15.74,15.88,70700.0
2019-08-05,15.66,16.08,15.62,16.059999,158100.0
2019-08-06,16.01,16.01,15.88,15.91,40100.0
2019-08-07,15.91,16.040001,15.82,16.040001,55800.0
2019-08-08,16.049999,16.16,16.040001,16.14,151300.0
2019-08-09,16.22,16.3,16.059999,16.14,113100.0
2019-08-12,16.01,16.01,15.14,15.25,463300.0
2019-08-13,15.06,15.32,15.0,15.02,306300.0
2019-08-14,15.1,15.13,14.8,14.82,198700.0
2019-08-15,14.85,14.93,14.78,14.82,125900.0
2019-08-16,14.81,15.11,14.81,15.1,115300.0
2019-08-19,14.95,15.01,14.88,14.92,94100.0
2019-08-20,15.1,15.1,14.76,14.8,105500.0
2019-08-21,14.79,14.87,14.71,14.83,80600.0
2019-08-22,14.89,14.94,14.77,14.81,60000.0
2019-08-23,14.72,14.77,14.66,14.7,91700.0
2019-08-26,14.91,14.91,14.7,14.75,49400.0
2019-08-27,14.77,14.78,14.64,14.64,46600.0
2019-08-28,14.65,14.84,14.6,14.8,66600.0
2019-08-29,14.83,14.96,14.78,14.8,66400.0
2019-08-30,14.9,14.92,14.75,14.75,60000.0
2019-09-03,14.85,14.85,14.5,14.51,99100.0
2019-09-04,14.51,14.53,14.38,14.43,136500.0
2019-09-05,14.56,14.58,14.47,14.47,44600.0
2019-09-06,14.46,14.46,14.28,14.32,94400.0
2019-09-09,14.33,14.39,14.25,14.3,76100.0
2019-09-10,14.4,14.61,14.4,14.61,75600.0
2019-09-11,14.61,14.61,14.41,14.51,126000.0
2019-09-12,14.55,14.78,14.3,14.77,306600.0
2019-09-13,14.81,14.89,14.72,14.79,132500.0
2019-09-16,14.86,15.0,14.82,14.99,106600.0
2019-09-17,14.85,14.86,14.68,14.71,97200.0
2019-09-18,14.67,14.83,14.67,14.79,30400.0
2019-09-19,14.79,14.86,14.76,14.81,55300.0
2019-09-20,14.79,14.87,14.72,14.73,40500.0
2019-09-23,14.79,14.85,14.76,14.76,44600.0
2019-09-24,14.72,14.9,14.72,14.86,67900.0
2019-09-25,14.89,14.89,14.77,14.83,23300.0
2019-09-26,14.83,14.83,14.71,14.79,42700.0
2019-09-27,14.78,14.82,14.75,14.79,52300.0
2019-09-30,14.76,15.21,14.76,15.18,152700.0
2019-10-01,15.18,15.34,15.15,15.3,129300.0
2019-10-02,15.27,15.29,15.11,15.14,56400.0
2019-10-03,15.1,15.21,15.1,15.17,51400.0
2019-10-04,15.21,15.21,15.07,15.1,31000.0
2019-10-07,15.3,15.3,15.1,15.15,34500.0
2019-10-08,15.13,15.41,15.12,15.38,101500.0
2019-10-09,15.45,15.45,15.32,15.35,206800.0
2019-10-10,15.37,15.37,14.94,14.96,212400.0
2019-10-11,15.11,15.45,15.11,15.43,121900.0
2019-10-14,15.4,15.45,15.35,15.38,51200.0
2019-10-15,15.35,15.39,15.3,15.31,32100.0
2019-10-16,15.32,15.33,15.21,15.3,31800.0
2019-10-17,15.35,15.45,15.35,15.39,36300.0
2019-10-18,15.32,15.37,15.29,15.3,35400.0
2019-10-21,15.31,15.35,15.21,15.21,26500.0
2019-10-22,15.35,15.35,15.18,15.24,33600.0
2019-10-23,15.22,15.25,15.15,15.25,42800.0
2019-10-24,15.12,15.27,15.12,15.17,39400.0
2019-10-25,15.17,15.25,15.12,15.18,26100.0
2019-10-28,15.11,15.14,15.03,15.03,119300.0
2019-10-29,15.03,15.14,14.98,15.07,31200.0
2019-10-30,15.08,15.19,15.08,15.16,52800.0
2019-10-31,15.1,15.16,15.03,15.15,80000.0
2019-11-01,15.09,15.21,15.04,15.1,42800.0
2019-11-04,15.05,15.08,14.99,14.99,68100.0
2019-11-05,14.97,15.0,14.92,14.95,66300.0
2019-11-06,14.98,14.98,14.8,14.84,48000.0
2019-11-07,14.84,14.84,14.66,14.68,65700.0
2019-11-08,14.67,14.92,14.62,14.75,59800.0
2019-11-11,14.75,14.76,14.61,14.66,34200.0
2019-11-12,14.65,14.78,14.65,14.77,26700.0
2019-11-13,14.73,14.75,14.66,14.66,54100.0
2019-11-14,14.7,14.75,14.69,14.71,36600.0
2019-11-15,14.71,14.71,14.54,14.57,110700.0
2019-11-18,14.55,14.55,14.44,14.44,52300.0
2019-11-19,14.45,14.62,14.45,14.59,30300.0
2019-11-20,14.54,14.54,14.44,14.45,27400.0
2019-11-21,14.52,14.53,14.48,14.5,36000.0
2019-11-22,14.46,14.52,14.45,14.45,63500.0
2019-11-25,14.53,14.61,14.5,14.55,37000.0
2019-11-26,14.49,14.56,14.45,14.45,56700.0
2019-11-27,14.46,14.47,14.3,14.33,79400.0
2019-11-29,14.33,14.56,14.33,14.52,31600.0
2019-12-02,14.47,14.6,14.47,14.55,45800.0
2019-12-03,14.54,14.61,14.49,14.53,36100.0
2019-12-04,14.55,14.6,14.43,14.45,38100.0
2019-12-05,14.4,14.47,14.37,14.37,63200.0
2019-12-06,14.43,14.44,14.34,14.39,59000.0
2019-12-09,14.39,14.42,14.35,14.36,26900.0
2019-12-10,14.33,14.45,14.33,14.38,45700.0
2019-12-11,14.4,14.4,14.22,14.24,83000.0
2019-12-12,14.3,14.56,14.3,14.46,126900.0
2019-12-13,14.59,14.67,14.46,14.59,110100.0
2019-12-16,14.71,14.84,14.7,14.78,113200.0
2019-12-17,14.76,14.86,14.76,14.85,55800.0
2019-12-18,14.8,14.84,14.74,14.75,41400.0
2019-12-19,14.75,14.81,14.72,14.75,22600.0
2019-12-20,14.76,14.83,14.75,14.82,67900.0
2019-12-23,14.78,14.86,14.78,14.82,45800.0
2019-12-24,14.83,14.83,14.78,14.81,14700.0
2019-12-26,14.8,14.84,14.78,14.84,28400.0
2019-12-27,14.85,14.9,14.82,14.88,50500.0
2019-12-30,14.85,14.92,14.77,14.82,116700.0
2019-12-31,14.87,14.87,14.76,14.8,77500.0
2020-01-02,14.8,14.93,14.8,14.9,61600.0
2020-01-03,14.84,14.85,14.7,14.73,54400.0
2020-01-06,14.72,14.74,14.62,14.68,57500.0
2020-01-07,14.65,14.68,14.64,14.67,27500.0
2020-01-08,14.62,14.71,14.61,14.71,30100.0
2020-01-09,14.72,14.75,14.62,14.67,37700.0
2020-01-10,14.64,14.79,14.45,14.78,102100.0
2020-01-13,14.79,14.88,14.79,14.85,47900.0
2020-01-14,14.87,14.9,14.83,14.86,113900.0
2020-01-15,14.89,14.9,14.77,14.8,56100.0
2020-01-16,14.64,14.65,14.4,14.44,104400.0
2020-01-17,14.44,14.83,14.44,14.82,74900.0
2020-01-21,14.76,14.78,14.67,14.77,49500.0
2020-01-22,14.79,14.85,14.72,14.77,31000.0
2020-01-23,14.71,14.88,14.71,14.87,58200.0
2020-01-24,14.78,14.8,14.65,14.65,30400.0
2020-01-27,14.48,14.52,14.41,14.49,45500.0
2020-01-28,14.5,14.65,14.49,14.59,32500.0
2020-01-29,14.58,14.62,14.54,14.57,80600.0
2020-01-30,14.43,14.47,14.36,14.39,26600.0
2020-01-31,14.36,14.46,14.35,14.42,45600.0
2020-02-03,14.34,14.38,14.16,14.35,26200.0
2020-02-04,14.46,14.51,14.45,14.46,20000.0
2020-02-05,14.5,14.5,14.4,14.43,12500.0
2020-02-06,14.42,14.42,14.29,14.35,27400.0
2020-02-07,14.39,14.51,14.37,14.47,24900.0
2020-02-10,14.39,14.45,14.36,14.42,23800.0
2020-02-11,14.38,14.42,14.32,14.35,23700.0
2020-02-12,14.38,14.46,14.31,14.43,35200.0
2020-02-13,14.38,14.39,14.35,14.36,28500.0
2020-02-14,14.34,14.41,14.26,14.26,48200.0
2020-02-18,14.33,14.45,14.33,14.45,97900.0
2020-02-19,14.44,14.44,14.32,14.38,91600.0
2020-02-20,14.32,14.35,14.27,14.3,130500.0
2020-02-21,14.29,14.33,14.19,14.2,72100.0
2020-02-24,14.06,14.08,13.95,14.05,87500.0
2020-02-25,14.06,14.08,14.01,14.04,42800.0
2020-02-26,14.03,14.12,13.97,14.0,36800.0
2020-02-27,13.91,13.91,13.75,13.76,66100.0
2020-02-28,13.75,13.81,13.7,13.76,68100.0
2020-03-02,13.79,14.01,13.79,14.01,36400.0
2020-03-03,14.1,14.27,14.1,14.15,45800.0
2020-03-04,14.14,14.3,14.13,14.26,19900.0
2020-03-05,14.15,14.19,14.11,14.16,22300.0
2020-03-06,14.1,14.18,13.99,14.02,23200.0
2020-03-09,13.77,13.88,13.65,13.85,94000.0
2020-03-10,13.94,14.06,13.94,14.0,112800.0
2020-03-11,13.91,13.98,13.8,13.85,50300.0
2020-03-12,13.66,13.77,13.23,13.54,85100.0
2020-03-13,13.72,13.82,13.6,13.76,88200.0
2020-03-16,13.49,13.49,13.09,13.33,62800.0
2020-03-17,13.31,13.37,13.01,13.03,75400.0
2020-03-18,12.89,13.04,12.55,12.99,144400.0
2020-03-19,12.99,13.43,12.98,13.15,133500.0
2020-03-20,13.31,13.32,13.0,13.0,62200.0
2020-03-23,13.1,13.13,12.76,13.13,44000.0
2020-03-24,13.15,13.25,12.95,13.15,48300.0
2020-03-25,13.08,13.31,13.0,13.25,50900.0
2020-03-26,13.11,13.3,13.1,13.3,40000.0
2020-03-27,13.22,13.27,13.07,13.16,61600.0
2020-03-30,13.17,13.17,12.97,13.01,41200.0
2020-03-31,13.12,13.12,12.76,12.96,63600.0
2020-04-01,12.86,12.86,12.59,12.64,72800.0
2020-04-02,12.76,12.8,12.57,12.69,38300.0
2020-04-03,12.75,12.76,12.59,12.71,173700.0
2020-04-06,12.72,12.72,12.5,12.55,101300.0
2020-04-07,12.6,12.89,12.6,12.73,97400.0
2020-04-08,12.7,12.73,12.62,12.66,52000.0
2020-04-09,12.61,12.74,12.6,12.66,64900.0
2020-04-13,12.66,12.76,12.48,12.71,86600.0
2020-04-14,12.7,12.7,12.4,12.42,67800.0
2020-04-15,12.53,12.58,12.25,12.25,64100.0
2020-04-16,12.34,12.34,12.1,12.17,123200.0
2020-04-17,12.21,12.42,12.21,12.41,86600.0
2020-04-20,12.29,12.34,12.01,12.02,94700.0
2020-04-21,12.0,12.0,11.56,11.85,258000.0
2020-04-22,11.85,12.17,11.85,12.07,75300.0
2020-04-23,12.26,12.4,12.07,12.15,55700.0
2020-04-24,12.15,12.15,11.97,12.06,52700.0
2020-04-27,11.87,11.89,11.74,11.75,96700.0
2020-04-28,11.7,11.89,11.7,11.72,38900.0
2020-04-29,11.72,11.91,11.68,11.9,163700.0
2020-04-30,11.68,12.1,11.66,12.02,64700.0
2020-05-01,12.0,12.09,11.91,11.96,52300.0
2020-05-04,11.95,11.95,11.52,11.9,41300.0
2020-05-05,11.9,11.94,11.8,11.93,44600.0
2020-05-06,11.92,11.96,11.8,11.81,15100.0
2020-05-07,11.91,12.05,11.87,11.98,75200.0
2020-05-08,11.95,12.11,11.95,12.06,56400.0
2020-05-11,12.06,12.14,11.91,11.96,77200.0
2020-05-12,11.91,12.11,11.81,12.02,80600.0
2020-05-13,12.0,12.0,11.88,11.91,36500.0
2020-05-14,11.83,11.92,11.83,11.86,60200.0
2020-05-15,11.85,11.97,11.85,11.93,31900.0
2020-05-18,12.0,12.0,11.89,11.91,25900.0
2020-05-19,12.0,12.05,11.97,11.97,54200.0
2020-05-20,11.99,12.04,11.87,11.98,43400.0
2020-05-21,11.95,11.99,11.88,11.91,41600.0
2020-05-22,11.86,11.97,11.85,11.89,25200.0
2020-05-26,11.94,12.07,11.94,12.01,81000.0
2020-05-27,12.02,12.05,11.96,12.0,82000.0
2020-05-28,11.98,12.25,11.92,12.21,119900.0
2020-05-29,12.2,12.2,12.06,12.18,94200.0
2020-06-01,11.96,12.11,11.96,12.04,63300.0
2020-06-02,12.04,12.09,12.01,12.08,25100.0
2020-06-03,12.09,12.13,12.02,12.06,37200.0
2020-06-04,12.15,12.28,12.12,12.28,120600.0
2020-06-05,12.3,12.4,12.22,12.37,91100.0
2020-06-08,12.44,12.45,12.33,12.42,129900.0
2020-06-09,12.37,12.37,12.25,12.31,73300.0
2020-06-10,12.27,12.29,12.18,12.24,51400.0
2020-06-11,12.19,12.34,12.16,12.32,78600.0
2020-06-12,12.31,12.39,12.25,12.29,89700.0
2020-06-15,12.21,12.23,12.12,12.23,65900.0
2020-06-16,12.3,12.4,12.2,12.21,60600.0
2020-06-17,12.21,12.29,12.14,12.26,24400.0
2020-06-18,12.28,12.32,12.2,12.27,37100.0
2020-06-19,12.36,12.4,12.28,12.36,440100.0
2020-06-22,12.28,12.28,12.2,12.22,1738300.0
2020-06-23,12.15,12.15,12.05,12.06,670600.0
2020-06-24,12.1,12.15,11.94,11.97,318300.0
2020-06-25,11.85,11.87,11.66,11.79,771600.0
2020-06-26,11.82,11.86,11.61,11.67,321700.0
2020-06-29,11.8,11.98,11.76,11.96,1012100.0
2020-06-30,12.07,12.46,11.93,12.4,1150000.0
2020-07-01,12.62,12.75,12.56,12.67,424800.0
2020-07-02,12.59,12.65,12.44,12.48,223500.0
2020-07-06,12.62,12.65,12.51,12.58,184200.0
2020-07-07,12.43,12.54,12.41,12.47,142900.0
2020-07-08,12.39,12.55,12.37,12.53,87500.0
2020-07-09,12.74,12.78,12.62,12.66,143600.0
2020-07-10,12.64,12.65,12.2,12.27,617600.0
2020-07-13,12.11,12.11,11.96,11.97,2168900.0
2020-07-14,12.06,12.07,11.91,11.94,271600.0
2020-07-15,11.92,11.99,11.82,11.91,1117700.0
2020-07-16,11.93,12.09,11.93,12.01,469400.0
2020-07-17,12.06,12.1,12.05,12.09,200800.0
2020-07-20,12.05,12.05,11.88,11.98,166900.0
2020-07-21,11.9,11.95,11.8,11.83,293900.0
2020-07-22,11.89,11.97,11.84,11.95,101100.0
2020-07-23,11.94,12.0,11.87,11.99,114200.0
2020-07-24,11.96,12.03,11.92,11.98,101300.0
2020-07-27,11.96,12.0,11.87,11.92,868400.0
2020-07-28,11.79,11.82,11.75,11.77,398900.0
2020-07-29,11.76,11.79,11.69,11.7,357200.0
2020-07-30,11.7,11.82,11.7,11.73,165700.0
2020-07-31,11.79,11.79,11.68,11.72,170100.0
2020-08-03,11.74,11.79,11.69,11.77,264700.0
2020-08-04,11.68,11.69,11.52,11.54,403100.0
2020-08-05,11.6,11.66,11.54,11.64,202100.0
2020-08-06,11.7,11.7,11.58,11.64,211900.0
2020-08-07,11.66,11.66,11.53,11.59,197200.0
2020-08-10,11.6,11.66,11.55,11.66,442800.0
2020-08-11,11.66,11.74,11.58,11.67,910300.0
2020-08-12,11.64,11.75,11.54,11.72,633800.0
2020-08-13,11.88,12.14,11.88,12.11,861800.0
2020-08-14,12.06,12.13,12.05,12.09,454600.0
2020-08-17,12.21,12.32,12.2,12.32,730500.0
2020-08-18,12.3,12.32,12.18,12.23,642100.0
2020-08-19,12.18,12.22,12.12,12.15,257700.0
2020-08-20,12.13,12.15,12.02,12.15,189600.0
2020-08-21,12.13,12.19,12.12,12.15,390900.0
2020-08-24,12.2,12.29,12.2,12.29,407800.0
2020-08-25,12.47,12.59,12.43,12.58,629400.0
2020-08-26,12.56,12.58,12.48,12.58,445800.0
2020-08-27,12.65,12.68,12.6,12.67,306800.0
2020-08-28,12.67,12.71,12.56,12.7,355900.0
2020-08-31,12.74,12.76,12.55,12.62,621600.0
2020-09-01,12.52,12.65,12.52,12.63,282100.0
2020-09-02,12.64,12.66,12.52,12.66,135200.0
2020-09-03,12.61,12.66,12.51,12.54,305700.0
2020-09-04,12.66,12.66,12.55,12.66,223900.0
2020-09-08,12.63,12.77,12.6,12.76,362000.0
2020-09-09,12.73,12.74,12.66,12.72,167500.0
2020-09-10,12.75,12.87,12.74,12.84,236300.0
2020-09-11,12.91,12.99,12.79,12.99,466500.0
2020-09-14,12.97,12.97,12.88,12.95,416700.0
2020-09-15,12.91,12.91,12.8,12.87,408700.0
2020-09-16,12.85,12.98,12.85,12.95,146600.0
2020-09-17,12.88,13.09,12.88,13.03,516300.0
2020-09-18,13.09,13.19,13.04,13.19,499500.0
2020-09-21,13.13,13.13,12.88,12.95,560600.0
2020-09-22,12.92,13.02,12.87,12.89,239200.0
2020-09-23,12.86,12.89,12.81,12.87,991500.0
2020-09-24,12.75,12.79,12.69,12.72,462300.0
2020-09-25,12.76,12.81,12.7,12.75,168100.0
2020-09-28,12.69,12.85,12.59,12.77,309600.0
2020-09-29,12.72,12.74,12.65,12.72,161400.0
2020-09-30,12.72,13.28,12.69,13.11,1181900.0
2020-10-01,13.25,13.3,13.2,13.24,143000.0
2020-10-02,13.14,13.25,13.11,13.13,122600.0
2020-10-05,13.2,13.23,13.11,13.19,148500.0
2020-10-06,13.26,13.42,13.25,13.29,307000.0
2020-10-07,13.4,13.48,13.36,13.38,167100.0
2020-10-08,13.48,13.5,13.28,13.31,210300.0
2020-10-09,13.37,13.55,13.32,13.5,244100.0
2020-10-12,13.49,13.5,13.29,13.3,594300.0
2020-10-13,13.29,13.42,13.29,13.38,341700.0
2020-10-14,13.35,13.46,13.34,13.43,335200.0
2020-10-15,13.36,13.6,13.36,13.55,166600.0
2020-10-16,13.65,13.66,13.55,13.57,167000.0
2020-10-19,13.6,13.68,13.6,13.66,297500.0
2020-10-20,13.68,13.77,13.66,13.73,171400.0
2020-10-21,13.8,13.88,13.76,13.82,170900.0
2020-10-22,13.8,13.89,13.74,13.8,138300.0
2020-10-23,13.79,13.85,13.78,13.82,204600.0
2020-10-26,13.75,13.79,13.65,13.73,168600.0
2020-10-27,13.78,13.86,13.67,13.68,117800.0
2020-10-28,13.4,13.48,13.3,13.31,404000.0
2020-10-29,13.23,13.36,13.2,13.24,297600.0
2020-10-30,13.33,13.4,13.28,13.33,152400.0
2020-11-02,13.22,13.34,13.22,13.31,160200.0
2020-11-03,13.39,13.48,13.39,13.45,101700.0
2020-11-04,13.55,13.65,13.43,13.61,406700.0
2020-11-05,13.83,13.91,13.71,13.73,229000.0
2020-11-06,13.73,13.79,13.68,13.68,106500.0
2020-11-09,13.72,13.8,13.7,13.72,137700.0
2020-11-10,13.84,14.28,13.82,14.19,360800.0
2020-11-11,14.28,14.3,14.08,14.13,185600.0
2020-11-12,14.08,14.11,13.85,13.9,309200.0
2020-11-13,13.88,14.04,13.88,13.96,205100.0
2020-11-16,14.0,14.1,13.95,14.09,136700.0
2020-11-17,14.16,14.18,14.08,14.1,151800.0
2020-11-18,14.16,14.3,14.16,14.22,134400.0
2020-11-19,14.11,14.22,14.07,14.14,235200.0
2020-11-20,14.26,14.29,14.16,14.16,92600.0
2020-11-23,14.32,14.36,14.25,14.31,157500.0
2020-11-24,14.21,14.33,14.13,14.31,333100.0
2020-11-25,14.32,14.32,14.18,14.18,191900.0
2020-11-27,14.17,14.39,14.16,14.39,92500.0
2020-11-30,14.34,14.34,14.09,14.15,185400.0
2020-12-01,14.19,14.2,13.97,13.97,248800.0
2020-12-02,13.94,14.1,13.86,14.07,1254900.0
2020-12-03,14.18,14.18,14.05,14.13,503100.0
2020-12-04,14.11,14.11,13.96,14.0,195900.0
2020-12-07,13.97,14.14,13.86,14.05,196200.0
2020-12-08,14.0,14.05,13.94,13.97,131100.0
2020-12-09,14.02,14.11,14.0,14.08,148900.0
2020-12-10,14.12,14.19,14.01,14.03,206000.0
2020-12-11,14.0,14.13,13.96,14.12,204300.0
2020-12-14,14.12,14.15,14.04,14.1,90800.0
2020-12-15,14.07,14.14,14.03,14.11,111800.0
2020-12-16,14.2,14.22,14.15,14.15,286700.0
2020-12-17,14.14,14.31,14.14,14.28,215300.0
2020-12-18,14.3,14.47,14.29,14.43,285300.0
2020-12-21,14.39,14.53,14.37,14.51,181900.0
2020-12-22,14.53,14.58,14.46,14.55,149800.0
2020-12-23,14.6,14.74,14.6,14.67,146700.0
2020-12-24,14.71,14.76,14.69,14.76,64600.0
2020-12-28,14.8,14.9,14.71,14.89,209900.0
2020-12-29,14.82,15.15,14.82,15.13,236300.0
2020-12-30,15.1,15.35,15.08,15.3,269700.0
2020-12-31,15.45,15.6,15.36,15.58,326400.0
2021-01-04,15.77,15.79,15.46,15.59,370100.0
2021-01-05,15.7,15.88,15.67,15.83,218400.0
2021-01-06,15.92,15.94,15.78,15.91,145400.0
2021-01-07,15.74,15.9,15.66,15.9,223100.0
2021-01-08,15.98,15.98,15.83,15.93,291600.0
2021-01-11,15.93,15.93,15.78,15.8,237600.0
2021-01-12,15.85,16.82,15.78,16.79,1124600.0
2021-01-13,17.0,17.01,16.64,16.67,451200.0
2021-01-14,16.67,17.0,16.65,16.95,275600.0
2021-01-15,16.94,16.95,16.81,16.9,198400.0
2021-01-19,16.85,16.89,16.66,16.69,274700.0
2021-01-20,16.43,16.63,16.36,16.48,428100.0
2021-01-21,16.74,16.75,16.53,16.53,167200.0
2021-01-22,16.4,16.43,15.8,15.85,469000.0
2021-01-25,15.78,16.24,15.72,16.16,362300.0
2021-01-26,16.41,16.72,16.41,16.64,225900.0
2021-01-27,16.87,16.9,16.56,16.6,232200.0
2021-01-28,16.82,17.059999,16.51,16.57,173900.0
2021-01-29,16.83,17.02,16.53,16.88,285000.0
2021-02-01,16.95,16.96,16.72,16.96,390100.0
2021-02-02,16.81,16.89,16.74,16.8,187500.0
2021-02-03,16.76,16.99,16.62,16.95,239700.0
2021-02-04,17.030001,17.059999,16.87,16.94,106500.0
2021-02-05,17.0,17.049999,16.9,16.96,133400.0
2021-02-08,17.09,17.38,17.049999,17.31,488600.0
2021-02-09,17.36,17.5,16.83,17.1,644300.0
2021-02-10,16.85,16.85,16.54,16.58,2983600.0
2021-02-11,16.65,16.88,16.63,16.77,448500.0
2021-02-12,16.79,16.88,16.67,16.7,919300.0
2021-02-16,16.77,17.07,16.77,17.07,322600.0
2021-02-17,16.96,17.12,16.89,17.1,165000.0
2021-02-18,17.13,17.14,17.030001,17.07,125100.0
2021-02-19,17.18,17.29,16.94,16.98,455700.0
2021-02-22,17.0,17.29,17.0,17.25,329500.0
2021-02-23,17.37,17.5,17.27,17.34,306400.0
2021-02-24,17.43,17.5,17.37,17.46,182200.0
2021-02-25,17.33,17.34,17.1,17.26,233800.0
2021-02-26,17.02,17.23,17.01,17.22,486500.0
2021-03-01,17.21,17.26,16.95,17.0,300600.0
2021-03-02,16.94,17.29,16.88,17.2,428400.0
2021-03-03,17.08,17.09,16.9,16.98,219700.0
2021-03-04,16.91,17.17,16.87,16.95,395100.0
2021-03-05,17.11,17.35,17.1,17.35,312800.0
2021-03-08,17.4,17.4,17.049999,17.3,182800.0
2021-03-09,17.2,17.35,17.07,17.32,220900.0
2021-03-10,17.13,17.15,16.95,17.01,359800.0
2021-03-11,17.16,17.21,17.02,17.16,207200.0
2021-03-12,17.059999,17.14,16.93,17.08,143800.0
2021-03-15,17.01,17.22,16.94,17.17,194000.0
2021-03-16,17.19,17.23,17.02,17.19,147200.0
2021-03-17,17.21,17.21,17.1,17.18,85000.0
2021-03-18,17.16,17.16,16.81,16.83,301300.0
2021-03-19,16.87,17.02,16.84,16.96,124600.0
2021-03-22,16.93,16.93,16.75,16.88,248600.0
2021-03-23,16.8,17.01,16.8,16.88,103000.0
2021-03-24,16.89,16.94,16.83,16.89,163200.0
2021-03-25,16.81,16.86,16.7,16.79,213300.0
2021-03-26,16.78,16.88,16.78,16.85,179500.0
2021-03-29,16.76,16.76,16.62,16.67,189100.0
2021-03-30,16.63,16.64,16.29,16.38,377500.0
2021-03-31,16.4,17.72,16.34,17.53,1125000.0
2021-04-01,17.71,17.75,17.23,17.34,495900.0
2021-04-05,17.4,17.6,17.3,17.34,158600.0
2021-04-06,17.5,17.5,17.22,17.29,121200.0
2021-04-07,17.38,17.39,17.23,17.33,129000.0
2021-04-08,17.55,17.8,17.46,17.76,264200.0
2021-04-09,17.87,18.13,17.72,17.76,400900.0
2021-04-12,17.86,17.86,17.61,17.65,210700.0
2021-04-13,17.79,18.08,17.78,18.01,215200.0
2021-04-14,18.23,18.48,18.2,18.39,250300.0
2021-04-15,18.54,18.54,18.26,18.4,218600.0
2021-04-16,18.5,18.5,18.26,18.37,230500.0
2021-04-19,18.5,18.64,18.5,18.6,265100.0
2021-04-20,18.73,19.08,18.73,18.98,419300.0
2021-04-21,18.93,19.4,18.77,19.25,356000.0
2021-04-22,19.42,20.1,19.29,20.0,514900.0
2021-04-23,19.75,20.040001,19.71,20.01,371900.0
2021-04-26,20.5,20.8,20.25,20.67,807200.0
2021-04-27,20.65,20.87,20.11,20.46,529600.0
2021-04-28,19.96,20.61,19.74,19.86,797400.0
2021-04-29,19.97,20.01,19.68,19.99,362900.0
2021-04-30,19.9,20.84,19.9,20.79,380900.0
2021-05-03,21.28,21.44,20.66,20.75,430300.0
2021-05-04,20.99,21.47,20.99,21.47,712900.0
2021-05-05,21.59,22.08,21.39,22.0,732000.0
2021-05-06,22.15,22.72,21.99,22.6,1064500.0
2021-05-07,22.81,22.98,22.34,22.91,923500.0
2021-05-10,22.74,22.74,22.01,22.12,746200.0
2021-05-11,22.24,22.49,22.16,22.28,777500.0
2021-05-12,22.3,22.3,21.46,21.69,862400.0
2021-05-13,21.48,21.48,20.2,20.53,1364400.0
2021-05-14,21.030001,21.12,19.88,19.92,827000.0
2021-05-17,19.91,20.16,19.75,19.88,905200.0
2021-05-18,20.16,20.31,20.01,20.19,445400.0
2021-05-19,19.73,20.19,19.44,20.14,579300.0
2021-05-20,20.2,20.61,20.12,20.41,252800.0
2021-05-21,20.25,20.38,20.13,20.18,570100.0
2021-05-24,19.8,20.13,19.7,20.07,274000.0
2021-05-25,20.0,20.01,19.23,19.28,589600.0
2021-05-26,19.21,19.52,18.83,19.46,623600.0
2021-05-27,19.64,20.74,19.64,20.56,587800.0
2021-05-28,20.42,20.64,20.22,20.29,228900.0
2021-06-01,21.0,21.47,20.97,21.12,421200.0
2021-06-02,21.2,21.27,20.71,20.94,188000.0
2021-06-03,21.21,21.21,20.52,20.75,162100.0
2021-06-04,21.049999,21.47,21.049999,21.42,251400.0
2021-06-07,22.08,22.13,21.7,21.85,326200.0
2021-06-08,22.040001,22.33,22.0,22.21,295800.0
2021-06-09,21.91,22.38,21.75,22.22,261200.0
2021-06-10,22.37,22.73,22.25,22.46,335800.0
2021-06-11,22.14,22.28,21.74,22.24,260700.0
2021-06-14,21.23,21.61,21.07,21.33,336800.0
2021-06-15,20.94,21.18,20.71,21.059999,289900.0
2021-06-16,21.24,21.5,20.94,20.96,223500.0
2021-06-17,20.38,20.53,19.57,19.65,695700.0
2021-06-18,20.21,20.94,19.99,20.58,402700.0
2021-06-21,19.95,20.69,19.74,20.46,243000.0
2021-06-22,20.21,20.26,19.77,19.87,149700.0
2021-06-23,19.87,19.93,19.52,19.77,193700.0
2021-06-24,19.35,19.95,19.13,19.74,274200.0
2021-06-25,19.68,19.68,19.19,19.2,314000.0
2021-06-28,19.2,20.14,19.2,20.049999,355700.0
2021-06-29,20.18,20.49,20.01,20.02,663600.0
2021-06-30,19.68,21.5,19.45,21.37,1242400.0
2021-07-01,21.98,22.07,21.22,21.35,280100.0
2021-07-02,21.34,21.35,20.96,21.07,166400.0
2021-07-06,20.98,20.98,19.33,19.83,802600.0
2021-07-07,19.72,19.84,19.25,19.67,157400.0
2021-07-08,19.5,19.78,19.35,19.4,194800.0
2021-07-09,19.35,19.36,18.99,19.13,199700.0
2021-07-12,19.37,19.82,19.22,19.72,557000.0
2021-07-13,19.85,20.22,19.76,19.99,213200.0
2021-07-14,20.059999,20.57,20.059999,20.49,304400.0
2021-07-15,20.47,20.53,20.19,20.41,121400.0
2021-07-16,20.56,20.71,20.21,20.22,188500.0
2021-07-19,20.51,20.62,20.049999,20.35,211900.0
2021-07-20,20.6,20.85,20.54,20.75,199200.0
2021-07-21,20.97,20.97,20.63,20.8,65900.0
2021-07-22,20.3,20.77,20.3,20.56,51900.0
2021-07-23,20.56,20.57,19.96,20.01,77900.0
2021-07-26,19.75,20.24,19.71,20.24,629700.0
2021-07-27,20.63,20.64,20.1,20.25,333300.0
2021-07-28,20.2,20.36,20.17,20.25,88600.0
2021-07-29,20.34,20.52,20.3,20.45,123000.0
2021-07-30,20.3,20.3,20.07,20.12,135600.0
2021-08-02,20.13,20.63,20.13,20.61,122900.0
2021-08-03,20.49,20.8,20.24,20.48,131500.0
2021-08-04,20.48,20.62,20.1,20.32,89500.0
2021-08-05,20.38,20.63,20.38,20.48,76500.0
2021-08-06,20.54,20.74,20.46,20.72,167200.0
2021-08-09,20.55,20.73,20.54,20.69,75100.0
2021-08-10,20.57,20.68,20.53,20.61,79500.0
2021-08-11,20.73,20.83,20.64,20.74,137500.0
2021-08-12,20.72,21.71,20.5,21.13,314900.0
2021-08-13,21.34,21.37,21.030001,21.12,133900.0
2021-08-16,21.059999,21.07,20.82,21.030001,126600.0
2021-08-17,20.93,21.040001,20.75,20.83,145000.0
2021-08-18,20.93,20.93,20.77,20.83,69600.0
2021-08-19,20.61,20.73,20.29,20.46,213900.0
2021-08-20,20.27,20.28,19.83,19.96,117500.0
2021-08-23,20.030001,20.14,19.73,19.96,119000.0
2021-08-24,20.059999,20.35,20.01,20.27,107400.0
2021-08-25,20.3,20.75,20.22,20.61,123200.0
2021-08-26,20.53,20.63,20.46,20.49,81400.0
2021-08-27,20.39,20.6,20.29,20.57,88900.0
2021-08-30,20.56,20.56,20.059999,20.31,96100.0
2021-08-31,20.12,20.12,19.72,20.0,112900.0
2021-09-01,19.82,19.89,19.57,19.71,103600.0
2021-09-02,19.69,19.89,19.59,19.7,55100.0
2021-09-03,19.65,19.86,19.64,19.68,66600.0
2021-09-07,19.68,19.73,19.3,19.3,145200.0
2021-09-08,19.39,19.52,19.24,19.33,200800.0
2021-09-09,19.21,19.35,19.15,19.26,103600.0
2021-09-10,19.24,19.69,18.92,19.47,172000.0
2021-09-13,19.4,19.5,19.25,19.35,135300.0
2021-09-14,19.48,19.62,19.41,19.59,59000.0
2021-09-15,19.79,19.99,19.65,19.98,158000.0
2021-09-16,19.95,20.030001,19.77,19.78,75200.0
2021-09-17,19.8,19.8,19.59,19.74,52500.0
2021-09-20,19.44,19.64,19.34,19.59,209800.0
2021-09-21,19.55,19.55,19.28,19.36,75500.0
2021-09-22,19.48,19.67,19.47,19.63,144100.0
2021-09-23,19.58,19.85,19.53,19.81,71800.0
2021-09-24,19.8,19.8,19.66,19.73,36700.0
2021-09-27,19.72,20.25,19.69,20.23,180200.0
2021-09-28,20.25,20.27,20.030001,20.059999,89700.0
2021-09-29,20.15,20.33,20.09,20.25,112800.0
2021-09-30,20.26,20.53,19.89,20.17,183600.0
2021-10-01,20.34,20.55,20.18,20.51,159300.0
2021-10-04,20.31,20.73,20.31,20.52,176100.0
2021-10-05,20.38,20.47,20.26,20.31,172000.0
2021-10-06,20.49,20.57,20.2,20.3,60800.0
2021-10-07,20.28,20.28,20.02,20.24,184700.0
2021-10-08,20.37,20.37,20.14,20.14,44200.0
2021-10-11,20.26,20.32,20.1,20.27,864600.0
2021-10-12,20.2,20.2,19.81,19.96,419200.0
2021-10-13,19.81,19.87,19.37,19.53,448000.0
2021-10-14,19.65,19.77,19.56,19.67,687300.0
2021-10-15,19.89,20.07,19.86,20.02,144500.0
2021-10-18,19.87,20.2,19.83,20.15,711800.0
2021-10-19,20.22,20.28,20.059999,20.11,151300.0
2021-10-20,20.21,20.48,20.12,20.44,129400.0
2021-10-21,20.32,20.38,20.17,20.21,81400.0
2021-10-22,20.24,20.41,20.24,20.38,104800.0
2021-10-25,20.46,20.46,20.31,20.39,89800.0
2021-10-26,20.36,20.7,20.21,20.5,149500.0
2021-10-27,20.5,21.17,20.46,21.040001,222500.0
2021-10-28,21.030001,21.4,20.94,21.23,156700.0
2021-10-29,21.24,21.37,21.030001,21.37,147800.0
2021-11-01,21.42,21.74,21.42,21.66,146400.0
2021-11-02,21.7,21.85,21.4,21.46,163200.0
2021-11-03,21.4,21.47,21.13,21.17,137300.0
2021-11-04,21.37,21.39,20.94,21.02,98400.0
2021-11-05,21.0,21.040001,20.82,20.82,109200.0
2021-11-08,20.8,20.91,20.76,20.8,101800.0
2021-11-09,20.85,21.18,20.69,20.98,139100.0
2021-11-10,21.049999,21.44,21.049999,21.36,104000.0
2021-11-11,21.39,21.62,21.22,21.28,119400.0
2021-11-12,21.36,21.65,21.22,21.53,114300.0
2021-11-15,21.42,21.56,21.34,21.47,71300.0
2021-11-16,21.54,21.54,21.3,21.35,81000.0
2021-11-17,21.41,21.73,21.41,21.49,136600.0
2021-11-18,21.57,21.75,21.39,21.39,88100.0
2021-11-19,21.36,21.49,21.25,21.39,103200.0
2021-11-22,21.52,21.64,21.45,21.59,140200.0
2021-11-23,21.55,21.77,21.48,21.77,135000.0
2021-11-24,21.85,21.99,21.57,21.6,170900.0
2021-11-26,21.43,21.88,20.81,21.88,147700.0
2021-11-29,21.88,21.88,21.4,21.54,114100.0
2021-11-30,21.22,21.36,20.84,21.030001,296200.0
2021-12-01,21.049999,21.24,20.98,21.07,170800.0
2021-12-02,21.37,21.44,21.24,21.28,446100.0
2021-12-03,21.46,21.57,21.36,21.48,86900.0
2021-12-06,21.41,21.52,21.21,21.52,146400.0
2021-12-07,21.52,21.68,21.37,21.58,99900.0
2021-12-08,21.4,21.66,21.4,21.57,71200.0
2021-12-09,21.5,21.7,21.37,21.63,83700.0
2021-12-10,21.61,21.72,21.51,21.6,52100.0
2021-12-13,21.54,21.54,21.31,21.36,90600.0
2021-12-14,21.28,21.66,21.28,21.52,74100.0
2021-12-15,21.59,21.68,21.23,21.42,256600.0
2021-12-16,21.42,21.58,21.37,21.57,36000.0
2021-12-17,21.46,21.75,21.46,21.51,158000.0
2021-12-20,21.49,21.58,21.4,21.5,90100.0
2021-12-21,21.4,21.77,21.4,21.7,56200.0
2021-12-22,21.88,22.0,21.77,21.9,201100.0
2021-12-23,21.86,22.049999,21.85,22.049999,126500.0
2021-12-27,22.16,22.28,22.08,22.27,148900.0
2021-12-28,22.22,22.23,21.85,21.86,112700.0
2021-12-29,21.75,22.08,21.62,21.97,133700.0
2021-12-30,21.81,21.86,21.51,21.57,167400.0
2021-12-31,21.59,21.73,21.54,21.54,44500.0
2022-01-03,21.75,21.77,21.34,21.5,109800.0
2022-01-04,21.57,22.040001,21.57,22.040001,113000.0
2022-01-05,21.95,22.01,21.81,21.82,111700.0
2022-01-06,21.75,21.93,21.65,21.89,101200.0
2022-01-07,21.81,22.02,21.72,22.02,54700.0
2022-01-10,21.89,21.9,21.7,21.82,42400.0
2022-01-11,21.91,21.97,21.79,21.87,85900.0
2022-01-12,21.88,21.95,21.56,21.84,167500.0
2022-01-13,21.74,21.74,21.46,21.52,68500.0
2022-01-14,21.59,21.83,21.53,21.83,66500.0
2022-01-18,21.6,21.86,21.59,21.84,45700.0
2022-01-19,22.0,22.28,21.98,22.19,231800.0
2022-01-20,22.14,22.25,22.01,22.059999,115000.0
2022-01-21,22.049999,22.28,21.98,22.26,100500.0
2022-01-24,22.17,22.35,21.92,22.35,186100.0
2022-01-25,22.36,22.62,22.33,22.4,337400.0
2022-01-26,22.43,22.61,22.3,22.57,120000.0
2022-01-27,22.59,22.59,22.36,22.41,206000.0
2022-01-28,22.41,22.75,22.41,22.75,145600.0
2022-01-31,22.92,22.94,22.5,22.61,202000.0
2022-02-01,22.68,22.96,22.65,22.89,144200.0
2022-02-02,22.98,22.98,22.34,22.54,138200.0
2022-02-03,22.32,22.42,22.11,22.36,119900.0
2022-02-04,22.32,22.59,22.29,22.56,108000.0
2022-02-07,22.87,23.059999,22.75,23.049999,287700.0
2022-02-08,22.9,23.02,22.76,22.95,303400.0
2022-02-09,23.0,23.3,22.93,23.28,272200.0
2022-02-10,23.5,23.77,23.0,23.059999,370300.0
2022-02-11,23.16,23.62,23.1,23.49,231200.0
2022-02-14,23.36,23.68,23.17,23.66,235900.0
2022-02-15,23.33,23.33,23.01,23.059999,199100.0
2022-02-16,23.12,23.39,23.12,23.31,224900.0
2022-02-17,23.33,23.48,23.23,23.4,214100.0
2022-02-18,23.4,23.68,23.4,23.61,144400.0
2022-02-22,23.78,24.22,23.67,24.21,353400.0
2022-02-23,24.14,24.41,23.99,24.34,341000.0
2022-02-24,25.71,25.75,24.3,24.5,820000.0
2022-02-25,23.73,23.85,23.2,23.38,487300.0
2022-02-28,24.1,24.67,23.92,24.58,455400.0
2022-03-01,25.46,25.65,25.3,25.63,638000.0
2022-03-02,25.72,25.72,24.85,25.25,436500.0
2022-03-03,25.34,26.29,25.12,25.53,1510800.0
2022-03-04,26.68,27.77,25.35,26.14,1967200.0
2022-03-07,26.31,26.62,25.81,26.59,1314800.0
2022-03-08,26.11,26.58,25.47,26.27,868800.0
2022-03-09,25.93,26.14,25.51,25.83,413700.0
2022-03-10,26.14,26.55,25.85,26.38,351700.0
2022-03-11,26.16,26.62,26.02,26.59,290500.0
2022-03-14,26.4,26.64,25.93,26.0,455200.0
2022-03-15,25.77,26.39,25.65,26.22,192600.0
2022-03-16,26.21,26.21,25.18,25.34,469200.0
2022-03-17,25.62,26.19,25.62,26.12,254600.0
2022-03-18,26.07,26.07,25.71,26.01,151100.0
2022-03-21,26.49,26.94,26.36,26.75,713500.0
2022-03-22,26.85,26.85,26.49,26.82,305300.0
2022-03-23,27.049999,27.3,26.9,26.99,347200.0
2022-03-24,26.94,26.94,26.64,26.69,247900.0
2022-03-25,26.8,26.92,26.65,26.88,305800.0
2022-03-28,26.58,26.71,26.41,26.69,290700.0
2022-03-29,25.97,26.13,25.25,26.040001,653300.0
2022-03-30,26.38,26.72,26.21,26.36,206600.0
2022-03-31,26.51,27.73,26.34,27.16,821300.0
2022-04-01,27.22,27.38,26.92,27.059999,382900.0
2022-04-04,27.55,27.67,27.38,27.65,377700.0
2022-04-05,28.049999,28.19,27.84,27.88,520000.0
2022-04-06,27.84,28.07,27.71,27.88,277200.0
2022-04-07,27.79,28.09,27.7,28.07,237200.0
2022-04-08,28.11,28.4,27.92,28.34,314700.0
2022-04-11,28.65,28.68,28.25,28.4,431800.0
2022-04-12,28.74,28.94,28.72,28.88,622800.0
2022-04-13,28.86,29.17,28.6,29.1,546000.0
2022-04-14,29.16,29.28,28.95,29.21,473400.0
2022-04-18,29.58,29.94,29.51,29.85,793300.0
2022-04-19,29.76,29.85,29.61,29.67,492200.0
2022-04-20,29.68,29.9,29.31,29.88,362300.0
2022-04-21,29.74,29.74,29.34,29.4,433700.0
2022-04-22,29.54,29.59,28.84,28.94,467900.0
2022-04-25,28.85,29.35,28.7,29.34,455500.0
2022-04-26,29.64,29.81,29.25,29.68,399200.0
2022-04-27,29.59,30.1,29.5,30.049999,713100.0
2022-04-28,30.12,30.19,29.8,30.0,382000.0
2022-04-29,30.049999,30.3,29.93,29.98,562300.0
2022-05-02,29.65,29.7,29.18,29.63,577900.0
2022-05-03,29.76,29.91,29.14,29.29,359800.0
2022-05-04,29.52,29.57,29.01,29.3,261600.0
2022-05-05,29.5,29.5,29.17,29.41,387200.0
2022-05-06,29.37,29.37,28.65,28.93,476900.0
2022-05-09,28.45,28.66,28.15,28.2,576700.0
2022-05-10,28.34,28.61,28.24,28.56,266500.0
2022-05-11,28.79,29.24,28.79,29.21,693600.0
2022-05-12,29.22,29.74,29.049999,29.62,673700.0
2022-05-13,29.64,29.64,29.12,29.31,258600.0
2022-05-16,29.63,29.98,29.6,29.98,568100.0
2022-05-17,29.98,30.040001,29.81,29.87,497300.0
2022-05-18,29.72,29.72,29.059999,29.16,504000.0
2022-05-19,28.83,29.33,28.8,29.040001,267100.0
2022-05-20,28.98,29.059999,28.81,28.97,385500.0
2022-05-23,29.2,29.27,28.87,29.23,210900.0
2022-05-24,29.12,29.12,28.35,28.73,278600.0
2022-05-25,28.23,28.67,28.12,28.54,493500.0
2022-05-26,28.39,28.79,28.25,28.46,267500.0
2022-05-27,28.67,28.99,28.67,28.89,223700.0
2022-05-31,28.77,28.81,28.08,28.22,391400.0
2022-06-01,28.26,28.39,27.2,27.47,784400.0
2022-06-02,27.7,27.8,27.5,27.57,689400.0
2022-06-03,27.49,27.77,27.49,27.56,155100.0
2022-06-06,27.83,28.0,27.66,27.96,298900.0
2022-06-07,28.15,28.64,28.049999,28.52,208700.0
2022-06-08,28.76,28.82,28.38,28.5,224400.0
2022-06-09,28.31,28.82,28.3,28.51,224900.0
2022-06-10,28.54,28.81,28.34,28.79,418900.0
2022-06-13,28.92,29.02,28.25,28.65,679200.0
2022-06-14,28.64,28.79,28.48,28.53,552300.0
2022-06-15,28.25,28.91,28.25,28.65,271700.0
2022-06-16,28.8,29.29,28.8,29.1,548700.0
2022-06-17,29.46,29.53,28.74,28.86,517800.0
2022-06-21,28.15,28.42,27.45,27.8,783600.0
2022-06-22,27.59,27.98,27.51,27.52,375000.0
2022-06-23,27.0,27.11,25.88,26.15,930300.0
2022-06-24,26.62,27.0,26.5,26.81,254200.0
2022-06-27,26.31,26.4,25.84,26.16,417300.0
2022-06-28,26.45,26.69,26.29,26.3,313100.0
2022-06-29,26.41,26.44,26.2,26.25,442300.0
2022-06-30,26.0,26.24,25.040001,25.16,567400.0
2022-07-01,25.14,25.18,24.57,24.61,469600.0
2022-07-05,24.43,24.53,23.31,23.45,714300.0
2022-07-06,23.63,23.82,23.17,23.74,369200.0
2022-07-07,24.28,24.63,23.99,24.11,350300.0
2022-07-08,24.45,25.18,24.39,25.17,385900.0
2022-07-11,25.75,25.79,25.030001,25.07,307000.0
2022-07-12,24.71,24.8,23.58,23.66,334800.0
2022-07-13,23.81,24.4,23.68,24.07,215400.0
2022-07-14,23.86,24.45,23.86,24.29,153100.0
2022-07-15,24.4,24.57,24.030001,24.32,141100.0
2022-07-18,24.74,25.049999,24.51,24.59,141300.0
2022-07-19,23.85,24.2,23.68,24.08,164200.0
2022-07-20,23.95,24.0,23.74,23.88,94900.0
2022-07-21,23.34,23.8,23.18,23.29,148600.0
2022-07-22,23.15,23.54,22.87,22.89,276600.0
2022-07-25,23.4,23.6,23.11,23.53,117900.0
2022-07-26,24.16,24.25,23.73,24.13,277800.0
2022-07-27,24.22,24.35,24.02,24.33,78600.0
2022-07-28,24.66,24.94,24.61,24.81,297400.0
2022-07-29,25.26,25.5,24.76,25.0,242100.0
2022-08-01,24.41,24.7,24.17,24.65,346500.0
2022-08-02,24.37,24.49,24.040001,24.040001,97800.0
2022-08-03,24.12,24.24,23.87,24.16,109800.0
2022-08-04,24.17,24.71,24.17,24.53,76700.0
2022-08-05,24.53,24.9,24.45,24.68,175500.0
2022-08-08,24.41,24.74,24.41,24.67,111700.0
2022-08-09,25.1,25.16,24.8,24.86,101400.0
2022-08-10,25.08,25.35,24.93,25.02,144000.0
2022-08-11,25.25,25.4,25.14,25.34,69500.0
2022-08-12,25.33,25.81,25.0,25.75,179900.0
2022-08-15,25.24,25.66,25.049999,25.35,142600.0
2022-08-16,25.15,25.26,24.69,24.72,234100.0
2022-08-17,24.89,24.89,24.62,24.8,91900.0
2022-08-18,24.69,25.059999,24.52,24.91,104100.0
2022-08-19,24.94,25.22,24.84,25.1,183100.0
2022-08-22,25.030001,25.49,24.9,25.42,173700.0
2022-08-23,26.01,26.55,25.94,26.39,509600.0
2022-08-24,26.58,26.86,26.12,26.41,310400.0
2022-08-25,26.54,26.65,26.08,26.15,228500.0
2022-08-26,26.36,26.84,26.25,26.77,393500.0
2022-08-29,27.0,27.27,26.75,27.26,821700.0
2022-08-30,26.97,27.15,26.68,27.09,266000.0
2022-08-31,26.68,26.94,26.53,26.87,324600.0
2022-09-01,26.59,26.88,26.26,26.43,323100.0
2022-09-02,26.63,26.75,26.48,26.61,103800.0
2022-09-06,26.78,27.08,26.49,27.08,288600.0
2022-09-07,27.16,27.44,26.83,26.83,471400.0
2022-09-08,26.9,26.91,26.4,26.75,155100.0
2022-09-09,26.93,27.33,26.93,27.26,204600.0
2022-09-12,27.2,27.72,27.07,27.6,397400.0
2022-09-13,27.46,27.68,27.41,27.57,188400.0
2022-09-14,27.44,27.5,27.22,27.3,396200.0
2022-09-15,27.22,27.5,26.92,27.030001,188000.0
2022-09-16,26.76,27.16,26.69,27.09,623400.0
2022-09-19,26.79,27.1,26.78,27.08,276700.0
2022-09-20,27.16,27.6,27.16,27.6,288800.0
2022-09-21,27.69,27.69,27.13,27.36,308000.0
2022-09-22,27.4,27.53,27.27,27.42,156200.0
2022-09-23,26.99,27.1,26.8,26.91,324700.0
2022-09-26,26.69,26.98,26.55,26.61,525400.0
2022-09-27,26.81,27.01,26.64,26.64,414900.0
2022-09-28,26.72,26.86,26.65,26.77,151900.0
2022-09-29,26.97,26.99,26.69,26.77,137900.0
2022-09-30,26.9,27.65,26.77,27.040001,341200.0
2022-10-03,27.31,27.35,26.88,27.13,213400.0
2022-10-04,27.2,27.48,27.19,27.23,137000.0
2022-10-05,27.11,27.39,27.01,27.32,113000.0
2022-10-06,27.22,27.22,26.93,27.09,218300.0
2022-10-07,27.14,27.38,27.030001,27.36,168600.0
2022-10-10,27.65,28.049999,27.5,27.77,421000.0
2022-10-11,27.68,27.82,27.6,27.64,100600.0
2022-10-12,27.49,27.88,27.21,27.7,402800.0
2022-10-13,27.52,27.94,27.42,27.84,223300.0
2022-10-14,27.82,27.9,27.54,27.6,165900.0
2022-10-17,27.49,27.58,27.25,27.31,230900.0
2022-10-18,27.22,27.27,26.95,27.19,218900.0
2022-10-19,27.07,27.14,26.99,27.1,143800.0
2022-10-20,27.21,27.4,27.21,27.34,193100.0
2022-10-21,27.21,27.46,27.049999,27.27,157100.0
2022-10-24,27.18,27.36,27.08,27.21,136300.0
2022-10-25,27.1,27.43,27.1,27.31,201200.0
2022-10-26,27.39,27.46,27.28,27.29,102600.0
2022-10-27,27.33,27.4,27.1,27.18,188500.0
2022-10-28,27.07,27.24,26.98,27.09,140600.0
2022-10-31,27.59,27.64,27.22,27.41,215300.0
2022-11-01,27.47,27.74,27.42,27.73,121600.0
2022-11-02,27.34,27.45,27.21,27.35,159400.0
2022-11-03,27.25,27.31,27.14,27.15,137800.0
2022-11-04,27.29,27.35,27.18,27.25,69300.0
2022-11-07,27.17,27.27,27.059999,27.059999,205600.0
2022-11-08,27.030001,27.11,26.82,26.84,290300.0
2022-11-09,26.73,26.87,26.52,26.57,839400.0
2022-11-10,26.59,26.59,26.2,26.2,411500.0
2022-11-11,26.38,26.47,26.32,26.39,145500.0
2022-11-14,26.21,26.44,26.19,26.22,88600.0
2022-11-15,26.13,26.86,26.059999,26.63,142600.0
2022-11-16,26.09,26.62,26.09,26.57,103200.0
2022-11-17,26.33,26.59,26.27,26.57,73300.0
2022-11-18,26.34,26.66,26.34,26.55,54400.0
2022-11-21,26.36,26.48,26.27,26.34,183700.0
2022-11-22,26.41,26.46,26.23,26.26,79100.0
2022-11-23,26.25,26.48,26.25,26.4,74800.0
2022-11-25,26.38,26.7,26.38,26.64,47600.0
2022-11-28,26.49,26.67,26.45,26.63,110900.0
2022-11-29,26.59,26.75,26.58,26.64,52900.0
2022-11-30,26.66,26.67,26.37,26.42,63300.0
2022-12-01,26.46,26.5,26.18,26.18,147800.0
2022-12-02,26.11,26.17,25.82,25.85,139200.0
2022-12-05,25.87,25.88,25.59,25.65,419100.0
2022-12-06,25.68,25.78,25.46,25.55,89600.0
2022-12-07,25.51,25.84,25.51,25.73,69100.0
2022-12-08,25.68,25.82,25.59,25.68,38600.0
2022-12-09,25.68,25.92,25.68,25.74,93200.0
2022-12-12,25.8,26.09,25.8,26.059999,111500.0
2022-12-13,26.11,26.23,25.95,25.95,96300.0
2022-12-14,25.85,25.99,25.79,25.97,40200.0
2022-12-15,25.95,26.09,25.9,26.030001,75000.0
2022-12-16,25.98,26.08,25.97,26.059999,200600.0
2022-12-19,25.92,25.93,25.76,25.85,175600.0
2022-12-20,25.85,26.059999,25.82,26.0,109400.0
2022-12-21,25.99,26.36,25.99,26.31,161500.0
2022-12-22,26.23,26.32,26.21,26.27,48700.0
2022-12-23,26.36,26.48,26.35,26.36,153500.0
2022-12-27,26.29,26.68,26.29,26.62,178600.0
2022-12-28,26.59,27.030001,26.59,27.030001,460600.0
2022-12-29,26.9,26.98,26.84,26.96,193400.0
2022-12-30,26.81,27.09,26.81,26.93,101900.0
2023-01-03,27.09,27.09,26.5,26.63,83900.0
2023-01-04,26.46,26.53,26.030001,26.11,150200.0
2023-01-05,26.11,26.11,25.83,25.93,61800.0
2023-01-06,26.07,26.15,25.91,25.93,68300.0
2023-01-09,25.87,26.07,25.87,25.92,32600.0
2023-01-10,25.96,26.26,25.79,25.94,82700.0
2023-01-11,25.88,26.08,25.88,25.98,139200.0
2023-01-12,26.0,26.57,25.74,26.5,203200.0
2023-01-13,26.26,26.63,26.26,26.63,82700.0
2023-01-17,26.54,26.97,26.4,26.97,104200.0
2023-01-18,26.8,26.99,26.65,26.73,251000.0
2023-01-19,26.71,26.85,26.49,26.49,69500.0
2023-01-20,26.5,26.62,26.46,26.49,78100.0
2023-01-23,26.32,26.32,26.01,26.15,70200.0
2023-01-24,26.45,26.53,26.25,26.5,38700.0
2023-01-25,26.44,26.58,26.37,26.42,50100.0
2023-01-26,26.59,26.71,26.54,26.58,60000.0
2023-01-27,26.41,26.61,26.41,26.54,43200.0
2023-01-30,26.64,26.64,26.38,26.58,122000.0
2023-01-31,26.51,26.76,26.5,26.58,46800.0
2023-02-01,26.46,26.74,26.4,26.69,92000.0
2023-02-02,26.67,26.83,26.46,26.49,93600.0
2023-02-03,26.51,26.67,26.48,26.58,58200.0
2023-02-06,26.57,26.69,26.44,26.66,32700.0
2023-02-07,26.87,26.87,26.5,26.5,33900.0
2023-02-08,26.54,26.62,26.45,26.61,20400.0
2023-02-09,26.6,26.65,26.34,26.34,63700.0
2023-02-10,26.4,26.75,26.4,26.66,71900.0
2023-02-13,26.62,26.78,26.62,26.77,76300.0
2023-02-14,26.77,26.84,26.7,26.71,34400.0
2023-02-15,26.67,26.67,26.52,26.53,57600.0
2023-02-16,26.4,26.58,26.4,26.5,42800.0
2023-02-17,26.62,26.69,26.49,26.64,33400.0
2023-02-21,26.71,26.8,26.59,26.79,165000.0
2023-02-22,26.56,26.68,26.52,26.54,39000.0
2023-02-23,26.4,26.58,26.059999,26.09,80800.0
2023-02-24,25.97,25.97,25.62,25.65,81400.0
2023-02-27,25.55,25.7,25.48,25.48,57700.0
2023-02-28,25.27,25.43,25.059999,25.059999,219700.0
2023-03-01,25.01,25.26,24.83,25.19,169500.0
2023-03-02,25.31,25.34,25.040001,25.14,61000.0
2023-03-03,25.25,25.42,25.14,25.36,50600.0
2023-03-06,25.26,25.3,25.1,25.25,99800.0
2023-03-07,25.17,25.26,25.059999,25.12,62600.0
2023-03-08,25.14,25.15,24.73,24.76,104800.0
2023-03-09,24.83,24.83,24.31,24.36,127600.0
2023-03-10,24.36,24.6,24.29,24.58,86100.0
2023-03-13,24.26,24.68,24.25,24.42,99500.0
2023-03-14,24.28,24.68,24.28,24.61,86600.0
2023-03-15,24.51,24.75,24.51,24.58,73800.0
2023-03-16,24.61,24.72,24.55,24.7,41800.0
2023-03-17,24.76,24.9,24.65,24.77,59800.0
2023-03-20,24.7,24.76,24.57,24.75,35500.0
2023-03-21,24.82,24.9,24.52,24.52,41700.0
2023-03-22,24.36,24.62,24.25,24.46,42700.0
2023-03-23,24.56,24.72,24.34,24.4,72700.0
2023-03-24,24.56,24.9,24.56,24.87,76500.0
2023-03-27,24.99,25.25,24.87,25.25,66100.0
2023-03-28,25.42,25.42,25.21,25.29,52700.0
2023-03-29,25.5,25.51,25.24,25.29,52000.0
2023-03-30,25.28,25.31,25.13,25.16,28100.0
2023-03-31,25.1,25.42,24.97,25.23,87000.0
2023-04-03,25.47,25.64,25.25,25.27,44300.0
2023-04-04,24.99,25.07,24.92,24.94,57000.0
2023-04-05,24.9,25.059999,24.78,24.91,27600.0
2023-04-06,24.82,24.85,24.7,24.74,28200.0
2023-04-10,24.62,25.12,24.51,25.08,65600.0
2023-04-11,25.09,25.09,24.77,24.91,51600.0
2023-04-12,24.94,24.94,24.78,24.82,35800.0
2023-04-13,24.79,24.86,24.67,24.77,92100.0
2023-04-14,24.67,25.11,24.67,25.11,51400.0
2023-04-17,25.25,25.36,24.98,25.33,33000.0
2023-04-18,25.31,25.49,25.24,25.48,62500.0
2023-04-19,25.25,25.39,25.11,25.16,67800.0
2023-04-20,24.83,24.9,24.69,24.87,62800.0
2023-04-21,24.68,24.71,24.33,24.41,52600.0
2023-04-24,24.15,24.37,24.11,24.3,44600.0
2023-04-25,24.27,24.37,24.02,24.21,64100.0
2023-04-26,24.12,24.23,24.030001,24.09,75900.0
2023-04-27,23.98,23.98,23.38,23.45,220600.0
2023-04-28,23.22,23.43,22.97,23.38,86400.0
2023-05-01,23.09,23.3,23.030001,23.23,47200.0
2023-05-02,23.02,23.33,23.0,23.059999,58400.0
2023-05-03,22.69,23.51,22.69,23.49,79600.0
2023-05-04,23.12,23.48,23.12,23.47,30400.0
2023-05-05,23.16,23.78,23.16,23.78,35300.0
2023-05-08,23.79,23.79,23.54,23.59,29000.0
2023-05-09,23.17,23.21,23.01,23.16,66600.0
2023-05-10,22.96,23.27,22.89,23.21,43900.0
2023-05-11,22.92,23.030001,22.9,22.96,33700.0
2023-05-12,22.88,23.24,22.34,22.74,71300.0
2023-05-15,22.97,23.07,22.9,23.07,45400.0
2023-05-16,23.0,23.0,22.44,22.61,60900.0
2023-05-17,22.36,22.44,22.07,22.2,75000.0
2023-05-18,21.99,22.32,21.9,22.23,44100.0
2023-05-19,22.51,22.65,22.22,22.27,74800.0
2023-05-22,22.29,22.7,22.29,22.63,58900.0
2023-05-23,22.82,23.040001,22.71,23.0,71500.0
2023-05-24,23.02,23.3,22.86,23.030001,45200.0
2023-05-25,22.99,23.1,22.78,22.88,40400.0
2023-05-26,23.35,23.64,23.26,23.62,78300.0
2023-05-30,23.58,23.58,22.91,23.2,70900.0
2023-05-31,22.72,23.14,22.7,23.1,66800.0
2023-06-01,23.4,23.71,23.37,23.49,136000.0
2023-06-02,23.3,23.86,23.17,23.83,64600.0
2023-06-05,23.83,24.0,23.54,23.65,36900.0
2023-06-06,23.75,23.87,23.48,23.73,54300.0
2023-06-07,23.56,23.56,23.21,23.27,60400.0
2023-06-08,23.12,23.54,23.08,23.53,60400.0
2023-06-09,23.4,23.5,23.12,23.37,47100.0
2023-06-12,23.71,24.08,23.71,24.049999,75700.0
2023-06-13,24.38,24.49,24.12,24.17,102000.0
2023-06-14,23.92,24.25,23.82,24.19,48700.0
2023-06-15,24.57,25.08,24.57,25.059999,154700.0
2023-06-16,25.52,25.96,25.33,25.95,172400.0
2023-06-20,25.94,26.059999,25.66,25.97,130400.0
2023-06-21,26.42,27.21,26.42,27.2,212900.0
2023-06-22,26.75,27.030001,26.61,26.81,237700.0
2023-06-23,25.95,26.19,25.42,25.49,252600.0
2023-06-26,25.54,26.049999,25.28,25.62,102200.0
2023-06-27,24.75,24.84,24.33,24.54,179500.0
2023-06-28,24.07,24.3,23.7,23.74,145200.0
2023-06-29,23.72,23.85,23.34,23.41,122500.0
2023-06-30,23.53,23.72,22.14,22.19,249400.0
2023-07-03,22.64,22.65,22.22,22.4,84700.0
2023-07-05,22.5,22.51,21.92,22.16,223200.0
2023-07-06,22.31,22.76,22.31,22.75,128700.0
2023-07-07,22.61,22.61,22.2,22.35,268800.0
2023-07-10,22.45,22.57,22.35,22.46,60500.0
2023-07-11,22.63,22.66,22.46,22.55,58600.0
2023-07-12,22.62,22.67,21.74,21.83,195200.0
2023-07-13,21.96,22.63,21.96,22.63,325000.0
2023-07-14,22.91,23.17,22.6,23.16,172700.0
2023-07-17,23.28,23.28,22.72,22.8,79800.0
2023-07-18,23.15,24.12,23.07,23.84,210400.0
2023-07-19,24.79,24.98,24.1,24.59,211300.0
2023-07-20,24.75,24.82,24.19,24.35,84000.0
2023-07-21,23.77,24.32,23.71,23.96,129000.0
2023-07-24,24.73,25.26,24.5,25.17,165600.0
2023-07-25,24.77,25.13,24.77,25.0,86700.0
2023-07-26,24.82,24.84,24.2,24.39,197900.0
2023-07-27,24.3,24.75,24.15,24.23,60300.0
2023-07-28,23.86,24.36,23.64,23.78,125500.0
2023-07-31,23.27,23.29,22.95,23.09,130200.0
2023-08-01,23.059999,23.19,22.86,22.93,262500.0
2023-08-02,23.030001,23.030001,22.55,22.67,72300.0
2023-08-03,22.71,22.71,22.43,22.49,36800.0
2023-08-04,22.75,22.87,22.51,22.74,97200.0
2023-08-07,22.59,22.69,22.3,22.65,80700.0
2023-08-08,22.45,22.81,22.45,22.73,77700.0
2023-08-09,22.78,22.84,22.51,22.6,44000.0
2023-08-10,22.54,22.68,22.54,22.61,42800.0
2023-08-11,22.6,23.02,22.16,22.29,69000.0
2023-08-14,22.22,22.36,22.059999,22.26,50400.0
2023-08-15,22.26,22.26,21.8,21.8,99300.0
2023-08-16,21.89,22.18,21.86,22.07,48500.0
2023-08-17,22.0,22.31,21.94,22.3,53800.0
2023-08-18,22.42,22.56,22.37,22.52,64600.0
2023-08-21,22.63,22.7,22.09,22.1,53100.0
2023-08-22,21.99,22.12,21.79,21.93,32300.0
2023-08-23,22.0,22.44,22.0,22.32,48100.0
2023-08-24,22.17,22.36,22.17,22.36,39100.0
2023-08-25,22.42,22.54,22.27,22.29,88500.0
2023-08-28,22.46,22.72,22.42,22.69,61100.0
2023-08-29,22.64,22.71,22.26,22.3,44500.0
2023-08-30,22.37,22.44,22.12,22.16,57800.0
2023-08-31,22.2,22.28,22.0,22.07,34300.0
2023-09-01,22.33,22.33,22.15,22.2,26000.0
2023-09-05,22.13,22.42,22.1,22.37,34000.0
2023-09-06,22.37,22.5,22.24,22.3,35500.0
2023-09-07,22.35,22.42,22.22,22.31,28700.0
2023-09-08,22.31,22.32,22.14,22.18,23900.0
2023-09-11,22.31,22.36,22.14,22.33,33500.0
2023-09-12,22.33,22.33,21.84,21.99,68300.0
2023-09-13,21.96,22.2,21.9,22.16,103100.0
2023-09-14,22.07,22.28,22.040001,22.13,43300.0
2023-09-15,22.1,22.16,21.96,21.97,38900.0
2023-09-18,21.93,21.93,21.74,21.82,69100.0
2023-09-19,21.75,21.99,21.74,21.97,54500.0
2023-09-20,22.1,22.27,21.98,22.2,80000.0
2023-09-21,22.049999,22.15,21.91,21.91,54100.0
2023-09-22,21.88,22.09,21.86,21.96,39800.0
2023-09-25,21.98,22.24,21.91,22.21,46400.0
2023-09-26,22.21,22.25,22.02,22.12,61400.0
2023-09-27,22.25,22.43,22.23,22.34,56200.0
2023-09-28,22.27,22.53,22.27,22.49,43000.0
2023-09-29,22.52,22.52,22.01,22.02,80500.0
2023-10-02,22.14,22.58,22.14,22.52,52000.0
2023-10-03,22.47,22.54,22.37,22.5,44500.0
2023-10-04,22.36,22.53,22.31,22.41,38700.0
2023-10-05,22.33,22.92,22.32,22.81,86800.0
2023-10-06,22.85,22.85,22.68,22.74,27800.0
2023-10-09,22.72,22.72,22.52,22.56,25100.0
2023-10-10,22.46,22.5,22.38,22.42,51800.0
2023-10-11,22.37,22.59,22.32,22.59,30700.0
2023-10-12,22.6,22.96,22.32,22.85,65600.0
2023-10-13,22.94,22.96,22.67,22.8,38200.0
2023-10-16,22.74,22.74,22.58,22.62,38100.0
2023-10-17,22.62,22.7,22.5,22.58,85800.0
2023-10-18,22.64,22.76,22.63,22.72,59900.0
2023-10-19,22.57,23.15,22.57,23.1,60200.0
2023-10-20,23.08,23.24,22.74,22.8,155100.0
2023-10-23,22.73,22.78,22.6,22.65,151900.0
2023-10-24,22.49,22.53,22.29,22.32,109000.0
2023-10-25,22.3,22.36,22.07,22.25,114500.0
2023-10-26,22.28,22.32,22.12,22.15,175800.0
2023-10-27,22.15,22.34,22.15,22.27,59200.0
2023-10-30,22.17,22.29,22.13,22.18,55900.0
2023-10-31,22.11,22.34,22.11,22.24,43100.0
2023-11-01,22.23,22.24,22.0,22.13,38700.0
2023-11-02,22.030001,22.22,21.94,21.95,77000.0
2023-11-03,21.99,22.38,21.96,22.31,50300.0
2023-11-06,22.28,22.39,22.26,22.28,67700.0
2023-11-07,22.17,22.27,21.92,21.97,36800.0
2023-11-08,21.99,22.32,21.99,22.13,48100.0
2023-11-09,22.02,22.040001,21.82,21.91,47400.0
2023-11-10,21.88,21.88,21.67,21.73,26800.0
2023-11-13,21.66,22.33,21.66,22.29,129900.0
2023-11-14,22.21,22.41,22.21,22.39,127200.0
2023-11-15,22.31,22.31,22.0,22.13,49200.0
2023-11-16,22.07,22.33,21.92,22.27,53100.0
2023-11-17,22.26,22.26,22.02,22.07,44100.0
2023-11-20,22.07,22.13,21.92,22.09,20400.0
2023-11-21,22.3,22.34,22.12,22.18,37500.0
2023-11-22,22.12,22.36,22.12,22.15,35300.0
2023-11-24,22.059999,22.19,21.93,21.93,11100.0
2023-11-27,21.88,21.88,21.59,21.65,48200.0
2023-11-28,21.73,21.73,21.54,21.61,37500.0
2023-11-29,21.59,21.76,21.54,21.73,38000.0
2023-11-30,21.82,22.049999,21.81,21.95,69000.0
2023-12-01,21.9,22.25,21.84,22.040001,34600.0
2023-12-04,22.0,22.24,21.98,22.09,52700.0
2023-12-05,22.18,22.32,22.12,22.27,36100.0
2023-12-06,22.29,22.4,21.97,22.0,91400.0
2023-12-07,22.08,22.24,22.040001,22.18,33400.0
2023-12-08,22.18,22.32,22.030001,22.17,58500.0
2023-12-11,22.0,22.16,21.9,22.0,38200.0
2023-12-12,21.99,22.2,21.99,22.11,19400.0
2023-12-13,22.049999,22.049999,21.82,21.91,117500.0
2023-12-14,21.95,22.040001,21.87,21.95,28100.0
2023-12-15,21.85,22.08,21.84,21.98,53300.0
2023-12-18,22.0,22.0,21.76,21.83,35500.0
2023-12-19,21.76,21.79,21.61,21.65,39000.0
2023-12-20,21.64,21.8,21.47,21.52,115300.0
2023-12-21,21.53,21.7,21.53,21.66,45700.0
2023-12-22,21.7,21.7,21.59,21.62,24300.0
2023-12-26,21.59,21.97,21.59,21.92,42200.0
2023-12-27,21.89,21.89,21.71,21.74,26000.0
2023-12-28,21.78,21.85,21.66,21.73,59600.0
2023-12-29,21.66,21.7,21.55,21.57,27400.0
2024-01-02,21.53,21.53,21.27,21.33,36000.0
2024-01-03,21.5,21.5,21.27,21.42,27000.0
2024-01-04,21.29,21.5,21.29,21.45,17800.0
2024-01-05,21.35,21.4,21.14,21.23,39400.0
2024-01-08,21.059999,21.11,20.82,20.91,57200.0
2024-01-09,20.91,21.14,20.81,21.13,35500.0
2024-01-10,21.059999,21.17,20.94,21.08,27900.0
2024-01-11,21.059999,21.059999,20.91,20.96,26000.0
2024-01-12,21.049999,21.059999,20.35,20.61,77900.0
2024-01-16,20.53,20.65,20.37,20.38,58800.0
2024-01-17,20.27,20.57,20.27,20.3,54900.0
2024-01-18,20.3,20.41,20.11,20.35,40000.0
2024-01-19,20.46,20.56,20.34,20.42,31300.0
2024-01-22,20.37,20.46,20.34,20.42,38500.0
2024-01-23,20.45,20.59,20.36,20.44,62400.0
2024-01-24,20.51,20.68,20.51,20.67,199300.0
2024-01-25,20.69,20.69,20.48,20.6,41100.0
2024-01-26,20.45,20.45,20.37,20.4,146200.0
2024-01-29,20.25,20.26,20.11,20.2,48100.0
2024-01-30,20.18,20.56,20.18,20.54,73700.0
2024-01-31,20.46,20.56,20.4,20.53,29300.0
2024-02-01,20.45,20.53,20.37,20.46,18400.0
2024-02-02,20.45,20.5,20.33,20.36,36300.0
2024-02-05,20.27,20.46,20.27,20.36,24000.0
2024-02-06,20.48,20.51,20.28,20.28,35400.0
2024-02-07,20.18,20.32,20.1,20.15,44200.0
2024-02-08,20.08,20.19,19.95,20.049999,61400.0
2024-02-09,19.92,20.18,19.87,19.93,33000.0
2024-02-12,19.93,20.040001,19.89,19.95,46900.0
2024-02-13,20.01,20.1,19.92,20.0,28200.0
2024-02-14,19.84,19.84,19.66,19.73,53100.0
2024-02-15,19.72,19.73,19.4,19.41,52800.0
2024-02-16,19.39,19.53,19.37,19.45,58400.0
2024-02-20,19.64,19.66,19.4,19.57,60600.0
2024-02-21,19.48,19.61,19.23,19.25,34400.0
2024-02-22,19.3,19.44,19.049999,19.09,77100.0
2024-02-23,19.08,19.17,18.8,18.9,57200.0
2024-02-26,18.78,19.26,18.72,19.2,115300.0
2024-02-27,19.32,19.46,19.3,19.34,76800.0
2024-02-28,19.38,19.6,19.27,19.6,57000.0
2024-02-29,19.44,19.65,19.33,19.56,35900.0
2024-03-01,19.49,19.49,19.23,19.3,116300.0
2024-03-04,19.5,19.7,19.44,19.57,232400.0
2024-03-05,19.48,19.54,19.34,19.37,79900.0
2024-03-06,19.4,19.52,19.3,19.48,67600.0
2024-03-07,19.75,19.9,19.67,19.86,90400.0
2024-03-08,19.73,20.0,19.66,19.98,67500.0
2024-03-11,19.89,20.1,19.72,20.09,85800.0
2024-03-12,20.09,20.17,20.0,20.09,88900.0
2024-03-13,19.91,20.15,19.87,20.049999,66200.0
2024-03-14,19.94,20.11,19.74,19.82,140000.0
2024-03-15,19.77,20.040001,19.77,19.95,33700.0
2024-03-18,19.69,19.97,19.69,19.95,63400.0
2024-03-19,19.99,20.07,19.94,20.02,37800.0
2024-03-20,20.0,20.14,19.96,20.08,30700.0
2024-03-21,20.28,20.28,20.049999,20.16,79300.0
2024-03-22,20.09,20.13,19.96,20.1,23600.0
2024-03-25,20.07,20.19,20.02,20.059999,78700.0
2024-03-26,20.01,20.1,19.74,19.78,87700.0
2024-03-27,19.62,19.67,19.5,19.54,83900.0
2024-03-28,19.54,20.4,19.53,20.18,150200.0
2024-04-01,20.11,20.18,19.89,20.11,43500.0
2024-04-02,20.12,20.12,19.64,19.78,70300.0
2024-04-03,19.76,19.95,19.69,19.89,76300.0
2024-04-04,19.79,20.0,19.79,20.0,154600.0
2024-04-05,20.1,20.1,19.87,19.91,33900.0
2024-04-08,19.97,20.02,19.8,19.96,41500.0
2024-04-09,19.9,19.9,19.69,19.76,32000.0
2024-04-10,19.81,19.87,19.77,19.83,19600.0
2024-04-11,19.9,19.96,19.61,19.68,235000.0
2024-04-12,19.67,19.99,19.67,19.92,59900.0
2024-04-15,19.86,19.86,19.73,19.82,108800.0
2024-04-16,19.74,19.76,19.62,19.73,36200.0
2024-04-17,19.7,19.75,19.64,19.67,21800.0
2024-04-18,19.6,19.6,19.41,19.48,32300.0
2024-04-19,19.52,19.75,19.52,19.7,20000.0
2024-04-22,19.64,20.08,19.64,20.059999,105700.0
2024-04-23,20.01,20.18,19.97,20.16,92200.0
2024-04-24,20.16,20.2,19.96,20.01,110500.0
2024-04-25,20.049999,20.22,20.0,20.16,57900.0
2024-04-26,20.12,20.23,20.040001,20.040001,190000.0
2024-04-29,20.02,20.059999,19.9,20.0,31600.0
2024-04-30,19.99,20.049999,19.83,19.95,40300.0
2024-05-01,19.85,20.059999,19.76,20.02,122000.0
2024-05-02,20.25,20.44,20.22,20.44,94600.0
2024-05-03,20.63,20.76,20.39,20.53,126100.0
2024-05-06,20.43,20.86,20.41,20.84,79900.0
2024-05-07,20.77,20.92,20.72,20.81,69400.0
2024-05-08,20.71,20.71,20.38,20.45,68900.0
2024-05-09,20.41,20.44,20.28,20.43,92800.0
2024-05-10,20.43,20.89,20.43,20.83,96300.0
2024-05-13,20.81,21.0,20.81,20.9,83900.0
2024-05-14,20.96,21.07,20.81,20.87,57300.0
2024-05-15,20.96,21.030001,20.62,20.7,79900.0
2024-05-16,20.65,20.75,20.42,20.5,341400.0
2024-05-17,20.48,20.49,20.23,20.31,255200.0
2024-05-20,20.38,20.65,20.38,20.57,123900.0
2024-05-21,20.46,20.62,20.39,20.48,148100.0
2024-05-22,20.51,20.6,20.46,20.56,62200.0
2024-05-23,20.59,20.74,20.58,20.63,107100.0
2024-05-24,20.63,20.76,20.6,20.72,69600.0
2024-05-28,20.7,20.72,20.52,20.59,114100.0
2024-05-29,20.48,20.61,20.37,20.41,38900.0
2024-05-30,20.37,20.39,20.07,20.08,161900.0
2024-05-31,20.23,20.23,19.9,19.9,60400.0
2024-06-03,20.0,20.030001,19.66,19.75,89700.0
2024-06-04,19.68,19.91,19.65,19.71,115100.0
2024-06-05,19.71,19.8,19.56,19.56,59300.0
2024-06-06,19.74,20.09,19.74,20.08,121300.0
2024-06-07,20.02,20.02,19.78,19.94,38000.0
2024-06-10,20.02,20.049999,19.92,19.98,47300.0
2024-06-11,20.049999,20.049999,19.83,19.89,51300.0
2024-06-12,19.88,20.01,19.76,19.95,61900.0
2024-06-13,20.1,20.27,20.1,20.23,127400.0
2024-06-14,20.11,20.3,19.92,19.94,53600.0
2024-06-17,19.83,19.92,19.71,19.75,36000.0
2024-06-18,19.84,19.98,19.82,19.84,30000.0
2024-06-20,19.84,19.86,19.5,19.55,74100.0
2024-06-21,19.59,19.59,19.31,19.34,72100.0
2024-06-24,19.27,19.37,19.040001,19.33,140900.0
2024-06-25,19.2,19.2,18.94,18.98,64100.0
2024-06-26,19.0,19.08,18.75,18.77,39500.0
2024-06-27,18.81,18.87,18.69,18.72,76500.0
2024-06-28,18.76,19.07,18.030001,18.31,131400.0
2024-07-01,18.18,18.38,18.12,18.36,60300.0
2024-07-02,18.41,18.55,18.28,18.33,85300.0
2024-07-03,18.33,18.33,18.19,18.28,33800.0
2024-07-05,18.24,18.5,18.24,18.43,171100.0
2024-07-08,18.23,18.23,17.79,17.84,162200.0
2024-07-09,17.86,18.049999,17.85,17.9,79600.0
2024-07-10,17.81,17.9,17.7,17.82,57400.0
2024-07-11,18.049999,18.08,17.92,18.0,54500.0
2024-07-12,17.87,18.2,17.73,18.19,138100.0
2024-07-15,17.99,18.07,17.73,17.77,83500.0
2024-07-16,17.8,18.0,17.8,17.93,44900.0
2024-07-17,18.02,18.1,17.99,18.059999,34500.0
2024-07-18,17.97,17.97,17.74,17.78,151200.0
2024-07-19,17.89,18.02,17.8,17.84,38500.0
2024-07-22,18.0,18.24,17.95,18.24,74600.0
2024-07-23,18.24,18.45,18.22,18.27,60600.0
2024-07-24,18.25,18.48,18.25,18.31,132300.0
2024-07-25,18.37,18.5,18.36,18.42,47600.0
2024-07-26,18.29,18.29,18.01,18.02,88700.0
2024-07-29,17.9,18.09,17.85,18.07,41700.0
2024-07-30,17.9,17.94,17.8,17.8,43600.0
2024-07-31,17.81,17.81,17.58,17.66,70000.0
2024-08-01,17.6,17.66,17.51,17.65,50300.0
2024-08-02,17.63,17.86,17.63,17.84,51100.0
2024-08-05,17.55,17.96,17.55,17.93,56600.0
2024-08-06,17.84,17.99,17.77,17.82,86700.0
2024-08-07,17.82,17.83,17.67,17.75,64300.0
2024-08-08,17.72,17.83,17.57,17.57,43300.0
2024-08-09,17.59,17.61,17.45,17.5,31000.0
2024-08-12,17.47,17.76,17.31,17.71,51900.0
2024-08-13,17.69,17.69,17.5,17.56,28700.0
2024-08-14,17.54,17.69,17.51,17.68,21800.0
2024-08-15,17.6,17.66,17.52,17.55,34200.0
2024-08-16,17.42,17.48,17.28,17.34,48100.0
2024-08-19,17.42,17.71,17.34,17.7,47400.0
2024-08-20,17.75,17.75,17.6,17.63,153000.0
2024-08-21,17.68,17.68,17.52,17.59,34400.0
2024-08-22,17.49,17.49,17.3,17.36,149500.0
2024-08-23,17.33,17.48,17.29,17.32,47500.0
2024-08-26,17.16,17.23,17.02,17.15,125500.0
2024-08-27,17.15,17.42,17.13,17.36,51900.0
2024-08-28,17.33,17.42,17.24,17.25,22000.0
2024-08-29,17.34,17.47,17.32,17.47,41100.0
2024-08-30,17.49,17.7,17.49,17.7,63700.0
2024-09-03,17.7,17.99,17.7,17.96,74800.0
2024-09-04,18.0,18.17,17.97,18.16,206800.0
2024-09-05,18.0,18.07,17.93,18.040001,44100.0
2024-09-06,18.16,18.24,17.86,17.89,66100.0
2024-09-09,17.9,17.96,17.82,17.93,80800.0
2024-09-10,17.98,17.98,17.82,17.85,44800.0
2024-09-11,17.95,17.95,17.72,17.9,41400.0
2024-09-12,17.99,17.99,17.55,17.95,45800.0
2024-09-13,18.09,18.19,17.97,18.16,248400.0
2024-09-16,18.02,18.11,17.96,18.09,48000.0
2024-09-17,18.12,18.18,18.01,18.16,56000.0
2024-09-18,18.18,18.23,18.11,18.11,31600.0
2024-09-19,18.08,18.08,17.88,17.92,109300.0
2024-09-20,17.92,17.92,17.73,17.74,137900.0
2024-09-23,17.95,18.19,17.95,18.17,72900.0
2024-09-24,18.27,18.35,18.08,18.17,43600.0
2024-09-25,18.17,18.24,18.09,18.23,60400.0
2024-09-26,18.29,18.33,18.13,18.15,65300.0
2024-09-27,18.14,18.33,18.1,18.27,42600.0
2024-09-30,18.25,18.61,18.24,18.49,94400.0
2024-10-01,18.4,18.78,18.4,18.67,60600.0
2024-10-02,18.77,18.85,18.7,18.78,81900.0
2024-10-03,18.71,18.76,18.6,18.64,59300.0
2024-10-04,18.58,18.58,18.42,18.47,68000.0
2024-10-07,18.47,18.56,18.4,18.55,30100.0
2024-10-08,18.45,18.53,18.31,18.38,155800.0
2024-10-09,18.35,18.44,18.34,18.37,56600.0
2024-10-10,18.33,18.41,18.26,18.3,52500.0
2024-10-11,18.28,18.4,18.18,18.23,66100.0
2024-10-14,18.08,18.09,17.82,17.83,94600.0
2024-10-15,17.72,17.75,17.56,17.57,72500.0
2024-10-16,17.67,17.77,17.6,17.7,175200.0
2024-10-17,17.62,17.73,17.45,17.69,101900.0
2024-10-18,17.77,17.77,17.55,17.58,68000.0
2024-10-21,17.57,17.81,17.57,17.7,75000.0
2024-10-22,17.69,17.97,17.69,17.94,102500.0
2024-10-23,17.96,18.1,17.9,18.059999,78300.0
2024-10-24,18.16,18.21,18.059999,18.15,107100.0
2024-10-25,18.09,18.09,17.93,17.96,68800.0
2024-10-28,17.93,17.93,17.78,17.81,44800.0
2024-10-29,17.82,17.94,17.82,17.9,34000.0
2024-10-30,17.86,17.91,17.81,17.85,23300.0
2024-10-31,17.83,17.94,17.83,17.89,50800.0
2024-11-01,17.93,18.040001,17.89,17.95,48400.0
2024-11-04,17.98,18.07,17.91,17.93,61600.0
2024-11-05,18.01,18.059999,17.96,18.030001,39800.0
2024-11-06,17.85,18.3,17.85,18.26,68100.0
2024-11-07,18.31,18.39,18.16,18.38,67400.0
2024-11-08,18.4,18.57,18.32,18.48,78900.0
2024-11-11,18.39,18.42,18.22,18.35,78300.0
2024-11-12,18.39,18.4,18.18,18.25,26000.0
2024-11-13,18.21,18.27,18.07,18.13,40400.0
2024-11-14,18.1,18.1,17.87,17.92,51300.0
2024-11-15,17.9,18.15,17.89,18.07,48000.0
2024-11-18,18.0,18.23,18.0,18.21,42500.0
2024-11-19,18.22,18.3,18.13,18.16,29800.0
2024-11-20,18.09,18.3,18.059999,18.29,26100.0
2024-11-21,18.25,18.25,18.030001,18.08,34700.0
2024-11-22,18.15,18.16,18.02,18.07,24500.0
2024-11-25,17.97,18.07,17.9,17.92,27900.0
2024-11-26,17.92,17.92,17.69,17.77,70200.0
2024-11-27,17.78,17.84,17.73,17.74,29900.0
2024-11-29,17.71,17.9,17.71,17.87,10000.0
2024-12-02,17.76,17.98,17.76,17.92,15500.0
2024-12-03,17.97,17.99,17.83,17.88,39200.0
2024-12-04,17.78,17.89,17.76,17.76,23700.0
2024-12-05,17.75,18.0,17.75,18.0,28100.0
2024-12-06,18.0,18.19,18.0,18.18,44500.0
2024-12-09,18.18,18.24,18.11,18.24,27100.0
2024-12-10,18.22,18.5,18.22,18.5,40300.0
2024-12-11,18.5,18.58,18.47,18.48,49200.0
2024-12-12,18.46,18.48,18.32,18.38,50100.0
2024-12-13,18.26,18.33,18.19,18.26,49100.0
2024-12-16,18.36,18.36,18.26,18.36,55500.0
2024-12-17,18.26,18.31,18.18,18.28,114600.0
2024-12-18,18.28,18.35,18.0,18.030001,215100.0
2024-12-19,18.0,18.14,17.94,18.09,44300.0
2024-12-20,18.15,18.34,18.15,18.26,66500.0
2024-12-23,18.39,18.39,18.26,18.37,56400.0
2024-12-24,18.37,18.39,18.33,18.36,20400.0
2024-12-26,18.44,18.64,18.4,18.63,62100.0
2024-12-27,18.56,18.64,18.56,18.57,39300.0
2024-12-30,18.75,18.78,18.44,18.58,78000.0
2024-12-31,18.59,18.8,18.59,18.77,51300.0
2025-01-02,18.74,18.89,18.7,18.89,73700.0
2025-01-03,18.76,18.76,18.47,18.52,144900.0
2025-01-06,18.78,18.86,18.73,18.78,75300.0
2025-01-07,18.63,18.82,18.6,18.78,44500.0
2025-01-08,18.68,18.78,18.65,18.65,40600.0
2025-01-10,18.73,19.28,18.73,19.23,272100.0
2025-01-13,19.31,19.51,19.3,19.5,218500.0
2025-01-14,19.45,19.63,19.4,19.43,57100.0
2025-01-15,19.52,19.56,19.5,19.55,85700.0
2025-01-16,19.36,19.43,19.25,19.28,180300.0
2025-01-17,19.42,19.65,19.38,19.62,82300.0
2025-01-21,19.71,19.89,19.6,19.86,106700.0
2025-01-22,19.86,19.93,19.63,19.7,86900.0
2025-01-23,19.7,20.059999,19.55,19.91,128200.0
2025-01-24,19.8,19.92,19.76,19.76,87400.0
2025-01-27,19.61,19.69,19.48,19.63,79300.0
2025-01-28,19.76,19.94,19.73,19.79,63400.0
2025-01-29,19.95,20.19,19.95,20.18,77000.0
2025-01-30,20.1,20.1,19.97,20.049999,49300.0
2025-01-31,19.72,19.91,19.61,19.79,107300.0
2025-02-03,19.51,20.059999,19.5,19.99,75300.0
2025-02-04,20.040001,20.23,19.99,20.15,98800.0
2025-02-05,20.17,20.2,20.040001,20.17,80200.0
2025-02-06,20.13,20.29,19.94,20.28,285600.0
2025-02-07,20.18,20.18,19.95,19.97,210100.0
2025-02-10,20.059999,20.19,20.0,20.17,52900.0
2025-02-11,20.25,20.35,19.95,20.01,68900.0
2025-02-12,20.030001,20.25,20.01,20.2,115100.0
2025-02-13,20.15,20.27,20.12,20.22,80700.0
2025-02-14,20.22,20.43,20.22,20.32,56300.0
2025-02-18,20.39,20.66,20.39,20.6,168200.0
2025-02-19,20.6,20.69,20.42,20.47,70400.0
2025-02-20,20.61,20.66,20.5,20.54,28800.0
2025-02-21,20.43,20.53,20.23,20.24,63000.0
2025-02-24,20.13,20.24,19.94,19.97,148800.0
2025-02-25,19.84,19.98,19.71,19.94,236700.0
2025-02-26,19.97,20.11,19.83,19.87,89700.0
2025-02-27,19.79,19.81,19.43,19.43,94400.0
2025-02-28,19.5,19.5,19.049999,19.07,122300.0
2025-03-03,19.0,19.09,18.63,18.68,252000.0
2025-03-04,18.42,18.64,18.21,18.52,218200.0
2025-03-05,18.57,18.71,18.36,18.65,80000.0
2025-03-06,18.64,19.16,18.46,18.88,132700.0
2025-03-07,18.89,19.11,18.77,19.07,87300.0
2025-03-10,19.11,19.24,19.0,19.18,69100.0
2025-03-11,19.21,19.33,19.040001,19.059999,43900.0
2025-03-12,18.94,18.95,18.6,18.78,76200.0
2025-03-13,18.87,19.059999,18.87,18.89,36000.0
2025-03-14,18.93,18.93,18.75,18.83,23300.0
2025-03-17,18.94,19.02,18.88,18.96,49700.0
2025-03-18,19.030001,19.030001,18.82,18.89,89600.0
2025-03-19,18.83,18.97,18.83,18.87,199700.0
2025-03-20,18.92,19.02,18.91,18.98,15900.0
2025-03-21,18.98,19.059999,18.83,18.88,44500.0
2025-03-24,18.9,18.93,18.79,18.93,95600.0
2025-03-25,18.8,18.8,18.71,18.77,48800.0
2025-03-26,18.8,18.8,18.51,18.56,50000.0
2025-03-27,18.49,18.52,18.36,18.51,41300.0
2025-03-28,18.36,18.49,18.21,18.46,39600.0
2025-03-31,18.51,18.58,18.17,18.56,77800.0
2025-04-01,18.67,18.79,18.67,18.72,67400.0
2025-04-02,18.6,18.76,18.55,18.7,46400.0
2025-04-03,18.49,18.78,18.4,18.68,91000.0
2025-04-04,18.49,18.78,18.37,18.74,52700.0
2025-04-07,18.56,18.88,18.56,18.72,103900.0
2025-04-08,18.82,18.93,18.71,18.74,53400.0
2025-04-09,18.9,19.049999,18.75,19.049999,111000.0
2025-04-10,19.01,19.3,18.98,19.18,132700.0
2025-04-11,19.38,19.64,19.31,19.58,339500.0
2025-04-14,19.63,19.7,19.42,19.42,185400.0
2025-04-15,19.58,19.65,19.44,19.5,142800.0
2025-04-16,19.66,19.71,19.55,19.58,42200.0
2025-04-17,19.62,19.68,19.53,19.58,59100.0
2025-04-21,19.76,19.76,19.49,19.51,61100.0
2025-04-22,19.34,19.37,19.2,19.23,109300.0
2025-04-23,19.08,19.16,19.01,19.09,48200.0
2025-04-24,19.1,19.19,19.049999,19.13,37300.0
2025-04-25,19.17,19.24,19.11,19.17,122400.0
2025-04-28,18.9,19.1,18.82,18.98,78600.0
2025-04-29,18.96,19.02,18.65,18.65,69800.0
2025-04-30,18.6,18.87,18.6,18.74,56300.0
2025-05-01,18.87,18.87,18.64,18.78,88100.0
2025-05-02,18.85,18.99,18.76,18.81,52300.0
2025-05-05,18.72,18.75,18.36,18.37,89700.0
2025-05-06,18.42,18.44,18.3,18.37,100300.0
2025-05-07,18.49,18.56,18.23,18.27,182100.0
2025-05-08,18.3,18.3,18.02,18.16,41700.0
2025-05-09,18.2,18.42,18.18,18.24,145000.0
2025-05-12,18.45,18.6,18.3,18.3,121600.0
2025-05-13,18.26,18.29,18.11,18.18,34600.0
2025-05-14,18.09,18.23,18.07,18.13,52200.0
2025-05-15,18.21,18.21,18.0,18.11,52400.0
2025-05-16,18.040001,18.09,17.9,17.94,81200.0
2025-05-19,18.059999,18.26,17.98,18.19,86100.0
2025-05-20,18.4,18.5,18.34,18.5,84600.0
2025-05-21,18.54,18.74,18.53,18.71,43100.0
2025-05-22,18.7,18.74,18.57,18.61,25500.0
2025-05-23,18.63,18.63,18.46,18.52,23000.0
2025-05-27,18.5,18.64,18.33,18.38,36400.0
2025-05-28,18.43,18.59,18.24,18.24,25500.0
2025-05-29,18.2,18.3,18.11,18.16,34300.0
2025-05-30,18.21,18.31,18.040001,18.12,23800.0
2025-06-02,18.17,18.25,18.0,18.02,134100.0
2025-06-03,18.08,18.22,18.07,18.21,46400.0
2025-06-04,18.3,18.4,18.2,18.38,36100.0
2025-06-05,18.38,18.55,18.37,18.5,42800.0
2025-06-06,18.53,18.62,18.4,18.62,67400.0
2025-06-09,18.46,18.53,18.19,18.26,81500.0
2025-06-10,18.23,18.3,18.11,18.27,25700.0
2025-06-11,18.41,18.49,18.23,18.26,36500.0
2025-06-12,18.36,18.38,18.2,18.31,21800.0
2025-06-13,18.22,18.44,18.22,18.39,54200.0
2025-06-16,18.23,18.24,18.059999,18.09,62700.0
2025-06-17,18.15,18.3,18.15,18.23,25400.0
2025-06-18,18.17,18.49,18.17,18.4,42600.0
2025-06-20,18.44,18.49,18.29,18.34,24900.0
2025-06-23,18.22,18.22,17.95,17.96,50000.0
2025-06-24,17.94,17.99,17.77,17.84,89300.0
2025-06-25,17.89,17.89,17.53,17.6,78400.0
2025-06-26,17.67,17.67,17.51,17.56,68100.0
2025-06-27,17.7,17.8,17.59,17.72,20900.0
2025-06-30,17.64,17.81,17.62,17.7,50600.0
2025-07-01,17.55,17.69,17.24,17.58,42300.0
2025-07-02,17.52,18.02,17.46,18.01,59600.0
2025-07-03,18.13,18.27,18.11,18.16,33600.0
2025-07-07,17.69,17.83,17.52,17.54,74900.0
2025-07-08,17.46,17.49,17.29,17.34,57900.0
2025-07-09,17.34,17.39,17.26,17.39,40600.0
2025-07-10,17.34,17.4,17.27,17.39,23500.0
2025-07-11,17.36,17.41,17.21,17.27,39500.0
2025-07-14,17.35,17.46,17.3,17.46,32100.0
2025-07-15,17.3,17.65,17.25,17.51,23700.0
2025-07-16,17.62,17.69,17.56,17.63,13900.0
2025-07-17,17.73,17.74,17.5,17.55,46200.0
2025-07-18,17.66,17.86,17.66,17.81,26800.0
2025-07-21,17.71,17.8,17.52,17.58,54000.0
2025-07-22,17.47,17.57,17.46,17.46,23800.0
2025-07-23,17.52,17.52,17.42,17.47,26100.0
2025-07-24,17.49,17.59,17.49,17.57,13000.0
2025-07-25,17.48,17.53,17.46,17.49,26900.0
2025-07-28,17.45,17.47,17.29,17.33,32300.0
2025-07-29,17.29,17.3,17.16,17.2,34000.0
2025-07-30,17.2,17.35,17.15,17.25,21700.0
2025-07-31,17.15,17.32,17.11,17.26,18300.0
2025-08-01,17.25,17.3,17.17,17.17,10500.0
2025-08-04,17.16,17.22,17.08,17.12,21900.0
2025-08-05,17.1,17.1,16.9,16.9,103800.0
2025-08-06,16.92,17.030001,16.72,16.92,60700.0
2025-08-07,17.030001,17.09,16.99,17.08,46300.0
2025-08-08,17.12,17.18,17.0,17.040001,33600.0
2025-08-11,17.1,17.18,17.1,17.14,20400.0
2025-08-12,16.99,17.02,16.61,16.71,70400.0
2025-08-13,16.82,16.85,16.67,16.8,41700.0
2025-08-14,16.66,16.84,16.65,16.77,21700.0
2025-08-15,16.9,17.1,16.86,17.09,51900.0
2025-08-18,16.98,17.15,16.98,17.1,318700.0
2025-08-19,17.0,17.1,16.85,16.99,39600.0
2025-08-20,17.0,17.09,17.0,17.07,41400.0
2025-08-21,17.15,17.36,17.1,17.31,364500.0
2025-08-22,17.3,17.35,17.25,17.3,66800.0
2025-08-25,17.37,17.47,17.27,17.35,39900.0
2025-08-26,17.28,17.29,17.17,17.22,61500.0
2025-08-27,17.17,17.17,17.09,17.1,43700.0
2025-08-28,17.1,17.28,17.02,17.26,77700.0
2025-08-29,17.28,17.6,17.28,17.57,129300.0
2025-09-02,17.49,17.74,17.43,17.72,127500.0
2025-09-03,17.63,17.74,17.48,17.56,90600.0
2025-09-04,17.53,17.65,17.38,17.64,47800.0
2025-09-05,17.69,17.75,17.51,17.53,41200.0
2025-09-08,17.5,17.67,17.45,17.66,70600.0
2025-09-09,17.55,17.67,17.55,17.58,30000.0
2025-09-10,17.56,17.6,17.42,17.47,50500.0
2025-09-11,17.56,17.66,17.51,17.6,24100.0
2025-09-12,17.63,17.96,17.53,17.9,98900.0
2025-09-15,17.85,17.92,17.75,17.78,230400.0
2025-09-16,17.89,18.0,17.86,17.96,182900.0
2025-09-17,18.0,18.02,17.84,17.88,103700.0
2025-09-18,17.87,17.87,17.74,17.74,48900.0
2025-09-19,17.8,17.9,17.67,17.74,34300.0
2025-09-22,17.59,17.71,17.52,17.61,69200.0
2025-09-23,17.62,17.77,17.62,17.75,32700.0
2025-09-24,17.81,17.84,17.69,17.72,50300.0
2025-09-25,17.83,17.85,17.7,17.72,60500.0
2025-09-26,17.69,17.69,17.6,17.62,56100.0
2025-09-29,17.57,17.66,17.54,17.63,46800.0
2025-09-30,17.55,17.57,17.41,17.45,59800.0
2025-10-01,17.32,17.6,17.3,17.55,49500.0
2025-10-02,17.5,17.71,17.49,17.67,97300.0
2025-10-03,17.65,17.71,17.59,17.61,43900.0
2025-10-06,17.6,17.65,17.51,17.6,31900.0
2025-10-07,17.59,17.66,17.51,17.51,20100.0
2025-10-08,17.57,17.6,17.54,17.58,40100.0
2025-10-09,17.53,17.57,17.45,17.45,33200.0
2025-10-10,17.41,17.41,17.26,17.3,85200.0
2025-10-13,17.27,17.32,17.22,17.22,60100.0
2025-10-14,17.19,17.3,17.19,17.26,44800.0
2025-10-15,17.26,17.45,17.23,17.42,30800.0
2025-10-16,17.39,17.56,17.38,17.51,40600.0
2025-10-17,17.59,17.61,17.52,17.54,27600.0
2025-10-20,17.57,17.58,17.47,17.57,29400.0
2025-10-21,17.51,17.55,17.41,17.46,46200.0
2025-10-22,17.49,17.54,17.44,17.53,71700.0
2025-10-23,17.53,17.72,17.47,17.67,102800.0
2025-10-24,17.66,17.68,17.59,17.62,73200.0
2025-10-27,17.84,17.96,17.77,17.87,95000.0
2025-10-28,17.96,18.09,17.84,17.91,152300.0
2025-10-29,17.83,17.95,17.82,17.92,34200.0
2025-10-30,17.89,17.9,17.72,17.83,45500.0
2025-10-31,17.75,17.85,17.68,17.79,61600.0
2025-11-03,17.89,17.99,17.73,17.97,85000.0
2025-11-04,17.84,17.88,17.8,17.87,38300.0
2025-11-05,17.89,18.049999,17.89,18.049999,50100.0
2025-11-06,17.98,17.98,17.8,17.83,51900.0
2025-11-07,17.82,17.87,17.75,17.77,39300.0
2025-11-10,17.85,17.92,17.75,17.88,25000.0
2025-11-11,17.77,18.02,17.77,18.01,29700.0
2025-11-12,17.97,18.059999,17.94,18.030001,47900.0
2025-11-13,18.08,18.29,18.02,18.27,95100.0
2025-11-14,18.25,18.29,17.85,17.9,98800.0
2025-11-17,17.92,18.1,17.92,18.02,91700.0
2025-11-18,18.030001,18.1,17.97,18.02,82500.0
2025-11-19,18.0,18.0,17.73,17.75,63100.0
2025-11-20,17.81,17.81,17.59,17.6,89600.0
2025-11-21,17.55,17.65,17.52,17.6,41300.0
2025-11-24,17.55,17.65,17.5,17.59,44300.0
2025-11-25,17.62,17.69,17.6,17.64,27900.0
2025-11-26,17.75,17.94,17.7,17.94,36400.0
2025-11-28,17.92,18.02,17.84,17.97,44700.0
2025-12-01,17.9,18.01,17.87,17.91,22400.0
2025-12-02,17.89,18.13,17.82,18.049999,31000.0
2025-12-03,17.98,17.98,17.81,17.81,82100.0
2025-12-04,17.88,17.94,17.76,17.89,72700.0
2025-12-05,17.87,17.95,17.85,17.85,78600.0
2025-12-08,17.87,17.94,17.79,17.84,13600.0
2025-12-09,17.83,18.0,17.83,17.95,26600.0
2025-12-10,17.93,17.93,17.81,17.83,21100.0
2025-12-11,17.93,17.96,17.85,17.9,51700.0
2025-12-12,17.86,17.92,17.75,17.75,25400.0
2025-12-15,17.72,17.75,17.61,17.7,63400.0
2025-12-16,17.69,17.69,17.56,17.59,44500.0
2025-12-17,17.65,17.73,17.62,17.71,31300.0
2025-12-18,17.75,17.87,17.75,17.84,71200.0
2025-12-19,17.86,17.86,17.78,17.79,40200.0
2025-12-22,17.93,17.94,17.88,17.89,70100.0
2025-12-23,17.9,17.97,17.9,17.93,30100.0
2025-12-24,18.01,18.09,17.99,18.07,40200.0
2025-12-26,18.07,18.13,18.059999,18.1,21500.0
2025-12-29,17.99,17.99,17.8,17.82,94000.0
2025-12-30,17.84,17.84,17.72,17.73,39900.0
2025-12-31,17.72,17.78,17.7,17.73,71700.0
2026-01-02,17.72,17.72,17.59,17.63,36400.0
2026-01-05,17.72,17.88,17.72,17.86,57600.0
2026-01-06,17.84,17.95,17.79,17.81,32200.0
2026-01-07,17.91,17.93,17.86,17.91,24100.0
2026-01-08,17.9,17.99,17.9,17.95,74300.0
2026-01-09,17.88,17.98,17.87,17.89,33300.0
2026-01-12,17.99,18.01,17.1,17.15,169700.0
2026-01-13,17.030001,17.14,17.0,17.0,60600.0
2026-01-14,17.15,17.16,17.02,17.09,44900.0
2026-01-15,17.13,17.14,17.01,17.049999,45400.0
2026-01-16,17.059999,17.22,17.059999,17.18,28400.0
2026-01-20,17.15,17.23,17.11,17.18,43200.0
2026-01-21,17.27,17.28,17.11,17.15,19300.0
2026-01-22,17.16,17.21,17.12,17.19,62300.0
2026-01-23,17.29,17.43,17.25,17.42,73400.0
2026-01-26,17.39,17.4,17.33,17.35,58200.0
2026-01-27,17.41,17.41,17.28,17.32,38500.0
2026-01-28,17.4,17.51,17.4,17.43,88300.0
2026-01-29,17.49,17.59,17.42,17.5,80300.0
2026-01-30,17.4,17.48,17.25,17.48,54900.0
2026-02-02,17.33,17.33,17.22,17.28,47800.0
2026-02-03,17.37,17.38,17.31,17.37,49300.0
2026-02-04,17.35,17.52,17.28,17.39,79000.0
2026-02-05,17.38,17.62,17.35,17.6,57100.0
2026-02-06,17.57,17.63,17.43,17.5,87500.0
2026-02-09,17.43,17.45,17.35,17.42,24000.0
2026-02-10,17.45,17.46,17.41,17.46,37900.0
2026-02-11,17.41,17.5,17.36,17.45,58300.0
2026-02-12,17.5,17.64,17.5,17.62,70500.0
2026-02-13,17.6,17.66,17.58,17.65,39000.0
2026-02-17,17.5,17.52,17.42,17.45,48400.0
2026-02-18,17.46,17.49,17.43,17.44,26000.0
2026-02-19,17.49,17.49,17.39,17.49,90400.0
2026-02-20,17.53,17.63,17.45,17.62,107500.0
2026-02-23,17.55,17.79,17.55,17.62,102300.0
2026-02-24,17.57,17.62,17.53,17.59,77500.0
2026-02-25,17.58,17.71,17.56,17.7,76600.0
2026-02-26,17.75,17.8,17.63,17.74,93900.0
2026-02-27,17.89,17.94,17.82,17.89,192600.0
2026-03-02,17.92,17.92,17.76,17.83,142100.0
2026-03-03,17.99,18.049999,17.82,17.89,160400.0
2026-03-04,17.76,17.8,17.68,17.79,66600.0
2026-03-05,17.9,18.21,17.9,18.19,389600.0
2026-03-06,18.37,18.56,18.3,18.52,943400.0
2026-03-09,18.62,18.73,18.16,18.2,1105000.0
2026-03-10,18.18,18.28,17.96,18.27,1298300.0
2026-03-11,18.43,18.57,18.3,18.52,749300.0
2026-03-12,18.73,18.84,18.55,18.59,1079600.0
2026-03-13,18.49,18.69,18.33,18.67,1126500.0
2026-03-16,18.53,18.54,18.13,18.26,918500.0
2026-03-17,18.28,18.38,18.09,18.33,1392900.0
2026-03-18,18.27,18.65,18.27,18.63,1096200.0
2026-03-19,18.74,18.84,18.64,18.83,3329200.0
2026-03-20,18.66,18.8,18.58,18.8,2818300.0
2026-03-23,18.52,18.58,18.31,18.51,1825700.0
2026-03-24,18.51,18.65,18.41,18.51,1778000.0
2026-03-25,18.44,18.76,18.42,18.75,1377600.0
2026-03-26,18.7,18.8,18.55,18.71,2223000.0
2026-03-27,18.81,18.81,18.51,18.58,1548100.0
2026-03-30,18.51,18.53,18.29,18.29,2907600.0
2026-03-31,18.26,18.51,18.14,18.4,1753700.0
2026-04-01,18.18,18.24,17.99,18.18,1674000.0
2026-04-02,18.39,18.45,18.15,18.19,1076800.0
2026-04-06,18.17,18.29,18.15,18.29,1024400.0
2026-04-07,18.23,18.27,18.049999,18.049999,897800.0
2026-04-08,17.85,18.02,17.77,17.99,1770400.0
2026-04-09,18.059999,18.08,17.81,17.89,982200.0
2026-04-10,17.84,17.86,17.65,17.75,2461400.0
2026-04-13,17.86,17.96,17.74,17.77,1239400.0
2026-04-14,17.85,17.93,17.75,17.76,654000.0
2026-04-15,17.9,18.1,17.9,18.07,535200.0
2026-04-16,18.059999,18.15,17.96,17.97,510400.0
2026-04-17,17.83,17.99,17.72,17.95,1077800.0
2026-04-20,17.96,18.16,17.93,18.08,590000.0
2026-04-21,18.13,18.24,18.11,18.18,475600.0
2026-04-22,18.24,18.33,18.19,18.21,547400.0
2026-04-23,18.21,18.32,18.18,18.28,438900.0
2026-04-24,18.33,18.33,18.21,18.27,360600.0
2026-04-27,18.37,18.51,18.32,18.51,1137800.0
2026-04-28,18.7,18.78,18.55,18.77,1222400.0
2026-04-29,18.81,18.88,18.71,18.84,1128700.0
2026-04-30,18.73,18.74,18.59,18.69,552800.0
2026-05-01,18.82,19.02,18.73,18.89,948000.0
2026-05-04,18.85,19.13,18.81,19.12,889000.0
2026-05-05,19.0,19.02,18.8,18.92,703300.0
2026-05-06,18.65,18.69,18.44,18.44,1135000.0
2026-05-07,18.31,18.47,18.2,18.44,865100.0
2026-05-08,18.41,18.68,18.4,18.61,446500.0
2026-05-11,18.72,18.82,18.64,18.76,608200.0
2026-05-12,18.91,19.02,18.67,18.93,611300.0
2026-05-13,18.97,19.13,18.92,18.98,585500.0
2026-05-14,18.69,18.7,18.45,18.53,686300.0
2026-05-15,18.37,18.41,18.12,18.14,669900.0
2026-05-18,18.54,18.76,18.53,18.74,845400.0
2026-05-19,18.71,18.8,18.61,18.74,491200.0
2026-05-20,18.54,18.61,18.32,18.42,529200.0
2026-05-21,18.42,18.51,18.25,18.31,397900.0
2026-05-22,18.37,18.48,18.31,18.36,280200.0
2026-05-26,18.25,18.31,18.16,18.18,389100.0
2026-05-27,18.11,18.18,18.0,18.0,899900.0
2026-05-28,18.14,18.28,18.02,18.21,696400.0
2026-05-29,18.14,18.14,17.9,17.93,653800.0
2026-06-01,17.94,18.049999,17.74,17.9,599100.0
2026-06-02,17.85,17.87,17.69,17.71,580400.0
2026-06-03,17.79,17.82,17.46,17.47,679800.0
2026-06-04,17.41,17.43,17.15,17.23,584900.0
2026-06-05,17.13,17.2,17.0,17.059999,510800.0
2026-06-08,17.0,17.13,16.9,17.02,300700.0
2026-06-09,17.12,17.24,16.99,17.040001,346200.0
2026-06-10,17.17,17.22,17.049999,17.07,225900.0
2026-06-11,16.96,17.01,16.71,16.72,493000.0
2026-06-12,16.77,16.92,16.72,16.8,257900.0
2026-06-15,16.6,16.93,16.59,16.86,510500.0
2026-06-16,16.85,17.11,16.85,16.93,217000.0
2026-06-17,17.030001,17.16,16.96,17.15,200200.0
2026-06-18,17.049999,17.07,16.89,16.95,273500.0
2026-06-22,16.9,16.91,16.76,16.77,324600.0
2026-06-23,16.83,16.83,16.66,16.74,230700.0
2026-06-24,16.78,16.81,16.59,16.62,508000.0
2026-06-25,16.64,17.0,16.61,16.95,711800.0
2026-06-26,16.91,17.049999,16.86,16.86,267600.0
2026-06-29,16.69,16.7,16.41,16.47,340400.0
2026-06-30,16.53,16.88,16.37,16.75,681800.0
2026-07-01,16.92,17.0,16.81,16.95,454400.0
2026-07-02,16.99,17.08,16.86,16.86,212300.0
2026-07-06,17.32,17.48,17.29,17.45,397800.0
2026-07-07,17.48,17.66,17.37,17.63,362600.0
2026-07-08,17.63,17.65,17.31,17.33,230900.0
2026-07-09,17.26,17.37,17.17,17.25,192200.0
2026-07-10,17.33,17.55,17.22,17.48,406500.0
2026-07-13,17.65,17.75,17.53,17.55,383800.0
2026-07-14,17.39,17.53,17.39,17.49,215100.0
2026-07-15,17.6,17.85,17.59,17.79,253400.0
2026-07-16,17.75,17.83,17.59,17.62,304300.0
2026-07-17,17.76,17.79,17.6,17.78,212200.0
2026-07-20,17.98,18.030001,17.87,17.91,344400.0
2026-07-21,17.85,18.059999,17.84,18.01,249800.0
2026-07-22,18.2,18.34,18.17,18.28,407500.0
2026-07-23,18.35,18.44,18.27,18.31,378500.0
2026-07-24,18.26,18.37,18.08,18.3,343400.0
2026-07-27,17.95,18.01,17.88,17.91,353400.0
2026-07-28,17.93,18.22,17.93,18.08,265800.0
2026-07-29,18.0,18.01,17.81,17.83,384400.0
2026-07-30,17.86,17.99,17.76,17.76,149100.0
2026-07-31,17.74,17.76,17.56,17.65,243800.0
2026-08-03,17.58,17.96,17.55,17.93,199100.0
2026-08-04,17.78,17.82,17.69,17.75,129400.0
2026-08-05,17.61,17.68,17.5,17.62,369900.0
2026-08-06,17.55,17.67,17.49,17.61,99500.0
2026-08-07,17.75,17.81,17.61,17.64,139300.0
2026-08-10,17.76,17.78,17.59,17.64,103200.0
2026-08-11,17.52,17.62,17.5,17.57,218200.0
2026-08-12,17.7,18.22,17.68,18.2,559900.0
2026-08-13,18.07,18.19,17.89,17.91,318100.0
2026-08-14,18.14,18.29,18.049999,18.26,201600.0
2026-08-17,18.34,18.54,18.3,18.46,453100.0
2026-08-18,18.55,18.58,18.41,18.42,463100.0
2026-08-19,18.54,18.77,18.52,18.76,477300.0
2026-08-20,18.82,18.98,18.82,18.83,517000.0
2026-08-21,18.83,19.049999,18.83,19.01,698100.0
2026-08-24,19.34,19.48,19.12,19.22,867300.0
2026-08-25,19.25,19.61,19.19,19.59,401600.0
2026-08-26,19.65,20.09,19.64,20.030001,934300.0
2026-08-27,19.9,19.94,19.69,19.8,469700.0
2026-08-28,20.040001,20.08,19.84,19.95,730900.0
2026-08-31,19.87,20.059999,19.81,20.059999,684100.0
2026-09-01,19.94,20.33,19.94,20.29,1113200.0
2026-09-02,20.01,20.43,20.01,20.22,481900.0
2026-09-03,19.85,20.26,19.73,20.17,506700.0
2026-09-04,20.16,20.21,20.040001,20.07,423800.0
2026-09-08,20.09,20.19,19.93,19.97,287600.0
2026-09-09,19.92,19.99,19.77,19.83,607000.0
2026-09-10,19.94,20.040001,19.79,20.01,282200.0
2026-09-11,19.85,20.31,19.65,19.92,871500.0
2026-09-14,19.97,20.09,19.85,20.02,264300.0
