date,open,high,low,close,volume
2013-01-02,57.67,57.78,57.39,57.74,26056300.0
2013-01-03,57.33,57.54,57.09,57.18,23239700.0
2013-01-04,57.07,57.54,57.0099983,57.47,15522200.0
2013-01-07,57.02,57.28,56.94,57.22,14102600.0
2013-01-08,57.02,57.080002,56.69,56.9,15592300.0
2013-01-09,57.09,57.27,57.029999,57.19,12779400.0
2013-01-10,57.8,58.0099983,57.59,57.92,17718600.0
2013-01-11,58.0099983,58.11,57.84,58.040001,12624700.0
2013-01-14,58.049999,58.15,57.87,58.11,9980400.0
2013-01-15,57.75,58.049999,57.69,58.02,12534000.0
2013-01-16,57.62,57.81,57.52,57.74,12907000.0
2013-01-17,58.14,58.32,58.0,58.21,14936200.0
2013-01-18,58.14,58.22,57.89,58.15,18844000.0
2013-01-22,58.029999,58.18,57.83,58.18,12090100.0
2013-01-23,58.040001,58.16,57.88,58.12,10139900.0
2013-01-24,58.22,58.54,58.19,58.4,13640100.0
2013-01-25,58.95,59.029999,58.7,59.029999,16643500.0
2013-01-28,58.81,58.85,58.54,58.74,14802900.0
2013-01-29,58.87,59.2,58.85,59.14,13403300.0
2013-01-30,59.17,59.43,59.13,59.2,18943400.0
2013-01-31,59.11,59.28,58.94,58.98,22252200.0
2013-02-01,59.36,59.59,59.21,59.45,19989200.0
2013-02-04,58.79,58.89,58.26,58.38,18125200.0
2013-02-05,58.54,58.81,58.49,58.65,15418900.0
2013-02-06,58.28,58.67,58.24,58.64,26336000.0
2013-02-07,58.59,58.64,57.86,58.16,21947700.0
2013-02-08,58.36,58.59,58.36,58.53,18326200.0
2013-02-11,58.53,58.54,58.25,58.47,12677200.0
2013-02-12,58.5,58.88,58.45,58.76,11534200.0
2013-02-13,59.040001,59.17,58.84,58.9,8955200.0
2013-02-14,58.38,58.62,58.36,58.58,10409900.0
2013-02-15,58.66,58.71,58.26,58.43,12095000.0
2013-02-19,58.93,59.16,58.92,59.12,20173800.0
2013-02-20,59.25,59.29,58.53,58.54,17523500.0
2013-02-21,57.84,57.87,57.4,57.66,34195200.0
2013-02-22,58.12,58.51,57.95,58.49,23364000.0
2013-02-25,58.83,58.93,57.02,57.09,40205000.0
2013-02-26,57.68,57.84,57.19,57.55,25416500.0
2013-02-27,57.47,58.35,57.4,58.28,16819600.0
2013-02-28,58.26,58.56,58.15,58.22,17815100.0
2013-03-01,57.8,58.2,57.58,58.099998,18241800.0
2013-03-04,57.95,58.36,57.85,58.35,14580300.0
2013-03-05,58.82,59.040001,58.8,58.93,16168000.0
2013-03-06,59.18,59.22,58.82,59.080002,17189600.0
2013-03-07,59.22,59.34,59.18,59.25,11797900.0
2013-03-08,59.29,59.42,59.040001,59.38,23305900.0
2013-03-11,59.29,59.56,59.22,59.56,10873200.0
2013-03-12,59.53,59.6,59.15,59.26,16015600.0
2013-03-13,59.13,59.33,58.87,59.17,20517900.0
2013-03-14,59.43,59.81,59.4,59.75,12158300.0
2013-03-15,59.92,59.99,59.71,59.87,18191100.0
2013-03-18,59.12,59.65,59.09,59.21,25132800.0
2013-03-19,59.36,59.44,58.63,59.029999,25745200.0
2013-03-20,59.44,59.54,59.29,59.39,16134800.0
2013-03-21,58.9,59.23,58.82,58.85,18106800.0
2013-03-22,59.18,59.45,59.080002,59.36,18090400.0
2013-03-25,59.39,59.47,58.47,58.62,31933000.0
2013-03-26,58.83,59.0,58.66,58.99,15040700.0
2013-03-27,58.31,58.72,58.2,58.7,14990300.0
2013-03-28,58.82,59.040001,58.74,58.98,28690100.0
2013-04-01,58.57,58.62,58.09,58.19,24852900.0
2013-04-02,58.84,59.099998,58.73,58.81,19636600.0
2013-04-03,59.060001,59.14,58.47,58.52,16961000.0
2013-04-04,58.72,59.099998,58.59,59.040001,14924900.0
2013-04-05,58.22,58.78,58.16,58.77,18160400.0
2013-04-08,58.74,59.0,58.64,59.0,17117700.0
2013-04-09,58.98,59.41,58.75,59.21,17406300.0
2013-04-10,59.75,60.22,59.74,60.09,18195500.0
2013-04-11,60.47,60.84,60.38,60.56,19865300.0
2013-04-12,60.28,60.43,60.029999,60.41,16777400.0
2013-04-15,59.87,59.9,59.19,59.22,22699900.0
2013-04-16,59.9,60.060001,59.6,60.060001,14675700.0
2013-04-17,59.34,59.37,58.52,58.81,30730800.0
2013-04-18,58.92,58.95,58.44,58.63,19211400.0
2013-04-19,59.0099983,59.12,58.84,59.099998,24725900.0
2013-04-22,59.099998,59.44,58.79,59.35,16899700.0
2013-04-23,59.84,60.23,59.82,60.19,21257700.0
2013-04-24,60.52,60.88,60.45,60.71,18269400.0
2013-04-25,61.0099983,61.3,60.96,61.029999,20079200.0
2013-04-26,60.96,61.14,60.89,61.080002,13910200.0
2013-04-29,61.36,61.93,61.35,61.86,14721000.0
2013-04-30,61.84,61.99,61.71,61.94,22261300.0
2013-05-01,62.0,62.02,61.44,61.57,19104600.0
2013-05-02,61.42,61.89,61.36,61.76,18247200.0
2013-05-03,62.31,62.63,62.28,62.55,19161200.0
2013-05-06,62.28,62.47,62.22,62.47,7583700.0
2013-05-07,62.56,62.66,62.36,62.57,15724500.0
2013-05-08,62.9,63.26,62.9,63.23,17768200.0
2013-05-09,62.9,62.96,62.37,62.62,16372400.0
2013-05-10,62.55,62.72,62.34,62.69,15403400.0
2013-05-13,62.62,62.7,62.46,62.66,11911400.0
2013-05-14,62.56,62.88,62.55,62.78,26158800.0
2013-05-15,62.69,63.07,62.68,63.049999,15961600.0
2013-05-16,62.73,62.95,62.49,62.62,16669100.0
2013-05-17,62.65,63.07,62.59,63.049999,12925700.0
2013-05-20,63.080002,63.44,63.07,63.4,16117200.0
2013-05-21,63.15,63.66,63.029999,63.53,15283700.0
2013-05-22,63.54,64.14,62.7,62.89,21713500.0
2013-05-23,61.33,62.0099983,60.99,61.99,27055200.0
2013-05-24,61.17,61.47,60.99,61.45,19956800.0
2013-05-28,61.97,62.16,61.47,61.61,20275800.0
2013-05-29,61.080002,61.16,60.73,61.02,18099400.0
2013-05-30,61.029999,61.45,60.99,61.26,27382900.0
2013-05-31,60.51,60.65,60.029999,60.07,36549400.0
2013-06-03,60.080002,60.51,59.77,60.3,30340700.0
2013-06-04,60.79,60.89,60.2,60.52,17024400.0
2013-06-05,59.83,59.85,59.15,59.17,28821600.0
2013-06-06,59.16,59.53,58.87,59.5,24386900.0
2013-06-07,59.54,60.31,59.4,60.3,19245200.0
2013-06-10,60.47,60.49,60.13,60.36,14559800.0
2013-06-11,59.48,59.95,59.35,59.62,16619000.0
2013-06-12,60.3,60.36,59.47,59.55,14378100.0
2013-06-13,59.69,60.57,59.59,60.46,20158400.0
2013-06-14,60.0099983,60.33,59.61,59.8,17334200.0
2013-06-17,60.87,61.049999,60.3,60.66,17560400.0
2013-06-18,60.87,61.2,60.85,61.09,13168500.0
2013-06-19,61.040001,61.18,59.94,59.95,33232800.0
2013-06-20,58.71,58.74,57.66,57.75,40517100.0
2013-06-21,58.42,58.47,57.43,57.94,30474300.0
2013-06-24,56.74,57.33,56.44,57.029999,24351500.0
2013-06-25,57.53,57.85,57.099998,57.76,24494900.0
2013-06-26,58.029999,58.18,57.78,57.99,27142000.0
2013-06-27,57.33,57.71,57.33,57.41,17753800.0
2013-06-28,57.31,57.6,57.09,57.3,31174100.0
2013-07-01,57.81,58.080002,57.75,57.84,15315900.0
2013-07-02,57.78,58.09,57.33,57.55,13492800.0
2013-07-03,57.11,57.68,57.02,57.57,11748500.0
2013-07-05,57.96,57.98,57.41,57.84,10197800.0
2013-07-08,58.049999,58.32,58.0,58.2,11993200.0
2013-07-09,58.64,58.64,58.16,58.52,11624200.0
2013-07-10,58.51,59.11,58.45,58.69,16162300.0
2013-07-11,59.78,60.27,59.54,60.21,20284600.0
2013-07-12,59.77,59.92,59.63,59.81,15189800.0
2013-07-15,60.029999,60.19,59.93,60.18,17063200.0
2013-07-16,60.13,60.23,59.98,60.14,10894600.0
2013-07-17,60.62,60.62,60.18,60.32,13744500.0
2013-07-18,60.49,60.78,60.11,60.72,11036600.0
2013-07-19,60.51,60.77,60.4,60.67,23299300.0
2013-07-22,60.81,61.07,60.78,61.0099983,16518900.0
2013-07-23,61.21,61.26,60.95,61.14,11132000.0
2013-07-24,61.37,61.38,60.81,61.060001,12887500.0
2013-07-25,60.5,61.21,60.49,61.18,14467100.0
2013-07-26,60.63,60.8,60.3,60.8,15499000.0
2013-07-29,60.24,60.34,60.12,60.22,11063600.0
2013-07-30,60.47,60.51,60.02,60.21,10712500.0
2013-07-31,60.060001,60.75,60.060001,60.35,22989900.0
2013-08-01,61.12,61.26,60.96,61.17,24484500.0
2013-08-02,61.23,61.67,61.21,61.67,15475000.0
2013-08-05,61.4,61.56,61.23,61.54,11483000.0
2013-08-06,61.69,61.74,61.3,61.45,18325300.0
2013-08-07,61.2,61.3,61.099998,61.18,11989700.0
2013-08-08,61.52,61.83,61.34,61.73,12612700.0
2013-08-09,61.65,61.94,61.61,61.84,14951500.0
2013-08-12,61.51,61.73,61.5,61.67,13785000.0
2013-08-13,61.83,62.14,61.49,62.07,13189100.0
2013-08-14,62.099998,62.19,61.99,62.099998,14258600.0
2013-08-15,61.33,61.66,60.94,61.58,23650000.0
2013-08-16,61.71,61.83,61.59,61.69,15219600.0
2013-08-19,61.62,61.66,61.21,61.25,13596700.0
2013-08-20,61.029999,61.33,60.92,61.17,12885800.0
2013-08-21,60.77,61.0,60.23,60.45,12755200.0
2013-08-22,60.9,61.13,60.88,61.040001,8041700.0
2013-08-23,61.38,61.58,61.21,61.57,10141600.0
2013-08-26,61.28,61.4,61.11,61.12,8471000.0
2013-08-27,60.43,60.63,60.040001,60.080002,18839100.0
2013-08-28,59.75,60.22,59.68,60.0099983,10521700.0
2013-08-29,59.86,60.16,59.8,59.91,10555800.0
2013-08-30,59.62,59.64,59.16,59.17,21045300.0
2013-09-03,60.51,60.59,60.040001,60.31,18912700.0
2013-09-04,60.21,60.94,60.15,60.85,11868800.0
2013-09-05,60.59,60.86,60.58,60.8,10523400.0
2013-09-06,61.060001,61.31,60.65,61.13,16398000.0
2013-09-09,61.49,62.0,61.49,61.97,17398000.0
2013-09-10,62.48,62.7,62.41,62.67,15972400.0
2013-09-11,62.42,62.91,62.41,62.89,11864200.0
2013-09-12,62.57,62.81,62.52,62.53,16745000.0
2013-09-13,62.61,62.84,62.43,62.83,13590900.0
2013-09-16,63.65,63.65,63.27,63.32,18909500.0
2013-09-17,63.17,63.36,63.17,63.36,10370400.0
2013-09-18,63.41,65.11,63.24,65.050003,21359000.0
2013-09-19,65.07,65.080002,64.65,64.74,19195600.0
2013-09-20,64.63,64.63,64.24,64.27,18878600.0
2013-09-23,64.29,64.36,63.95,64.25,17860700.0
2013-09-24,64.2,64.41,63.98,64.15,14979200.0
2013-09-25,64.11,64.36,64.010002,64.22,14478100.0
2013-09-26,64.3,64.59,64.25,64.49,15653800.0
2013-09-27,64.19,64.42,64.13,64.26,17705800.0
2013-09-30,63.61,63.97,63.55,63.8,22274400.0
2013-10-01,63.87,64.3,63.75,64.14,15392400.0
2013-10-02,63.91,64.16,63.59,64.12,12620200.0
2013-10-03,63.99,64.029999,63.59,63.7,16212700.0
2013-10-04,63.61,63.92,63.58,63.85,11699000.0
2013-10-07,63.060001,63.49,63.040001,63.19,17360800.0
2013-10-08,63.22,63.31,62.68,62.7,19635600.0
2013-10-09,62.93,63.09,62.54,62.97,19659500.0
2013-10-10,63.51,64.2,63.5,64.099998,16423300.0
2013-10-11,64.11,64.47,64.07,64.44,13279100.0
2013-10-14,64.17,64.71,64.12,64.66,7213800.0
2013-10-15,64.4,64.52,64.28,64.35,15599400.0
2013-10-16,64.54,64.85,64.49,64.83,17389900.0
2013-10-17,65.19,65.72,65.13,65.69,21850200.0
2013-10-18,65.89,66.11,65.78,66.080002,16283000.0
2013-10-21,65.99,66.18,65.93,66.18,11068000.0
2013-10-22,66.52,66.96,66.52,66.84,13015200.0
2013-10-23,66.21,66.25,65.97,66.19,13384700.0
2013-10-24,66.56,66.69,66.4,66.65,11820900.0
2013-10-25,66.45,66.47,66.28,66.46,16688300.0
2013-10-28,66.28,66.48,66.19,66.35,9936700.0
2013-10-29,66.41,66.51,66.31,66.49,12121400.0
2013-10-30,66.56,66.59,65.92,66.25,18774000.0
2013-10-31,66.07,66.25,65.78,65.88,22366900.0
2013-11-01,65.53,65.59,65.19,65.56,18921000.0
2013-11-04,65.68,65.88,65.55,65.88,27539500.0
2013-11-05,65.2,65.42,64.99,65.31,13129600.0
2013-11-06,65.89,66.050003,65.75,65.88,16260600.0
2013-11-07,65.62,65.67,64.76,64.84,22820200.0
2013-11-08,64.7,65.24,64.69,65.22,15873000.0
2013-11-11,65.24,65.37,65.16,65.36,14206100.0
2013-11-12,65.18,65.32,64.97,65.14,13391000.0
2013-11-13,64.64,65.42,64.62,65.35,12669400.0
2013-11-14,65.35,65.73,65.29,65.65,14537100.0
2013-11-15,66.029999,66.32,65.96,66.18,25278400.0
2013-11-18,66.56,66.6,66.089996,66.18,12776200.0
2013-11-19,66.019997,66.2,65.88,66.010002,10664300.0
2013-11-20,66.080002,66.22,65.38,65.55,18220600.0
2013-11-21,65.77,65.97,65.66,65.96,15963400.0
2013-11-22,65.95,66.23,65.91,66.15,18657100.0
2013-11-25,66.099998,66.11,65.87,65.95,11835000.0
2013-11-26,65.82,66.010002,65.75,65.95,14620200.0
2013-11-27,66.18,66.29,66.029999,66.11,9667100.0
2013-11-29,66.52,66.58,66.24,66.24,13964200.0
2013-12-02,66.010002,66.11,65.74,65.75,17686300.0
2013-12-03,65.42,65.54,65.089996,65.29,14776300.0
2013-12-04,64.53,65.0,64.52,64.94,18603800.0
2013-12-05,64.73,64.87,64.48,64.57,13115500.0
2013-12-06,65.13,65.4,65.010002,65.37,12965100.0
2013-12-09,65.25,65.41,65.21,65.3,11275800.0
2013-12-10,65.15,65.29,65.0,65.19,13978200.0
2013-12-11,65.2,65.21,64.55,64.58,14151000.0
2013-12-12,64.28,64.34,63.95,64.11,14118200.0
2013-12-13,64.099998,64.15,63.85,64.07,12214200.0
2013-12-16,64.51,64.73,64.47,64.53,13338900.0
2013-12-17,64.36,64.38,64.080002,64.25,15966500.0
2013-12-18,64.22,64.86,63.5,64.7,28970800.0
2013-12-19,64.49,64.81,64.42,64.7,20647100.0
2013-12-20,64.91,65.18,64.88,65.07,18427500.0
2013-12-23,65.49,65.76,65.4,65.74,15767500.0
2013-12-24,65.63,65.87,65.56,65.87,6708500.0
2013-12-26,66.16,66.28,66.15,66.23,8510500.0
2013-12-27,66.76,66.77,66.51,66.57,18585400.0
2013-12-30,66.74,66.91,66.68,66.85,14432400.0
2013-12-31,67.040001,67.36,67.0,67.099998,21704700.0
2014-01-02,66.21,66.27,65.74,65.91,26240600.0
2014-01-03,66.019997,66.19,65.87,65.98,19270100.0
2014-01-06,66.050003,66.11,65.84,65.9,14737600.0
2014-01-07,66.17,66.35,66.13,66.27,12075700.0
2014-01-08,66.32,66.37,66.099998,66.25,17555600.0
2014-01-09,66.28,66.28,65.8,66.2,13128600.0
2014-01-10,66.5,66.85,66.43,66.81,19676400.0
2014-01-13,66.52,66.68,66.11,66.23,19464700.0
2014-01-14,66.42,66.81,66.22,66.76,12268900.0
2014-01-15,66.72,67.080002,66.69,67.040001,12388800.0
2014-01-16,66.93,67.010002,66.7,67.010002,21172000.0
2014-01-17,66.98,67.029999,66.71,66.81,22526900.0
2014-01-21,67.2,67.22,66.82,67.13,18600200.0
2014-01-22,67.11,67.17,66.95,67.13,12664100.0
2014-01-23,66.89,66.91,66.41,66.68,17691700.0
2014-01-24,65.69,65.7,64.85,64.85,25036300.0
2014-01-27,64.88,64.93,64.15,64.55,21487100.0
2014-01-28,64.86,65.18,64.83,65.11,15857600.0
2014-01-29,64.26,64.72,64.19,64.38,21210400.0
2014-01-30,64.66,64.81,64.38,64.71,14681000.0
2014-01-31,63.33,64.019997,63.31,63.61,39572600.0
2014-02-03,63.54,63.62,62.28,62.31,45762000.0
2014-02-04,62.77,63.07,62.58,63.029999,26309300.0
2014-02-05,63.0,63.21,62.76,63.16,17503900.0
2014-02-06,63.72,64.31,63.71,64.28,16589100.0
2014-02-07,64.62,65.13,64.47,65.12,14500900.0
2014-02-10,64.93,64.94,64.75,64.9,13885400.0
2014-02-11,65.27,66.050003,65.25,65.93,18061900.0
2014-02-12,65.95,66.11,65.85,66.040001,14801400.0
2014-02-13,65.46,66.28,65.43,66.24,17329500.0
2014-02-14,66.17,66.56,66.099998,66.49,18540700.0
2014-02-18,66.94,67.14,66.76,67.059998,16668600.0
2014-02-19,66.92,67.22,66.57,66.61,13139900.0
2014-02-20,66.54,66.93,66.4,66.84,14098500.0
2014-02-21,67.15,67.33,66.96,66.97,12629800.0
2014-02-24,67.22,67.87,67.19,67.55,22573000.0
2014-02-25,67.57,67.76,67.27,67.39,16833800.0
2014-02-26,67.26,67.33,66.94,67.16,14872400.0
2014-02-27,66.98,67.41,66.85,67.39,11392500.0
2014-02-28,67.5,67.87,67.3,67.51,41960000.0
2014-03-03,66.38,66.54,65.91,66.080002,27783400.0
2014-03-04,67.4,67.49,67.29,67.39,29272000.0
2014-03-05,67.29,67.46,67.21,67.33,16872800.0
2014-03-06,68.019997,68.19,67.93,68.029999,15087000.0
2014-03-07,67.91,67.96,67.32,67.66,21133800.0
2014-03-10,67.21,67.29,66.83,67.24,23329100.0
2014-03-11,67.11,67.34,66.68,66.75,17811900.0
2014-03-12,66.16,66.6,66.010002,66.5,14151000.0
2014-03-13,66.64,66.69,65.14,65.26,35340200.0
2014-03-14,64.87,65.43,64.87,65.12,24796000.0
2014-03-17,65.63,66.019997,65.6,65.94,24052700.0
2014-03-18,65.99,66.48,65.98,66.35,19417000.0
2014-03-19,66.28,66.31,65.12,65.54,22330200.0
2014-03-20,64.96,65.42,64.82,65.29,18788100.0
2014-03-21,65.61,65.81,65.12,65.16,17668300.0
2014-03-24,65.61,65.65,64.93,65.33,17552900.0
2014-03-25,65.83,66.19,65.63,66.040001,20785500.0
2014-03-26,66.57,66.6,66.019997,66.029999,27028900.0
2014-03-27,66.28,66.49,66.14,66.36,22352000.0
2014-03-28,66.86,67.059998,66.8,66.86,13875500.0
2014-03-31,67.37,67.47,67.14,67.2,24498300.0
2014-04-01,67.6,67.67,67.44,67.63,13738100.0
2014-04-02,67.64,67.9,67.56,67.76,15497500.0
2014-04-03,67.68,67.77,67.39,67.57,14943500.0
2014-04-04,67.84,67.94,67.26,67.36,20967400.0
2014-04-07,67.26,67.36,66.89,67.040001,16647900.0
2014-04-08,66.79,67.14,66.73,67.0,12246200.0
2014-04-09,67.55,67.9,67.27,67.86,18492100.0
2014-04-10,67.55,67.62,66.6,66.66,23677900.0
2014-04-11,66.35,66.76,66.25,66.26,18550700.0
2014-04-14,66.6,66.76,66.32,66.64,13239000.0
2014-04-15,66.53,66.63,65.68,66.36,21055100.0
2014-04-16,66.91,67.21,66.73,67.18,19643900.0
2014-04-17,67.28,67.64,67.13,67.53,19204100.0
2014-04-21,67.53,67.65,67.41,67.62,10723800.0
2014-04-22,67.83,67.97,67.76,67.9,12342500.0
2014-04-23,67.84,67.84,67.63,67.74,11595300.0
2014-04-24,67.72,67.79,67.28,67.73,17646700.0
2014-04-25,67.61,67.63,67.2,67.4,19435900.0
2014-04-28,67.62,67.78,67.14,67.61,19986000.0
2014-04-29,67.96,68.19,67.89,68.050003,16162500.0
2014-04-30,68.050003,68.4,67.96,68.32,29172800.0
2014-05-01,68.39,68.62,68.3,68.51,17645400.0
2014-05-02,68.26,68.54,68.19,68.4,14332800.0
2014-05-05,67.9,68.38,67.76,68.35,18715300.0
2014-05-06,68.36,68.4,68.16,68.23,10209100.0
2014-05-07,68.21,68.35,67.94,68.31,12801700.0
2014-05-08,68.41,68.64,68.22,68.32,13187500.0
2014-05-09,68.27,68.32,67.98,68.22,8089900.0
2014-05-12,68.48,68.69,68.42,68.67,13953600.0
2014-05-13,68.77,68.8,68.61,68.77,18673500.0
2014-05-14,68.75,68.9,68.55,68.64,15816700.0
2014-05-15,68.49,68.53,68.080002,68.34,20007500.0
2014-05-16,68.35,68.49,68.23,68.49,12874500.0
2014-05-19,68.12,68.4,68.099998,68.35,9415200.0
2014-05-20,68.11,68.15,67.72,67.92,13695200.0
2014-05-21,68.2,68.47,68.17,68.45,10953400.0
2014-05-22,68.46,68.61,68.41,68.54,8121800.0
2014-05-23,68.49,68.79,68.49,68.72,7649000.0
2014-05-27,69.22,69.26,68.98,69.21,9819700.0
2014-05-28,69.019997,69.059998,68.85,68.98,8894300.0
2014-05-29,69.28,69.4,69.14,69.4,16668400.0
2014-05-30,69.32,69.45,69.26,69.41,15728200.0
2014-06-02,69.64,69.64,69.4,69.55,8915100.0
2014-06-03,69.32,69.41,69.29,69.38,9629100.0
2014-06-04,69.23,69.43,69.16,69.36,10850800.0
2014-06-05,69.56,69.9,69.31,69.84,11099400.0
2014-06-06,70.019997,70.22,69.91,70.22,11780100.0
2014-06-09,69.95,70.19,69.92,70.15,12685200.0
2014-06-10,69.85,70.0,69.74,70.0,11347600.0
2014-06-11,69.69,69.78,69.57,69.65,8827200.0
2014-06-12,69.87,69.94,69.55,69.67,10679500.0
2014-06-13,69.72,69.86,69.55,69.72,22214700.0
2014-06-16,69.6,69.81,69.56,69.74,9584600.0
2014-06-17,69.41,69.7,69.39,69.69,9222700.0
2014-06-18,69.77,70.31,69.54,70.29,14870300.0
2014-06-19,70.73,70.79,70.54,70.67,12490400.0
2014-06-20,70.57,70.61,70.42,70.55,16113100.0
2014-06-23,70.23,70.39,70.040001,70.36,9836000.0
2014-06-24,70.21,70.28,69.84,69.92,17809900.0
2014-06-25,67.89,68.28,67.88,68.22,17373100.0
2014-06-26,68.12,68.28,67.67,68.27,14342000.0
2014-06-27,68.040001,68.34,67.97,68.31,9721300.0
2014-06-30,68.16,68.44,68.15,68.37,16580700.0
2014-07-01,68.72,69.080002,68.68,68.97,12975000.0
2014-07-02,68.95,69.089996,68.87,69.080002,11254400.0
2014-07-03,69.059998,69.29,69.029999,69.22,7757300.0
2014-07-07,68.69,68.79,68.58,68.68,8533400.0
2014-07-08,68.28,68.29,67.78,67.96,11505200.0
2014-07-09,67.89,68.27,67.85,68.18,15042700.0
2014-07-10,66.96,67.45,66.92,67.43,12905700.0
2014-07-11,67.34,67.52,67.17,67.47,11225800.0
2014-07-14,68.11,68.12,67.94,67.97,9020800.0
2014-07-15,68.029999,68.089996,67.52,67.8,12444500.0
2014-07-16,68.28,68.32,68.11,68.22,9427600.0
2014-07-17,67.82,68.099998,67.31,67.35,15085100.0
2014-07-18,67.52,67.99,67.48,67.88,11615300.0
2014-07-21,67.46,67.67,67.32,67.63,12114800.0
2014-07-22,67.99,68.059998,67.89,67.93,12232800.0
2014-07-23,68.2,68.2,68.0,68.07,8668200.0
2014-07-24,68.26,68.32,68.14,68.23,6826200.0
2014-07-25,68.11,68.15,67.69,67.95,8885700.0
2014-07-28,67.96,68.059998,67.58,67.96,8065900.0
2014-07-29,68.15,68.19,67.78,67.82,9154800.0
2014-07-30,67.82,67.96,67.46,67.72,11169300.0
2014-07-31,67.029999,67.12,66.52,66.59,26161000.0
2014-08-01,66.32,66.57,66.0,66.13,25398300.0
2014-08-04,66.41,66.56,66.029999,66.44,15220800.0
2014-08-05,66.07,66.12,65.46,65.59,20914100.0
2014-08-06,65.089996,65.61,65.080002,65.43,16592700.0
2014-08-07,65.57,65.64,64.73,64.9,17344900.0
2014-08-08,64.84,65.32,64.71,65.28,15434200.0
2014-08-11,65.57,65.69,65.47,65.53,10497600.0
2014-08-12,65.43,65.58,65.32,65.48,12398400.0
2014-08-13,65.87,65.99,65.72,65.85,12378700.0
2014-08-14,66.099998,66.21,66.0,66.2,11941600.0
2014-08-15,66.51,66.62,65.6,66.13,23432900.0
2014-08-18,66.43,66.59,66.39,66.56,11630700.0
2014-08-19,66.59,66.72,66.56,66.72,8514300.0
2014-08-20,66.33,66.6,66.32,66.51,11419400.0
2014-08-21,66.69,66.89,66.65,66.79,8522800.0
2014-08-22,66.6,66.65,66.24,66.47,9000900.0
2014-08-25,66.78,67.080002,66.74,66.9,13867600.0
2014-08-26,66.98,67.19,66.89,66.91,22103600.0
2014-08-27,67.19,67.2,66.97,67.040001,10792900.0
2014-08-28,66.63,66.79,66.57,66.74,10674300.0
2014-08-29,66.72,66.77,66.46,66.71,19832700.0
2014-09-02,66.91,66.91,66.61,66.84,14537000.0
2014-09-03,67.45,67.47,67.19,67.31,15490700.0
2014-09-04,67.22,67.41,66.83,66.99,11043000.0
2014-09-05,66.8,67.019997,66.64,67.0,9374300.0
2014-09-08,66.5,66.61,66.16,66.29,13282600.0
2014-09-09,66.21,66.21,65.88,66.099998,15015000.0
2014-09-10,66.099998,66.48,66.029999,66.48,14634800.0
2014-09-11,66.010002,66.14,65.84,66.11,12136700.0
2014-09-12,66.050003,66.099998,65.84,66.019997,12022900.0
2014-09-15,65.93,65.97,65.76,65.88,8709500.0
2014-09-16,65.53,66.25,65.51,66.16,14405100.0
2014-09-17,65.97,66.099998,65.53,65.69,19753900.0
2014-09-18,66.059998,66.26,66.050003,66.2,14467500.0
2014-09-19,66.29,66.31,65.92,65.97,11800500.0
2014-09-22,65.89,65.9,65.53,65.68,29390800.0
2014-09-23,65.24,65.44,65.050003,65.13,18721700.0
2014-09-24,65.14,65.51,64.95,65.46,12589900.0
2014-09-25,65.12,65.12,64.43,64.5,15639300.0
2014-09-26,64.71,64.97,64.55,64.77,14040200.0
2014-09-29,64.080002,64.35,63.99,64.17,17351800.0
2014-09-30,63.99,64.33,63.85,64.12,17807600.0
2014-10-01,63.75,63.83,63.23,63.36,21791100.0
2014-10-02,63.0099983,63.080002,62.099998,62.68,21687600.0
2014-10-03,62.59,62.76,62.43,62.68,11116900.0
2014-10-06,63.02,63.17,62.67,63.080002,16614000.0
2014-10-07,62.66,62.69,62.0,62.0099983,15615700.0
2014-10-08,62.080002,63.09,61.85,62.99,18310300.0
2014-10-09,62.38,62.51,61.23,61.3,23813400.0
2014-10-10,61.0099983,61.18,60.36,60.38,26414400.0
2014-10-13,61.049999,61.2,60.28,60.3,16363600.0
2014-10-14,60.74,60.95,60.34,60.45,22292200.0
2014-10-15,60.049999,60.16,58.97,60.09,37303900.0
2014-10-16,58.68,60.09,58.61,59.53,49006500.0
2014-10-17,60.46,60.8,60.28,60.64,22794100.0
2014-10-20,60.57,61.12,60.55,61.02,22996200.0
2014-10-21,61.34,61.8,61.29,61.75,16849600.0
2014-10-22,61.71,61.88,61.25,61.3,13982300.0
2014-10-23,61.82,62.21,61.75,61.89,17097000.0
2014-10-24,62.060001,62.25,61.87,62.23,12251100.0
2014-10-27,61.68,62.16,61.59,61.88,17838400.0
2014-10-28,62.53,62.83,62.45,62.82,14653100.0
2014-10-29,63.0,63.12,62.14,62.34,21781800.0
2014-10-30,62.14,62.98,62.080002,62.79,14596000.0
2014-10-31,63.71,63.98,63.53,63.95,22786800.0
2014-11-03,63.52,63.61,63.2,63.4,14384800.0
2014-11-04,62.94,63.07,62.66,63.040001,12741800.0
2014-11-05,63.18,63.25,62.88,63.16,13033500.0
2014-11-06,63.02,63.18,62.66,62.82,13624500.0
2014-11-07,62.61,62.87,62.38,62.85,10950900.0
2014-11-10,63.09,63.2,62.9,63.13,10235200.0
2014-11-11,63.29,63.58,63.16,63.51,12372800.0
2014-11-12,62.81,63.080002,62.8,62.97,9970700.0
2014-11-13,63.040001,63.4,63.0,63.27,18654700.0
2014-11-14,62.88,63.39,62.87,63.36,13368600.0
2014-11-17,62.84,63.17,62.81,63.11,11203700.0
2014-11-18,63.58,63.91,63.54,63.8,19695400.0
2014-11-19,63.63,63.83,63.34,63.61,13908800.0
2014-11-20,62.97,63.4,62.95,63.23,16494400.0
2014-11-21,64.019997,64.059998,63.57,63.78,22414400.0
2014-11-24,64.059998,64.16,63.93,64.15,16662600.0
2014-11-25,64.16,64.33,64.019997,64.26,18289600.0
2014-11-26,64.34,64.54,64.24,64.51,9788000.0
2014-11-28,64.099998,64.16,63.94,63.99,8429300.0
2014-12-01,64.029999,64.080002,63.73,63.93,14827800.0
2014-12-02,64.059998,64.13,63.92,64.11,19349300.0
2014-12-03,63.95,64.089996,63.86,64.029999,10722400.0
2014-12-04,63.86,64.089996,63.61,63.82,18286400.0
2014-12-05,63.98,64.16,63.81,63.96,13947000.0
2014-12-08,63.59,63.71,63.35,63.4,14590200.0
2014-12-09,62.81,63.11,62.62,63.060001,18136300.0
2014-12-10,62.9,62.9,62.16,62.26,27669700.0
2014-12-11,62.36,62.68,62.11,62.18,19542600.0
2014-12-12,62.0099983,62.12,60.94,60.98,31169600.0
2014-12-15,61.16,61.26,59.78,59.97,38599900.0
2014-12-16,60.02,61.16,59.92,60.4,38250500.0
2014-12-17,60.02,60.96,59.99,60.53,28795300.0
2014-12-18,61.22,61.7,61.12,61.61,33053700.0
2014-12-19,61.47,61.88,61.33,61.7,29690700.0
2014-12-22,61.97,62.040001,61.75,62.0,24782500.0
2014-12-23,61.87,61.95,61.71,61.8,21929200.0
2014-12-24,61.88,62.22,61.78,62.080002,12379400.0
2014-12-26,62.27,62.35,62.19,62.24,17681100.0
2014-12-29,61.71,62.0099983,61.7,61.79,22005600.0
2014-12-30,61.44,61.5,61.2,61.22,20271600.0
2014-12-31,61.45,61.46,60.81,60.84,22495000.0
2015-01-02,61.049999,61.13,60.46,60.58,24674800.0
2015-01-05,59.73,59.78,59.0,59.15,28468200.0
2015-01-06,59.099998,59.31,58.29,58.48,21711600.0
2015-01-07,58.95,59.23,58.57,59.13,19048900.0
2015-01-08,59.49,60.14,59.46,59.93,16680000.0
2015-01-09,60.0,60.0,59.34,59.64,17938200.0
2015-01-12,59.71,59.76,59.21,59.5,18561200.0
2015-01-13,60.24,60.39,59.38,59.8,15396200.0
2015-01-14,59.51,59.75,59.22,59.63,16051900.0
2015-01-15,60.35,60.41,59.86,60.0099983,21885100.0
2015-01-16,60.080002,60.84,59.99,60.79,29675500.0
2015-01-20,61.27,61.31,60.76,61.0,19318000.0
2015-01-21,60.98,61.5,60.89,61.48,26882500.0
2015-01-22,61.3,61.87,61.17,61.71,15610400.0
2015-01-23,61.6,61.77,61.34,61.36,19495700.0
2015-01-26,61.86,62.34,61.7,62.2,18463300.0
2015-01-27,62.07,62.42,61.93,62.29,20064300.0
2015-01-28,62.31,62.38,61.33,61.36,20033100.0
2015-01-29,61.89,62.25,61.67,62.2,31207900.0
2015-01-30,61.59,61.81,61.2,61.22,39271000.0
2015-02-02,61.63,62.099998,61.46,61.96,24878700.0
2015-02-03,62.34,63.060001,62.32,62.95,27679400.0
2015-02-04,62.62,62.95,62.38,62.43,17454200.0
2015-02-05,62.84,63.3,62.76,63.29,23933500.0
2015-02-06,62.69,62.9,62.32,62.5,18530100.0
2015-02-09,61.99,62.38,61.99,62.2,15940500.0
2015-02-10,62.59,62.82,62.31,62.77,14302500.0
2015-02-11,62.36,62.56,62.12,62.43,16405400.0
2015-02-12,62.86,63.41,62.86,63.4,16664700.0
2015-02-13,63.66,63.84,63.65,63.82,17919100.0
2015-02-17,63.7,64.099998,63.54,63.97,13660300.0
2015-02-18,64.16,64.54,64.040001,64.35,16777800.0
2015-02-19,64.35,64.67,64.31,64.43,17091000.0
2015-02-20,64.24,65.27,64.13,65.029999,34658700.0
2015-02-23,64.68,64.91,64.63,64.8,13630900.0
2015-02-24,64.78,65.29,64.66,65.2,16373400.0
2015-02-25,65.099998,65.33,65.019997,65.25,10224800.0
2015-02-26,65.099998,65.24,64.93,65.07,12791000.0
2015-02-27,65.13,65.35,65.029999,65.099998,22960900.0
2015-03-02,65.080002,65.22,64.97,65.2,21297800.0
2015-03-03,64.96,65.050003,64.63,64.8,12564400.0
2015-03-04,64.44,64.59,64.080002,64.54,15625100.0
2015-03-05,64.74,64.89,64.57,64.69,15540900.0
2015-03-06,64.18,64.32,63.75,63.81,24040500.0
2015-03-09,63.78,63.99,63.71,63.91,11909000.0
2015-03-10,62.86,62.98,62.49,62.52,20980000.0
2015-03-11,62.63,62.82,62.39,62.68,20000400.0
2015-03-12,63.4,63.48,63.13,63.46,16362200.0
2015-03-13,62.95,63.14,62.69,63.09,16277200.0
2015-03-16,63.53,63.9,63.5,63.8,15828700.0
2015-03-17,63.48,63.73,63.3,63.64,16273300.0
2015-03-18,63.63,65.099998,63.61,65.0,28290700.0
2015-03-19,64.24,64.41,64.07,64.24,20155100.0
2015-03-20,65.32,65.9,65.11,65.66,28789300.0
2015-03-23,65.88,66.13,65.72,65.99,13958700.0
2015-03-24,66.11,66.21,65.85,65.85,18037300.0
2015-03-25,66.089996,66.19,65.5,65.54,17853700.0
2015-03-26,64.98,65.12,64.54,64.97,24344500.0
2015-03-27,64.98,65.21,64.82,65.14,16596700.0
2015-03-30,65.13,65.33,65.099998,65.18,27480200.0
2015-03-31,64.14,64.54,64.07,64.17,27717200.0
2015-04-01,64.66,64.66,64.17,64.63,30907000.0
2015-04-02,65.010002,65.24,64.93,65.19,15597200.0
2015-04-06,65.59,66.15,65.41,65.85,16304600.0
2015-04-07,65.95,66.24,65.73,65.76,13742900.0
2015-04-08,66.4,66.43,65.75,66.040001,16148300.0
2015-04-09,66.099998,66.14,65.81,66.13,17741100.0
2015-04-10,65.99,66.27,65.93,66.26,12665800.0
2015-04-13,65.96,66.12,65.72,65.84,15048700.0
2015-04-14,66.24,66.37,66.13,66.33,13929800.0
2015-04-15,66.51,66.74,66.22,66.63,13210600.0
2015-04-16,66.7,67.0,66.41,66.81,17461200.0
2015-04-17,65.94,66.040001,65.69,65.97,18805200.0
2015-04-20,66.010002,66.23,65.96,66.040001,12557400.0
2015-04-21,66.62,66.79,66.49,66.63,10696800.0
2015-04-22,66.65,66.78,66.32,66.76,8776100.0
2015-04-23,66.39,67.11,66.35,67.010002,12240700.0
2015-04-24,67.27,67.51,66.99,67.4,11090300.0
2015-04-27,67.77,68.059998,67.66,67.73,18320600.0
2015-04-28,67.56,67.83,67.35,67.81,13769200.0
2015-04-29,67.3,67.52,66.96,67.22,19465500.0
2015-04-30,66.75,66.92,66.43,66.51,27726500.0
2015-05-01,66.86,67.4,66.65,67.25,28710200.0
2015-05-04,67.21,67.3,67.050003,67.18,18863100.0
2015-05-05,66.9,66.91,66.080002,66.18,21317400.0
2015-05-06,66.6,66.7,66.07,66.35,16573500.0
2015-05-07,66.059998,66.22,65.85,66.13,17710600.0
2015-05-08,67.28,67.76,67.26,67.66,30634400.0
2015-05-11,67.16,67.38,67.040001,67.07,14535400.0
2015-05-12,66.95,67.2,66.83,67.029999,12054200.0
2015-05-13,67.72,67.9,67.43,67.53,14542800.0
2015-05-14,68.13,68.36,68.0,68.34,18271700.0
2015-05-15,68.11,68.48,67.98,68.42,14671800.0
2015-05-18,68.099998,68.25,67.99,68.19,11873600.0
2015-05-19,67.92,68.089996,67.84,67.93,11406600.0
2015-05-20,67.9,68.28,67.8,68.059998,13862700.0
2015-05-21,68.16,68.52,68.11,68.42,11439500.0
2015-05-22,68.07,68.13,67.92,67.98,12172900.0
2015-05-26,67.36,67.39,66.63,66.76,20327400.0
2015-05-27,66.84,67.48,66.81,67.41,17786100.0
2015-05-28,67.059998,67.36,66.76,67.29,12744700.0
2015-05-29,66.95,67.080002,66.32,66.64,23778800.0
2015-06-01,66.8,66.85,66.19,66.46,19068900.0
2015-06-02,66.64,67.089996,66.52,66.77,14239100.0
2015-06-03,67.029999,67.48,67.029999,67.14,21307800.0
2015-06-04,66.7,67.19,66.21,66.42,17187400.0
2015-06-05,65.47,65.88,65.24,65.63,14624100.0
2015-06-08,65.53,65.6,65.29,65.54,14677000.0
2015-06-09,65.2,65.36,64.87,65.18,13114600.0
2015-06-10,66.15,66.73,66.07,66.55,17291600.0
2015-06-11,66.81,66.95,66.43,66.73,20555100.0
2015-06-12,66.040001,66.46,65.82,66.2,15305800.0
2015-06-15,65.39,65.85,65.34,65.8,15121100.0
2015-06-16,65.47,65.84,65.36,65.78,11991200.0
2015-06-17,65.54,65.79,64.99,65.63,17100700.0
2015-06-18,65.83,66.78,65.78,66.22,24587300.0
2015-06-19,66.16,66.26,66.019997,66.059998,15281900.0
2015-06-22,67.33,67.72,67.19,67.31,28716900.0
2015-06-23,67.42,67.6,67.4,67.49,13661300.0
2015-06-24,67.13,67.3,66.87,66.91,21326500.0
2015-06-25,66.07,66.07,65.72,65.77,16402800.0
2015-06-26,65.87,66.029999,65.58,65.74,19240800.0
2015-06-29,64.43,64.67,63.57,63.72,33747100.0
2015-06-30,64.37,64.38,63.26,63.49,32195400.0
2015-07-01,64.23,64.32,63.65,63.9,31824800.0
2015-07-02,64.080002,64.11,63.82,63.98,20988500.0
2015-07-06,62.64,63.24,62.49,62.69,21103800.0
2015-07-07,62.25,62.82,61.43,62.71,36633400.0
2015-07-08,61.72,61.76,61.12,61.25,32728200.0
2015-07-09,62.65,62.72,62.13,62.26,19963400.0
2015-07-10,64.18,64.39,63.86,64.3,28190400.0
2015-07-13,64.51,64.67,64.44,64.54,14287600.0
2015-07-14,64.79,65.16,64.7,65.080002,19816200.0
2015-07-15,64.92,65.07,64.67,64.84,14709600.0
2015-07-16,65.45,65.56,65.34,65.4,20763400.0
2015-07-17,65.37,65.37,65.21,65.29,14773600.0
2015-07-20,65.49,65.61,65.31,65.46,8767800.0
2015-07-21,65.24,65.37,65.14,65.27,14081800.0
2015-07-22,64.59,64.81,64.59,64.77,10181700.0
2015-07-23,64.88,64.9,64.49,64.6,10900900.0
2015-07-24,64.45,64.47,63.82,63.89,13709400.0
2015-07-27,63.74,63.75,63.32,63.42,19026100.0
2015-07-28,63.87,64.25,63.57,64.22,14788100.0
2015-07-29,64.17,64.66,64.13,64.45,15938900.0
2015-07-30,64.21,64.41,63.92,64.4,17496700.0
2015-07-31,64.98,65.019997,64.59,64.78,20646900.0
2015-08-03,64.85,64.88,64.41,64.61,25131600.0
2015-08-04,64.75,64.86,64.51,64.66,13359000.0
2015-08-05,65.019997,65.19,64.92,65.0,13602700.0
2015-08-06,64.88,64.96,64.54,64.73,12451300.0
2015-08-07,64.39,64.65,64.31,64.61,14351200.0
2015-08-10,64.78,65.43,64.77,65.4,13702900.0
2015-08-11,64.5,64.58,64.13,64.4,15705800.0
2015-08-12,63.52,63.94,63.15,63.94,27756600.0
2015-08-13,63.83,64.019997,63.65,63.9,12709600.0
2015-08-14,63.68,64.029999,63.62,64.0,16930100.0
2015-08-17,63.46,63.89,63.35,63.88,8885600.0
2015-08-18,63.47,63.6,63.28,63.4,10943800.0
2015-08-19,62.9,63.13,62.48,62.84,16573300.0
2015-08-20,62.12,62.22,61.3,61.32,32339100.0
2015-08-21,61.14,61.3,59.76,59.92,47017700.0
2015-08-24,57.35,59.12,56.51,57.85,62952900.0
2015-08-25,60.38,60.39,58.3,58.4,50627000.0
2015-08-26,59.68,59.81,58.38,59.78,49202900.0
2015-08-27,60.07,60.7,59.97,60.51,39984000.0
2015-08-28,60.11,60.54,60.07,60.42,24230800.0
2015-08-31,60.040001,60.27,59.76,59.97,35806800.0
2015-09-01,58.25,58.57,57.77,57.96,42250400.0
2015-09-02,58.93,58.94,58.2,58.82,23372700.0
2015-09-03,59.02,59.41,58.82,58.96,23500600.0
2015-09-04,57.71,57.94,57.34,57.61,25772900.0
2015-09-08,59.049999,59.33,58.86,59.3,21504500.0
2015-09-09,60.23,60.25,59.0,59.060001,29179700.0
2015-09-10,59.11,59.69,59.0,59.45,20800900.0
2015-09-11,59.02,59.44,58.91,59.44,12954100.0
2015-09-14,58.93,59.029999,58.72,58.99,12187400.0
2015-09-15,58.88,59.44,58.79,59.39,18168800.0
2015-09-16,59.9,60.32,59.81,60.3,28218500.0
2015-09-17,59.94,61.02,59.92,60.33,24074700.0
2015-09-18,59.19,59.48,58.79,58.82,36952900.0
2015-09-21,59.0,59.11,58.54,58.79,17896300.0
2015-09-22,57.41,57.57,56.98,57.39,29234800.0
2015-09-23,57.47,57.52,56.9,57.12,17145200.0
2015-09-24,56.64,57.09,56.3,56.96,22895100.0
2015-09-25,57.82,57.94,57.22,57.46,21771400.0
2015-09-28,57.02,57.060001,56.24,56.33,18785000.0
2015-09-29,56.13,56.36,55.88,56.25,20216400.0
2015-09-30,57.15,57.37,56.74,57.32,37769800.0
2015-10-01,57.67,57.78,56.99,57.5,20445200.0
2015-10-02,57.25,58.49,57.12,58.48,20793800.0
2015-10-05,59.22,59.67,59.22,59.64,27746500.0
2015-10-06,59.64,59.95,59.57,59.71,18133100.0
2015-10-07,60.37,60.62,59.96,60.46,20499100.0
2015-10-08,60.060001,60.94,60.060001,60.94,16875500.0
2015-10-09,61.049999,61.19,60.85,61.049999,16867900.0
2015-10-12,60.93,61.02,60.8,60.93,9238000.0
2015-10-13,60.12,60.63,60.099998,60.16,19519200.0
2015-10-14,60.32,60.51,60.099998,60.28,20762200.0
2015-10-15,60.76,61.34,60.7,61.31,21855600.0
2015-10-16,61.22,61.32,61.0099983,61.26,23372400.0
2015-10-19,61.0,61.060001,60.81,61.049999,11784700.0
2015-10-20,60.78,60.96,60.72,60.8,12930000.0
2015-10-21,61.17,61.2,60.73,60.77,12731700.0
2015-10-22,61.11,61.7,61.09,61.45,28347500.0
2015-10-23,61.99,62.19,61.8,62.060001,16648500.0
2015-10-26,61.97,61.99,61.78,61.83,14032900.0
2015-10-27,61.37,61.48,61.2,61.29,14566400.0
2015-10-28,61.54,62.029999,61.12,61.69,17326300.0
2015-10-29,60.96,61.29,60.96,61.24,12843000.0
2015-10-30,61.26,61.52,61.080002,61.11,19115300.0
2015-11-02,61.44,61.69,61.37,61.69,14749700.0
2015-11-03,61.29,61.82,61.21,61.67,14282900.0
2015-11-04,61.72,61.75,61.15,61.33,21019300.0
2015-11-05,61.45,61.53,61.07,61.22,21648100.0
2015-11-06,60.84,61.0,60.54,60.94,17523200.0
2015-11-09,60.56,60.63,60.07,60.31,23887600.0
2015-11-10,60.029999,60.29,59.93,60.27,14471900.0
2015-11-11,60.8,60.84,60.48,60.58,14220000.0
2015-11-12,60.060001,60.29,59.79,59.79,31911300.0
2015-11-13,59.5,59.59,59.19,59.29,26248400.0
2015-11-16,59.34,60.049999,59.32,60.040001,16939200.0
2015-11-17,60.3,60.52,60.09,60.2,22458600.0
2015-11-18,60.39,60.83,60.27,60.75,15481000.0
2015-11-19,61.11,61.3,61.02,61.060001,19981100.0
2015-11-20,61.24,61.35,60.88,60.92,18499800.0
2015-11-23,60.76,60.9,60.42,60.54,19432800.0
2015-11-24,60.099998,60.64,60.060001,60.55,21727000.0
2015-11-25,60.64,60.82,60.48,60.69,13351700.0
2015-11-27,60.76,60.8,60.65,60.7,6400400.0
2015-11-30,60.79,60.82,60.59,60.65,23366700.0
2015-12-01,61.14,61.33,60.98,61.29,34990700.0
2015-12-02,61.0099983,61.17,60.56,60.64,21426000.0
2015-12-03,60.95,60.98,60.099998,60.35,26897100.0
2015-12-04,60.14,60.91,60.11,60.84,23382100.0
2015-12-07,60.56,60.59,60.23,60.45,29861700.0
2015-12-08,59.42,59.68,59.24,59.56,26323000.0
2015-12-09,59.57,60.02,58.99,59.29,26646700.0
2015-12-10,59.56,59.63,59.22,59.3,20267800.0
2015-12-11,58.5,58.59,58.09,58.17,29945000.0
2015-12-14,58.42,58.5,57.65,58.26,32246600.0
2015-12-15,58.62,58.82,58.42,58.55,37876700.0
2015-12-16,59.22,59.84,58.95,59.73,45167400.0
2015-12-17,59.66,59.67,58.96,58.97,40456800.0
2015-12-18,58.69,58.77,58.34,58.35,41659100.0
2015-12-21,58.5,58.56,57.84,58.11,28869600.0
2015-12-22,58.29,58.63,58.09,58.55,29319500.0
2015-12-23,59.099998,59.56,59.07,59.53,29782200.0
2015-12-24,59.28,59.59,59.28,59.43,10950500.0
2015-12-28,59.3,59.33,59.099998,59.29,28946900.0
2015-12-29,59.73,60.029999,59.71,59.88,30796100.0
2015-12-30,59.65,59.74,59.48,59.52,18855500.0
2015-12-31,59.13,59.2,58.72,58.72,31818900.0
2016-01-04,57.82,57.85,57.15,57.82,34260200.0
2016-01-05,57.71,57.8,57.33,57.73,23891500.0
2016-01-06,56.53,56.92,56.45,56.78,22412600.0
2016-01-07,55.72,56.2,55.53,55.6,37579400.0
2016-01-08,55.93,55.99,54.84,54.93,31301100.0
2016-01-11,55.56,55.58,54.67,55.16,33017900.0
2016-01-12,55.63,55.71,54.95,55.42,29930200.0
2016-01-13,55.8,55.9,54.41,54.56,33481800.0
2016-01-14,54.77,55.5,54.36,55.26,35140200.0
2016-01-15,53.46,53.85,53.02,53.26,60554300.0
2016-01-19,54.19,54.22,53.37,53.75,35709800.0
2016-01-20,52.66,52.86,51.52,52.53,47944200.0
2016-01-21,52.32,53.23,51.93,52.92,48974700.0
2016-01-22,54.2,54.54,54.080002,54.48,44855900.0
2016-01-25,54.060001,54.28,53.71,53.75,36799400.0
2016-01-26,54.049999,54.74,53.98,54.71,26789300.0
2016-01-27,54.6,55.16,54.15,54.36,32829200.0
2016-01-28,54.86,54.93,54.049999,54.52,31267000.0
2016-01-29,54.75,55.52,54.7,55.48,37109700.0
2016-02-01,55.02,55.58,54.83,55.42,31082700.0
2016-02-02,54.63,54.63,53.94,54.13,29809100.0
2016-02-03,54.42,54.59,53.42,54.58,36337300.0
2016-02-04,54.23,54.84,54.13,54.65,28236200.0
2016-02-05,54.41,54.48,53.58,53.81,31548100.0
2016-02-08,52.94,52.96,52.32,52.81,37822400.0
2016-02-09,51.67,52.43,51.63,52.2,34142700.0
2016-02-10,52.38,52.78,52.049999,52.14,32088400.0
2016-02-11,51.43,51.65,50.94,51.38,41750200.0
2016-02-12,51.53,52.29,51.31,52.28,38730500.0
2016-02-16,53.2,53.37,52.77,53.34,31605800.0
2016-02-17,53.79,54.33,53.76,54.26,25594700.0
2016-02-18,54.49,54.49,53.94,53.98,32694100.0
2016-02-19,53.57,53.97,53.4,53.92,26685400.0
2016-02-22,54.32,54.58,54.3,54.53,19217000.0
2016-02-23,54.18,54.22,53.55,53.64,19709000.0
2016-02-24,52.75,53.53,52.49,53.45,26718800.0
2016-02-25,53.75,54.099998,53.5,54.09,25167000.0
2016-02-26,54.37,54.4,53.85,53.95,19604500.0
2016-02-29,53.84,54.13,53.6,53.63,30315200.0
2016-03-01,54.41,55.07,54.28,55.029999,24585800.0
2016-03-02,55.0,55.45,54.88,55.41,22549400.0
2016-03-03,55.56,55.98,55.51,55.95,21109600.0
2016-03-04,56.34,56.66,56.21,56.36,22752200.0
2016-03-07,55.78,56.48,55.74,56.29,24047500.0
2016-03-08,56.049999,56.049999,55.67,55.74,16893200.0
2016-03-09,55.99,56.11,55.81,55.95,15467400.0
2016-03-10,56.4,56.76,55.42,55.86,28133500.0
2016-03-11,56.87,57.35,56.82,57.32,24374600.0
2016-03-14,57.24,57.35,57.07,57.2,15953300.0
2016-03-15,56.61,56.67,56.45,56.66,19646300.0
2016-03-16,56.23,57.21,56.23,57.16,25413000.0
2016-03-17,57.19,57.71,57.0,57.6,17906600.0
2016-03-18,57.51,57.69,57.42,57.5,30733400.0
2016-03-21,57.36,57.54,57.23,57.41,17625800.0
2016-03-22,56.95,57.4,56.9,57.31,15926700.0
2016-03-23,57.16,57.18,56.65,56.73,18291400.0
2016-03-24,56.02,56.35,55.95,56.35,18326500.0
2016-03-28,56.74,56.78,56.55,56.69,18491100.0
2016-03-29,56.42,57.33,56.28,57.3,22376800.0
2016-03-30,57.79,58.060001,57.64,57.73,18999500.0
2016-03-31,57.46,57.59,57.13,57.16,37335100.0
2016-04-01,55.99,56.62,55.93,56.55,30396100.0
2016-04-04,56.7,56.77,56.36,56.43,16977200.0
2016-04-05,55.42,55.5,55.24,55.32,20199600.0
2016-04-06,55.51,56.26,55.42,56.22,20465500.0
2016-04-07,55.76,55.92,55.27,55.4,19855600.0
2016-04-08,56.51,56.66,56.32,56.46,18462800.0
2016-04-11,56.83,57.07,56.48,56.49,15640400.0
2016-04-12,56.94,57.44,56.61,57.33,25164700.0
2016-04-13,58.14,58.36,58.0099983,58.24,25583900.0
2016-04-14,58.54,58.65,58.33,58.43,26844400.0
2016-04-15,58.39,58.5,58.29,58.3,17558000.0
2016-04-18,58.22,58.86,58.17,58.8,20200400.0
2016-04-19,59.69,59.94,59.6,59.82,24251400.0
2016-04-20,59.79,60.16,59.7,59.87,14402600.0
2016-04-21,59.78,59.83,59.41,59.51,19135100.0
2016-04-22,59.45,59.64,59.29,59.54,17262700.0
2016-04-25,59.24,59.29,59.02,59.24,13518400.0
2016-04-26,59.47,59.56,59.26,59.45,15657800.0
2016-04-27,59.27,59.61,59.18,59.49,13054700.0
2016-04-28,58.78,59.26,58.55,58.68,25204500.0
2016-04-29,58.72,58.81,58.22,58.43,27642900.0
2016-05-02,58.9,59.07,58.72,58.98,25207300.0
2016-05-03,58.4,58.41,57.93,58.0099983,25287100.0
2016-05-04,57.52,57.61,57.17,57.34,20213100.0
2016-05-05,57.3,57.45,57.040001,57.22,21552600.0
2016-05-06,56.97,57.41,56.92,57.38,21498200.0
2016-05-09,57.52,57.63,57.23,57.26,17842700.0
2016-05-10,57.69,58.080002,57.64,58.080002,21333600.0
2016-05-11,57.7,57.93,57.58,57.58,20180500.0
2016-05-12,58.07,58.09,57.31,57.56,17642000.0
2016-05-13,57.11,57.36,56.81,56.97,19052400.0
2016-05-16,57.16,57.68,57.13,57.65,24500500.0
2016-05-17,57.55,57.74,57.17,57.23,25116900.0
2016-05-18,57.29,57.85,57.040001,57.25,34940400.0
2016-05-19,56.91,57.0099983,56.67,56.84,26976000.0
2016-05-20,57.32,57.46,57.19,57.31,23377800.0
2016-05-23,57.099998,57.28,57.0099983,57.12,18828700.0
2016-05-24,57.51,58.060001,57.5,57.95,28901600.0
2016-05-25,58.38,58.68,58.35,58.56,35575000.0
2016-05-26,58.78,58.85,58.58,58.72,21115400.0
2016-05-27,58.62,58.75,58.52,58.66,16066600.0
2016-05-31,58.9,58.99,58.24,58.38,25438500.0
2016-06-01,58.099998,58.38,58.029999,58.33,19567300.0
2016-06-02,58.0,58.35,57.93,58.33,32992100.0
2016-06-03,58.54,58.73,58.23,58.71,27770200.0
2016-06-06,58.9,59.18,58.85,59.040001,22191900.0
2016-06-07,59.49,59.63,59.42,59.47,15311700.0
2016-06-08,59.65,59.74,59.54,59.59,14673400.0
2016-06-09,58.86,59.0099983,58.68,58.86,18489100.0
2016-06-10,57.62,57.71,56.99,57.15,29812900.0
2016-06-13,56.41,56.86,56.16,56.32,25323100.0
2016-06-14,55.73,55.86,55.12,55.42,69490000.0
2016-06-15,55.9,56.099998,55.67,55.79,34010400.0
2016-06-16,55.0,55.95,54.59,55.91,27677700.0
2016-06-17,56.099998,56.6,55.83,56.46,51689600.0
2016-06-20,58.2,58.27,57.84,57.86,38890400.0
2016-06-21,58.34,58.78,58.09,58.33,37705500.0
2016-06-22,57.39,57.67,57.12,57.12,45176500.0
2016-06-23,58.34,58.8,57.93,58.7,33064500.0
2016-06-24,53.89,55.09,53.63,53.66,85314600.0
2016-06-27,52.91,52.94,51.93,52.63,58864400.0
2016-06-28,53.86,54.040001,53.37,54.0099983,45213500.0
2016-06-29,54.81,55.19,54.72,55.0,33914900.0
2016-06-30,55.11,55.82,54.96,55.82,48143600.0
2016-07-01,55.84,56.0,55.74,55.82,22693400.0
2016-07-05,55.14,55.2,54.58,54.74,33647400.0
2016-07-06,54.11,54.67,53.77,54.64,28451400.0
2016-07-07,54.74,54.94,54.25,54.42,24824900.0
2016-07-08,55.040001,55.34,54.91,55.25,26189500.0
2016-07-11,55.99,56.29,55.95,56.060001,25474900.0
2016-07-12,56.86,57.09,56.75,56.82,29839000.0
2016-07-13,56.96,57.099998,56.71,56.76,27351600.0
2016-07-14,57.29,57.43,57.17,57.25,28145500.0
2016-07-15,57.099998,57.13,56.84,56.96,29705400.0
2016-07-18,56.96,57.27,56.85,57.099998,17614300.0
2016-07-19,56.65,56.74,56.5,56.65,19896900.0
2016-07-20,57.0099983,57.23,56.9,57.16,20885200.0
2016-07-21,56.98,57.19,56.83,56.93,19635000.0
2016-07-22,57.049999,57.080002,56.88,57.040001,16069300.0
2016-07-25,57.080002,57.099998,56.81,56.97,13277400.0
2016-07-26,57.19,57.38,56.97,57.21,15025700.0
2016-07-27,57.48,57.58,57.0,57.42,17126900.0
2016-07-28,57.38,57.46,57.080002,57.36,14445300.0
2016-07-29,57.84,58.15,57.71,58.040001,21590400.0
2016-08-01,57.86,57.98,57.59,57.66,21623700.0
2016-08-02,57.53,57.57,57.15,57.37,20476100.0
2016-08-03,56.89,57.19,56.85,57.17,19684400.0
2016-08-04,57.35,57.53,57.24,57.5,16761800.0
2016-08-05,57.5,57.78,57.49,57.76,15143500.0
2016-08-08,57.86,57.92,57.79,57.88,10326800.0
2016-08-09,58.14,58.52,58.11,58.34,27514400.0
2016-08-10,58.72,58.76,58.52,58.54,17539500.0
2016-08-11,58.82,59.11,58.77,58.96,19675800.0
2016-08-12,58.99,59.060001,58.74,58.81,11331600.0
2016-08-15,59.0,59.18,58.99,59.040001,9048700.0
2016-08-16,58.93,59.11,58.85,58.95,14286200.0
2016-08-17,58.79,59.09,58.54,58.93,12103600.0
2016-08-18,58.89,59.23,58.8,59.23,17723900.0
2016-08-19,58.62,58.82,58.45,58.79,12142800.0
2016-08-22,58.61,58.89,58.5,58.85,10095600.0
2016-08-23,59.24,59.35,59.080002,59.099998,12534100.0
2016-08-24,59.13,59.2,58.89,58.96,12206600.0
2016-08-25,58.76,58.89,58.67,58.72,10953500.0
2016-08-26,58.81,59.33,58.11,58.37,19518100.0
2016-08-29,58.24,58.58,58.22,58.55,10482100.0
2016-08-30,58.6,58.69,58.36,58.47,10046300.0
2016-08-31,58.4,58.53,58.14,58.35,20437200.0
2016-09-01,58.62,58.78,58.41,58.75,18389800.0
2016-09-02,59.3,59.5,59.11,59.43,19151600.0
2016-09-06,59.56,59.86,59.54,59.83,14730600.0
2016-09-07,59.99,60.099998,59.75,59.86,17917500.0
2016-09-08,59.81,59.98,59.62,59.69,15572700.0
2016-09-09,59.25,59.25,58.51,58.53,23547000.0
2016-09-12,58.099998,59.040001,58.049999,59.0099983,26966800.0
2016-09-13,58.25,58.36,57.57,57.82,24865900.0
2016-09-14,57.74,58.060001,57.63,57.74,16841500.0
2016-09-15,57.79,58.35,57.63,58.24,20280700.0
2016-09-16,57.61,57.64,57.33,57.49,47897900.0
2016-09-19,58.060001,58.14,57.74,57.79,24184400.0
2016-09-20,58.34,58.39,58.07,58.14,23968200.0
2016-09-21,58.7,59.22,58.49,59.16,28804000.0
2016-09-22,60.029999,60.16,59.69,59.76,27047600.0
2016-09-23,59.28,59.45,59.24,59.26,19380000.0
2016-09-26,58.75,58.83,58.62,58.71,23824900.0
2016-09-27,58.47,59.0,58.41,58.99,19862100.0
2016-09-28,58.99,59.43,58.8,59.41,21673400.0
2016-09-29,59.41,59.41,58.47,58.67,16703800.0
2016-09-30,58.81,59.29,58.73,59.13,29074600.0
2016-10-03,58.97,59.09,58.84,58.97,17903600.0
2016-10-04,59.24,59.35,58.73,58.96,28707500.0
2016-10-05,59.18,59.29,59.040001,59.2,14774300.0
2016-10-06,58.9,58.95,58.73,58.88,11592200.0
2016-10-07,58.63,58.68,58.12,58.58,16684900.0
2016-10-10,58.58,58.9,58.58,58.75,7860700.0
2016-10-11,58.48,58.51,57.75,57.92,18434600.0
2016-10-12,57.84,57.94,57.63,57.79,13537300.0
2016-10-13,57.15,57.7,56.99,57.57,13090900.0
2016-10-14,57.96,58.07,57.65,57.67,19288400.0
2016-10-17,57.54,57.66,57.41,57.5,12641000.0
2016-10-18,58.19,58.24,57.98,58.07,13028000.0
2016-10-19,58.16,58.37,58.12,58.23,12500100.0
2016-10-20,58.15,58.43,58.09,58.32,9959000.0
2016-10-21,57.92,58.21,57.86,58.19,12584900.0
2016-10-24,58.36,58.37,58.049999,58.18,12723000.0
2016-10-25,58.049999,58.19,57.91,58.14,12430400.0
2016-10-26,57.84,58.07,57.77,57.88,12169500.0
2016-10-27,58.0099983,58.040001,57.75,57.81,9309300.0
2016-10-28,57.71,57.92,57.65,57.79,15377800.0
2016-10-31,57.75,57.9,57.58,57.82,19266200.0
2016-11-01,57.96,57.98,57.38,57.57,19495200.0
2016-11-02,57.53,57.61,57.099998,57.18,17538900.0
2016-11-03,57.38,57.42,57.040001,57.12,12959100.0
2016-11-04,56.74,56.91,56.55,56.57,17423800.0
2016-11-07,57.28,57.38,57.15,57.35,21383600.0
2016-11-08,57.18,57.68,57.13,57.51,17403900.0
2016-11-09,57.07,57.79,57.0099983,57.56,27175100.0
2016-11-10,57.53,57.67,56.93,57.4,37382800.0
2016-11-11,57.15,57.2,56.74,57.049999,18430100.0
2016-11-14,56.63,56.75,56.48,56.74,20650900.0
2016-11-15,56.59,57.02,56.53,56.99,15311700.0
2016-11-16,56.43,56.62,56.34,56.39,22261200.0
2016-11-17,56.67,56.89,56.62,56.82,18459300.0
2016-11-18,56.31,56.38,56.099998,56.2,17047300.0
2016-11-21,56.42,56.71,56.41,56.68,18504500.0
2016-11-22,56.81,56.85,56.58,56.82,17866500.0
2016-11-23,56.25,56.62,56.19,56.62,13840300.0
2016-11-25,56.82,56.83,56.71,56.79,7842800.0
2016-11-28,56.63,56.69,56.46,56.49,13608000.0
2016-11-29,56.53,56.98,56.47,56.85,14719800.0
2016-11-30,56.98,56.99,56.7,56.79,23874700.0
2016-12-01,56.73,56.76,56.49,56.57,22693500.0
2016-12-02,56.47,56.84,56.4,56.71,16077700.0
2016-12-05,57.0,57.38,56.99,57.27,19686200.0
2016-12-06,57.33,57.74,57.3,57.66,19217500.0
2016-12-07,57.88,58.62,57.86,58.52,25749300.0
2016-12-08,58.52,58.57,58.27,58.47,23427000.0
2016-12-09,58.47,58.72,58.43,58.72,20886500.0
2016-12-12,58.5,58.69,58.39,58.46,16612700.0
2016-12-13,58.98,59.25,58.95,59.09,22116800.0
2016-12-14,58.96,59.09,58.13,58.22,26473700.0
2016-12-15,58.0,58.19,57.96,58.09,25317900.0
2016-12-16,58.049999,58.29,58.02,58.13,24359100.0
2016-12-19,58.16,58.31,58.040001,58.040001,17705200.0
2016-12-20,58.11,58.29,58.07,58.24,17813500.0
2016-12-21,57.65,57.7,57.58,57.66,17793900.0
2016-12-22,57.62,57.69,57.51,57.53,16310200.0
2016-12-23,57.58,57.68,57.54,57.68,14821600.0
2016-12-27,57.63,57.72,57.6,57.61,13327700.0
2016-12-28,57.56,57.58,57.31,57.39,19569400.0
2016-12-29,57.5,57.66,57.48,57.53,16406100.0
2016-12-30,57.97,57.98,57.6,57.73,25266000.0
2017-01-03,57.95,58.11,57.85,58.09,27938300.0
2017-01-04,58.4,58.78,58.35,58.75,25670000.0
2017-01-05,58.9,59.31,58.9,59.25,22063100.0
2017-01-06,58.97,59.11,58.91,59.049999,22073700.0
2017-01-09,58.83,58.99,58.75,58.96,13962400.0
2017-01-10,58.92,59.13,58.92,58.97,16296600.0
2017-01-11,58.85,59.3,58.78,59.28,31352400.0
2017-01-12,59.36,59.38,59.11,59.37,25127300.0
2017-01-13,59.42,59.6,59.33,59.59,20901900.0
2017-01-17,59.41,59.44,59.27,59.37,22524800.0
2017-01-18,59.19,59.32,59.02,59.2,14581400.0
2017-01-19,59.099998,59.18,58.87,59.049999,17619300.0
2017-01-20,59.26,59.41,59.18,59.39,24974100.0
2017-01-23,59.31,59.54,59.18,59.54,43093600.0
2017-01-24,59.44,59.72,59.42,59.69,18176000.0
2017-01-25,60.0099983,60.33,59.99,60.31,27237600.0
2017-01-26,60.19,60.25,59.99,60.07,20838800.0
2017-01-27,60.02,60.049999,59.86,59.97,13061000.0
2017-01-30,59.45,59.58,59.26,59.54,19146200.0
2017-01-31,59.65,59.74,59.39,59.63,29996800.0
2017-02-01,60.0,60.029999,59.71,59.87,26726400.0
2017-02-02,59.93,59.99,59.73,59.9,14796700.0
2017-02-03,60.0099983,60.18,59.93,60.14,13963800.0
2017-02-06,59.52,59.71,59.48,59.71,16220200.0
2017-02-07,59.58,59.68,59.53,59.65,12123000.0
2017-02-08,59.59,59.81,59.52,59.75,16749200.0
2017-02-09,59.83,60.02,59.75,60.0,14299600.0
2017-02-10,59.93,60.18,59.91,60.14,13212100.0
2017-02-13,60.39,60.47,60.28,60.38,12694400.0
2017-02-14,60.17,60.29,59.92,60.29,14256600.0
2017-02-15,60.029999,60.52,60.0099983,60.52,15460100.0
2017-02-16,60.54,60.66,60.46,60.66,14416500.0
2017-02-17,60.32,60.52,60.27,60.5,14938000.0
2017-02-21,60.44,60.7,60.42,60.7,11550300.0
2017-02-22,60.39,60.74,60.39,60.7,17129400.0
2017-02-23,60.88,60.93,60.67,60.83,12410600.0
2017-02-24,60.17,60.43,60.14,60.39,16198700.0
2017-02-27,60.19,60.44,60.18,60.43,14039000.0
2017-02-28,60.32,60.52,60.23,60.34,20439100.0
2017-03-01,60.75,61.12,60.73,60.97,20198000.0
2017-03-02,60.71,60.78,60.56,60.57,16452800.0
2017-03-03,60.7,61.0,60.61,60.93,19149100.0
2017-03-06,60.73,60.75,60.57,60.74,10965800.0
2017-03-07,60.47,60.63,60.38,60.53,16308800.0
2017-03-08,60.49,60.55,60.25,60.31,11568200.0
2017-03-09,60.47,60.57,60.38,60.54,13369300.0
2017-03-10,60.96,61.12,60.85,61.049999,18987900.0
2017-03-13,61.2,61.38,61.19,61.37,19718700.0
2017-03-14,60.92,60.97,60.79,60.9,15953500.0
2017-03-15,61.029999,61.78,61.02,61.77,22841100.0
2017-03-16,62.099998,62.13,61.93,62.07,24380100.0
2017-03-17,62.18,62.35,62.060001,62.23,20697400.0
2017-03-20,62.25,62.34,62.02,62.099998,13484400.0
2017-03-21,62.58,62.63,61.78,61.82,23331500.0
2017-03-22,61.62,61.89,61.57,61.83,14492800.0
2017-03-23,61.73,62.099998,61.73,61.97,25394800.0
2017-03-24,62.11,62.27,62.040001,62.14,25264500.0
2017-03-27,62.09,62.38,62.02,62.3,30294500.0
2017-03-28,62.39,62.65,62.36,62.6,23196000.0
2017-03-29,62.29,62.63,62.28,62.6,19090800.0
2017-03-30,62.43,65.36,62.32,62.38,16049800.0
2017-03-31,62.11,62.36,62.049999,62.29,30871700.0
2017-04-03,62.19,62.24,61.76,62.2,32855200.0
2017-04-04,61.93,62.18,61.85,62.18,16793800.0
2017-04-05,62.13,62.29,61.83,61.85,22710400.0
2017-04-06,61.88,61.98,61.75,61.86,17795900.0
2017-04-07,61.75,61.93,61.74,61.82,15848900.0
2017-04-10,61.73,61.85,61.68,61.75,11321500.0
2017-04-11,62.0,62.07,61.62,62.040001,18663100.0
2017-04-12,61.95,62.029999,61.72,61.99,25045600.0
2017-04-13,61.7,61.78,61.53,61.59,16760100.0
2017-04-17,61.85,62.02,61.84,61.97,15573500.0
2017-04-18,61.55,61.69,61.35,61.69,21171100.0
2017-04-19,61.76,61.8,61.37,61.44,13263100.0
2017-04-20,61.96,62.099998,61.92,61.93,20485300.0
2017-04-21,61.93,62.02,61.84,61.97,18989800.0
2017-04-24,63.41,63.61,63.38,63.54,32694900.0
2017-04-25,63.85,64.080002,63.78,63.99,24975200.0
2017-04-26,63.81,64.029999,63.81,63.81,20489600.0
2017-04-27,63.92,63.92,63.75,63.87,13855700.0
2017-04-28,63.89,63.91,63.77,63.8,25361200.0
2017-05-01,63.99,64.2,63.91,64.059998,22211300.0
2017-05-02,64.25,64.42,64.19,64.39,23500000.0
2017-05-03,64.22,64.33,64.099998,64.26,12811000.0
2017-05-04,64.48,64.89,64.43,64.87,16359700.0
2017-05-05,64.94,65.59,64.92,65.59,18990900.0
2017-05-08,65.11,65.11,64.96,65.099998,19823800.0
2017-05-09,64.98,65.040001,64.81,64.94,28186600.0
2017-05-10,64.98,65.040001,64.89,65.040001,18524300.0
2017-05-11,64.77,64.9,64.61,64.88,18381600.0
2017-05-12,64.94,65.24,64.94,65.24,27683000.0
2017-05-15,65.38,65.57,65.36,65.57,20493900.0
2017-05-16,65.95,66.0,65.86,65.99,21931200.0
2017-05-17,65.67,65.75,65.22,65.24,30198700.0
2017-05-18,65.080002,65.4,65.019997,65.35,19242600.0
2017-05-19,65.81,66.12,65.78,66.11,34855500.0
2017-05-22,66.18,66.31,66.11,66.19,14692600.0
2017-05-23,66.34,66.38,66.11,66.2,12489200.0
2017-05-24,66.019997,66.25,65.98,66.24,15075500.0
2017-05-25,66.24,66.34,66.15,66.24,13265300.0
2017-05-26,65.87,66.059998,65.85,66.050003,25971500.0
2017-05-30,65.87,66.029999,65.85,65.98,14415300.0
2017-05-31,66.32,66.38,66.029999,66.059998,31167900.0
2017-06-01,66.31,66.51,66.25,66.49,25610000.0
2017-06-02,66.96,67.24,66.86,67.22,22765300.0
2017-06-05,66.86,66.9,66.77,66.85,14304500.0
2017-06-06,66.58,66.71,66.56,66.66,11387200.0
2017-06-07,66.77,66.88,66.45,66.68,15346400.0
2017-06-08,66.42,66.57,66.34,66.56,15425200.0
2017-06-09,66.22,66.46,66.059998,66.31,20807900.0
2017-06-12,66.12,66.19,65.98,66.059998,17937200.0
2017-06-13,66.47,66.61,66.38,66.57,19123700.0
2017-06-14,66.95,66.96,66.3,66.52,18739500.0
2017-06-15,65.51,65.87,65.49,65.83,22870900.0
2017-06-16,66.15,66.41,66.07,66.39,24571500.0
2017-06-19,66.64,66.79,66.6,66.66,26706100.0
2017-06-20,65.42,65.43,64.92,65.07,23798500.0
2017-06-21,64.92,65.050003,64.83,64.99,10989000.0
2017-06-22,64.97,65.099998,64.89,64.98,13521700.0
2017-06-23,64.99,65.25,64.9,65.14,15138700.0
2017-06-26,65.56,65.62,65.22,65.25,21872800.0
2017-06-27,65.28,65.44,65.17,65.24,17466000.0
2017-06-28,65.49,65.87,65.46,65.81,26317300.0
2017-06-29,65.61,65.62,64.88,65.16,35923300.0
2017-06-30,65.33,65.35,64.83,65.2,28866100.0
2017-07-03,65.12,65.28,65.099998,65.12,9564300.0
2017-07-05,64.93,65.16,64.82,65.12,26253300.0
2017-07-06,64.7,64.97,64.63,64.83,22874100.0
2017-07-07,64.65,64.92,64.56,64.84,18885700.0
2017-07-10,64.8,65.019997,64.76,65.0,10674800.0
2017-07-11,64.83,65.16,64.74,65.15,13584000.0
2017-07-12,65.55,65.75,65.53,65.67,15995600.0
2017-07-13,65.75,65.91,65.66,65.86,22520700.0
2017-07-14,66.050003,66.33,66.0,66.32,14145100.0
2017-07-17,66.19,66.28,66.12,66.19,10326100.0
2017-07-18,66.13,66.25,66.080002,66.25,11718200.0
2017-07-19,66.36,66.54,66.35,66.54,12542300.0
2017-07-20,66.71,66.85,66.6,66.81,13792700.0
2017-07-21,66.46,66.55,66.24,66.55,18391200.0
2017-07-24,66.25,66.39,66.080002,66.37,17486100.0
2017-07-25,66.71,66.74,66.44,66.46,12297600.0
2017-07-26,66.65,66.98,66.54,66.87,19186700.0
2017-07-27,67.0,67.040001,66.5,66.72,13754400.0
2017-07-28,66.55,66.8,66.48,66.79,15080800.0
2017-07-31,66.88,67.010002,66.73,66.93,20998800.0
2017-08-01,67.44,67.54,67.3,67.3,16206800.0
2017-08-02,67.34,67.42,67.16,67.33,8948300.0
2017-08-03,67.31,67.49,67.26,67.37,11245900.0
2017-08-04,67.44,67.51,67.2,67.46,14178000.0
2017-08-07,67.32,67.5,67.32,67.49,11865600.0
2017-08-08,67.37,67.46,67.089996,67.13,13510100.0
2017-08-09,66.73,67.050003,66.69,67.019997,15080100.0
2017-08-10,66.62,66.62,66.010002,66.07,28825100.0
2017-08-11,66.029999,66.13,65.86,65.95,27456400.0
2017-08-14,66.43,66.6,66.4,66.43,13311500.0
2017-08-15,66.35,66.42,66.14,66.38,13212200.0
2017-08-16,66.6,66.84,66.58,66.76,14030700.0
2017-08-17,66.52,66.63,66.010002,66.010002,18647700.0
2017-08-18,66.12,66.33,65.99,66.19,16347200.0
2017-08-21,66.16,66.27,66.0,66.17,11760800.0
2017-08-22,66.31,66.52,66.29,66.49,11528800.0
2017-08-23,66.3,66.51,66.29,66.5,13007000.0
2017-08-24,66.52,66.59,66.34,66.35,13150600.0
2017-08-25,66.59,66.91,66.57,66.75,14942000.0
2017-08-28,66.82,66.85,66.71,66.75,13422100.0
2017-08-29,66.38,66.65,66.36,66.48,11536900.0
2017-08-30,66.37,66.45,66.28,66.39,10510300.0
2017-08-31,66.65,66.95,66.62,66.9,20277900.0
2017-09-01,67.15,67.17,66.95,66.99,15541800.0
2017-09-05,66.99,66.99,66.33,66.54,18682300.0
2017-09-06,66.9,67.099998,66.82,66.95,21335800.0
2017-09-07,67.5,67.53,67.33,67.5,14599300.0
2017-09-08,67.66,67.69,67.51,67.51,16168800.0
2017-09-11,67.96,68.16,67.95,68.040001,19127300.0
2017-09-12,68.040001,68.29,68.040001,68.25,11803000.0
2017-09-13,68.11,68.15,67.82,67.88,14672800.0
2017-09-14,67.76,68.010002,67.74,68.0,14862300.0
2017-09-15,68.059998,68.099998,67.94,68.059998,16315500.0
2017-09-18,68.23,68.34,68.029999,68.15,13594900.0
2017-09-19,68.43,68.49,68.3,68.47,8877200.0
2017-09-20,68.49,68.71,68.0,68.32,15309700.0
2017-09-21,68.16,68.28,68.089996,68.18,10250100.0
2017-09-22,68.38,68.5,68.32,68.39,8442800.0
2017-09-25,68.11,68.27,67.87,68.0,13473900.0
2017-09-26,67.89,67.94,67.64,67.85,20026600.0
2017-09-27,67.76,68.0,67.72,67.9,17751800.0
2017-09-28,67.9,68.18,67.9,68.080002,11704000.0
2017-09-29,68.080002,68.55,68.080002,68.48,24981400.0
2017-10-02,68.27,68.49,68.24,68.42,16475600.0
2017-10-03,68.46,68.66,68.43,68.65,12073300.0
2017-10-04,68.47,68.59,68.46,68.52,12518600.0
2017-10-05,68.39,68.51,68.35,68.48,11871200.0
2017-10-06,68.17,68.44,68.14,68.43,16923300.0
2017-10-09,68.52,68.54,68.39,68.45,5155600.0
2017-10-10,68.85,69.11,68.79,69.099998,16626700.0
2017-10-11,69.07,69.29,69.059998,69.27,16732400.0
2017-10-12,69.15,69.33,69.089996,69.21,10774000.0
2017-10-13,69.6,69.66,69.51,69.57,12928900.0
2017-10-16,69.57,69.62,69.47,69.52,8800600.0
2017-10-17,69.35,69.39,69.21,69.34,8286800.0
2017-10-18,69.45,69.57,69.36,69.54,11793200.0
2017-10-19,69.23,69.43,69.19,69.43,10368300.0
2017-10-20,69.38,69.38,69.23,69.34,12636300.0
2017-10-23,69.37,69.4,69.14,69.19,8422200.0
2017-10-24,69.28,69.44,69.2,69.3,10586500.0
2017-10-25,69.27,69.31,68.77,69.029999,11495500.0
2017-10-26,69.21,69.26,69.010002,69.019997,12355500.0
2017-10-27,68.98,69.2,68.89,69.18,18853800.0
2017-10-30,69.22,69.36,69.2,69.34,14308400.0
2017-10-31,69.48,69.67,69.4,69.63,24418400.0
2017-11-01,69.93,70.0,69.67,69.7,23674500.0
2017-11-02,69.65,69.91,69.63,69.91,20430900.0
2017-11-03,69.8,69.8,69.56,69.8,14078700.0
2017-11-06,69.61,69.92,69.6,69.9,11959000.0
2017-11-07,69.77,69.86,69.46,69.64,13024200.0
2017-11-08,69.75,69.98,69.71,69.87,15924200.0
2017-11-09,69.29,69.5,69.040001,69.47,22577000.0
2017-11-10,69.24,69.36,69.13,69.28,11070800.0
2017-11-13,68.59,69.019997,68.58,68.99,13605200.0
2017-11-14,68.86,68.99,68.7,68.94,13850100.0
2017-11-15,68.37,68.68,68.28,68.61,18547300.0
2017-11-16,69.050003,69.24,68.97,69.16,17372500.0
2017-11-17,68.97,69.029999,68.84,68.91,24773400.0
2017-11-20,69.13,69.27,69.059998,69.059998,20689600.0
2017-11-21,69.53,69.67,69.49,69.58,17104800.0
2017-11-22,69.87,69.92,69.55,69.77,17943200.0
2017-11-24,70.35,70.39,70.25,70.34,11732300.0
2017-11-27,70.2,70.26,69.92,69.92,17066500.0
2017-11-28,70.14,70.34,70.010002,70.32,19389400.0
2017-11-29,70.37,70.43,69.94,70.040001,19328300.0
2017-11-30,70.33,70.41,70.050003,70.11,24443400.0
2017-12-01,69.76,70.010002,69.48,69.83,33370400.0
2017-12-04,69.65,69.99,69.57,69.58,19355500.0
2017-12-05,69.47,69.74,69.42,69.43,15853700.0
2017-12-06,69.33,69.43,69.18,69.29,12481600.0
2017-12-07,69.54,69.64,69.27,69.47,16966100.0
2017-12-08,69.79,69.88,69.63,69.84,19106800.0
2017-12-11,69.98,70.040001,69.88,70.019997,20038600.0
2017-12-12,70.11,70.17,69.91,70.11,16514700.0
2017-12-13,70.22,70.51,70.17,70.38,25920500.0
2017-12-14,70.33,70.36,69.95,69.99,27424600.0
2017-12-15,69.92,70.07,69.76,69.97,32906900.0
2017-12-18,70.72,70.96,70.7,70.8,38998500.0
2017-12-19,69.95,69.98,69.69,69.8,37373700.0
2017-12-20,69.87,69.91,69.63,69.68,18729500.0
2017-12-21,69.77,70.11,69.75,69.93,22930000.0
2017-12-22,69.9,70.12,69.86,70.11,18767000.0
2017-12-26,69.98,70.17,69.92,70.089996,15995000.0
2017-12-27,70.19,70.33,70.099998,70.22,19835400.0
2017-12-28,70.4,70.46,70.22,70.26,20811200.0
2017-12-29,70.57,70.58,70.26,70.31,16214700.0
2018-01-02,70.53,70.85,70.42,70.83,26530000.0
2018-01-03,70.89,71.26,70.85,71.17,33384900.0
2018-01-04,71.86,72.059998,71.81,71.95,23974400.0
2018-01-05,72.15,72.4,72.07,72.35,17483800.0
2018-01-08,72.26,72.35,72.18,72.33,21733700.0
2018-01-09,72.34,72.44,72.12,72.41,19138900.0
2018-01-10,72.42,72.45,72.22,72.27,18118900.0
2018-01-11,72.47,72.78,72.41,72.77,17314400.0
2018-01-12,73.029999,73.51,72.96,73.5,22694300.0
2018-01-16,73.71,73.84,73.34,73.43,24617800.0
2018-01-17,73.63,74.080002,73.47,73.81,21424400.0
2018-01-18,73.61,73.8,73.49,73.72,19094600.0
2018-01-19,74.089996,74.14,73.86,74.13,19622600.0
2018-01-22,74.19,74.54,74.15,74.51,14992500.0
2018-01-23,74.6,74.8,74.51,74.75,15575400.0
2018-01-24,75.16,75.23,74.63,74.88,24383800.0
2018-01-25,75.18,75.21,74.44,74.59,23272500.0
2018-01-26,74.98,75.27,74.93,75.25,19192600.0
2018-01-29,74.65,74.72,74.42,74.56,26906700.0
2018-01-30,74.32,74.37,73.85,73.94,113986300.0
2018-01-31,74.19,74.23,73.71,73.84,38465500.0
2018-02-01,73.72,74.19,73.68,74.050003,30876200.0
2018-02-02,73.33,73.33,72.47,72.55,36590600.0
2018-02-05,71.64,71.97,69.31,69.51,78968000.0
2018-02-06,69.42,71.07,69.26,70.88,84302300.0
2018-02-07,70.25,70.86,69.99,70.13,44411300.0
2018-02-08,70.17,70.2,68.28,68.3,59223600.0
2018-02-09,68.75,68.96,66.89,68.59,67466800.0
2018-02-12,69.099998,69.78,68.88,69.64,37528600.0
2018-02-13,69.089996,69.5,69.07,69.43,20574300.0
2018-02-14,69.010002,70.7,68.98,70.66,31475400.0
2018-02-15,71.059998,71.21,70.51,71.099998,31600600.0
2018-02-16,71.21,71.72,71.18,71.42,23606400.0
2018-02-20,70.88,71.2,70.58,70.75,25286900.0
2018-02-21,70.95,71.4,70.38,70.41,30247700.0
2018-02-22,70.71,71.099998,70.54,70.78,20537000.0
2018-02-23,71.040001,71.43,70.9,71.34,30298500.0
2018-02-26,71.64,72.029999,71.39,72.010002,21007200.0
2018-02-27,71.56,71.64,70.9,70.94,22449300.0
2018-02-28,71.040001,71.080002,70.17,70.27,31642500.0
2018-03-01,69.7,70.040001,68.75,69.089996,51282100.0
2018-03-02,68.85,69.44,68.57,69.42,35512000.0
2018-03-05,68.91,69.84,68.89,69.79,18968500.0
2018-03-06,70.35,70.39,70.010002,70.2,20996900.0
2018-03-07,69.86,70.22,69.66,70.18,14492500.0
2018-03-08,70.38,70.49,70.099998,70.33,14883300.0
2018-03-09,70.43,70.79,70.32,70.78,17319800.0
2018-03-12,70.86,71.010002,70.71,70.86,12801300.0
2018-03-13,71.099998,71.15,70.26,70.39,19138100.0
2018-03-14,70.93,70.98,70.31,70.56,13670800.0
2018-03-15,70.56,70.85,70.4,70.52,21712300.0
2018-03-16,70.39,70.66,70.36,70.47,16119900.0
2018-03-19,70.21,70.22,69.53,69.9,24159700.0
2018-03-20,69.82,70.040001,69.72,69.89,20578800.0
2018-03-21,69.78,70.28,69.71,70.0,17479200.0
2018-03-22,69.29,69.44,68.68,68.7,42084300.0
2018-03-23,68.82,68.92,67.91,67.94,44983200.0
2018-03-26,68.98,69.21,68.29,69.16,31279000.0
2018-03-27,69.5,69.57,68.39,68.65,36493900.0
2018-03-28,69.080002,69.56,68.78,69.050003,35737600.0
2018-03-29,69.55,69.98,69.37,69.68,34745000.0
2018-04-02,69.41,69.58,68.25,68.72,52362500.0
2018-04-03,69.089996,69.26,68.74,69.16,30413600.0
2018-04-04,68.35,69.43,68.32,69.4,26041500.0
2018-04-05,69.73,70.050003,69.69,69.86,22625800.0
2018-04-06,69.81,70.059998,69.17,69.4,24999600.0
2018-04-09,70.07,70.44,69.86,69.97,18498700.0
2018-04-10,70.67,70.89,70.52,70.72,19233800.0
2018-04-11,70.57,70.86,70.4,70.45,21099100.0
2018-04-12,70.54,70.82,70.5,70.72,18012500.0
2018-04-13,70.96,70.97,70.55,70.79,14515400.0
2018-04-16,70.97,71.0,70.74,70.9,15678300.0
2018-04-17,71.029999,71.36,70.96,71.22,17545600.0
2018-04-18,71.52,71.69,71.45,71.59,17035100.0
2018-04-19,71.51,71.61,71.11,71.32,20004000.0
2018-04-20,71.089996,71.15,70.91,71.050003,27586500.0
2018-04-23,70.99,71.07,70.77,70.96,17696000.0
2018-04-24,71.089996,71.18,70.46,70.67,22013400.0
2018-04-25,70.41,70.64,70.19,70.55,18280700.0
2018-04-26,70.9,71.010002,70.72,70.9,23697700.0
2018-04-27,70.88,71.050003,70.69,70.97,15395400.0
2018-04-30,70.89,71.14,70.69,70.74,21883700.0
2018-05-01,70.66,70.72,70.17,70.49,17308000.0
2018-05-02,70.85,70.94,70.41,70.46,16409400.0
2018-05-03,70.58,70.77,70.050003,70.68,19854600.0
2018-05-04,70.17,71.0,70.13,70.93,17022600.0
2018-05-07,70.88,71.12,70.81,70.94,8172600.0
2018-05-08,70.69,70.95,70.56,70.95,12400300.0
2018-05-09,70.85,71.2,70.79,71.12,15414000.0
2018-05-10,71.34,71.58,71.21,71.58,18107500.0
2018-05-11,71.8,71.91,71.68,71.77,19083700.0
2018-05-14,72.029999,72.099998,71.82,71.9,17790300.0
2018-05-15,71.28,71.52,71.099998,71.38,18330100.0
2018-05-16,71.31,71.53,71.23,71.48,13758300.0
2018-05-17,71.51,71.71,71.39,71.59,16191300.0
2018-05-18,71.38,71.45,71.23,71.33,21815600.0
2018-05-21,71.69,71.78,71.6,71.78,13441700.0
2018-05-22,71.88,71.94,71.61,71.69,12897900.0
2018-05-23,70.78,70.92,70.56,70.9,23332600.0
2018-05-24,70.78,70.81,70.21,70.68,21542400.0
2018-05-25,70.17,70.32,70.029999,70.22,17225600.0
2018-05-29,69.14,69.38,68.53,68.79,57008900.0
2018-05-30,69.38,69.89,69.19,69.84,25531900.0
2018-05-31,69.63,69.7,69.11,69.4,47992800.0
2018-06-01,69.92,70.019997,69.64,70.0,39232600.0
2018-06-04,70.46,70.54,70.18,70.21,18561900.0
2018-06-05,70.22,70.25,69.92,70.099998,16641000.0
2018-06-06,70.35,70.73,70.18,70.73,25445400.0
2018-06-07,70.79,70.82,70.2,70.33,25977000.0
2018-06-08,70.27,70.5,70.089996,70.41,23206300.0
2018-06-11,70.67,71.029999,70.61,70.86,26145100.0
2018-06-12,70.72,70.76,70.35,70.41,22706300.0
2018-06-13,70.64,70.71,70.22,70.51,20486700.0
2018-06-14,70.51,70.72,70.32,70.36,24099000.0
2018-06-15,70.029999,70.040001,69.73,70.0,31433500.0
2018-06-18,69.23,69.52,69.14,69.5,30778500.0
2018-06-19,67.16,67.57,67.059998,67.52,30397600.0
2018-06-20,67.78,67.83,67.4,67.57,38687300.0
2018-06-21,67.39,67.39,67.019997,67.089996,23793400.0
2018-06-22,67.95,68.13,67.66,67.8,26146100.0
2018-06-25,67.32,67.39,66.68,66.86,39388300.0
2018-06-26,67.080002,67.11,66.71,66.98,23117500.0
2018-06-27,67.040001,67.3,66.32,66.35,29616800.0
2018-06-28,66.33,66.68,66.19,66.6,21384800.0
2018-06-29,67.12,67.37,66.91,66.97,32031400.0
2018-07-02,66.019997,66.43,66.0,66.36,39167900.0
2018-07-03,66.89,66.99,66.53,66.56,14919900.0
2018-07-05,67.17,67.27,66.97,67.22,18593200.0
2018-07-06,67.31,67.72,67.24,67.58,16641600.0
2018-07-09,68.12,68.25,67.95,68.23,20682100.0
2018-07-10,68.11,68.27,68.07,68.2,18981400.0
2018-07-11,67.43,67.61,66.86,67.059998,30172400.0
2018-07-12,67.42,67.65,67.3,67.58,18810600.0
2018-07-13,67.61,67.82,67.47,67.79,17206900.0
2018-07-16,67.77,67.86,67.65,67.76,15422200.0
2018-07-17,67.58,67.96,67.54,67.88,16965000.0
2018-07-18,67.83,68.040001,67.72,67.89,13712400.0
2018-07-19,67.54,67.88,67.47,67.75,26316500.0
2018-07-20,67.77,68.18,67.76,68.07,28610200.0
2018-07-23,68.07,68.14,67.94,68.07,10192900.0
2018-07-24,68.64,68.8,68.36,68.47,17645500.0
2018-07-25,68.46,69.089996,68.24,68.98,29698900.0
2018-07-26,68.72,68.85,68.6,68.67,23009400.0
2018-07-27,68.97,69.11,68.73,68.8,28911800.0
2018-07-30,69.040001,69.089996,68.77,68.79,17630300.0
2018-07-31,69.040001,69.099998,68.75,68.88,25087500.0
2018-08-01,68.77,68.8,68.44,68.53,25402700.0
2018-08-02,67.79,68.080002,67.72,68.080002,24343200.0
2018-08-03,67.82,68.15,67.78,68.12,14176200.0
2018-08-06,67.7,67.93,67.58,67.83,12077900.0
2018-08-07,68.51,68.54,68.3,68.36,17495500.0
2018-08-08,68.28,68.43,68.13,68.3,13812800.0
2018-08-09,68.32,68.39,68.059998,68.099998,11964700.0
2018-08-10,66.86,66.99,66.61,66.74,28624600.0
2018-08-13,66.65,66.78,66.35,66.5,24817700.0
2018-08-14,66.59,66.65,66.37,66.49,22596700.0
2018-08-15,65.61,65.69,65.15,65.53,41602700.0
2018-08-16,65.96,66.24,65.93,65.99,23297100.0
2018-08-17,65.97,66.55,65.91,66.38,25722900.0
2018-08-20,66.64,66.82,66.62,66.74,16229300.0
2018-08-21,67.17,67.36,66.99,67.15,15670100.0
2018-08-22,67.45,67.53,67.33,67.41,13217500.0
2018-08-23,67.07,67.22,66.87,66.93,22030700.0
2018-08-24,67.23,67.46,67.14,67.32,21816600.0
2018-08-27,67.91,68.27,67.87,68.22,24820300.0
2018-08-28,68.39,68.45,68.12,68.16,19866800.0
2018-08-29,68.16,68.54,68.080002,68.53,18107700.0
2018-08-30,67.95,68.050003,67.71,67.88,20743000.0
2018-08-31,67.46,67.69,67.080002,67.34,30945900.0
2018-09-04,66.5,66.78,66.42,66.77,25303400.0
2018-09-05,66.34,66.42,65.96,66.16,26850800.0
2018-09-06,66.059998,66.22,65.65,65.96,25557900.0
2018-09-07,65.33,65.63,65.24,65.43,22989400.0
2018-09-10,65.95,65.99,65.75,65.83,15646700.0
2018-09-11,65.5,65.91,65.4,65.89,17652700.0
2018-09-12,65.96,66.33,65.91,66.17,19372500.0
2018-09-13,66.81,66.87,66.49,66.66,26009600.0
2018-09-14,66.86,66.94,66.6,66.76,21047500.0
2018-09-17,67.089996,67.21,66.81,66.82,13679100.0
2018-09-18,67.31,67.62,67.3,67.52,20734400.0
2018-09-19,67.59,67.86,67.59,67.76,15330300.0
2018-09-20,68.47,68.68,68.29,68.6,24625300.0
2018-09-21,68.58,68.74,68.52,68.63,19003300.0
2018-09-24,68.64,68.66,68.32,68.32,20382700.0
2018-09-25,68.85,68.89,68.64,68.66,19623000.0
2018-09-26,68.63,69.13,68.62,68.69,26899900.0
2018-09-27,68.56,68.86,68.48,68.55,21555300.0
2018-09-28,67.93,68.27,67.85,67.99,37330500.0
2018-10-01,68.21,68.32,68.050003,68.07,27922300.0
2018-10-02,67.55,67.78,67.47,67.72,18689200.0
2018-10-03,67.84,67.88,67.54,67.6,19372300.0
2018-10-04,67.17,67.2,66.5,66.81,38671500.0
2018-10-05,66.65,66.71,66.16,66.41,28116900.0
2018-10-08,65.69,66.11,65.54,66.089996,24471300.0
2018-10-09,65.4,66.010002,65.32,65.92,23011200.0
2018-10-10,65.68,65.68,64.38,64.52,64586200.0
2018-10-11,64.33,64.54,63.19,63.62,119275100.0
2018-10-12,64.11,64.14,63.18,63.85,66647600.0
2018-10-15,63.69,64.040001,63.51,63.7,32702300.0
2018-10-16,64.53,64.92,64.43,64.79,35959100.0
2018-10-17,64.59,64.67,64.12,64.42,26566600.0
2018-10-18,64.17,64.25,63.18,63.38,48286500.0
2018-10-19,63.72,64.099998,63.7,63.74,31924100.0
2018-10-22,63.8,63.85,63.27,63.46,28641300.0
2018-10-23,62.42,63.13,62.049999,62.86,54694300.0
2018-10-24,62.5,62.54,61.040001,61.080002,62942300.0
2018-10-25,61.58,62.17,61.34,61.85,47758100.0
2018-10-26,61.09,61.83,60.58,61.43,72008800.0
2018-10-29,62.099998,62.23,60.77,61.26,60675300.0
2018-10-30,61.39,62.0099983,61.3,62.0,50851500.0
2018-10-31,62.51,62.8,62.4,62.46,49348900.0
2018-11-01,63.0,63.27,62.76,63.26,42760200.0
2018-11-02,63.83,63.92,62.98,63.35,39087900.0
2018-11-05,63.39,63.51,63.16,63.35,23002700.0
2018-11-06,63.37,63.66,63.31,63.61,18973700.0
2018-11-07,64.19,64.5,63.98,64.46,34148400.0
2018-11-08,64.22,64.35,63.69,63.83,31336600.0
2018-11-09,63.41,63.52,63.11,63.41,27581700.0
2018-11-12,62.97,62.99,62.29,62.37,31068900.0
2018-11-13,62.53,63.080002,62.37,62.64,37193900.0
2018-11-14,63.080002,63.13,62.34,62.69,51506100.0
2018-11-15,62.28,63.02,61.97,62.89,54666300.0
2018-11-16,62.48,63.029999,62.38,62.96,30723600.0
2018-11-19,62.92,62.95,62.25,62.41,30409700.0
2018-11-20,61.57,61.83,61.18,61.33,41209700.0
2018-11-21,62.09,62.44,61.99,62.19,32720600.0
2018-11-23,61.66,61.98,61.66,61.78,13336500.0
2018-11-26,62.56,62.77,62.5,62.71,31007400.0
2018-11-27,62.34,62.51,62.16,62.47,38111400.0
2018-11-28,62.56,63.41,62.28,63.36,40600800.0
2018-11-29,62.99,63.25,62.83,63.040001,31259700.0
2018-11-30,62.68,62.84,62.49,62.77,32068600.0
2018-12-03,63.75,63.75,63.36,63.6,43673900.0
2018-12-04,63.28,63.34,61.89,61.95,50079600.0
2018-12-06,60.9,61.42,60.23,61.37,78905500.0
2018-12-07,61.46,61.7,60.61,60.75,54090300.0
2018-12-10,60.49,60.6,59.66,60.28,61630500.0
2018-12-11,60.9,60.92,60.11,60.47,71163600.0
2018-12-12,61.42,61.78,61.36,61.36,45925600.0
2018-12-13,61.48,61.63,61.19,61.25,44498200.0
2018-12-14,60.59,60.85,60.41,60.46,50416200.0
2018-12-17,60.45,60.52,59.73,59.98,58508500.0
2018-12-18,59.62,59.82,59.2,59.39,48896500.0
2018-12-19,59.64,60.099998,58.58,58.82,68491500.0
2018-12-20,58.9,59.07,58.35,58.58,97602600.0
2018-12-21,58.17,58.51,57.48,57.56,93622500.0
2018-12-24,57.56,57.79,56.84,56.89,47120300.0
2018-12-26,57.25,58.3,56.77,58.21,69827600.0
2018-12-27,57.55,58.38,57.11,58.38,76591200.0
2018-12-28,58.96,58.99,58.52,58.69,68541800.0
2018-12-31,59.02,59.060001,58.58,58.78,62878800.0
2019-01-02,58.0,58.67,57.98,58.66,38723200.0
2019-01-03,58.52,58.55,58.029999,58.13,35012600.0
2019-01-04,59.080002,60.12,58.99,59.91,47001700.0
2019-01-07,59.99,60.42,59.82,60.14,30335900.0
2019-01-08,60.73,60.76,60.35,60.53,26444600.0
2019-01-09,61.080002,61.34,60.91,61.21,34615300.0
2019-01-10,60.97,61.46,60.92,61.45,33699300.0
2019-01-11,60.98,61.16,60.85,61.029999,40655600.0
2019-01-14,60.58,60.95,60.55,60.75,28319800.0
2019-01-15,60.91,61.16,60.71,61.07,35202700.0
2019-01-16,61.13,61.31,61.099998,61.24,38473900.0
2019-01-17,60.88,61.57,60.86,61.46,28896000.0
2019-01-18,62.07,62.15,61.84,62.080002,39380800.0
2019-01-22,61.43,61.51,61.0,61.12,36637900.0
2019-01-23,61.64,61.69,61.15,61.4,21725600.0
2019-01-24,61.43,61.65,61.26,61.47,21843800.0
2019-01-25,62.060001,62.28,62.02,62.17,31128800.0
2019-01-28,61.67,61.89,61.58,61.83,28738200.0
2019-01-29,62.21,62.34,61.97,61.97,23933700.0
2019-01-30,62.27,62.9,62.11,62.65,30465700.0
2019-01-31,62.56,62.83,62.41,62.68,33012500.0
2019-02-01,62.69,62.83,62.5,62.66,22056000.0
2019-02-04,62.57,62.92,62.45,62.89,20260600.0
2019-02-05,63.29,63.43,63.2,63.38,29367100.0
2019-02-06,63.22,63.3,62.96,63.060001,19675600.0
2019-02-07,62.57,62.67,62.09,62.22,33930700.0
2019-02-08,61.82,62.029999,61.61,62.02,21440400.0
2019-02-11,61.96,62.09,61.82,61.96,22453000.0
2019-02-12,62.54,62.71,62.5,62.68,28176300.0
2019-02-13,62.9,63.049999,62.69,62.69,22923500.0
2019-02-14,62.7,62.92,62.53,62.71,23166900.0
2019-02-15,63.34,63.62,62.71,63.62,29544700.0
2019-02-19,63.41,63.97,63.41,63.86,19126800.0
2019-02-20,63.94,64.3,63.93,64.040001,27833100.0
2019-02-21,63.99,64.040001,63.75,63.91,19709600.0
2019-02-22,64.099998,64.27,64.019997,64.12,19653800.0
2019-02-25,64.52,64.58,64.28,64.31,21208900.0
2019-02-26,64.42,64.77,64.39,64.62,23246200.0
2019-02-27,64.5,64.58,64.3,64.36,19933400.0
2019-02-28,64.31,64.46,64.2,64.27,27730700.0
2019-03-01,64.64,64.75,64.39,64.62,26191800.0
2019-03-04,64.68,64.71,64.12,64.38,22255100.0
2019-03-05,64.36,64.61,64.27,64.44,22315100.0
2019-03-06,64.55,64.57,64.25,64.28,14060100.0
2019-03-07,64.0,64.07,63.45,63.46,29445800.0
2019-03-08,63.07,63.47,63.060001,63.47,21427600.0
2019-03-11,63.51,64.040001,63.51,64.019997,16204800.0
2019-03-12,63.99,64.11,63.9,63.98,31559400.0
2019-03-13,64.22,64.59,64.22,64.53,17856300.0
2019-03-14,64.49,64.65,64.39,64.52,20861400.0
2019-03-15,64.97,65.24,64.93,65.22,44272000.0
2019-03-18,65.33,65.48,65.22,65.45,27734300.0
2019-03-19,65.84,65.88,65.44,65.58,32094800.0
2019-03-20,65.33,65.92,65.11,65.61,33136000.0
2019-03-21,65.17,65.63,65.16,65.57,34686500.0
2019-03-22,64.85,64.96,64.28,64.31,36194200.0
2019-03-25,64.26,64.45,64.099998,64.4,26707900.0
2019-03-26,64.87,64.94,64.61,64.72,36734400.0
2019-03-27,64.89,64.97,64.31,64.75,21772300.0
2019-03-28,64.63,64.71,64.36,64.59,16531200.0
2019-03-29,64.87,64.9,64.57,64.86,23423900.0
2019-04-01,65.48,65.71,65.39,65.69,33228100.0
2019-04-02,65.6,65.74,65.43,65.71,18209100.0
2019-04-03,66.17,66.38,66.089996,66.22,25471600.0
2019-04-04,65.99,66.13,65.96,66.080002,23580500.0
2019-04-05,66.029999,66.25,66.029999,66.25,27828800.0
2019-04-08,66.24,66.29,66.080002,66.29,21464100.0
2019-04-09,66.050003,66.059998,65.84,65.87,17074900.0
2019-04-10,65.96,66.14,65.88,66.12,25289300.0
2019-04-11,66.050003,66.13,65.85,65.98,16309400.0
2019-04-12,66.42,66.47,66.29,66.44,31507700.0
2019-04-15,66.49,66.51,66.33,66.47,11608000.0
2019-04-16,66.73,66.74,66.47,66.52,19958100.0
2019-04-17,66.85,66.87,66.6,66.71,23540000.0
2019-04-18,66.71,66.75,66.51,66.67,21794000.0
2019-04-22,66.46,66.67,66.42,66.56,21336700.0
2019-04-23,66.44,66.72,66.4,66.69,17741400.0
2019-04-24,66.34,66.4,66.11,66.23,26417500.0
2019-04-25,66.019997,66.2,65.96,66.18,16020300.0
2019-04-26,66.3,66.46,66.2,66.45,17705700.0
2019-04-29,66.48,66.74,66.43,66.72,16992700.0
2019-04-30,66.7,66.87,66.48,66.76,36645900.0
2019-05-01,66.86,66.98,66.33,66.38,25870800.0
2019-05-02,66.44,66.47,66.11,66.28,21120700.0
2019-05-03,66.59,66.99,66.55,66.99,22117400.0
2019-05-06,65.52,66.32,65.5,66.23,24641100.0
2019-05-07,65.63,65.69,64.86,65.07,30661400.0
2019-05-08,65.089996,65.39,64.97,65.15,31028300.0
2019-05-09,64.44,64.92,64.23,64.85,28991500.0
2019-05-10,64.84,65.35,64.47,65.33,34968000.0
2019-05-13,64.13,64.22,63.71,63.81,42253200.0
2019-05-14,64.27,64.62,64.21,64.45,32214000.0
2019-05-15,63.98,64.79,63.95,64.68,39054900.0
2019-05-16,64.92,65.41,64.91,65.2,27414300.0
2019-05-17,64.8,65.11,64.72,64.77,35566300.0
2019-05-20,64.51,64.73,64.35,64.51,27914500.0
2019-05-21,64.86,65.029999,64.7,64.94,20838900.0
2019-05-22,64.62,64.83,64.61,64.68,22818000.0
2019-05-23,64.0,64.16,63.82,64.089996,29106800.0
2019-05-24,64.77,64.79,64.54,64.78,23320000.0
2019-05-28,64.73,64.84,64.13,64.15,32637000.0
2019-05-29,63.68,63.75,63.44,63.74,32910400.0
2019-05-30,63.82,63.99,63.74,63.98,28874300.0
2019-05-31,63.13,63.47,63.07,63.4,34278600.0
2019-06-03,63.59,63.87,63.41,63.77,36735900.0
2019-06-04,64.21,64.56,64.040001,64.5,34241600.0
2019-06-05,64.79,64.8,64.38,64.48,19015300.0
2019-06-06,64.73,64.88,64.56,64.74,28586900.0
2019-06-07,65.36,65.73,65.33,65.56,31020100.0
2019-06-10,65.73,65.92,65.67,65.74,21435800.0
2019-06-11,66.34,66.36,65.98,66.07,22255000.0
2019-06-12,65.81,65.9,65.55,65.58,17110500.0
2019-06-13,65.74,65.77,65.47,65.64,24194500.0
2019-06-14,65.25,65.25,65.089996,65.16,37202100.0
2019-06-17,63.8,63.96,63.76,63.83,22615800.0
2019-06-18,64.35,64.71,64.33,64.68,34024300.0
2019-06-19,64.83,65.2,64.78,65.080002,25092700.0
2019-06-20,65.83,65.86,65.44,65.65,32817400.0
2019-06-21,65.37,65.56,65.32,65.37,25032400.0
2019-06-24,65.56,65.64,65.49,65.51,23238800.0
2019-06-25,65.58,65.6,65.12,65.12,24373000.0
2019-06-26,65.37,65.41,65.2,65.2,13170700.0
2019-06-27,65.37,65.47,65.33,65.36,14439800.0
2019-06-28,65.64,65.8,65.6,65.73,27667900.0
2019-07-01,66.39,66.39,65.88,66.040001,25538600.0
2019-07-02,66.17,66.29,66.13,66.23,26045900.0
2019-07-03,66.59,66.72,66.55,66.68,14359300.0
2019-07-05,66.099998,66.21,65.76,66.17,21696200.0
2019-07-08,65.8,65.92,65.75,65.79,15839500.0
2019-07-09,65.33,65.54,65.3,65.51,11661800.0
2019-07-10,65.82,65.93,65.62,65.74,15051500.0
2019-07-11,65.87,65.9,65.55,65.72,14023800.0
2019-07-12,65.69,65.8,65.59,65.8,14459500.0
2019-07-15,65.87,65.92,65.76,65.86,12363200.0
2019-07-16,65.67,65.8,65.53,65.59,23641400.0
2019-07-17,65.76,65.76,65.47,65.5,13318800.0
2019-07-18,65.25,65.7,65.18,65.7,18639700.0
2019-07-19,65.67,65.75,65.48,65.51,16908600.0
2019-07-22,65.6,65.66,65.47,65.58,15203900.0
2019-07-23,65.98,66.050003,65.84,65.99,22078400.0
2019-07-24,65.81,66.040001,65.8,66.040001,11192500.0
2019-07-25,65.84,65.86,65.3,65.37,24288100.0
2019-07-26,65.55,65.6,65.47,65.5,16616500.0
2019-07-29,65.72,65.73,65.53,65.64,11655500.0
2019-07-30,64.9,64.94,64.73,64.88,24945300.0
2019-07-31,64.85,65.040001,64.0,64.45,32619000.0
2019-08-01,64.53,65.07,64.010002,64.27,38568600.0
2019-08-02,64.019997,64.019997,63.45,63.7,37778000.0
2019-08-05,62.78,62.78,61.83,62.11,54766700.0
2019-08-06,62.6,62.69,62.080002,62.53,33907400.0
2019-08-07,62.27,62.89,62.09,62.77,41814700.0
2019-08-08,63.02,63.54,62.94,63.38,29156400.0
2019-08-09,63.19,63.24,62.79,62.94,23227400.0
2019-08-12,62.69,62.87,62.33,62.44,21906000.0
2019-08-13,62.32,63.2,62.26,63.029999,30781900.0
2019-08-14,61.86,61.94,61.3,61.3,39692900.0
2019-08-15,61.58,61.7,61.26,61.51,40936100.0
2019-08-16,61.86,62.31,61.86,62.25,22856400.0
2019-08-19,62.82,62.85,62.62,62.63,22998600.0
2019-08-20,62.61,62.63,62.34,62.42,21710200.0
2019-08-21,63.099998,63.099998,62.86,62.86,25971800.0
2019-08-22,62.89,62.97,62.51,62.74,20505100.0
2019-08-23,62.59,63.0099983,61.95,61.96,34410500.0
2019-08-26,62.59,62.61,62.26,62.47,27774800.0
2019-08-27,62.77,62.82,62.42,62.42,24511400.0
2019-08-28,62.27,62.63,62.09,62.42,25028400.0
2019-08-29,63.02,63.09,62.8,62.96,19046700.0
2019-08-30,63.4,63.42,62.93,63.21,33527300.0
2019-09-03,62.85,63.099998,62.78,63.09,33998200.0
2019-09-04,63.74,63.98,63.66,63.98,25619300.0
2019-09-05,64.43,64.57,64.31,64.32,22265900.0
2019-09-06,64.51,64.69,64.46,64.53,21338300.0
2019-09-09,64.73,64.73,64.57,64.72,15965600.0
2019-09-10,64.6,64.89,64.47,64.83,19028800.0
2019-09-11,65.019997,65.21,64.96,65.19,18413200.0
2019-09-12,65.24,65.66,65.15,65.57,30292200.0
2019-09-13,65.89,66.080002,65.8,65.94,22132200.0
2019-09-16,65.53,65.57,65.31,65.35,31083600.0
2019-09-17,65.25,65.62,65.19,65.57,23554300.0
2019-09-18,65.41,65.58,65.11,65.49,17807600.0
2019-09-19,65.83,65.94,65.69,65.71,18972500.0
2019-09-20,65.79,65.9,65.48,65.56,35368700.0
2019-09-23,65.2,65.44,65.13,65.39,15457000.0
2019-09-24,65.55,65.61,65.099998,65.14,32233100.0
2019-09-25,64.79,65.050003,64.56,64.95,21342600.0
2019-09-26,65.3,65.35,65.080002,65.19,25098000.0
2019-09-27,65.19,65.3,64.83,64.97,20607400.0
2019-09-30,64.97,65.24,64.95,65.21,25423400.0
2019-10-01,65.019997,65.07,64.46,64.57,42550500.0
2019-10-02,63.73,63.78,63.099998,63.25,43464100.0
2019-10-03,63.26,63.69,62.98,63.67,39571700.0
2019-10-04,63.72,64.2,63.68,64.17,18837500.0
2019-10-07,64.12,64.41,64.080002,64.089996,19228000.0
2019-10-08,63.76,63.81,63.44,63.49,27797800.0
2019-10-09,63.92,64.080002,63.77,63.95,22989500.0
2019-10-10,63.92,64.43,63.88,64.4,25532400.0
2019-10-11,65.37,65.82,65.37,65.55,37665600.0
2019-10-14,65.24,65.41,65.2,65.28,12662000.0
2019-10-15,65.56,66.25,65.51,66.040001,24932600.0
2019-10-16,66.019997,66.29,65.97,66.14,28518700.0
2019-10-17,66.48,66.53,66.13,66.3,26853900.0
2019-10-18,66.21,66.38,66.010002,66.27,21446100.0
2019-10-21,66.71,66.75,66.59,66.63,29016200.0
2019-10-22,66.68,66.91,66.46,66.47,21293000.0
2019-10-23,66.6,66.83,66.52,66.83,14206200.0
2019-10-24,67.07,67.080002,66.82,66.95,23429100.0
2019-10-25,66.76,67.07,66.75,67.019997,17184200.0
2019-10-28,67.12,67.34,67.11,67.32,16490600.0
2019-10-29,67.059998,67.33,67.029999,67.3,15251900.0
2019-10-30,67.24,67.58,66.92,67.58,22592900.0
2019-10-31,67.37,67.42,67.11,67.42,22047900.0
2019-11-01,67.85,68.019997,67.81,68.019997,32338600.0
2019-11-04,68.48,68.53,68.23,68.37,20429900.0
2019-11-05,68.29,68.35,68.11,68.24,15727300.0
2019-11-06,68.31,68.38,68.11,68.21,16600200.0
2019-11-07,68.59,68.64,68.39,68.42,21271500.0
2019-11-08,68.18,68.38,68.029999,68.38,10298800.0
2019-11-11,68.019997,68.31,68.019997,68.29,8544000.0
2019-11-12,68.28,68.46,68.18,68.32,18570100.0
2019-11-13,67.84,68.12,67.82,68.080002,21006500.0
2019-11-14,67.73,67.93,67.66,67.89,17870900.0
2019-11-15,68.050003,68.32,68.050003,68.32,23494600.0
2019-11-18,68.24,68.46,68.13,68.4,20587500.0
2019-11-19,68.6,68.63,68.22,68.31,18664800.0
2019-11-20,67.94,68.099998,67.68,67.88,20655200.0
2019-11-21,67.87,67.9,67.62,67.79,14293400.0
2019-11-22,68.059998,68.11,67.82,67.98,14969300.0
2019-11-25,68.28,68.52,68.28,68.52,19329100.0
2019-11-26,68.41,68.54,68.36,68.48,24276000.0
2019-11-27,68.57,68.69,68.54,68.66,16942100.0
2019-11-29,68.22,68.34,68.14,68.18,11587200.0
2019-12-02,68.099998,68.14,67.53,67.83,38855400.0
2019-12-03,67.23,67.62,67.019997,67.58,28161500.0
2019-12-04,68.0,68.21,67.94,68.2,21762200.0
2019-12-05,68.24,68.24,67.96,68.07,21039700.0
2019-12-06,68.62,68.71,68.55,68.69,23179600.0
2019-12-09,68.57,68.68,68.33,68.33,21946200.0
2019-12-10,68.26,68.5,68.14,68.36,23419000.0
2019-12-11,68.39,68.79,68.37,68.72,16546800.0
2019-12-12,68.64,69.25,68.6,69.18,30690900.0
2019-12-13,69.56,69.98,69.4,69.66,46988400.0
2019-12-16,69.6,69.71,69.51,69.62,34004700.0
2019-12-17,69.3,69.4,69.22,69.22,28111100.0
2019-12-18,69.14,69.21,69.010002,69.13,18590900.0
2019-12-19,68.99,69.15,68.93,69.13,25939200.0
2019-12-20,69.29,69.32,69.16,69.18,38587700.0
2019-12-23,69.24,69.33,69.18,69.29,21313800.0
2019-12-24,69.28,69.28,69.16,69.22,5947000.0
2019-12-26,69.35,69.54,69.27,69.52,8372000.0
2019-12-27,69.84,69.85,69.59,69.64,16281600.0
2019-12-30,69.76,69.77,69.099998,69.12,24069000.0
2019-12-31,69.19,69.48,68.97,69.44,20142100.0
2020-01-02,69.96,70.16,69.84,70.14,24749300.0
2020-01-03,69.19,69.7,69.19,69.27,29921500.0
2020-01-06,69.16,69.57,69.15,69.54,22636400.0
2020-01-07,69.52,69.54,69.3,69.35,15107500.0
2020-01-08,69.27,69.74,69.26,69.55,14249500.0
2020-01-09,69.68,69.75,69.54,69.71,13749100.0
2020-01-10,69.66,69.78,69.37,69.45,33832300.0
2020-01-13,69.51,69.85,69.37,69.81,16443000.0
2020-01-14,69.68,70.0,69.67,69.88,28826600.0
2020-01-15,69.82,69.99,69.79,69.88,12217900.0
2020-01-16,69.99,70.2,69.91,70.17,12883400.0
2020-01-17,70.36,70.42,70.21,70.38,18473700.0
2020-01-21,70.059998,70.14,69.81,69.82,20026600.0
2020-01-22,70.14,70.16,69.91,69.96,14047000.0
2020-01-23,69.7,69.86,69.36,69.79,18720200.0
2020-01-24,70.080002,70.080002,69.37,69.49,24107500.0
2020-01-27,68.15,68.42,68.050003,68.050003,32766700.0
2020-01-28,68.36,68.74,68.26,68.69,18001700.0
2020-01-29,68.82,68.93,68.6,68.7,14916600.0
2020-01-30,68.15,68.67,67.98,68.64,26285300.0
2020-01-31,68.0,68.029999,67.26,67.48,40101600.0
2020-02-03,67.67,67.99,67.6,67.64,35288000.0
2020-02-04,68.66,68.87,68.59,68.77,32540000.0
2020-02-05,69.43,69.48,69.2,69.43,28162100.0
2020-02-06,69.64,69.68,69.5,69.62,23422500.0
2020-02-07,69.21,69.25,68.94,68.96,22188200.0
2020-02-10,68.85,69.13,68.85,69.099998,13957600.0
2020-02-11,69.58,69.71,69.43,69.57,16040600.0
2020-02-12,69.8,69.86,69.68,69.81,13218100.0
2020-02-13,69.18,69.51,69.099998,69.32,20113100.0
2020-02-14,69.31,69.33,69.019997,69.2,15005100.0
2020-02-18,68.7,68.9,68.62,68.76,29201900.0
2020-02-19,69.0,69.11,68.94,68.99,16232700.0
2020-02-20,68.72,68.87,68.19,68.58,24607700.0
2020-02-21,68.36,68.42,68.059998,68.26,24361900.0
2020-02-24,65.51,66.029999,65.5,65.53,51653500.0
2020-02-25,65.83,65.89,64.35,64.45,55520000.0
2020-02-26,65.0,65.43,64.48,64.53,64966000.0
2020-02-27,63.51,64.2,62.59,62.62,80201400.0
2020-02-28,61.26,62.35,60.67,62.24,122342000.0
2020-03-02,62.23,63.17,61.71,63.040001,78735900.0
2020-03-03,63.57,64.27,62.049999,62.53,77691700.0
2020-03-04,63.63,64.47,63.099998,64.4,41681700.0
2020-03-05,62.96,63.37,62.41,62.69,46294000.0
2020-03-06,61.56,62.099998,61.16,61.75,64277200.0
2020-03-09,57.63,58.81,56.76,56.96,68431000.0
2020-03-10,59.2,59.37,57.19,59.060001,110061600.0
2020-03-11,57.54,57.69,55.69,56.049999,77459000.0
2020-03-12,51.8,51.96,49.21,49.89,91385100.0
2020-03-13,53.12,53.3,49.77,52.91,73588700.0
2020-03-16,46.59,49.07,45.77,47.45,54122400.0
2020-03-17,48.12,49.9,47.36,49.76,55045400.0
2020-03-18,46.68,48.12,45.73,46.91,74919600.0
2020-03-19,46.86,48.7,46.46,47.64,65863000.0
2020-03-20,48.87,49.39,47.0,47.049999,62803000.0
2020-03-23,47.34,47.63,46.19,46.5,61708000.0
2020-03-24,50.029999,50.81,49.43,50.44,51118500.0
2020-03-25,51.0,52.91,50.28,52.080002,60405600.0
2020-03-26,52.38,54.5,52.38,54.41,60511800.0
2020-03-27,52.44,53.74,52.040001,52.86,53372400.0
2020-03-30,53.049999,53.97,52.7,53.93,45987700.0
2020-03-31,53.09,53.94,52.8,53.46,64906600.0
2020-04-01,51.73,52.27,51.049999,51.09,40960200.0
2020-04-02,51.17,52.3,51.0099983,52.09,38008700.0
2020-04-03,51.26,51.47,50.59,50.9,33029800.0
2020-04-06,52.75,53.8,52.59,53.6,42257500.0
2020-04-07,55.42,55.49,53.8,53.9,36678000.0
2020-04-08,54.049999,54.58,53.6,54.34,35282900.0
2020-04-09,55.18,55.77,55.0,55.57,42218200.0
2020-04-13,55.4,55.49,54.62,55.040001,33424700.0
2020-04-14,55.92,56.43,55.81,56.02,36915600.0
2020-04-15,54.45,54.7,54.12,54.27,30158700.0
2020-04-16,54.48,54.56,53.78,54.3,37284200.0
2020-04-17,55.6,55.81,55.12,55.74,36205100.0
2020-04-20,55.060001,55.77,54.9,54.91,25077400.0
2020-04-21,54.099998,54.52,53.67,53.84,35535300.0
2020-04-22,54.76,54.87,54.51,54.75,28732700.0
2020-04-23,54.86,55.65,54.45,54.58,34733400.0
2020-04-24,54.99,55.26,54.57,55.21,30445100.0
2020-04-27,55.58,56.07,55.49,55.94,30786900.0
2020-04-28,57.080002,57.099998,56.32,56.36,35115400.0
2020-04-29,57.54,57.97,57.41,57.77,34921800.0
2020-04-30,56.99,57.09,56.26,56.57,52183100.0
2020-05-01,55.73,55.81,55.11,55.34,32088300.0
2020-05-04,54.92,55.33,54.7,55.32,23432000.0
2020-05-05,55.73,55.94,55.33,55.42,23459100.0
2020-05-06,55.85,55.89,55.060001,55.060001,22596000.0
2020-05-07,55.87,56.16,55.62,55.89,30628700.0
2020-05-08,56.58,56.85,56.49,56.84,20445800.0
2020-05-11,56.5,56.95,56.41,56.79,30772300.0
2020-05-12,56.96,57.02,56.07,56.07,59246700.0
2020-05-13,56.41,56.42,55.37,55.64,31920300.0
2020-05-14,54.35,55.19,54.0099983,55.11,41217500.0
2020-05-15,55.040001,55.38,54.8,55.16,34086000.0
2020-05-18,56.56,57.52,56.53,57.39,39999500.0
2020-05-19,56.97,57.23,56.59,56.6,31462400.0
2020-05-20,57.68,58.060001,57.55,57.78,32827600.0
2020-05-21,57.59,57.75,56.94,57.11,27554400.0
2020-05-22,56.83,56.99,56.58,56.95,27513100.0
2020-05-26,58.69,58.91,58.54,58.58,46679700.0
2020-05-27,59.31,59.34,58.67,59.29,33723400.0
2020-05-28,60.060001,60.52,59.82,59.85,40630200.0
2020-05-29,59.76,59.8,59.0099983,59.64,47437100.0
2020-06-01,60.13,60.99,60.080002,60.97,30195300.0
2020-06-02,61.34,61.66,61.25,61.54,31663000.0
2020-06-03,62.32,63.19,62.3,63.0099983,29773100.0
2020-06-04,62.61,63.12,62.57,62.74,26190300.0
2020-06-05,63.98,64.32,63.7,63.82,31208000.0
2020-06-08,64.17,64.66,63.79,64.65,29644000.0
2020-06-09,63.54,64.029999,63.45,63.81,30176500.0
2020-06-10,64.040001,64.22,63.43,63.67,27492200.0
2020-06-11,61.98,62.18,60.13,60.26,54699700.0
2020-06-12,61.86,62.0099983,60.44,61.3,57668900.0
2020-06-15,59.32,60.84,59.13,60.69,30698700.0
2020-06-16,61.9,62.02,60.76,61.44,37029400.0
2020-06-17,61.92,62.02,61.49,61.67,26238300.0
2020-06-18,61.17,61.55,61.049999,61.34,20035700.0
2020-06-19,62.040001,62.060001,60.95,61.040001,32270800.0
2020-06-22,61.45,61.85,61.21,61.77,20743000.0
2020-06-23,62.49,62.61,62.040001,62.11,20897800.0
2020-06-24,61.39,61.53,60.34,60.52,34030900.0
2020-06-25,60.58,61.44,60.3,61.38,26357100.0
2020-06-26,61.23,61.29,60.4,60.49,32279300.0
2020-06-29,60.79,61.099998,60.44,60.98,23749700.0
2020-06-30,60.55,61.099998,60.45,60.87,32612900.0
2020-07-01,60.8,61.29,60.75,61.099998,25243100.0
2020-07-02,61.95,62.26,61.68,61.77,20854100.0
2020-07-06,62.7,62.89,62.45,62.78,21537100.0
2020-07-07,62.21,62.48,61.84,61.86,17394200.0
2020-07-08,61.87,62.41,61.76,62.38,17363400.0
2020-07-09,62.29,62.3,61.25,61.67,26098200.0
2020-07-10,61.92,62.36,61.73,62.33,22008800.0
2020-07-13,62.68,63.029999,61.84,61.93,20515500.0
2020-07-14,62.049999,62.91,61.98,62.84,35121300.0
2020-07-15,63.79,63.99,63.38,63.55,28888600.0
2020-07-16,63.15,63.41,63.029999,63.14,24677200.0
2020-07-17,63.29,63.52,63.13,63.51,19641800.0
2020-07-20,63.51,63.84,63.33,63.82,17996600.0
2020-07-21,64.15,64.32,63.91,63.95,21179700.0
2020-07-22,63.95,64.21,63.84,64.12,18023400.0
2020-07-23,63.97,64.22,63.45,63.61,16080700.0
2020-07-24,63.22,63.46,63.080002,63.26,16017900.0
2020-07-27,63.87,64.2,63.81,64.089996,16368200.0
2020-07-28,63.75,64.050003,63.65,63.68,20470300.0
2020-07-29,63.97,64.46,63.84,64.35,20055900.0
2020-07-30,62.83,63.52,62.31,63.4,24664100.0
2020-07-31,63.0099983,63.02,61.66,62.049999,36002300.0
2020-08-03,62.69,63.27,62.54,63.26,23609700.0
2020-08-04,62.97,63.61,62.94,63.61,16236800.0
2020-08-05,64.089996,64.26,63.73,63.82,17901300.0
2020-08-06,63.57,63.99,63.4,63.89,17210500.0
2020-08-07,63.27,63.64,63.2,63.63,14988900.0
2020-08-10,63.68,63.85,63.47,63.84,10049000.0
2020-08-11,64.93,64.97,64.019997,64.07,31465500.0
2020-08-12,65.35,65.76,65.26,65.49,28638500.0
2020-08-13,65.41,65.58,65.010002,65.2,17783100.0
2020-08-14,64.74,64.94,64.62,64.8,10874100.0
2020-08-17,65.11,65.32,65.099998,65.29,11429900.0
2020-08-18,65.53,65.62,65.059998,65.25,23832500.0
2020-08-19,65.54,65.62,64.92,64.96,15591900.0
2020-08-20,64.35,64.86,64.29,64.75,19825800.0
2020-08-21,64.010002,64.43,63.98,64.42,15926400.0
2020-08-24,65.39,65.4,65.0,65.27,14627700.0
2020-08-25,65.63,65.64,64.96,65.31,18507500.0
2020-08-26,65.34,65.77,65.26,65.69,19549800.0
2020-08-27,65.73,65.76,64.78,65.019997,24413900.0
2020-08-28,65.41,65.51,65.059998,65.48,15197300.0
2020-08-31,65.31,65.52,64.95,64.98,24929800.0
2020-09-01,65.019997,65.18,64.76,65.050003,23945500.0
2020-09-02,65.52,65.97,65.27,65.92,20748400.0
2020-09-03,65.71,65.77,64.16,64.43,43834300.0
2020-09-04,64.69,64.85,63.35,64.52,33992800.0
2020-09-08,63.73,64.27,63.5,63.73,26869600.0
2020-09-09,64.75,65.16,64.63,64.92,23374000.0
2020-09-10,65.27,65.37,64.16,64.16,30361000.0
2020-09-11,64.95,65.14,64.53,64.8,29958900.0
2020-09-14,65.35,65.45,65.099998,65.15,14663300.0
2020-09-15,65.81,65.84,65.43,65.57,17678700.0
2020-09-16,65.76,66.019997,65.45,65.57,18052600.0
2020-09-17,65.18,65.68,65.12,65.66,18149700.0
2020-09-18,65.47,65.5,64.91,65.13,27897500.0
2020-09-21,63.51,63.56,62.8,63.48,39928700.0
2020-09-22,63.48,63.55,62.89,63.46,15810800.0
2020-09-23,63.84,63.88,62.86,62.93,18325800.0
2020-09-24,62.77,63.28,62.45,62.87,25234900.0
2020-09-25,62.33,63.099998,62.14,63.080002,24180700.0
2020-09-28,63.89,64.050003,63.78,64.029999,18102700.0
2020-09-29,64.029999,64.23,63.72,63.96,16168300.0
2020-09-30,63.72,64.13,63.43,63.65,37083000.0
2020-10-01,64.0,64.07,63.64,64.019997,33266700.0
2020-10-02,63.24,64.050003,63.2,63.89,25285500.0
2020-10-05,64.41,64.88,64.39,64.86,14564100.0
2020-10-06,64.91,64.95,64.040001,64.17,22901400.0
2020-10-07,64.62,64.81,64.49,64.72,17055500.0
2020-10-08,65.010002,65.19,64.94,65.17,13385000.0
2020-10-09,65.51,65.72,65.42,65.68,22181600.0
2020-10-12,65.83,66.11,65.77,66.059998,9676100.0
2020-10-13,65.52,65.52,65.19,65.32,16260500.0
2020-10-14,65.53,65.64,65.15,65.21,13144000.0
2020-10-15,63.94,64.5,63.92,64.44,20631800.0
2020-10-16,64.65,65.019997,64.6,64.74,15792600.0
2020-10-19,65.089996,65.17,64.42,64.5,14736400.0
2020-10-20,64.97,65.18,64.81,64.82,23268000.0
2020-10-21,64.72,65.040001,64.49,64.51,21699100.0
2020-10-22,64.44,64.67,64.099998,64.56,20533700.0
2020-10-23,64.95,64.98,64.58,64.98,19334200.0
2020-10-26,64.16,64.24,63.42,63.81,17745700.0
2020-10-27,63.7,63.73,63.22,63.31,19616900.0
2020-10-28,61.91,62.040001,61.37,61.42,36132600.0
2020-10-29,61.46,61.91,61.14,61.71,30898400.0
2020-10-30,61.44,61.53,60.97,61.39,35889900.0
2020-11-02,62.080002,62.24,61.77,62.19,24388600.0
2020-11-03,63.41,64.050003,63.33,63.82,26474500.0
2020-11-04,64.099998,65.07,63.84,64.52,26490200.0
2020-11-05,66.010002,66.19,65.67,66.07,28528300.0
2020-11-06,66.32,66.49,66.099998,66.21,21980100.0
2020-11-09,69.36,69.38,68.12,68.14,43606500.0
2020-11-10,68.73,69.12,68.55,68.75,37172600.0
2020-11-11,69.24,69.38,69.050003,69.33,16643200.0
2020-11-12,68.75,68.97,68.16,68.32,24076600.0
2020-11-13,68.75,69.41,68.72,69.37,21594600.0
2020-11-16,70.07,70.14,69.71,70.089996,20294600.0
2020-11-17,69.84,70.22,69.66,70.019997,18574500.0
2020-11-18,70.13,70.35,69.65,69.65,15018000.0
2020-11-19,69.64,70.19,69.52,70.14,24048000.0
2020-11-20,70.12,70.44,70.050003,70.35,18571900.0
2020-11-23,70.6,70.69,70.010002,70.26,14340300.0
2020-11-24,70.91,71.38,70.83,71.31,23399300.0
2020-11-25,70.89,71.4,70.76,71.22,19214900.0
2020-11-27,71.38,71.77,71.37,71.71,11839100.0
2020-11-30,71.46,71.53,70.089996,70.15,46146500.0
2020-12-01,71.34,71.86,71.3,71.8,29860500.0
2020-12-02,71.45,71.88,71.4,71.81,20864700.0
2020-12-03,72.059998,72.27,71.81,71.93,16572700.0
2020-12-04,72.34,72.56,72.31,72.54,18956100.0
2020-12-07,72.019997,72.22,71.78,71.95,19537700.0
2020-12-08,71.78,72.24,71.78,72.2,12428100.0
2020-12-09,72.64,72.64,71.84,72.3,18355000.0
2020-12-10,71.91,72.56,71.91,72.4,20871300.0
2020-12-11,71.96,72.19,71.75,72.18,21812000.0
2020-12-14,71.96,72.07,71.48,71.53,26176400.0
2020-12-15,71.82,72.31,71.71,72.26,24075700.0
2020-12-16,72.37,72.62,72.15,72.54,15642300.0
2020-12-17,73.17,73.28,72.98,73.050003,18633100.0
2020-12-18,73.0,73.019997,72.56,72.67,27367900.0
2020-12-21,70.89,71.91,70.67,71.74,31488000.0
2020-12-22,71.59,71.67,71.34,71.56,20355000.0
2020-12-23,72.17,72.44,72.11,72.33,13577300.0
2020-12-24,72.3,72.44,72.19,72.36,7252900.0
2020-12-28,73.12,73.15,72.85,72.95,11142200.0
2020-12-29,73.8,73.86,73.32,73.42,17541500.0
2020-12-30,73.81,74.0,73.47,73.52,15147100.0
2020-12-31,73.44,73.45,72.79,72.96,34218500.0
2021-01-04,74.39,74.42,73.050003,73.34,26703400.0
2021-01-05,73.58,74.28,73.52,74.099998,19748500.0
2021-01-06,74.3,75.32,74.22,74.95,25426900.0
2021-01-07,74.85,75.14,74.78,75.029999,18783700.0
2021-01-08,75.58,75.73,74.95,75.73,25272200.0
2021-01-11,74.35,74.96,74.33,74.74,23190200.0
2021-01-12,74.68,75.13,74.47,75.080002,20914000.0
2021-01-13,74.96,75.16,74.82,74.98,15580700.0
2021-01-14,75.21,75.75,75.2,75.58,22607500.0
2021-01-15,74.61,74.76,73.97,74.4,27355900.0
2021-01-19,74.97,75.019997,74.63,74.94,20162300.0
2021-01-20,75.050003,75.46,74.91,75.45,14419000.0
2021-01-21,75.5,75.57,75.040001,75.51,20536300.0
2021-01-22,74.86,75.28,74.83,75.15,18854700.0
2021-01-25,74.58,75.07,74.14,75.059998,21748100.0
2021-01-26,75.17,75.27,74.9,75.17,14175200.0
2021-01-27,73.79,74.23,73.18,73.45,31245200.0
2021-01-28,73.64,74.34,73.57,73.92,26658600.0
2021-01-29,73.040001,73.26,72.0,72.39,42149500.0
2021-02-01,73.28,73.33,72.93,73.25,23243900.0
2021-02-02,73.65,74.050003,73.47,73.99,20388500.0
2021-02-03,74.019997,74.21,73.81,74.17,11345800.0
2021-02-04,73.89,74.25,73.82,74.25,10500300.0
2021-02-05,74.61,74.75,74.32,74.71,10955600.0
2021-02-08,75.25,75.43,75.029999,75.23,16405600.0
2021-02-09,75.34,75.69,75.26,75.64,16337600.0
2021-02-10,75.87,75.93,75.07,75.38,15402800.0
2021-02-11,75.79,75.9,75.5,75.89,12314100.0
2021-02-12,75.68,76.35,75.67,76.31,11946800.0
2021-02-16,76.99,77.17,76.72,76.86,20225600.0
2021-02-17,76.3,76.53,76.010002,76.41,19198800.0
2021-02-18,75.85,76.080002,75.49,76.029999,19191700.0
2021-02-19,76.34,76.59,76.14,76.25,14962300.0
2021-02-22,76.019997,76.52,75.97,76.059998,19515800.0
2021-02-23,75.97,76.37,75.3,76.13,25014500.0
2021-02-24,75.66,76.45,75.47,76.37,21877600.0
2021-02-25,76.5,76.68,74.94,75.07,36921800.0
2021-02-26,74.86,74.86,73.96,74.010002,48798100.0
2021-03-01,74.9,75.46,74.86,75.4,24268100.0
2021-03-02,75.34,75.58,75.11,75.32,22204900.0
2021-03-03,75.089996,75.41,74.75,74.86,20856100.0
2021-03-04,74.93,75.24,73.72,74.15,34648600.0
2021-03-05,74.61,74.75,73.56,74.63,29694200.0
2021-03-08,74.32,74.9,74.14,74.37,25080900.0
2021-03-09,75.18,75.52,75.059998,75.37,19060200.0
2021-03-10,75.7,75.79,75.33,75.69,19467400.0
2021-03-11,75.93,76.22,75.75,76.089996,15485300.0
2021-03-12,75.68,76.31,75.65,76.28,16342500.0
2021-03-15,76.17,76.38,75.72,76.34,17320100.0
2021-03-16,76.52,76.58,76.34,76.47,16662600.0
2021-03-17,76.21,77.010002,76.11,76.92,16305000.0
2021-03-18,76.54,77.059998,76.21,76.22,23176300.0
2021-03-19,76.21,76.51,75.77,76.43,31465200.0
2021-03-22,76.3,76.69,76.24,76.5,27978200.0
2021-03-23,75.98,76.089996,75.34,75.44,22514200.0
2021-03-24,75.23,75.59,75.050003,75.059998,20717000.0
2021-03-25,75.0,75.66,74.83,75.62,25183000.0
2021-03-26,75.88,76.62,75.87,76.6,27419100.0
2021-03-29,76.14,76.43,75.92,76.3,18381600.0
2021-03-30,75.89,76.27,75.81,76.2,15377400.0
2021-03-31,75.88,76.23,75.82,75.87,32191600.0
2021-04-01,76.26,76.93,76.21,76.86,26312600.0
2021-04-05,77.49,78.050003,77.36,77.98,20340500.0
2021-04-06,77.050003,77.27,76.96,77.15,18995900.0
2021-04-07,77.17,77.42,77.11,77.31,14349400.0
2021-04-08,77.66,77.87,77.52,77.75,15502500.0
2021-04-09,77.69,78.050003,77.69,77.99,16330500.0
2021-04-12,77.67,77.74,77.44,77.56,13729500.0
2021-04-13,77.67,78.029999,77.62,78.010002,12712500.0
2021-04-14,78.050003,78.35,78.0,78.07,13079200.0
2021-04-15,78.56,78.75,78.49,78.72,20480100.0
2021-04-16,79.019997,79.31,78.9,79.29,17058700.0
2021-04-19,79.37,79.42,78.94,79.15,15206800.0
2021-04-20,78.24,78.33,77.55,77.73,29570100.0
2021-04-21,77.58,78.56,77.56,78.53,15615600.0
2021-04-22,78.71,78.78,78.14,78.27,22677800.0
2021-04-23,78.55,79.23,78.53,79.07,18607900.0
2021-04-26,79.099998,79.23,79.0,79.13,14052100.0
2021-04-27,78.74,78.93,78.64,78.87,13612200.0
2021-04-28,78.81,79.26,78.74,79.07,14288600.0
2021-04-29,79.34,79.38,78.61,79.099998,16411000.0
2021-04-30,78.62,78.75,77.83,78.11,28951400.0
2021-05-03,78.75,79.059998,78.57,78.97,21382200.0
2021-05-04,78.11,78.31,77.41,77.8,29144900.0
2021-05-05,78.65,79.029999,78.47,78.86,17680000.0
2021-05-06,78.96,79.54,78.71,79.51,21533100.0
2021-05-07,79.65,80.45,79.57,80.41,23316000.0
2021-05-10,80.67,80.67,79.92,79.98,16927500.0
2021-05-11,78.53,79.11,78.42,78.93,34624600.0
2021-05-12,78.39,78.74,77.51,77.67,32608200.0
2021-05-13,77.69,78.42,77.66,78.25,36208800.0
2021-05-14,79.010002,79.64,78.96,79.56,18601700.0
2021-05-17,79.099998,79.42,79.029999,79.41,16699500.0
2021-05-18,80.040001,80.07,79.58,79.58,16526900.0
2021-05-19,78.59,79.19,78.22,78.88,30391700.0
2021-05-20,79.39,80.050003,79.36,79.92,21650300.0
2021-05-21,80.18,80.21,79.76,80.029999,26751600.0
2021-05-24,80.25,80.62,80.19,80.52,12267900.0
2021-05-25,80.77,80.84,80.41,80.54,14338900.0
2021-05-26,80.45,80.63,80.35,80.49,12732000.0
2021-05-27,80.62,80.79,80.4,80.64,16211200.0
2021-05-28,80.84,81.15,80.79,80.83,21449500.0
2021-06-01,81.5,81.52,81.019997,81.12,27524200.0
2021-06-02,81.27,81.51,81.16,81.39,13561200.0
2021-06-03,80.96,81.089996,80.75,80.99,16987600.0
2021-06-04,81.53,81.74,81.4,81.68,13335200.0
2021-06-07,81.87,81.99,81.77,81.95,16738700.0
2021-06-08,82.029999,82.11,81.77,81.91,13218700.0
2021-06-09,81.88,81.94,81.61,81.69,20203600.0
2021-06-10,80.67,80.95,80.58,80.81,16555200.0
2021-06-11,80.91,81.059998,80.69,81.0,12864700.0
2021-06-14,80.93,81.16,80.88,81.14,17044400.0
2021-06-15,81.21,81.27,81.07,81.24,17729200.0
2021-06-16,81.31,81.4,80.47,80.74,21706700.0
2021-06-17,80.22,80.39,79.8,80.18,27756300.0
2021-06-18,78.73,78.93,78.43,78.52,36755100.0
2021-06-21,78.87,79.6,78.75,79.55,20228000.0
2021-06-22,79.32,79.75,79.15,79.56,14010200.0
2021-06-23,79.47,79.53,78.93,79.050003,17074600.0
2021-06-24,79.64,79.85,79.59,79.81,19833300.0
2021-06-25,79.99,80.050003,79.83,79.98,12418800.0
2021-06-28,79.7,79.76,79.36,79.47,26952900.0
2021-06-29,79.63,79.68,79.39,79.49,9357500.0
2021-06-30,78.76,79.059998,78.55,78.88,33578500.0
2021-07-01,78.89,79.12,78.7,79.07,28075400.0
2021-07-02,79.080002,79.36,78.88,79.34,13712600.0
2021-07-06,79.38,79.4,78.54,78.82,21289800.0
2021-07-07,79.16,79.35,78.83,79.25,21686400.0
2021-07-08,77.98,78.37,77.75,78.23,24175500.0
2021-07-09,79.050003,79.61,78.97,79.56,35200100.0
2021-07-12,79.58,79.94,79.51,79.9,11995800.0
2021-07-13,79.61,79.79,79.36,79.48,15689500.0
2021-07-14,79.82,79.83,79.56,79.66,14023600.0
2021-07-15,78.9,79.099998,78.6,78.9,21637900.0
2021-07-16,78.85,78.9,78.18,78.32,23034100.0
2021-07-19,77.089996,77.23,76.48,76.9,44844800.0
2021-07-20,76.72,77.61,76.62,77.46,30309900.0
2021-07-21,78.010002,78.69,77.97,78.64,22928600.0
2021-07-22,78.93,78.97,78.48,78.67,15874000.0
2021-07-23,79.19,79.37,79.029999,79.22,16550600.0
2021-07-26,79.07,79.36,79.07,79.33,14870900.0
2021-07-27,78.97,79.07,78.63,79.010002,20952500.0
2021-07-28,79.019997,79.5,78.89,79.35,19700600.0
2021-07-29,80.010002,80.12,79.88,79.9,23670000.0
2021-07-30,79.59,79.84,79.33,79.49,23997100.0
2021-08-02,80.14,80.28,79.74,79.89,25364000.0
2021-08-03,80.23,80.48,79.9,80.46,19028100.0
2021-08-04,80.51,80.65,80.19,80.22,12852000.0
2021-08-05,80.63,80.71,80.52,80.61,11868900.0
2021-08-06,80.43,80.52,80.18,80.31,10892500.0
2021-08-09,80.33,80.38,80.18,80.27,7897000.0
2021-08-10,80.27,80.45,80.22,80.45,10438200.0
2021-08-11,80.93,81.050003,80.76,81.0,14996100.0
2021-08-12,80.83,80.96,80.67,80.93,12443200.0
2021-08-13,81.19,81.45,81.12,81.42,14590400.0
2021-08-16,80.79,81.010002,80.53,81.0,19192300.0
2021-08-17,80.24,80.42,79.89,80.24,23555000.0
2021-08-18,80.22,80.53,79.92,79.93,16384700.0
2021-08-19,78.89,79.35,78.85,79.14,30515300.0
2021-08-20,78.91,79.47,78.82,79.45,15774200.0
2021-08-23,79.88,80.28,79.85,80.19,22524800.0
2021-08-24,80.16,80.49,80.080002,80.36,13722900.0
2021-08-25,80.28,80.47,80.15,80.39,12891400.0
2021-08-26,80.13,80.24,79.85,79.97,16927900.0
2021-08-27,79.99,80.77,79.96,80.7,24935800.0
2021-08-30,80.67,80.8,80.56,80.68,8142000.0
2021-08-31,80.82,80.83,80.49,80.64,18738400.0
2021-09-01,81.26,81.59,81.21,81.37,30472100.0
2021-09-02,81.71,81.88,81.61,81.7,13827400.0
2021-09-03,81.8,82.18,81.69,82.07,16303200.0
2021-09-07,82.2,82.29,82.080002,82.13,13967800.0
2021-09-08,81.78,81.92,81.35,81.48,22764200.0
2021-09-09,81.45,81.76,81.27,81.34,18963300.0
2021-09-10,81.92,81.98,81.14,81.16,26709900.0
2021-09-13,81.95,81.96,81.52,81.8,22335000.0
2021-09-14,82.040001,82.050003,81.38,81.46,19177500.0
2021-09-15,81.38,81.71,81.22,81.7,26233800.0
2021-09-16,81.35,81.59,81.13,81.57,25765500.0
2021-09-17,81.07,81.21,80.23,80.5,37070600.0
2021-09-20,78.74,79.2,78.33,79.010002,45028000.0
2021-09-21,80.080002,80.21,79.68,79.79,37472300.0
2021-09-22,80.18,80.8,80.12,80.19,28718400.0
2021-09-23,80.82,81.22,80.77,81.059998,31257800.0
2021-09-24,80.22,80.5,80.17,80.3,20066300.0
2021-09-27,80.07,80.33,79.97,80.25,15526500.0
2021-09-28,79.040001,79.080002,78.24,78.5,48064900.0
2021-09-29,78.71,78.76,78.24,78.32,31733200.0
2021-09-30,78.4,78.52,77.82,78.010002,39506300.0
2021-10-01,78.050003,78.38,77.5,78.2,44524800.0
2021-10-04,77.96,78.059998,77.099998,77.38,32751400.0
2021-10-05,77.55,78.19,77.46,77.91,25903300.0
2021-10-06,76.65,77.43,76.43,77.39,36917200.0
2021-10-07,77.81,78.31,77.8,77.99,19908700.0
2021-10-08,78.19,78.25,77.84,77.98,23628700.0
2021-10-11,78.16,78.41,77.72,77.73,23542500.0
2021-10-12,77.87,78.040001,77.63,77.77,18697400.0
2021-10-13,78.18,78.64,78.0,78.54,23073600.0
2021-10-14,79.29,79.4,79.11,79.32,19304400.0
2021-10-15,79.76,80.0,79.67,79.98,24447200.0
2021-10-18,79.38,79.68,79.24,79.64,19044700.0
2021-10-19,79.95,80.25,79.9,80.12,14649000.0
2021-10-20,80.2,80.5,80.12,80.4,11235500.0
2021-10-21,79.88,80.15,79.84,80.019997,16278800.0
2021-10-22,80.37,80.66,80.15,80.5,22173500.0
2021-10-25,80.29,80.47,80.059998,80.34,13658000.0
2021-10-26,80.83,80.83,80.39,80.5,10552900.0
2021-10-27,80.51,80.63,80.16,80.18,18449000.0
2021-10-28,80.57,81.019997,80.55,80.96,15260200.0
2021-10-29,80.27,80.55,80.19,80.49,25406900.0
2021-11-01,80.95,81.3,80.79,81.27,20337400.0
2021-11-02,81.029999,81.21,80.98,81.099998,10184500.0
2021-11-03,81.07,81.79,80.94,81.76,14911000.0
2021-11-04,81.53,81.71,81.35,81.71,14083300.0
2021-11-05,81.7,81.83,81.48,81.83,15593600.0
2021-11-08,81.87,82.0,81.73,81.82,9065900.0
2021-11-09,81.87,81.92,81.39,81.64,16011200.0
2021-11-10,81.3,81.44,80.54,80.65,21546800.0
2021-11-11,81.059998,81.16,80.89,80.94,9264600.0
2021-11-12,81.21,81.44,81.099998,81.38,14817900.0
2021-11-15,81.58,81.6,81.18,81.23,14064500.0
2021-11-16,81.22,81.31,81.019997,81.050003,12167900.0
2021-11-17,80.88,81.029999,80.8,80.95,10415400.0
2021-11-18,80.94,81.080002,80.65,81.029999,13236800.0
2021-11-19,80.59,80.67,80.29,80.34,20761900.0
2021-11-22,80.23,80.47,79.85,79.87,17802300.0
2021-11-23,79.7,79.99,79.37,79.79,26736800.0
2021-11-24,78.66,79.27,78.62,79.26,20238700.0
2021-11-26,77.73,77.82,76.86,77.13,37776000.0
2021-11-29,77.74,77.81,77.17,77.52,31913600.0
2021-11-30,77.35,77.59,76.17,76.84,52770800.0
2021-12-01,77.89,78.25,76.39,76.4,43883900.0
2021-12-02,76.88,77.59,76.8,77.35,42264500.0
2021-12-03,77.6,77.7,76.57,77.029999,46147500.0
2021-12-06,77.55,77.92,77.28,77.77,30884300.0
2021-12-07,78.77,79.43,78.77,79.41,28244900.0
2021-12-08,79.47,79.68,79.28,79.56,21619400.0
2021-12-09,79.040001,79.13,78.84,78.9,32026500.0
2021-12-10,79.040001,79.14,78.78,79.07,23412200.0
2021-12-13,77.39,77.49,76.9,76.99,27594700.0
2021-12-14,76.67,76.96,76.24,76.58,30040400.0
2021-12-15,76.79,77.64,76.43,77.62,31109400.0
2021-12-16,78.0,78.080002,77.44,77.63,44621100.0
2021-12-17,77.059998,77.25,76.6,76.65,44476200.0
2021-12-20,76.2,76.53,76.0,76.48,26303400.0
2021-12-21,76.85,77.37,76.79,77.33,22744100.0
2021-12-22,77.22,78.099998,77.18,78.050003,21609700.0
2021-12-23,78.13,78.69,78.12,78.51,28320000.0
2021-12-27,78.55,79.12,78.54,79.12,15219700.0
2021-12-28,79.2,79.39,79.11,79.15,15631300.0
2021-12-29,79.050003,79.22,78.93,79.12,15046900.0
2021-12-30,79.029999,79.13,78.69,78.75,20617500.0
2021-12-31,78.74,79.080002,78.63,78.68,23252200.0
2022-01-03,79.14,79.22,78.78,79.19,24096900.0
2022-01-04,79.68,79.88,79.43,79.64,24314300.0
2022-01-05,79.94,80.040001,78.94,78.94,24704100.0
2022-01-06,78.68,78.92,78.33,78.54,32472900.0
2022-01-07,78.5,78.89,78.2,78.77,22833900.0
2022-01-10,77.89,78.089996,77.36,78.040001,45587600.0
2022-01-11,78.089996,78.92,77.87,78.89,30847000.0
2022-01-12,79.38,79.72,79.3,79.66,30780700.0
2022-01-13,79.89,79.94,78.98,79.080002,24991200.0
2022-01-14,78.78,79.16,78.51,79.0,26136500.0
2022-01-18,78.07,78.26,77.66,77.84,37504600.0
2022-01-19,78.23,78.38,77.71,77.77,34437700.0
2022-01-20,78.050003,78.45,77.29,77.39,38225400.0
2022-01-21,77.15,77.24,76.21,76.34,60761300.0
2022-01-24,74.91,75.61,73.55,75.58,85455900.0
2022-01-25,74.68,75.63,74.099998,75.12,54516800.0
2022-01-26,76.040001,76.17,74.46,74.83,55217000.0
2022-01-27,74.97,75.31,74.19,74.48,46252100.0
2022-01-28,73.98,74.74,73.53,74.73,44588300.0
2022-01-31,74.71,75.86,74.69,75.82,38299200.0
2022-02-01,76.29,76.55,75.75,76.54,53240700.0
2022-02-02,77.16,77.21,76.73,77.11,35225900.0
2022-02-03,76.39,76.65,75.87,75.89,46207200.0
2022-02-04,75.75,76.42,75.52,76.07,32188300.0
2022-02-07,76.13,76.59,76.059998,76.2,17045500.0
2022-02-08,76.19,76.7,76.0,76.59,27066900.0
2022-02-09,77.66,77.85,77.52,77.83,26858900.0
2022-02-10,76.72,77.9,76.68,76.84,27349500.0
2022-02-11,76.81,77.11,75.46,75.68,51519400.0
2022-02-14,75.37,75.45,74.67,75.19,45356000.0
2022-02-15,76.080002,76.61,76.0,76.57,30223600.0
2022-02-16,76.27,77.019997,76.23,76.86,22557600.0
2022-02-17,76.29,76.33,75.59,75.62,34691300.0
2022-02-18,75.66,75.86,75.080002,75.3,34752000.0
2022-02-22,74.62,75.050003,73.93,74.42,32967600.0
2022-02-23,75.17,75.18,73.66,73.81,39771800.0
2022-02-24,71.11,72.86,70.98,72.82,72044600.0
2022-02-25,73.46,74.68,73.4,74.64,47641800.0
2022-02-28,73.11,74.16,72.88,73.22,50821600.0
2022-03-01,72.91,73.12,71.23,71.62,49003900.0
2022-03-02,72.13,72.72,71.87,72.52,43906000.0
2022-03-03,72.22,72.27,70.88,71.089996,44389700.0
2022-03-04,69.11,69.28,68.43,69.029999,54455500.0
2022-03-07,68.59,68.7,66.54,66.84,55499400.0
2022-03-08,67.49,68.74,66.55,67.42,56682500.0
2022-03-09,69.54,70.71,69.15,70.24,55565000.0
2022-03-10,69.25,69.86,68.99,69.4,33804200.0
2022-03-11,69.96,70.059998,68.55,68.65,32380700.0
2022-03-14,69.69,70.17,69.14,69.28,32048200.0
2022-03-15,69.65,70.099998,69.31,69.94,36961200.0
2022-03-16,71.4,72.5,70.78,72.45,44821400.0
2022-03-17,72.14,73.21,72.080002,73.059998,35025600.0
2022-03-18,72.45,73.83,72.32,73.77,36684100.0
2022-03-21,73.56,73.72,72.93,73.31,29985700.0
2022-03-22,73.76,74.14,73.7,74.0,21840800.0
2022-03-23,73.18,73.52,73.029999,73.040001,22375800.0
2022-03-24,73.28,73.72,73.16,73.72,22098200.0
2022-03-25,73.66,73.86,73.25,73.76,18372100.0
2022-03-28,73.29,73.57,72.96,73.52,24829900.0
2022-03-29,75.18,75.38,74.49,75.15,25591200.0
2022-03-30,74.88,75.14,74.56,74.84,22487000.0
2022-03-31,74.3,74.58,73.52,73.6,31677200.0
2022-04-01,74.059998,74.31,73.74,74.29,23182800.0
2022-04-04,74.13,74.62,74.050003,74.59,20875700.0
2022-04-05,74.11,74.38,73.39,73.58,27759400.0
2022-04-06,72.66,73.089996,72.29,72.7,30692700.0
2022-04-07,72.77,73.099998,72.24,72.86,27838500.0
2022-04-08,72.59,73.19,72.49,72.89,21937200.0
2022-04-11,72.58,72.75,72.07,72.12,22149900.0
2022-04-12,72.23,72.41,71.4,71.58,28916200.0
2022-04-13,71.57,72.39,71.57,72.35,20164900.0
2022-04-14,72.49,72.62,71.98,72.019997,19861900.0
2022-04-18,71.7,72.13,71.47,71.6,18508900.0
2022-04-19,71.18,72.029999,71.18,71.94,24863500.0
2022-04-20,72.5,72.66,72.2,72.42,30249800.0
2022-04-21,73.089996,73.22,71.51,71.64,32960800.0
2022-04-22,71.53,71.54,70.4,70.47,34878400.0
2022-04-25,69.71,70.19,69.16,70.13,37193600.0
2022-04-26,69.57,69.61,68.13,68.17,41284200.0
2022-04-27,68.43,68.95,68.07,68.48,43593100.0
2022-04-28,68.91,69.62,68.3,69.45,32154000.0
2022-04-29,69.7,70.12,68.57,68.64,54305300.0
2022-05-02,68.39,68.74,67.66,68.47,45813900.0
2022-05-03,68.93,69.24,68.7,68.98,39643500.0
2022-05-04,69.0,70.31,68.2,70.19,47419100.0
2022-05-05,69.18,69.22,67.42,67.93,38827000.0
2022-05-06,67.44,67.69,66.85,67.27,48268900.0
2022-05-09,66.040001,66.15,65.11,65.24,50145000.0
2022-05-10,66.4,66.44,65.24,65.73,57682400.0
2022-05-11,65.91,66.77,65.26,65.34,49751100.0
2022-05-12,64.93,65.8,64.63,65.18,39410900.0
2022-05-13,66.14,67.019997,66.12,66.99,34682200.0
2022-05-16,66.69,67.35,66.47,67.050003,21254300.0
2022-05-17,68.16,68.35,67.78,68.3,31487000.0
2022-05-18,67.71,67.81,66.57,66.67,23553000.0
2022-05-19,66.59,67.7,66.57,67.31,35999600.0
2022-05-20,68.080002,68.15,66.91,67.77,36357000.0
2022-05-23,68.49,69.07,68.37,68.92,23838500.0
2022-05-24,68.7,69.040001,68.34,68.81,19504600.0
2022-05-25,68.34,69.14,68.34,68.83,18826400.0
2022-05-26,68.93,69.76,68.92,69.59,20930500.0
2022-05-27,70.040001,70.45,70.0,70.43,13697600.0
2022-05-31,70.19,70.47,69.84,70.010002,25025200.0
2022-06-01,70.42,70.46,69.059998,69.27,28336400.0
2022-06-02,69.83,70.73,69.58,70.71,21642000.0
2022-06-03,69.81,70.0,69.5,69.7,21327200.0
2022-06-06,70.51,70.61,69.83,69.98,15192300.0
2022-06-07,69.28,70.22,69.27,70.19,19039600.0
2022-06-08,69.42,69.72,69.13,69.21,21219400.0
2022-06-09,67.35,67.51,66.26,66.29,25675700.0
2022-06-10,65.059998,65.13,64.49,64.69,34102000.0
2022-06-13,63.029999,63.37,62.44,62.55,54218000.0
2022-06-14,62.53,62.73,61.42,61.96,38601700.0
2022-06-15,62.64,63.47,61.86,63.12,37790700.0
2022-06-16,61.59,62.18,61.34,61.73,38025300.0
2022-06-17,61.68,62.0,61.12,61.48,43097500.0
2022-06-21,62.57,62.77,62.38,62.41,31891400.0
2022-06-22,61.71,62.57,61.62,61.99,30368200.0
2022-06-23,61.85,62.0,61.27,61.92,26482500.0
2022-06-24,62.79,63.79,62.74,63.77,31235000.0
2022-06-27,63.66,63.94,63.43,63.5,20987600.0
2022-06-28,64.019997,64.22,63.049999,63.07,19187400.0
2022-06-29,63.099998,63.29,62.79,62.83,18226800.0
2022-06-30,61.71,62.59,61.47,62.49,37316200.0
2022-07-01,61.71,62.65,61.5,62.64,26046600.0
2022-07-05,60.66,61.32,60.41,61.3,30911300.0
2022-07-06,61.2,61.49,60.86,61.35,18030000.0
2022-07-07,61.86,62.29,61.85,62.28,17215100.0
2022-07-08,62.12,62.56,61.85,62.35,13135200.0
2022-07-11,61.57,61.75,61.29,61.34,15757900.0
2022-07-12,61.24,61.83,61.19,61.33,16350500.0
2022-07-13,60.58,61.55,60.51,61.3,17907500.0
2022-07-14,59.99,60.49,59.54,60.44,25329100.0
2022-07-15,60.88,61.44,60.61,61.4,28570100.0
2022-07-18,62.26,62.42,61.55,61.65,23785600.0
2022-07-19,62.82,63.35,62.76,63.33,25474500.0
2022-07-20,63.13,63.32,62.59,62.91,18738200.0
2022-07-21,62.77,63.63,62.69,63.56,19165500.0
2022-07-22,63.83,64.19,63.15,63.4,18771500.0
2022-07-25,63.88,63.97,63.55,63.89,17451300.0
2022-07-26,63.42,63.48,63.0,63.0,11610000.0
2022-07-27,63.64,64.56,63.43,64.49,20945500.0
2022-07-28,64.39,64.94,64.010002,64.82,19385400.0
2022-07-29,64.94,65.76,64.76,65.72,23958000.0
2022-08-01,65.7,66.080002,65.49,65.81,19450500.0
2022-08-02,65.28,65.46,64.74,64.76,17857700.0
2022-08-03,65.050003,65.26,64.65,65.14,16011100.0
2022-08-04,65.26,65.59,65.18,65.47,15153600.0
2022-08-05,64.66,65.12,64.57,65.010002,15130400.0
2022-08-08,65.53,65.76,65.040001,65.16,12069100.0
2022-08-09,65.13,65.24,64.7,64.81,10867800.0
2022-08-10,66.17,66.49,65.94,66.27,16870800.0
2022-08-11,66.53,66.74,66.14,66.25,11539400.0
2022-08-12,66.29,66.77,66.13,66.76,13680300.0
2022-08-15,66.19,66.41,66.059998,66.36,15733100.0
2022-08-16,65.95,66.46,65.95,66.34,13497100.0
2022-08-17,65.7,66.17,65.47,65.81,14822100.0
2022-08-18,65.73,65.76,65.36,65.59,14303900.0
2022-08-19,64.97,65.040001,64.54,64.69,20257600.0
2022-08-22,63.99,64.010002,63.43,63.59,20062200.0
2022-08-23,63.43,64.089996,63.35,63.62,19101400.0
2022-08-24,63.35,63.91,63.28,63.7,12086600.0
2022-08-25,63.86,64.42,63.72,64.4,13980500.0
2022-08-26,64.43,64.5,62.67,62.71,19338300.0
2022-08-29,62.43,62.83,62.37,62.57,16199700.0
2022-08-30,62.99,63.060001,61.99,62.12,24907400.0
2022-08-31,62.12,62.35,61.68,61.7,32178200.0
2022-09-01,60.8,60.93,60.23,60.87,33526300.0
2022-09-02,61.39,61.84,60.28,60.47,28234000.0
2022-09-06,60.76,60.89,60.11,60.32,21862300.0
2022-09-07,59.84,60.86,59.83,60.85,21289000.0
2022-09-08,60.17,60.97,60.060001,60.89,17589900.0
2022-09-09,62.060001,62.5,62.02,62.44,22655100.0
2022-09-12,63.22,63.59,63.15,63.31,22338600.0
2022-09-13,62.13,62.48,61.060001,61.11,26513900.0
2022-09-14,61.3,61.57,60.95,61.31,19052800.0
2022-09-15,60.86,61.4,60.67,60.77,23181900.0
2022-09-16,60.24,60.62,60.060001,60.4,31914300.0
2022-09-19,59.71,60.65,59.7,60.61,19597500.0
2022-09-20,59.77,59.9,59.23,59.58,23429600.0
2022-09-21,59.53,60.040001,58.75,58.8,22678800.0
2022-09-22,59.029999,59.15,58.35,58.63,25400900.0
2022-09-23,57.29,57.35,56.31,56.76,33958900.0
2022-09-26,56.18,56.69,55.62,55.92,41892400.0
2022-09-27,56.19,56.49,55.22,55.54,38742700.0
2022-09-28,55.52,57.029999,55.35,56.88,35116000.0
2022-09-29,56.0099983,56.25,55.44,56.21,30971600.0
2022-09-30,55.96,56.7,55.89,56.0099983,38527600.0
2022-10-03,56.59,57.36,56.36,57.12,37451600.0
2022-10-04,58.63,59.5,58.61,59.41,32480200.0
2022-10-05,58.42,59.11,58.09,58.78,28550700.0
2022-10-06,58.09,58.38,57.69,57.75,28668800.0
2022-10-07,57.48,57.55,56.64,56.83,22200000.0
2022-10-10,56.8,56.86,56.18,56.51,26510200.0
2022-10-11,56.14,56.79,55.71,55.89,26577200.0
2022-10-12,55.74,56.040001,55.55,55.71,24455800.0
2022-10-13,54.74,57.12,54.61,56.86,48010100.0
2022-10-14,57.22,57.4,55.95,56.0099983,28145900.0
2022-10-17,57.23,57.65,57.22,57.39,32731000.0
2022-10-18,58.24,58.3,57.38,57.8,26876700.0
2022-10-19,57.26,57.5,56.71,57.09,22958200.0
2022-10-20,57.14,57.8,56.83,56.96,25989700.0
2022-10-21,56.44,58.0099983,56.22,57.99,37761800.0
2022-10-24,57.78,58.25,57.49,58.0,20327600.0
2022-10-25,58.42,59.33,58.41,59.28,21583300.0
2022-10-26,59.26,60.25,59.24,59.84,27095500.0
2022-10-27,59.63,60.080002,59.25,59.28,20349600.0
2022-10-28,59.19,59.87,59.080002,59.87,19235500.0
2022-10-31,59.2,59.44,59.11,59.31,27032700.0
2022-11-01,60.5,60.52,59.51,59.78,42687000.0
2022-11-02,59.87,60.65,58.91,58.91,30497700.0
2022-11-03,58.11,58.69,58.060001,58.41,23604200.0
2022-11-04,60.17,60.82,59.79,60.75,33756400.0
2022-11-07,60.97,61.21,60.71,60.94,19904600.0
2022-11-08,61.36,62.0099983,61.22,61.63,19882900.0
2022-11-09,61.2,61.64,60.76,60.77,22418600.0
2022-11-10,63.27,64.18,62.92,64.18,29640900.0
2022-11-11,64.76,65.56,64.51,65.46,24071300.0
2022-11-14,64.93,65.35,64.77,64.77,21599900.0
2022-11-15,65.82,65.93,64.6,65.2,34956600.0
2022-11-16,65.3,65.41,64.86,65.050003,22730400.0
2022-11-17,64.22,65.059998,64.2,65.019997,21271100.0
2022-11-18,65.32,65.33,64.93,65.15,18431100.0
2022-11-21,64.6,64.78,64.37,64.66,21877400.0
2022-11-22,65.07,65.58,64.97,65.56,14698700.0
2022-11-23,65.68,66.38,65.68,66.28,13400800.0
2022-11-25,66.36,66.76,66.36,66.62,10934400.0
2022-11-28,66.29,66.57,65.72,65.76,18618500.0
2022-11-29,65.92,66.32,65.79,65.95,17666900.0
2022-11-30,66.47,67.35,65.83,67.12,41966500.0
2022-12-01,67.87,68.059998,67.42,67.77,24209700.0
2022-12-02,67.14,67.93,67.14,67.72,36230700.0
2022-12-05,67.49,67.68,66.64,66.83,26304900.0
2022-12-06,66.97,67.11,66.25,66.53,25663000.0
2022-12-07,66.56,66.81,66.28,66.53,23274300.0
2022-12-08,66.52,66.94,66.32,66.87,20080400.0
2022-12-09,67.029999,67.42,66.87,66.91,25772900.0
2022-12-12,66.9,67.11,66.68,67.11,18725400.0
2022-12-13,68.65,68.78,67.54,67.79,29377300.0
2022-12-14,67.89,68.33,67.29,67.73,23707700.0
2022-12-15,66.89,67.010002,65.77,66.0,25617500.0
2022-12-16,65.46,65.76,65.13,65.42,23998700.0
2022-12-19,65.63,65.72,65.089996,65.26,21180700.0
2022-12-20,65.4,65.85,65.31,65.52,21440600.0
2022-12-21,65.92,66.39,65.83,66.2,17112200.0
2022-12-22,65.95,65.96,65.11,65.66,21251200.0
2022-12-23,65.55,65.99,65.41,65.89,12536600.0
2022-12-27,65.94,66.24,65.82,65.99,16247400.0
2022-12-28,66.13,66.33,65.29,65.29,14526900.0
2022-12-29,66.040001,66.5,66.0,66.32,17455400.0
2022-12-30,65.95,66.18,65.57,65.64,25629000.0
2023-01-03,66.46,66.83,65.9,66.22,25179300.0
2023-01-04,67.18,67.32,66.71,67.099998,26751400.0
2023-01-05,66.47,66.69,66.3,66.43,17376900.0
2023-01-06,66.83,68.17,66.44,68.13,17951400.0
2023-01-09,68.65,69.059998,68.38,68.42,23392800.0
2023-01-10,68.33,68.63,68.17,68.62,18811500.0
2023-01-11,68.95,69.15,68.74,69.14,17732700.0
2023-01-12,69.71,70.28,69.0,70.16,19767100.0
2023-01-13,69.81,70.55,69.81,70.53,18092100.0
2023-01-17,70.78,71.059998,70.56,70.75,25184100.0
2023-01-18,71.55,71.68,70.5,70.5,35935300.0
2023-01-19,70.28,70.54,70.019997,70.39,23519000.0
2023-01-20,70.36,71.029999,70.18,71.010002,28289500.0
2023-01-23,70.7,71.31,70.67,71.3,24252900.0
2023-01-24,70.91,71.36,70.67,71.21,12996500.0
2023-01-25,70.98,71.74,70.93,71.68,14250500.0
2023-01-26,71.74,71.82,71.16,71.74,13272300.0
2023-01-27,71.3,71.76,71.21,71.6,13986800.0
2023-01-30,71.34,71.67,71.14,71.14,14111500.0
2023-01-31,70.94,71.59,70.8,71.55,23544400.0
2023-02-01,71.49,72.44,70.94,72.19,27861400.0
2023-02-02,72.38,72.43,71.64,72.089996,15588000.0
2023-02-03,71.39,72.0,71.26,71.42,18589800.0
2023-02-06,70.72,70.88,70.33,70.69,18409500.0
2023-02-07,70.36,71.38,70.22,71.29,19440100.0
2023-02-08,71.18,71.29,70.72,70.85,18281400.0
2023-02-09,71.87,71.93,70.85,70.98,10875300.0
2023-02-10,70.72,70.77,70.36,70.67,16681200.0
2023-02-13,70.77,71.38,70.69,71.38,11806300.0
2023-02-14,71.050003,71.83,70.86,71.51,14082900.0
2023-02-15,70.63,71.19,70.57,71.19,14031200.0
2023-02-16,70.57,71.27,70.49,70.84,13151000.0
2023-02-17,70.51,71.099998,70.39,71.019997,13768200.0
2023-02-21,70.52,70.77,70.19,70.24,14419700.0
2023-02-22,70.12,70.24,69.7,69.85,12991700.0
2023-02-23,70.15,70.29,69.57,70.21,25783700.0
2023-02-24,69.019997,69.27,68.76,69.040001,25120200.0
2023-02-27,69.84,70.040001,69.64,69.86,19736300.0
2023-02-28,69.66,69.82,69.32,69.35,28408000.0
2023-03-01,69.9,70.059998,69.46,69.72,20961000.0
2023-03-02,69.23,69.92,69.21,69.86,20540100.0
2023-03-03,70.25,70.92,70.059998,70.88,23663300.0
2023-03-06,70.72,71.0,70.62,70.7,22289600.0
2023-03-07,70.6,70.66,69.44,69.52,26319800.0
2023-03-08,69.74,70.11,69.57,69.9,21016200.0
2023-03-09,70.029999,70.27,69.27,69.39,25914100.0
2023-03-10,69.41,69.57,68.58,68.65,31703800.0
2023-03-13,67.93,68.74,67.81,68.18,27005100.0
2023-03-14,68.89,69.099998,68.56,69.089996,18054000.0
2023-03-15,66.53,67.050003,66.07,66.95,37928500.0
2023-03-16,66.61,67.99,66.55,67.99,33179100.0
2023-03-17,67.38,67.53,66.91,67.18,23846200.0
2023-03-20,67.93,68.46,67.81,68.23,24003200.0
2023-03-21,69.23,69.33,68.86,69.26,16669400.0
2023-03-22,69.37,70.22,68.98,69.019997,16277900.0
2023-03-23,69.63,70.040001,68.72,69.029999,23067200.0
2023-03-24,68.54,68.86,68.14,68.82,27879000.0
2023-03-27,69.24,69.53,69.080002,69.47,23269300.0
2023-03-28,69.43,69.66,69.33,69.5,20324500.0
2023-03-29,70.18,70.4,70.050003,70.34,29119300.0
2023-03-30,71.15,71.26,70.99,71.16,21615800.0
2023-03-31,71.35,71.68,71.35,71.52,28532600.0
2023-04-03,71.69,72.11,71.59,72.089996,20737100.0
2023-04-04,72.099998,72.32,71.89,72.099998,15364600.0
2023-04-05,71.72,71.92,71.36,71.6,16313900.0
2023-04-06,71.61,72.13,71.52,71.94,13659900.0
2023-04-10,71.49,71.9,71.38,71.89,12854000.0
2023-04-11,72.050003,72.25,71.99,72.13,11264100.0
2023-04-12,72.78,72.94,72.37,72.59,13241500.0
2023-04-13,73.19,73.58,73.11,73.52,12233000.0
2023-04-14,73.49,73.69,72.94,73.22,14209900.0
2023-04-17,73.019997,73.12,72.74,73.089996,17323800.0
2023-04-18,73.46,73.55,73.29,73.49,13753400.0
2023-04-19,73.12,73.34,73.099998,73.26,8840800.0
2023-04-20,73.089996,73.44,73.07,73.26,12478600.0
2023-04-21,73.35,73.68,73.029999,73.63,14053000.0
2023-04-24,73.63,73.85,73.61,73.82,12864900.0
2023-04-25,73.48,73.52,72.78,72.79,12582200.0
2023-04-26,73.24,73.25,72.65,72.74,16928600.0
2023-04-27,73.12,73.66,72.97,73.65,14505700.0
2023-04-28,73.029999,73.63,73.010002,73.62,16936400.0
2023-05-01,73.69,73.89,73.49,73.51,24499500.0
2023-05-02,72.83,72.84,72.33,72.77,12907200.0
2023-05-03,73.040001,73.55,72.95,72.96,13977300.0
2023-05-04,72.75,73.07,72.56,72.81,17411200.0
2023-05-05,73.17,73.99,73.12,73.88,11096900.0
2023-05-08,74.029999,74.050003,73.77,73.9,7533200.0
2023-05-09,73.29,73.7,73.25,73.6,14835400.0
2023-05-10,73.68,73.69,72.99,73.45,14009800.0
2023-05-11,73.029999,73.27,72.72,73.27,14971700.0
2023-05-12,73.36,73.41,72.87,73.14,15823200.0
2023-05-15,73.36,73.71,73.28,73.7,10580600.0
2023-05-16,73.32,73.44,72.97,73.0,13335700.0
2023-05-17,73.089996,73.39,72.82,73.34,21491300.0
2023-05-18,73.17,73.26,72.83,73.23,10657000.0
2023-05-19,73.55,73.84,73.47,73.66,15971200.0
2023-05-22,73.56,73.82,73.55,73.68,12122700.0
2023-05-23,73.040001,73.15,72.57,72.6,19215100.0
2023-05-24,71.89,71.91,71.5,71.54,21758100.0
2023-05-25,71.51,71.57,71.15,71.44,17393700.0
2023-05-26,71.75,72.2,71.74,72.14,11189800.0
2023-05-30,71.92,71.94,71.21,71.41,13979800.0
2023-05-31,70.69,70.8,70.13,70.67,32754700.0
2023-06-01,71.050003,71.78,71.0,71.72,29681600.0
2023-06-02,72.65,72.76,72.47,72.65,18693200.0
2023-06-05,72.54,72.61,72.18,72.23,18029700.0
2023-06-06,72.38,72.87,72.35,72.83,17811900.0
2023-06-07,71.25,71.5,70.83,70.89,29259200.0
2023-06-08,71.23,71.65,71.11,71.64,15781000.0
2023-06-09,71.57,71.68,71.4,71.52,15419000.0
2023-06-12,71.76,71.86,71.59,71.83,15814700.0
2023-06-13,72.49,72.69,72.38,72.51,17620600.0
2023-06-14,72.97,73.18,72.38,72.78,17305800.0
2023-06-15,72.77,73.59,72.72,73.55,14597200.0
2023-06-16,73.88,73.91,73.36,73.39,20036200.0
2023-06-20,72.59,72.72,72.27,72.42,16873000.0
2023-06-21,72.3,72.78,72.19,72.53,11322700.0
2023-06-22,72.010002,72.2,71.94,72.080002,11313300.0
2023-06-23,70.83,71.15,70.81,70.96,15929200.0
2023-06-26,71.050003,71.19,70.94,71.050003,12950900.0
2023-06-27,71.26,71.72,71.050003,71.67,11034100.0
2023-06-28,71.65,71.86,71.52,71.72,9256500.0
2023-06-29,71.39,71.62,71.35,71.62,6736000.0
2023-06-30,72.29,72.55,72.21,72.5,28381100.0
2023-07-03,72.47,72.58,72.31,72.42,13375500.0
2023-07-05,71.9,71.93,71.54,71.61,15971500.0
2023-07-06,70.54,70.56,69.94,70.37,17415300.0
2023-07-07,70.44,71.22,70.41,70.9,16622500.0
2023-07-10,70.78,71.13,70.75,71.099998,9486000.0
2023-07-11,71.41,71.76,71.22,71.74,12816600.0
2023-07-12,72.69,73.19,72.57,73.11,16111100.0
2023-07-13,74.07,74.38,74.040001,74.28,12707500.0
2023-07-14,74.23,74.29,73.83,73.86,12549100.0
2023-07-17,73.53,73.86,73.41,73.77,15876600.0
2023-07-18,73.9,74.34,73.83,74.25,11519400.0
2023-07-19,74.3,74.45,74.019997,74.21,11138700.0
2023-07-20,74.050003,74.25,73.71,73.83,14843900.0
2023-07-21,74.0,74.059998,73.77,73.98,10318400.0
2023-07-24,73.66,73.96,73.62,73.8,9421100.0
2023-07-25,73.68,74.059998,73.66,73.88,9151000.0
2023-07-26,73.54,74.32,73.5,74.080002,12325300.0
2023-07-27,74.69,74.69,73.85,73.91,12775700.0
2023-07-28,74.46,74.74,74.3,74.44,15891100.0
2023-07-31,74.51,74.71,74.36,74.46,13797600.0
2023-08-01,73.73,73.94,73.38,73.53,16707800.0
2023-08-02,72.62,72.73,72.080002,72.16,16805400.0
2023-08-03,71.59,72.16,71.53,71.96,12745700.0
2023-08-04,72.33,72.91,72.099998,72.16,14076100.0
2023-08-07,72.63,72.79,72.3,72.77,12940600.0
2023-08-08,71.97,72.39,71.79,72.33,14144400.0
2023-08-09,72.43,72.62,72.19,72.31,12188700.0
2023-08-10,73.089996,73.51,72.55,72.62,16788900.0
2023-08-11,72.11,72.37,71.97,72.13,14862300.0
2023-08-14,71.4,71.88,71.21,71.81,9959400.0
2023-08-15,71.39,71.41,70.79,70.92,13863600.0
2023-08-16,70.69,70.97,70.32,70.34,10940100.0
2023-08-17,70.56,70.64,69.75,69.84,14730500.0
2023-08-18,69.32,69.96,69.31,69.84,13617500.0
2023-08-21,70.019997,70.18,69.71,70.099998,15838400.0
2023-08-22,70.43,70.45,69.91,69.97,10568000.0
2023-08-23,70.25,70.83,70.24,70.73,12670000.0
2023-08-24,70.38,70.6,69.73,69.76,14879000.0
2023-08-25,70.2,70.47,69.6,70.23,11617700.0
2023-08-28,70.71,71.019997,70.69,70.97,12320400.0
2023-08-29,70.83,71.9,70.76,71.85,12224400.0
2023-08-30,71.91,72.15,71.71,71.81,12235800.0
2023-08-31,71.84,71.9,71.31,71.53,13375200.0
2023-09-01,72.15,72.18,71.3,71.49,17069500.0
2023-09-05,71.31,71.33,70.86,70.87,12085000.0
2023-09-06,70.85,71.0,70.47,70.72,11294600.0
2023-09-07,70.5,70.64,70.28,70.49,13543000.0
2023-09-08,70.39,70.62,70.3,70.39,11813900.0
2023-09-11,70.98,71.18,70.79,71.12,11650900.0
2023-09-12,70.76,71.080002,70.72,70.83,7947100.0
2023-09-13,70.68,70.88,70.47,70.61,10047900.0
2023-09-14,71.15,71.61,71.13,71.54,13519800.0
2023-09-15,71.69,71.93,71.35,71.38,13678500.0
2023-09-18,71.080002,71.21,70.83,71.13,9121300.0
2023-09-19,71.25,71.38,71.010002,71.19,10339900.0
2023-09-20,71.53,71.88,70.98,71.019997,14523400.0
2023-09-21,70.35,70.49,69.84,69.84,17619900.0
2023-09-22,70.22,70.46,69.84,69.9,14714800.0
2023-09-25,69.32,69.63,69.16,69.59,16853100.0
2023-09-26,69.040001,69.25,68.63,68.69,17756900.0
2023-09-27,68.95,69.0,68.080002,68.56,16390400.0
2023-09-28,68.62,69.33,68.53,69.12,19507400.0
2023-09-29,69.75,69.76,68.75,68.92,20292800.0
2023-10-02,68.47,68.53,67.68,67.91,23671400.0
2023-10-03,67.3,67.49,66.83,67.059998,19913200.0
2023-10-04,67.23,67.27,66.62,67.18,19586200.0
2023-10-05,67.57,67.87,67.34,67.77,18327200.0
2023-10-06,67.64,68.68,67.23,68.52,17758900.0
2023-10-09,67.88,68.5,67.81,68.42,11015700.0
2023-10-10,69.19,69.64,69.099998,69.36,23682800.0
2023-10-11,69.76,69.86,69.26,69.65,15393600.0
2023-10-12,69.74,69.76,68.81,69.07,16764600.0
2023-10-13,68.87,69.029999,68.26,68.43,19900300.0
2023-10-16,68.55,69.0,68.46,68.93,20119600.0
2023-10-17,68.36,69.29,68.35,68.97,12155100.0
2023-10-18,68.36,68.43,67.69,67.77,16945900.0
2023-10-19,67.55,67.91,67.050003,67.17,27204100.0
2023-10-20,66.93,67.089996,66.54,66.57,28251800.0
2023-10-23,66.32,67.040001,66.07,66.62,18574700.0
2023-10-24,66.74,67.059998,66.65,67.0,22138700.0
2023-10-25,66.82,67.080002,66.44,66.52,17400900.0
2023-10-26,66.35,66.49,65.83,66.040001,22914700.0
2023-10-27,66.5,66.53,65.68,65.84,24116300.0
2023-10-30,66.56,66.71,66.27,66.68,23954500.0
2023-10-31,66.76,66.97,66.53,66.92,18291300.0
2023-11-01,67.080002,67.57,66.89,67.55,21115000.0
2023-11-02,68.68,68.94,68.48,68.93,19669400.0
2023-11-03,69.51,70.0,69.41,69.66,20752900.0
2023-11-06,69.56,69.63,69.17,69.31,15938000.0
2023-11-07,68.77,69.019997,68.64,68.89,15747100.0
2023-11-08,68.86,69.099998,68.6,68.8,10916500.0
2023-11-09,69.41,69.58,68.76,68.79,14557600.0
2023-11-10,68.74,69.15,68.26,69.099998,12518800.0
2023-11-13,68.82,69.38,68.71,69.28,11354700.0
2023-11-14,70.46,71.14,70.45,71.050003,21166800.0
2023-11-15,71.080002,71.29,70.9,70.94,12980000.0
2023-11-16,70.82,71.11,70.64,70.89,13769700.0
2023-11-17,71.55,71.86,71.41,71.85,14314300.0
2023-11-20,71.74,72.2,71.74,72.12,10334700.0
2023-11-21,72.080002,72.15,71.75,71.84,12300200.0
2023-11-22,71.95,72.040001,71.63,72.010002,12162900.0
2023-11-24,72.24,72.58,72.23,72.56,8083500.0
2023-11-27,72.34,72.43,72.16,72.31,10365000.0
2023-11-28,72.11,72.55,72.019997,72.33,11129900.0
2023-11-29,72.54,72.76,72.3,72.48,10462200.0
2023-11-30,72.49,72.61,72.17,72.42,19444200.0
2023-12-01,72.38,73.24,72.35,73.18,21091900.0
2023-12-04,72.46,72.77,72.33,72.61,14778700.0
2023-12-05,72.38,72.82,72.23,72.35,17529500.0
2023-12-06,73.07,73.22,72.55,72.57,16547400.0
2023-12-07,72.72,73.13,72.43,72.92,14513200.0
2023-12-08,72.74,73.25,72.72,73.14,13323600.0
2023-12-11,73.029999,73.36,73.019997,73.32,12372000.0
2023-12-12,73.2,73.45,72.96,73.45,13210000.0
2023-12-13,73.51,74.59,73.16,74.52,16760700.0
2023-12-14,74.89,75.33,74.72,75.07,21959600.0
2023-12-15,74.71,74.85,74.29,74.34,22420700.0
2023-12-18,74.65,74.71,74.3,74.52,14409900.0
2023-12-19,74.93,75.2,74.93,75.15,15551800.0
2023-12-20,74.24,74.42,73.42,73.47,23019200.0
2023-12-21,74.26,74.66,74.099998,74.66,15837400.0
2023-12-22,74.82,74.97,74.53,74.73,12184500.0
2023-12-26,74.81,75.19,74.81,75.07,8915400.0
2023-12-27,75.12,75.53,75.11,75.47,13103800.0
2023-12-28,75.45,75.66,75.26,75.27,16832000.0
2023-12-29,75.38,75.59,75.15,75.35,21346400.0
2024-01-02,74.54,74.87,74.41,74.51,18177600.0
2024-01-03,73.78,74.16,73.58,73.95,18637700.0
2024-01-04,73.94,74.49,73.94,74.12,11977100.0
2024-01-05,74.029999,74.82,73.96,74.17,20636700.0
2024-01-08,74.33,74.98,74.27,74.96,16250100.0
2024-01-09,74.29,74.47,74.18,74.29,10218300.0
2024-01-10,74.61,74.88,74.53,74.77,12191300.0
2024-01-11,74.97,75.07,74.099998,74.76,16434300.0
2024-01-12,75.26,75.5,74.93,75.07,11329300.0
2024-01-16,74.16,74.26,73.66,73.81,19802700.0
2024-01-17,72.83,73.14,72.58,73.11,16381400.0
2024-01-18,73.42,73.78,73.26,73.76,16391400.0
2024-01-19,73.56,73.94,73.3,73.93,15792200.0
2024-01-22,74.11,74.38,74.040001,74.16,15424800.0
2024-01-23,73.78,74.0,73.62,73.95,13575400.0
2024-01-24,74.93,75.0,74.5,74.51,16314600.0
2024-01-25,74.69,74.73,74.33,74.72,15268800.0
2024-01-26,75.11,75.24,74.99,75.050003,16478600.0
2024-01-29,75.019997,75.57,74.93,75.49,13341500.0
2024-01-30,75.38,75.48,75.099998,75.39,11708400.0
2024-01-31,75.73,75.97,74.9,75.010002,23907300.0
2024-02-01,75.19,75.77,75.029999,75.75,17189400.0
2024-02-02,75.13,75.2,74.81,75.15,15579800.0
2024-02-05,74.7,74.92,74.33,74.75,15617900.0
2024-02-06,74.72,75.23,74.68,75.21,13886600.0
2024-02-07,75.17,75.29,75.0,75.17,10485100.0
2024-02-08,75.050003,75.099998,74.82,75.040001,9578500.0
2024-02-09,75.050003,75.35,74.88,75.3,11001100.0
2024-02-12,75.27,75.66,75.25,75.43,6911500.0
2024-02-13,74.62,74.72,74.019997,74.27,14942500.0
2024-02-14,74.76,75.12,74.7,75.099998,13248000.0
2024-02-15,75.46,75.97,75.45,75.95,14128600.0
2024-02-16,75.98,76.39,75.8,76.07,13381600.0
2024-02-20,76.55,76.63,76.18,76.38,15285800.0
2024-02-21,76.22,76.47,76.089996,76.44,11433700.0
2024-02-22,77.07,77.32,76.93,77.3,15476000.0
2024-02-23,77.38,77.53,77.27,77.4,11400000.0
2024-02-26,77.46,77.46,77.15,77.29,15015200.0
2024-02-27,77.34,77.56,77.29,77.5,11110900.0
2024-02-28,76.98,77.15,76.92,77.050003,12196600.0
2024-02-29,77.42,77.55,76.86,77.25,17221700.0
2024-03-01,77.57,78.029999,77.25,78.0,18928600.0
2024-03-04,77.76,77.96,77.68,77.8,13961000.0
2024-03-05,77.85,78.13,77.44,77.66,12874400.0
2024-03-06,78.51,78.81,78.36,78.58,24098100.0
2024-03-07,79.17,79.61,79.099998,79.51,18279100.0
2024-03-08,79.78,79.86,79.13,79.25,14926900.0
2024-03-11,78.72,78.83,78.41,78.8,10496000.0
2024-03-12,78.91,79.44,78.61,79.43,15296000.0
2024-03-13,79.35,79.62,79.32,79.44,14166600.0
2024-03-14,79.42,79.47,78.57,78.86,25572000.0
2024-03-15,79.040001,79.11,78.63,78.89,17496600.0
2024-03-18,79.089996,79.12,78.81,78.87,13472200.0
2024-03-19,78.82,79.22,78.71,79.010002,13222100.0
2024-03-20,78.96,79.9,78.9,79.85,18834900.0
2024-03-21,79.9,80.029999,79.79,79.81,13021000.0
2024-03-22,79.78,79.83,79.55,79.64,12832100.0
2024-03-25,79.39,79.76,79.39,79.47,9418000.0
2024-03-26,79.85,79.88,79.56,79.56,12343100.0
2024-03-27,79.74,80.059998,79.64,80.040001,12337200.0
2024-03-28,79.73,79.97,79.72,79.86,17180400.0
2024-04-01,79.72,79.87,79.33,79.52,15419500.0
2024-04-02,78.89,78.96,78.69,78.96,17414900.0
2024-04-03,78.82,79.52,78.81,79.4,15898300.0
2024-04-04,79.92,79.95,78.65,78.72,19950400.0
2024-04-05,78.61,79.13,78.46,78.97,21091800.0
2024-04-08,79.42,79.53,79.22,79.36,12350900.0
2024-04-09,79.73,79.8,79.0,79.35,12469100.0
2024-04-10,78.21,78.64,78.0,78.3,21567300.0
2024-04-11,78.57,78.61,77.65,78.51,11967000.0
2024-04-12,77.86,78.089996,77.14,77.24,17934600.0
2024-04-15,78.14,78.24,76.89,77.010002,21610100.0
2024-04-16,76.39,76.62,76.0,76.25,24161800.0
2024-04-17,76.68,76.72,75.96,76.3,15748000.0
2024-04-18,76.27,76.61,75.97,76.089996,12884200.0
2024-04-19,76.18,76.41,75.89,76.12,16925000.0
2024-04-22,76.54,77.27,76.47,77.010002,17314200.0
2024-04-23,77.27,77.95,77.21,77.85,13466000.0
2024-04-24,77.97,77.97,77.39,77.7,8530000.0
2024-04-25,76.61,77.45,76.42,77.34,11479600.0
2024-04-26,77.68,78.059998,77.65,77.96,12676400.0
2024-04-29,78.16,78.4,78.040001,78.26,10560000.0
2024-04-30,78.0,78.22,77.21,77.27,18994300.0
2024-05-01,77.25,78.019997,76.91,77.099998,17900300.0
2024-05-02,77.93,78.28,77.5,78.14,14993300.0
2024-05-03,78.98,79.22,78.44,78.92,15055600.0
2024-05-06,79.31,79.52,79.25,79.46,9411400.0
2024-05-07,79.72,79.85,79.55,79.67,9065800.0
2024-05-08,79.32,79.6,79.3,79.58,6667500.0
2024-05-09,79.57,80.2,79.57,80.19,13256000.0
2024-05-10,80.46,80.52,80.24,80.34,8022000.0
2024-05-13,80.41,80.55,80.23,80.34,6990500.0
2024-05-14,80.65,80.95,80.57,80.94,15228300.0
2024-05-15,81.32,81.8,81.16,81.8,10823700.0
2024-05-16,81.64,81.71,81.33,81.36,13042100.0
2024-05-17,81.38,81.68,81.26,81.64,10219600.0
2024-05-20,81.72,81.93,81.66,81.7,5836800.0
2024-05-21,81.4,81.63,81.36,81.57,6222000.0
2024-05-22,81.019997,81.099998,80.58,80.8,10721200.0
2024-05-23,81.5,81.51,80.24,80.39,8805800.0
2024-05-24,80.8,81.17,80.76,81.050003,9289500.0
2024-05-28,81.35,81.37,80.78,81.019997,13036500.0
2024-05-29,79.98,80.11,79.71,79.74,13662100.0
2024-05-30,80.24,80.61,80.21,80.41,7456100.0
2024-05-31,80.96,81.22,80.56,81.18,19932400.0
2024-06-03,81.44,81.65,81.080002,81.41,17127700.0
2024-06-04,81.23,81.44,80.97,81.31,12565500.0
2024-06-05,81.71,81.91,81.27,81.88,8661500.0
2024-06-06,81.91,82.16,81.86,82.16,13195600.0
2024-06-07,81.44,81.71,81.19,81.27,21589700.0
2024-06-10,80.72,81.3,80.6,81.21,8996300.0
2024-06-11,78.89,79.07,78.47,78.91,17004600.0
2024-06-12,80.18,80.39,79.7,79.84,15188900.0
2024-06-13,79.18,79.18,78.38,78.7,12784200.0
2024-06-14,77.66,77.91,77.36,77.83,17500000.0
2024-06-17,77.63,78.16,77.37,78.14,13582700.0
2024-06-18,78.14,78.48,78.12,78.45,16057100.0
2024-06-20,78.29,78.62,78.21,78.5,10942900.0
2024-06-21,77.89,78.050003,77.67,77.95,14477700.0
2024-06-24,78.59,78.96,78.52,78.57,12193700.0
2024-06-25,78.56,78.88,78.47,78.76,8753400.0
2024-06-26,78.059998,78.34,77.94,78.18,10509700.0
2024-06-27,78.32,78.52,78.080002,78.24,14156000.0
2024-06-28,78.23,78.57,78.0,78.33,17425000.0
2024-07-01,78.76,79.029999,78.27,78.47,19845700.0
2024-07-02,78.22,78.69,78.15,78.66,10331700.0
2024-07-03,79.25,79.62,79.25,79.56,8107900.0
2024-07-05,80.22,80.23,79.52,80.089996,8408800.0
2024-07-08,80.14,80.22,79.65,79.69,6031700.0
2024-07-09,79.52,79.58,79.17,79.37,8069800.0
2024-07-10,80.010002,80.54,79.97,80.49,8189200.0
2024-07-11,81.040001,81.18,80.67,80.72,8930000.0
2024-07-12,81.36,81.87,81.32,81.58,9289700.0
2024-07-15,81.39,81.4,80.79,80.86,7418700.0
2024-07-16,80.65,81.28,80.55,81.25,10902900.0
2024-07-17,80.85,81.14,80.73,80.82,11634200.0
2024-07-18,80.96,81.040001,79.84,80.019997,16481500.0
2024-07-19,79.78,79.82,79.45,79.53,15570300.0
2024-07-22,80.24,80.4,80.029999,80.37,13762800.0
2024-07-23,79.95,80.080002,79.86,79.92,12043000.0
2024-07-24,79.67,79.78,78.87,78.91,10698000.0
2024-07-25,78.24,79.11,77.98,78.41,17719800.0
2024-07-26,79.019997,79.55,78.94,79.41,10574700.0
2024-07-29,79.23,79.26,78.82,79.059998,9305600.0
2024-07-30,79.37,79.45,78.92,79.24,8551600.0
2024-07-31,80.4,80.71,80.12,80.36,20969400.0
2024-08-01,79.34,79.54,77.85,78.23,18129800.0
2024-08-02,77.17,77.36,76.38,77.0,25136200.0
2024-08-05,74.23,75.83,73.91,75.32,28088800.0
2024-08-06,74.71,75.9,74.61,75.45,22307500.0
2024-08-07,76.85,77.089996,75.77,75.81,24592600.0
2024-08-08,76.55,77.16,76.21,77.080002,14824700.0
2024-08-09,76.87,77.39,76.72,77.38,11022700.0
2024-08-12,77.33,77.53,77.059998,77.31,7988700.0
2024-08-13,77.89,78.7,77.85,78.64,11927500.0
2024-08-14,78.79,79.0,78.64,78.93,7127600.0
2024-08-15,79.64,80.050003,79.56,79.89,10364200.0
2024-08-16,79.98,80.4,79.96,80.33,10287800.0
2024-08-19,80.81,81.4,80.8,81.31,6741000.0
2024-08-20,81.17,81.36,80.91,81.059998,5177900.0
2024-08-21,81.58,81.97,81.4,81.81,10653500.0
2024-08-22,82.11,82.14,81.28,81.33,7290700.0
2024-08-23,81.99,82.87,81.89,82.82,10779000.0
2024-08-26,82.56,82.72,82.36,82.45,6719900.0
2024-08-27,82.65,82.97,82.54,82.83,9597100.0
2024-08-28,82.74,82.91,82.2,82.54,7883900.0
2024-08-29,82.93,83.28,82.71,82.85,9112100.0
2024-08-30,83.12,83.25,82.59,82.98,15627600.0
2024-09-03,82.56,82.66,81.47,81.67,9886700.0
2024-09-04,81.07,81.69,80.98,81.31,10324400.0
2024-09-05,81.41,81.56,80.97,81.33,12147400.0
2024-09-06,81.12,81.33,79.67,79.8,12344400.0
2024-09-09,80.41,80.9,80.4,80.6,10635000.0
2024-09-10,80.31,80.32,79.58,80.2,9742900.0
2024-09-11,80.27,80.71,79.38,80.68,12999100.0
2024-09-12,80.61,81.37,80.39,81.34,11686000.0
2024-09-13,81.45,81.83,81.39,81.53,7340500.0
2024-09-16,81.88,82.23,81.69,82.19,9869500.0
2024-09-17,82.089996,82.14,81.46,81.73,7307300.0
2024-09-18,81.81,82.46,81.29,81.47,8454200.0
2024-09-19,82.96,83.24,82.47,83.080002,9974100.0
2024-09-20,82.59,82.61,81.97,82.26,7892400.0
2024-09-23,82.39,82.66,82.35,82.57,6997700.0
2024-09-24,82.82,83.12,82.61,83.059998,6855800.0
2024-09-25,83.21,83.23,82.59,82.61,11869000.0
2024-09-26,84.19,84.53,83.85,84.43,12875000.0
2024-09-27,84.27,84.56,83.8,83.92,10690700.0
2024-09-30,83.96,83.97,83.18,83.63,13424400.0
2024-10-01,83.66,83.69,82.57,83.010002,18430900.0
2024-10-02,82.86,83.029999,82.45,82.84,8335200.0
2024-10-03,82.12,82.28,81.77,82.07,9890500.0
2024-10-04,82.13,82.57,82.050003,82.55,8536100.0
2024-10-07,82.3,82.41,81.79,82.089996,7365100.0
2024-10-08,81.9,81.97,81.69,81.96,6339100.0
2024-10-09,81.52,82.050003,81.46,81.98,5370800.0
2024-10-10,81.77,81.91,81.43,81.88,5794400.0
2024-10-11,81.84,82.38,81.83,82.3,6914900.0
2024-10-14,82.11,82.58,82.010002,82.54,6646200.0
2024-10-15,82.24,82.26,81.099998,81.17,17667300.0
2024-10-16,81.38,81.46,81.22,81.38,5931800.0
2024-10-17,81.68,81.71,81.31,81.39,8904600.0
2024-10-18,81.81,81.97,81.62,81.94,5863100.0
2024-10-21,81.49,81.55,80.83,80.97,8009100.0
2024-10-22,80.44,80.63,80.37,80.51,5844200.0
2024-10-23,79.79,79.97,79.35,79.7,7556000.0
2024-10-24,80.33,80.35,79.8,80.15,6522400.0
2024-10-25,80.34,80.46,79.75,79.88,9288100.0
2024-10-28,80.24,80.63,80.18,80.52,6985000.0
2024-10-29,80.25,80.42,80.050003,80.23,8778400.0
2024-10-30,79.57,80.059998,79.51,79.71,8828100.0
2024-10-31,79.32,79.32,78.47,79.22,19247600.0
2024-11-01,79.65,79.86,79.31,79.38,9951300.0
2024-11-04,79.82,80.029999,79.39,79.44,10280100.0
2024-11-05,79.65,80.3,79.59,80.23,9596400.0
2024-11-06,79.050003,79.16,78.42,79.07,11746200.0
2024-11-07,79.98,80.34,79.84,80.27,11634100.0
2024-11-08,79.38,79.38,78.78,79.16,11540300.0
2024-11-11,79.41,79.45,79.099998,79.18,5839600.0
2024-11-12,78.42,78.42,77.32,77.71,16613700.0
2024-11-13,77.4,77.46,76.8,77.25,14828900.0
2024-11-14,77.81,77.97,77.33,77.41,19039000.0
2024-11-15,77.31,77.33,76.96,77.13,15433500.0
2024-11-18,77.07,77.69,77.019997,77.55,7774100.0
2024-11-19,76.9,77.6,76.79,77.45,13402300.0
2024-11-20,77.13,77.24,76.7,77.24,12442000.0
2024-11-21,77.12,77.38,76.85,77.26,9161200.0
2024-11-22,77.17,77.7,77.16,77.56,16809800.0
2024-11-25,78.16,78.27,77.72,77.96,24934100.0
2024-11-26,77.83,77.85,77.27,77.51,9360800.0
2024-11-27,77.84,78.080002,77.69,77.93,7477900.0
2024-11-29,78.24,79.010002,78.21,78.97,11643900.0
2024-12-02,79.080002,79.33,78.57,79.19,15721100.0
2024-12-03,79.71,79.87,79.4,79.64,13289900.0
2024-12-04,79.74,79.88,79.58,79.7,10434400.0
2024-12-05,80.099998,80.22,79.94,80.089996,11910800.0
2024-12-06,80.39,80.39,79.9,80.080002,7072500.0
2024-12-09,80.53,80.63,80.0,80.029999,7801100.0
2024-12-10,79.83,79.85,79.29,79.31,10662800.0
2024-12-11,79.73,79.87,79.49,79.81,11858900.0
2024-12-12,79.39,79.71,79.050003,79.11,8623800.0
2024-12-13,79.21,79.21,78.68,78.89,10116600.0
2024-12-16,78.58,78.9,78.5,78.63,25547700.0
2024-12-17,77.43,77.71,77.37,77.45,13934900.0
2024-12-18,77.38,77.54,75.41,75.55,16470400.0
2024-12-19,75.8,75.87,75.26,75.31,17486600.0
2024-12-20,74.38,75.73,74.37,75.099998,20878200.0
2024-12-23,75.24,75.64,74.94,75.59,10491200.0
2024-12-24,75.62,75.92,75.43,75.86,5585200.0
2024-12-26,75.99,76.35,75.93,76.22,10784900.0
2024-12-27,76.080002,76.28,75.83,76.11,15819700.0
2024-12-30,75.64,75.88,75.28,75.61,16427600.0
2024-12-31,75.86,75.98,75.44,75.61,21393500.0
2025-01-02,75.7,75.87,75.14,75.35,12756600.0
2025-01-03,75.53,75.74,75.24,75.68,12548800.0
2025-01-06,76.33,76.89,76.25,76.4,16201800.0
2025-01-07,77.059998,77.059998,76.23,76.34,9393200.0
2025-01-08,75.9,76.33,75.68,76.22,7894800.0
2025-01-10,75.65,75.67,74.9,75.059998,12021900.0
2025-01-13,74.25,74.89,74.24,74.85,12019700.0
2025-01-14,75.019997,75.26,74.76,75.12,9963200.0
2025-01-15,76.2,76.26,75.76,76.080002,12144700.0
2025-01-16,76.25,76.69,76.089996,76.47,17925700.0
2025-01-17,76.86,77.19,76.68,76.78,10667100.0
2025-01-21,77.8,78.35,77.68,78.33,13169100.0
2025-01-22,78.49,78.5,78.12,78.15,8666700.0
2025-01-23,78.34,78.79,78.19,78.79,10977200.0
2025-01-24,79.15,79.46,79.080002,79.23,7578400.0
2025-01-27,78.84,79.27,78.82,79.23,13559100.0
2025-01-28,79.11,79.18,78.66,79.13,9458300.0
2025-01-29,79.14,79.36,78.85,79.12,7875400.0
2025-01-30,79.88,80.32,79.64,79.99,13792100.0
2025-01-31,79.86,80.17,79.17,79.24,14935700.0
2025-02-03,77.91,78.8,77.65,78.31,14997600.0
2025-02-04,78.79,79.3,78.71,79.22,10608300.0
2025-02-05,79.71,80.080002,79.55,79.99,7857000.0
2025-02-06,80.25,80.54,80.19,80.37,7806500.0
2025-02-07,80.42,80.48,79.48,79.61,13110800.0
2025-02-10,79.98,80.18,79.92,80.15,7287300.0
2025-02-11,80.059998,80.61,80.029999,80.53,7583700.0
2025-02-12,80.010002,80.99,79.89,80.83,17271400.0
2025-02-13,81.2,81.85,81.12,81.81,17212300.0
2025-02-14,82.27,82.35,81.91,81.93,8051800.0
2025-02-18,82.47,82.63,82.32,82.52,9485900.0
2025-02-19,81.65,81.8,81.38,81.67,11042200.0
2025-02-20,81.91,82.099998,81.58,82.050003,9177400.0
2025-02-21,82.12,82.14,81.38,81.54,11630000.0
2025-02-24,81.87,81.99,81.34,81.49,11135700.0
2025-02-25,82.51,82.51,81.88,82.23,10091400.0
2025-02-26,82.47,82.99,82.17,82.34,11254600.0
2025-02-27,82.11,82.11,81.36,81.41,19003200.0
2025-02-28,81.33,81.65,80.81,81.58,20717700.0
2025-03-03,83.17,83.39,82.029999,82.48,16234700.0
2025-03-04,81.89,83.33,81.21,82.46,18408500.0
2025-03-05,83.58,84.57,83.58,84.43,17092500.0
2025-03-06,83.81,84.49,83.5,83.56,18421000.0
2025-03-07,83.71,84.54,83.54,84.43,13184300.0
2025-03-10,83.040001,83.34,81.88,82.44,19368400.0
2025-03-11,82.53,82.65,81.61,82.16,18088800.0
2025-03-12,82.71,82.93,82.18,82.75,15886300.0
2025-03-13,82.27,82.5,81.94,82.2,18561400.0
2025-03-14,83.0,83.73,82.85,83.71,13971300.0
2025-03-17,83.93,84.78,83.87,84.65,12966800.0
2025-03-18,84.58,84.77,84.15,84.64,10513400.0
2025-03-19,84.34,85.19,84.28,84.89,16362400.0
2025-03-20,83.67,84.25,83.65,84.18,11820500.0
2025-03-21,83.55,83.82,83.37,83.66,18771200.0
2025-03-24,83.59,83.83,83.35,83.65,12201700.0
2025-03-25,84.22,84.32,83.91,84.11,10478200.0
2025-03-26,83.55,83.78,82.88,83.019997,17010400.0
2025-03-27,82.89,83.39,82.85,83.2,10331900.0
2025-03-28,82.79,82.89,82.29,82.46,14242300.0
2025-03-31,81.27,81.88,80.92,81.73,25560500.0
2025-04-01,81.78,82.11,81.35,81.85,15154000.0
2025-04-02,81.25,82.13,81.19,82.040001,14451600.0
2025-04-03,81.24,81.44,80.22,80.32,18718400.0
2025-04-04,77.25,77.52,74.97,75.019997,40904300.0
2025-04-07,72.69,76.25,72.15,73.21,63057500.0
2025-04-08,75.83,75.92,72.22,72.96,36425000.0
2025-04-09,73.16,78.86,72.76,78.59,60645100.0
2025-04-10,77.2,77.49,75.29,77.040001,36697600.0
2025-04-11,77.34,79.15,77.22,78.97,28909900.0
2025-04-14,79.45,80.24,79.17,79.82,15749900.0
2025-04-15,80.45,80.91,80.36,80.54,13679800.0
2025-04-16,80.55,81.059998,79.94,80.23,16542600.0
2025-04-17,80.96,81.59,80.81,81.099998,14072500.0
2025-04-21,81.47,81.56,80.089996,80.66,15883900.0
2025-04-22,81.77,82.7,81.75,82.33,14923200.0
2025-04-23,83.12,83.63,82.43,82.66,15223500.0
2025-04-24,83.029999,83.79,82.89,83.76,11194200.0
2025-04-25,83.6,84.15,83.48,84.12,10485300.0
2025-04-28,84.23,84.77,84.15,84.68,10085400.0
2025-04-29,84.59,85.029999,84.56,84.85,8303800.0
2025-04-30,84.28,85.010002,83.86,84.75,24147900.0
2025-05-01,84.98,84.99,84.37,84.48,10070900.0
2025-05-02,85.96,86.3,85.81,86.099998,14798400.0
2025-05-05,86.37,86.48,86.23,86.25,8119800.0
2025-05-06,86.21,86.44,86.050003,86.14,8661700.0
2025-05-07,85.93,86.19,85.59,85.85,8536600.0
2025-05-08,86.089996,86.089996,85.5,85.55,12228300.0
2025-05-09,86.21,86.21,85.74,85.97,9149000.0
2025-05-12,86.089996,86.42,85.65,86.41,12602500.0
2025-05-13,86.3,86.73,86.2,86.52,13242900.0
2025-05-14,86.81,86.83,86.040001,86.099998,10173300.0
2025-05-15,86.72,87.099998,86.5,87.040001,11283200.0
2025-05-16,86.94,87.28,86.77,87.24,8372100.0
2025-05-19,87.24,88.080002,87.22,88.07,9062900.0
2025-05-20,88.26,88.53,88.21,88.49,23335500.0
2025-05-21,88.6,88.89,87.93,87.97,15278800.0
2025-05-22,87.63,88.15,87.49,87.92,12787300.0
2025-05-23,87.2,88.2,87.15,88.040001,16959600.0
2025-05-27,89.3,89.46,89.12,89.32,12435700.0
2025-05-28,88.45,88.55,88.12,88.29,16812400.0
2025-05-29,88.74,88.75,88.25,88.68,11454200.0
2025-05-30,88.75,88.9,88.17,88.81,18590200.0
2025-06-02,88.97,89.79,88.67,89.76,25710500.0
2025-06-03,88.86,89.17,88.63,89.080002,11787400.0
2025-06-04,89.29,89.75,89.23,89.48,11593300.0
2025-06-05,89.76,89.86,89.23,89.42,14543100.0
2025-06-06,89.62,89.85,89.5,89.74,10301000.0
2025-06-09,89.62,90.0,89.56,89.73,9641600.0
2025-06-10,90.050003,90.089996,89.65,89.85,10254100.0
2025-06-11,90.010002,90.16,89.64,89.7,12329600.0
2025-06-12,90.2,90.51,90.15,90.39,13288000.0
2025-06-13,89.22,89.72,89.019997,89.23,22177100.0
2025-06-16,88.41,88.86,88.040001,88.040001,17843400.0
2025-06-17,87.67,87.75,86.86,86.96,16726300.0
2025-06-18,87.21,87.59,86.9,87.11,18504400.0
2025-06-20,87.040001,87.050003,86.31,86.33,16900600.0
2025-06-23,85.74,87.010002,85.68,86.98,23100600.0
2025-06-24,87.66,88.17,87.56,88.040001,14900600.0
2025-06-25,87.57,87.68,87.36,87.56,14422100.0
2025-06-26,88.24,88.61,88.13,88.54,15791500.0
2025-06-27,89.18,89.62,88.96,89.34,15987700.0
2025-06-30,89.12,89.49,88.95,89.39,28062100.0
2025-07-01,89.11,89.39,89.029999,89.24,11406100.0
2025-07-02,88.97,89.56,88.84,89.5,13133600.0
2025-07-03,89.44,89.68,89.39,89.52,5311100.0
2025-07-07,88.94,89.099998,88.3,88.55,12925000.0
2025-07-08,88.7,89.29,88.6,89.2,9061400.0
2025-07-09,89.59,89.9,89.38,89.87,8699900.0
2025-07-10,89.63,89.88,89.43,89.81,8554400.0
2025-07-11,89.099998,89.13,88.81,88.95,8468000.0
2025-07-14,88.65,89.019997,88.57,88.95,7969900.0
2025-07-15,88.96,88.97,87.96,88.019997,10572000.0
2025-07-16,87.98,88.44,87.72,88.38,16776500.0
2025-07-17,88.15,88.62,88.089996,88.61,9542000.0
2025-07-18,89.019997,89.029999,88.28,88.36,11044700.0
2025-07-21,88.78,89.28,88.61,88.83,9324000.0
2025-07-22,88.93,89.39,88.71,89.32,12134300.0
2025-07-23,90.54,91.57,90.49,91.54,18088200.0
2025-07-24,91.07,91.27,90.86,90.86,12025500.0
2025-07-25,90.19,90.76,90.089996,90.75,9583200.0
2025-07-28,89.81,89.86,89.099998,89.29,13654000.0
2025-07-29,89.3,89.3,88.93,89.11,11888600.0
2025-07-30,88.83,89.080002,88.14,88.47,14623000.0
2025-07-31,88.099998,88.14,87.35,87.52,29271500.0
2025-08-01,87.28,87.43,86.74,87.29,18658100.0
2025-08-04,88.23,88.47,88.11,88.45,14718100.0
2025-08-05,88.6,88.64,88.17,88.44,11634100.0
2025-08-06,88.84,89.17,88.77,89.019997,11499900.0
2025-08-07,90.019997,90.089996,89.44,89.82,11525600.0
2025-08-08,90.15,90.53,90.080002,90.37,10367200.0
2025-08-11,90.12,90.2,89.88,89.99,8516600.0
2025-08-12,90.39,91.15,90.28,91.089996,12302700.0
2025-08-13,91.39,91.66,91.37,91.64,9490500.0
2025-08-14,91.23,91.68,91.2,91.65,11790600.0
2025-08-15,92.22,92.28,92.040001,92.19,11864300.0
2025-08-18,91.95,92.14,91.8,92.089996,11577800.0
2025-08-19,92.33,92.49,92.019997,92.099998,10721600.0
2025-08-20,92.27,92.46,92.11,92.43,15871100.0
2025-08-21,91.92,92.07,91.69,91.85,11258900.0
2025-08-22,92.21,93.38,92.18,93.23,15827500.0
2025-08-25,92.79,92.95,91.98,92.0,11700800.0
2025-08-26,91.74,91.95,91.67,91.9,11788900.0
2025-08-27,91.22,91.72,91.040001,91.68,13054200.0
2025-08-28,92.0,92.14,91.83,92.019997,11136400.0
2025-08-29,91.53,91.65,91.33,91.48,18544500.0
2025-09-02,90.099998,90.74,90.040001,90.58,15496100.0
2025-09-03,90.45,90.8,90.37,90.72,14418600.0
2025-09-04,91.0,91.4,90.94,91.38,10348000.0
2025-09-05,92.12,92.39,91.5,91.79,15510600.0
2025-09-08,92.46,92.74,92.24,92.71,12010700.0
2025-09-09,92.33,92.5,92.15,92.4,10893200.0
2025-09-10,92.65,92.77,92.27,92.38,11838300.0
2025-09-11,92.78,93.39,92.75,93.36,11013000.0
2025-09-12,92.99,93.13,92.77,92.99,10010500.0
2025-09-15,93.45,93.68,93.32,93.61,18108000.0
2025-09-16,93.52,93.54,93.080002,93.35,25226900.0
2025-09-17,93.24,93.77,92.61,93.0,17013600.0
2025-09-18,93.099998,93.48,92.82,93.36,15791600.0
2025-09-19,93.040001,93.15,92.76,93.0,21889300.0
2025-09-22,92.96,93.34,92.73,93.3,13692200.0
2025-09-23,93.51,93.67,93.019997,93.12,14688400.0
2025-09-24,92.69,92.92,92.46,92.58,14910700.0
2025-09-25,91.95,92.019997,91.53,91.92,22434600.0
2025-09-26,92.31,92.64,92.23,92.63,18138000.0
2025-09-29,92.92,93.059998,92.77,92.99,13807100.0
2025-09-30,92.89,93.46,92.86,93.37,24295000.0
2025-10-01,93.88,94.27,93.86,94.14,17167900.0
2025-10-02,94.54,94.6,93.87,94.29,15300500.0
2025-10-03,94.97,95.27,94.85,95.080002,13985500.0
2025-10-06,95.25,95.53,95.15,95.3,12812500.0
2025-10-07,94.96,95.010002,94.43,94.47,9075000.0
2025-10-08,94.79,94.93,94.55,94.75,11159400.0
2025-10-09,94.79,94.79,93.74,93.97,10567900.0
2025-10-10,93.69,93.77,92.12,92.24,26137200.0
2025-10-13,92.65,93.080002,92.53,92.98,11132900.0
2025-10-14,92.45,93.68,92.34,93.4,15119000.0
2025-10-15,93.86,94.13,93.32,93.85,15005400.0
2025-10-16,94.42,94.74,94.0,94.34,24970300.0
2025-10-17,94.040001,94.57,93.92,94.51,16789400.0
2025-10-20,94.95,95.38,94.93,95.29,12951100.0
2025-10-21,94.86,95.0,94.55,94.59,16644300.0
2025-10-22,94.6,94.76,94.050003,94.45,15028600.0
2025-10-23,94.62,95.0,94.62,94.89,10584400.0
2025-10-24,95.080002,95.21,94.94,95.040001,8967800.0
2025-10-27,95.56,95.73,95.48,95.7,10612600.0
2025-10-28,95.63,95.95,95.47,95.66,9187600.0
2025-10-29,95.66,95.75,94.65,95.12,17914300.0
2025-10-30,94.57,95.080002,94.5,94.7,13967800.0
2025-10-31,94.59,94.61,94.13,94.49,19459200.0
2025-11-03,94.56,94.64,94.26,94.53,10681400.0
2025-11-04,93.53,94.029999,93.45,93.56,10349000.0
2025-11-05,93.68,94.32,93.67,94.16,12451300.0
2025-11-06,94.27,94.36,93.71,93.95,16176000.0
2025-11-07,93.57,94.32,93.34,94.3,13976900.0
2025-11-10,94.86,95.35,94.59,95.29,15682400.0
2025-11-11,95.67,96.14,95.67,95.99,12959400.0
2025-11-12,96.31,96.69,96.31,96.56,9532200.0
2025-11-13,96.35,96.46,95.43,95.53,15864800.0
2025-11-14,94.88,95.53,94.78,95.26,17396400.0
2025-11-17,94.6,94.88,93.68,94.019997,18850900.0
2025-11-18,92.81,93.15,92.3,92.8,22482300.0
2025-11-19,92.71,93.07,92.14,92.52,15425200.0
2025-11-20,93.13,93.25,91.21,91.24,26720600.0
2025-11-21,92.099998,92.9,91.76,92.65,27211400.0
2025-11-24,92.45,92.88,92.34,92.73,18550900.0
2025-11-25,93.13,93.88,92.89,93.84,19903700.0
2025-11-26,94.26,95.010002,94.23,94.87,13481200.0
2025-11-28,94.84,95.22,94.74,95.19,8136000.0
2025-12-01,94.92,95.15,94.69,94.72,21791500.0
2025-12-02,95.080002,95.13,94.75,95.040001,14267600.0
2025-12-03,95.12,95.59,95.099998,95.55,14439800.0
2025-12-04,96.080002,96.18,95.65,95.81,13862900.0
2025-12-05,96.099998,96.23,95.64,95.81,15829800.0
2025-12-08,95.82,95.82,95.36,95.51,13589200.0
2025-12-09,95.6,95.83,95.36,95.38,15966700.0
2025-12-10,95.56,96.6,95.5,96.44,21171700.0
2025-12-11,96.72,97.15,96.63,97.010002,19221400.0
2025-12-12,97.059998,97.18,96.15,96.5,20514900.0
2025-12-15,97.31,97.42,96.87,97.089996,22751500.0
2025-12-16,95.14,95.23,94.6,94.92,29380500.0
2025-12-17,94.73,94.95,94.13,94.15,34926000.0
2025-12-18,94.95,95.31,94.58,94.82,29971400.0
2025-12-19,95.26,95.73,95.21,95.46,31094700.0
2025-12-22,95.47,95.76,95.4,95.7,15861200.0
2025-12-23,96.28,96.44,96.17,96.29,16485700.0
2025-12-24,96.33,96.46,96.19,96.41,5609700.0
2025-12-26,96.53,96.6,96.34,96.57,9304200.0
2025-12-29,96.26,96.47,96.059998,96.28,16705400.0
2025-12-30,96.63,96.8,96.42,96.44,15877000.0
2025-12-31,96.33,96.39,95.92,96.029999,27618000.0
2026-01-02,97.029999,97.11,96.51,97.040001,42922400.0
2026-01-05,97.26,98.15,97.23,98.15,25187000.0
2026-01-06,98.31,98.48,98.13,98.3,14557900.0
2026-01-07,98.14,98.21,97.84,97.93,15468900.0
2026-01-08,97.56,97.95,97.53,97.94,14090500.0
2026-01-09,98.42,98.89,98.33,98.81,16001700.0
2026-01-12,99.15,99.44,99.12,99.41,15313500.0
2026-01-13,99.23,99.25,98.65,98.84,17697700.0
2026-01-14,99.19,99.37,98.98,99.3,19947400.0
2026-01-15,99.62,99.62,99.22,99.26,24662400.0
2026-01-16,99.42,99.54,99.059998,99.53,18699200.0
2026-01-20,98.0,98.69,97.86,98.019997,26893300.0
2026-01-21,98.27,99.28,97.89,99.029999,26150500.0
2026-01-22,99.39,99.67,99.18,99.42,16592800.0
2026-01-23,99.17,100.0,99.0,99.97,16753500.0
2026-01-26,100.54,100.83,100.46,100.47,14959300.0
2026-01-27,101.47,102.32,101.43,102.089996,19754300.0
2026-01-28,101.19,101.36,100.56,101.010002,21938700.0
2026-01-29,102.019997,102.099998,100.56,101.69,29236200.0
2026-01-30,101.35,101.54,100.37,100.74,27813400.0
2026-02-02,100.88,101.55,100.82,101.4,21725500.0
2026-02-03,101.14,101.66,100.64,101.45,23625500.0
2026-02-04,102.47,102.67,101.37,101.78,25576700.0
2026-02-05,100.62,101.15,100.27,100.33,22760200.0
2026-02-06,101.69,102.65,101.64,102.61,17343700.0
2026-02-09,103.23,104.17,103.12,103.99,20137400.0
2026-02-10,104.58,104.67,104.24,104.24,16861700.0
2026-02-11,104.84,105.17,104.16,104.94,20493500.0
2026-02-12,105.089996,105.24,103.81,104.15,29385300.0
2026-02-13,103.88,104.43,103.45,104.24,22651300.0
2026-02-17,103.36,104.34,103.019997,104.22,19647200.0
2026-02-18,104.37,104.91,104.12,104.34,16099000.0
2026-02-19,103.54,104.089996,103.37,104.050003,15994100.0
2026-02-20,103.86,105.050003,103.86,104.9,25737500.0
2026-02-23,104.81,105.11,104.19,104.47,14151800.0
2026-02-24,104.17,104.92,104.080002,104.66,17358000.0
2026-02-25,105.26,105.8,105.15,105.66,14783800.0
2026-02-26,105.64,105.72,104.87,105.57,28482700.0
2026-02-27,105.52,105.94,105.26,105.38,25575500.0
2026-03-02,102.76,103.73,102.72,103.3,38046600.0
2026-03-03,98.65,100.56,97.75,100.089996,52567300.0
2026-03-04,100.79,101.49,100.4,101.38,30766400.0
2026-03-05,99.78,100.27,98.22,99.16,34508300.0
2026-03-06,97.27,98.69,97.059998,98.28,27734400.0
2026-03-09,96.78,99.41,95.98,98.99,37484700.0
2026-03-10,99.74,100.88,99.07,99.22,44802900.0
2026-03-11,98.64,99.38,98.29,99.010002,21345300.0
2026-03-12,98.040001,98.13,97.010002,97.46,34724600.0
2026-03-13,97.67,98.11,96.14,96.3,27628100.0
2026-03-16,97.64,98.32,97.45,98.099998,17384000.0
2026-03-17,98.74,98.97,98.24,98.37,16411500.0
2026-03-18,97.81,98.010002,96.61,96.69,26644800.0
2026-03-19,94.94,97.11,94.8,96.52,34858300.0
2026-03-20,96.13,96.13,93.080002,93.59,45493400.0
2026-03-23,95.53,97.019997,94.95,95.84,40781200.0
2026-03-24,94.49,95.81,94.35,95.27,22695800.0
2026-03-25,96.92,97.15,96.15,96.66,20476300.0
2026-03-26,95.47,96.23,94.62,94.66,19676500.0
2026-03-27,94.29,94.84,93.52,93.8,22341100.0
2026-03-30,94.72,94.98,93.67,94.07,16136400.0
2026-03-31,95.57,97.16,95.059998,97.13,39448000.0
2026-04-01,98.52,99.32,98.22,98.61,27123200.0
2026-04-02,96.54,98.42,96.36,98.0,17276100.0
2026-04-06,98.13,98.73,98.029999,98.49,11810900.0
2026-04-07,97.67,98.5,96.79,98.35,19809700.0
2026-04-08,102.49,102.64,101.52,102.19,22300800.0
2026-04-09,101.089996,102.47,100.91,101.95,14958400.0
2026-04-10,102.63,102.69,101.81,102.18,8670300.0
2026-04-13,101.27,102.85,101.18,102.81,19346900.0
2026-04-14,103.34,103.82,103.21,103.64,16581000.0
2026-04-15,103.39,103.45,102.94,103.31,8786300.0
2026-04-16,103.56,103.58,102.65,103.010002,13227600.0
2026-04-17,104.46,105.13,104.21,104.32,17321500.0
2026-04-20,103.72,103.93,103.13,103.91,12896100.0
2026-04-21,103.13,103.27,101.51,101.63,18105400.0
2026-04-22,102.33,102.38,101.65,101.97,9990800.0
2026-04-23,101.75,102.12,100.15,101.24,15773900.0
2026-04-24,101.41,101.96,101.15,101.77,14219400.0
2026-04-27,101.83,102.059998,101.34,101.38,10091700.0
2026-04-28,100.93,101.13,100.56,100.96,11008800.0
2026-04-29,100.4,100.48,99.51,99.93,10986800.0
2026-04-30,101.32,102.58,101.089996,102.32,16585800.0
2026-05-01,102.29,102.87,102.07,102.099998,14447200.0
2026-05-04,101.44,101.72,100.26,100.7,21026300.0
2026-05-05,101.67,102.16,101.19,102.040001,12347300.0
2026-05-06,104.5,104.92,104.31,104.81,14755500.0
2026-05-07,104.82,104.86,102.82,102.89,19257500.0
2026-05-08,103.77,104.040001,103.39,103.96,12280100.0
2026-05-11,103.81,104.0,103.57,103.74,10717500.0
2026-05-12,103.0,103.28,102.35,103.14,15770900.0
2026-05-13,103.010002,103.88,102.93,103.83,9578900.0
2026-05-14,103.79,103.93,103.41,103.46,8943600.0
2026-05-15,102.010002,102.14,101.55,101.72,17916800.0
2026-05-18,102.48,102.82,101.78,102.66,15944000.0
2026-05-19,102.080002,102.47,101.69,101.92,13211800.0
2026-05-20,102.16,103.91,101.97,103.62,16511800.0
2026-05-21,102.82,104.56,102.6,104.19,14357600.0
2026-05-22,104.22,104.48,103.79,103.98,12012200.0
2026-05-26,105.35,105.46,104.76,105.13,12884900.0
2026-05-27,105.059998,105.089996,104.52,104.77,12599500.0
2026-05-28,104.12,105.010002,103.97,104.69,13606000.0
2026-05-29,105.13,105.52,104.73,104.8,16926000.0
2026-06-01,103.99,104.92,103.6,104.44,17412600.0
2026-06-02,104.59,105.16,104.53,105.019997,8400600.0
2026-06-03,104.58,104.64,104.07,104.12,11807100.0
2026-06-04,104.54,105.019997,104.43,104.95,10158700.0
2026-06-05,104.14,104.19,101.91,102.26,16937500.0
2026-06-08,103.27,103.5,102.72,102.88,13550300.0
2026-06-09,103.89,104.24,101.34,102.9,21878000.0
2026-06-10,102.23,102.9,101.49,101.57,22737700.0
2026-06-11,102.48,104.85,102.22,104.73,20415000.0
2026-06-12,104.65,105.36,104.19,105.019997,14219900.0
2026-06-15,104.69,104.74,103.99,104.080002,14053600.0
2026-06-16,104.72,104.8,104.23,104.31,12047000.0
2026-06-17,105.040001,105.42,103.59,103.78,20717600.0
2026-06-18,104.58,104.66,104.18,104.41,15466300.0
2026-06-22,104.59,104.84,104.43,104.58,9596200.0
2026-06-23,102.38,103.019997,102.32,102.46,17425700.0
2026-06-24,102.24,102.65,101.92,102.26,12504200.0
2026-06-25,103.48,103.73,102.73,103.15,13135400.0
2026-06-26,102.46,103.07,102.3,102.54,21219200.0
2026-06-29,102.87,103.47,102.22,103.45,10788600.0
2026-06-30,103.32,103.89,103.19,103.88,16945900.0
2026-07-01,103.07,103.43,102.87,103.019997,13487100.0
2026-07-02,104.59,105.27,103.75,104.37,12686000.0
2026-07-06,105.0,105.52,104.88,105.46,9803200.0
2026-07-07,105.019997,105.16,103.85,104.16,10714800.0
2026-07-08,102.81,103.41,102.26,103.36,8642800.0
2026-07-09,103.61,104.19,103.55,103.92,7586400.0
2026-07-10,104.18,104.6,103.61,104.33,8286800.0
2026-07-13,103.85,103.98,103.089996,103.24,10953700.0
2026-07-14,104.38,105.089996,103.91,103.96,9932200.0
2026-07-15,104.28,104.81,103.8,104.65,7415800.0
2026-07-16,103.67,104.22,103.47,103.81,9966800.0
2026-07-17,102.51,103.51,102.51,103.33,10969800.0
2026-07-20,103.34,103.49,102.47,102.57,14834400.0
2026-07-21,103.51,104.19,103.089996,104.059998,9826900.0
2026-07-22,104.44,104.64,104.22,104.25,14694400.0
2026-07-23,102.76,103.29,102.54,102.9,12596100.0
2026-07-24,103.5,104.029999,103.26,103.41,9032100.0
2026-07-27,104.36,104.46,103.45,103.91,9299900.0
2026-07-28,103.19,104.18,103.12,103.89,9580400.0
2026-07-29,103.72,104.85,102.98,103.37,11646400.0
2026-07-30,105.010002,106.32,104.81,106.24,13263500.0
2026-07-31,105.75,105.83,104.6,105.58,14260700.0
2026-08-03,105.72,106.080002,105.54,106.019997,9956800.0
2026-08-04,106.72,107.47,106.61,107.32,10410000.0
2026-08-05,107.99,108.0,107.4,107.43,9007600.0
2026-08-06,107.66,107.91,107.26,107.36,8510700.0
2026-08-07,108.75,108.76,108.19,108.55,9430900.0
2026-08-10,108.21,108.31,107.97,108.010002,7015400.0
2026-08-11,108.44,108.63,107.88,108.089996,6368300.0
2026-08-12,108.75,108.82,108.32,108.5,9901400.0
2026-08-13,108.67,108.89,108.51,108.69,7237900.0
2026-08-14,108.76,108.89,108.46,108.64,5660100.0
2026-08-17,108.66,108.87,108.35,108.45,9375500.0
2026-08-18,107.75,108.029999,107.18,107.27,14561300.0
2026-08-19,107.87,108.07,107.41,107.66,10829600.0
2026-08-20,107.29,107.86,107.16,107.35,10578400.0
2026-08-21,108.13,108.37,108.050003,108.24,9935600.0
2026-08-24,107.99,108.19,107.78,108.029999,6095400.0
2026-08-25,108.51,108.83,108.24,108.81,6438700.0
2026-08-26,108.68,108.82,108.15,108.27,5219100.0
2026-08-27,108.040001,108.14,107.61,108.019997,5371900.0
2026-08-28,108.52,108.74,107.53,107.72,13244900.0
2026-08-31,108.040001,108.07,107.27,107.45,9539200.0
2026-09-01,107.040001,107.27,106.29,106.49,10129300.0
2026-09-02,106.73,107.099998,106.64,107.059998,6461400.0
2026-09-03,108.019997,108.41,107.6,108.21,12746200.0
2026-09-04,107.85,108.58,107.85,108.35,5730300.0
2026-09-08,108.34,108.41,107.71,107.76,8318900.0
2026-09-09,107.27,107.32,106.5,106.56,15827600.0
2026-09-10,106.0,106.34,105.49,105.66,12801500.0
2026-09-11,106.98,107.029999,106.57,106.7,10285500.0
2026-09-14,105.8,106.44,105.44,105.85,11477400.0
