date,open,high,low,close,volume
2019-09-18,213.4600,213.4600,213.4600,213.4600,1.00000000
2019-09-19,213.4600,213.4600,213.4600,213.4600,0.00000000
2019-09-20,213.4600,213.4600,213.4600,213.4600,0.00000000
2019-09-21,213.4600,213.4600,213.4600,213.4600,0.00000000
2019-09-22,213.4600,213.4600,213.4600,213.4600,0.00000000
2019-09-23,213.4600,213.4600,213.4600,213.4600,0.10000000
2019-09-24,195.5500,195.5900,151.9000,167.4300,1881.24963000
2019-09-25,167.1200,175.1300,164.1600,170.1000,243.08903000
2019-09-26,170.1000,170.7800,153.0600,166.2800,348.22578000
2019-09-27,165.7200,176.0000,161.3800,174.1900,657.72098000
2019-09-28,174.1300,175.4200,168.5000,173.9700,759.38628000
2019-09-29,173.9800,174.4500,164.6100,169.7400,384.36143000
2019-09-30,169.5200,181.4100,163.3700,180.7200,1361.95121000
2019-10-01,181.6000,185.6900,174.0000,176.4200,526.38062000
2019-10-02,176.1700,181.4800,174.3800,180.6900,380.52576000
2019-10-03,180.7800,181.0800,170.0300,175.0000,1321.00731000
2019-10-04,175.0800,179.2600,171.1500,175.8900,576.08577000
2019-10-05,175.8400,176.8600,172.4700,176.5300,371.47352000
2019-10-06,176.6800,176.9500,168.2700,170.4300,300.56547000
2019-10-07,170.1400,182.2300,168.8100,180.2000,724.04013000
2019-10-08,180.7900,184.8400,177.3700,181.0400,652.36017000
2019-10-09,180.9200,195.5200,179.5900,194.0200,1708.56502000
2019-10-10,193.1700,194.3600,187.5100,191.5300,956.08111000
2019-10-11,192.0300,196.6300,179.6600,180.8500,1365.40537000
2019-10-12,180.8100,184.7400,178.2000,180.1100,682.88764000
2019-10-13,179.4300,184.6600,178.8800,181.1900,767.26505000
2019-10-14,180.8000,187.7000,180.6400,186.8400,974.02002000
2019-10-15,186.8900,188.3800,177.7200,180.5000,1961.03256000
2019-10-16,180.4400,181.2200,172.1900,174.6000,1940.00946000
2019-10-17,174.6100,178.8900,172.8200,177.2800,1860.79506000
2019-10-18,177.1600,177.6900,168.5700,172.9900,1927.18398000
2019-10-19,173.1300,176.0800,169.8400,171.9300,1898.85754000
2019-10-20,171.9200,176.6800,169.3900,175.4300,1687.24287000
2019-10-21,175.4200,178.0400,171.8100,174.3700,1791.41520000
2019-10-22,174.3300,175.2800,170.4900,171.3200,1790.37168000
2019-10-23,171.3700,171.5700,153.4100,162.5400,4711.06416000
2019-10-24,162.4700,163.8500,159.3600,160.6500,5537.08717000
2019-10-25,160.6500,187.5800,160.5500,181.6500,3548.40721000
2019-10-26,181.8500,197.9000,173.9100,179.9700,4216.83411000
2019-10-27,179.9500,188.9600,176.7100,184.3500,4517.41941000
2019-10-28,184.3900,189.8300,180.8000,182.1800,3111.50905000
2019-10-29,181.9500,193.0000,181.6700,190.8900,3474.64547000
2019-10-30,190.8900,192.1300,180.2200,183.3700,3166.70784000
2019-10-31,183.4200,185.4200,178.0200,182.4700,2521.92694000
2019-11-01,182.4300,184.7000,178.1500,183.1400,1205.08158000
2019-11-02,183.4100,186.0000,182.0300,183.1000,409.75382000
2019-11-03,183.3000,184.7000,179.2700,181.6600,401.24074000
2019-11-04,181.7500,189.3300,180.6800,186.3300,598.09753000
2019-11-05,185.8500,192.2500,183.0000,188.6600,605.79645000
2019-11-06,188.9700,194.1400,188.0400,191.1400,570.39229000
2019-11-07,190.8000,192.1100,184.5200,186.5600,623.30538000
2019-11-08,186.5600,188.0500,181.2000,183.6300,1288.87190000
2019-11-09,183.5100,185.5800,182.7500,184.8700,749.89995000
2019-11-10,184.8000,191.6400,183.3500,188.8900,819.15722000
2019-11-11,189.3400,190.0300,183.8600,184.6400,626.09931000
2019-11-12,184.4700,187.1600,182.2400,186.9200,1262.28567000
2019-11-13,186.6200,189.2700,185.2100,187.6600,885.44248000
2019-11-14,187.8600,188.2100,182.8400,184.5100,615.25994000
2019-11-15,184.4400,186.1500,177.1800,179.8400,668.36367000
2019-11-16,179.8200,183.3200,179.3100,182.2900,361.68070000
2019-11-17,182.3600,186.1000,179.9200,183.9600,1015.82633000
2019-11-18,183.8000,183.8700,174.5500,178.0900,1541.61616000
2019-11-19,177.6800,178.2000,172.4800,175.6500,929.82414000
2019-11-20,175.5900,177.2100,173.4000,174.3300,435.07074000
2019-11-21,174.2400,175.4100,156.8400,160.9200,1578.29000000
2019-11-22,160.8000,162.5100,138.4400,150.0800,3474.94006000
2019-11-23,149.8300,154.5000,146.3100,151.9900,891.97070000
2019-11-24,152.1800,152.9500,138.7400,140.0000,649.00306000
2019-11-25,139.9700,151.4900,131.9200,145.9300,1666.23608000
2019-11-26,146.5800,149.9000,143.6900,147.6500,542.70589000
2019-11-27,147.6000,156.5500,141.1100,152.7600,2258.05538000
2019-11-28,152.9700,154.6700,149.3400,151.0400,435.37481000
2019-11-29,150.4000,157.3700,150.4000,154.7000,723.38241000
2019-11-30,154.7200,155.4200,150.0500,151.7200,697.76914000
2019-12-01,151.6100,152.5700,145.9700,151.4300,1296.83845000
2019-12-02,151.1700,151.3700,146.8500,148.8900,909.84018000
2019-12-03,149.0400,149.9500,145.8700,147.4900,948.04448000
2019-12-04,146.5700,152.1400,143.3700,145.4800,1943.57049000
2019-12-05,145.2500,148.8200,143.8700,148.1800,949.59647000
2019-12-06,148.3000,149.2900,146.0500,148.7200,778.50281000
2019-12-07,148.7800,149.7500,147.2100,147.4400,363.88091000
2019-12-08,147.3200,151.8300,146.4200,150.6600,689.10835000
2019-12-09,150.6200,151.1600,146.7400,147.5100,761.48115000
2019-12-10,147.3800,148.2200,143.8500,145.6000,695.16624000
2019-12-11,145.5100,146.2900,142.2100,143.2400,1015.02385000
2019-12-12,143.6400,145.8300,139.1600,144.7300,1021.06025000
2019-12-13,145.0600,145.3000,142.7600,144.6900,825.77774000
2019-12-14,144.8300,145.0200,141.1100,141.8700,515.21446000
2019-12-15,141.6800,143.8600,140.0100,142.5000,530.50464000
2019-12-16,142.5500,142.5500,130.0000,132.4400,1986.07144000
2019-12-17,132.4500,132.6400,119.4400,122.0000,1964.73932000
2019-12-18,122.0000,134.1600,116.3600,133.0200,2913.86818000
2019-12-19,133.2700,134.0600,125.8400,128.1200,1695.57200000
2019-12-20,128.3700,129.1900,126.0000,128.4000,507.50799000
2019-12-21,128.3000,128.5300,126.6200,127.2200,210.09412000
2019-12-22,127.0500,133.0500,126.9800,132.2100,541.67507000
2019-12-23,132.3200,135.1700,126.1600,127.8000,1067.96748000
2019-12-24,127.8700,129.6000,126.7200,127.8200,547.64567000
2019-12-25,127.7300,127.7800,123.3200,124.8600,439.81037000
2019-12-26,125.0500,131.9500,124.1900,125.2600,858.46469000
2019-12-27,125.2000,126.6400,122.2300,126.1600,295.59445000
2019-12-28,126.0400,129.5100,126.0400,128.1200,411.92028000
2019-12-29,127.7200,137.6600,126.9800,134.4400,772.28781000
2019-12-30,134.2300,135.5700,130.0500,130.9100,874.73712000
2019-12-31,130.7000,132.9600,128.0600,128.6400,1601.08642000
2020-01-01,128.6400,132.6700,128.2100,130.3300,1014.38287000
2020-01-02,130.0000,130.0000,126.0600,126.9000,1339.55190000
2020-01-03,127.0100,134.9300,125.4300,133.7100,660.70515000
2020-01-04,134.3900,135.2300,132.4600,133.8700,395.09383000
2020-01-05,134.6400,137.9500,134.2400,135.2600,1297.00557000
2020-01-06,135.1400,144.2300,134.7700,143.9900,1458.50897000
2020-01-07,144.5500,145.1800,139.1800,143.0300,1079.23189000
2020-01-08,142.8700,147.7500,137.5900,140.5000,1437.09562000
2020-01-09,140.4900,141.3600,135.4500,137.7000,783.52201000
2020-01-10,137.7000,144.9900,135.2100,144.5300,1330.22228000
2020-01-11,144.5300,148.0000,142.1200,142.5800,837.95408000
2020-01-12,142.0000,146.3600,142.0000,146.2900,531.39412000
2020-01-13,147.0000,147.0000,142.2800,143.8200,528.42421000
2020-01-14,143.5000,171.0000,143.5000,166.0200,4814.78304000
2020-01-15,165.5700,171.7400,159.4600,166.2600,2621.56479000
2020-01-16,167.0000,167.1400,158.4900,164.3200,1289.50324000
2020-01-17,164.9600,174.4100,162.2400,170.3400,2991.47327000
2020-01-18,170.0000,179.2400,164.6400,173.9200,3571.92477000
2020-01-19,173.9700,178.1600,162.0100,166.7900,2281.64681000
2020-01-20,167.2600,169.1800,161.3500,166.7600,1547.24891000
2020-01-21,166.8600,169.8900,164.9300,169.4400,1741.61785000
2020-01-22,169.6300,171.0100,165.9700,167.5600,1037.79255000
2020-01-23,167.7100,167.7100,158.7600,162.6500,2135.45426000
2020-01-24,162.2700,164.1900,155.3200,162.2100,1334.27056000
2020-01-25,162.0400,162.1300,157.5200,160.3100,941.07479000
2020-01-26,160.0000,167.7700,159.2000,167.4000,484.26054000
2020-01-27,167.7600,171.8800,165.2200,169.9500,1475.57108000
2020-01-28,169.9600,178.0200,169.9600,175.8900,3445.08491000
2020-01-29,176.0200,178.3000,173.3100,173.4000,2677.34332000
2020-01-30,173.3400,186.8400,170.3900,184.1700,3157.19462000
2020-01-31,184.2700,185.4600,174.9900,179.7500,2229.59975000
2020-02-01,179.7500,184.0000,179.0500,183.4800,1941.57099000
2020-02-02,183.4700,193.4400,179.2100,188.7300,3601.58574000
2020-02-03,187.7700,196.0000,186.6400,189.7800,2694.59855000
2020-02-04,190.1000,191.2700,184.3900,188.3600,2492.41927000
2020-02-05,188.3100,207.6900,187.6700,203.8600,4071.85252000
2020-02-06,203.8900,216.1800,201.1400,212.9700,3330.91962000
2020-02-07,212.8900,224.2500,212.8900,223.3500,3457.22434000
2020-02-08,223.2600,227.8500,213.2900,223.2200,3081.09380000
2020-02-09,223.2200,231.0300,223.2200,228.7300,2225.85651000
2020-02-10,228.7700,229.4000,216.9900,223.0700,2034.17297000
2020-02-11,223.0000,239.8000,218.1300,237.8700,3074.58257000
2020-02-12,238.0100,276.0000,238.0100,266.2100,5592.60107000
2020-02-13,266.5100,278.6600,257.5000,269.0500,5595.96137000
2020-02-14,269.1200,287.7200,260.4300,286.1500,4275.15377000
2020-02-15,285.7700,289.1400,262.0000,265.1600,7149.91286000
2020-02-16,264.8800,274.5000,237.1400,260.1100,9120.60581000
2020-02-17,259.5100,268.4400,242.7500,267.7100,8911.32557000
2020-02-18,268.3700,286.2200,259.4500,282.9000,7615.13777000
2020-02-19,283.4000,287.0000,251.4600,258.9800,9718.20431000
2020-02-20,258.2900,264.1800,245.6500,257.6300,6916.76756000
2020-02-21,257.5700,268.8300,254.5900,265.7000,4835.47984000
2020-02-22,265.7000,266.6900,256.6100,262.1900,2756.00621000
2020-02-23,262.1900,276.6200,261.6100,276.0000,4569.76781000
2020-02-24,276.0000,277.8500,257.0200,265.8000,5786.03292000
2020-02-25,265.6500,266.0800,244.8100,246.5600,5143.26832000
2020-02-26,246.2900,249.7900,216.0000,223.5300,10999.59655000
2020-02-27,223.7000,238.4500,209.8000,227.0000,8518.57464000
2020-02-28,227.8400,234.5200,213.6700,227.5400,5410.08711000
2020-02-29,227.6000,233.0000,217.2300,217.4200,4438.47438000
2020-03-01,217.3000,227.7800,212.2400,217.8400,3590.82899000
2020-03-02,217.5600,234.0800,215.9200,232.0000,3021.12647000
2020-03-03,232.0500,232.4000,220.1000,223.7600,2836.04370000
2020-03-04,223.5600,228.6700,220.4000,224.6600,3977.50079000
2020-03-05,224.7000,234.3000,224.5500,228.7000,6394.67910000
2020-03-06,228.5300,246.6900,227.8600,245.6100,4523.29497000
2020-03-07,246.0000,252.3600,236.6300,237.4600,6467.40480000
2020-03-08,237.3100,237.3100,196.3900,199.3000,13622.75279000
2020-03-09,199.4900,208.4900,190.0100,203.2300,17801.69498000
2020-03-10,202.9600,206.3300,195.6800,200.4800,5427.16960000
2020-03-11,200.6300,203.0000,181.8100,194.7900,10192.70266000
2020-03-12,195.3100,195.5400,101.0000,108.5600,44045.19032000
2020-03-13,108.5600,140.6000,83.4900,135.2300,24545.93659000
2020-03-14,135.4300,136.5800,120.7200,122.3000,7412.18533000
2020-03-15,122.1500,134.0100,120.0000,123.3900,8981.53640000
2020-03-16,122.0000,123.6900,100.8200,111.0000,16840.60676000
2020-03-17,111.2000,121.9900,109.6000,116.3700,6726.63714000
2020-03-18,116.1700,118.9900,110.3700,118.5900,9015.21847000
2020-03-19,118.7100,143.5100,115.9800,137.2000,12103.35482000
2020-03-20,137.1300,153.1600,117.6400,133.6800,16492.29199000
2020-03-21,133.5000,137.5000,125.9300,132.8100,6623.77891000
2020-03-22,132.5000,137.0300,121.0700,122.3500,10422.61608000
2020-03-23,121.9100,138.1600,119.4700,136.3700,9758.04530000
2020-03-24,136.8000,144.1800,133.0000,138.8900,11521.09685000
2020-03-25,138.5000,142.6500,133.0200,136.4100,7305.92833000
2020-03-26,136.3000,139.7200,133.5000,138.9600,6315.50890000
2020-03-27,139.0000,141.6800,130.2500,131.4600,7167.49292000
2020-03-28,131.4600,133.1000,125.0000,131.4600,8682.74986000
2020-03-29,131.4200,131.9100,124.0000,124.3800,5162.44211000
2020-03-30,124.8400,135.5100,124.0800,132.3700,6230.32613000
2020-03-31,132.3500,135.2200,130.7100,133.1000,4371.53720000
2020-04-01,133.1000,137.0000,128.9700,136.1800,6680.48107000
2020-04-02,136.1200,150.0000,135.5000,141.3600,9848.24047000
2020-04-03,140.9400,146.7400,138.0300,141.3600,5064.36147000
2020-04-04,141.2500,146.5000,139.1400,144.2400,4028.14329000
2020-04-05,144.7400,145.8200,141.0000,142.9100,2256.68618000
2020-04-06,143.3500,171.9500,143.0900,171.7000,16419.52257000
2020-04-07,171.7000,176.2500,162.0500,164.7100,14244.75252000
2020-04-08,164.8000,174.5400,163.8400,173.1400,5684.75633000
2020-04-09,173.1900,173.5500,166.0000,169.9900,5424.30725000
2020-04-10,169.9000,169.9800,152.6900,158.0300,6631.81532000
2020-04-11,158.2500,161.7800,154.1600,158.4000,2830.50310000
2020-04-12,158.7900,165.3500,155.4800,158.7700,4079.73725000
2020-04-13,158.5900,159.4400,150.0000,156.8500,4756.33790000
2020-04-14,156.8000,162.1600,155.7800,158.5900,4686.85737000
2020-04-15,157.9300,162.3500,152.1300,153.0100,3307.14603000
2020-04-16,153.0100,175.3600,148.6100,172.8000,12820.47065000
2020-04-17,172.6900,175.0000,168.5100,170.7700,5201.61773000
2020-04-18,170.7600,189.6500,170.7300,188.1400,8298.36880000
2020-04-19,188.3700,188.5000,176.5000,180.5400,6088.83715000
2020-04-20,180.4200,186.5000,167.0000,170.6600,10012.50170000
2020-04-21,170.2800,174.9700,168.4200,170.7800,5822.95492000
2020-04-22,170.9100,184.2600,170.1100,183.1000,9810.07904000
2020-04-23,183.0800,194.5800,178.5500,185.4800,13310.43020000
2020-04-24,185.7500,190.0100,185.1100,187.6100,4248.63317000
2020-04-25,187.5000,198.2100,186.1500,194.6500,5207.33890000
2020-04-26,194.1800,200.0000,192.6600,197.6900,4389.58618000
2020-04-27,197.8400,199.1300,190.0000,196.7200,8102.27148000
2020-04-28,196.7500,197.7000,192.9300,196.9800,2628.44528000
2020-04-29,196.6700,219.2600,196.6700,215.8500,10883.80814000
2020-04-30,215.8400,227.0200,202.7300,206.3400,15053.40616000
2020-05-01,206.2700,217.4300,206.2000,211.7800,6423.46314000
2020-05-02,212.2000,215.5000,210.8600,214.1800,4015.80277000
2020-05-03,214.1800,219.1600,205.3600,209.9000,5811.66658000
2020-05-04,210.1700,210.7800,194.5700,206.6500,7034.35623000
2020-05-05,206.6500,211.9000,200.4800,205.7500,4167.69813000
2020-05-06,205.6200,211.0000,198.1800,198.8800,6191.41245000
2020-05-07,198.9000,215.6500,195.9600,212.3700,10585.63903000
2020-05-08,212.7200,217.1400,207.0000,211.6600,5817.48074000
2020-05-09,211.6700,215.2500,208.5600,210.0300,4598.30645000
2020-05-10,210.3400,210.3400,180.5500,188.0800,11318.57073000
2020-05-11,187.7900,193.4800,175.8200,186.0300,7400.39135000
2020-05-12,185.8200,192.3200,185.5800,189.3500,3335.74165000
2020-05-13,189.9000,201.3600,188.7300,200.0400,3380.52548000
2020-05-14,200.3000,206.0500,195.9500,203.4600,5536.53910000
2020-05-15,203.8900,204.2000,190.5000,194.7500,4906.41081000
2020-05-16,193.7200,203.2800,193.3300,200.5200,3178.21635000
2020-05-17,200.4200,209.9000,199.6500,207.0900,5264.83776000
2020-05-18,207.2300,216.8800,207.2300,214.8600,4899.24726000
2020-05-19,214.9000,215.9200,209.3600,214.7600,3529.70663000
2020-05-20,214.4700,215.4900,205.1000,209.9100,3933.21468000
2020-05-21,209.5400,211.4500,192.0000,198.3000,8317.52036000
2020-05-22,198.3000,209.1000,196.2500,207.2700,3260.13280000
2020-05-23,207.4200,211.2700,204.7400,206.5000,3106.30562000
2020-05-24,206.5700,210.5000,199.5500,199.5500,5280.61229000
2020-05-25,199.4700,205.5600,198.0500,204.1100,3033.69855000
2020-05-26,204.3600,204.8600,196.8800,201.0300,3198.67459000
2020-05-27,201.0300,208.4000,201.0300,208.2900,2572.53660000
2020-05-28,208.3900,220.5000,204.7200,220.4700,5814.75042000
2020-05-29,220.4700,224.8700,217.5400,220.5800,3829.64196000
2020-05-30,220.6000,247.2900,218.7300,243.3700,7738.60100000
2020-05-31,243.7200,245.2300,229.5900,231.5400,6848.06678000
2020-06-01,231.4300,252.0100,230.5900,248.6300,6485.86634000
2020-06-02,248.7700,253.4600,226.6600,237.5200,8146.84467000
2020-06-03,237.9300,245.0000,233.5900,244.3700,4303.42115000
2020-06-04,244.6400,246.7300,235.9700,243.2200,4317.03172000
2020-06-05,243.1100,247.6000,239.3500,240.0900,3704.09117000
2020-06-06,239.6800,244.4000,237.9500,242.2200,2993.01854000
2020-06-07,241.8300,245.4400,234.8100,244.7200,5635.30250000
2020-06-08,244.8300,247.7000,241.0500,246.4900,2831.54433000
2020-06-09,246.5000,249.9400,238.6300,244.0400,4273.97060000
2020-06-10,244.0400,250.8300,242.2800,248.1800,4671.43228000
2020-06-11,248.2100,250.2000,225.6000,230.1300,8037.26776000
2020-06-12,230.0000,239.0800,228.3600,237.6200,5350.06981000
2020-06-13,237.9000,238.8700,234.2900,238.1600,1665.92737000
2020-06-14,238.1500,238.4100,229.9200,231.5600,1918.18133000
2020-06-15,231.3700,233.5500,218.2500,230.7500,5012.33395000
2020-06-16,230.9900,235.9600,228.8700,235.3700,2545.01305000
2020-06-17,235.4800,237.8900,227.9200,233.6600,2657.08968000
2020-06-18,233.7100,234.4500,226.8700,231.2400,2356.85322000
2020-06-19,231.1800,231.7200,226.5300,228.6500,1746.10937000
2020-06-20,228.8600,230.4600,225.2500,228.9100,1336.63249000
2020-06-21,229.3300,231.2400,227.1700,227.8300,1453.77010000
2020-06-22,227.5200,247.4800,227.3300,243.4400,4087.81453000
2020-06-23,243.8000,244.8900,240.6500,243.2300,2936.31257000
2020-06-24,243.0100,249.0000,231.0000,234.6300,6187.38038000
2020-06-25,234.4900,235.0000,227.2300,232.5300,3744.15602000
2020-06-26,232.1700,233.2500,227.4800,229.5000,2011.16388000
2020-06-27,229.4500,230.8000,216.0300,220.7900,2567.65012000
2020-06-28,220.5400,228.9600,217.6900,224.8100,2397.33591000
2020-06-29,225.0400,229.9500,221.0000,228.2000,2503.26840000
2020-06-30,228.0700,228.6400,223.0000,225.5000,1493.66389000
2020-07-01,225.5100,232.6900,224.1900,231.1300,2314.25058000
2020-07-02,231.1400,232.3000,222.7600,226.6100,3759.08663000
2020-07-03,226.4300,228.4400,224.4600,224.9800,2088.86738000
2020-07-04,224.8400,230.7600,224.8400,229.2500,1913.15189000
2020-07-05,229.5600,229.8500,223.4600,228.0600,3275.32847000
2020-07-06,227.5500,241.9800,226.8600,241.7800,4008.00614000
2020-07-07,241.5700,243.5700,234.2700,238.9500,3775.63214000
2020-07-08,239.3900,248.9900,237.8200,247.0000,5273.58585000
2020-07-09,246.7400,247.5600,238.0000,242.1000,2294.99057000
2020-07-10,242.1300,242.1300,236.0000,241.2400,3196.48990000
2020-07-11,241.3200,241.5500,237.7000,239.3100,2472.13811000
2020-07-12,239.3100,244.4400,236.2300,242.9400,3758.29976000
2020-07-13,242.7600,245.0900,237.2500,239.6300,5248.05406000
2020-07-14,239.2900,242.1200,236.8200,240.5000,3076.19549000
2020-07-15,240.5100,241.3600,236.7000,238.5100,2597.13831000
2020-07-16,238.4900,239.2100,229.7000,233.5500,3457.23044000
2020-07-17,233.5500,234.5300,231.4900,232.9800,2076.47682000
2020-07-18,232.8000,236.9300,232.3600,235.8800,2573.44475000
2020-07-19,235.7900,239.9000,233.4400,239.1200,3307.49774000
2020-07-20,239.1200,239.8800,233.6000,236.1800,5553.07786000
2020-07-21,235.9900,246.9500,235.6400,245.8000,5475.32071000
2020-07-22,245.6100,269.6300,241.8100,264.5000,6637.04133000
2020-07-23,264.7600,280.1500,259.9400,275.8600,10959.11592000
2020-07-24,275.3300,288.0600,268.5200,279.7800,10336.10328000
2020-07-25,279.8000,309.5200,279.6600,305.9500,17245.36630000
2020-07-26,305.9500,320.0700,299.8400,311.4900,13876.25191000
2020-07-27,311.3400,334.1100,311.2800,322.3000,21285.60963000
2020-07-28,322.7300,326.9800,306.2300,317.2200,8687.16548000
2020-07-29,317.8800,325.3200,313.0000,318.6300,7114.58592000
2020-07-30,318.3400,342.0000,314.7200,335.1200,8368.36905000
2020-07-31,335.1200,350.4200,329.0000,347.3200,7336.57911000
2020-08-01,347.3200,393.5700,344.0000,387.4300,14278.51637000
2020-08-02,387.3600,415.9800,340.7000,371.6400,23077.42754000
2020-08-03,371.9500,398.2700,365.1300,386.1800,11046.92029000
2020-08-04,386.9500,402.7000,380.7500,389.5300,9329.10707000
2020-08-05,389.8400,408.0300,384.1600,401.3100,10659.34185000
2020-08-06,401.4800,404.4800,391.3700,395.0500,6850.65582000
2020-08-07,395.0500,398.5800,375.5400,379.6000,5984.20060000
2020-08-08,379.6000,397.3600,376.2600,397.3600,6248.95460000
2020-08-09,397.4600,400.4600,384.0800,389.9900,7485.71662000
2020-08-10,390.6500,400.1100,386.0000,395.8300,6455.04293000
2020-08-11,395.6000,398.4500,366.6000,378.9500,10143.25337000
2020-08-12,378.9500,389.4800,365.8800,387.1200,6633.10863000
2020-08-13,387.4700,431.8800,377.2400,424.7400,19300.19270000
2020-08-14,424.8500,444.5000,418.1900,438.1200,12332.46421000
2020-08-15,438.4700,443.1800,427.3800,432.4800,10014.95469000
2020-08-16,432.8800,436.6100,412.2800,434.0000,6956.85567000
2020-08-17,434.0000,447.2200,420.7600,431.1400,8034.69006000
2020-08-18,431.4000,434.8700,413.5300,422.3100,7261.64646000
2020-08-19,422.1600,426.5000,393.7900,407.9200,8047.80007000
2020-08-20,407.8800,419.1000,402.4300,416.0200,5069.77210000
2020-08-21,416.1500,419.0000,384.5000,387.2100,8758.23577000
2020-08-22,388.0000,397.4000,379.5300,395.8800,6830.22186000
2020-08-23,395.7000,397.2100,383.3900,391.1400,3197.48293000
2020-08-24,391.1200,410.3600,387.5100,408.0500,4481.44825000
2020-08-25,407.7800,409.1200,370.0000,383.3300,7156.39528000
2020-08-26,383.3300,393.0000,377.6400,385.7700,4978.31650000
2020-08-27,386.2500,396.8600,371.5000,382.7300,5388.83367000
2020-08-28,383.2800,398.0000,379.8800,395.4300,4386.12370000
2020-08-29,395.4200,405.7000,392.0500,398.7700,3781.00488000
2020-08-30,398.5200,429.5100,398.3200,428.9000,5380.76501000
2020-08-31,429.5700,438.8500,418.3700,433.9900,5951.22969000
2020-09-01,433.9900,489.4000,429.4600,475.7200,11729.54859000
2020-09-02,475.3800,481.4400,421.5400,440.1100,13701.68865000
2020-09-03,440.5800,451.6500,373.1500,382.0500,14065.79715000
2020-09-04,382.0700,400.6100,360.0000,386.0800,10207.47997000
2020-09-05,386.0300,394.8600,310.1300,334.9600,17672.26702000
2020-09-06,334.8300,360.1100,317.3100,352.8400,9289.64649000
2020-09-07,352.2000,358.4000,322.0100,353.4800,8985.65051000
2020-09-08,353.7500,356.1400,325.6900,336.7900,8175.46179000
2020-09-09,337.1700,358.9800,330.8600,351.0100,6305.16548000
2020-09-10,350.4100,377.7000,350.4100,368.0000,6927.07831000
2020-09-11,367.7800,375.0300,355.6600,374.3300,4978.51654000
2020-09-12,374.0000,388.1800,365.0500,387.4000,3064.23732000
2020-09-13,387.6800,389.9800,352.0000,365.9600,7292.28318000
2020-09-14,366.0000,384.5000,356.3400,376.7200,6591.86046000
2020-09-15,377.3600,382.3100,362.4800,363.8900,4957.37064000
2020-09-16,364.2500,373.5700,354.0700,365.4000,4161.26804000
2020-09-17,365.0100,394.2000,363.5300,389.4000,7796.00283000
2020-09-18,389.3400,392.5800,375.2300,383.8900,3749.48074000
2020-09-19,384.5000,388.2600,377.2900,385.1300,3200.75879000
2020-09-20,385.2000,385.2400,365.0000,370.9400,4676.31996000
2020-09-21,370.6800,376.2800,330.9800,340.0000,7047.07302000
2020-09-22,340.0000,346.9200,335.8200,344.0000,3960.72226000
2020-09-23,344.0000,344.4000,313.8300,320.2600,5283.37809000
2020-09-24,320.4800,353.0000,316.8300,349.0000,5143.11049000
2020-09-25,348.9500,358.1800,337.6800,351.3200,3488.08205000
2020-09-26,352.2600,356.1400,346.0600,353.9700,1585.62494000
2020-09-27,354.3000,362.0200,347.3000,357.5600,1640.85868000
2020-09-28,357.8100,368.0000,351.6000,354.0000,3659.69456000
2020-09-29,353.5300,360.6800,350.5000,359.5500,3956.03710000
2020-09-30,360.0300,361.3400,351.5500,359.5200,2085.76690000
2020-10-01,360.0000,369.0900,345.5400,352.9400,4656.05337000
2020-10-02,352.7900,354.0000,334.6000,345.5100,4493.41901000
2020-10-03,345.8800,351.0700,343.9900,346.2700,1402.86173000
2020-10-04,345.4500,354.4200,344.1300,352.4600,1797.32370000
2020-10-05,352.6600,355.6800,349.0000,353.5200,2792.42972000
2020-10-06,353.9200,355.0300,336.5200,340.3100,4079.76690000
2020-10-07,340.5300,342.5600,333.5000,341.7000,1910.48458000
2020-10-08,341.7200,353.1800,334.5000,350.9000,2105.14265000
2020-10-09,351.2600,368.4500,347.4700,365.4000,2393.62190000
2020-10-10,365.2900,378.6400,365.0000,370.6900,1920.18954000
2020-10-11,370.4800,377.4100,369.4900,374.7400,1339.11096000
2020-10-12,373.9700,394.8900,365.7600,386.7000,3428.63066000
2020-10-13,386.7000,387.7000,374.3800,381.2600,2328.21530000
2020-10-14,381.2600,387.5500,373.1400,379.3400,2018.62283000
2020-10-15,379.2700,381.6300,370.3500,377.7500,1728.41512000
2020-10-16,377.7700,380.0000,359.2900,365.6500,3360.77495000
2020-10-17,365.4900,370.3300,363.8100,368.2400,908.89388000
2020-10-18,368.0200,378.5100,367.4900,378.0100,1639.82664000
2020-10-19,378.6000,384.2800,373.2000,378.6900,2345.21039000
2020-10-20,379.5600,380.8000,366.1400,368.8000,3184.71673000
2020-10-21,368.9800,402.0200,368.3800,391.3900,8057.85376000
2020-10-22,391.3000,421.0000,391.3000,414.3000,6471.42334000
2020-10-23,414.4200,419.1600,402.0000,409.9800,3369.61979000
2020-10-24,410.0000,417.0700,407.8200,412.6200,2520.61707000
2020-10-25,412.3600,417.6700,404.0000,406.1900,1597.63238000
2020-10-26,406.5100,411.3000,382.5000,393.3200,5544.61812000
2020-10-27,393.0200,410.2200,390.4200,403.8800,3476.75483000
2020-10-28,403.6200,409.3700,380.8200,388.6600,4334.23509000
2020-10-29,388.3900,394.0200,380.8000,387.4000,2362.12102000
2020-10-30,387.4000,392.0800,374.0000,382.7800,3998.15705000
2020-10-31,382.5900,393.9400,380.8600,387.0000,2316.32699000
2020-11-01,386.1100,397.9000,385.1600,396.8500,1529.03222000
2020-11-02,397.2300,405.1100,378.3300,383.7200,3878.09055000
2020-11-03,383.1900,390.2100,370.4600,387.8500,2698.14903000
2020-11-04,388.3500,408.6200,376.9700,402.8300,5085.97038000
2020-11-05,403.0000,420.9800,396.9200,417.3100,6281.64311000
2020-11-06,417.4800,458.7100,415.5400,456.4900,7392.21543000
2020-11-07,456.6900,468.9500,425.0000,435.9500,9632.10577000
2020-11-08,435.8100,460.5200,432.5500,455.1900,4045.53256000
2020-11-09,454.8200,459.0000,434.3000,444.4000,5081.91567000
2020-11-10,444.5300,455.2700,438.8900,450.7500,4222.67405000
2020-11-11,450.9800,476.7900,450.0300,464.4200,5569.85909000
2020-11-12,463.7700,470.2100,452.3700,463.0300,4976.77379000
2020-11-13,463.0000,478.2600,457.6200,477.0000,5339.24201000
2020-11-14,477.0800,478.0100,452.2200,461.3300,4921.42753000
2020-11-15,461.3500,463.0600,440.7000,448.5500,4098.54082000
2020-11-16,448.0000,466.2400,445.9400,460.5600,3681.00915000
2020-11-17,460.5600,485.0000,460.0800,482.6500,5921.85760000
2020-11-18,482.6600,495.0000,440.0000,479.8700,9545.86018000
2020-11-19,478.5700,480.6500,465.5500,471.9000,3994.65653000
2020-11-20,471.5800,514.3600,471.2700,509.8700,7835.99365000
2020-11-21,510.6200,553.7000,502.6100,552.6400,9107.91477000
2020-11-22,552.6400,581.0700,512.0100,560.8200,11745.77513000
2020-11-23,560.8900,611.0000,550.3200,609.4700,12506.98974000
2020-11-24,609.0000,622.2200,589.0000,605.1500,14188.86815000
2020-11-25,605.2700,606.0700,554.3500,570.1200,8409.53562000
2020-11-26,568.9200,577.2000,475.2900,519.6800,19807.46657000
2020-11-27,520.2100,530.8500,493.6400,518.9600,6566.98172000
2020-11-28,518.9600,548.6800,507.1000,537.9800,5467.76039000
2020-11-29,537.9200,577.5200,531.2100,576.4900,5128.36705000
2020-11-30,577.1800,616.7100,571.3400,616.6800,10307.85355000
2020-12-01,617.0000,636.2600,563.7300,585.7800,14955.90466000
2020-12-02,585.5000,604.3700,575.6200,597.7100,7008.12432000
2020-12-03,597.4000,623.5600,586.3400,617.0000,5339.80085000
2020-12-04,616.6700,620.3900,566.0000,567.7500,7455.91219000
2020-12-05,567.4100,597.5400,561.0700,597.4000,3484.32890000
2020-12-06,597.5200,607.8000,583.3100,601.8600,3722.67235000
2020-12-07,601.6700,603.0000,583.6700,591.3200,2415.19863000
2020-12-08,590.9400,595.0000,549.1600,554.6600,7005.13326000
2020-12-09,554.7300,577.5200,530.5200,573.9500,7240.10138000
2020-12-10,573.7000,575.7400,548.0500,558.5900,4837.48130000
2020-12-11,559.1100,560.2000,535.4300,543.8300,7350.25440000
2020-12-12,544.2700,574.1600,543.0500,568.3000,4328.27190000
2020-12-13,568.3000,595.0000,563.8300,590.6600,3779.83151000
2020-12-14,589.7800,591.4100,575.1000,586.2200,2452.43904000
2020-12-15,586.8700,596.7600,578.7500,589.2400,3366.13798000
2020-12-16,588.9700,640.0000,580.8800,637.7000,8519.70913000
2020-12-17,638.2700,676.8000,626.4700,643.7300,14786.09851000
2020-12-18,643.6400,664.6600,630.0800,655.1300,6825.27157000
2020-12-19,654.9700,671.3300,646.4900,659.8700,5281.65223000
2020-12-20,659.0000,660.8000,621.2100,638.4300,5979.38194000
2020-12-21,638.4300,648.1700,595.8400,607.7700,8227.75920000
2020-12-22,608.5200,638.0000,588.3000,637.0000,7506.41602000
2020-12-23,637.0800,638.2300,551.0000,585.5700,12371.07229000
2020-12-24,585.1100,615.0000,565.8400,611.9200,7084.58404000
2020-12-25,612.8800,633.7300,604.3200,626.5500,7245.73514000
2020-12-26,626.6600,652.8400,616.1200,637.0400,8537.41685000
2020-12-27,636.6200,717.3200,625.7500,683.6100,19041.61544000
2020-12-28,685.2200,747.0000,681.2300,729.9500,14229.46410000
2020-12-29,729.3100,739.1800,688.7500,731.7400,11589.22915000
2020-12-30,732.2100,758.6300,716.4400,752.7700,9247.61386000
2020-12-31,753.1600,755.6200,722.7700,737.7300,7190.98017000
2021-01-01,738.2300,750.1700,716.6500,730.6300,6277.17613000
2021-01-02,731.3300,788.8800,717.2700,775.5000,14995.70735000
2021-01-03,775.5700,1012.5000,770.0000,979.0900,36197.45052000
2021-01-04,980.5200,1169.0500,880.0000,1043.1800,45732.40441000
2021-01-05,1041.8800,1135.4400,976.0500,1103.4700,34004.23957000
2021-01-06,1103.0000,1216.0000,1058.8200,1209.6800,26212.07770000
2021-01-07,1213.4100,1290.0000,1140.0000,1224.9600,24819.92275000
2021-01-08,1227.5000,1274.8100,1059.9000,1217.8200,29399.23916000
2021-01-09,1216.8400,1317.8300,1173.3300,1281.1100,17471.42235000
2021-01-10,1281.3100,1349.9900,1155.0000,1254.4400,24075.44088000
2021-01-11,1254.4400,1260.1500,912.0000,1089.3800,51588.82076000
2021-01-12,1088.9900,1149.9700,1004.8800,1049.2000,27633.79970000
2021-01-13,1049.8000,1137.2200,987.3000,1131.3400,23568.94402000
2021-01-14,1130.9400,1247.0000,1087.0700,1231.5900,25798.45724000
2021-01-15,1231.5000,1255.3200,1070.1000,1169.6800,29892.03360000
2021-01-16,1168.9700,1293.1100,1152.5000,1227.5700,19206.53027000
2021-01-17,1228.6500,1268.8700,1166.2900,1233.0600,16744.26330000
2021-01-18,1233.1400,1261.0800,1183.3300,1258.0000,14597.38421000
2021-01-19,1258.0000,1439.9500,1253.0000,1368.6900,31403.98191000
2021-01-20,1368.6100,1408.1400,1233.8600,1376.9300,26828.73905000
2021-01-21,1376.9900,1389.8300,1086.7300,1109.5600,33508.17523000
2021-01-22,1109.5600,1275.0600,1040.4100,1234.8100,28334.78147000
2021-01-23,1234.4200,1272.9900,1197.6400,1234.2400,12392.38504000
2021-01-24,1234.1900,1400.0000,1221.3300,1393.9300,21002.38662000
2021-01-25,1394.6400,1475.3200,1285.1500,1317.3800,32192.00932000
2021-01-26,1318.0000,1379.0000,1245.3300,1368.0200,21701.40949000
2021-01-27,1367.1600,1375.0000,1207.0000,1240.9100,26919.39668000
2021-01-28,1241.0400,1362.9200,1217.9500,1332.6900,21175.35279000
2021-01-29,1332.5200,1440.0000,1287.1000,1379.2400,39288.68351000
2021-01-30,1380.7400,1407.2600,1327.0000,1378.9000,16232.19555000
2021-01-31,1378.9000,1381.0000,1283.0000,1314.6500,15238.51685000
2021-02-01,1313.2300,1377.9800,1270.7800,1374.9900,12875.82973000
2021-02-02,1374.5700,1549.0000,1362.0700,1513.1800,28934.94524000
2021-02-03,1514.1500,1671.9900,1507.6400,1668.0000,24204.26644000
2021-02-04,1667.4500,1698.0000,1556.4500,1597.3700,32488.08614000
2021-02-05,1597.3700,1764.0000,1592.2400,1720.7500,20242.23648000
2021-02-06,1719.9000,1744.7700,1643.0000,1679.6900,19665.24223000
2021-02-07,1680.0000,1694.7200,1491.1400,1614.6700,22537.30317000
2021-02-08,1614.0300,1783.0000,1566.9900,1751.6900,22191.15623000
2021-02-09,1752.4300,1823.6800,1709.9800,1773.0300,20036.75351000
2021-02-10,1772.9700,1843.1400,1680.0000,1741.9000,23551.02837000
2021-02-11,1741.9200,1819.0400,1706.0000,1787.9500,15068.39841000
2021-02-12,1787.9500,1868.1400,1740.7000,1846.0400,16150.09521000
2021-02-13,1843.6500,1875.5100,1766.6100,1817.0000,11944.82453000
2021-02-14,1817.0300,1851.4600,1786.4200,1802.6300,9560.66889000
2021-02-15,1803.1000,1837.2400,1651.0000,1779.5900,17957.45867000
2021-02-16,1781.2800,1826.4000,1725.0000,1783.4800,12463.61266000
2021-02-17,1780.9600,1856.7700,1734.0500,1851.0000,15556.05214000
2021-02-18,1851.0000,1950.7800,1846.0700,1939.8100,15872.12685000
2021-02-19,1937.4700,1974.3200,1889.8000,1958.2500,17307.73975000
2021-02-20,1957.7300,2046.6700,1805.0100,1917.0400,24091.29763000
2021-02-21,1915.0000,1976.1000,1886.2100,1935.3300,10369.11447000
2021-02-22,1935.3200,1938.4800,1510.0000,1779.7700,28860.64390000
2021-02-23,1776.9700,1782.8900,1351.5300,1577.8100,40836.79808000
2021-02-24,1578.2300,1715.0400,1501.8900,1624.9800,20212.04096000
2021-02-25,1624.1200,1672.0000,1459.0000,1480.0000,15941.62203000
2021-02-26,1482.8900,1563.6700,1401.0000,1445.1700,17534.41644000
2021-02-27,1445.2600,1527.9400,1427.4000,1460.1800,17930.95084000
2021-02-28,1459.3500,1469.8100,1290.0000,1422.8600,30102.02117000
2021-03-01,1421.3500,1573.3000,1413.1600,1572.1700,20550.08372000
2021-03-02,1571.0000,1606.0000,1455.0000,1488.4600,15875.56427000
2021-03-03,1487.0000,1657.3500,1477.4000,1567.7700,15560.87317000
2021-03-04,1567.7800,1625.2600,1504.1100,1537.9400,12461.83750000
2021-03-05,1538.6400,1550.5800,1443.4800,1528.6300,12628.95259000
2021-03-06,1529.5800,1671.8800,1512.7200,1651.5100,18925.35555000
2021-03-07,1651.5100,1734.9900,1631.1000,1727.5200,15195.18978000
2021-03-08,1729.0000,1843.9200,1665.2700,1835.0000,16621.24771000
2021-03-09,1835.0000,1872.9000,1798.2700,1872.6500,16183.44852000
2021-03-10,1871.6100,1879.9600,1758.1200,1795.0000,17148.08018000
2021-03-11,1794.1800,1847.6600,1725.1000,1825.8200,14120.83743000
2021-03-12,1826.5400,1842.4600,1720.2200,1767.2100,12444.28724000
2021-03-13,1767.1300,1943.8300,1728.0000,1922.0400,14977.35434000
2021-03-14,1921.5300,1931.9300,1837.2100,1847.3100,8552.09655000
2021-03-15,1849.0700,1890.3500,1734.4000,1794.9300,13397.99978000
2021-03-16,1795.9200,1818.9900,1703.0300,1807.1400,13267.85427000
2021-03-17,1807.1500,1843.6800,1741.3700,1824.3700,10127.67413000
2021-03-18,1824.3700,1853.9500,1759.1400,1775.8800,10169.95084000
2021-03-19,1775.2800,1840.0000,1733.3600,1811.0200,8083.97408000
2021-03-20,1808.5900,1868.8600,1800.4400,1806.9000,7412.71845000
2021-03-21,1806.5300,1817.3700,1748.1400,1783.8900,7947.85708000
2021-03-22,1783.1200,1809.3500,1652.3900,1682.3400,11460.76992000
2021-03-23,1681.4000,1721.1000,1652.0000,1668.3700,9563.99362000
2021-03-24,1667.7300,1740.8300,1544.4500,1582.5800,13588.59267000
2021-03-25,1582.0000,1622.1500,1537.8700,1586.2700,11413.30620000
2021-03-26,1585.9900,1700.7500,1585.9900,1700.0000,7810.04589000
2021-03-27,1700.4600,1733.2100,1666.9100,1712.7700,7141.78611000
2021-03-28,1712.7700,1725.5500,1660.5600,1687.1900,6728.16604000
2021-03-29,1686.8600,1840.9000,1676.6900,1816.5800,11302.93278000
2021-03-30,1816.0000,1859.8100,1785.8600,1841.5300,8456.89278000
2021-03-31,1841.1100,1947.8400,1771.8800,1919.5300,14179.27129000
2021-04-01,1920.0000,1983.2300,1885.3300,1968.1600,12075.35445000
2021-04-02,1968.4000,2145.4500,1948.9900,2133.9800,18599.00268000
2021-04-03,2134.8200,2139.6600,2001.2400,2008.6800,14190.41796000
2021-04-04,2008.6000,2095.7500,1977.0000,2077.2100,9772.22253000
2021-04-05,2076.4700,2130.4000,2003.1200,2107.2400,9899.18223000
2021-04-06,2107.1500,2151.5800,2045.6600,2111.6700,11646.60536000
2021-04-07,2112.6300,2128.8700,1931.0000,1962.3300,16088.42058000
2021-04-08,1962.3300,2084.0400,1947.3800,2080.1100,11084.21186000
2021-04-09,2079.6300,2099.9900,2047.9000,2066.3200,8844.73745000
2021-04-10,2066.3000,2196.9200,2056.5400,2133.8200,15199.82247000
2021-04-11,2133.3400,2163.0300,2111.9200,2150.1400,6771.99024000
2021-04-12,2150.1000,2199.2800,2102.7400,2137.0500,11148.46553000
2021-04-13,2137.0500,2317.7000,2136.0000,2300.6400,14091.35869000
2021-04-14,2302.1400,2446.2800,2282.7100,2431.2400,22888.95890000
2021-04-15,2432.7000,2546.1100,2400.2600,2517.2400,18954.55472000
2021-04-16,2517.2700,2549.2300,2285.0000,2425.5500,25010.63760000
2021-04-17,2425.9600,2497.3900,2316.5000,2318.3300,21475.71636000
2021-04-18,2319.1400,2340.4200,1993.9000,2240.9200,48432.32412000
2021-04-19,2240.4900,2282.5100,2081.1900,2161.8900,28087.36189000
2021-04-20,2162.9000,2348.6600,2051.0000,2332.3600,39942.22907000
2021-04-21,2332.1700,2469.5500,2238.2000,2357.7700,35945.67629000
2021-04-22,2358.1000,2645.6800,2304.7900,2398.5200,52993.68863000
2021-04-23,2399.8100,2442.0000,2050.4200,2369.2100,49860.37137000
2021-04-24,2369.8300,2370.7700,2155.5400,2214.5100,28607.14903000
2021-04-25,2216.6700,2359.0100,2165.2400,2322.0000,28539.70518000
2021-04-26,2322.0000,2544.8600,2305.9000,2535.3200,26493.05173000
2021-04-27,2534.8600,2687.7800,2482.5900,2667.8100,18240.97879000
2021-04-28,2669.0900,2764.7100,2561.0000,2749.9600,26201.45521000
2021-04-29,2752.1300,2800.0000,2671.3300,2758.2500,16851.60693000
2021-04-30,2758.9600,2799.4500,2724.3600,2775.7600,12860.60040000
2021-05-01,2775.8600,2965.1700,2756.6200,2947.9200,15558.87024000
2021-05-02,2948.3900,2986.2400,2855.0100,2952.1400,12624.00328000
2021-05-03,2951.7200,3461.7100,2951.7200,3432.7800,42286.90080000
2021-05-04,3433.3200,3531.4600,3152.4400,3243.0200,51888.16052000
2021-05-05,3240.0000,3548.3900,3206.5000,3529.1300,34102.68088000
2021-05-06,3528.6900,3610.8700,3380.7200,3491.0800,27019.13363000
2021-05-07,3491.8300,3590.6600,3354.2300,3482.8700,21923.35533000
2021-05-08,3482.8600,3975.0000,3454.0300,3914.4100,34878.05988000
2021-05-09,3915.9000,3984.4900,3723.6900,3928.3800,34087.82159000
2021-05-10,3928.3800,4213.4100,3650.0000,3951.6200,47234.06734000
2021-05-11,3950.4000,4184.0600,3773.4700,4179.0000,30720.25010000
2021-05-12,4177.8000,4382.0000,3711.1700,3831.0600,44641.97302000
2021-05-13,3818.8300,4076.7000,3501.0000,3718.4500,59562.95664000
2021-05-14,3719.5200,4178.6900,3691.0600,4079.1800,30177.74286000
2021-05-15,4078.8100,4134.3200,3630.0000,3647.9100,26594.18574000
2021-05-16,3647.5500,3878.7900,3345.0900,3584.2500,38024.27030000
2021-05-17,3583.9100,3588.6400,3111.0000,3283.2600,51306.63354000
2021-05-18,3282.9400,3566.5000,3240.3600,3377.0900,31962.36117000
2021-05-19,3378.1400,3442.7200,1801.0000,2442.3400,101899.33770000
2021-05-20,2440.3300,3000.0000,2153.0000,2775.1700,69955.20250000
2021-05-21,2774.9000,2943.8800,2100.0000,2434.7300,64593.42937000
2021-05-22,2434.8200,2487.6500,2155.0000,2297.4400,57391.91420000
2021-05-23,2297.1000,2382.8400,1730.3200,2099.8600,83071.80719000
2021-05-24,2100.2900,2680.2400,2081.0700,2649.0000,64338.23014000
2021-05-25,2649.0000,2755.0000,2380.0000,2705.4100,52123.09151000
2021-05-26,2706.8600,2913.3200,2645.4600,2890.2600,45799.95294000
2021-05-27,2889.4800,2891.7100,2635.0000,2744.9600,33730.64869000
2021-05-28,2744.3200,2763.4600,2326.8000,2413.4300,42168.95703000
2021-05-29,2413.0300,2574.8300,2207.0000,2280.1200,37229.44733000
2021-05-30,2280.3300,2484.9600,2177.6800,2387.6500,34219.39995000
2021-05-31,2386.3400,2720.0000,2275.1400,2707.1200,34868.48710000
2021-06-01,2707.8300,2740.1100,2522.9600,2633.7500,45619.90923000
2021-06-02,2633.4200,2802.9300,2552.0300,2706.2700,28217.65662000
2021-06-03,2706.5900,2890.0000,2663.7700,2855.8400,26975.12815000
2021-06-04,2856.0000,2861.0900,2550.0000,2689.7200,31927.50980000
2021-06-05,2689.9500,2817.1900,2552.4200,2628.7300,29079.31196000
2021-06-06,2628.6400,2745.0000,2614.2800,2711.5600,17694.05532000
2021-06-07,2712.8600,2847.0000,2571.4500,2593.4800,28978.77125000
2021-06-08,2592.6700,2621.7900,2304.0000,2509.6900,40098.47939000
2021-06-09,2508.7400,2627.4600,2407.5100,2610.8100,36369.46098000
2021-06-10,2611.1500,2624.9700,2428.2300,2472.2200,22535.73301000
2021-06-11,2470.3200,2498.5900,2320.5600,2354.0500,20921.85937000
2021-06-12,2353.5000,2454.7400,2257.3000,2370.6500,18663.07886000
2021-06-13,2371.3700,2551.0300,2309.1200,2509.4600,17801.48047000
2021-06-14,2510.9400,2609.2400,2462.4700,2581.9900,17660.53306000
2021-06-15,2582.1500,2640.2800,2507.8200,2543.5900,15951.42794000
2021-06-16,2543.3900,2555.2700,2350.5100,2368.0800,17715.62853000
2021-06-17,2367.1100,2460.0800,2306.5100,2373.4400,18825.83451000
2021-06-18,2373.7400,2378.1700,2138.7200,2234.6100,23620.77950000
2021-06-19,2234.8800,2278.9600,2162.1500,2165.9400,14947.59477000
2021-06-20,2165.0000,2276.9900,2038.1900,2242.4600,23018.24346000
2021-06-21,2242.7300,2259.6400,1865.0000,1885.6800,61327.42166000
2021-06-22,1885.2000,1996.1000,1700.0000,1880.5100,46000.97494000
2021-06-23,1880.5800,2045.0000,1822.6000,1967.8100,31891.52563000
2021-06-24,1968.1400,2035.8000,1885.2000,1988.8300,18417.33346000
2021-06-25,1989.4000,2019.5100,1791.6000,1809.7200,34569.00776000
2021-06-26,1808.9800,1852.2200,1718.1800,1829.1700,28231.63351000
2021-06-27,1829.4900,1985.4200,1807.0000,1983.0400,18813.58954000
2021-06-28,1984.0100,2144.4000,1961.2300,2084.3200,35024.55257000
2021-06-29,2084.3200,2245.8000,2074.7100,2165.3000,28612.30060000
2021-06-30,2165.3000,2287.3000,2086.4000,2275.7600,31452.47558000
2021-07-01,2276.0900,2276.2500,2073.5800,2105.2400,29057.57657000
2021-07-02,2106.9900,2160.3300,2017.0900,2154.9000,24253.87154000
2021-07-03,2154.5800,2239.3200,2112.7400,2226.5600,15708.72694000
2021-07-04,2227.8200,2389.5100,2190.2600,2323.3500,19330.30364000
2021-07-05,2322.4800,2324.1000,2157.8200,2195.9800,23817.53395000
2021-07-06,2196.8600,2349.8400,2193.5700,2322.3500,20282.45476000
2021-07-07,2321.5800,2409.2900,2292.0000,2317.9800,18959.82265000
2021-07-08,2316.6800,2325.0000,2085.4200,2116.3600,29189.88911000
2021-07-09,2115.8200,2189.3100,2048.1800,2146.0500,37316.08596000
2021-07-10,2146.5200,2192.1800,2075.0000,2111.5900,14165.00156000
2021-07-11,2110.5800,2174.6400,2081.2600,2139.8300,9677.41669000
2021-07-12,2141.4400,2168.0000,2007.3300,2032.2100,13802.49423000
2021-07-13,2031.4900,2046.8200,1918.0100,1941.1400,17663.93581000
2021-07-14,1940.6500,2019.8600,1864.3100,1994.6000,21228.22707000
2021-07-15,1994.4400,2040.4200,1880.3100,1918.8200,17897.85840000
2021-07-16,1918.9200,1965.4700,1850.0000,1876.6600,15053.76509000
2021-07-17,1876.9200,1920.0000,1845.3400,1899.5700,9717.35917000
2021-07-18,1900.1100,1994.1100,1875.0400,1890.8500,13535.91333000
2021-07-19,1891.1400,1918.1100,1802.5000,1817.2600,12568.29966000
2021-07-20,1818.7400,1840.7600,1719.0000,1786.4800,20616.11870000
2021-07-21,1787.0600,2031.7400,1753.6200,1995.6900,27752.83861000
2021-07-22,1996.2000,2046.0700,1948.2500,2025.2700,18935.73162000
2021-07-23,2025.2500,2132.7300,1996.5900,2124.9600,16677.46519000
2021-07-24,2126.0700,2200.0000,2105.8800,2186.1100,17100.28595000
2021-07-25,2185.9300,2197.7200,2107.0000,2192.4700,14734.45349000
2021-07-26,2192.4200,2431.8100,2172.0500,2228.6700,45055.76950000
2021-07-27,2228.2700,2320.2400,2152.3600,2300.3000,30190.26597000
2021-07-28,2300.3800,2350.0000,2245.0000,2300.4400,24348.66144000
2021-07-29,2301.1800,2400.7900,2267.2500,2383.0800,16930.89533000
2021-07-30,2383.8900,2472.3500,2317.5300,2464.0700,27311.24406000
2021-07-31,2463.1800,2555.3300,2422.6500,2532.7200,18279.23860000
2021-08-01,2533.5200,2698.6400,2512.9600,2555.8500,33021.33497000
2021-08-02,2556.2200,2666.3000,2504.9800,2607.9900,30092.29978000
2021-08-03,2607.2500,2632.7500,2444.0000,2508.8400,29882.60482000
2021-08-04,2508.1300,2771.0600,2457.4800,2724.8400,41791.46461000
2021-08-05,2724.9500,2845.0000,2530.9000,2829.8900,66605.42649000
2021-08-06,2829.3400,2950.0000,2721.3000,2893.3800,34447.46796000
2021-08-07,2892.6500,3179.8900,2865.0000,3164.2700,45597.11675000
2021-08-08,3164.2600,3191.8800,2944.9600,3013.8500,39104.39144000
2021-08-09,3013.3600,3188.9300,2890.0300,3162.0000,42258.63568000
2021-08-10,3163.0100,3234.3800,3052.4500,3141.4000,34510.91362000
2021-08-11,3142.0400,3276.6000,3122.1500,3161.3100,26470.15935000
2021-08-12,3161.3000,3240.5500,2979.0900,3046.9800,28866.60152000
2021-08-13,3047.9100,3330.5000,3034.1200,3324.9400,23375.24117000
2021-08-14,3324.3500,3332.8500,3207.4600,3267.3300,16264.00180000
2021-08-15,3265.2900,3326.0000,3112.5900,3310.5600,18898.00646000
2021-08-16,3309.1800,3337.6600,3136.0000,3147.3100,22135.80282000
2021-08-17,3146.5800,3292.7400,2990.0000,3011.1800,35814.12535000
2021-08-18,3010.8100,3127.5800,2951.0000,3015.9200,26496.84197000
2021-08-19,3013.9600,3188.0000,2959.2400,3185.5200,24667.83577000
2021-08-20,3185.5200,3301.9400,3178.0000,3286.2600,22607.87109000
2021-08-21,3286.7400,3311.1900,3204.0000,3226.0800,14717.75107000
2021-08-22,3225.9400,3275.0300,3128.0000,3241.2600,15156.46495000
2021-08-23,3241.0000,3380.0000,3230.8900,3323.4600,21471.49146000
2021-08-24,3322.7400,3359.6600,3149.1500,3171.6300,20851.24664000
2021-08-25,3171.0000,3248.8000,3079.1700,3228.5200,20553.98454000
2021-08-26,3228.3900,3251.4200,3055.0100,3092.7400,18770.74698000
2021-08-27,3092.8200,3286.1500,3061.4000,3275.8500,17971.74793000
2021-08-28,3275.8500,3286.9100,3212.1500,3247.0000,8469.87737000
2021-08-29,3247.2800,3288.1900,3152.7700,3225.8400,12979.78073000
2021-08-30,3225.8400,3349.3300,3145.1200,3229.4400,20643.66109000
2021-08-31,3228.4600,3474.2100,3190.4900,3430.7000,31476.55144000
2021-09-01,3430.5900,3843.9800,3384.0000,3830.0000,34855.31254000
2021-09-02,3829.7100,3838.5300,3722.3600,3788.4100,22313.81540000
2021-09-03,3788.3900,4032.5300,3711.3100,3940.5600,26541.27544000
2021-09-04,3940.1600,3971.0200,3834.9100,3886.0700,12712.00211000
2021-09-05,3887.6700,3982.7900,3835.6400,3952.8100,12877.13000000
2021-09-06,3951.1000,3972.5800,3869.0000,3927.9700,11880.49955000
2021-09-07,3928.4400,3948.6400,3000.0000,3434.0000,62218.77996000
2021-09-08,3435.8200,3561.2300,3215.3600,3499.4300,54199.61687000
2021-09-09,3497.8800,3567.9300,3386.9500,3424.5600,37987.55435000
2021-09-10,3424.6400,3514.2900,3145.5200,3209.8900,27438.02860000
2021-09-11,3208.7100,3347.9000,3200.0000,3267.6300,21385.86127000
2021-09-12,3266.4200,3472.3300,3231.9600,3404.5600,20409.56385000
2021-09-13,3403.7700,3430.1400,3114.8400,3285.3600,36942.39518000
2021-09-14,3286.2700,3438.3700,3271.1300,3436.3500,20980.57069000
2021-09-15,3436.4700,3617.8500,3358.8700,3616.0700,20337.92153000
2021-09-16,3616.5800,3676.1900,3482.8000,3568.7000,25645.91886000
2021-09-17,3568.9400,3594.7800,3350.4100,3397.5300,26425.01334000
2021-09-18,3399.2000,3543.0700,3365.4800,3434.4300,22152.26141000
2021-09-19,3435.4000,3457.7200,3281.5500,3329.8600,20108.87385000
2021-09-20,3328.8800,3346.0800,2915.4600,2976.2700,60022.48751000
2021-09-21,2977.1900,3106.1500,2652.1400,2765.3700,37358.28753000
2021-09-22,2765.1300,3090.5000,2734.4800,3080.1300,25475.79366000
2021-09-23,3077.8000,3175.4200,3035.1600,3154.1600,26827.52725000
2021-09-24,3153.9300,3160.8100,2735.0000,2931.4900,27863.12922000
2021-09-25,2930.6400,2969.7200,2801.1100,2924.0500,30676.76704000
2021-09-26,2923.5900,3118.0100,2739.9900,3065.2800,21604.33953000
2021-09-27,3060.5400,3166.1200,2924.6500,2925.9200,17799.96425000
2021-09-28,2925.9200,2971.0000,2788.8800,2805.9700,16547.58102000
2021-09-29,2804.0500,2949.5500,2781.8500,2850.1500,13250.81766000
2021-09-30,2850.1400,3075.0000,2836.2200,3000.7800,17871.31292000
2021-10-01,3001.6700,3333.0000,2968.7100,3310.7100,20409.17889000
2021-10-02,3310.7100,3470.0000,3257.7200,3388.5900,13256.32475000
2021-10-03,3388.3600,3489.8500,3342.5400,3420.6000,11511.45066000
2021-10-04,3420.1000,3440.1100,3269.0000,3387.7300,14451.77824000
2021-10-05,3387.8300,3546.1500,3365.0300,3516.5000,11712.63131000
2021-10-06,3518.2500,3632.3600,3341.6000,3576.1100,23477.73188000
2021-10-07,3576.5500,3655.0000,3472.7200,3588.4900,22975.19628000
2021-10-08,3587.9400,3670.2700,3536.0000,3563.3500,11961.19033000
2021-10-09,3563.9100,3635.0000,3538.1200,3575.9700,6590.99349000
2021-10-10,3576.1700,3607.5100,3408.6300,3417.4800,9978.39576000
2021-10-11,3414.6100,3623.5300,3373.8400,3543.9700,12521.18181000
2021-10-12,3542.0800,3548.0000,3404.3800,3491.7600,14124.89761000
2021-10-13,3490.7700,3613.4100,3412.0700,3607.8600,17109.94153000
2021-10-14,3608.3800,3825.7100,3588.8000,3792.8300,18938.71126000
2021-10-15,3792.0200,3905.8200,3734.0000,3869.0600,21635.61458000
2021-10-16,3868.9000,3970.2500,3804.8800,3831.1800,13657.98195000
2021-10-17,3830.1500,3919.0900,3645.5800,3847.2700,16183.57910000
2021-10-18,3847.7500,3893.8800,3676.2300,3745.4700,17482.19198000
2021-10-19,3745.8200,3888.0500,3733.0700,3878.0700,16855.00073000
2021-10-20,3878.7800,4169.6400,3828.6000,4164.7600,20031.08038000
2021-10-21,4162.1400,4375.5300,2873.1000,4053.5200,36440.93145000
2021-10-22,4053.1700,4168.8000,3890.0000,3971.6400,19395.11283000
2021-10-23,3971.1600,4171.1100,3937.7900,4167.8700,13316.06529000
2021-10-24,4168.7100,4185.7400,3962.6500,4083.0700,14667.08936000
2021-10-25,4082.7400,4236.8300,4068.3500,4221.0800,12379.23118000
2021-10-26,4221.2700,4297.4700,4091.6700,4128.6600,14588.65936000
2021-10-27,4131.1000,4306.5000,3914.0100,3924.0700,29755.58499000
2021-10-28,3924.0700,4296.2600,3893.9500,4288.9400,22716.86491000
2021-10-29,4287.5800,4461.0000,4268.0000,4421.7000,21618.17159000
2021-10-30,4420.9100,4435.0700,4234.6500,4326.3800,12621.63852000
2021-10-31,4327.2400,4396.0200,4167.8500,4290.3500,15894.34946000
2021-11-01,4289.8300,4384.0200,4150.1100,4323.6400,17384.58399000
2021-11-02,4321.6800,4604.1700,4285.5300,4593.8100,17283.77099000
2021-11-03,4593.5500,4670.0500,4456.3500,4604.7100,17367.80099000
2021-11-04,4606.1400,4608.8000,4422.8500,4536.0400,11925.39411000
2021-11-05,4536.0100,4573.4300,4440.8100,4479.0700,9911.25103000
2021-11-06,4478.9000,4534.2900,4329.0000,4521.7400,8811.04807000
2021-11-07,4523.0800,4639.8400,4506.3000,4616.6700,7905.84872000
2021-11-08,4617.1300,4826.6500,4616.0800,4811.7700,11262.38524000
2021-11-09,4811.0600,4840.9900,4714.6800,4732.6500,11015.42411000
2021-11-10,4732.0300,4867.6700,4462.0800,4631.6500,19460.28187000
2021-11-11,4631.6500,4784.3500,4578.5800,4722.6800,12720.44736000
2021-11-12,4720.1500,4808.4800,4509.4900,4667.2800,14468.10219000
2021-11-13,4666.6700,4709.7800,4585.4800,4644.9700,7587.11435000
2021-11-14,4644.7500,4695.5400,4516.1300,4628.1900,7648.07374000
2021-11-15,4627.5300,4773.0400,4535.0000,4564.6600,11031.22515000
2021-11-16,4563.2900,4563.9200,4106.0000,4209.8800,26072.98075000
2021-11-17,4209.4600,4302.1800,4065.6400,4291.4000,15095.12179000
2021-11-18,4289.8700,4346.6600,3960.1100,3998.9200,18139.01782000
2021-11-19,3998.8900,4312.6800,3975.9700,4297.7900,13425.71429000
2021-11-20,4298.9800,4438.3200,4205.4600,4412.6800,9090.30874000
2021-11-21,4416.9600,4427.5500,4246.3800,4260.8700,8635.22898000
2021-11-22,4263.9300,4323.6000,4023.7100,4088.4700,14382.23765000
2021-11-23,4088.8800,4387.5000,4061.6200,4341.4600,13658.33888000
2021-11-24,4340.2600,4374.2600,4169.5000,4272.0600,12472.95321000
2021-11-25,4271.0800,4555.4800,4249.8800,4526.9200,10834.84429000
2021-11-26,4527.0000,4554.3100,3914.4300,4044.3600,23974.94454000
2021-11-27,4043.4600,4187.0200,4031.3900,4098.9800,8689.58868000
2021-11-28,4097.7500,4305.7000,3964.4300,4298.8200,10671.21292000
2021-11-29,4297.3700,4462.7700,4280.3100,4449.2300,11857.41291000
2021-11-30,4448.5200,4756.8100,4347.0800,4632.6100,20756.28123000
2021-12-01,4632.6100,4783.1100,4524.6700,4587.7900,16444.21627000
2021-12-02,4587.3200,4636.7800,4435.7900,4515.4700,13401.09516000
2021-12-03,4514.0800,4674.5700,4040.9900,4217.8100,21920.27931000
2021-12-04,4216.3700,4239.7100,3489.4800,4124.6900,35764.14384000
2021-12-05,4122.8100,4255.7700,4038.2200,4199.5100,17145.40745000
2021-12-06,4202.2900,4382.0000,3925.4000,4352.9600,21424.30695000
2021-12-07,4352.9600,4429.5300,4260.2900,4308.8200,11298.25358000
2021-12-08,4310.0000,4458.3700,4200.0000,4441.4700,10991.47818000
2021-12-09,4442.0700,4491.3800,4078.0100,4106.6200,13822.53327000
2021-12-10,4106.5000,4232.4300,3887.4000,3900.3300,17079.67058000
2021-12-11,3900.3000,4099.9700,3833.6200,4091.8400,13813.76188000
2021-12-12,4091.0100,4177.3800,3990.0000,4133.4400,6675.89026000
2021-12-13,4133.0100,4146.0000,3670.1300,3785.1600,18395.97274000
2021-12-14,3782.4500,3883.3800,3686.0400,3863.7500,11250.44119000
2021-12-15,3860.9100,4094.4600,3645.1000,4020.0100,16763.69242000
2021-12-16,4019.8900,4115.5500,3949.9900,3950.0000,9662.94934000
2021-12-17,3957.9400,3994.4400,3700.0000,3877.7700,10935.03725000
2021-12-18,3875.1100,4000.0000,3767.8500,3962.1500,9055.52730000
2021-12-19,3961.9800,4032.0000,3886.6200,3925.6000,8016.24718000
2021-12-20,3924.9600,3983.5800,3755.1100,3945.7300,9997.99049000
2021-12-21,3946.1300,4063.3700,3914.1400,4017.4600,9031.98837000
2021-12-22,4016.2100,4077.1200,3935.9400,3981.0400,7328.75048000
2021-12-23,3981.3700,4160.4900,3895.3800,4114.0000,11888.85791000
2021-12-24,4113.9200,4136.8400,4020.7100,4047.6600,6528.25189000
2021-12-25,4049.2200,4139.6800,4021.8000,4096.8700,4322.55545000
2021-12-26,4099.3300,4110.4100,4006.8600,4063.3700,5542.86559000
2021-12-27,4065.3300,4129.1200,4033.3400,4040.2400,4578.59480000
2021-12-28,4038.8800,4038.8800,3760.0000,3792.9800,10755.82009000
2021-12-29,3793.2900,3828.1200,3604.5000,3630.0400,9543.70587000
2021-12-30,3629.2500,3769.8800,3579.6700,3709.4900,8180.58534000
2021-12-31,3709.8700,3814.8400,3619.2500,3676.0900,9169.89956000
2022-01-01,3677.0600,3784.2000,3674.3700,3767.0500,6591.97915000
2022-01-02,3766.4900,3857.4300,3717.3100,3829.8600,5166.81070000
2022-01-03,3828.9100,3853.0800,3681.7900,3766.5300,7567.48905000
2022-01-04,3765.9400,3893.4700,3714.5100,3784.7900,8961.52620000
2022-01-05,3784.5900,3848.0000,3399.0000,3538.5500,15010.87430000
2022-01-06,3537.8200,3549.6400,3299.0000,3407.0000,13465.87769000
2022-01-07,3406.2300,3415.6300,3063.7400,3197.1700,20339.91248000
2022-01-08,3199.1900,3247.7500,2999.0600,3080.9000,13007.65476000
2022-01-09,3081.3600,3212.5600,3057.6900,3152.6200,10346.03830000
2022-01-10,3150.6400,3180.8500,2928.8800,3083.3100,16923.70227000
2022-01-11,3083.4900,3265.8200,3052.7400,3239.1900,9956.51809000
2022-01-12,3239.6700,3412.7300,3207.0200,3372.4100,10268.58483000
2022-01-13,3372.4100,3412.4300,3233.7200,3242.0000,10260.29907000
2022-01-14,3241.8000,3343.7200,3188.4200,3310.8300,8407.13087000
2022-01-15,3310.6300,3373.4100,3263.0000,3328.1400,5690.33526000
2022-01-16,3327.7900,3393.6500,3272.2800,3348.1700,5131.56022000
2022-01-17,3348.5000,3358.8100,3139.3200,3210.5400,8411.18408000
2022-01-18,3210.4700,3244.8700,3083.7600,3162.1700,9577.40909000
2022-01-19,3160.8200,3176.7600,3046.6400,3083.9600,11166.88168000
2022-01-20,3085.2100,3273.3300,2986.4000,3003.0200,11626.51135000
2022-01-21,3000.2400,3033.7500,2461.7100,2568.2400,33531.16080000
2022-01-22,2567.7200,2626.3800,2300.0000,2413.0200,45571.97149000
2022-01-23,2411.7200,2551.1100,2371.4600,2543.0200,20599.57686000
2022-01-24,2540.7200,2541.0500,2158.9900,2441.6100,44662.07736000
2022-01-25,2439.7800,2508.6300,2350.5900,2458.8300,17262.76729000
2022-01-26,2460.1100,2723.2100,2403.4400,2463.9000,29891.39911000
2022-01-27,2464.9600,2521.9000,2313.4800,2426.5300,20702.44287000
2022-01-28,2425.1600,2561.2500,2358.9800,2544.9900,20144.41402000
2022-01-29,2547.1000,2637.6900,2521.8600,2603.2700,11966.19504000
2022-01-30,2601.9300,2642.4500,2543.1800,2605.3500,10141.02983000
2022-01-31,2603.0700,2710.9300,2478.3400,2689.8600,17675.38320000
2022-02-01,2687.6000,2815.6800,2672.9100,2789.8300,16005.12838000
2022-02-02,2789.0500,2812.5200,2614.5800,2680.5100,14704.37378000
2022-02-03,2682.2100,2728.0800,2577.5100,2694.1100,10593.31981000
2022-02-04,2696.5300,2998.9400,2673.4300,2997.0300,16276.07529000
2022-02-05,2997.6200,3062.5600,2960.0000,3014.9600,9603.23518000
2022-02-06,3014.9800,3076.3100,2952.2100,3056.4800,7343.84303000
2022-02-07,3056.9600,3189.6700,2995.3100,3140.6900,11763.90500000
2022-02-08,3141.1500,3233.4000,3028.0100,3119.3900,12603.57957000
2022-02-09,3119.7300,3273.4200,3057.0000,3245.8800,9177.20187000
2022-02-10,3245.4000,3284.6600,3060.0000,3074.2000,13213.24627000
2022-02-11,3074.0200,3144.6800,2878.5100,2928.7600,15418.30650000
2022-02-12,2928.4700,2986.9800,2859.5100,2918.3200,6477.17558000
2022-02-13,2920.5300,2955.1800,2836.5000,2873.8200,5181.93237000
2022-02-14,2872.6700,2967.2500,2832.1600,2931.0400,6983.83882000
2022-02-15,2930.9700,3198.3900,2913.6400,3184.9600,10175.99438000
2022-02-16,3185.4100,3189.2300,3046.0000,3122.2600,7662.58883000
2022-02-17,3123.3000,3161.9800,2854.1900,2892.7100,11732.72840000
2022-02-18,2892.9900,2946.1800,2753.5800,2781.6200,9635.28076000
2022-02-19,2780.7400,2832.3300,2697.3700,2764.7300,5571.89875000
2022-02-20,2765.6400,2766.0800,2575.7900,2623.6300,7688.73943000
2022-02-21,2622.2900,2760.0400,2559.8100,2568.2700,19314.85656000
2022-02-22,2568.2400,2667.2200,2500.0000,2640.1200,17661.06734000
2022-02-23,2638.8000,2754.5900,2577.0100,2580.6000,10857.20413000
2022-02-24,2580.1600,2736.3300,2300.0000,2597.7500,28799.75531000
2022-02-25,2598.0400,2837.3700,2571.3600,2770.5500,13691.14295000
2022-02-26,2770.2800,2878.4800,2726.6000,2780.1200,8895.56797000
2022-02-27,2781.4200,2837.3800,2556.9400,2614.6600,11833.50440000
2022-02-28,2617.1100,2957.4100,2570.0000,2923.3600,15228.98228000
2022-03-01,2921.5700,3039.8500,2855.0000,2978.5300,14333.00195000
2022-03-02,2977.9000,3044.4900,2915.0000,2949.3600,14148.59578000
2022-03-03,2948.6700,2972.1100,2786.0600,2834.1800,8776.69201000
2022-03-04,2834.2100,2836.7100,2575.0000,2621.4900,11121.57758000
2022-03-05,2622.1800,2686.7800,2590.2700,2666.6200,5095.14344000
2022-03-06,2665.9200,2676.3900,2535.8400,2550.3300,4541.90533000
2022-03-07,2550.4700,2648.8900,2444.6800,2492.2500,11011.87822000
2022-03-08,2491.0200,2627.5200,2481.0300,2577.5200,9873.47316000
2022-03-09,2576.5700,2773.5400,2568.0000,2728.2400,11996.07105000
2022-03-10,2728.4800,2734.2500,2553.3500,2606.6700,9547.69921000
2022-03-11,2607.0800,2678.7800,2523.0100,2557.6700,8033.81546000
2022-03-12,2557.0200,2614.3700,2553.4300,2568.6500,2749.61725000
2022-03-13,2567.8200,2602.1300,2493.1500,2514.5700,3741.25968000
2022-03-14,2515.2700,2609.6000,2500.0000,2589.7600,6154.10465000
2022-03-15,2589.6900,2669.2300,2508.2800,2618.8300,6930.55976000
2022-03-16,2619.5300,2789.3700,2604.5400,2774.9400,11856.29045000
2022-03-17,2774.6700,2838.0000,2748.3700,2813.0800,6048.39986000
2022-03-18,2813.0100,2988.0000,2766.9300,2940.6000,9138.31043000
2022-03-19,2939.6600,2987.1100,2890.8000,2952.5100,4539.51924000
2022-03-20,2952.0100,2965.7400,2818.4300,2863.5500,4480.70046000
2022-03-21,2862.7600,2962.0700,2832.5500,2890.6600,6726.72427000
2022-03-22,2890.3100,3064.6900,2887.6800,2970.0500,9132.36215000
2022-03-23,2970.0000,3046.0900,2921.0500,3037.6200,8313.99980000
2022-03-24,3037.6500,3130.3500,3004.0000,3113.2200,8752.67413000
2022-03-25,3113.0300,3194.8000,3075.4700,3103.8800,7026.83372000
2022-03-26,3104.4900,3154.0500,3086.3500,3147.2100,3103.76798000
2022-03-27,3146.7100,3300.0000,3127.0900,3296.1100,6111.78927000
2022-03-28,3295.7400,3432.4800,3276.6600,3333.3500,9392.61080000
2022-03-29,3333.4600,3483.3900,3331.3600,3401.6300,7138.59667000
2022-03-30,3401.2300,3449.3300,3333.2100,3387.2600,6121.17942000
2022-03-31,3386.1400,3446.3800,3257.5600,3283.1100,7411.84277000
2022-04-01,3281.8100,3482.6000,3212.0000,3455.3600,8152.26273000
2022-04-02,3455.6100,3531.6500,3433.7900,3443.2200,6836.64978000
2022-04-03,3445.8000,3581.4900,3414.3000,3521.3900,5453.13918000
2022-04-04,3522.2100,3548.0100,3409.0900,3521.4900,7707.71896000
2022-04-05,3520.4000,3555.0400,3395.8400,3406.9000,6728.45404000
2022-04-06,3406.2600,3407.5700,3162.2300,3170.3200,13551.08132000
2022-04-07,3167.9800,3271.1100,3142.4600,3227.5600,6272.84646000
2022-04-08,3227.1300,3314.7700,3173.6100,3193.4900,9238.77907000
2022-04-09,3192.1900,3269.3900,3182.1300,3259.9300,4562.74650000
2022-04-10,3259.8800,3308.8300,3193.0000,3202.1600,4560.30067000
2022-04-11,3202.7200,3214.6700,2949.5300,2978.7300,14013.71035000
2022-04-12,2979.6600,3086.4000,2950.8400,3028.8600,12784.26355000
2022-04-13,3028.8800,3130.0500,2998.0000,3118.0900,9423.15813000
2022-04-14,3119.3300,3144.7800,2977.0300,3022.6100,8843.94047000
2022-04-15,3022.3000,3060.4300,2993.4500,3040.5100,4502.90057000
2022-04-16,3040.6900,3087.1700,3010.7100,3059.0000,3216.52457000
2022-04-17,3060.4800,3083.0100,2983.1000,2988.0100,5596.92637000
2022-04-18,2987.6600,3070.5300,2884.4500,3057.0500,14389.85314000
2022-04-19,3056.2600,3132.0000,3030.3500,3102.6600,7209.78719000
2022-04-20,3102.1600,3169.4200,3037.4900,3077.5400,8291.40104000
2022-04-21,3076.7300,3181.3100,2937.5000,2983.2300,11067.06938000
2022-04-22,2983.3600,3033.9900,2934.0000,2963.3700,8791.89682000
2022-04-23,2962.6700,2979.2600,2916.8200,2932.6400,3403.34429000
2022-04-24,2932.8500,2968.0800,2912.3300,2922.0000,4535.49315000
2022-04-25,2921.7000,3027.0700,2796.7500,3006.1600,15448.49612000
2022-04-26,3006.5300,3038.5400,2766.6100,2809.3600,12447.87476000
2022-04-27,2809.8200,2921.0200,2794.2700,2889.3400,8947.56860000
2022-04-28,2889.5900,2985.4100,2854.4200,2936.1000,9163.29260000
2022-04-29,2936.4700,2946.6400,2775.6000,2817.2100,7717.88303000
2022-04-30,2817.2300,2842.0700,2716.0000,2726.5100,4926.54004000
2022-05-01,2726.5000,2849.2800,2716.6800,2825.3300,6938.58766000
2022-05-02,2824.8600,2883.0500,2778.0300,2856.1900,7814.89118000
2022-05-03,2857.1800,2861.8900,2754.5700,2780.4400,6354.80540000
2022-05-04,2780.9600,2967.6300,2770.8600,2940.1400,9873.11697000
2022-05-05,2939.9300,2953.9700,2687.9000,2746.5600,11890.19791000
2022-05-06,2747.8800,2757.7800,2632.5400,2692.4400,11500.76503000
2022-05-07,2692.9500,2703.4700,2587.3300,2634.7700,6218.11048000
2022-05-08,2635.8100,2641.3200,2483.9200,2518.5900,13586.92077000
2022-05-09,2518.9200,2529.3100,2150.0000,2226.9400,28044.98045000
2022-05-10,2228.1600,2456.8000,2199.5400,2341.9900,39400.87718000
2022-05-11,2340.7700,2453.1100,2000.0000,2077.3500,51665.19699000
2022-05-12,2076.1900,2222.0000,1703.4100,1954.7400,46041.53374000
2022-05-13,1954.9600,2145.2900,1935.6100,2007.1400,18304.90477000
2022-05-14,2005.3400,2066.0200,1946.7400,2053.4900,8343.86754000
2022-05-15,2052.7100,2163.0000,1997.2300,2142.1700,8549.50563000
2022-05-16,2142.3400,2142.4700,1976.0500,2020.6300,17216.19023000
2022-05-17,2020.8300,2120.3900,2005.2500,2088.8500,12851.18380000
2022-05-18,2088.6600,2109.0000,1905.3400,1911.2300,14800.42595000
2022-05-19,1911.4300,2037.9100,1900.6100,2016.6000,13345.95791000
2022-05-20,2017.8300,2062.5000,1920.1100,1957.2300,12524.55258000
2022-05-21,1956.9400,1988.2100,1935.5000,1972.5800,4997.69882000
2022-05-22,1972.3000,2054.4800,1963.7200,2040.8000,6919.46391000
2022-05-23,2040.7900,2087.0300,1953.2000,1970.2000,10813.68444000
2022-05-24,1971.7100,1991.6800,1910.0000,1977.2200,9046.66881000
2022-05-25,1976.7300,2019.9900,1932.0000,1940.5600,10416.35664000
2022-05-26,1940.5200,1963.8400,1737.0000,1790.0800,27005.87376000
2022-05-27,1790.0400,1820.5200,1703.9900,1724.3600,29905.23230000
2022-05-28,1724.3600,1807.4900,1720.2600,1789.7800,11611.26491000
2022-05-29,1790.4200,1824.9200,1760.4300,1811.5700,10040.51311000
2022-05-30,1811.6700,2011.2200,1801.4800,1997.6900,20274.98725000
2022-05-31,1997.4900,2014.7600,1921.4200,1939.6700,16341.18743000
2022-06-01,1940.5300,1971.6300,1761.8900,1815.9600,18518.28222000
2022-06-02,1816.3300,1851.5500,1780.3300,1832.9500,13801.36708000
2022-06-03,1832.9800,1842.5900,1735.8000,1773.3900,14274.12288000
2022-06-04,1773.5000,1814.1300,1746.2000,1802.9100,5242.55232000
2022-06-05,1803.4200,1828.6700,1771.7600,1803.5400,4608.52323000
2022-06-06,1804.3000,1917.9300,1802.6200,1858.3200,10609.94554000
2022-06-07,1857.7200,1873.1100,1724.7700,1811.5400,17180.09917000
2022-06-08,1812.3000,1837.1700,1763.6100,1790.2500,9581.31680000
2022-06-09,1790.5500,1831.4600,1776.0300,1786.6300,6686.28021000
2022-06-10,1787.2400,1803.5700,1652.7000,1660.5800,15293.96568000
2022-06-11,1661.2400,1681.0700,1500.0000,1530.7500,18035.71744000
2022-06-12,1531.2500,1544.5000,1423.6300,1433.1700,20708.39456000
2022-06-13,1433.0400,1452.8300,1162.3200,1207.4400,70385.80709000
2022-06-14,1208.0500,1265.7300,1074.8500,1206.2900,52669.34944000
2022-06-15,1205.1700,1246.2500,1013.0000,1236.4200,61584.32825000
2022-06-16,1236.1500,1257.4800,1050.6600,1067.6400,25592.97075000
2022-06-17,1067.6900,1116.6400,1050.0000,1084.9600,14776.98899000
2022-06-18,1085.3500,1096.3600,876.5400,995.3300,42064.58227000
2022-06-19,994.1800,1157.5600,935.0000,1127.4200,39892.83218000
2022-06-20,1126.0300,1168.3600,1052.0000,1126.6400,30589.64111000
2022-06-21,1126.7900,1192.1300,1108.6700,1124.4400,24258.83670000
2022-06-22,1124.5700,1126.1000,1042.5200,1048.2300,28735.50583000
2022-06-23,1048.8400,1152.9700,1044.0100,1143.8000,33848.80357000
2022-06-24,1143.5000,1244.6200,1130.0300,1223.6300,29101.84514000
2022-06-25,1223.9000,1255.0000,1179.2500,1239.9800,17473.03988000
2022-06-26,1241.1100,1280.5700,1193.9900,1197.5800,20194.48748000
2022-06-27,1197.1400,1237.8700,1172.7700,1190.9600,18649.38824000
2022-06-28,1190.5700,1235.8800,1135.0700,1142.7900,22630.40708000
2022-06-29,1142.1500,1155.3900,1085.7100,1098.3700,28431.33040000
2022-06-30,1098.6800,1105.6500,996.6700,1070.5200,32061.93633000
2022-07-01,1070.3000,1119.2100,1031.8500,1058.0900,36764.74145000
2022-07-02,1058.4700,1077.4500,1026.2500,1065.7500,22894.03438000
2022-07-03,1066.0600,1086.2800,1039.2100,1073.3200,14412.34311000
2022-07-04,1072.9600,1159.3100,1044.1500,1149.4400,23318.10826000
2022-07-05,1149.5200,1172.6100,1076.4000,1131.3900,29130.81096000
2022-07-06,1131.3900,1203.0900,1109.5400,1184.7600,27491.16959000
2022-07-07,1185.5900,1253.6100,1162.0600,1237.5900,24437.23788000
2022-07-08,1237.4500,1276.0000,1192.1900,1215.8800,25053.18651000
2022-07-09,1213.0700,1233.3000,1204.0900,1216.2000,11775.05595000
2022-07-10,1216.4200,1219.0000,1153.2100,1167.6200,11501.93437000
2022-07-11,1167.3100,1170.2800,1090.0000,1095.4300,14665.18158000
2022-07-12,1095.3000,1097.5800,1032.3200,1037.5600,19924.45519000
2022-07-13,1037.7100,1117.8300,1005.2000,1114.6100,28883.24493000
2022-07-14,1113.8100,1212.9500,1071.6100,1192.9600,27263.00873000
2022-07-15,1192.7100,1286.9200,1180.2000,1231.1200,26958.97261000
2022-07-16,1230.8000,1422.7700,1191.5900,1356.1400,26478.03355000
2022-07-17,1355.3700,1386.3200,1318.9100,1337.8800,22419.13630000
2022-07-18,1338.1600,1596.7400,1336.1000,1580.5000,52550.90975000
2022-07-19,1580.6000,1629.5900,1493.0000,1542.4900,58720.87661000
2022-07-20,1542.1100,1620.8200,1483.8800,1521.6900,50677.74513000
2022-07-21,1521.6900,1605.8000,1464.0600,1575.4700,39448.69239000
2022-07-22,1575.0800,1645.4300,1516.8800,1535.2000,36293.12239000
2022-07-23,1535.1900,1596.7200,1488.5300,1548.7500,28264.58339000
2022-07-24,1549.1800,1663.7900,1546.4300,1598.3700,28370.96721000
2022-07-25,1598.0900,1609.5100,1435.9700,1440.6000,40232.44873000
2022-07-26,1441.0200,1454.7900,1356.5900,1449.1200,33077.30849000
2022-07-27,1449.2200,1644.8200,1421.2100,1635.9900,61723.51139000
2022-07-28,1636.3700,1784.0000,1594.3600,1724.6400,56147.62481000
2022-07-29,1724.8000,1766.1600,1656.2600,1722.0300,37156.83493000
2022-07-30,1722.7200,1745.0000,1674.0700,1697.5400,33026.91004000
2022-07-31,1697.7500,1754.4800,1666.4100,1679.1500,22403.78067000
2022-08-01,1679.0100,1705.4100,1606.8500,1630.6600,21048.52551000
2022-08-02,1630.5500,1678.1800,1557.9900,1630.4500,16270.58451000
2022-08-03,1631.5500,1684.6100,1590.0300,1619.0200,11968.29610000
2022-08-04,1619.2600,1662.7300,1581.3300,1608.1200,11579.32540000
2022-08-05,1608.6100,1741.1200,1606.0000,1736.3000,17841.83223000
2022-08-06,1736.9100,1750.0300,1686.0000,1689.7600,8449.15625000
2022-08-07,1691.0100,1729.9900,1669.5300,1700.5400,8327.00846000
2022-08-08,1700.4900,1817.9400,1694.0600,1777.7600,16128.80290000
2022-08-09,1777.5600,1790.7900,1665.6900,1703.6000,16096.85068000
2022-08-10,1703.2700,1886.9200,1656.4700,1854.5800,41173.88181000
2022-08-11,1854.9400,1942.5000,1851.1200,1881.1000,41321.91749000
2022-08-12,1881.2800,1965.8100,1854.1000,1958.9600,22725.66970000
2022-08-13,1959.9000,2021.1900,1948.0000,1985.0000,25084.61430000
2022-08-14,1984.6100,2030.6000,1907.2900,1935.7600,21956.99069000
2022-08-15,1936.5800,2013.2900,1873.3300,1900.0500,31315.06532000
2022-08-16,1898.9000,1914.7900,1853.6700,1877.0000,22090.45676000
2022-08-17,1877.0500,1957.2900,1819.0000,1834.2500,32523.68288000
2022-08-18,1834.4800,1882.0000,1821.8000,1846.6800,19548.55885000
2022-08-19,1846.7700,1847.8300,1603.3800,1608.8200,59475.60415000
2022-08-20,1608.8200,1656.7500,1524.0300,1575.8800,44176.26408000
2022-08-21,1575.9600,1645.6900,1563.2100,1617.5900,34598.40706000
2022-08-22,1618.1600,1628.6700,1530.0000,1624.5600,38047.00141000
2022-08-23,1624.1800,1673.8400,1564.1200,1665.3000,32221.55859000
2022-08-24,1665.9700,1693.7300,1605.6500,1656.2400,28216.51548000
2022-08-25,1656.6600,1721.8100,1654.6200,1694.8800,20738.52279000
2022-08-26,1695.0100,1706.1900,1487.4500,1507.9900,47552.29401000
2022-08-27,1508.4400,1518.8100,1448.0000,1491.2300,43773.63671000
2022-08-28,1491.0500,1511.2100,1424.3000,1426.9800,31422.46014000
2022-08-29,1426.9700,1559.9300,1422.6200,1552.0600,34722.59753000
2022-08-30,1552.0900,1605.7900,1473.8600,1525.0600,41358.58656000
2022-08-31,1524.8600,1619.1800,1524.4500,1554.4900,28990.55808000
2022-09-01,1554.4100,1598.2600,1510.9600,1585.9900,26792.36802000
2022-09-02,1585.6200,1648.6900,1546.8400,1575.2800,23089.11573000
2022-09-03,1575.2200,1582.1100,1535.0000,1557.3700,11681.65927000
2022-09-04,1557.7300,1582.2300,1541.2000,1579.0300,8476.66161000
2022-09-05,1579.4200,1630.0000,1557.2900,1616.7100,16089.44061000
2022-09-06,1618.0600,1686.9200,1555.0000,1559.2500,44163.78983000
2022-09-07,1559.0400,1656.7600,1491.2600,1629.5200,38857.57511000
2022-09-08,1629.8800,1665.2900,1595.5200,1635.8500,33600.54090000
2022-09-09,1636.3700,1746.7200,1631.9700,1718.1300,34525.16073000
2022-09-10,1719.0000,1789.6200,1707.0900,1774.3900,17189.81859000
2022-09-11,1775.1300,1789.7400,1720.5400,1767.5900,17243.90769000
2022-09-12,1766.6200,1785.7800,1693.4000,1716.3100,30494.55974000
2022-09-13,1716.5600,1759.6400,1561.5500,1574.9800,51535.17213000
2022-09-14,1574.9300,1647.1900,1553.0000,1638.5000,35934.38796000
2022-09-15,1638.0900,1654.8200,1458.6200,1472.3000,59439.30437000
2022-09-16,1472.8600,1483.4400,1405.3600,1434.2100,44169.32166000
2022-09-17,1433.5100,1476.4000,1409.4700,1468.4000,22205.14772000
2022-09-18,1468.9400,1469.8300,1326.2600,1334.8000,33255.84178000
2022-09-19,1334.7900,1392.8300,1281.0700,1375.6900,29643.73016000
2022-09-20,1375.3100,1385.0000,1312.8500,1323.3000,35076.70570000
2022-09-21,1322.8600,1407.0000,1219.3000,1246.8600,61441.06181000
2022-09-22,1245.5200,1348.5200,1237.3900,1326.8900,50304.55853000
2022-09-23,1326.5400,1359.3000,1262.4000,1327.1300,44084.11295000
2022-09-24,1327.5400,1349.0000,1306.6600,1317.2200,19488.63245000
2022-09-25,1317.4800,1336.6600,1268.1000,1294.5100,22498.29338000
2022-09-26,1294.5100,1340.0000,1278.3200,1336.2500,37142.96084000
2022-09-27,1336.4500,1400.1400,1303.7400,1327.9200,41897.43855000
2022-09-28,1328.0400,1355.1500,1253.6100,1336.8400,42984.94644000
2022-09-29,1337.1000,1351.6800,1288.5000,1336.0600,31076.30532000
2022-09-30,1336.3500,1373.2800,1310.9100,1328.7100,35366.39521000
2022-10-01,1327.9800,1333.8000,1302.8100,1312.0700,10618.12746000
2022-10-02,1311.5400,1317.8000,1269.0900,1276.6700,17000.99191000
2022-10-03,1276.9400,1330.2300,1263.1600,1323.0600,28129.90712000
2022-10-04,1323.3900,1370.1600,1318.9300,1361.6700,29345.72428000
2022-10-05,1361.6300,1365.0000,1316.0800,1352.6200,23494.41167000
2022-10-06,1352.4500,1384.1200,1345.2100,1352.2100,29073.86869000
2022-10-07,1352.0500,1362.0000,1317.7000,1331.2600,15282.10351000
2022-10-08,1330.8400,1337.5100,1303.5300,1315.3200,5282.28725000
2022-10-09,1315.4500,1329.2400,1307.5000,1323.3300,4767.42065000
2022-10-10,1323.4500,1338.2200,1287.7200,1289.9600,10278.88090000
2022-10-11,1289.8400,1298.1100,1268.0000,1279.7700,15051.86232000
2022-10-12,1280.1700,1306.4500,1275.4000,1294.4100,11701.18528000
2022-10-13,1294.2800,1301.5800,1190.0000,1287.3800,36293.20846000
2022-10-14,1286.9300,1343.2500,1283.6900,1296.4600,21820.73251000
2022-10-15,1296.8100,1301.8400,1263.8400,1275.2000,9040.49777000
2022-10-16,1274.6700,1315.6100,1274.6700,1305.6400,8989.28076000
2022-10-17,1305.5500,1338.5500,1295.4200,1331.2900,14770.97754000
2022-10-18,1331.6700,1341.6900,1286.9000,1310.4400,16856.93482000
2022-10-19,1310.3000,1313.6100,1280.1700,1285.1400,15826.97907000
2022-10-20,1285.3300,1310.7000,1270.5900,1282.6700,19284.82001000
2022-10-21,1283.1200,1306.7500,1253.9100,1299.7600,15167.26354000
2022-10-22,1300.0900,1320.2700,1294.4700,1313.7900,6246.41619000
2022-10-23,1313.8100,1371.5200,1298.8600,1363.7800,13843.47906000
2022-10-24,1364.3700,1370.7300,1324.2400,1343.7500,24941.88412000
2022-10-25,1343.9900,1524.6600,1335.1600,1460.0600,49171.25465000
2022-10-26,1460.4900,1595.0500,1458.0700,1566.5200,77599.27707000
2022-10-27,1566.1600,1578.2300,1503.3200,1514.7900,54804.42083000
2022-10-28,1514.7900,1575.6700,1480.7700,1554.8300,59036.81002000
2022-10-29,1554.5600,1664.2800,1548.0600,1620.6600,55621.51287000
2022-10-30,1620.5800,1640.3700,1576.9100,1590.7800,31120.34458000
2022-10-31,1591.2500,1635.3300,1546.5000,1572.6000,43473.54865000
2022-11-01,1573.0500,1612.3300,1563.1500,1578.6500,20161.87151000
2022-11-02,1579.0000,1620.8900,1501.8200,1518.1800,49376.00099000
2022-11-03,1518.3500,1558.4500,1515.2000,1531.1300,17302.54747000
2022-11-04,1531.2700,1676.5700,1528.0000,1644.5300,36806.91016000
2022-11-05,1644.7600,1666.9000,1621.8100,1626.9800,12991.08547000
2022-11-06,1626.7600,1638.6300,1564.3400,1568.3000,12615.78223000
2022-11-07,1567.7500,1608.1200,1546.4100,1567.7100,21261.51207000
2022-11-08,1567.9900,1578.8200,1229.9100,1335.3200,103149.02994000
2022-11-09,1334.7200,1338.6400,1071.6900,1099.5000,60501.28238000
2022-11-10,1100.3900,1348.9800,1084.0000,1295.8900,49095.18004000
2022-11-11,1295.5000,1316.5000,1199.0000,1285.7500,35873.94667000
2022-11-12,1285.4100,1289.8100,1235.4100,1255.0000,17085.74098000
2022-11-13,1254.6200,1271.9700,1199.7000,1219.2000,13296.76804000
2022-11-14,1219.6700,1285.3800,1169.9600,1240.8500,20257.17588000
2022-11-15,1240.9000,1289.9000,1232.4000,1251.9000,13629.96755000
2022-11-16,1252.1400,1267.0800,1185.6400,1215.3200,19699.88311000
2022-11-17,1215.5900,1227.0000,1182.0000,1199.6600,14405.66946000
2022-11-18,1199.5600,1232.3700,1198.3900,1211.1100,8235.54054000
2022-11-19,1211.1100,1232.0400,1195.0000,1216.2900,5250.51014000
2022-11-20,1216.2900,1225.0800,1130.7100,1140.4100,15176.18433000
2022-11-21,1140.3700,1145.1500,1077.6000,1105.9600,20764.65933000
2022-11-22,1106.3000,1140.5500,1074.0600,1137.6400,15544.11755000
2022-11-23,1138.4700,1188.9800,1126.1800,1184.0000,14774.78005000
2022-11-24,1184.0000,1215.8000,1179.6200,1203.0400,10063.18542000
2022-11-25,1202.8200,1205.6100,1170.3700,1198.3000,9774.90394000
2022-11-26,1198.7900,1234.4700,1195.2300,1204.3700,8463.16591000
2022-11-27,1204.5900,1222.3900,1188.7500,1193.4400,6036.55555000
2022-11-28,1192.8500,1198.4800,1150.1600,1167.1500,15320.95438000
2022-11-29,1167.3700,1226.7700,1158.3200,1216.0500,14066.37975000
2022-11-30,1216.2600,1310.0000,1211.9900,1295.0000,21213.71683000
2022-12-01,1294.8800,1298.4000,1263.0000,1276.1000,8996.89345000
2022-12-02,1276.6000,1297.0200,1265.7400,1295.6400,7700.14744000
2022-12-03,1295.6300,1305.4400,1235.7900,1240.9700,10330.26988000
2022-12-04,1240.8600,1286.8300,1240.1000,1279.1800,7317.78314000
2022-12-05,1279.3200,1305.3700,1246.8400,1259.0800,14722.04122000
2022-12-06,1259.5600,1274.5100,1242.3800,1271.3700,11317.44490000
2022-12-07,1271.3700,1277.3700,1219.1200,1231.3700,19437.81506000
2022-12-08,1231.3900,1291.6800,1222.3900,1280.0300,51243.62414000
2022-12-09,1280.3100,1295.7700,1255.6000,1263.0000,43557.26866000
2022-12-10,1262.8100,1283.5000,1259.2000,1266.4500,39313.61299000
2022-12-11,1266.3200,1284.4000,1255.9800,1263.0200,42290.39853000
2022-12-12,1263.1100,1278.8900,1240.5000,1274.5900,99198.96772000
2022-12-13,1274.7700,1347.5400,1254.9200,1320.6100,85290.91227000
2022-12-14,1320.5200,1352.0400,1300.2100,1307.6800,64916.91844000
2022-12-15,1307.4900,1311.4200,1258.9900,1266.6000,46120.20557000
2022-12-16,1266.3400,1279.9600,1155.4400,1166.3500,72416.56628000
2022-12-17,1166.4500,1190.1500,1161.8700,1187.4700,40541.44884000
2022-12-18,1187.5300,1197.0800,1172.4300,1183.2700,27932.58812000
2022-12-19,1183.4500,1195.0000,1150.7200,1167.9900,44591.36163000
2022-12-20,1167.6800,1229.7300,1163.1000,1216.9700,59572.30407000
2022-12-21,1216.8100,1222.3200,1202.9700,1213.5800,31152.78920000
2022-12-22,1213.5000,1236.1000,1182.7700,1217.6800,42585.34348000
2022-12-23,1217.8300,1229.9700,1212.9300,1219.9500,37631.19163000
2022-12-24,1220.0700,1227.1700,1214.8600,1220.4500,14973.10320000
2022-12-25,1220.5300,1224.2400,1196.9400,1218.4500,26509.39096000
2022-12-26,1218.8800,1230.7500,1211.8100,1227.9600,20029.83174000
2022-12-27,1228.3800,1233.5000,1201.8100,1211.2700,36078.88827000
2022-12-28,1211.3400,1215.3600,1182.0000,1189.8200,47789.76263000
2022-12-29,1189.7200,1205.8800,1186.3100,1199.8700,34133.15108000
2022-12-30,1199.9300,1201.7800,1180.5600,1199.2500,31971.94719000
2022-12-31,1199.3900,1207.0000,1191.2900,1195.6500,23039.08177000
2023-01-01,1195.6100,1204.3900,1190.3400,1200.0400,14974.91285000
2023-01-02,1200.1200,1223.4800,1192.7400,1213.8100,33586.88813000
2023-01-03,1213.4900,1219.4500,1204.4800,1214.1000,27035.36301000
2023-01-04,1214.1100,1271.2000,1212.1300,1256.2700,66611.45314000
2023-01-05,1256.2900,1259.4500,1242.3900,1250.9500,28256.30916000
2023-01-06,1250.9500,1276.4600,1235.5200,1268.4500,49260.12822000
2023-01-07,1268.5600,1270.8700,1260.8700,1263.7000,16726.07625000
2023-01-08,1263.7000,1293.5300,1257.6000,1289.4500,29726.63477000
2023-01-09,1289.6100,1344.1400,1284.3400,1319.9000,68381.70285000
2023-01-10,1319.8900,1346.8400,1316.2300,1335.2000,56817.24311000
2023-01-11,1335.0700,1393.7800,1320.8300,1388.7100,67277.20641000
2023-01-12,1388.8900,1437.3400,1370.9000,1415.3000,108454.73459000
2023-01-13,1415.4200,1463.4000,1400.4400,1451.0300,90799.54251000
2023-01-14,1450.8100,1589.8000,1448.6800,1549.0200,95937.00680000
2023-01-15,1549.2400,1565.0000,1515.6700,1551.5600,74259.99504000
2023-01-16,1551.7800,1601.4300,1520.5800,1576.1900,49801.34955000
2023-01-17,1576.4600,1605.0000,1540.7500,1565.1800,50138.59337000
2023-01-18,1564.5400,1607.2000,1499.0000,1511.3300,59842.32175000
2023-01-19,1511.0500,1563.7000,1508.3300,1550.7700,42616.30336000
2023-01-20,1550.8800,1664.5300,1541.4700,1658.7000,44052.79111000
2023-01-21,1658.2200,1679.1900,1619.3600,1626.4200,44408.76175000
2023-01-22,1626.7200,1661.3300,1604.5500,1627.1000,38598.67959000
2023-01-23,1627.5900,1648.0200,1586.0900,1626.6200,42551.71960000
2023-01-24,1626.0700,1641.2200,1535.1300,1556.1400,42715.71482000
2023-01-25,1555.6300,1640.0000,1515.9100,1611.0800,65334.95091000
2023-01-26,1611.2100,1632.5000,1577.1700,1601.2500,33638.48943000
2023-01-27,1601.0200,1621.5800,1553.4900,1597.6000,43144.65527000
2023-01-28,1597.4500,1606.6700,1556.7400,1571.8200,23734.92145000
2023-01-29,1571.5800,1659.5900,1566.4700,1645.1100,49188.13508000
2023-01-30,1645.0300,1647.2200,1541.8900,1567.0300,48450.51670000
2023-01-31,1567.0000,1605.6000,1561.2800,1585.3200,39063.64739000
2023-02-01,1585.2300,1648.0000,1557.9500,1642.2900,62109.00900000
2023-02-02,1642.5400,1714.2000,1627.3200,1643.9700,92934.08160000
2023-02-03,1643.4800,1676.6500,1626.4100,1664.1600,64142.19038000
2023-02-04,1664.1300,1696.0700,1645.5500,1667.2100,52702.14165000
2023-02-05,1667.5700,1674.2100,1610.2800,1630.8400,53185.32203000
2023-02-06,1631.03000000,1658.46000000,1605.26000000,1614.25000000,34500.48133000
2023-02-07,1614.40000000,1677.77000000,1612.88000000,1670.89000000,86556.35118000
2023-02-08,1670.47000000,1697.00000000,1630.71000000,1650.51000000,81698.72286000
2023-02-09,1650.42000000,1656.54000000,1524.91000000,1546.26000000,104931.88841000
2023-02-10,1545.89000000,1555.34000000,1494.04000000,1513.25000000,87776.91066000
2023-02-11,1513.31000000,1543.43000000,1506.05000000,1539.13000000,44435.48447000
2023-02-12,1539.13000000,1548.50000000,1493.91000000,1515.22000000,60061.28221000
2023-02-13,1515.30000000,1526.46000000,1462.50000000,1506.63000000,128371.92849000
2023-02-14,1506.63000000,1568.79000000,1489.98000000,1555.36000000,92580.16180000
2023-02-15,1555.45000000,1681.67000000,1542.83000000,1674.85000000,94909.66035000
2023-02-16,1674.85000000,1740.88000000,1633.08000000,1636.92000000,56632.25308000
2023-02-17,1636.77000000,1721.17000000,1629.66000000,1693.61000000,57028.21899000
2023-02-18,1693.51000000,1712.86000000,1680.00000000,1691.61000000,25263.13747000
2023-02-19,1691.67000000,1726.19000000,1666.79000000,1679.39000000,66655.78302000
2023-02-20,1680.44000000,1719.42000000,1651.50000000,1703.13000000,43471.54075000
2023-02-21,1703.45000000,1716.53000000,1636.36000000,1659.82000000,59353.33847000
2023-02-22,1660.08000000,1667.59000000,1596.24000000,1643.32000000,85103.54825000
2023-02-23,1643.51000000,1678.76000000,1629.22000000,1650.29000000,60282.30763000
2023-02-24,1650.50000000,1664.25000000,1575.75000000,1607.80000000,75587.91971000
2023-02-25,1607.71000000,1609.31000000,1558.96000000,1595.02000000,43267.17320000
2023-02-26,1595.05000000,1651.14000000,1588.04000000,1641.30000000,43491.18191000
2023-02-27,1641.23000000,1664.92000000,1607.66000000,1633.39000000,74008.29290000
2023-02-28,1633.13000000,1647.61000000,1597.44000000,1605.51000000,56996.78227000
2023-03-01,1605.50000000,1669.64000000,1595.61000000,1665.33000000,68818.74790000
2023-03-02,1665.15000000,1677.95000000,1618.99000000,1647.71000000,79593.59889000
2023-03-03,1647.78000000,1649.47000000,1547.28000000,1569.55000000,85806.91668000
2023-03-04,1569.52000000,1577.33000000,1549.16000000,1566.79000000,36759.00680000
2023-03-05,1566.87000000,1588.40000000,1553.51000000,1564.44000000,51189.55080000
2023-03-06,1564.60000000,1583.12000000,1554.71000000,1565.79000000,68295.33780000
2023-03-07,1565.71000000,1583.85000000,1536.12000000,1561.89000000,83998.82130000
2023-03-08,1561.66000000,1570.52000000,1524.25000000,1532.12000000,84286.08805000
2023-03-09,1532.01000000,1545.82000000,1408.61000000,1437.30000000,95565.72892000
2023-03-10,1437.48000000,1438.70000000,1369.80000000,1431.62000000,171818.61995000
2023-03-11,1431.27000000,1489.44000000,1417.25000000,1482.79000000,70218.76670000
2023-03-12,1482.64000000,1610.77000000,1459.06000000,1593.70000000,51561.13000000
2023-03-13,1593.69000000,1700.00000000,1569.69000000,1678.57000000,54208.13570000
2023-03-14,1679.00000000,1781.13000000,1662.95000000,1703.50000000,92275.55960000
2023-03-15,1703.10000000,1721.23000000,1614.24000000,1656.16000000,113621.43430000
2023-03-16,1656.78000000,1694.45000000,1637.99000000,1676.26000000,75006.23030000
2023-03-17,1676.23000000,1804.00000000,1662.56000000,1792.98000000,68660.34962000
2023-03-18,1792.89000000,1843.64000000,1752.10000000,1763.35000000,54357.05694000
2023-03-19,1763.87000000,1846.00000000,1762.54000000,1786.34000000,52960.42738000
2023-03-20,1786.29000000,1808.40000000,1728.40000000,1738.26000000,93069.31340000
2023-03-21,1738.62000000,1839.66000000,1723.66000000,1807.58000000,74782.93660000
2023-03-22,1807.19000000,1823.11000000,1714.71000000,1739.28000000,109815.71950000
2023-03-23,1739.01000000,1858.66000000,1733.86000000,1817.57000000,105578.29454000
2023-03-24,1817.75000000,1822.54000000,1728.84000000,1752.44000000,37224.04560000
2023-03-25,1752.47000000,1767.25000000,1715.57000000,1743.73000000,54849.52950000
2023-03-26,1743.87000000,1806.07000000,1741.26000000,1775.75000000,67260.04720000
2023-03-27,1775.92000000,1782.22000000,1688.84000000,1716.80000000,75168.45130000
2023-03-28,1716.71000000,1795.99000000,1703.20000000,1774.13000000,66144.46820000
2023-03-29,1774.58000000,1827.67000000,1773.59000000,1793.43000000,78125.10360000
2023-03-30,1793.59000000,1830.00000000,1763.83000000,1794.52000000,100764.20600000
2023-03-31,1794.46000000,1847.07000000,1778.97000000,1822.12000000,73396.31870000
2023-04-01,1822.10000000,1843.02000000,1809.72000000,1821.49000000,44442.85650000
2023-04-02,1822.05000000,1826.08000000,1772.60000000,1795.54000000,47318.18150000
2023-04-03,1795.40000000,1840.00000000,1763.62000000,1811.28000000,89831.22620000
2023-04-04,1811.38000000,1890.32000000,1802.60000000,1871.23000000,96376.31639000
2023-04-05,1871.17000000,1943.60000000,1865.47000000,1909.75000000,102381.47571000
2023-04-06,1909.66000000,1911.34000000,1854.83000000,1873.36000000,68754.35800000
2023-04-07,1873.26000000,1883.49000000,1842.65000000,1865.03000000,48712.85200000
2023-04-08,1864.97000000,1880.73000000,1848.29000000,1850.22000000,29477.56510000
2023-04-09,1849.94000000,1875.00000000,1825.82000000,1859.92000000,52963.15930000
2023-04-10,1859.98000000,1919.11000000,1847.93000000,1911.22000000,66350.90760000
2023-04-11,1911.20000000,1937.54000000,1883.00000000,1891.56000000,71482.30950000
2023-04-12,1891.70000000,1934.10000000,1855.40000000,1919.01000000,94405.39450000
2023-04-13,1919.01000000,2024.47000000,1901.17000000,2014.16000000,111114.40591000
2023-04-14,2014.31000000,2130.78000000,2011.13000000,2101.75000000,126897.36389000
2023-04-15,2102.07000000,2113.18000000,2074.23000000,2092.55000000,70972.11830000
2023-04-16,2092.96000000,2142.83000000,2075.32000000,2120.28000000,66485.56987000
2023-04-17,2120.25000000,2122.58000000,2058.34000000,2075.86000000,79613.01080000
2023-04-18,2075.86000000,2124.88000000,2052.92000000,2105.09000000,67492.61780000
2023-04-19,2104.99000000,2106.04000000,1925.45000000,1936.62000000,95077.27160000
2023-04-20,1936.97000000,1983.66000000,1915.00000000,1944.54000000,98644.91550000
2023-04-21,1944.64000000,1957.88000000,1825.20000000,1849.97000000,82586.68420000
2023-04-22,1850.37000000,1893.39000000,1843.78000000,1875.26000000,35069.08070000
2023-04-23,1875.23000000,1882.47000000,1838.87000000,1863.39000000,50410.11330000
2023-04-24,1863.39000000,1890.53000000,1807.46000000,1844.06000000,67519.25360000
2023-04-25,1844.06000000,1879.29000000,1804.05000000,1867.66000000,59369.05150000
2023-04-26,1867.45000000,1965.79000000,1786.42000000,1867.69000000,89640.92970000
2023-04-27,1867.68000000,1941.89000000,1863.01000000,1909.86000000,99124.90790000
2023-04-28,1909.66000000,1926.15000000,1878.01000000,1893.79000000,44277.84750000
2023-04-29,1893.66000000,1920.83000000,1886.98000000,1909.90000000,26379.77910000
2023-04-30,1910.05000000,1940.56000000,1868.51000000,1872.44000000,37580.61610000
2023-05-01,1872.09000000,1888.28000000,1807.92000000,1833.28000000,44411.93860000
2023-05-02,1833.21000000,1885.00000000,1826.42000000,1874.90000000,36391.33070000
2023-05-03,1875.10000000,1918.89000000,1845.79000000,1908.31000000,43825.86750000
2023-05-04,1907.88000000,1921.48000000,1871.38000000,1882.20000000,25883.87670000
2023-05-05,1882.83000000,2006.34000000,1880.22000000,1999.62000000,33697.62010000
2023-05-06,1999.92000000,2024.29000000,1871.68000000,1915.06000000,31002.07660000
2023-05-07,1915.02000000,1953.00000000,1903.00000000,1906.22000000,30845.21050000
2023-05-08,1905.80000000,1925.00000000,1833.63000000,1881.32000000,52798.60100000
2023-05-09,1882.29000000,1900.17000000,1850.64000000,1864.00000000,15380.76290000
2023-05-10,1862.66000000,1889.00000000,1796.95000000,1848.51000000,13208.30500000
2023-05-11,1848.39000000,1848.64000000,1772.00000000,1797.00000000,11026.79630000
2023-05-12,1797.00000000,1816.72000000,1746.03000000,1808.54000000,14263.96400000
2023-05-13,1808.71000000,1817.38000000,1787.77000000,1797.33000000,7648.03850000
2023-05-14,1797.63000000,1824.48000000,1791.72000000,1800.68000000,8873.70840000
2023-05-15,1800.83000000,1846.42000000,1787.07000000,1817.40000000,15413.64490000
2023-05-16,1816.77000000,1832.75000000,1797.45000000,1824.50000000,13104.26820000
2023-05-17,1824.52000000,1836.57000000,1784.21000000,1821.18000000,14683.13190000
2023-05-18,1821.78000000,1831.00000000,1772.99000000,1800.74000000,13436.63820000
2023-05-19,1800.67000000,1829.59000000,1797.57000000,1812.36000000,7716.58240000
2023-05-20,1812.10000000,1828.88000000,1807.18000000,1820.20000000,5519.55600000
2023-05-21,1820.37000000,1829.65000000,1799.62000000,1806.90000000,7466.15630000
2023-05-22,1806.49000000,1828.65000000,1791.64000000,1817.83000000,10899.67990000
2023-05-23,1818.04000000,1869.00000000,1815.25000000,1854.81000000,13220.58580000
2023-05-24,1855.05000000,1855.37000000,1785.00000000,1800.82000000,15460.83780000
2023-05-25,1801.20000000,1819.37000000,1765.09000000,1807.17000000,12799.28280000
2023-05-26,1807.09000000,1840.00000000,1798.21000000,1829.89000000,10335.76800000
2023-05-27,1830.25000000,1837.65000000,1814.79000000,1832.40000000,5609.19190000
2023-05-28,1832.36000000,1918.71000000,1825.20000000,1909.80000000,13420.03330000
2023-05-29,1910.01000000,1927.65000000,1874.66000000,1892.91000000,12996.43910000
2023-05-30,1893.68000000,1918.98000000,1882.74000000,1901.81000000,10108.73660000
2023-05-31,1901.74000000,1908.11000000,1848.49000000,1874.11000000,11743.63470000
2023-06-01,1874.21000000,1889.20000000,1842.01000000,1863.16000000,13241.83550000
2023-06-02,1863.14000000,1911.08000000,1848.59000000,1907.06000000,14020.44510000
2023-06-03,1907.22000000,1909.27000000,1881.89000000,1893.44000000,10007.52360000
2023-06-04,1893.82000000,1914.62000000,1885.45000000,1890.99000000,12345.33120000
2023-06-05,1891.26000000,1892.51000000,1781.23000000,1814.92000000,24822.25860000
2023-06-06,1814.87000000,1908.00000000,1800.58000000,1902.75000000,18564.41520000
2023-06-07,1903.57000000,1998.59000000,1871.00000000,1900.82000000,12704.26340000
2023-06-08,1901.84000000,1902.00000000,1825.00000000,1849.84000000,5926.52090000
2023-06-09,1849.84000000,1852.49000000,1818.43000000,1838.24000000,9292.05850000
2023-06-10,1838.24000000,1842.35000000,1730.00000000,1759.50000000,6087.42810000
2023-06-11,1759.24000000,1774.31000000,1725.00000000,1753.25000000,3454.83770000
2023-06-12,1754.50000000,1760.99000000,1734.09000000,1753.99000000,2867.66620000
2023-06-13,1754.00000000,1772.84000000,1744.27000000,1758.88000000,1983.80680000
2023-06-14,1759.74000000,1773.45000000,1668.92000000,1677.94000000,1713.73660000
2023-06-15,1677.94000000,1702.12000000,1655.97000000,1692.00000000,1513.41940000
2023-06-16,1692.94000000,1736.60000000,1680.73000000,1731.99000000,1257.20890000
2023-06-17,1731.99000000,1760.91000000,1723.00000000,1734.24000000,900.63180000
2023-06-18,1734.70000000,1750.25000000,1725.01000000,1727.48000000,598.57610000
2023-06-19,1727.48000000,1745.77000000,1712.81000000,1737.03000000,826.43330000
2023-06-20,1738.00000000,1798.57000000,1724.03000000,1796.49000000,1229.16110000
2023-06-21,1796.49000000,1880.00000000,1791.33000000,1855.39000000,2034.28790000
2023-06-22,1856.51000000,1888.75000000,1795.00000000,1803.00000000,1237.45380000
2023-06-23,1803.61000000,1840.69000000,1793.61000000,1840.00000000,1074.44200000
2023-06-24,1840.69000000,1843.85000000,1810.00000000,1817.49000000,474.53450000
2023-06-25,1815.00000000,1850.00000000,1808.91000000,1833.50000000,551.93520000
2023-06-26,1834.50000000,1847.00000000,1789.00000000,1799.00000000,687.68040000
2023-06-27,1798.00000000,1825.00000000,1790.00000000,1804.50000000,349.59760000
2023-06-28,1804.50000000,1810.72000000,1785.00000000,1785.61000000,338.01590000
2023-06-29,1786.05000000,1803.32000000,1769.16000000,1781.92000000,344.10780000
2023-06-30,1781.95000000,1844.50000000,1750.00000000,1828.20000000,591.37760000
2023-07-01,1836.03000000,1843.47000000,1808.91000000,1833.39000000,160.08110000
2023-07-02,1833.37000000,1838.00000000,1801.00000000,1827.94000000,229.61780000
2023-07-03,1827.94000000,1870.00000000,1812.52000000,1826.95000000,420.04180000
2023-07-04,1827.45000000,1832.00000000,1799.24000000,1817.06000000,208.41450000
2023-07-05,1817.06000000,1825.47000000,1751.14000000,1796.71000000,276.96600000
2023-07-06,1790.69000000,1803.20000000,1730.00000000,1730.47000000,352.92270000
2023-07-07,1730.47000000,1751.56000000,1670.00000000,1689.60000000,875.92430000
2023-07-08,1686.88000000,1703.00000000,1646.62000000,1662.16000000,420.44840000
2023-07-09,1664.21000000,1800.00000000,1646.04000000,1702.00000000,500.61850000
2023-07-10,1702.00000000,1740.00000000,1690.00000000,1711.68000000,428.19170000
2023-07-11,1711.96000000,1715.02000000,1645.00000000,1651.46000000,485.87360000
2023-07-12,1650.04000000,1691.57000000,1647.17000000,1649.67000000,368.30180000
2023-07-13,1649.67000000,1712.13000000,1600.00000000,1645.45000000,987.42890000
2023-07-14,1652.78000000,1657.07000000,1579.76000000,1595.49000000,328.91900000
2025-02-19,2500.00000000,2726.64000000,2500.00000000,2725.10000000,4.46400000
2025-02-20,2719.22000000,2765.21000000,2704.75000000,2735.13000000,7.27570000
2025-02-21,2730.38000000,2832.37000000,2621.83000000,2635.99000000,13.08600000
2025-02-22,2651.51000000,2778.21000000,2651.51000000,2757.50000000,15.54690000
2025-02-23,2757.50000000,2829.39000000,2750.00000000,2822.55000000,31.99550000
2025-02-24,2824.40000000,2834.86000000,2474.58000000,2517.58000000,26.66210000
2025-02-25,2511.22000000,2623.35000000,2328.02000000,2502.70000000,15.20040000
2025-02-26,2502.69000000,2502.69000000,2268.74000000,2311.00000000,17.44920000
2025-02-27,2332.65000000,2361.37000000,2234.86000000,2297.06000000,14.15910000
2025-02-28,2286.53000000,2286.53000000,2085.28000000,2226.01000000,170.31800000
2025-03-01,2236.36000000,2276.23000000,2148.39000000,2195.00000000,9.93960000
2025-03-02,2210.08000000,2540.00000000,2175.36000000,2521.86000000,32.91050000
2025-03-03,2511.34000000,2511.34000000,2104.00000000,2141.19000000,43.44510000
2025-03-04,2149.00000000,2229.72000000,1995.23000000,2182.59000000,54.55880000
2025-03-05,2165.25000000,2275.38000000,2165.25000000,2246.09000000,14.44140000
2025-03-06,2243.04000000,2312.92000000,2184.02000000,2212.08000000,24.50590000
2025-03-07,2212.73000000,2236.15000000,2107.76000000,2125.25000000,22.19150000
2025-03-08,2148.53000000,2227.33000000,2120.02000000,2207.15000000,4.07440000
2025-03-09,2184.23000000,2184.23000000,2000.00000000,2021.19000000,45.01040000
2025-03-10,2020.75000000,2140.52000000,1842.55000000,1871.71000000,51.40070000
2025-03-11,1869.67000000,1955.12000000,1775.00000000,1922.01000000,50.13560000
2025-03-12,1920.00000000,1927.94000000,1832.33000000,1904.94000000,24.50420000
2025-03-13,1904.94000000,1910.58000000,1832.33000000,1846.27000000,20.48070000
2025-03-14,1870.05000000,1945.67000000,1870.05000000,1916.00000000,28.77230000
2025-03-15,1919.00000000,1950.61000000,1906.37000000,1941.80000000,4.14000000
2025-03-16,1930.43000000,1935.00000000,1870.14000000,1881.71000000,12.29610000
2025-03-17,1905.75000000,1949.99000000,1903.16000000,1923.56000000,9.09920000
2025-03-18,1918.93000000,1929.58000000,1876.46000000,1929.58000000,9.96570000
2025-03-19,1934.24000000,2064.95000000,1926.01000000,2060.19000000,101.83750000
2025-03-20,2055.44000000,2055.44000000,1953.00000000,1981.73000000,30.04040000
2025-03-21,1989.63000000,1989.76000000,1930.00000000,1976.14000000,240.67140000
2025-03-22,1981.73000000,1998.55000000,1975.70000000,1986.51000000,3.10340000
2025-03-23,1995.02000000,2015.88000000,1993.32000000,1996.39000000,5.15170000
2025-03-24,1996.39000000,2100.00000000,1980.00000000,2080.64000000,105.71630000
2025-03-25,2083.19000000,2083.19000000,2040.00000000,2066.42000000,6.59460000
2025-03-26,2065.70000000,2072.46000000,1982.79000000,2001.24000000,72.69830000
2025-03-27,2006.62000000,2015.42000000,1950.00000000,2000.51000000,66.65250000
2025-03-28,1998.79000000,1998.79000000,1863.80000000,1883.07000000,195.23330000
2025-03-29,1899.95000000,1911.59000000,1800.00000000,1816.19000000,41.61060000
2025-03-30,1828.34000000,1844.75000000,1770.00000000,1802.00000000,29.88190000
2025-03-31,1803.55000000,1845.90000000,1780.00000000,1822.06000000,3.85400000
2025-04-01,1834.54000000,1922.90000000,1834.54000000,1909.90000000,19.14920000
2025-04-02,1888.78000000,1914.76000000,1765.00000000,1793.46000000,23.46520000
2025-04-03,1789.35000000,1824.65000000,1757.19000000,1815.80000000,73.76230000
2025-04-04,1815.53000000,1826.43000000,1760.00000000,1810.59000000,102.39810000
2025-04-05,1810.61000000,1817.08000000,1760.00000000,1783.66000000,40.85570000
2025-04-06,1809.60000000,1812.02000000,1543.49000000,1543.49000000,65.28390000
2025-04-07,1576.31000000,1631.62000000,1420.00000000,1561.71000000,143.63510000
2025-04-08,1558.86000000,1607.33000000,1450.00000000,1464.98000000,30.75990000
2025-04-09,1467.97000000,1681.11000000,1383.01000000,1664.00000000,51.04160000
2025-04-10,1658.51000000,1658.52000000,1473.76000000,1521.00000000,17.44460000
2025-04-11,1507.00000000,1584.13000000,1507.00000000,1562.49000000,65.85130000
2025-04-12,1560.44000000,1663.57000000,1549.13000000,1649.94000000,16.99640000
2025-04-13,1620.83000000,1646.38000000,1579.49000000,1591.06000000,2.95030000
2025-04-14,1610.88000000,1686.47000000,1600.00000000,1637.17000000,7.96920000
2025-04-15,1639.42000000,1650.00000000,1600.00000000,1602.00000000,0.87380000
2025-04-16,1580.43000000,1597.50000000,1546.32000000,1559.60000000,8.22160000
2025-04-17,1582.52000000,1611.72000000,1581.10000000,1591.34000000,9.61000000
2025-04-18,1584.63000000,1597.17000000,1581.18000000,1593.82000000,8.37440000
2025-04-19,1593.81000000,1623.73000000,1592.00000000,1616.81000000,3.89150000
2025-04-20,1616.25000000,1616.25000000,1570.02000000,1586.89000000,2.92940000
2025-04-21,1617.47000000,1649.52000000,1555.30000000,1571.62000000,16.10200000
2025-04-22,1560.00000000,1742.82000000,1547.42000000,1730.76000000,38.29100000
2025-04-23,1720.05000000,1799.76000000,1714.21000000,1799.65000000,15.57630000
2025-04-24,1784.42000000,1788.77000000,1725.40000000,1765.00000000,19.51580000
2025-04-25,1776.62000000,1821.51000000,1742.02000000,1800.00000000,29.63440000
2025-04-26,1810.00000000,1830.52000000,1781.69000000,1815.43000000,21.22750000
2025-04-27,1830.52000000,1854.05000000,1784.62000000,1787.51000000,27.94290000
2025-04-28,1777.14000000,1820.54000000,1748.61000000,1800.42000000,9.44890000
2025-04-29,1801.00000000,1842.47000000,1783.98000000,1783.98000000,19.70730000
2025-04-30,1800.20000000,1810.55000000,1736.48000000,1798.95000000,13.61620000
2025-05-01,1793.98000000,1869.70000000,1753.04000000,1835.20000000,11.55160000
2025-05-02,1833.71000000,1860.24000000,1816.10000000,1838.12000000,10.33700000
2025-05-03,1838.12000000,1844.24000000,1815.00000000,1835.35000000,3.57580000
2025-05-04,1829.54000000,1829.54000000,1816.10000000,1816.10000000,0.02500000
2025-05-05,1802.59000000,1830.52000000,1789.17000000,1830.52000000,9.57480000
2025-05-06,1802.59000000,1808.11000000,1757.77000000,1808.10000000,3.66510000
2025-05-07,1816.90000000,1844.24000000,1794.29000000,1815.00000000,9.02760000
2025-05-08,1830.00000000,2190.06000000,1821.85000000,2185.42000000,74.07530000
2025-05-09,2185.42000000,2475.00000000,2185.00000000,2336.71000000,54.87630000
2025-05-10,2342.40000000,2550.00000000,2250.00000000,2550.00000000,43.74940000
2025-05-11,2549.94000000,2549.94000000,2430.52000000,2493.52000000,9.81690000
2025-05-12,2490.00000000,2599.03000000,2412.42000000,2482.38000000,31.95410000
2025-05-13,2482.38000000,2720.00000000,2400.00000000,2686.62000000,49.40310000
2025-05-14,2674.49000000,2714.91000000,2561.07000000,2588.40000000,20.39460000
2025-05-15,2620.27000000,2632.40000000,2482.42000000,2538.72000000,34.45950000
2025-05-16,2553.70000000,2639.93000000,2542.00000000,2548.70000000,10.75250000
2025-05-17,2530.00000000,2530.00000000,2448.57000000,2459.52000000,14.87500000
2025-05-18,2469.86000000,2581.39000000,2336.51000000,2498.66000000,26.13860000
2025-05-19,2498.66000000,2544.80000000,2358.94000000,2517.53000000,10.48720000
2025-05-20,2537.55000000,2578.96000000,2448.75000000,2523.63000000,10.91270000
2025-05-21,2536.89000000,2612.22000000,2460.00000000,2567.53000000,26.67580000
2025-05-22,2556.48000000,2686.94000000,2552.34000000,2650.00000000,60.90510000
2025-05-23,2651.54000000,2720.00000000,2500.00000000,2523.07000000,41.47760000
2025-05-24,2524.00000000,2562.17000000,2519.68000000,2519.68000000,7.63540000
2025-05-25,2514.00000000,2549.13000000,2467.12000000,2541.71000000,34.02820000
2025-05-26,2552.82000000,2589.77000000,2534.17000000,2542.17000000,0.68880000
2025-05-27,2540.00000000,2699.79000000,2523.07000000,2662.40000000,51.04130000
2025-05-28,2650.04000000,2688.14000000,2619.14000000,2679.68000000,10.19700000
2025-05-29,2690.35000000,2781.71000000,2626.05000000,2628.00000000,39.48560000
2025-05-30,2620.10000000,2639.93000000,2523.07000000,2523.07000000,29.83600000
2025-05-31,2518.05000000,2543.09000000,2485.63000000,2532.60000000,13.98220000
2025-06-01,2523.07000000,2552.19000000,2485.00000000,2536.06000000,12.29920000
2025-06-02,2531.60000000,2613.13000000,2481.37000000,2609.60000000,21.74100000
2025-06-03,2602.28000000,2648.16000000,2580.28000000,2597.25000000,20.54710000
2025-06-04,2595.68000000,2666.80000000,2595.68000000,2604.20000000,23.60350000
2025-06-05,2604.20000000,2629.05000000,2394.46000000,2414.00000000,32.40510000
2025-06-06,2414.00000000,2526.91000000,2390.00000000,2481.53000000,23.46710000
2025-06-07,2471.23000000,2537.36000000,2457.22000000,2537.36000000,38.29590000
2025-06-08,2524.36000000,2543.09000000,2497.66000000,2505.19000000,5.66720000
2025-06-09,2506.72000000,2676.75000000,2481.94000000,2674.83000000,26.67720000
2025-06-10,2675.70000000,2812.00000000,2644.64000000,2803.61000000,69.81760000
2025-06-11,2812.00000000,2875.00000000,2748.06000000,2764.78000000,43.52250000
2025-06-12,2775.56000000,2781.78000000,2600.00000000,2655.88000000,24.66880000
2025-06-13,2644.00000000,2644.00000000,2440.60000000,2577.74000000,115.60840000
2025-06-14,2573.01000000,2573.01000000,2490.00000000,2530.49000000,16.33850000
2025-06-15,2530.49000000,2554.59000000,2500.00000000,2542.00000000,53.15600000
2025-06-16,2541.41000000,2674.33000000,2515.07000000,2542.00000000,93.84780000
2025-06-17,2537.30000000,2612.89000000,2460.01000000,2519.65000000,133.63250000
2025-06-18,2517.81000000,2650.83000000,2472.25000000,2525.01000000,99.36370000
2025-06-19,2525.00000000,2535.67000000,2500.00000000,2526.39000000,5.14570000
2025-06-20,2520.04000000,2563.87000000,2380.00000000,2408.58000000,24.83820000
2025-06-21,2405.00000000,2441.08000000,2230.62000000,2293.41000000,42.72130000
2025-06-22,2307.66000000,2307.66000000,2124.65000000,2219.14000000,36.14730000
2025-06-23,2239.71000000,2434.94000000,2200.00000000,2425.97000000,53.24720000
2025-06-24,2400.00000000,2478.81000000,2382.25000000,2440.91000000,38.46050000
2025-06-25,2440.91000000,2464.94000000,2394.46000000,2412.66000000,29.51590000
2025-06-26,2422.54000000,2518.21000000,2400.00000000,2412.00000000,25.13250000
2025-06-27,2413.33000000,2450.00000000,2390.07000000,2416.53000000,10.65620000
2025-06-28,2417.60000000,2442.34000000,2417.60000000,2435.57000000,6.45030000
2025-06-29,2432.83000000,2520.00000000,2415.00000000,2495.46000000,20.95510000
2025-06-30,2508.40000000,2519.99000000,2440.41000000,2487.23000000,28.48910000
2025-07-01,2483.53000000,2490.00000000,2388.90000000,2397.74000000,29.85110000
2025-07-02,2406.14000000,2616.01000000,2376.63000000,2572.51000000,56.05590000
2025-07-03,2575.00000000,2620.27000000,2561.07000000,2584.44000000,70.95740000
2025-07-04,2585.00000000,2585.78000000,2473.09000000,2510.00000000,20.93610000
2025-07-05,2510.85000000,2521.17000000,2490.00000000,2521.17000000,79.50400000
2025-07-06,2517.40000000,2600.76000000,2511.37000000,2558.63000000,28.79680000
2025-07-07,2574.11000000,2590.34000000,2519.14000000,2542.77000000,18.38010000
2025-07-08,2543.07000000,2620.27000000,2527.30000000,2616.69000000,18.24800000
2025-07-09,2616.69000000,2779.00000000,2594.97000000,2777.00000000,64.25330000
2025-07-10,2766.54000000,2994.00000000,2759.81000000,2955.00000000,197.35960000
2025-07-11,2950.20000000,3024.00000000,2915.72000000,2960.11000000,100.90020000
2025-07-12,2963.66000000,2975.26000000,2904.32000000,2944.10000000,13.10080000
2025-07-13,2943.41000000,3002.76000000,2935.58000000,2957.31000000,23.63040000
2025-07-14,2975.00000000,3068.00000000,2891.00000000,3012.11000000,90.56860000
2025-07-15,3012.11000000,3139.81000000,2935.00000000,3135.15000000,92.17550000
2025-07-16,3138.70000000,3416.86000000,3100.00000000,3361.74000000,93.81650000
2025-07-17,3359.99000000,3499.00000000,3150.00000000,3470.00000000,59.04280000
2025-07-18,3470.00000000,3657.22000000,3468.65000000,3541.33000000,87.41300000
2025-07-19,3545.53000000,3601.58000000,3424.99000000,3587.84000000,84.37330000
2025-07-20,3587.71000000,3827.66000000,3579.27000000,3758.94000000,62.58050000
2025-07-21,3763.10000000,3855.00000000,3715.77000000,3763.70000000,101.38600000
2025-07-22,3774.14000000,3799.99000000,3615.83000000,3739.27000000,109.08320000
2025-07-23,3739.27000000,3809.07000000,3450.00000000,3630.01000000,116.81810000
2025-07-24,3625.39000000,3774.71000000,3512.36000000,3713.09000000,78.10690000
2025-07-25,3692.71000000,3730.23000000,3584.93000000,3721.09000000,57.50870000
2025-07-26,3720.00000000,3787.88000000,3714.73000000,3745.69000000,37.39160000
2025-07-27,3740.00000000,3876.80000000,3740.00000000,3853.86000000,54.95920000
2025-07-28,3879.00000000,3945.14000000,3750.00000000,3796.58000000,55.73030000
2025-07-29,3797.42000000,3876.10000000,3720.00000000,3780.91000000,79.22590000
2025-07-30,3792.61000000,3828.58000000,3680.00000000,3800.01000000,43.11200000
2025-07-31,3801.89000000,3874.83000000,3693.71000000,3698.16000000,131.03360000
2025-08-01,3686.58000000,3720.54000000,3437.11000000,3486.66000000,124.60360000
2025-08-02,3481.98000000,3533.27000000,3280.08000000,3407.59000000,81.88870000
2025-08-03,3404.49000000,3590.82000000,3368.56000000,3499.29000000,68.37890000
2025-08-04,3499.29000000,3731.56000000,3495.81000000,3715.21000000,38.59600000
2025-08-05,3713.05000000,3713.05000000,3548.98000000,3618.51000000,38.37830000
2025-08-06,3597.85000000,3695.31000000,3577.28000000,3683.00000000,41.73680000
2025-08-07,3683.00000000,3919.54000000,3580.00000000,3914.00000000,120.78130000
2025-08-08,3904.33000000,4060.00000000,3850.00000000,4013.85000000,240.39640000
2025-08-09,4011.63000000,4307.51000000,3999.00000000,4260.19000000,217.57100000
2025-08-10,4251.99000000,4316.01000000,4142.00000000,4251.41000000,63.90980000
2025-08-11,4250.00000000,4357.80000000,4034.36000000,4222.67000000,140.34890000
2025-08-12,4223.65000000,4621.67000000,4223.65000000,4588.63000000,195.25270000
2025-08-13,4591.35000000,4770.42000000,4558.81000000,4758.92000000,144.23810000
2025-08-14,4747.58000000,4770.00000000,4350.00000000,4533.15000000,225.80060000
2025-08-15,4543.97000000,4660.87000000,4350.02000000,4440.40000000,120.04290000
2025-08-16,4449.52000000,4488.01000000,4377.31000000,4430.00000000,53.91260000
2025-08-17,4430.00000000,4570.17000000,4350.00000000,4472.89000000,48.44010000
2025-08-18,4484.60000000,4484.60000000,4229.19000000,4304.60000000,228.46270000
2025-08-19,4306.01000000,4350.00000000,4069.88000000,4069.88000000,165.12130000
2025-08-20,4084.12000000,4365.00000000,4064.79000000,4332.30000000,98.54630000
2025-08-21,4324.29000000,4336.80000000,4201.48000000,4214.65000000,30.58800000
2025-08-22,4232.79000000,4850.00000000,4206.21000000,4809.38000000,459.30060000
2025-08-23,4798.88000000,4808.77000000,4650.01000000,4777.63000000,84.21480000
2025-08-24,4782.30000000,4949.00000000,4713.21000000,4781.00000000,132.44970000
2025-08-25,4795.94000000,4795.94000000,4339.01000000,4373.85000000,182.14170000
2025-08-26,4373.85000000,4624.02000000,4315.27000000,4596.47000000,82.38820000
2025-08-27,4592.86000000,4654.88000000,4495.00000000,4496.75000000,62.26910000
2025-08-28,4505.89000000,4624.89000000,4428.68000000,4505.15000000,59.26870000
2025-08-29,4499.00000000,4509.74000000,4268.00000000,4366.99000000,129.81390000
2025-08-30,4354.41000000,4407.37000000,4256.61000000,4365.22000000,57.02250000
2025-08-31,4365.22000000,4493.33000000,4365.22000000,4387.96000000,29.12750000
2025-09-01,4387.96000000,4492.23000000,4215.63000000,4294.98000000,79.23010000
2025-09-02,4306.37000000,4409.80000000,4263.25000000,4321.00000000,37.68310000
2025-09-03,4322.00000000,4481.74000000,4285.00000000,4448.87000000,42.77370000
2025-09-04,4454.58000000,4476.53000000,4266.65000000,4302.98000000,46.61280000
2025-09-05,4292.42000000,4480.95000000,4257.27000000,4306.09000000,58.34430000
2025-09-06,4305.39000000,4326.00000000,4240.68000000,4268.88000000,40.45880000
2025-09-07,4270.10000000,4334.41000000,4270.10000000,4310.00000000,35.12820000
2025-09-08,4301.18000000,4383.37000000,4280.00000000,4312.00000000,32.11150000
2025-09-09,4301.05000000,4374.98000000,4280.00000000,4313.14000000,64.98020000
2025-09-10,4312.53000000,4444.85000000,4284.30000000,4349.24000000,63.05940000
2025-09-11,4338.49000000,4460.00000000,4338.48000000,4459.55000000,63.27310000
2025-09-12,4459.55000000,4735.58000000,4444.57000000,4705.35000000,102.29070000
2025-09-13,4705.35000000,4763.90000000,4600.00000000,4667.98000000,37.00420000
2025-09-14,4651.52000000,4674.96000000,4573.80000000,4609.00000000,20.82440000
2025-09-15,4603.35000000,4659.06000000,4467.78000000,4513.47000000,73.34550000
2025-09-16,4519.95000000,4519.96000000,4424.80000000,4491.72000000,79.12170000
2025-09-17,4503.54000000,4599.11000000,4425.02000000,4582.39000000,234.98510000
2025-09-18,4582.39000000,4621.73000000,4500.00000000,4577.99000000,46.54120000
2025-09-19,4577.99000000,4614.15000000,4438.00000000,4466.49000000,69.79800000
2025-09-20,4466.50000000,4499.99000000,4457.97000000,4480.09000000,36.90980000
2025-09-21,4476.73000000,4495.20000000,4438.00000000,4441.13000000,45.72130000
2025-09-22,4441.13000000,4450.00000000,4065.45000000,4206.71000000,118.69170000
2025-09-23,4200.79000000,4225.14000000,4120.00000000,4165.32000000,39.79240000
2025-09-24,4174.87000000,4203.59000000,4081.54000000,4148.76000000,33.98280000
2025-09-25,4158.25000000,4161.32000000,3825.07000000,3866.47000000,183.30040000
2025-09-26,3874.38000000,4060.20000000,3869.41000000,4034.21000000,177.55240000
2025-09-27,4028.44000000,4035.66000000,3959.85000000,4014.28000000,41.73300000
2025-09-28,4021.94000000,4142.43000000,3970.00000000,4142.43000000,102.24710000
2025-09-29,4142.46000000,4233.02000000,4088.89000000,4215.56000000,42.26910000
2025-09-30,4216.21000000,4239.95000000,4095.81000000,4142.67000000,28.83150000
2025-10-01,4142.66000000,4346.75000000,4127.44000000,4346.75000000,59.40500000
2025-10-02,4350.00000000,4498.00000000,4335.00000000,4474.50000000,140.78560000
2025-10-03,4471.35000000,4571.69000000,4428.30000000,4504.69000000,100.78860000
2025-10-04,4503.80000000,4511.00000000,4432.53000000,4481.00000000,33.93450000
2025-10-05,4475.54000000,4598.71000000,4399.99000000,4504.70000000,66.84340000
2025-10-06,4512.00000000,4715.00000000,4487.71000000,4668.34000000,132.52810000
2025-10-07,4668.34000000,4719.53000000,4422.21000000,4444.72000000,71.85610000
2025-10-08,4444.72000000,4565.03000000,4400.00000000,4519.86000000,52.83420000
2025-10-09,4519.86000000,4529.59000000,4200.00000000,4366.13000000,168.54500000
2025-10-10,4366.13000000,4388.34000000,3804.95000000,3887.72000000,207.15180000
2025-10-11,3887.72000000,3987.00000000,3732.41000000,3809.50000000,171.45910000
2025-10-12,3809.50000000,4201.60000000,3780.00000000,4165.32000000,124.78160000
2025-10-13,4161.33000000,4286.36000000,4056.36000000,4245.84000000,144.57730000
2025-10-14,4248.73000000,4256.29000000,3897.79000000,4125.53000000,154.35260000
2025-10-15,4132.55000000,4206.18000000,3934.68000000,3986.20000000,141.46760000
2025-10-16,3989.90000000,4144.56000000,3831.38000000,3888.67000000,143.93910000
2025-10-17,3893.27000000,3946.77000000,3680.00000000,3843.46000000,340.03840000
2025-10-18,3843.50000000,3936.24000000,3843.50000000,3898.17000000,28.33730000
2025-10-19,3900.90000000,4043.97000000,3840.00000000,3987.07000000,50.04860000
2025-10-20,3999.98000000,4107.83000000,3907.51000000,3985.04000000,66.53720000
2025-10-21,3984.26000000,4105.00000000,3856.40000000,3881.85000000,249.93220000
2025-10-22,3877.45000000,3892.02000000,3720.00000000,3802.36000000,156.13100000
2025-10-23,3802.70000000,3930.00000000,3802.70000000,3860.54000000,50.89590000
2025-10-24,3861.60000000,4017.00000000,3842.18000000,3937.94000000,204.08020000
2025-10-25,3942.07000000,3968.97000000,3920.01000000,3958.28000000,35.00770000
2025-10-26,3961.33000000,4176.03000000,3926.00000000,4158.25000000,78.96340000
2025-10-27,4158.24000000,4247.74000000,4100.57000000,4114.93000000,101.88620000
2025-10-28,4119.04000000,4172.20000000,3940.00000000,3981.87000000,105.19440000
2025-10-29,3980.74000000,4035.04000000,3850.00000000,3905.99000000,59.96860000
2025-10-30,3911.84000000,3951.25000000,3685.00000000,3801.08000000,311.88010000
2025-10-31,3805.40000000,3898.91000000,3800.49000000,3853.10000000,58.62670000
2025-11-01,3847.65000000,3906.32000000,3834.36000000,3874.40000000,22.47460000
2025-11-02,3871.53000000,3915.00000000,3841.20000000,3914.57000000,30.47280000
2025-11-03,3910.43000000,3912.77000000,3559.63000000,3601.00000000,186.91260000
2025-11-04,3600.01000000,3655.35000000,3064.71000000,3309.60000000,659.90940000
2025-11-05,3290.01000000,3486.79000000,3172.00000000,3434.11000000,162.95120000
2025-11-06,3420.00000000,3458.76000000,3253.76000000,3316.02000000,280.65120000
2025-11-07,3322.78000000,3472.69000000,3199.36000000,3443.83000000,390.48410000
2025-11-08,3433.60000000,3481.42000000,3365.74000000,3408.54000000,44.27880000
2025-11-09,3403.29000000,3620.00000000,3371.79000000,3580.04000000,79.88400000
2025-11-10,3587.96000000,3660.74000000,3515.00000000,3573.89000000,99.69300000
2025-11-11,3570.78000000,3648.80000000,3408.90000000,3418.42000000,156.74310000
2025-11-12,3423.49000000,3593.33000000,3376.88000000,3409.41000000,183.28990000
2025-11-13,3414.86000000,3563.84000000,3160.48000000,3234.20000000,544.78930000
2025-11-14,3234.26000000,3252.42000000,3070.40000000,3100.46000000,781.68950000
2025-11-15,3116.77000000,3229.09000000,3116.77000000,3169.46000000,92.62250000
2025-11-16,3170.49000000,3247.38000000,3006.00000000,3098.15000000,263.80100000
2025-11-17,3093.92000000,3215.89000000,2960.32000000,3026.09000000,671.40550000
2025-11-18,3026.08000000,3165.03000000,2943.57000000,3121.55000000,479.80230000
2025-11-19,3121.72000000,3121.73000000,2873.83000000,3020.00000000,299.01720000
2025-11-20,3014.52000000,3054.28000000,2791.81000000,2832.63000000,546.93190000
2025-11-21,2836.96000000,2882.60000000,2600.00000000,2766.43000000,883.38730000
2025-11-22,2766.59000000,2794.01000000,2705.00000000,2772.68000000,135.77860000
2025-11-23,2770.28000000,2856.81000000,2767.36000000,2804.88000000,292.95150000
2025-11-24,2804.88000000,2983.69000000,2767.73000000,2957.92000000,378.61400000
2025-11-25,2954.63000000,2976.64000000,2858.15000000,2959.88000000,345.54350000
2025-11-26,2961.44000000,3041.70000000,2890.01000000,3029.29000000,302.64970000
2025-11-27,3027.32000000,3070.71000000,2987.74000000,3017.91000000,190.21160000
2025-11-28,3015.28000000,3094.28000000,2997.31000000,3033.66000000,256.43910000
2025-11-29,3035.86000000,3052.87000000,2967.38000000,2991.91000000,135.51660000
2025-11-30,2989.74000000,3053.73000000,2980.57000000,2994.00000000,167.48770000
2025-12-01,2993.76000000,2997.37000000,2716.10000000,2803.16000000,475.45290000
2025-12-02,2800.93000000,3031.23000000,2786.66000000,2994.12000000,214.92520000
2025-12-03,2993.20000000,3212.87000000,2985.95000000,3192.80000000,371.94920000
2025-12-04,3191.46000000,3241.25000000,3069.81000000,3134.73000000,237.12900000
2025-12-05,3140.75000000,3193.99000000,2990.59000000,3028.14000000,326.54180000
2025-12-06,3023.01000000,3067.23000000,3014.82000000,3034.42000000,55.39150000
2025-12-07,3036.49000000,3152.16000000,2925.71000000,3064.25000000,164.13120000
2025-12-08,3056.59000000,3176.81000000,3045.76000000,3125.81000000,173.42420000
2025-12-09,3124.47000000,3394.73000000,3096.62000000,3316.68000000,225.00770000
2025-12-10,3312.19000000,3445.80000000,3285.18000000,3326.17000000,445.71940000
2025-12-11,3320.45000000,3320.45000000,3148.50000000,3238.99000000,531.09360000
2025-12-12,3240.26000000,3267.05000000,3050.24000000,3084.31000000,180.96130000
2025-12-13,3084.85000000,3134.42000000,3077.79000000,3117.92000000,75.37440000
2025-12-14,3117.92000000,3128.98000000,3037.33000000,3063.86000000,103.06940000
2025-12-15,3073.10000000,3175.08000000,2899.18000000,2970.43000000,166.29220000
2025-12-16,2967.53000000,2980.03000000,2883.31000000,2964.13000000,39.34190000
2025-12-17,2950.14000000,3024.94000000,2800.00000000,2836.06000000,151.25790000
2025-12-18,2831.60000000,2996.31000000,2778.77000000,2827.45000000,146.46300000
2025-12-19,2830.69000000,3015.97000000,2818.53000000,2980.00000000,103.77520000
2025-12-20,2976.59000000,2986.36000000,2968.16000000,2975.88000000,18.33450000
2025-12-21,2978.30000000,3015.21000000,2944.24000000,2999.67000000,58.02620000
2025-12-22,2999.67000000,3069.48000000,2963.51000000,3004.46000000,90.31600000
2025-12-23,3003.31000000,3029.07000000,2901.20000000,2958.31000000,60.97570000
2025-12-24,2963.01000000,2970.01000000,2893.56000000,2948.11000000,47.69780000
2025-12-25,2944.91000000,2968.03000000,2890.00000000,2904.11000000,30.48350000
2025-12-26,2901.68000000,2992.94000000,2896.87000000,2926.19000000,114.45520000
2025-12-27,2924.93000000,2958.03000000,2915.42000000,2948.40000000,13.96170000
2025-12-28,2947.74000000,2961.63000000,2926.52000000,2940.00000000,42.59910000
2025-12-29,2951.46000000,3054.28000000,2914.39000000,2940.00000000,241.27640000
2025-12-30,2936.46000000,3000.00000000,2924.00000000,2971.21000000,71.21260000
2025-12-31,2971.21000000,3013.07000000,2951.39000000,2960.85000000,216.61020000
2026-01-01,2963.98000000,3001.46000000,2952.76000000,2997.45000000,118.40480000
2026-01-02,2997.45000000,3139.96000000,2987.51000000,3118.83000000,76.20030000
2026-01-03,3121.16000000,3128.43000000,3067.00000000,3114.41000000,106.90100000
2026-01-04,3116.40000000,3150.00000000,3114.93000000,3133.50000000,65.99500000
2026-01-05,3142.06000000,3250.00000000,3134.65000000,3220.03000000,248.76950000
2026-01-06,3220.43000000,3298.00000000,3179.28000000,3287.20000000,122.89480000
2026-01-07,3287.04000000,3287.04000000,3125.00000000,3163.10000000,107.78430000
2026-01-08,3163.81000000,3179.62000000,3053.12000000,3109.53000000,61.67390000
2026-01-09,3105.89000000,3142.02000000,3060.00000000,3089.05000000,48.22040000
2026-01-10,3086.05000000,3098.18000000,3078.00000000,3085.80000000,15.53880000
2026-01-11,3084.45000000,3141.31000000,3084.45000000,3118.05000000,32.26290000
2026-01-12,3112.30000000,3166.01000000,3067.05000000,3094.73000000,96.09300000
2026-01-13,3094.05000000,3349.93000000,3055.50000000,3312.53000000,183.15670000
2026-01-14,3321.36000000,3396.52000000,3271.24000000,3356.05000000,219.82410000
2026-01-15,3348.00000000,3379.49000000,3276.76000000,3317.35000000,98.70640000
2026-01-16,3317.62000000,3322.36000000,3251.19000000,3292.66000000,69.75510000
2026-01-17,3293.62000000,3327.81000000,3283.05000000,3307.05000000,136.76510000
2026-01-18,3308.33000000,3365.45000000,3277.05000000,3281.39000000,256.10350000
2026-01-19,3280.05000000,3280.05000000,3163.51000000,3185.70000000,738.98910000
2026-01-20,3185.40000000,3198.08000000,2914.67000000,2936.47000000,1696.45330000
2026-01-21,2937.63000000,3065.99000000,2865.00000000,2980.08000000,1730.10190000
2026-01-22,2979.21000000,3033.72000000,2903.61000000,2948.16000000,935.98830000
2026-01-23,2951.31000000,3017.31000000,2891.41000000,2950.05000000,1009.64780000
2026-01-24,2954.11000000,2965.57000000,2942.05000000,2947.06000000,126.90260000
2026-01-25,2951.74000000,2955.55000000,2785.67000000,2816.05000000,1037.13610000
2026-01-26,2815.00000000,2948.53000000,2812.32000000,2928.16000000,1334.43850000
2026-01-27,2924.96000000,3030.02000000,2900.00000000,3021.37000000,857.96030000
2026-01-28,3021.72000000,3039.53000000,2978.74000000,3004.28000000,946.03140000
2026-01-29,3006.56000000,3007.25000000,2751.00000000,2823.60000000,1155.32380000
2026-01-30,2816.37000000,2817.73000000,2632.78000000,2703.88000000,2908.08080000
2026-01-31,2705.23000000,2708.22000000,2250.00000000,2451.43000000,1707.30050000
2026-02-01,2451.43000000,2473.48000000,2220.00000000,2270.74000000,2099.99440000
2026-02-02,2270.17000000,2395.51000000,2156.43000000,2349.99000000,2561.73050000
2026-02-03,2336.85000000,2356.00000000,2109.58000000,2229.41000000,833.62110000
2026-02-04,2231.25000000,2293.08000000,2074.92000000,2147.09000000,1975.11340000
2026-02-05,2134.29000000,2165.96000000,1814.05000000,1820.93000000,1878.25010000
2026-02-06,1820.97000000,2088.57000000,1743.99000000,2058.00000000,1299.84110000
2026-02-07,2050.99000000,2111.68000000,1998.05000000,2086.46000000,1585.86360000
2026-02-08,2083.12000000,2146.86000000,2062.45000000,2092.05000000,468.89990000
2026-02-09,2088.96000000,2142.92000000,2010.05000000,2097.41000000,962.27100000
2026-02-10,2105.19000000,2119.96000000,1985.52000000,2018.23000000,1271.94760000
2026-02-11,2018.47000000,2027.72000000,1901.10000000,1937.54000000,1345.32700000
2026-02-12,1936.85000000,1998.73000000,1895.51000000,1944.86000000,1449.08650000
2026-02-13,1944.21000000,2065.94000000,1923.65000000,2044.36000000,1005.15620000
2026-02-14,2043.53000000,2101.91000000,2039.93000000,2084.19000000,135.67810000
2026-02-15,2083.24000000,2098.41000000,1928.05000000,1958.05000000,288.99830000
2026-02-16,1963.10000000,2020.83000000,1940.00000000,1997.05000000,174.91410000
2026-02-17,1995.16000000,2010.67000000,1941.05000000,1989.89000000,1318.88790000
2026-02-18,1992.04000000,2034.69000000,1923.54000000,1952.28000000,1326.37070000
2026-02-19,1953.77000000,1985.80000000,1906.89000000,1948.00000000,1017.55880000
2026-02-20,1947.94000000,1980.73000000,1927.57000000,1966.93000000,2157.78830000
2026-02-21,1966.00000000,1994.55000000,1956.05000000,1970.86000000,616.97760000
2026-02-22,1971.23000000,1979.92000000,1933.43000000,1956.75000000,398.86850000
2026-02-23,1955.05000000,1955.05000000,1835.43000000,1855.71000000,2100.92690000
2026-02-24,1857.55000000,1867.59000000,1800.00000000,1850.81000000,3267.19010000
2026-02-25,1851.84000000,2143.85000000,1846.10000000,2055.56000000,6930.70960000
2026-02-26,2053.91000000,2081.19000000,1975.96000000,2027.05000000,3512.06990000
2026-02-27,2025.15000000,2062.17000000,1888.04000000,1930.55000000,1024.68060000
2026-02-28,1933.33000000,1983.95000000,1835.01000000,1965.05000000,893.68970000
2026-03-01,1966.90000000,2053.12000000,1907.90000000,1937.38000000,1427.35520000
2026-03-02,1938.57000000,2086.73000000,1920.70000000,2026.03000000,1022.65690000
2026-03-03,2027.89000000,2040.62000000,1930.00000000,1988.32000000,660.03640000
2026-03-04,1981.34000000,2198.70000000,1946.10000000,2124.80000000,899.99780000
2026-03-05,2125.77000000,2162.98000000,2055.39000000,2069.33000000,532.11210000
2026-03-06,2072.80000000,2092.34000000,1956.38000000,1978.10000000,240.36150000
2026-03-07,1978.96000000,1996.60000000,1949.62000000,1973.82000000,190.35000000
2026-03-08,1974.55000000,1979.74000000,1912.73000000,1940.80000000,212.19910000
2026-03-09,1944.45000000,2052.81000000,1934.10000000,1991.79000000,610.10160000
2026-03-10,1993.00000000,2088.07000000,1993.00000000,2032.75000000,2977.61980000
2026-03-11,2028.87000000,2081.76000000,2004.10000000,2050.10000000,3105.73990000
2026-03-12,2050.78000000,2092.95000000,2018.54000000,2078.10000000,230.68130000
2026-03-13,2072.79000000,2205.36000000,2072.79000000,2092.10000000,347.58160000
2026-03-14,2090.00000000,2105.21000000,2065.37000000,2097.98000000,113.44060000
2026-03-15,2097.35000000,2201.24000000,2087.91000000,2171.21000000,313.94140000
2026-03-16,2182.09000000,2383.89000000,2166.53000000,2352.95000000,305.62170000
2026-03-17,2347.81000000,2373.81000000,2298.00000000,2320.00000000,736.66870000
2026-03-18,2321.55000000,2348.79000000,2155.00000000,2205.50000000,561.87760000
2026-03-19,2200.45000000,2231.21000000,2100.00000000,2136.10000000,406.28410000
2026-03-20,2145.41000000,2174.00000000,2117.81000000,2148.11000000,332.54810000
2026-03-21,2151.42000000,2167.31000000,2073.18000000,2074.89000000,108.42720000
2026-03-22,2075.52000000,2123.80000000,2025.36000000,2060.49000000,163.37630000
2026-03-23,2050.00000000,2195.34000000,2023.80000000,2152.10000000,682.63390000
2026-03-24,2151.01000000,2172.40000000,2102.76000000,2155.37000000,1217.42230000
2026-03-25,2153.54000000,2196.75000000,2146.10000000,2165.41000000,1194.28980000
2026-03-26,2165.77000000,2168.48000000,2033.38000000,2058.64000000,640.43980000
2026-03-27,2057.00000000,2074.26000000,1970.89000000,1991.94000000,553.91760000
2026-03-28,1992.95000000,2042.32000000,1984.46000000,1992.39000000,155.61290000
2026-03-29,1997.68000000,2014.44000000,1938.65000000,1983.70000000,121.43030000
2026-03-30,1980.31000000,2082.48000000,1980.31000000,2022.06000000,3755.32600000
2026-03-31,2021.73000000,2120.81000000,2011.27000000,2104.21000000,1126.28690000
2026-04-01,2101.92000000,2165.00000000,2081.91000000,2139.86000000,248.99360000
2026-04-02,2139.09000000,2158.10000000,2018.76000000,2058.13000000,266.03430000
2026-04-03,2055.35000000,2079.58000000,2043.24000000,2051.98000000,258.93670000
2026-04-04,2053.29000000,2084.57000000,2046.57000000,2063.04000000,95.65320000
2026-04-05,2063.93000000,2123.15000000,2024.10000000,2109.46000000,103.79950000
2026-04-06,2116.86000000,2174.13000000,2089.83000000,2110.10000000,596.14580000
2026-04-07,2111.51000000,2271.00000000,2063.04000000,2238.80000000,572.52230000
2026-04-08,2244.84000000,2266.39000000,2181.48000000,2183.63000000,447.76940000
2026-04-09,2193.16000000,2244.06000000,2159.29000000,2188.89000000,279.95240000
2026-04-10,2184.17000000,2256.71000000,2178.16000000,2240.55000000,342.85290000
2026-04-11,2237.29000000,2329.00000000,2232.91000000,2288.10000000,240.38190000
2026-04-12,2284.81000000,2288.37000000,2177.02000000,2190.38000000,282.85000000
2026-04-13,2189.88000000,2395.20000000,2177.03000000,2372.91000000,590.20860000
2026-04-14,2375.27000000,2416.63000000,2305.52000000,2322.54000000,312.91190000
2026-04-15,2331.41000000,2383.85000000,2312.47000000,2353.78000000,140.34620000
2026-04-16,2353.93000000,2369.25000000,2286.90000000,2353.21000000,191.55490000
2026-04-17,2348.76000000,2464.55000000,2318.07000000,2420.76000000,252.18670000
2026-04-18,2424.52000000,2428.46000000,2342.24000000,2353.49000000,173.39570000
2026-04-19,2351.72000000,2351.72000000,2255.00000000,2265.35000000,176.38090000
2026-04-20,2264.10000000,2347.25000000,2264.10000000,2314.50000000,136.22210000
2026-04-21,2314.50000000,2336.66000000,2286.02000000,2327.60000000,173.27800000
2026-04-22,2330.00000000,2422.90000000,2321.94000000,2375.95000000,309.91190000
2026-04-23,2377.89000000,2380.78000000,2286.79000000,2328.79000000,177.98460000
2026-04-24,2328.10000000,2336.79000000,2301.22000000,2315.79000000,87.25570000
2026-04-25,2314.82000000,2322.99000000,2306.85000000,2319.62000000,26.89760000
2026-04-26,2319.40000000,2379.05000000,2308.15000000,2370.74000000,243.88540000
2026-04-27,2373.38000000,2403.27000000,2268.57000000,2306.96000000,245.94580000
2026-04-28,2300.76000000,2310.15000000,2259.71000000,2288.14000000,168.71990000
2026-04-29,2290.10000000,2344.80000000,2221.35000000,2255.96000000,200.83560000
2026-04-30,2255.96000000,2278.08000000,2234.73000000,2257.63000000,84.31720000
2026-05-01,2261.31000000,2323.91000000,2261.31000000,2294.31000000,401.43170000
2026-05-02,2295.81000000,2341.95000000,2293.50000000,2316.59000000,71.26090000
2026-05-03,2317.38000000,2356.03000000,2299.05000000,2324.20000000,273.18010000
2026-05-04,2319.06000000,2396.02000000,2309.98000000,2346.49000000,305.89920000
2026-05-05,2347.14000000,2398.75000000,2346.00000000,2361.92000000,121.74520000
2026-05-06,2363.46000000,2422.61000000,2338.37000000,2350.57000000,327.24180000
2026-05-07,2350.68000000,2350.68000000,2282.19000000,2291.49000000,164.46130000
2026-05-08,2293.01000000,2320.28000000,2266.17000000,2307.63000000,225.19100000
2026-05-09,2308.51000000,2336.75000000,2300.19000000,2328.25000000,67.76140000
2026-05-10,2328.92000000,2381.08000000,2314.34000000,2368.77000000,279.07510000
2026-05-11,2373.18000000,2373.18000000,2305.05000000,2340.99000000,221.49040000
2026-05-12,2337.63000000,2337.63000000,2256.15000000,2276.80000000,154.28890000
2026-05-13,2277.17000000,2321.92000000,2236.00000000,2258.04000000,204.51360000
2026-05-14,2260.33000000,2319.15000000,2239.84000000,2280.82000000,162.74380000
2026-05-15,2282.55000000,2298.98000000,2205.15000000,2223.91000000,340.32940000
2026-05-16,2225.56000000,2229.67000000,2162.43000000,2179.28000000,391.79390000
2026-05-17,2182.63000000,2196.37000000,2100.00000000,2129.90000000,222.64250000
2026-05-18,2129.74000000,2155.33000000,2077.00000000,2134.16000000,371.04640000
2026-05-19,2129.00000000,2144.07000000,2094.00000000,2114.78000000,143.50900000
2026-05-20,2111.75000000,2145.95000000,2102.00000000,2127.12000000,249.62090000
2026-05-21,2127.64000000,2154.42000000,2106.00000000,2134.07000000,228.23080000
2026-05-22,2131.69000000,2138.79000000,2055.93000000,2055.93000000,295.83100000
2026-05-23,2065.62000000,2146.75000000,2006.21000000,2118.65000000,473.57090000
2026-05-24,2114.95000000,2127.54000000,2062.61000000,2100.38000000,177.68620000
2026-05-25,2098.79000000,2139.39000000,2090.00000000,2107.48000000,141.50730000
2026-05-26,2110.42000000,2137.68000000,2053.61000000,2073.03000000,386.26750000
2026-05-27,2075.28000000,2093.85000000,2014.76000000,2019.15000000,431.92270000
2026-05-28,2023.32000000,2027.17000000,1965.86000000,2005.43000000,493.95560000
2026-05-29,2010.28000000,2042.05000000,1976.00000000,2011.24000000,436.35730000
2026-05-30,2011.10000000,2028.92000000,2000.11000000,2019.64000000,250.54430000
2026-05-31,2021.00000000,2033.29000000,1993.49000000,2002.81000000,287.01530000
2026-06-01,2009.99000000,2016.07000000,1955.00000000,2005.40000000,606.95640000
2026-06-02,2003.21000000,2003.53000000,1839.11000000,1858.00000000,906.12480000
2026-06-03,1858.04000000,1886.26000000,1770.54000000,1811.96000000,1041.15450000
2026-06-04,1815.05000000,1815.51000000,1717.00000000,1769.25000000,1060.93930000
2026-06-05,1765.71000000,1771.40000000,1542.17000000,1582.41000000,2012.83430000
2026-06-06,1594.36000000,1600.90000000,1507.20000000,1568.04000000,542.14730000
2026-06-07,1571.18000000,1717.91000000,1565.28000000,1690.48000000,653.45120000
2026-06-08,1687.25000000,1713.84000000,1646.06000000,1689.20000000,1067.00360000
2026-06-09,1690.10000000,1696.32000000,1615.00000000,1638.78000000,674.00780000
2026-06-10,1639.40000000,1665.95000000,1604.00000000,1620.27000000,554.03470000
2026-06-11,1624.20000000,1690.95000000,1622.49000000,1671.46000000,730.41280000
2026-06-12,1671.13000000,1689.74000000,1652.23000000,1662.99000000,470.42120000
2026-06-13,1665.72000000,1695.33000000,1662.32000000,1679.18000000,492.55410000
2026-06-14,1680.57000000,1728.43000000,1656.25000000,1722.18000000,523.10630000
2026-06-15,1726.44000000,1848.55000000,1710.00000000,1795.30000000,1065.64080000
2026-06-16,1794.88000000,1837.66000000,1758.19000000,1791.01000000,475.15690000
2026-06-17,1792.09000000,1807.30000000,1726.18000000,1748.91000000,352.93570000
2026-06-18,1749.95000000,1761.34000000,1670.66000000,1709.20000000,642.42100000
2026-06-19,1709.16000000,1717.81000000,1679.73000000,1711.03000000,279.19770000
2026-06-20,1710.46000000,1747.39000000,1703.63000000,1739.45000000,196.93530000
2026-06-21,1739.42000000,1739.42000000,1701.48000000,1705.17000000,132.35160000
2026-06-22,1706.76000000,1777.78000000,1706.76000000,1727.27000000,386.79120000
2026-06-23,1727.53000000,1733.37000000,1636.81000000,1665.60000000,394.06430000
2026-06-24,1665.68000000,1687.94000000,1552.12000000,1620.99000000,537.86660000
2026-06-25,1620.55000000,1657.48000000,1532.06000000,1565.49000000,510.74500000
2026-06-26,1566.54000000,1591.72000000,1510.75000000,1577.17000000,800.61140000
2026-06-27,1577.24000000,1607.09000000,1562.40000000,1572.35000000,224.87100000
2026-06-28,1574.07000000,1586.44000000,1547.43000000,1570.76000000,339.89000000
2026-06-29,1566.66000000,1633.71000000,1550.99000000,1612.23000000,343.39130000
2026-06-30,1609.65000000,1612.35000000,1548.31000000,1571.28000000,325.31330000
2026-07-01,1569.86000000,1644.00000000,1552.14000000,1608.24000000,357.14750000
2026-07-02,1608.30000000,1722.20000000,1596.16000000,1698.60000000,592.90760000
2026-07-03,1699.03000000,1772.78000000,1693.38000000,1756.97000000,215.45950000
2026-07-04,1756.94000000,1804.74000000,1743.89000000,1779.51000000,177.19460000
2026-07-05,1779.18000000,1806.22000000,1748.13000000,1784.05000000,150.90950000
2026-07-06,1782.79000000,1827.40000000,1729.14000000,1797.76000000,328.78600000
2026-07-07,1798.86000000,1810.82000000,1756.62000000,1770.46000000,305.63340000
2026-07-08,1771.28000000,1783.14000000,1715.16000000,1743.24000000,955.84170000
2026-07-09,1742.94000000,1760.34000000,1721.26000000,1745.56000000,485.45000000
2026-07-10,1743.68000000,1811.87000000,1736.77000000,1796.04000000,308.06290000
2026-07-11,1795.57000000,1828.20000000,1786.39000000,1787.35000000,211.43880000
2026-07-12,1788.84000000,1825.70000000,1779.84000000,1806.04000000,142.94430000
2026-07-13,1805.76000000,1843.60000000,1750.34000000,1775.13000000,469.73700000
2026-07-14,1774.56000000,1894.26000000,1771.88000000,1890.35000000,394.24450000
2026-07-15,1889.21000000,1944.53000000,1863.75000000,1916.43000000,964.83050000
2026-07-16,1916.10000000,1927.93000000,1856.77000000,1863.21000000,309.11510000
2026-07-17,1863.56000000,1869.29000000,1802.53000000,1841.60000000,219.07510000
2026-07-18,1841.67000000,1866.25000000,1836.89000000,1862.22000000,128.32760000
2026-07-19,1862.08000000,1878.65000000,1852.10000000,1870.14000000,160.65150000
2026-07-20,1869.35000000,1916.22000000,1842.96000000,1902.92000000,344.23680000
2026-07-21,1901.51000000,1951.99000000,1900.90000000,1929.06000000,277.58600000
2026-07-22,1929.89000000,1955.45000000,1910.23000000,1933.88000000,230.95160000
2026-07-23,1933.48000000,1940.11000000,1869.68000000,1875.91000000,297.93280000
2026-07-24,1876.83000000,1908.06000000,1847.00000000,1860.00000000,269.64020000
2026-07-25,1860.07000000,1875.47000000,1851.53000000,1873.81000000,26.07070000
2026-07-26,1873.11000000,1963.14000000,1872.98000000,1952.93000000,279.54530000
2026-07-27,1951.41000000,1978.11000000,1883.22000000,1890.57000000,593.64510000
2026-07-28,1892.23000000,1927.07000000,1856.10000000,1920.28000000,541.87870000
2026-07-29,1923.09000000,1932.81000000,1874.31000000,1908.60000000,252.78400000
2026-07-30,1909.39000000,1935.00000000,1892.90000000,1920.32000000,238.34050000
2026-07-31,1917.26000000,1934.72000000,1846.80000000,1860.36000000,280.32760000
2026-08-01,1863.02000000,1872.65000000,1821.62000000,1843.63000000,173.92550000
2026-08-02,1845.48000000,1897.08000000,1843.18000000,1881.72000000,236.96790000
2026-08-03,1882.43000000,1883.09000000,1827.98000000,1857.49000000,206.96590000
2026-08-04,1856.41000000,1880.48000000,1847.98000000,1868.75000000,197.25810000
2026-08-05,1868.27000000,1925.54000000,1854.68000000,1908.21000000,518.06250000
2026-08-06,1906.50000000,1917.59000000,1891.47000000,1899.59000000,282.21750000
2026-08-07,1901.26000000,1939.78000000,1893.00000000,1914.79000000,442.91070000
2026-08-08,1913.08000000,1923.99000000,1911.95000000,1916.65000000,59.96670000
2026-08-09,1915.10000000,1935.02000000,1908.12000000,1908.85000000,154.77470000
2026-08-10,1908.63000000,1929.90000000,1867.04000000,1871.95000000,324.39910000
2026-08-11,1871.15000000,1895.32000000,1852.52000000,1881.38000000,193.20920000
2026-08-12,1880.40000000,1923.54000000,1872.40000000,1877.64000000,235.77860000
2026-08-13,1880.14000000,1896.97000000,1862.30000000,1884.69000000,172.42270000
2026-08-14,1885.79000000,1886.99000000,1862.90000000,1878.67000000,118.32050000
2026-08-15,1880.23000000,1884.67000000,1875.33000000,1881.22000000,26.06920000
2026-08-16,1881.08000000,1889.81000000,1868.68000000,1873.93000000,42.27490000
2026-08-17,1874.80000000,1916.47000000,1871.79000000,1911.70000000,206.21750000
2026-08-18,1908.87000000,1921.00000000,1884.26000000,1918.26000000,194.45920000
2026-08-19,1917.19000000,2332.33000000,1904.22000000,2246.47000000,1817.97460000
2026-08-20,2252.91000000,2358.66000000,2221.98000000,2326.17000000,1710.44660000
2026-08-21,2326.51000000,2544.82000000,2324.97000000,2515.13000000,1712.93630000
2026-08-22,2515.41000000,2528.21000000,2383.06000000,2422.76000000,490.40110000
2026-08-23,2423.77000000,2483.74000000,2357.73000000,2463.69000000,612.15790000
2026-08-24,2454.74000000,2530.82000000,2424.67000000,2482.64000000,763.43370000
2026-08-25,2482.15000000,2531.01000000,2417.31000000,2442.81000000,777.46740000
2026-08-26,2440.00000000,2515.00000000,2432.36000000,2506.43000000,548.54020000
2026-08-27,2505.39000000,2564.94000000,2483.62000000,2511.25000000,847.76270000
2026-08-28,2509.20000000,2534.20000000,2407.45000000,2441.87000000,830.55230000
2026-08-29,2443.26000000,2458.66000000,2430.86000000,2458.56000000,122.23030000
2026-08-30,2457.24000000,2534.39000000,2388.88000000,2418.09000000,603.53470000
2026-08-31,2416.98000000,2488.35000000,2403.18000000,2464.54000000,283.60300000
2026-09-01,2466.45000000,2484.00000000,2383.29000000,2419.48000000,452.42420000
2026-09-02,2419.48000000,2427.48000000,2356.00000000,2388.94000000,358.49840000
2026-09-03,2391.94000000,2529.23000000,2371.00000000,2508.20000000,620.70920000
2026-09-04,2507.46000000,2546.14000000,2432.93000000,2455.50000000,329.40550000
2026-09-05,2454.10000000,2492.01000000,2446.38000000,2481.05000000,163.64740000
2026-09-06,2480.18000000,2526.13000000,2461.58000000,2514.07000000,243.44490000
2026-09-07,2512.96000000,2535.19000000,2467.02000000,2490.71000000,317.91620000
2026-09-08,2486.88000000,2506.65000000,2440.84000000,2483.60000000,257.22060000
2026-09-09,2484.58000000,2521.87000000,2442.99000000,2467.00000000,290.07260000
2026-09-10,2468.34000000,2482.20000000,2406.81000000,2436.86000000,605.62870000
2026-09-11,2441.49000000,2664.17000000,2434.17000000,2515.53000000,692.45360000
2026-09-12,2514.22000000,2545.13000000,2508.66000000,2525.86000000,254.39400000
2026-09-13,2525.69000000,2526.30000000,2462.88000000,2473.89000000,261.24600000
2026-09-14,2475.71000000,2612.91000000,2465.55000000,2518.62000000,615.50290000
