date,open,high,low,close,volume
2015-08-08,2.77212,2.79881,0.714725,0.714876,314143.61458333
2015-08-09,0.753325,0.87981,0.629191,0.729347,699826.37152778
2015-08-10,0.701897,0.729854,0.636546,0.707703,457747.90972222
2015-08-11,0.708448,1.13141,0.663235,1.05767,640632.22648084
2015-08-12,1.06786,1.28994,0.883608,1.23767,1971841.04166667
2015-08-13,1.21744,1.96507,1.17199,1.82819,2527863.36805556
2015-08-14,1.82767,2.26188,1.75475,1.83231,4904504.00696864
2015-08-15,1.82787,1.87724,1.57098,1.69244,3879626.97916667
2015-08-16,1.6889,1.69524,1.08981,1.51268,2881362.91666667
2015-08-17,1.56603,1.58119,1.18534,1.20073,2522015.27777778
2015-08-18,1.20361,1.33116,1.09508,1.09508,1763725.19163763
2015-08-19,1.08705,1.31799,1.08705,1.25117,1780392.24561404
2015-08-20,1.25886,1.5333,1.24833,1.46545,1814741.90972222
2015-08-21,1.46492,1.55642,1.3528,1.41899,2559589.93031359
2015-08-22,1.39529,1.47641,1.35268,1.39285,1637652.82229965
2015-08-23,1.37923,1.4097,1.29777,1.35618,1545373.49305556
2015-08-24,1.35259,1.36278,1.23411,1.23411,1032296.22027972
2015-08-25,1.23127,1.24182,1.12865,1.14198,1024865.39583333
2015-08-26,1.14019,1.20248,1.06183,1.16774,1326381.11111111
2015-08-27,1.15998,1.18883,1.13729,1.14679,771850.3125
2015-08-28,1.1477,1.20779,1.1205,1.18894,776329.08710801
2015-08-29,1.19138,1.20721,1.14949,1.18326,513305.15384615
2015-08-30,1.18255,1.36799,1.17061,1.32211,823051.92013889
2015-08-31,1.31927,1.39615,1.20101,1.3501,1576243.06620209
2015-09-01,1.35824,1.39274,1.33663,1.35144,905847.85763889
2015-09-02,1.35161,1.35491,1.26462,1.29173,803286.13888889
2015-09-03,1.29479,1.30999,1.21103,1.26749,852918.96875
2015-09-04,1.26493,1.30252,1.23681,1.27439,632752.07317073
2015-09-05,1.27441,1.3423,1.27119,1.33472,410887.14634146
2015-09-06,1.33881,1.37364,1.29425,1.2973,473902.00347222
2015-09-07,1.29583,1.30548,1.23785,1.24782,520974.36933798
2015-09-08,1.24665,1.28238,1.23061,1.23828,432909.45804196
2015-09-09,1.24243,1.26048,1.20184,1.20568,398141.39236111
2015-09-10,1.20651,1.22157,1.13615,1.16993,423983.14583333
2015-09-11,1.16577,1.16907,0.940675,0.980469,1332136.80139373
2015-09-12,0.982978,1.11489,0.96978,1.04649,1453662.43508772
2015-09-13,1.03874,1.0427,0.902832,0.934392,676234.55902778
2015-09-14,0.936003,0.949387,0.872919,0.878408,676442.64808362
2015-09-15,0.875622,1.04554,0.875189,0.941645,756126.10069444
2015-09-16,0.94441,0.952698,0.901639,0.905947,645381.36805556
2015-09-17,0.907175,0.909204,0.831132,0.875142,767418.89930556
2015-09-18,0.874231,0.888102,0.833908,0.851872,633124.73758865
2015-09-19,0.853685,0.911883,0.833784,0.8846,449810.50704225
2015-09-20,0.882391,0.947741,0.873205,0.943408,451320.12099644
2015-09-21,0.938445,0.957326,0.878301,0.918502,472865.30769231
2015-09-22,0.919337,0.919337,0.865225,0.902008,463404.02090592
2015-09-23,0.901796,0.90891,0.885136,0.896117,369019.45833333
2015-09-24,0.893406,0.908571,0.79346,0.81789,410509.79513889
2015-09-25,0.81361,0.825665,0.712745,0.734289,1076853.96478873
2015-09-26,0.736223,0.787544,0.709328,0.78427,511502.02807018
2015-09-27,0.785964,0.791277,0.719169,0.720667,387224.52777778
2015-09-28,0.720839,0.725677,0.557062,0.577433,843319.75174825
2015-09-29,0.582886,0.67583,0.558346,0.657358,1130990.04513889
2015-09-30,0.661146,0.746722,0.635861,0.731122,703821.06944444
2015-10-01,0.738644,0.738644,0.655906,0.687993,754235.57638889
2015-10-02,0.690215,0.69112,0.654605,0.674621,337308.6271777
2015-10-03,0.678574,0.709204,0.675482,0.687157,196374.78245614
2015-10-04,0.687171,0.693126,0.660716,0.668705,126950.53125
2015-10-05,0.668379,0.674438,0.62445,0.62445,125451.49825784
2015-10-06,0.628643,0.653944,0.60623,0.65061,282330.63541667
2015-10-07,0.650645,0.656301,0.602423,0.609239,218422.18402778
2015-10-08,0.609388,0.633138,0.591971,0.619139,254929.14930556
2015-10-09,0.621716,0.692296,0.621716,0.651422,407040.88501742
2015-10-10,0.650628,0.650628,0.624374,0.626888,259412.56842105
2015-10-11,0.627857,0.639506,0.618335,0.63516,116624.24652778
2015-10-12,0.634963,0.657789,0.626116,0.628279,88257.40766551
2015-10-13,0.62603,0.63024,0.599214,0.608228,181925.29513889
2015-10-14,0.607655,0.61224,0.483974,0.521926,502059.62847222
2015-10-15,0.522968,0.572714,0.51473,0.559523,821727.32291667
2015-10-16,0.561878,0.568861,0.522533,0.536197,327595.11149826
2015-10-17,0.536495,0.56346,0.526961,0.548027,291859.29473684
2015-10-18,0.547178,0.552234,0.512861,0.51719,211258.69444444
2015-10-19,0.517734,0.521546,0.480994,0.488771,196519.14982578
2015-10-20,0.489014,0.501898,0.431648,0.43857,226038.36111111
2015-10-21,0.434829,0.482988,0.420897,0.449606,601015.74305556
2015-10-22,0.447329,0.619466,0.420991,0.565191,522825.0625
2015-10-23,0.567702,0.611743,0.504284,0.538123,1079966.73170732
2015-10-24,0.539657,0.577396,0.518688,0.567666,572673.59219858
2015-10-25,0.56359,0.688192,0.561383,0.613214,412101.20138889
2015-10-26,0.616039,0.757517,0.597098,0.738254,750493.5261324
2015-10-27,0.731317,0.898172,0.70889,0.863202,1603239.54861111
2015-10-28,0.869641,1.05579,0.807857,1.01001,1627933.99305556
2015-10-29,1.00248,1.19773,0.947374,1.19773,2713880.45138889
2015-10-30,1.20666,1.34505,0.96816,1.05007,2667309.47735192
2015-10-31,1.04122,1.05638,0.900171,0.918747,1395796.25978648
2015-11-01,0.916627,1.07674,0.899082,1.05345,496327.73188406
2015-11-02,1.05567,1.09979,0.953647,0.989438,789260.21254355
2015-11-03,0.989789,1.07044,0.936615,1.00935,1590315.52083333
2015-11-04,1.01336,1.03872,0.725665,0.907176,2469384.02097902
2015-11-05,0.89905,0.991259,0.860382,0.908193,2445664.44444444
2015-11-06,0.895637,0.989848,0.852929,0.92469,891600.04878049
2015-11-07,0.926032,0.943787,0.863539,0.923569,1014469.14234875
2015-11-08,0.927974,1.03268,0.915661,1.02298,816699.68055556
2015-11-09,1.02747,1.10642,0.945263,0.99788,1799432.36933798
2015-11-10,0.999278,1.05304,0.920968,0.933983,1294142.86111111
2015-11-11,0.934348,0.945278,0.729775,0.797487,957689.29861111
2015-11-12,0.791829,0.913919,0.76351,0.896364,1261645.19791667
2015-11-13,0.895711,0.917309,0.846023,0.901685,605588.08362369
2015-11-14,0.904096,0.906113,0.876908,0.888602,476898.21071429
2015-11-15,0.888812,0.921516,0.874957,0.910915,374589.73611111
2015-11-16,0.906368,0.944732,0.891971,0.928855,547039.87108014
2015-11-17,0.928962,1.03295,0.905794,1.00533,711634.02777778
2015-11-18,1.00798,1.01157,0.940516,0.99077,1070041.54861111
2015-11-19,0.993319,1.00797,0.937498,0.954651,547534.27430556
2015-11-20,0.955532,0.955735,0.898576,0.928767,504578.30313589
2015-11-21,0.92492,0.978743,0.92094,0.977114,471216.05434783
2015-11-22,0.97614,0.984132,0.958982,0.967151,463066.05902778
2015-11-23,0.968018,0.969057,0.93387,0.946755,392507.1533101
2015-11-24,0.946969,0.948055,0.895931,0.901607,444668.5
2015-11-25,0.900191,0.900191,0.851106,0.863464,652920.08680556
2015-11-26,0.863537,0.903643,0.80436,0.887869,789302.74305556
2015-11-27,0.884183,0.900051,0.860695,0.866476,688716.44635193
2015-11-28,0.867951,0.929293,0.862122,0.915583,497279.98611111
2015-11-29,0.915703,0.915703,0.860533,0.880089,368439.59375
2015-11-30,0.878614,0.895054,0.847696,0.873777,684882.24041812
2015-12-01,0.873119,0.886736,0.853937,0.876285,690526.19097222
2015-12-02,0.8748,0.878017,0.818924,0.820467,582775.86805556
2015-12-03,0.82121,0.837664,0.785086,0.814174,566498.33680556
2015-12-04,0.812143,0.859575,0.802373,0.843958,285269.56794425
2015-12-05,0.840041,0.872821,0.824444,0.860484,223696.84027778
2015-12-06,0.862438,0.882436,0.833115,0.833494,397401.6875
2015-12-07,0.8355,0.850791,0.78765,0.806997,494205.67944251
2015-12-08,0.811264,0.823645,0.782328,0.822,437603.89236111
2015-12-09,0.822118,0.824454,0.770488,0.791476,580216.10416667
2015-12-10,0.792167,0.86159,0.787291,0.84287,426574.01388889
2015-12-11,0.840396,0.928365,0.819789,0.913404,472733.19860627
2015-12-12,0.929762,1.04537,0.928546,0.970963,1307751.90625
2015-12-13,0.976973,0.989394,0.937438,0.952951,641044.03472222
2015-12-14,0.952884,1.0131,0.950178,0.993378,460903.25783972
2015-12-15,0.993022,1.02884,0.98224,1.01155,586620.24305556
2015-12-16,1.01415,1.01803,0.974927,0.990193,405987.51041667
2015-12-17,0.991182,0.997611,0.911807,0.940974,501625.01736111
2015-12-18,0.940701,0.940701,0.908081,0.922422,432044.28919861
2015-12-19,0.920127,0.925874,0.888916,0.910967,307131.59375
2015-12-20,0.908072,0.943185,0.899441,0.902649,374821.77777778
2015-12-21,0.903885,0.91739,0.891182,0.901743,557105.47902098
2015-12-22,0.900771,0.909526,0.862059,0.867954,448050.73611111
2015-12-23,0.864202,0.88294,0.856065,0.860902,457808.07638889
2015-12-24,0.858077,0.882818,0.8476,0.862971,345791.94444444
2015-12-25,0.863262,0.882556,0.861993,0.870139,279652.12891986
2015-12-26,0.870363,0.897453,0.838314,0.858561,273169.05208333
2015-12-27,0.854603,0.861538,0.841151,0.855209,306668.97569444
2015-12-28,0.856365,0.872394,0.832932,0.848085,197077.57491289
2015-12-29,0.845005,0.872567,0.833232,0.872567,217881.31944444
2015-12-30,0.873054,0.941099,0.866647,0.909437,354790.09027778
2015-12-31,0.911958,0.975414,0.910277,0.933432,784403.98958333
2016-01-01,0.933542,0.954822,0.931442,0.952636,343325.39721254
2016-01-02,0.948024,0.969637,0.93656,0.938792,267190.625
2016-01-03,0.937124,0.991362,0.934313,0.971632,314775.19097222
2016-01-04,0.971905,0.976438,0.929835,0.954406,311957.38327526
2016-01-05,0.95448,0.970597,0.946543,0.950168,340600.15972222
2016-01-06,0.950176,0.960659,0.935708,0.952551,265345.14583333
2016-01-07,0.95086,0.974623,0.93583,0.946178,519141.1875
2016-01-08,0.942005,0.991825,0.939715,0.991825,536739.78745645
2016-01-09,0.986789,0.992345,0.9736,0.984214,372886.99652778
2016-01-10,0.986833,1.00103,0.975099,0.997744,307114.57986111
2016-01-11,0.999231,1.06991,0.999216,1.0604,749989.80836237
2016-01-12,1.0616,1.28283,1.05009,1.14873,1690073.45804196
2016-01-13,1.141,1.15218,1.07703,1.12304,2121384.16666667
2016-01-14,1.1252,1.18905,1.10319,1.18905,857375.9375
2016-01-15,1.18959,1.31938,1.14293,1.21428,2248547.728223
2016-01-16,1.20801,1.30816,1.16801,1.22853,3402080.20833333
2016-01-17,1.22029,1.32883,1.20777,1.32883,1712273.71527778
2016-01-18,1.32747,1.5429,1.32222,1.42068,2641140.10452962
2016-01-19,1.42634,1.46469,1.30501,1.37321,3711199.34027778
2016-01-20,1.37139,1.61924,1.35371,1.53375,2258942.29166667
2016-01-21,1.53182,1.58549,1.48669,1.5511,2604236.87719298
2016-01-22,1.55357,1.58146,1.46588,1.49977,1602193.54166667
2016-01-23,1.50127,2.03012,1.49605,1.99294,3397400.10416667
2016-01-24,1.97267,2.29842,1.90054,2.14837,9849305.13888889
2016-01-25,2.1412,2.66258,2.05614,2.49627,8535019.30313589
2016-01-26,2.49927,2.83699,1.99477,2.22507,12992609.375
2016-01-27,2.27637,2.59494,2.18865,2.3993,11861585.27972028
2016-01-28,2.38855,2.68467,2.34203,2.51959,5787734.00696864
2016-01-29,2.52649,2.60677,2.3039,2.48768,5671072.32638889
2016-01-30,2.49496,2.61181,2.39892,2.43965,5183077.32638889
2016-01-31,2.44506,2.53097,2.18635,2.30506,4297760.55555556
2016-02-01,2.30604,2.31969,2.11631,2.22055,5651593.27526132
2016-02-02,2.21169,2.44898,2.1572,2.42838,3077406.07638889
2016-02-03,2.43964,2.54017,2.34162,2.52243,3798997.25694444
2016-02-04,2.52869,2.62954,2.43646,2.57608,3912958.39721254
2016-02-05,2.57804,2.60618,2.47092,2.5387,3249936.77083333
2016-02-06,2.53899,2.56115,2.47201,2.53459,2376958.09027778
2016-02-07,2.53446,3.05819,2.53446,2.95824,2992252.84722222
2016-02-08,2.96434,3.27428,2.87537,3.18208,9473186.02787456
2016-02-09,3.17979,3.95231,3.16875,3.95231,12513354.82638889
2016-02-10,4.04464,4.86144,3.7831,4.43814,25496465.625
2016-02-11,4.43626,6.29223,4.3383,5.91886,22869072.4738676
2016-02-12,6.0131,6.58275,5.07076,5.52769,31119087.5
2016-02-13,5.54698,5.71954,4.19,5.29376,20894353.47222222
2016-02-14,5.38532,5.46506,4.44571,5.22981,18067940.625
2016-02-15,5.23973,5.88699,5.01856,5.31162,12752345.6445993
2016-02-16,5.28835,5.47486,4.03384,4.32619,12812446.875
2016-02-17,4.31529,4.76707,3.49737,3.73732,16466896.875
2016-02-18,3.75724,4.77057,3.42088,4.40368,17758500.0
2016-02-19,4.39913,4.79322,4.27469,4.69178,11996226.77083333
2016-02-20,4.73789,4.75406,4.12707,4.33065,7297293.75
2016-02-21,4.34133,4.71151,4.22761,4.66156,7858350.38194444
2016-02-22,4.65362,5.64571,4.63525,5.60778,10986745.08710801
2016-02-23,5.6165,5.94764,5.38782,5.57666,15704157.29166667
2016-02-24,5.58621,6.2348,5.50925,6.21627,10056219.02777778
2016-02-25,6.23647,6.64741,5.55124,6.10612,16279495.75971731
2016-02-26,6.1048,6.26875,5.73905,5.90791,16684438.02083333
2016-02-27,5.92167,6.52692,5.92052,6.38139,8853967.53472222
2016-02-28,6.42586,6.61934,6.23837,6.44329,9502435.17361111
2016-02-29,6.46835,6.61451,6.05429,6.32308,8799886.3986014
2016-03-01,6.33699,7.90864,6.30885,7.57345,11055593.19444444
2016-03-02,7.65369,8.75346,7.3713,8.47848,27292373.95833333
2016-03-03,8.46539,10.0974,8.33203,9.38854,33644714.9825784
2016-03-04,9.29415,10.3928,8.47942,10.3928,38147118.05555555
2016-03-05,10.406,12.274,9.9729,10.7466,42967097.56944445
2016-03-06,11.0037,11.836,9.99361,11.2228,52890183.33333334
2016-03-07,11.3829,11.6519,9.30949,9.44899,35484116.37630662
2016-03-08,9.55263,10.1664,8.81577,9.8354,32855838.88888889
2016-03-09,9.84721,12.0547,9.67099,11.9091,21653758.33333333
2016-03-10,11.898,12.2393,10.9911,11.2456,29719201.04529617
2016-03-11,11.305,11.5999,10.3937,11.1186,24466332.98611111
2016-03-12,11.0828,13.5325,11.0828,13.4747,40347471.875
2016-03-13,13.5333,15.2571,13.4674,14.2982,40289214.58333334
2016-03-14,14.475,15.013,11.5821,12.318,55018629.61672474
2016-03-15,12.4526,13.1978,12.0468,13.0828,42011479.16666666
2016-03-16,13.01,13.7307,12.4954,12.5367,26424719.79166667
2016-03-17,12.5209,12.6435,10.4426,11.006,32140588.33922261
2016-03-18,11.0815,11.1788,8.52452,10.8929,44349553.125
2016-03-19,10.9981,11.2037,9.77663,10.5558,43739127.43055555
2016-03-20,10.5307,10.9038,9.5704,10.344,19138570.83333333
2016-03-21,10.3198,12.0149,10.1616,11.7966,22328404.67625899
2016-03-22,11.8641,12.0252,11.177,11.2732,26562934.02777778
2016-03-23,11.2748,12.4326,11.2371,12.3923,18860569.09722222
2016-03-24,12.4167,12.5016,10.8035,11.2353,25455836.93379791
2016-03-25,11.235,11.3729,10.5272,10.6987,18404352.96167247
2016-03-26,10.7432,11.1808,10.5892,10.9646,11437420.59027778
2016-03-27,10.974,11.0542,10.1121,10.4109,9695824.82638889
2016-03-28,10.4192,11.8613,10.4075,11.6603,23575903.48432056
2016-03-29,11.6656,11.9136,11.3498,11.594,18964893.40277778
2016-03-30,11.6564,12.1785,11.4692,11.9319,18629402.08333333
2016-03-31,11.9529,12.0119,11.3157,11.4091,16035998.25783972
2016-04-01,11.4035,11.8504,11.4006,11.6635,15451750.0
2016-04-02,11.6636,11.6888,11.3988,11.5972,10106915.06944444
2016-04-03,11.5989,11.7064,11.5087,11.6028,6622514.63157895
2016-04-04,11.6183,11.6183,11.0163,11.1715,7227387.99295775
2016-04-05,11.1573,11.2125,10.1347,10.443,14131702.9787234
2016-04-06,10.4381,10.97,10.2773,10.6727,20977192.01388889
2016-04-07,10.6854,10.8097,9.95363,10.052,13318240.5944056
2016-04-08,10.0697,10.3875,9.65558,9.73432,15555722.22222222
2016-04-09,9.71959,10.0889,9.06814,9.14706,13801153.47222222
2016-04-10,9.15062,9.22472,7.45564,8.93702,28232852.96167247
2016-04-11,8.93634,8.94664,8.00318,8.64791,31448996.875
2016-04-12,8.64379,8.64379,7.15416,7.44885,16527432.98611111
2016-04-13,7.44231,8.71977,7.06922,8.02855,28522839.93055556
2016-04-14,8.04442,8.75704,8.02152,8.39444,23646020.20905923
2016-04-15,8.38724,8.6162,8.09733,8.24125,12301127.43055556
2016-04-16,8.24278,8.64976,8.11444,8.6062,10442531.59722222
2016-04-17,8.6095,9.702,8.56078,9.28506,19276618.39721254
2016-04-18,9.3091,9.50666,8.49687,8.99991,21727934.375
2016-04-19,9.036,9.30624,8.59546,8.7176,15803330.38194444
2016-04-20,8.71488,8.82539,8.31376,8.47668,15149612.5
2016-04-21,8.46579,8.72183,7.96222,8.10778,13143854.70383275
2016-04-22,8.10217,8.27232,7.66848,7.81507,14689387.84722222
2016-04-23,7.82126,8.55293,7.73774,8.30778,12358417.39583333
2016-04-24,8.29479,8.47397,7.96712,7.99437,14288993.03135888
2016-04-25,8.00135,8.0946,7.23651,7.51469,11502305.24305556
2016-04-26,7.55434,7.55434,7.05898,7.39967,21082705.92334495
2016-04-27,7.39704,7.96774,7.31969,7.77172,17779245.83333333
2016-04-28,7.75997,7.91307,7.1664,7.18199,17266994.77351916
2016-04-29,7.17253,7.73096,7.17189,7.45872,9356922.43055556
2016-04-30,7.45729,9.3665,7.45391,8.83251,18646159.16666667
2016-05-01,8.81398,9.01178,8.43236,8.81118,31009207.66550523
2016-05-02,8.8465,10.3215,8.8465,10.147,28696799.65277778
2016-05-03,10.1632,10.1651,9.2798,9.40064,30854978.47222222
2016-05-04,9.31127,10.0341,9.26752,9.40586,19303186.80555556
2016-05-05,9.41377,10.046,9.29212,9.81006,17003657.83972126
2016-05-06,9.8261,9.95219,9.03701,9.32497,18242635.06944444
2016-05-07,9.34664,9.47579,9.2121,9.39429,19139301.73611111
2016-05-08,9.37051,9.5975,8.92686,9.4794,13037270.03484321
2016-05-09,9.48293,9.64116,9.2037,9.30335,13317029.16666667
2016-05-10,9.29773,9.47902,9.26136,9.35012,11260124.96527778
2016-05-11,9.36152,10.0119,9.36152,9.99292,11975093.95833333
2016-05-12,9.99628,10.5063,9.85641,10.082,18601918.1184669
2016-05-13,10.0578,11.0528,10.0184,10.5453,29654212.5
2016-05-14,10.5066,10.615,9.80792,10.2261,26290877.77777778
2016-05-15,10.2397,10.4445,9.92642,9.95892,13229632.61324042
2016-05-16,9.96235,11.4403,9.96235,11.172,13552835.48611111
2016-05-17,11.1713,12.487,11.1526,12.1871,37648225.34722222
2016-05-18,12.1988,14.259,12.1793,13.4824,52085614.04958678
2016-05-19,13.5586,14.8728,13.3376,14.8728,55210500.34843206
2016-05-20,14.7697,15.0482,13.3842,13.6086,57157057.29166666
2016-05-21,13.6356,14.0512,13.119,14.0276,38614975.34722222
2016-05-22,14.015,14.3464,13.7658,14.2862,18006934.14634146
2016-05-23,14.2861,14.4924,13.1922,13.2833,19512928.81944444
2016-05-24,13.4615,13.7743,12.0141,12.7062,31098171.52777778
2016-05-25,12.7323,12.8984,11.7666,12.5358,36333525.0
2016-05-26,12.526,12.9866,12.0592,12.4577,25821444.94773519
2016-05-27,12.4304,12.4304,10.5027,11.327,44411655.90277778
2016-05-28,11.2958,12.3633,10.3734,11.82,45870992.36111111
2016-05-29,11.8929,12.6908,11.7768,12.3872,35697387.45644599
2016-05-30,12.3504,12.8806,12.2658,12.7497,22539601.73611111
2016-05-31,12.7253,14.2673,12.6422,14.0619,22081905.55555556
2016-06-01,14.0773,14.3155,13.4389,13.9466,41923554.51388889
2016-06-02,14.0015,14.0484,13.6292,13.7405,16266025.08710801
2016-06-03,13.738,13.8738,13.2543,13.8139,14901617.11805556
2016-06-04,13.8467,13.9454,13.4218,13.6985,21047566.66666667
2016-06-05,13.7404,14.0722,13.5678,13.9718,13224108.43205575
2016-06-06,13.975,14.0585,13.7349,13.9565,10777972.5
2016-06-07,13.9341,14.4974,13.8146,14.4974,13243364.27083333
2016-06-08,14.512,14.7796,14.2752,14.4304,21859655.20833333
2016-06-09,14.4177,14.5672,14.3402,14.392,11256648.36236934
2016-06-10,14.3986,14.4318,13.8207,13.9364,9542344.34027778
2016-06-11,13.9086,14.0798,13.7203,14.0798,11304141.42361111
2016-06-12,14.1916,15.9,14.1864,15.7624,22774380.48780488
2016-06-13,15.7437,17.6442,15.7196,17.5695,39511688.54166666
2016-06-14,17.6027,19.2735,17.2986,18.8395,53917917.01388889
2016-06-15,18.8932,18.9053,17.7095,18.4483,40829647.91666666
2016-06-16,18.3543,20.8297,18.3543,20.5923,28354024.04181185
2016-06-17,20.5886,21.5227,13.5676,15.3559,110313123.95833333
2016-06-18,15.3768,15.3786,9.96364,11.1617,156357760.41666666
2016-06-19,11.3307,13.1821,10.6356,12.2547,121913413.24041812
2016-06-20,12.2342,12.4483,10.5247,11.8639,61802150.34722222
2016-06-21,11.8395,13.4204,11.2918,13.4204,52385767.70833334
2016-06-22,13.3067,15.7856,13.114,13.1603,105479585.7638889
2016-06-23,13.0951,13.7911,12.564,13.6707,54999772.12543554
2016-06-24,13.6762,14.5673,13.2194,14.2641,34491825.0
2016-06-25,14.3321,14.5819,14.017,14.2818,20042760.41666667
2016-06-26,14.283,14.3739,13.6565,13.8262,14044087.10801394
2016-06-27,13.8502,14.1211,13.7493,13.9018,13513124.47916667
2016-06-28,13.8839,13.9815,11.718,12.2025,20069829.51388889
2016-06-29,12.1756,13.038,11.6854,12.6082,42205664.11149826
2016-06-30,12.6112,12.7419,12.2536,12.4421,21147277.08333333
2016-07-01,12.4615,12.4913,11.7335,12.2163,16417418.75
2016-07-02,12.1995,12.2209,11.9502,12.136,13162005.45138889
2016-07-03,12.1284,12.1452,11.5891,11.7989,9905613.27526132
2016-07-04,11.7202,11.8802,11.3895,11.4378,11066696.90972222
2016-07-05,11.471,11.5178,9.57626,10.6158,27890975.69444444
2016-07-06,10.6114,11.1056,10.2808,10.5246,34813522.29965157
2016-07-07,10.5289,10.5658,9.80321,10.099,15154216.31944444
2016-07-08,10.1094,11.5248,9.96126,11.4059,14207673.26388889
2016-07-09,11.3946,11.4567,10.7295,10.9626,22127330.55555556
2016-07-10,10.9655,11.0137,10.7822,10.9373,10906815.22648084
2016-07-11,10.9476,11.0093,10.2602,10.4772,9118254.93055556
2016-07-12,10.459,10.762,10.4258,10.557,11195429.96527778
2016-07-13,10.5161,10.5895,10.4039,10.4587,10010032.40418118
2016-07-14,10.5005,11.6819,10.5005,11.5519,15642596.42361111
2016-07-15,11.5132,12.4313,11.49,11.9497,26653416.66666667
2016-07-16,11.9516,11.9516,11.5924,11.6471,17140790.625
2016-07-17,11.6528,11.6703,11.0074,11.1549,13467704.86013986
2016-07-18,11.1587,11.6101,10.9483,11.0019,16936240.625
2016-07-19,11.0344,12.0139,11.0103,11.6424,15760018.75
2016-07-20,11.6191,12.9914,11.5669,12.4484,38660612.54355401
2016-07-21,12.4506,12.7103,11.9937,12.6305,45992054.16666666
2016-07-22,12.6507,14.8134,12.5399,14.7156,43571885.41666666
2016-07-23,14.6619,14.8989,14.0497,14.3311,65212477.08333334
2016-07-24,14.2997,14.4374,12.3161,12.7664,48999694.07665505
2016-07-25,12.7495,13.857,12.6838,13.8105,61688612.5
2016-07-26,13.8361,13.8511,11.7272,11.7632,57884411.45833334
2016-07-27,11.9895,13.3119,11.8357,12.9646,85890342.5087108
2016-07-28,12.9728,12.9882,12.4927,12.8619,39144895.48611111
2016-07-29,12.8436,12.8706,12.5542,12.8162,18773773.26388889
2016-07-30,12.7946,12.8013,12.4689,12.4765,11592384.44444444
2016-07-31,12.461,12.5098,11.5472,11.868,16406538.1184669
2016-08-01,11.8759,12.0137,10.9585,10.9585,25051744.09722222
2016-08-02,10.9416,11.1372,8.20098,8.73383,47590983.33333334
2016-08-03,8.78728,10.418,8.78728,10.2512,88241803.1358885
2016-08-04,10.2939,11.2912,10.1564,11.0367,44165448.95833334
2016-08-05,11.0428,11.1764,10.7632,10.9331,28741819.09722222
2016-08-06,10.9254,10.9376,10.2858,10.8999,15442131.94444444
2016-08-07,10.8811,11.0896,10.78,10.9175,16019716.02787456
2016-08-08,10.9116,11.3288,10.859,11.2433,15453036.80555556
2016-08-09,11.2454,12.4546,11.2,12.2352,23804683.33333333
2016-08-10,12.2443,12.4578,11.9825,12.128,33156862.71777004
2016-08-11,12.1432,12.2724,11.6338,11.6925,25500770.83333333
2016-08-12,11.6909,12.0416,11.6351,11.7747,15262114.93055556
2016-08-13,11.7785,11.7911,11.5118,11.5772,9917453.68421053
2016-08-14,11.5713,11.6946,11.0991,11.1993,7488496.51567944
2016-08-15,11.1948,11.3108,11.0001,11.2151,8184644.86111111
2016-08-16,11.2184,11.2373,11.0028,11.1453,7828417.29166667
2016-08-17,11.1397,11.1548,10.7486,10.7588,7431335.05226481
2016-08-18,10.7528,11.0091,10.7448,10.756,8336199.72222222
2016-08-19,10.7561,10.8011,10.7279,10.7477,6262662.15277778
2016-08-20,10.7487,11.3007,10.7487,11.2694,7067487.25694444
2016-08-21,11.2474,11.2538,10.9939,11.1753,5510111.49825784
2016-08-22,11.1792,11.3408,11.075,11.1096,4703239.47916667
2016-08-23,11.1209,11.23,10.898,11.0273,6881447.36111111
2016-08-24,11.0306,11.1546,11.0095,11.0393,5882173.65853659
2016-08-25,11.036,11.3851,11.0168,11.3649,6393578.02083333
2016-08-26,11.3574,11.4454,11.2113,11.2899,7566063.29861111
2016-08-27,11.2954,11.2954,11.1395,11.1492,3603665.65972222
2016-08-28,11.1482,11.1482,10.92,10.9302,4162859.82578397
2016-08-29,10.9293,11.1462,10.7898,10.9747,7438111.45833333
2016-08-30,10.9838,11.3036,10.9588,11.2309,6722698.36805556
2016-08-31,11.2289,11.6802,11.1839,11.6802,8934901.95121951
2016-09-01,11.6724,12.5815,11.6485,12.0164,20683900.0
2016-09-02,11.9949,12.3133,11.8824,12.1142,14530290.06944444
2016-09-03,12.113,12.3636,11.3472,11.7873,10981069.02777778
2016-09-04,11.7587,11.7936,11.4739,11.6753,10503832.68292683
2016-09-05,11.6799,11.8066,11.594,11.7347,6512108.09027778
2016-09-06,11.717,11.7284,11.4728,11.6925,6139139.27083333
2016-09-07,11.6891,11.7263,11.515,11.5496,6031820.97560976
2016-09-08,11.5479,11.7014,11.2524,11.3357,8659592.74305556
2016-09-09,11.3459,11.68,11.3459,11.6583,8747283.33333333
2016-09-10,11.6528,12.2151,11.5437,12.2151,5409416.55052265
2016-09-11,12.1685,12.2079,11.5897,11.6257,8872992.29166667
2016-09-12,11.6384,11.947,11.6136,11.893,9096470.17361111
2016-09-13,11.8937,12.0856,11.8808,11.9251,10019594.44444444
2016-09-14,11.9187,11.9972,11.8559,11.9368,7533857.56097561
2016-09-15,11.9232,12.1354,11.9227,11.9227,7838576.00694444
2016-09-16,11.937,12.7486,11.9029,12.5519,9385270.83333333
2016-09-17,12.5558,12.763,12.4424,12.6872,14674686.06271777
2016-09-18,12.6986,12.9873,12.1555,12.425,10301093.88888889
2016-09-19,12.4312,13.1587,12.4175,13.1587,22734005.90277778
2016-09-20,13.189,14.3819,13.1198,14.2948,22961830.31358885
2016-09-21,14.4303,14.4341,13.1702,13.7924,31466555.05226481
2016-09-22,13.7685,13.7685,12.4786,13.2711,25082250.34722222
2016-09-23,13.2476,13.4469,13.1016,13.3285,20136617.22222222
2016-09-24,13.3313,13.343,12.6817,12.879,8997598.01393728
2016-09-25,12.8779,13.1075,12.7975,13.0848,7392460.24305556
2016-09-26,13.1009,13.1696,12.7402,12.8182,6501998.02083333
2016-09-27,12.8231,13.2114,12.8231,13.0935,6445580.76388889
2016-09-28,13.0983,13.4838,13.0813,13.2836,10146274.80836237
2016-09-29,13.2748,13.3361,13.0792,13.118,7018328.22916667
2016-09-30,13.0734,13.3427,13.0245,13.2286,5803531.97916667
2016-10-01,13.2248,13.3091,13.0456,13.1756,6233940.97560976
2016-10-02,13.1727,13.2959,13.1431,13.2032,5347055.41666667
2016-10-03,13.1997,13.4852,13.1872,13.4741,4715874.44444444
2016-10-04,13.4524,13.531,13.2115,13.2768,8722107.46527778
2016-10-05,13.277,13.3467,13.0384,13.0384,8598037.38675958
2016-10-06,13.0357,13.1436,12.6868,12.8704,12094674.34027778
2016-10-07,12.8543,12.9902,12.5347,12.6626,10061950.52083333
2016-10-08,12.6671,12.6869,12.0455,12.1972,10892189.72125436
2016-10-09,12.2191,12.3571,11.9795,12.0568,8377451.38888889
2016-10-10,12.0537,12.0622,11.624,11.7566,9555934.23611111
2016-10-11,11.7555,12.1609,11.7513,11.785,10797627.25694444
2016-10-12,11.7857,12.072,11.7072,11.961,10709527.90940767
2016-10-13,11.9335,12.1312,11.7837,12.0132,9185893.78472222
2016-10-14,11.963,12.074,11.8959,11.9347,6951259.54861111
2016-10-15,11.9382,11.9962,11.7768,11.955,4429515.92334495
2016-10-16,11.9834,12.0097,11.9332,11.9548,4279897.11805556
2016-10-17,11.9516,12.0339,11.8613,11.996,4756415.52083333
2016-10-18,12.005,12.9278,11.9959,12.5744,12927443.40277778
2016-10-19,12.5885,12.6191,11.9085,12.0274,13890840.06968641
2016-10-20,12.0226,12.2888,11.9972,12.0947,9986609.23611111
2016-10-21,12.099,12.2054,12.0234,12.0802,6696773.22916667
2016-10-22,12.1754,12.1902,11.9541,12.0705,6355408.85017422
2016-10-23,12.0715,12.1431,11.9392,12.03,7386878.92361111
2016-10-24,12.036,12.1007,11.9091,11.9649,5344224.65277778
2016-10-25,11.969,11.9934,11.1475,11.3934,12716638.4375
2016-10-26,11.414,11.6625,11.3841,11.5739,14694247.03832753
2016-10-27,11.532,11.6065,11.2635,11.4978,12713041.73611111
2016-10-28,11.4997,11.5784,10.9539,11.1011,12075987.84722222
2016-10-29,11.0851,11.1985,9.56327,10.4242,19465974.82517482
2016-10-30,10.4446,11.4537,10.2949,11.1932,22471018.05555556
2016-10-31,11.1828,11.4985,10.9352,10.9692,16198118.75
2016-11-01,10.9982,11.1797,10.3041,10.7779,16493433.33333333
2016-11-02,10.7661,11.1604,10.6925,10.7397,18475392.33449477
2016-11-03,10.7526,11.1075,10.7526,10.8464,12381688.54166667
2016-11-04,10.801,11.1222,10.801,11.0893,13841560.17361111
2016-11-05,11.0907,11.2366,10.8834,10.9986,8541966.13240418
2016-11-06,11.0025,11.2454,10.852,10.9029,5112642.42753623
2016-11-07,10.8735,10.9567,10.7843,10.8352,5902854.34027778
2016-11-08,10.8088,10.9243,10.7398,10.8314,6235654.93055556
2016-11-09,10.8337,10.8349,10.2229,10.6891,12666451.98606272
2016-11-10,10.6555,10.6771,10.5133,10.5329,6954196.70138889
2016-11-11,10.5245,10.5727,10.257,10.2925,5270998.68055556
2016-11-12,10.2899,10.3362,9.69731,9.87669,7119411.46341463
2016-11-13,9.87796,10.4127,9.84176,10.0954,10942129.58333333
2016-11-14,10.1015,10.1571,9.95604,9.97508,5111867.95138889
2016-11-15,9.96648,10.3219,9.85144,10.2053,4909753.65853659
2016-11-16,10.2175,10.3266,9.93143,10.0652,7338048.40277778
2016-11-17,10.0591,10.1902,9.92025,9.98048,9461523.57638889
2016-11-18,9.99118,10.0061,9.47742,9.49271,8293926.94444444
2016-11-19,9.47616,9.74582,9.47616,9.66802,8587913.65853659
2016-11-20,9.66276,9.71109,9.52017,9.58016,4342482.91666667
2016-11-21,9.57928,9.63779,9.54169,9.6282,4860615.6445993
2016-11-22,9.62082,10.2388,9.5911,9.90574,7624681.74216028
2016-11-23,9.90572,9.95926,9.76379,9.82851,7913985.72916667
2016-11-24,9.84362,9.8526,8.92861,9.24682,8060375.52083333
2016-11-25,9.23167,9.75252,9.21123,9.40819,13995566.45833333
2016-11-26,9.40205,9.50103,9.31075,9.32467,5931575.29616725
2016-11-27,9.32811,9.33352,8.7755,8.99595,5041851.38888889
2016-11-28,8.99847,9.01168,8.72361,8.72361,8381741.77083333
2016-11-29,8.72482,8.74443,7.87573,8.18344,12044456.51567944
2016-11-30,8.17412,8.75113,8.15548,8.59007,13414425.0
2016-12-01,8.58754,8.64603,8.35906,8.45672,8249167.0877193
2016-12-02,8.4525,8.45557,7.4178,7.74111,9966261.91637631
2016-12-03,7.75996,8.15117,7.66824,7.92728,18091111.49825784
2016-12-04,7.92134,7.94777,7.45995,7.45995,9036683.29861111
2016-12-05,7.44368,7.63886,6.6555,6.83015,11276455.10416667
2016-12-06,6.82166,7.92268,5.97887,7.85203,33736345.99303136
2016-12-07,7.86893,8.54084,7.32844,8.38213,36290904.86111111
2016-12-08,8.38148,8.86133,8.25522,8.25522,21612321.52777778
2016-12-09,8.23051,8.67409,8.05433,8.45783,14143410.76388889
2016-12-10,8.44601,8.52841,8.01677,8.11883,9322912.57839721
2016-12-11,8.12516,8.26856,8.10299,8.20723,7703577.46527778
2016-12-12,8.19362,8.60633,8.16508,8.51441,6362954.6875
2016-12-13,8.52221,8.53089,8.34572,8.42063,7800358.84210526
2016-12-14,8.42285,8.51865,8.24887,8.27573,5110121.5625
2016-12-15,8.26523,8.26523,7.72241,7.82691,11261944.72222222
2016-12-16,7.82847,7.93477,7.80447,7.85324,8823737.46527778
2016-12-17,7.85821,7.89911,7.52057,7.89911,6799050.13937282
2016-12-18,7.87659,7.93286,7.71948,7.86689,7297837.84722222
2016-12-19,7.86532,7.86943,7.62519,7.64083,5533752.56944444
2016-12-20,7.64382,7.7459,7.5716,7.65045,6024789.16376307
2016-12-21,7.66004,7.9436,7.66004,7.89524,7492643.68055556
2016-12-22,7.9144,7.9144,7.50171,7.57926,15433361.90972222
2016-12-23,7.585,7.69174,7.16114,7.2033,16003046.18055556
2016-12-24,7.16615,7.40543,7.15242,7.26841,14031099.72125436
2016-12-25,7.26577,7.34166,7.13886,7.18144,7866930.34722222
2016-12-26,7.17508,7.33382,7.04751,7.2551,7753399.54861111
2016-12-27,7.27409,7.32258,7.09047,7.1754,5684809.61672474
2016-12-28,7.17082,7.62406,7.08225,7.54068,11635737.1875
2016-12-29,7.52011,8.52741,7.52011,8.27661,25831085.41666667
2016-12-30,8.28416,8.46609,8.05468,8.15988,20695832.29166667
2016-12-31,8.15998,8.15998,7.90938,7.96022,11151551.39372822
2017-01-01,7.9691,8.47123,7.9691,8.17558,11462846.875
2017-01-02,8.17257,8.43633,8.05441,8.37087,14252558.33333333
2017-01-03,8.37851,9.9968,8.31717,9.74586,19180598.60627178
2017-01-04,9.72525,11.2764,9.55981,11.2764,43719271.875
2017-01-05,11.2516,11.8909,9.40268,10.2677,43687098.95833334
2017-01-06,10.2544,10.6292,9.62729,10.2487,33692071.18055555
2017-01-07,10.2547,10.2804,9.58585,9.84157,26890279.09407666
2017-01-08,9.86719,10.3948,9.8289,10.2793,18929680.20833333
2017-01-09,10.2898,10.7838,10.1366,10.3668,21969669.09722222
2017-01-10,10.3256,10.6898,10.2898,10.565,19039191.28919861
2017-01-11,10.5496,10.6639,9.4568,9.7324,16967191.66666667
2017-01-12,9.71776,10.084,9.17558,9.85651,31415812.15277778
2017-01-13,9.86133,9.86133,9.51438,9.67667,25859660.06944444
2017-01-14,9.7695,9.89084,9.44398,9.78377,23559817.77003484
2017-01-15,9.64666,9.99962,9.59741,9.9088,17861915.97222222
2017-01-16,9.90426,9.92592,9.58357,9.58357,14726904.51388889
2017-01-17,9.6365,10.6104,9.54462,10.3282,16400871.77700348
2017-01-18,10.3023,10.5168,9.93529,10.1958,16651697.56944444
2017-01-19,10.2278,10.444,10.1789,10.3966,9039361.59722222
2017-01-20,10.3972,10.7627,10.3521,10.5946,10790520.38327526
2017-01-21,10.6006,10.9778,10.58,10.9109,11085033.68055556
2017-01-22,10.9092,10.9718,10.5763,10.7344,9884301.04166667
2017-01-23,10.7032,10.8447,10.669,10.8197,8074103.19444444
2017-01-24,10.8208,10.8208,10.5713,10.597,7790677.63066202
2017-01-25,10.6325,10.6325,10.484,10.5694,7588452.29166667
2017-01-26,10.5705,10.6677,10.5135,10.5948,6995888.09027778
2017-01-27,10.5891,10.607,10.4423,10.5383,8641288.7456446
2017-01-28,10.5373,10.5832,10.4293,10.5548,6194957.25694444
2017-01-29,10.565,10.5697,10.4517,10.4887,5979955.90277778
2017-01-30,10.484,10.714,10.4665,10.5703,5556701.63194444
2017-01-31,10.5712,10.7487,10.545,10.7093,9532228.04878049
2017-02-01,10.7275,10.8472,10.5566,10.728,12903907.31707317
2017-02-02,10.7321,10.8881,10.5519,10.8219,11173959.79166667
2017-02-03,10.8214,11.0929,10.755,11.0929,12455267.94425087
2017-02-04,11.1145,11.5015,11.1145,11.4175,14224122.91666667
2017-02-05,11.4335,11.4861,11.3169,11.3724,9102411.90972222
2017-02-06,11.353,11.4754,11.3446,11.3966,6003560.41666667
2017-02-07,11.3894,11.6098,11.3894,11.5165,6813575.12195122
2017-02-08,11.5153,11.6304,11.2434,11.4299,9293696.90972222
2017-02-09,11.4312,11.598,10.6745,11.0372,12082857.29166667
2017-02-10,11.0322,11.3447,10.7812,11.2781,16154139.02439024
2017-02-11,11.2789,11.4318,11.2424,11.3564,10400897.11805556
2017-02-12,11.3495,11.4013,11.304,11.3919,6514081.18055556
2017-02-13,11.3992,11.3992,11.1741,11.2719,6434830.0
2017-02-14,11.2695,13.3307,11.2695,13.0009,23703186.35087719
2017-02-15,13.0252,13.0397,12.6371,12.9314,32551123.95833333
2017-02-16,12.9197,12.921,12.5447,12.9065,24340629.16666667
2017-02-17,12.9037,12.9081,12.6646,12.6819,27716233.1010453
2017-02-18,12.6765,12.8258,12.6765,12.8059,10809146.14583333
2017-02-19,12.8102,12.8733,12.7144,12.7545,8994524.30555556
2017-02-20,12.7585,12.8967,12.4787,12.4787,9088736.49305556
2017-02-21,12.4301,12.7709,12.2101,12.6756,16604426.13240418
2017-02-22,12.6684,12.7625,12.5526,12.6009,10933115.97222222
2017-02-23,12.5997,13.2078,12.5638,13.1367,11279432.01388889
2017-02-24,13.1194,13.2323,12.8828,13.067,20022019.51219512
2017-02-25,13.0692,13.7239,12.9807,13.547,16553178.81944444
2017-02-26,13.5487,14.5431,13.3953,14.5422,17419250.34722222
2017-02-27,14.52,15.6752,14.274,15.3491,24248830.55555556
2017-02-28,15.3965,16.0594,15.1233,15.8672,51587033.09859155
2017-03-01,15.8172,17.3711,15.5589,17.3711,47174355.55555555
2017-03-02,17.3497,19.353,16.954,19.0929,67001078.125
2017-03-03,19.0302,20.6674,18.4112,19.4679,97374145.6445993
2017-03-04,19.459,20.055,18.6262,18.6262,59257613.19444445
2017-03-05,18.6189,19.4232,18.2323,19.3008,29671303.81944444
2017-03-06,19.3023,20.1023,19.1148,19.6291,25135185.41666667
2017-03-07,19.6057,19.6299,18.6426,18.8757,37463179.79094077
2017-03-08,18.8886,18.8886,16.7082,16.7082,44056947.91666666
2017-03-09,16.6513,17.8726,16.3665,17.7474,39316072.22222222
2017-03-10,17.7547,19.6588,17.6773,19.294,37081833.1010453
2017-03-11,19.3323,21.5882,19.007,21.5028,92579259.375
2017-03-12,21.4725,23.3717,21.3795,23.3702,80407065.625
2017-03-13,23.4377,30.6038,23.4377,28.5474,165689279.5138889
2017-03-14,28.5929,29.9329,27.3153,28.6585,179968080.41958043
2017-03-15,28.6546,34.7211,28.4332,34.7211,102411952.43055555
2017-03-16,35.0559,47.1698,35.0559,45.8176,352364513.8888889
2017-03-17,46.3458,55.1147,38.207,46.3808,490736550.5226481
2017-03-18,46.828,46.8742,31.7021,33.0095,331299496.5277778
2017-03-19,34.1602,46.996,34.1602,44.343,273082395.8333333
2017-03-20,44.7401,46.2289,42.4447,43.1241,196496410.52631578
2017-03-21,43.3902,44.2623,42.3707,43.1662,121683463.06620209
2017-03-22,43.1451,43.5187,39.6878,42.2579,98118738.54166667
2017-03-23,42.3421,44.7548,41.3025,43.8057,99793212.15277778
2017-03-24,43.6784,54.1448,43.2057,52.7926,164960334.84320557
2017-03-25,53.1075,53.5759,48.3117,51.1639,307740659.7222222
2017-03-26,51.25,51.8029,49.2839,50.3421,149130906.25
2017-03-27,50.5216,52.4609,48.9298,49.5942,120948809.02777778
2017-03-28,49.7104,50.9563,49.1451,50.7177,116282402.78745645
2017-03-29,50.7749,53.869,50.5485,53.1553,130847575.34722222
2017-03-30,53.1261,53.314,51.8668,52.2622,106740225.0
2017-03-31,52.2058,52.2058,47.3803,50.0247,119428854.3554007
2017-04-01,50.0373,51.9283,48.8753,50.6929,113075503.125
2017-04-02,50.6995,51.2745,45.4258,48.7985,94340774.30555555
2017-04-03,48.7487,48.8212,43.4097,44.2916,205192696.8641115
2017-04-04,44.3564,45.7396,41.7218,44.8505,165294097.2222222
2017-04-05,44.6419,47.8434,44.5381,45.5301,125525384.72222222
2017-04-06,45.304,45.6419,40.9011,43.2332,121439871.52777778
2017-04-07,43.2421,44.0375,41.646,42.2385,122697741.81184669
2017-04-08,42.1626,45.2053,41.7308,44.4138,86906038.19444445
2017-04-09,44.3071,44.4905,42.8928,43.2898,48713650.0
2017-04-10,43.267,44.1359,42.4154,43.4898,48871562.71777003
2017-04-11,43.4352,44.2528,43.2997,43.4256,45688047.22222222
2017-04-12,43.4072,47.232,43.11,46.2747,43640872.91666666
2017-04-13,46.2873,50.9138,46.2873,50.164,140874146.5277778
2017-04-14,50.2194,50.2194,46.7625,47.6627,126346993.03135888
2017-04-15,47.5741,49.57,47.1754,49.1679,69612802.77777778
2017-04-16,49.1015,49.1431,48.1873,48.6751,55064705.90277778
2017-04-17,48.7185,48.7454,48.0518,48.295,33584987.10801394
2017-04-18,48.3046,51.0302,48.2971,50.7203,63492852.43055555
2017-04-19,50.7075,50.948,47.2605,48.3049,67088604.16666666
2017-04-20,48.3053,49.989,48.1323,49.721,96962787.15277778
2017-04-21,49.6722,49.6722,48.1403,48.2678,55431468.64111498
2017-04-22,48.2244,48.7421,48.1731,48.5705,43041760.06944445
2017-04-23,48.553,48.8856,48.1681,48.4335,37712262.84722222
2017-04-24,48.4893,50.1814,48.4893,50.1003,49389928.57142857
2017-04-25,50.0315,50.3036,49.8069,49.8686,44046019.44444445
2017-04-26,49.8912,53.4368,49.8912,52.7569,62968681.94444445
2017-04-27,52.7203,62.0509,52.2886,61.9674,174853406.25
2017-04-28,62.1677,70.8465,62.1332,70.549,312066954.70383275
2017-04-29,70.1592,71.9049,66.7789,68.5341,205516767.3611111
2017-04-30,68.3769,78.9826,68.3477,78.9826,145038395.83333334
2017-05-01,79.0212,82.5239,73.0866,76.3821,338727696.8641115
2017-05-02,76.297,79.3533,74.3768,77.5702,293542420.1388889
2017-05-03,77.2638,80.0953,75.7634,79.6403,163972569.44444445
2017-05-04,79.7182,97.5619,79.4311,96.8837,221560329.8611111
2017-05-05,96.9814,103.233,92.2204,94.3518,398734362.369338
2017-05-06,94.3985,97.8759,90.9501,97.8759,231372236.1111111
2017-05-07,97.8135,98.2391,89.8664,93.8639,139018395.83333334
2017-05-08,94.0073,95.1369,89.5146,91.6718,241501198.60627177
2017-05-09,91.4204,93.0567,80.3899,90.4116,285297336.8055556
2017-05-10,91.1629,92.8469,85.2863,89.3832,220714274.30555555
2017-05-11,89.5249,102.548,88.4759,89.9354,140974836.80555555
2017-05-12,89.8797,93.1231,88.7602,88.7962,139099327.5261324
2017-05-13,88.6554,93.8123,86.6602,90.9569,126206415.625
2017-05-14,90.8354,91.2483,89.606,90.7882,68456439.58333333
2017-05-15,90.7865,95.4305,86.8292,92.3178,115961646.34146342
2017-05-16,92.4149,93.5551,89.1176,89.3975,164450197.91666666
2017-05-17,89.438,91.2692,84.43,89.8914,183089569.44444445
2017-05-18,89.8604,97.3686,89.8404,96.8425,179343031.25
2017-05-19,96.9063,133.562,96.9063,129.979,389799773.5191638
2017-05-20,129.527,133.641,124.702,126.746,507954166.6666667
2017-05-21,126.521,159.026,125.889,159.026,366534208.3333333
2017-05-22,157.937,201.746,152.474,173.505,1007932163.7630662
2017-05-23,174.261,183.549,169.932,181.694,858118027.7777778
2017-05-24,181.952,228.374,181.952,189.826,595174927.0833334
2017-05-25,190.046,210.984,170.507,175.842,749347148.409894
2017-05-26,174.446,193.688,150.278,161.474,858982024.3902439
2017-05-27,160.403,166.952,120.443,156.552,1038639003.4722222
2017-05-28,157.758,179.935,157.604,170.476,985611194.4444444
2017-05-29,170.511,197.126,164.53,193.724,560768770.0348432
2017-05-30,194.909,233.71,189.293,232.256,1153165927.0833333
2017-05-31,231.911,236.965,215.568,231.277,1574107604.1666667
2017-06-01,230.669,236.221,214.48,221.437,976928794.4250871
2017-06-02,222.239,229.411,219.584,223.835,629737576.3888888
2017-06-03,223.775,225.973,219.419,224.265,439662666.6666667
2017-06-04,224.376,250.41,223.981,245.498,594325562.5
2017-06-05,245.332,249.469,243.049,248.723,584860261.3240418
2017-06-06,248.464,267.514,246.839,264.732,608830597.2222222
2017-06-07,264.466,264.674,254.04,258.894,558103857.1428572
2017-06-08,258.071,262.252,253.975,261.948,453941038.32752615
2017-06-09,261.666,282.761,261.666,282.621,397973500.0
2017-06-10,281.737,350.261,281.737,336.733,944314878.4722222
2017-06-11,337.668,353.011,318.171,339.973,1825628854.1666667
2017-06-12,340.609,412.931,340.609,398.579,1834558188.15331
2017-06-13,401.49,411.178,370.057,397.055,2556142195.121951
2017-06-14,397.537,399.324,342.215,358.528,1220430170.1388888
2017-06-15,359.053,364.439,300.7,361.272,1899657630.662021
2017-06-16,361.933,373.055,341.417,370.29,1824192604.1666667
2017-06-17,370.227,378.96,364.002,378.96,930510717.7700348
2017-06-18,379.414,390.581,368.844,371.657,951099006.9444444
2017-06-19,371.458,377.115,369.763,370.106,744366250.8710802
2017-06-20,370.056,377.969,350.942,358.984,780757871.5277778
2017-06-21,359.005,361.343,319.479,335.167,1133066090.2777777
2017-06-22,336.872,342.027,330.622,336.114,1361937508.7108014
2017-06-23,336.371,348.006,334.99,341.841,764128354.1666666
2017-06-24,341.739,343.621,322.087,324.056,576645222.2222222
2017-06-25,323.696,332.792,284.646,303.764,832706177.0833334
2017-06-26,303.248,311.458,238.649,273.647,1446035582.3293173
2017-06-27,272.692,291.031,227.137,291.031,1894637938.9312978
2017-06-28,293.088,333.104,276.414,329.098,2134729818.1818182
2017-06-29,327.927,330.708,297.373,303.24,1851822638.8888888
2017-06-30,302.883,315.172,288.443,292.678,1208240501.7421603
2017-07-01,294.916,294.916,268.617,274.444,1105637211.8055556
2017-07-02,274.601,295.509,262.52,289.406,1018498836.8055556
2017-07-03,287.987,291.104,281.176,283.224,1048193194.4444444
2017-07-04,282.898,287.388,273.111,273.771,722996243.902439
2017-07-05,273.303,275.125,261.447,268.874,751841770.8333334
2017-07-06,268.774,278.476,265.512,270.964,731961871.5277778
2017-07-07,270.549,273.943,244.174,247.29,587920940.7665505
2017-07-08,245.991,273.477,236.551,251.219,811300430.5555556
2017-07-09,251.697,255.105,242.229,242.229,590868611.1111112
2017-07-10,242.137,243.071,196.965,215.896,555229729.1666666
2017-07-11,215.357,220.291,183.392,198.541,1421803679.4425087
2017-07-12,197.404,228.99,189.589,228.99,1150225370.5583756
2017-07-13,230.774,231.812,200.065,210.38,1090167275.6183746
2017-07-14,209.733,211.101,187.374,199.672,712557689.8954704
2017-07-15,199.662,200.161,171.77,171.77,799601381.9444444
2017-07-16,170.655,172.014,133.723,158.797,1098166329.8611112
2017-07-17,157.363,194.753,157.363,192.824,1592966666.6666667
2017-07-18,193.424,267.986,182.059,233.001,1812455400.6968641
2017-07-19,234.391,245.651,191.745,198.367,2900202152.7777777
2017-07-20,199.703,233.904,199.703,225.323,2409100972.2222223
2017-07-21,227.265,235.118,213.01,218.167,1611893240.4181185
2017-07-22,218.305,232.696,216.868,229.868,763443996.5277778
2017-07-23,229.476,231.68,217.722,225.545,656075732.6388888
2017-07-24,225.951,227.538,222.453,224.409,525091069.68641114
2017-07-25,224.711,225.324,195.845,208.145,709261912.891986
2017-07-26,206.71,210.767,194.784,203.728,983763829.8611112
2017-07-27,203.953,206.444,201.26,204.243,493846975.6944444
2017-07-28,204.318,204.897,192.304,193.123,482326655.0522648
2017-07-29,193.341,208.679,179.647,205.33,607861309.0277778
2017-07-30,205.789,208.541,196.149,197.675,811532604.1666666
2017-07-31,197.978,203.656,193.411,203.151,498212458.3333333
2017-08-01,203.871,227.744,203.871,226.925,1212208177.7003484
2017-08-02,226.769,229.512,218.118,219.832,1013559704.8611112
2017-08-03,219.952,228.292,219.888,225.263,572708364.5833334
2017-08-04,225.342,227.621,222.057,223.073,587391543.5540069
2017-08-05,222.852,254.876,221.952,254.876,865395451.3888888
2017-08-06,256.507,271.049,252.852,262.402,1571352187.5
2017-08-07,261.567,271.963,256.689,269.02,1098853916.6666667
2017-08-08,269.18,298.907,266.796,296.11,1104590045.2961671
2017-08-09,296.769,318.716,276.69,296.396,2357694965.2777777
2017-08-10,296.027,306.593,289.926,297.004,1676833888.8888888
2017-08-11,295.892,309.209,294.495,309.209,976080393.728223
2017-08-12,308.864,317.56,307.896,310.834,1141006263.8888888
2017-08-13,310.601,310.816,289.314,297.55,1281718645.8333333
2017-08-14,298.064,306.807,296.412,300.159,1016987496.5277778
2017-08-15,300.097,300.409,279.327,289.499,947935926.8292683
2017-08-16,289.818,303.413,285.385,302.392,974781708.3333334
2017-08-17,302.267,311.028,300.25,302.463,926224826.3888888
2017-08-18,301.457,307.96,292.499,295.606,927705860.6271777
2017-08-19,295.59,301.667,286.183,297.577,887060788.1944444
2017-08-20,297.47,301.306,291.58,301.295,708165437.5
2017-08-21,301.428,347.049,297.234,321.434,1603635916.3763065
2017-08-22,321.591,327.361,297.913,315.476,1949140000.0
2017-08-23,314.785,324.21,314.539,318.026,951500677.0833334
2017-08-24,317.519,327.96,317.081,325.516,723216420.1388888
2017-08-25,325.611,336.398,325.611,331.871,793723418.1184669
2017-08-26,331.915,334.985,327.919,333.861,592930847.2222222
2017-08-27,333.882,346.588,333.882,346.588,548394982.5783972
2017-08-28,347.893,352.054,338.407,347.834,853799013.986014
2017-08-29,347.747,373.763,347.747,371.231,913974306.6202091
2017-08-30,370.667,388.748,361.971,378.346,1388277534.7222223
2017-08-31,378.485,386.139,376.354,383.085,946931592.0577618
2017-09-01,383.042,390.044,383.042,387.581,787536327.5261323
2017-09-02,387.741,389.353,328.095,347.198,1182787109.1549296
2017-09-03,348.984,366.487,332.232,347.418,1249670620.2090592
2017-09-04,347.484,347.484,279.939,295.251,1252982957.7464788
2017-09-05,295.171,318.572,268.285,313.196,1829807909.4076655
2017-09-06,312.988,334.658,312.988,334.045,1308790138.8888888
2017-09-07,334.338,334.338,319.939,329.172,821700647.4820144
2017-09-08,329.428,329.636,285.157,296.662,754892458.0419581
2017-09-09,296.497,299.891,287.22,294.317,946916233.4494773
2017-09-10,294.405,294.764,268.973,288.722,600371355.4006969
2017-09-11,288.747,300.688,286.685,294.326,653834947.9166666
2017-09-12,294.532,311.195,287.228,291.464,624702083.9416058
2017-09-13,291.122,291.122,260.61,277.133,843924340.2777778
2017-09-14,277.112,280.84,214.172,214.172,942577809.0277778
2017-09-15,213.908,258.655,195.035,251.187,1667455749.1289198
2017-09-16,250.464,262.593,238.223,246.419,1370265975.609756
2017-09-17,246.522,256.996,235.24,251.904,507871132.4041812
2017-09-18,251.749,292.895,251.749,292.832,917516275.261324
2017-09-19,293.497,295.768,274.484,282.922,796395097.902098
2017-09-20,282.804,290.886,278.049,284.252,496045996.5277778
2017-09-21,283.742,286.61,255.016,258.705,446610751.74825174
2017-09-22,258.58,270.54,256.218,264.854,593948006.9686412
2017-09-23,264.31,285.838,261.12,285.838,423384975.6944444
2017-09-24,286.168,292.948,278.132,282.367,574672629.3706294
2017-09-25,282.483,293.515,281.876,292.234,474581324.0418118
2017-09-26,292.332,293.75,287.02,287.504,420600418.1184669
2017-09-27,287.438,308.015,286.82,306.727,391579343.75
2017-09-28,306.467,307.198,295.47,299.412,597511916.6666666
2017-09-29,299.155,299.924,279.773,289.10986098,500767824.5819674
2017-09-30,289.12605481,300.46153339,288.95266098,298.85433848,296228739.1355817
2017-10-01,298.82686734,301.46652592,294.69441323,300.49606468,242131736.6369892
2017-10-02,300.53862465,301.08475654,294.46589497,296.38081431,259497811.0080861
2017-10-03,296.61489358,299.04227385,287.56285793,291.6761982,254936127.9597244
2017-10-04,292.27968226,295.13297161,290.77819333,293.70533411,222612235.58680835
2017-10-05,293.68287297,296.60851221,288.83271541,294.67751088,204906065.08928972
2017-10-06,294.6638894,307.93478716,294.12554971,307.93478716,185611459.82755265
2017-10-07,307.53412388,311.96933895,304.35553522,309.98952585,303773548.280772
2017-10-08,309.678413,311.68055649,308.49389777,309.81132196,218218314.3329219
2017-10-09,309.70420473,309.77565024,263.51868976,296.99615998,364090464.79537237
2017-10-10,297.50021508,305.86593875,293.78789325,300.27540772,451829981.35487604
2017-10-11,300.55914954,304.24192789,299.53530714,302.93834253,270450879.03483874
2017-10-12,303.08041732,308.31374425,302.62192035,305.08686137,227339745.16630268
2017-10-13,305.15688177,348.13390225,303.1231592,338.77490361,478264997.03213507
2017-10-14,338.87874195,346.75917481,333.55606331,337.7705022,419297728.7885324
2017-10-15,338.10002468,340.92428448,317.7212886,334.30663015,294041028.589554
2017-10-16,335.16378611,347.78876788,331.74007591,332.44212619,599787079.7399806
2017-10-17,332.58609988,332.83745871,311.99196596,317.12494736,407771701.0959193
2017-10-18,317.19178779,317.19178779,293.62528695,314.56296557,435905774.28294754
2017-10-19,314.30326916,316.52160403,305.67207332,307.35455037,401589561.87634206
2017-10-20,307.21484281,309.92153722,302.11694798,303.57775302,267373144.40606695
2017-10-21,303.46026591,303.8270598,293.12346788,299.01070672,356941385.7182083
2017-10-22,299.08238033,304.13235413,292.76714207,295.58627196,303108213.0550801
2017-10-23,295.80860582,295.80860582,279.21884646,286.51823329,298479368.12546897
2017-10-24,286.46607571,310.81636825,282.21944513,298.1502766,625394852.585096
2017-10-25,298.29471075,301.63991211,291.54195908,296.94712542,343749997.961907
2017-10-26,296.78397416,298.4766199,293.65205695,296.34626578,214586076.07360506
2017-10-27,296.39103091,299.21080372,294.42212846,295.55888009,196901366.2355992
2017-10-28,296.15422896,299.05607756,291.47257881,295.74388772,191348960.71539408
2017-10-29,295.72610893,311.22112922,295.72610893,303.92424812,295689163.00650305
2017-10-30,303.47889836,309.54517006,301.69438644,302.72973255,387421791.03629726
2017-10-31,302.63387065,305.07592165,300.50348641,302.33390919,257264483.43013337
2017-11-01,301.8562662,305.34228595,291.67187191,292.02488383,348739577.1622718
2017-11-02,292.63079497,295.44158558,282.67060302,285.40667944,634024746.8791885
2017-11-03,287.56550485,308.46369793,287.00813752,304.68868071,570785762.4384822
2017-11-04,305.96821015,305.96821015,296.86237462,300.50183059,434572535.82537043
2017-11-05,300.74734521,300.78465878,291.10752926,291.93317875,257007936.61648598
2017-11-06,292.4218273,306.6202961,290.43724444,300.38355046,334799976.71432084
2017-11-07,300.36505937,305.85826235,289.64189802,294.91568898,428239686.5272049
2017-11-08,294.5913023,319.50782286,293.55504785,309.87738424,484581973.48309296
2017-11-09,308.42468375,329.80323485,307.44992037,321.2067152,916193852.479269
2017-11-10,321.55177937,323.62544087,294.77251962,299.56278467,704803813.403361
2017-11-11,298.81264111,320.07625857,297.4316294,314.55764112,695902126.1504091
2017-11-12,314.5950026,321.24304985,299.4186632,310.43458854,1017162128.6552845
2017-11-13,310.52325278,332.00949816,310.17651671,317.8178378,1135068570.9283164
2017-11-14,317.81559778,339.34887801,317.81559778,337.57159644,829348110.987596
2017-11-15,337.95451241,341.51982665,331.1658042,334.1519415,722007863.0496937
2017-11-16,334.28666627,335.72566383,324.48574495,330.27302857,548134331.8583645
2017-11-17,330.45276652,335.34695752,327.42014479,332.33209246,620955714.3877014
2017-11-18,331.39326973,349.17283925,327.07362384,347.15811367,460652227.131648
2017-11-19,346.59766066,368.91726921,344.5427572,353.76060496,840060152.4819465
2017-11-20,353.24762393,370.59210676,352.35104118,366.09297583,735660805.6812575
2017-11-21,365.87087031,370.87558249,350.97817673,360.67918141,787133843.5081146
2017-11-22,360.77487253,379.37518499,360.77487253,378.8306112,553333595.136529
2017-11-23,379.22814474,426.46149602,374.91272628,411.18512287,1032364427.8704985
2017-11-24,410.68215194,479.25236,403.97081983,473.39867064,1598152348.3934476
2017-11-25,474.88442709,484.52687035,462.12124592,467.68579011,1700147883.6245537
2017-11-26,467.57921547,473.60611076,453.90592717,472.54641112,924293827.8512878
2017-11-27,472.65125663,494.82196701,469.03566328,482.12658293,1035827091.2728254
2017-11-28,482.13880362,484.84097471,466.82617157,475.90329865,964205966.0552292
2017-11-29,476.67548431,524.35628505,427.23300147,427.23300147,1497273126.8887105
2017-11-30,431.50586235,465.24058658,403.09958506,447.88900825,1803252298.4171972
2017-12-01,446.68746677,473.46146274,428.9734818,465.68864801,1071946882.5115488
2017-12-02,466.70187256,477.32830485,457.96581399,465.19569227,810598782.5580176
2017-12-03,465.17642497,482.8853853,453.23643681,466.48383513,605733711.804953
2017-12-04,466.9278263,475.14809589,452.63448881,469.85799271,769163454.8500764
2017-12-05,470.67273772,472.80766325,458.80657831,464.66956108,812164216.8547913
2017-12-06,463.43150083,464.67047035,420.39863203,431.45225231,1225234738.8441005
2017-12-07,431.07153448,441.0333785,414.48577955,432.2922937,1609865405.807266
2017-12-08,432.67693259,465.31561651,424.16374391,454.71348641,1690967209.0390506
2017-12-09,454.73438916,500.41582648,451.29604305,473.01552697,1609258306.3542993
2017-12-10,474.12425371,474.12425371,425.85265146,439.46215748,1213610122.3814628
2017-12-11,439.03524488,514.71335239,439.03524488,514.71335239,1010179126.4627203
2017-12-12,513.4773106,651.33434165,501.74312701,646.26445548,2560562898.116619
2017-12-13,645.22833988,728.20557296,591.12647077,697.28837632,3881246869.603174
2017-12-14,697.61680861,746.84567401,664.16596255,695.38765361,3448637143.41443
2017-12-15,695.23747762,696.41348839,635.19630607,683.21966771,2512050116.8834376
2017-12-16,683.99734662,713.45117597,681.51681392,693.18724236,1627635765.6976867
2017-12-17,694.0047025,730.62899665,693.82874262,722.69643556,1699781095.2185166
2017-12-18,721.46486048,798.36286193,688.01054042,797.5246904,1943635717.0340912
2017-12-19,796.92110977,875.5386216,778.16192907,819.78418776,3373795508.254504
2017-12-20,819.81048713,845.1922145,742.13091197,818.40938565,3392805988.5295362
2017-12-21,818.98256697,878.42963945,778.43392728,813.23588564,2967482231.3136015
2017-12-22,813.43777006,822.13704273,525.46051549,667.55613755,3343845529.526133
2017-12-23,672.67366381,782.51439543,672.67366381,708.38140964,3121710907.9900837
2017-12-24,711.7885347,749.22169276,594.01091458,667.49993924,1700431700.3847365
2017-12-25,671.1211722,829.06439448,671.1211722,764.88733381,1940737822.063504
2017-12-26,763.75835379,813.499973,744.75269398,777.9545928,1899995299.582007
2017-12-27,779.30667463,818.77999188,713.29978675,765.83952081,1659023080.273309
2017-12-28,764.88954011,766.7237107,700.85934054,734.70201435,1873135244.908345
2017-12-29,736.28134576,777.5102698,732.8747407,753.82605067,1977761700.835431
2017-12-30,754.39569803,779.68709271,666.20113729,699.26885802,2313983303.10944
2017-12-31,695.3329301,759.31671004,691.53633067,756.91229291,2147375826.827229
2018-01-01,757.40746759,783.88833566,733.3384395,772.50611822,1947147408.4455118
2018-01-02,774.7239453,939.86733883,774.7239453,881.36462164,3723596932.194178
2018-01-03,884.31724323,972.73416955,861.51632772,963.69605015,4042826273.551005
2018-01-04,960.69770368,1169.40256099,921.22222967,952.06554871,4892043150.986071
2018-01-05,947.38511132,1031.85934897,937.74612575,967.70849458,5455871448.192791
2018-01-06,970.14150205,1011.9885886,961.94242431,1004.69429132,4502973879.019528
2018-01-07,1003.3251165,1111.24268046,1003.3251165,1111.24268046,4332726424.511417
2018-01-08,1118.41076265,1352.34828944,1044.90339986,1200.98294942,6782505639.098754
2018-01-09,1198.36305006,1489.06490903,1169.24736614,1221.75785508,7229324494.044195
2018-01-10,1226.39532501,1527.51457617,1207.01084804,1316.24135272,9428820178.658165
2018-01-11,1318.95409153,1422.59253481,1193.43096765,1218.5698107,8111547056.714995
2018-01-12,1229.48511798,1369.77960231,1173.81722625,1356.51374568,5779217502.781419
2018-01-13,1352.23615032,1570.12619999,1349.75241146,1456.1384111,5198392803.535001
2018-01-14,1456.08355286,1469.17894966,1318.13692078,1404.05368148,5313428393.470572
2018-01-15,1404.3840519,1458.25879992,1323.52572567,1324.13494944,4527897263.66136
2018-01-16,1325.91121086,1384.76125371,886.85781606,1068.49511927,5362532487.734
2018-01-17,1058.82003674,1133.19926647,787.68701699,1028.42885732,7432334000.991302
2018-01-18,1033.76721481,1105.05167618,968.56504555,1038.13989173,7336154440.368773
2018-01-19,1027.72976853,1115.50459998,1002.07012323,1044.49586166,4563797794.620762
2018-01-20,1048.85659202,1224.23273282,1048.85659202,1177.58166898,3631497178.7593446
2018-01-21,1179.06412328,1180.23491972,1028.2884251,1053.63245652,3103783684.462646
2018-01-22,1062.14624732,1097.24248665,940.67609088,1012.74670428,3087113744.3901377
2018-01-23,1011.51368955,1031.32109567,935.27582964,986.84508053,3540461627.4487457
2018-01-24,989.88517154,989.88517154,989.88517154,989.88517154,3326794201.449835
2018-01-25,1070.61437984,1113.47062037,1043.22524429,1059.90930232,3872270582.444626
2018-01-26,1058.09700542,1088.15684265,998.14946808,1056.90494083,3416414487.6737123
2018-01-27,1056.8074828,1123.81675056,1044.36334061,1113.4611664,2805165432.5569234
2018-01-28,1116.99281765,1259.77101135,1114.00738996,1251.4142101,3730353497.746401
2018-01-29,1251.04526728,1266.07115015,1174.97298783,1186.78505378,3652801746.282331
2018-01-30,1188.04832375,1188.78779432,1057.1081745,1066.22676616,3143322962.418881
2018-01-31,1074.63644747,1128.34985022,1034.86413535,1120.57901482,3844219449.145505
2018-02-01,1124.94816059,1163.72059845,976.33593537,1038.5608989,3694678173.638793
2018-02-02,1033.54625464,1033.54625464,747.48076413,913.6793501,5288020795.364568
2018-02-03,914.71915952,994.67583735,843.62281068,964.60459757,4337334282.217263
2018-02-04,967.49712291,968.15603769,803.71972183,835.65730205,2431110905.3593583
2018-02-05,830.27232639,856.61789298,640.68064316,696.36032699,3125891383.232939
2018-02-06,696.94750664,796.66288718,571.22234339,794.15438978,4727019444.338816
2018-02-07,789.05157448,854.67258638,723.1917003,758.32284171,4732123953.381239
2018-02-08,754.5994669,849.93380531,754.5994669,817.92959055,3371912284.5757656
2018-02-09,819.54780972,880.21175228,788.92047763,880.21175228,2565498561.3366575
2018-02-10,879.44692536,912.33963471,832.01692966,862.16426408,2495208518.695449
2018-02-11,862.34597602,862.34597602,789.87463808,816.06657269,2406671543.154366
2018-02-12,816.00732924,875.70332371,816.00732924,864.79200451,2118287754.0235841
2018-02-13,867.23964196,868.70664433,829.0132275,846.1757538,1987900196.889265
2018-02-14,845.45715769,924.52741491,845.45715769,923.90816906,2134083619.3995044
2018-02-15,923.51404684,952.22206747,912.36392883,933.86951464,2732370944.4977884
2018-02-16,931.63790895,950.67434874,918.14229596,946.11748571,2508533583.1305623
2018-02-17,945.44839917,989.21599043,943.50912105,977.06994497,2228157491.3243165
2018-02-18,978.39676639,986.61909437,921.37764842,927.81151737,2349122738.043124
2018-02-19,925.7195843,961.02181365,925.7195843,950.74822854,2106898364.1177657
2018-02-20,950.99432485,977.27812385,900.6417594,900.6417594,2135335325.9504025
2018-02-21,900.83059876,917.7256326,837.39702317,855.08799248,2479950362.6465306
2018-02-22,855.71935436,880.38107231,804.37570877,815.01343977,2128240173.3910775
2018-02-23,814.07932517,890.67437647,797.72135649,870.41094432,2181355869.575556
2018-02-24,869.87067652,884.07379566,825.21536955,845.98653774,2011245114.389976
2018-02-25,846.56682055,859.15052012,826.6519109,851.63257058,1630742939.0080256
2018-02-26,854.11967124,882.99528578,845.90840956,871.98500368,1696629254.953301
2018-02-27,872.87398788,899.06136491,871.15681894,881.00717059,1965809864.3940735
2018-02-28,880.62743732,891.64001838,858.36954224,859.12622563,1898060488.5867832
2018-03-01,860.17261439,881.82175517,856.97173657,870.85859532,1769923868.664236
2018-03-02,869.5041302,875.20829687,854.91202158,860.97169541,1811001206.11475
2018-03-03,860.20123916,868.07371785,856.44166322,858.30139821,1632099937.56157
2018-03-04,858.42768325,869.76058196,842.74073184,868.1215518,1492872169.6416316
2018-03-05,869.68979687,869.68979687,850.87656296,850.8934663,1656354183.939319
2018-03-06,850.70186864,853.60028,810.33757781,815.10142427,1786509440.439688
2018-03-07,815.11540289,825.4800133,737.51345856,756.54637643,1844276761.5234394
2018-03-08,756.61947131,775.15691945,698.53434448,705.95337607,2041919652.7565508
2018-03-09,704.37147611,731.70202248,648.36331695,730.71135409,1987026697.3566964
2018-03-10,730.41738284,749.50119681,685.46309244,689.571551,1809545659.3850958
2018-03-11,688.6791475,735.66420907,670.61382572,722.74889654,1646004324.3464365
2018-03-12,723.3243399,742.90659096,668.31253239,701.65316693,1606251383.6983879
2018-03-13,700.24431313,716.42659636,686.93265143,694.12132848,1653450927.9996986
2018-03-14,692.91850163,706.07169695,593.98356515,614.87434714,1436840721.0733285
2018-03-15,614.63052196,621.30126758,579.07918726,612.92656232,1934084452.951917
2018-03-16,612.65885227,623.0536989,588.74249535,601.46209099,1452091448.7105148
2018-03-17,602.05831971,609.92857442,549.06690489,553.47805448,1243236489.3687525
2018-03-18,552.76651735,557.3261449,458.04009611,535.92937825,1771107525.8232834
2018-03-19,537.51315517,557.65925983,518.69411612,555.26813295,2567575935.511678
2018-03-20,557.25025717,567.67379519,521.40669333,556.37878837,1833523843.9950533
2018-03-21,557.43028281,591.34262802,551.70171451,563.71804529,1751759717.7200668
2018-03-22,563.75849862,577.72119714,522.3388732,539.2,1562987892.677775
2018-03-23,539.702,540.487,511.88011462,537.00623467,1534896868.4344857
2018-03-24,545.72948642,545.72948642,526.14913031,528.26114783,1346750489.8172226
2018-03-25,522.62966102,538.09275227,512.24495574,522.14072381,1192746482.2780755
2018-03-26,521.96697945,529.06330791,471.05999118,489.50966818,1270314694.2000031
2018-03-27,488.79608641,491.52652382,450.00885587,450.00885587,1728432753.8971524
2018-03-28,450.19964685,464.66331473,444.25721865,446.75109238,1502765438.933393
2018-03-29,447.18255427,449.81711522,384.10206164,386.33180944,1547586593.8217595
2018-03-30,385.44674774,410.72459363,368.22080027,395.01153289,2080220630.0264337
2018-03-31,394.78945461,418.25151635,392.39832571,395.80418236,1531181138.6107683
2018-04-01,395.8070841,399.84281599,361.89152964,378.96549376,1120857998.6124601
2018-04-02,379.58852315,395.05606353,377.19040473,385.04937815,1177476399.5681944
2018-04-03,385.46323869,418.822134,382.70896953,416.97996825,1176274051.235638
2018-04-04,417.13034832,417.54326829,374.88162543,381.434565,1216723097.0616126
2018-04-05,380.72458581,387.82504972,369.95192782,383.32509145,1179754295.9382014
2018-04-06,383.71129465,385.97432994,367.99287423,371.25490402,1009787943.5972847
2018-04-07,371.21602065,392.97849275,371.02132683,385.11997927,884888488.8926296
2018-04-08,386.01872323,402.50160009,385.77016054,399.72650653,859696196.9849344
2018-04-09,400.408651,428.32214241,391.43045499,397.69873689,1228442068.1080825
2018-04-10,398.78290626,416.7058212,394.28912159,415.23719783,1137254117.1383178
2018-04-11,415.5715124,430.03924026,412.96885804,430.03924026,1158211286.7375658
2018-04-12,429.40978497,489.85945701,417.08825375,489.40179622,1764313484.611723
2018-04-13,489.04298195,523.12537726,479.6293683,492.82881971,2396892172.5956516
2018-04-14,492.62227252,509.81439813,485.60309609,498.41406722,1776280299.0807846
2018-04-15,499.2807149,530.17827263,499.2807149,530.17827263,1423628567.2306042
2018-04-16,531.15680101,533.79902209,499.24780997,510.96052977,1500169017.6755311
2018-04-17,510.91337965,517.54719227,502.03992226,503.00610938,1435953212.37551
2018-04-18,503.18968691,524.48868082,502.473656,523.48550772,1472509263.3572416
2018-04-19,524.31310185,569.24686824,522.15925747,569.24686824,1761637032.0301874
2018-04-20,569.06969887,617.88209549,561.40169953,615.37065354,2189062533.9579163
2018-04-21,615.94688819,621.18517616,576.88705665,604.20752625,2325073660.300944
2018-04-22,605.14640626,641.00108372,593.60851347,622.50569759,2040947125.998164
2018-04-23,621.87337991,648.28412965,621.14844199,643.80473754,2066115430.3479064
2018-04-24,643.79780044,709.58882458,643.79780044,706.4938475,2610345463.316307
2018-04-25,706.04856921,706.04856921,601.89764482,615.6679401,3650186954.7998447
2018-04-26,616.78631082,662.89017291,603.87571647,662.83472294,3078977557.7200036
2018-04-27,662.88687742,684.95653687,647.66710807,648.45830202,2276524110.0736365
2018-04-28,646.45990545,692.39145455,643.78730623,682.88054387,2146870119.9597163
2018-04-29,682.76496946,697.55788995,669.36617648,690.45070831,2264211535.887406
2018-04-30,690.28346646,694.8672653,665.69780429,669.43903698,2277307109.8257446
2018-05-01,670.71667827,674.3421843,637.80696943,673.80999665,2387378885.8802986
2018-05-02,672.81454711,690.28591928,667.41407536,688.05751465,2031154464.488297
2018-05-03,688.19592045,787.15816245,687.39276195,782.99103664,2780814598.5503106
2018-05-04,780.87813803,805.99818382,763.72579291,785.63327723,3283591990.269219
2018-05-05,785.93150834,828.91716711,784.85026486,817.80829933,2664498194.294504
2018-05-06,818.5636395,838.59730457,762.71695414,794.87741546,2567631426.760281
2018-05-07,795.36000683,797.20099673,706.57560929,751.02360551,3055762823.567213
2018-05-08,753.14960619,774.38261302,727.41514106,753.19029093,3154153996.1384974
2018-05-09,752.68760744,756.50980165,717.46614742,751.80733666,2355723511.500718
2018-05-10,751.86489163,768.03621874,726.2097159,726.2097159,2259418272.888481
2018-05-11,726.26270129,737.06078611,670.47326881,678.9407266,2587642192.70966
2018-05-12,678.35890013,691.00629581,639.18496063,685.80345383,2507689923.416378
2018-05-13,685.43619409,740.67710407,674.09854876,732.967223,1991532220.803132
2018-05-14,732.35446309,743.41453621,693.68447924,733.19500248,2401854387.8997135
2018-05-15,732.79224859,739.45152789,702.49249513,710.04617959,2296056269.991804
2018-05-16,709.88916289,710.67414619,681.16086549,706.5910293,2135205505.0970156
2018-05-17,706.83198378,716.95241603,669.00883875,672.60054446,1915828763.7461836
2018-05-18,672.29901307,694.59882734,661.99054565,693.77375394,1970151108.616872
2018-05-19,693.90478822,714.79414357,684.85158346,695.88146592,1710168161.3792922
2018-05-20,696.84999988,722.20637534,690.62788186,715.34277236,1588563980.0913193
2018-05-21,715.66484236,718.97742993,691.98301502,699.74824797,1608903904.4579256
2018-05-22,699.1622495,700.11182742,644.70951798,647.49629572,1618819288.6459405
2018-05-23,646.13894351,651.46543815,572.75499925,584.36587461,2142969845.0989048
2018-05-24,581.87232866,611.35752087,557.0516404,601.56958219,2561254108.336268
2018-05-25,603.31516359,617.05800895,574.66527996,585.38234692,2090899490.7641068
2018-05-26,586.26476063,605.20349976,582.90196243,587.94452618,1503966637.1548865
2018-05-27,588.29901607,589.84846551,561.06063336,572.33950775,1397752288.5418024
2018-05-28,572.16235451,577.1849008,513.02147908,516.51150154,1757075923.4806938
2018-05-29,515.6456646,573.08843928,515.6456646,565.93490922,1727333282.7890477
2018-05-30,566.70510399,584.69888524,546.35737649,560.63181762,1614203296.9548087
2018-05-31,560.01080405,585.39357392,557.51207136,578.95797121,1371534298.3985171
2018-06-01,579.23674335,589.50060027,568.03182159,580.60131253,1423274484.452162
2018-06-02,580.21909417,596.02568389,576.93344464,589.86137143,1413271879.320269
2018-06-03,589.62901617,623.82766982,589.62901617,617.90034694,2047138931.3487854
2018-06-04,618.47663543,623.29091472,582.04331079,593.11588494,2047758852.7105308
2018-06-05,592.65948908,609.43248238,579.8295228,608.78759325,1567205737.7982059
2018-06-06,608.69665099,611.56182846,595.59520016,600.90632914,1192014984.264967
2018-06-07,601.10927477,614.20556524,601.10927477,603.86874453,1263471594.7137058
2018-06-08,604.20371629,606.88053584,595.82517706,601.6007236,1128933073.8263512
2018-06-09,601.56169527,606.81902293,598.35663397,599.93116654,971789225.5479785
2018-06-10,600.66278443,600.66278443,512.48551952,526.8590521,1347566017.6305263
2018-06-11,527.5439605,536.19450535,514.26374234,528.59277864,1825476360.619693
2018-06-12,528.88826717,537.08319769,488.86166868,494.25944647,1469437157.3464758
2018-06-13,494.69369254,501.36055603,460.18340676,474.94656212,1628092404.7306886
2018-06-14,475.64092365,521.32631921,465.86616832,519.07726009,1832794112.6253242
2018-06-15,519.678588,520.84117653,490.56172855,493.10527366,1806068566.1866503
2018-06-16,493.04564484,500.78630022,487.71186873,498.47239706,1177449231.9654422
2018-06-17,498.31978914,505.5136081,497.15984078,497.911417,935766249.3466139
2018-06-18,497.94439083,520.11353906,492.79513243,518.43537846,993590452.8010995
2018-06-19,518.69073822,540.42631644,516.35792187,536.14813277,1353681738.391564
2018-06-20,536.45880149,537.78442895,518.21158031,535.50397898,1508750419.6504922
2018-06-21,535.50397898,543.09168556,523.39559772,525.80273585,1301138704.425839
2018-06-22,526.04951455,526.04951455,462.27615514,464.89213659,1582644621.5622022
2018-06-23,465.08136605,476.95119397,461.5001617,473.98662033,1899823474.2265828
2018-06-24,474.10518233,474.58104365,425.85984308,456.23732128,1911923320.6240153
2018-06-25,455.75663689,466.2402561,446.80637029,460.04241102,2628173322.1257014
2018-06-26,460.01055779,460.77784148,434.00544607,434.00544607,2410233257.543087
2018-06-27,433.81871357,440.13008627,426.22341637,435.9987749,2409337677.080689
2018-06-28,436.18610656,438.6378187,422.37579026,424.15025422,1305573622.2293603
2018-06-29,424.30209219,434.57453295,408.69303385,430.49488167,1388143969.5843787
2018-06-30,430.76627301,456.69336906,430.76627301,452.21057906,1821364337.7110221
2018-07-01,452.38005522,456.76333706,447.89034918,452.49182918,1691265595.2230678
2018-07-02,452.6267768,479.76336213,446.65455709,474.90781247,1896145480.468227
2018-07-03,475.04856329,482.35176796,462.74990591,463.61715969,2236916811.929212
2018-07-04,463.61826621,476.14021597,455.1559791,468.69621154,2187316633.7815895
2018-07-05,469.59043882,476.11907695,463.15364888,467.76213191,2149879043.3473806
2018-07-06,467.6794372,472.02884084,455.27093998,468.87380061,2112096436.022121
2018-07-07,468.73735117,480.38501661,464.29556986,480.38501661,1954951374.6282516
2018-07-08,480.56890202,492.5305326,479.79847666,487.31148589,2009750961.875807
2018-07-09,487.25798775,488.63631075,473.60081182,474.05701307,2002454398.2056944
2018-07-10,473.52153269,474.98356722,434.12527459,434.49106274,1772252663.0457242
2018-07-11,434.52401498,445.53924683,428.46721419,445.1505524,1752709167.4989696
2018-07-12,445.50316493,445.50316493,422.69535301,427.34730433,1448870359.4191344
2018-07-13,428.60599257,440.91148034,428.60599257,431.64476048,1763236533.8366394
2018-07-14,432.45166749,437.92871785,430.64412302,433.87101864,1546387638.9878354
2018-07-15,433.70685404,452.83351669,432.27186522,449.18270774,1442726107.6551352
2018-07-16,449.57485099,476.23084607,445.74237309,476.23084607,2181496492.4405203
2018-07-17,476.09683656,503.39761246,467.06180203,500.87657601,2318768238.172032
2018-07-18,500.68098627,507.52028219,473.87570906,477.95774289,2569699702.571082
2018-07-19,477.78743108,480.79899633,465.94233344,467.12950549,2302853466.7863865
2018-07-20,467.22241655,467.65800678,443.69204912,448.95535983,2146013179.6337776
2018-07-21,449.12834213,466.68863894,445.74799092,461.64528405,1970621136.712501
2018-07-22,461.47214973,467.60691371,457.55196878,457.74335972,1436287133.8568997
2018-07-23,457.57986501,467.87334756,449.51907318,450.85602638,1718239825.4560375
2018-07-24,450.92994674,478.92787104,446.41045026,474.07154413,2020293893.132926
2018-07-25,474.90769828,483.24031372,465.75734486,472.37279092,2185852920.7507668
2018-07-26,472.00407358,482.98314546,461.01430168,463.86107075,1825238282.628064
2018-07-27,463.18282979,472.63267382,458.07914166,469.58703131,1835700965.0644414
2018-07-28,470.00382179,471.13799221,462.17239048,467.22572367,1682534368.255709
2018-07-29,469.21437661,470.67803661,462.50446857,466.72484597,1515018232.7220857
2018-07-30,466.78083469,467.71909842,447.47025892,456.33295177,1927175172.8061643
2018-07-31,456.63813594,457.03294406,428.62051542,432.64500481,2163355565.665683
2018-08-01,432.33280189,434.21833315,409.75210998,419.35691872,1847655053.939823
2018-08-02,420.01827126,424.24603394,409.09266087,411.77443848,1623532045.507912
2018-08-03,411.73802273,419.59759101,399.10833693,417.73753705,1607815631.7060926
2018-08-04,417.79797049,419.44596433,403.25527925,406.8732425,1452550700.461751
2018-08-05,407.13490587,412.57291487,401.77631188,409.07523917,1382112727.5082345
2018-08-06,409.24468235,412.87129597,402.61377366,405.61588342,1286857826.0670521
2018-08-07,405.90110402,410.87604427,373.7637228,379.25045784,1414855518.6804
2018-08-08,379.02078282,380.1585263,352.82900017,355.3959384,1928212482.1901412
2018-08-09,356.23477644,370.23341302,353.73998214,365.14174019,1919302869.283643
2018-08-10,364.63834681,366.35841096,329.74950506,333.85179424,1856847992.932285
2018-08-11,333.79684844,334.15722854,307.6832468,321.66132901,1975004072.5028934
2018-08-12,320.20678402,328.24592086,317.73587526,319.76538572,1819908568.643117
2018-08-13,319.97751783,321.56200137,284.69673078,285.59098464,1761045378.1901433
2018-08-14,285.53747917,285.53747917,255.34387243,276.44711672,2365770274.7576823
2018-08-15,279.23673171,303.50557926,279.23673171,282.69180669,2261177443.187329
2018-08-16,282.78354654,298.4611517,280.50913762,287.59717508,1908444768.8151867
2018-08-17,287.88360043,316.2142152,287.10785054,316.2142152,1804768312.7158537
2018-08-18,317.59028357,321.23790262,286.01436273,295.3284177,2129550574.9217064
2018-08-19,295.59297686,307.60458203,291.40829879,301.36784503,1724583344.1308846
2018-08-20,301.22518761,304.79877876,273.07776037,275.35538401,1709111359.5176666
2018-08-21,274.95125201,288.42949781,273.26541347,282.4790182,1568020999.2213085
2018-08-22,282.64633624,297.00145494,266.9376485,272.10363854,1581320950.0115879
2018-08-23,272.40498248,280.46028363,271.54441496,278.16562634,1501258905.509003
2018-08-24,278.48826132,284.42812382,274.1704311,283.79412286,1454832379.6055973
2018-08-25,283.58519743,284.49736116,279.24447704,280.37348809,1495781214.6240342
2018-08-26,280.47637463,280.47637463,272.76252356,276.0376723,1332276836.6443336
2018-08-27,276.40153619,287.16918504,274.62798214,287.16918504,1457587817.488888
2018-08-28,288.66301025,298.91187292,285.05402195,297.80414297,1574017459.7885249
2018-08-29,297.28537182,298.12633369,287.77015016,290.35135367,1592823778.1044705
2018-08-30,290.61083809,292.54257253,276.13652285,285.58354023,1563566622.9023669
2018-08-31,285.74575824,285.90622138,279.22853987,283.78083217,1589750941.482678
2018-09-01,283.5086675,302.81094553,283.5086675,297.09424228,1499702084.785074
2018-09-02,297.08847085,300.3168582,291.65676764,296.9253589,1606692144.8466582
2018-09-03,296.83053526,296.83053526,287.9359595,289.19987708,1442385684.81874
2018-09-04,289.25299755,291.82113225,283.75080829,285.52422321,1602560338.7057066
2018-09-05,285.50423072,287.34643395,228.65777428,228.65777428,1860916323.4165223
2018-09-06,229.26764925,231.97303892,215.56702824,229.35564515,2615115487.187654
2018-09-07,230.00725644,234.34616729,216.11075935,216.14720558,1686847643.246266
2018-09-08,216.02503635,219.83178947,192.612716,197.69932178,1440166262.2196054
2018-09-09,197.42420162,208.07906976,187.40599653,196.25315195,1789731216.206609
2018-09-10,196.38002839,202.39933362,188.71051762,196.83573074,1556431223.6938303
2018-09-11,197.03434909,198.64797813,178.72412908,184.425244,1539267774.6299949
2018-09-12,185.32284104,185.32284104,169.17015312,183.17707942,1714418333.942656
2018-09-13,183.4258076,214.18133847,183.4258076,211.72731628,1961301192.8560352
2018-09-14,211.19959619,223.45161707,203.92885885,211.53743301,2397379383.1074643
2018-09-15,210.03681557,226.87274112,209.50513621,223.18419166,1894552306.7430265
2018-09-16,222.55316513,222.86648219,210.48356138,220.26416348,1594373799.328398
2018-09-17,220.3030368,224.39446768,194.14172919,197.06573226,1630898616.1813104
2018-09-18,196.94174358,213.73759347,195.24468776,210.19112831,2018346156.4972296
2018-09-19,209.47805162,213.41934995,199.79755227,209.6285963,1662584519.905833
2018-09-20,209.79684659,225.16888239,207.40911117,224.23299258,1682559349.0233746
2018-09-21,224.42602375,248.77768087,221.2141035,247.5881799,2364139721.2806487
2018-09-22,247.43781308,252.94654946,233.38185199,240.49798979,2518403031.872205
2018-09-23,240.58398097,248.44704591,237.59543103,244.6830268,1580549606.9395428
2018-09-24,244.67465437,245.56006855,226.26597212,228.47209511,1731074557.1143382
2018-09-25,228.22339333,228.22339333,205.70929281,218.50075339,2033839487.826823
2018-09-26,219.08632858,221.39786936,208.68858426,215.60434213,1923346003.3618422
2018-09-27,214.81853329,231.16702994,211.20807897,228.56658799,1756496516.751723
2018-09-28,228.92124858,231.94711081,217.51972335,222.3291251,2077407208.6365564
2018-09-29,222.0430471,235.33953477,215.57728392,231.75412852,2094669615.6860034
2018-09-30,231.38818617,237.80552142,227.98867474,232.42222713,1915563572.79873
2018-10-01,232.69261988,234.94930102,225.88996194,231.14025762,1693750598.240262
2018-10-02,231.06920452,231.33317762,225.23206821,226.05520476,1471903397.4419377
2018-10-03,225.9307751,225.9307751,217.07824881,220.34325183,1621403714.3606157
2018-10-04,220.37247728,225.92821525,219.84157651,222.02091502,1544416386.8698673
2018-10-05,222.20010497,229.5321616,220.52173622,227.79317361,1419427289.1381767
2018-10-06,227.73937577,227.90717536,223.7110258,225.01666723,1330024661.85943
2018-10-07,225.04340064,226.57317488,222.24330928,225.74132844,1153885198.8350608
2018-10-08,225.99817549,230.8776694,224.14086668,229.38246018,1371710431.1573758
2018-10-09,229.48458917,230.21937305,226.61971049,228.0102789,1386440314.8000457
2018-10-10,227.95657053,227.99086162,224.28024958,226.06552872,1227078387.1052506
2018-10-11,225.92799846,225.92799846,190.90807724,191.93536042,1831121598.719099
2018-10-12,191.61003362,200.71359551,191.16388925,197.33947602,1685124034.534225
2018-10-13,197.19429978,202.13033877,196.66678171,200.94234658,1221661817.4277396
2018-10-14,200.91336749,202.74253782,195.25247391,196.34094129,1014050707.0644393
2018-10-15,196.44756631,230.8148513,194.64035731,209.15359773,2211207003.294767
2018-10-16,208.96449173,211.67447173,206.71093535,208.32063573,1931252482.1372712
2018-10-17,208.6894555,210.79761223,204.90770819,206.26364079,1358316920.5898592
2018-10-18,206.32445857,207.46343286,201.28185644,202.7638961,1218414288.6341982
2018-10-19,202.37742373,203.86913349,201.14753563,202.94087789,1155586144.814718
2018-10-20,202.94049529,205.26933835,201.96830065,204.20029143,1051407737.7694678
2018-10-21,204.25059165,206.66005824,203.88940911,203.9401922,976382245.0886424
2018-10-22,203.99950675,204.54895387,202.2329149,202.76192887,1089102079.5836136
2018-10-23,202.8726355,203.70761478,199.83076486,201.27568923,1166809767.632379
2018-10-24,201.27380299,203.47202577,199.98656246,200.08477721,1210534037.5705345
2018-10-25,200.04884335,202.21554863,198.92459672,200.30982653,1345230925.360697
2018-10-26,200.26183912,202.62890383,198.86385268,201.25260111,1158329832.1397765
2018-10-27,201.27206311,201.74037283,200.31024336,201.52642635,1085812764.2331572
2018-10-28,201.52335226,203.56717859,200.93693634,202.03834211,989519528.276143
2018-10-29,202.02276736,202.02276736,193.39462402,194.06833798,1150609656.0183504
2018-10-30,194.21720816,195.92588813,194.09840814,195.75194605,1254027584.4842854
2018-10-31,195.72419088,197.20300747,192.96703938,196.44116776,1203005401.169754
2018-11-01,196.53003072,199.27514722,196.13884768,198.41938743,1155212191.2372072
2018-11-02,198.47982576,203.02845915,198.34724556,201.3735566,1177911934.365654
2018-11-03,201.31131888,201.31131888,199.49045094,199.78413638,1125960020.9723594
2018-11-04,199.66662192,215.42197846,199.13290294,210.71075943,1284973175.8646996
2018-11-05,210.72924308,210.78073453,206.69356963,208.62092828,1545559633.636569
2018-11-06,208.47786179,217.5232184,207.16017633,217.36475524,1456994351.365503
2018-11-07,217.77776763,221.53356851,216.62125239,217.49351489,1697398408.5579987
2018-11-08,217.40399799,218.43027045,212.66223384,212.66223384,1479034532.0059187
2018-11-09,212.74213215,213.87410322,208.80676303,210.18069972,1448285590.2135742
2018-11-10,209.98891027,213.5336495,209.88376908,211.93618508,1254392662.6588717
2018-11-11,212.07854829,212.61628657,209.27784585,211.59029234,1202939246.2578251
2018-11-12,211.46298203,212.62413836,208.74973824,209.91632725,1241211074.9985888
2018-11-13,210.0358107,210.04200682,206.57942912,207.26693679,1180406434.6734567
2018-11-14,206.91545721,207.69616193,174.16365473,182.27577815,1602919926.94559
2018-11-15,183.27900166,185.23224466,170.63675046,182.01527074,2659668412.6429296
2018-11-16,182.13954278,182.96322632,174.16552982,176.32328828,1900410345.1501842
2018-11-17,176.50026957,177.43148906,175.07841454,176.80729283,1567509034.6159341
2018-11-18,176.91291994,180.45541991,176.78906228,177.91109371,1445180402.9572804
2018-11-19,178.32037288,178.49912628,147.71417886,150.55775007,1864120447.733283
2018-11-20,149.75529083,152.26895622,126.73219103,132.7065004,2536765871.770768
2018-11-21,132.33356309,140.95159809,126.51482866,137.10808876,2551877652.63666
2018-11-22,136.84737706,138.06805347,127.58928888,127.58928888,1636099258.4251084
2018-11-23,126.28407097,127.40971313,120.64545865,124.74110791,1572704411.7563164
2018-11-24,124.53780241,128.51114555,112.20992742,114.13525196,1342436024.9356327
2018-11-25,113.76974694,118.83086628,101.79609258,116.58999816,1764555937.2297678
2018-11-26,116.30796757,118.35362422,105.98256405,109.04526132,1753267538.1501122
2018-11-27,109.11866768,112.25614081,103.08465365,110.41637055,1649020217.5301347
2018-11-28,110.55866283,125.48778083,110.55866283,122.36700767,1893211802.757292
2018-11-29,122.53107275,123.54046459,115.70023987,118.20459597,1790181536.9299989
2018-11-30,118.34713737,119.74052674,112.14170775,113.60557573,1525135034.5359044
2018-12-01,113.77900497,120.21535056,111.87890021,118.69005809,1526268999.2371264
2018-12-02,118.6591846,120.36342438,116.44932717,116.71625608,1306527884.3148732
2018-12-03,116.87361516,116.99618084,108.12330303,109.1907228,1208557803.9987586
2018-12-04,109.21483303,113.36078343,107.86378198,110.32494492,1268020896.1510193
2018-12-05,110.39089656,110.82235789,102.97394969,102.97394969,1285323668.5973654
2018-12-06,102.87664096,104.42222485,91.62806804,91.62806804,1543625269.8780808
2018-12-07,91.55723977,96.03574677,83.41423768,93.10405307,1783558319.422962
2018-12-08,93.52695282,97.63477431,85.85820599,91.73317523,1643177151.054266
2018-12-09,91.31946553,98.64895441,90.10712901,94.20592993,1407856197.6988769
2018-12-10,94.12115983,95.36405914,89.30071079,90.63266689,1316699648.387462
2018-12-11,90.59665363,91.81963737,86.9014221,88.00382361,1170265913.5424683
2018-12-12,88.1276735,91.64550798,87.27585454,90.26954231,1243068789.547599
2018-12-13,90.30099482,91.31245142,85.67164223,86.46034934,1042971043.7159841
2018-12-14,86.62801878,87.28258957,83.12556708,84.24895349,1135480895.7207065
2018-12-15,84.26276512,85.38846337,82.40942563,84.40362298,1019840144.6059415
2018-12-16,84.38320547,87.60946657,84.38320547,85.46417275,987327768.6255012
2018-12-17,85.5055627,96.22559938,85.41429454,94.42817714,1124022982.9963515
2018-12-18,94.41321902,100.56261004,92.13840826,100.41540948,1554229107.2522264
2018-12-19,100.61429211,107.28741263,99.7523026,100.20258108,1904154585.7194219
2018-12-20,100.02772936,115.84479592,99.87385622,115.46720198,1991320986.106187
2018-12-21,115.41568704,118.91000073,106.87357373,108.87501129,2272403172.62244
2018-12-22,108.67645005,115.64099546,106.85463687,115.64099546,1772395075.8989222
2018-12-23,115.83841272,132.37411827,115.83841272,130.38651141,2572839962.94453
2018-12-24,130.29075446,157.35408803,130.29075446,138.79260883,3237647931.0298486
2018-12-25,139.92619563,140.01104312,123.99446923,128.61386579,2970830198.121985
2018-12-26,129.44430135,136.21967921,125.84178614,131.21467173,2375531057.6905565
2018-12-27,131.52828829,132.11177291,115.74472692,116.45919561,1939609514.4601755
2018-12-28,116.31426365,137.6975583,115.24790854,136.46160269,2119176444.7060041
2018-12-29,137.83795071,146.47870187,134.08342913,138.96412889,2640124941.4670568
2018-12-30,136.90645579,140.43688282,133.6278988,139.70031624,2445660991.054114
2018-12-31,139.78824219,140.05425426,132.259592,133.26031253,1886464174.3731813
2019-01-01,133.1559191,141.30560455,132.76093647,140.55001467,1710779199.3573494
2019-01-02,140.89442592,157.06378371,140.73742032,155.89841378,2263167764.1621857
2019-01-03,155.09162619,155.77191507,147.29707469,149.49390555,2579074392.2917185
2019-01-04,149.57347007,157.23944851,148.24983356,155.59127836,2620928857.314551
2019-01-05,155.43507462,161.7811323,153.08028443,157.27083723,3018437389.423015
2019-01-06,156.76089892,160.11818086,152.70948927,157.77038307,2676833608.1251955
2019-01-07,157.66536933,158.42017503,151.20130972,151.88440907,2523270426.240165
2019-01-08,152.09578434,153.40317427,148.85988557,150.38652766,2013179883.7257843
2019-01-09,150.37954727,153.63616837,149.97036327,150.77283622,1960519138.4122663
2019-01-10,150.65873985,151.70479954,125.70416857,128.71428758,2308224297.747942
2019-01-11,128.15206475,129.99042264,124.62738955,127.34759371,2439262060.5631547
2019-01-12,127.86800599,128.82839052,125.85160593,126.48553033,1838285009.7401636
2019-01-13,126.61762279,126.74817991,116.23297937,117.15406422,1546456642.2125654
2019-01-14,117.00382997,131.11011686,117.00382997,129.54772567,1954458503.612276
2019-01-15,129.35469294,130.65249492,120.45723154,122.40638671,2226526615.9393663
2019-01-16,122.36044524,128.17438663,121.72281317,123.97741216,2316121239.7872787
2019-01-17,123.80170086,124.47046538,120.95845961,124.13449797,2054761547.690753
2019-01-18,124.06644313,124.2286327,120.11161133,120.6617994,1879225864.9937499
2019-01-19,120.81156208,126.27389551,120.81156208,124.88021697,1843914504.5272326
2019-01-20,124.65918491,124.96001688,117.91274968,118.83148731,2112369823.4152548
2019-01-21,118.74556231,122.22849561,116.13919441,118.09129206,1925177416.6819813
2019-01-22,118.22351098,120.3524953,114.42541382,119.21022265,1689532484.4199374
2019-01-23,119.08192341,120.97695471,116.79025347,117.95657538,1550348613.198577
2019-01-24,117.97429834,118.5745412,116.25342757,117.5102542,1479354784.8299544
2019-01-25,117.5549516,117.81612084,115.70547276,115.98314422,1440967429.8410373
2019-01-26,116.04643541,117.80938108,115.86994749,116.10985359,1450181874.888547
2019-01-27,116.06952163,116.24086986,113.12766911,113.15577411,1456026371.7959633
2019-01-28,112.989435,113.32588143,102.6164437,106.31658172,1767739978.486884
2019-01-29,106.34660691,106.81227909,103.62405137,105.4823319,1757342922.2691438
2019-01-30,105.4457378,109.58960214,104.62263365,108.63397269,1557630267.4603288
2019-01-31,108.54570397,110.44412967,106.14559894,106.65134329,1599892821.6337695
2019-02-01,106.71837729,107.92012416,104.4367288,107.36236181,1429073741.0028377
2019-02-02,107.08256814,110.16496948,106.46365333,110.16496948,1285078414.4847364
2019-02-03,110.0376114,110.54743699,106.12972686,107.14159385,1342594001.192098
2019-02-04,107.13478409,108.80167544,106.83484179,107.59171178,1405281072.2425253
2019-02-05,107.41636798,108.20478155,106.04100133,107.23033826,1424517638.168336
2019-02-06,107.38463352,107.51305371,102.66112489,104.74113199,1460412140.5773447
2019-02-07,104.73724148,105.5004751,102.7147766,103.99266175,1366267189.162889
2019-02-08,104.11295747,121.22210417,103.59540867,118.49689961,1615769141.2341454
2019-02-09,118.36438929,120.02440902,117.21166914,118.93722291,2134300361.4435751
2019-02-10,118.71831216,124.42594857,116.09798492,124.42594857,1571836615.530898
2019-02-11,124.18472086,124.18472086,119.07914996,120.32493016,1929140742.7532148
2019-02-12,120.36901407,122.48454588,118.37271196,121.57463515,1783731348.4490042
2019-02-13,121.48433369,124.62924774,120.53028221,121.31891597,2025110848.5540957
2019-02-14,121.22772734,123.40887947,120.21269853,120.311254,2023629297.2071369
2019-02-15,120.13489626,123.1216133,120.08320138,121.37934692,1644181229.3095605
2019-02-16,121.37771757,123.95054528,121.26620161,122.20499672,1568200890.8192818
2019-02-17,121.99205039,133.18112429,121.99205039,132.74285941,1651482832.2037444
2019-02-18,132.4129874,146.38748344,131.63732914,144.08305094,3149732055.6377926
2019-02-19,144.16354514,147.97122727,142.81862189,143.00048667,3730183250.789848
2019-02-20,143.01919397,147.1236667,140.40992515,146.58000587,3153860002.042667
2019-02-21,146.50414456,146.78114877,142.3760113,143.88504113,2888730852.2994833
2019-02-22,144.19464049,148.13368392,141.9710634,147.95032004,2692896891.436508
2019-02-23,147.78232788,158.62950809,146.31546724,157.9791245,3111615075.168036
2019-02-24,158.16784716,164.54564575,136.3990043,136.3990043,4482864702.334133
2019-02-25,134.8861441,142.11009971,134.70722144,139.50755495,4884696183.350093
2019-02-26,139.45164005,139.54366412,136.08725064,137.51629978,3546778404.060768
2019-02-27,137.50726908,140.58109307,131.56733539,135.8309641,3041459964.848482
2019-02-28,135.85987974,138.40472482,135.34720036,136.6213791,3773429412.957731
2019-03-01,136.49269046,137.9703919,135.48572131,135.64861855,3155305081.1659694
2019-03-02,135.67756644,136.14330023,131.51086863,133.52379706,2870342896.298243
2019-03-03,133.40998054,135.42060028,132.07926313,133.46149577,2834338008.67002
2019-03-04,133.24670145,134.81237677,125.67988777,127.1579461,3219195831.518332
2019-03-05,127.21449128,137.41917577,126.80266088,136.39870582,3435325501.429504
2019-03-06,136.73947886,138.9860056,135.11389027,137.92875557,4019349632.798695
2019-03-07,137.9088863,139.57733588,136.4765651,137.28234292,3420718743.021457
2019-03-08,137.3337644,138.26138007,132.65710748,134.16646122,3327505390.344035
2019-03-09,134.15422237,137.96071704,133.81028989,136.85454677,3687813182.224435
2019-03-10,136.9441725,137.04441613,134.30893456,135.28075619,3506562930.6438975
2019-03-11,134.92754534,135.43821559,131.81472223,132.75264627,3360866574.774294
2019-03-12,132.94863197,135.18074884,131.17584575,134.24634888,3797863100.021549
2019-03-13,134.27744191,134.27744191,132.46806804,132.86257686,3394763231.26127
2019-03-14,132.95458203,134.46414294,132.04372332,132.9102016,3272754082.9561386
2019-03-15,132.85104331,137.79474961,132.85104331,136.6245225,3679339831.1566086
2019-03-16,137.15316067,143.83303478,137.15316067,141.77691178,3886132351.688901
2019-03-17,141.57895639,141.57895639,138.32971186,139.18373462,3119091782.1273866
2019-03-18,139.23904839,141.59755111,137.9901975,138.99948985,3288358928.248401
2019-03-19,138.76529729,140.06398642,138.27803011,139.3216105,3169520414.3767657
2019-03-20,139.22393328,140.53859969,137.55604235,140.50151471,3183007323.385169
2019-03-21,140.3753152,140.90595194,136.01051118,136.47293899,3331529232.175447
2019-03-22,136.35493879,138.00322501,136.14608552,137.1604121,3313013222.062026
2019-03-23,137.07453634,139.1150196,136.90202284,138.38349082,2999056674.3347187
2019-03-24,138.38573758,140.00385077,136.75265002,137.35446283,2829391900.5308356
2019-03-25,137.31873762,137.89107579,133.95121727,135.18957596,3003064758.281174
2019-03-26,135.11146171,135.93844368,134.31302496,135.35550061,3199827792.0930853
2019-03-27,135.4483792,140.67504189,135.38861724,140.44681074,3798999620.4559064
2019-03-28,140.22008401,140.22008401,138.42493531,139.2356219,3691726013.79134
2019-03-29,139.24381467,144.01223401,138.65979904,143.94021441,3568558515.196274
2019-03-30,144.00350782,146.20579179,143.35791004,144.33809833,4090730543.602183
2019-03-31,144.40446499,145.26266048,143.14297987,145.16910353,3395872551.3448877
2019-04-01,144.9115312,145.83403996,142.49173559,143.48969475,3481323393.9329267
2019-04-02,143.31909344,166.04993828,143.2544162,164.61335449,5778739533.082408
2019-04-03,164.49017476,177.34833015,156.91050512,161.19879255,8949938751.66271
2019-04-04,161.56390936,164.64790398,155.15833149,158.37915329,8500528814.400275
2019-04-05,158.35535822,167.02238176,157.80982489,165.59446754,6309018614.737087
2019-04-06,165.5679353,172.55586766,162.10372347,166.25461644,5391018667.036327
2019-04-07,166.44801031,176.30588073,165.72251309,175.46339035,5998646150.940531
2019-04-08,175.47239553,185.7255677,174.61355154,181.48221452,7941262216.304368
2019-04-09,181.01108654,181.01108654,176.09770069,176.96382039,6723283535.222396
2019-04-10,176.86264791,183.96576513,175.80797042,177.37753686,6084320690.463292
2019-04-11,177.82838299,177.82838299,163.33500439,165.45044233,6677513665.445187
2019-04-12,165.17265409,167.61433627,161.80398952,164.6933926,5576125380.280075
2019-04-13,164.40274544,167.2745925,164.17079343,165.56758633,4245773715.7983813
2019-04-14,165.47995839,169.62075616,163.86978764,169.06936308,3662600531.8076153
2019-04-15,169.1631706,169.96384173,160.85028843,163.26429131,4231083043.089738
2019-04-16,163.08524457,169.79389583,162.6713549,169.79389583,4349635507.000788
2019-04-17,169.4856053,170.7593348,167.28890307,168.44513011,4252171914.2716227
2019-04-18,168.40268521,176.32586696,168.03602324,174.76711006,4994550596.68359
2019-04-19,174.90169722,175.01012606,171.87386531,174.80091008,5053026462.106118
2019-04-20,174.86085568,177.25034048,173.48084115,175.2829256,4891869028.842463
2019-04-21,175.42200797,175.90451169,169.2016153,171.69622756,4664753305.748374
2019-04-22,171.36934535,174.0020048,170.38677381,173.33785526,4734656562.923041
2019-04-23,173.4829877,178.41157868,171.87557523,172.66048808,5368332860.585645
2019-04-24,172.45504345,172.83481455,163.25146232,167.08992744,5739301122.120239
2019-04-25,167.19885761,167.44263465,155.27149546,155.27149546,5200875570.157837
2019-04-26,155.40673443,157.584506,151.84056167,156.35032772,6028505499.51526
2019-04-27,156.58421265,161.10832794,156.05367634,159.00943914,4773705622.529203
2019-04-28,158.96779729,160.13456346,156.9229023,158.05498381,4119006403.646242
2019-04-29,158.04737553,159.23117575,153.53993396,155.44586689,4259256041.666502
2019-04-30,155.42443784,161.17293717,155.14448737,160.7525678,4851252609.452793
2019-05-01,160.87129448,162.47759843,159.20281512,160.6199526,4464409319.353016
2019-05-02,160.62897623,162.76790456,152.4602923,161.86748247,3996835915.337539
2019-05-03,161.70381352,169.84752234,160.28562738,167.01291046,5058596058.361498
2019-05-04,166.9838685,169.9378721,161.35685566,163.39977019,5328014652.967513
2019-05-05,163.4251757,164.59939525,160.21305619,163.04753352,4810462148.168879
2019-05-06,162.94526336,175.7830793,160.11906094,173.26010126,4877656549.604196
2019-05-07,172.72063432,180.64746869,170.17762089,170.17762089,6194012949.402336
2019-05-08,169.88235661,171.96325084,166.83749094,171.14139788,4660471000.092352
2019-05-09,171.09928322,172.96643969,167.6568156,171.14953,4315110648.550539
2019-05-10,171.15315073,176.23347419,169.96956312,173.85110531,5143540355.959924
2019-05-11,173.89285344,204.17610996,173.89285344,195.86257626,8390736884.632514
2019-05-12,194.23933243,202.83412425,184.77184261,188.53231028,10649499828.124598
2019-05-13,189.1340838,204.83259257,187.26123802,196.47763931,8403670327.855333
2019-05-14,196.24102114,219.18215414,195.57320016,218.766642,10296656313.320494
2019-05-15,217.80313829,247.56586594,217.80313829,247.20250636,11013751391.447033
2019-05-16,246.76097663,276.32959011,246.61542143,264.95290622,14704896429.250452
2019-05-17,265.34881098,267.41495532,228.93580322,244.62124347,14089565313.859941
2019-05-18,245.48576095,248.3111532,235.80910823,236.72873088,10337451488.453962
2019-05-19,236.29515673,263.86603708,236.05778767,261.84176114,8863725635.89
2019-05-20,261.32369484,261.32369484,243.68158058,252.28261862,8214496301.578884
2019-05-21,252.71557759,262.83728122,249.21464438,255.97712341,7227460884.63441
2019-05-22,255.27869153,258.30718767,246.16990345,247.19120238,7524015000.205362
2019-05-23,246.8429914,249.53981007,234.90020431,246.86684581,8055606331.6016655
2019-05-24,247.32924222,254.80846282,244.66715929,250.33017737,7657291391.191092
2019-05-25,250.62357588,258.34165241,249.70658145,253.81699245,7236795924.58195
2019-05-26,253.59653877,270.48778487,249.13978758,269.35320577,6384285254.779485
2019-05-27,269.4916989,280.48532662,264.92765806,274.71763035,8454225694.566435
2019-05-28,273.74762739,276.69242011,268.00294154,271.80451759,9193517531.537848
2019-05-29,271.76871076,274.18947939,265.20632315,269.90430238,7611509034.926825
2019-05-30,269.93354544,286.94859374,251.97825708,258.58621894,9024766264.886787
2019-05-31,257.05333416,269.03177434,251.05717279,268.87296246,10066197447.382662
2019-06-01,269.29582508,274.62460504,265.23102265,267.06596338,7977278887.273548
2019-06-02,267.0886276,273.44771329,266.61236852,272.24752876,6921531482.380159
2019-06-03,271.76436943,272.35708621,257.43859195,258.25750862,6724333806.1179085
2019-06-04,257.66800194,257.66800194,239.58116274,243.15775105,7652198628.439304
2019-06-05,243.69484711,248.8909069,241.5077559,248.2146092,6980523306.692952
2019-06-06,248.1720706,249.9757906,240.0145884,249.839789,6113027959.254672
2019-06-07,249.49117986,253.75180854,246.81223433,252.08014379,6612465716.938997
2019-06-08,251.53470006,252.56812389,244.67376851,246.21802179,5651697472.709681
2019-06-09,246.18288129,246.51311775,232.87614329,234.69060383,5421673854.639995
2019-06-10,234.61005286,247.52957573,232.05449469,247.19438502,6130006834.434282
2019-06-11,247.68962003,248.82163645,240.71409688,246.77855969,5671796117.259338
2019-06-12,246.9549046,261.18188984,245.7514534,261.18188984,5714916374.855132
2019-06-13,262.40226171,262.91437974,256.81712324,256.98637445,6511712419.193263
2019-06-14,257.11057528,266.12865705,255.48033397,264.81890705,6473886574.95765
2019-06-15,264.80445323,272.7803023,263.31548102,269.95222054,6411858788.816692
2019-06-16,270.08669926,279.8520194,267.16627556,270.53511908,6772330213.307558
2019-06-17,270.12956188,275.13464989,268.45739313,273.99885712,7071993752.33036
2019-06-18,274.14067414,274.14067414,264.13290302,266.29705428,6598080080.098415
2019-06-19,266.36289344,271.52780091,265.69439282,270.61085982,6343775039.235912
2019-06-20,270.75169846,275.57509847,269.74493795,273.81880511,6012848992.648495
2019-06-21,273.97050111,296.47865505,273.97050111,295.45221043,8935455819.310596
2019-06-22,296.61265343,314.40486617,295.66887821,310.77313195,11000118279.019684
2019-06-23,310.14345738,317.54339806,306.60097225,309.51285847,9620285110.70027
2019-06-24,309.38298332,312.27716316,301.68115009,310.78170495,8673657038.769304
2019-06-25,311.19094078,319.0686419,309.60023223,319.0686419,8546820059.612828
2019-06-26,318.4888132,365.13300549,317.57849334,340.24715515,12167712763.53695
2019-06-27,340.52367068,346.73823887,281.71881412,296.57514396,15300814430.17657
2019-06-28,297.87413476,314.06206888,295.65797849,312.91087213,12729255820.058699
2019-06-29,313.41592859,325.89933978,297.70068821,325.89933978,9787561297.848698
2019-06-30,323.76196725,327.56677164,292.52756611,293.53924305,9718622169.236181
2019-07-01,293.06009199,302.93168334,281.59483966,295.63907085,9390017410.5035
2019-07-02,295.22787591,297.24773084,274.58190735,291.56421771,9552846211.051733
2019-07-03,291.91994977,302.54944694,290.64173902,302.31373072,9045516170.43499
2019-07-04,302.02327577,302.82957988,283.49112134,284.1868159,8100518110.445094
2019-07-05,284.31314852,295.20090278,283.25862979,288.16076913,8114325899.760335
2019-07-06,288.15631805,296.36378219,287.82093612,288.95443992,7725674248.157011
2019-07-07,289.07720935,308.60576551,286.93627145,305.54216161,7693813201.565975
2019-07-08,305.37825264,312.77477181,302.56217572,311.98013493,8369857782.225413
2019-07-09,312.26142946,317.32262378,305.29543512,308.78082756,9053035283.842653
2019-07-10,308.94393977,314.39747166,285.72118207,290.32255048,9858169417.332247
2019-07-11,289.82328473,289.82328473,265.46661061,269.08100184,10773732260.93739
2019-07-12,269.51527948,278.46953309,268.07381949,275.10980426,8985051588.564054
2019-07-13,275.14212275,275.45337875,264.01981781,269.90870129,7250712122.819975
2019-07-14,269.4992604,269.81746356,227.86909808,227.86909808,7539894753.299666
2019-07-15,226.63472587,235.1584262,211.08570845,229.54408098,9764818336.366116
2019-07-16,228.97691116,234.0903152,197.58459219,199.90356062,8197196288.246301
2019-07-17,199.23570246,217.70840735,194.17766651,210.4398783,9581428004.705526
2019-07-18,210.78978508,228.13812763,206.95062153,225.57545865,9412277964.681892
2019-07-19,225.93941951,226.06933593,215.16139418,220.80363816,8471926010.466082
2019-07-20,221.03272012,233.6564757,221.02388104,228.60898355,8013600923.666653
2019-07-21,228.4858072,229.29203471,219.13127017,225.94354725,7135577663.295902
2019-07-22,225.76292656,227.14309712,213.96578011,217.47200045,6219542111.837949
2019-07-23,217.60852942,218.53178317,209.59539218,213.29151182,6330993277.973889
2019-07-24,212.69920634,217.45446287,203.73971942,216.85152301,6666853639.303433
2019-07-25,216.30168107,224.25914537,215.90066979,219.45187307,6868087935.434915
2019-07-26,219.33200321,219.54191877,213.97474268,219.26072545,5711358612.080259
2019-07-27,218.93429579,222.8174714,205.10567528,207.06530658,6981947466.717804
2019-07-28,207.71352387,212.62491728,201.54181318,211.14790547,16283505659.577732
2019-07-29,211.35215616,213.9942774,208.90730469,211.19829922,5508949369.602169
2019-07-30,211.35747254,213.05194725,206.82148087,209.79970468,5244294987.224071
2019-07-31,209.94663401,218.43752245,209.75505227,218.43752245,5464307059.402911
2019-08-01,218.31966544,218.37759397,212.53955177,216.68290446,5516573667.492801
2019-08-02,216.75081274,221.19470324,215.47338706,217.70730321,5524686465.355532
2019-08-03,217.57684436,223.31117783,216.93009056,221.74362917,5727455830.981275
2019-08-04,222.02006037,222.81433136,217.78415782,221.6653725,5100419947.724614
2019-08-05,221.51331709,234.35097505,221.51331709,232.39251031,6427602361.982552
2019-08-06,232.47208038,237.38210247,223.24054321,226.44504526,7132162229.104015
2019-08-07,226.04102894,230.24958856,222.55847192,226.06315303,6671779837.980464
2019-08-08,225.77988422,226.03548496,216.86307827,221.34413219,6668603122.670085
2019-08-09,221.25542959,221.40566098,208.19735261,210.55056921,6783402266.336526
2019-08-10,210.49675568,213.79991754,204.05179642,207.08312216,6699595851.188518
2019-08-11,206.884558,216.91885284,206.82353643,216.91885284,6335289275.420029
2019-08-12,217.01941892,217.01941892,211.24592599,211.64017642,5932637394.644413
2019-08-13,211.61498763,211.69129631,205.7860966,208.88041846,6804495705.858498
2019-08-14,208.74248569,209.52161487,186.81209828,186.81209828,7638996336.93346
2019-08-15,187.70317938,190.00533763,177.42745832,188.45744289,8414802604.024745
2019-08-16,188.72383046,188.79841745,182.26519839,185.79647223,7613318325.6076975
2019-08-17,185.73458275,187.22249891,183.88213932,186.45540125,6271292363.807946
2019-08-18,186.44912984,197.53036991,184.75834017,194.30106374,5944419248.43544
2019-08-19,194.35977579,203.19606948,193.15342063,202.99914738,6107223830.366688
2019-08-20,202.56385377,202.71567426,195.79100537,196.9058139,5941080291.037663
2019-08-21,196.77037578,197.15826063,183.32929675,187.49262497,7106692603.634695
2019-08-22,187.88380033,194.68857435,184.37428963,191.88837033,7519739846.714068
2019-08-23,191.39532825,195.8074668,189.87988097,194.10853417,5788291845.383645
2019-08-24,194.11516014,194.11516014,187.10529649,190.78807928,5073679596.794246
2019-08-25,190.69010931,192.00380831,185.59200601,187.74894238,4848420452.407792
2019-08-26,187.95190665,193.65860652,187.5651371,189.697063,6151213839.322331
2019-08-27,189.67769562,189.72487868,186.65856259,188.62979754,5663790695.291187
2019-08-28,188.70682195,188.70682195,170.44260533,173.83116073,5217329704.88642
2019-08-29,173.75311365,173.75311365,165.85165171,169.04737685,6724663099.2971735
2019-08-30,169.18170923,170.58567141,166.91634232,168.55442495,5840482713.887757
2019-08-31,168.65315312,174.1584233,167.21546573,172.19564224,5620892279.8827505
2019-09-01,171.97151987,173.54082841,169.02706171,170.81712145,5214989688.363654
2019-09-02,170.93164069,181.11309157,170.33506934,177.95927004,5513791318.125925
2019-09-03,177.975413,182.79922009,175.4396212,178.9140596,7100471443.327249
2019-09-04,178.77873838,180.39603713,174.78324442,175.57580082,6364989150.309939
2019-09-05,175.42354922,175.82296929,171.47467069,174.31923114,5472956445.865444
2019-09-06,174.06869011,177.67326684,168.02118004,169.57848375,5676953569.389976
2019-09-07,169.30854365,179.90920458,168.97035965,177.74556602,6674515345.4811735
2019-09-08,177.52078823,182.73955448,177.52078823,180.70368913,6839726960.494929
2019-09-09,180.83333648,183.75663554,176.61756638,180.74146536,6312614888.00962
2019-09-10,180.51332656,183.31004613,177.6324978,179.6018164,6398917079.161021
2019-09-11,179.55869618,181.14184329,175.59689767,177.98021141,6265749737.006505
2019-09-12,178.14920059,181.45177301,177.0570945,180.39874461,6445102743.696219
2019-09-13,180.50768352,180.96788735,177.61874948,180.77819085,5434477157.219594
2019-09-14,180.67016721,187.79353009,179.81062758,187.61206497,5784043067.011164
2019-09-15,187.59417386,189.2708588,185.78870346,188.63888452,6617953983.893294
2019-09-16,188.64582986,197.49075965,188.64582986,196.3925824,6713752893.19923
2019-09-17,196.54085602,213.35867071,195.56215047,208.17792363,8544142426.3932085
2019-09-18,207.38142506,215.87830744,207.38142506,210.36213958,10107522638.551949
2019-09-19,210.27696715,222.64939104,203.58295488,221.7868268,9016873172.678442
2019-09-20,220.51625305,220.8242633,214.46098522,217.98812402,9045538020.531872
2019-09-21,217.56426229,220.51434442,214.29941798,215.07493951,7467570785.422125
2019-09-22,214.96162553,215.10463664,206.4417458,210.65869495,7420790159.696875
2019-09-23,210.45193048,210.61085964,200.26650856,201.37386982,6884987385.6667185
2019-09-24,201.40012444,202.92253975,157.9094308,167.99665093,8185654749.178117
2019-09-25,167.12250031,174.60759762,163.24805422,170.06436258,11490959156.715502
2019-09-26,169.95995436,170.756328,156.73366203,165.86610391,7989744173.546797
2019-09-27,165.82310731,175.15402401,162.12830735,173.23454637,8260074913.662767
2019-09-28,173.3717767,174.69871864,169.45234498,173.89941593,7529915903.606292
2019-09-29,173.92842287,174.3502596,165.72449248,169.83780383,6800903755.303086
2019-09-30,169.59937561,179.14694544,165.80928842,179.13534524,7073942564.539097
2019-10-01,180.14039394,184.90537912,174.91742099,176.29939651,7836189818.730571
2019-10-02,176.10906414,180.02160555,174.32102588,179.95722491,6920745239.254579
2019-10-03,179.94424275,179.95711531,171.31638301,174.69064332,6252476276.599628
2019-10-04,174.60538392,178.22388908,171.61931021,175.9007977,6319550458.947748
2019-10-05,175.71520879,176.48534068,172.60316139,175.62476412,5980353586.710095
2019-10-06,175.91768433,176.22220109,168.87971016,170.57683827,5707562955.829856
2019-10-07,170.56400062,181.57761616,169.25512427,180.28195699,6597205588.704974
2019-10-08,179.97744662,183.95460942,177.93850817,181.02646506,7647627477.317363
2019-10-09,180.88539502,194.12628631,179.77693922,193.44805653,7520823494.288502
2019-10-10,192.72319363,193.74586947,188.16281702,191.16172517,8891085197.907278
2019-10-11,191.24502709,195.19935973,180.26384851,180.77054724,8622637488.633896
2019-10-12,180.8422729,184.49337699,179.60390056,180.40312756,7835451166.916121
2019-10-13,180.08006091,184.39411366,179.63720717,181.60654156,6561848411.885357
2019-10-14,181.47484151,186.65622354,181.12344725,186.4896919,6551175949.720896
2019-10-15,186.56656686,187.4757165,178.77777497,180.80710846,6862348467.049092
2019-10-16,180.77947142,180.91687526,173.19731049,175.22731005,7031241990.224949
2019-10-17,174.88699464,178.40574727,173.26675421,177.24389382,6696472747.58756
2019-10-18,177.32568395,177.33734172,170.6545373,172.97087045,6593498480.787731
2019-10-19,173.00886988,174.63298646,170.99360266,171.90167095,5975720484.544282
2019-10-20,172.02652748,176.06451044,170.02495997,174.89374109,5894252681.396081
2019-10-21,175.12956077,177.18746861,172.42604432,174.27004196,5820955137.917077
2019-10-22,174.32877907,174.9432079,171.21460965,171.41570861,5892549428.158201
2019-10-23,171.42852182,171.55183107,155.83832371,161.47013209,7081887410.685801
2019-10-24,162.0600644,163.26787187,159.55410789,160.81979532,7949068133.042797
2019-10-25,160.78068885,184.04271881,160.71554423,181.30103343,6827405926.556032
2019-10-26,181.4218545,196.21207228,175.04590425,179.59507702,13227181231.384052
2019-10-27,179.65084159,187.75554828,177.00252855,184.18788704,10235813555.38932
2019-10-28,184.00137327,188.13560076,181.05607098,182.27807667,10693021439.506447
2019-10-29,182.10332198,191.51255598,182.10332198,190.05867659,9373341113.604424
2019-10-30,190.05198652,190.73816143,180.94191408,183.88322147,10153760425.171867
2019-10-31,183.92714825,185.45531389,178.92855848,182.88661541,8995741443.76789
2019-11-01,182.68583635,184.47781722,180.34854863,183.44707405,8582765813.1572895
2019-11-02,183.4601959,185.05077931,181.92587065,183.21916656,7988418578.207545
2019-11-03,183.19478866,184.47890743,179.93195401,181.98225137,7690930952.014855
2019-11-04,181.92241497,187.61163092,180.75339105,185.8042267,8175927007.012626
2019-11-05,185.75918709,190.49760001,183.20331481,189.02880736,9360580795.038311
2019-11-06,188.57339164,193.19165112,188.00789971,191.11782478,9499942341.45774
2019-11-07,190.82352305,191.68148934,185.61155806,186.84760904,8343708486.717861
2019-11-08,186.83456078,187.97216947,182.30435317,183.85516566,8010937512.747642
2019-11-09,184.02497969,185.70636012,183.19175701,185.07773357,7535387683.288486
2019-11-10,184.94465303,190.28959914,183.6648404,189.0494074,7199270220.08484
2019-11-11,189.0499076,189.93751886,184.41759332,184.87812611,7382574261.154908
2019-11-12,184.93802778,186.93504835,183.33887608,186.73246504,6653371295.181258
2019-11-13,186.78256781,188.56364036,185.2825356,187.99895795,6516147758.691796
2019-11-14,188.00732263,188.3199788,183.97347564,185.00435687,6774370284.863886
2019-11-15,185.02273708,185.46618345,178.52764758,180.01438233,7378098671.787049
2019-11-16,179.94335844,183.03965493,179.54904474,182.30005242,6688434252.631948
2019-11-17,182.2119088,185.08186424,180.74167593,183.6677815,6053620548.796902
2019-11-18,183.62461008,183.75064087,176.54459477,178.42385563,6124222208.578948
2019-11-19,178.35185703,178.35185703,173.28064103,175.62428378,6738091073.013142
2019-11-20,175.76398258,177.07461169,174.08223669,174.8441797,6287646623.460049
2019-11-21,174.7949367,175.56061768,158.94671191,161.15824111,6400281678.955653
2019-11-22,161.15840982,162.77709772,141.70148144,150.0190139,9204689232.944147
2019-11-23,149.73406228,153.39692841,146.69852065,151.75295791,9046499373.100199
2019-11-24,151.62150375,152.29050785,141.48128952,141.48128952,6540397846.681918
2019-11-25,140.95721953,150.64479655,133.13178681,146.3469766,8640508455.403389
2019-11-26,146.03096886,149.43984962,144.47571369,147.66830129,7459502845.484405
2019-11-27,147.47903418,154.93444861,141.65310074,152.4817272,6346987334.476215
2019-11-28,152.53512915,154.22065263,150.07338337,151.13501271,6628467586.922915
2019-11-29,151.01976323,156.6691868,150.89239495,154.39352949,5605980993.165616
2019-11-30,154.48901159,154.92627015,150.27408448,151.69359467,5462162569.823261
2019-12-01,151.66773107,151.66773107,146.49426614,151.06243393,5521671125.32272
2019-12-02,150.79173584,151.15715426,147.10244438,148.71888892,5106586710.384202
2019-12-03,148.64776969,149.46919077,146.68118503,147.30324218,4713981349.253929
2019-12-04,147.18867142,150.00057345,143.84234581,145.66431108,5235972891.854755
2019-12-05,145.47714422,148.35795246,144.27419716,147.60613576,5862981080.088205
2019-12-06,147.90909546,148.54901237,146.23742575,148.17670365,4779818871.99932
2019-12-07,148.24524605,148.98457554,146.93734162,147.11375657,4553245415.020362
2019-12-08,147.15261056,151.14073414,146.35256727,150.2899153,4345839580.517152
2019-12-09,150.23181805,150.7446818,146.8969748,147.40150695,4961174296.747747
2019-12-10,147.38796102,147.60779792,144.31305394,145.70317077,5003078649.898266
2019-12-11,145.61676262,146.20879786,142.59935892,143.41493652,5242037433.8160925
2019-12-12,143.46874733,145.50511963,140.81529557,144.91525554,5695511595.858697
2019-12-13,144.8501638,145.1137863,143.49826567,144.66709606,5365873224.134655
2019-12-14,144.75397058,144.89953344,141.46653333,141.96508024,5208495696.244988
2019-12-15,141.90626292,143.37601749,140.35754878,142.44427523,5119828492.244971
2019-12-16,142.51936016,142.54004241,131.64315052,132.88216213,5277124971.226064
2019-12-17,132.760383,132.88419529,120.98155612,121.78305872,6985932484.218271
2019-12-18,122.00159893,133.02471546,117.67392092,132.79820565,8815170917.996925
2019-12-19,132.69038302,133.54640736,126.17782516,128.08681353,8684228686.392006
2019-12-20,128.06254228,128.70767145,126.55564229,128.39159689,6386503160.106705
2019-12-21,128.35090625,128.38328795,126.98575185,127.05353467,5711451612.042866
2019-12-22,127.13253036,132.58582073,126.91892091,131.93510839,5953209705.529324
2019-12-23,132.06287189,134.5751592,126.70244644,128.0285682,7353711285.807458
2019-12-24,128.02311911,129.27042593,126.99668584,127.78795531,6461657576.627885
2019-12-25,127.8875333,127.8875333,124.0037621,125.20367844,6045579382.375204
2019-12-26,125.22056597,131.25134649,124.57829738,125.74001877,5955123572.673676
2019-12-27,125.74510471,126.68013334,123.26728259,126.34094423,6952737608.303305
2019-12-28,126.3171618,129.33448048,126.02329541,128.23434654,6360481401.0904045
2019-12-29,128.20302612,136.21941739,127.72813623,134.25381468,6933106919.965789
2019-12-30,134.29783598,135.9339026,130.58700963,131.65028598,8674710935.521643
2019-12-31,131.70331615,133.06449621,129.03008551,129.83525009,7739192042.690837
2020-01-01,129.7688408,132.62739051,129.36980825,130.91654557,7036988925.172684
2020-01-02,130.95507734,130.95507734,126.91316064,127.11775925,6690036711.347696
2020-01-03,127.11714147,134.22863941,126.09144968,133.67536875,7715596550.355361
2020-01-04,133.83559883,134.93079162,132.6482393,134.04970191,7986617479.617298
2020-01-05,134.05499148,137.89670474,134.05499148,135.26691123,6731959407.653085
2020-01-06,135.46680229,143.90600256,135.12090721,143.90600256,7771586736.179305
2020-01-07,143.94002886,144.88685467,139.4911167,143.17235685,8884321399.851458
2020-01-08,143.03885002,147.05000408,137.55232854,140.93429056,9485569495.645624
2020-01-09,140.59395962,141.11760626,135.95601551,138.02859513,8407091301.869274
2020-01-10,137.81504859,144.41254771,135.76901795,144.41254771,8457837520.577541
2020-01-11,143.83819839,147.03852846,142.17189259,143.02101282,9048431075.987444
2020-01-12,143.08355048,145.37548904,142.22887751,145.22511439,8263400554.169983
2020-01-13,145.9727767,146.32330303,142.576668,143.85083952,7169395337.501765
2020-01-14,143.59734669,168.02639254,143.59734669,165.95854875,10369374512.100431
2020-01-15,165.65824844,170.8134882,149.83160648,165.80488175,16747466657.103539
2020-01-16,166.11187211,166.92197286,159.11022196,164.02114271,11163152078.07459
2020-01-17,164.35244995,173.11456525,162.46164576,171.31372806,11738055791.02523
2020-01-18,170.42236226,178.52760939,166.57075006,175.45327915,12549934347.486732
2020-01-19,175.42438122,177.34688088,162.95692939,166.81686096,12273014553.100937
2020-01-20,166.87934105,168.89764044,161.68619496,166.91356917,9735039230.542019
2020-01-21,166.74061099,169.57549657,165.45731334,169.545106,8910265391.380821
2020-01-22,169.3309492,170.91948946,166.30537737,168.08898267,8577764785.13957
2020-01-23,168.03137372,168.03183965,159.87698764,162.70611955,8251095643.532079
2020-01-24,162.80469624,163.98547349,156.05802211,162.47967871,8486145509.029683
2020-01-25,162.49536058,162.51646431,158.08906695,160.83447063,7617282553.042113
2020-01-26,160.48994123,167.61964642,159.7924691,167.46781331,6683902752.820203
2020-01-27,167.63377754,171.59488334,165.75688026,170.0453863,8467590810.830523
2020-01-28,170.00135318,175.33039901,170.00135318,175.33039901,9376107834.731743
2020-01-29,175.53449958,178.03854616,174.37631841,174.37631841,9932455084.434473
2020-01-30,173.85851742,186.09446898,171.53885084,184.38316502,9152294841.784307
2020-01-31,184.39054412,185.25124055,176.42616227,179.59500709,11048926824.250235
2020-02-01,179.84459023,183.84190023,179.54101945,183.72338426,9652648260.786776
2020-02-02,183.57844972,192.47139301,180.07032981,188.58944586,10635139992.48182
2020-02-03,188.5384075,193.88503358,187.49851567,189.90615665,11400969970.686195
2020-02-04,189.80954336,191.15045669,185.15393642,188.78187402,9444011536.487234
2020-02-05,188.7132267,206.48377196,188.26369146,204.01252468,10214978765.33949
2020-02-06,203.77206329,215.29337217,201.93260916,213.0043578,13981628670.458187
2020-02-07,212.950283,224.06222774,212.950283,223.47530994,14983717369.505114
2020-02-08,224.64047219,226.84606968,214.53092597,223.57523599,14418900263.96583
2020-02-09,223.16173913,229.58444899,223.16173913,228.18481291,13672722983.317232
2020-02-10,228.29197068,228.71152069,217.95962874,223.58635973,13466778794.72034
2020-02-11,223.18023664,237.1598656,218.4343923,236.45858365,13695887436.4544
2020-02-12,236.36839783,273.46833665,236.36839783,265.89708494,19873999516.34571
2020-02-13,265.46674097,275.64447204,259.062908,268.00420975,24172902881.40177
2020-02-14,268.2704589,284.704467,262.11626584,284.704467,21852616416.01798
2020-02-15,284.60925775,286.99532098,263.84447508,264.16096272,21444866296.894302
2020-02-16,264.89705322,272.99467034,241.50319859,261.54487279,20684379742.052723
2020-02-17,259.95024306,267.85364655,243.45914336,267.85364655,22974885011.57146
2020-02-18,267.30948437,285.1196954,260.88743249,281.63686079,22461835255.877247
2020-02-19,282.22277388,283.67357422,259.72671828,260.43012052,19868006599.69484
2020-02-20,259.54329519,263.76544422,248.54357534,257.76044307,19767198242.20545
2020-02-21,257.47859774,267.22585592,254.8122585,265.35086194,18123916533.392155
2020-02-22,265.23354647,266.31840507,257.83679726,261.57099353,13993971505.805338
2020-02-23,261.74932857,274.33802227,261.6600643,273.58140013,13681292041.538204
2020-02-24,274.67952323,276.22817807,259.52777073,265.41307472,15342793708.636574
2020-02-25,265.58318344,267.79791085,247.44084687,248.89118266,16373729917.104172
2020-02-26,247.22762573,249.68300987,219.4690302,227.48309315,18288182164.401527
2020-02-27,217.74928598,237.25434637,212.03220975,225.03226774,21295881650.226955
2020-02-28,227.25319518,233.35777289,215.35737009,227.73981151,17413289895.91313
2020-02-29,228.44180245,232.55550543,219.00817725,219.28118647,14837537619.78141
2020-03-01,218.38246488,225.79335832,213.4343117,218.55332312,13121312388.824162
2020-03-02,218.38772851,233.53416384,216.85502285,231.27030835,14173996849.207941
2020-03-03,231.66247144,231.9887288,220.96567885,224.14198509,15118211689.47201
2020-03-04,223.90173482,228.32154963,218.41645011,223.85750218,13852813891.307663
2020-03-05,224.30118016,233.58621111,224.30118016,227.6893002,12452992052.827
2020-03-06,228.30597473,243.93153405,227.77769989,243.87209343,13692445973.306034
2020-03-07,244.46077753,250.54197558,237.33762137,237.58979738,14232754402.633663
2020-03-08,237.64684665,237.64684665,199.55533173,199.97151081,14767672602.756908
2020-03-09,199.6615935,208.03754661,191.87095158,200.9082242,18677623019.654556
2020-03-10,202.43475792,205.73892854,197.2240934,200.61588733,15684378003.296276
2020-03-11,200.64353645,202.77029523,182.94794706,194.6403308,12545190706.132994
2020-03-12,194.44865054,195.02121771,107.00837949,107.00837949,15189358319.210878
2020-03-13,108.13694922,138.12122451,93.02837713,132.4093142,22030640951.208355
2020-03-14,133.99293537,134.20557666,122.01744841,123.39586942,14719502280.77803
2020-03-15,123.04280951,131.60080787,121.27938686,124.50264248,9018642945.12451
2020-03-16,124.37719087,124.37719087,103.29195307,110.42587811,10997643817.125843
2020-03-17,110.13163735,119.04006253,109.83172766,116.6725752,11485836831.622957
2020-03-18,116.20147987,117.48033929,110.99927795,117.29063282,8427429833.56682
2020-03-19,117.53670136,141.27270468,115.87733954,136.15212901,36623756445.27088
2020-03-20,136.11880608,151.0022269,122.10729835,132.02566311,13363195754.2957
2020-03-21,133.10799303,136.68438066,127.01219857,131.55864402,21781866530.1902
2020-03-22,131.84068464,135.83064247,123.30588343,123.70186447,75975977548.40855
2020-03-23,123.48841174,135.08372331,121.56596257,135.08372331,51833881395.340576
2020-03-24,135.5320959,141.60269185,132.71247741,138.54342994,11303396253.388798
2020-03-25,138.52995697,141.29879857,133.90167071,135.96907485,10361114819.707329
2020-03-26,136.06245246,138.20772071,133.84887565,138.20772071,8291805623.3591175
2020-03-27,138.27218324,140.03955418,131.71381021,131.71381021,8250116076.044247
2020-03-28,131.85039207,131.97585358,126.0595601,131.05000217,8111606820.691839
2020-03-29,130.99008938,131.11621037,124.80834834,125.42322504,7682366877.8732605
2020-03-30,125.05124112,134.10333873,124.70034796,132.4154544,7888248583.709354
2020-03-31,132.15468872,134.60485156,130.78362225,133.36476028,7958860154.116491
2020-04-01,132.99424175,135.46923064,129.19735434,134.91269235,7762114817.492286
2020-04-02,134.85706383,147.30560625,134.85706383,140.91734502,10034955895.688004
2020-04-03,141.27219434,146.0315407,138.53750517,141.16326769,10602273859.710106
2020-04-04,141.21555554,144.3161189,139.65296261,144.08223958,8179879982.047704
2020-04-05,144.01082837,145.1503469,141.36976058,143.16473069,7575353955.932993
2020-04-06,143.16472987,169.82077992,143.16472823,169.82077992,11535643994.17995
2020-04-07,170.56474434,174.95734022,163.73440048,164.96331071,17553029602.361004
2020-04-08,164.85714391,173.16967316,164.17092396,172.78801755,14116847315.037016
2020-04-09,172.87078362,172.90197475,166.93181488,170.17876433,10992699000.375565
2020-04-10,169.87644228,169.95235504,153.4922389,157.64427136,12597805394.073025
2020-04-11,157.95791221,160.86796693,154.38942767,158.09504756,11721136920.780052
2020-04-12,158.18812355,164.37129739,155.49963306,160.11192081,10328332720.539024
2020-04-13,159.30055626,159.30055626,151.25018981,156.4217027,12659600707.783657
2020-04-14,156.45405549,161.20347552,155.79907323,158.14384471,11247888932.4516
2020-04-15,158.28417254,160.85339058,153.01918759,153.38230165,11232326018.028685
2020-04-16,153.25797844,173.52656323,150.02365646,171.90488208,14951703711.64688
2020-04-17,172.13789963,173.59984471,168.96042409,170.65150732,14838850111.007711
2020-04-18,170.71045552,188.26776057,170.71045552,186.68012713,13252706071.796515
2020-04-19,187.00371124,187.64309241,177.65267015,180.45877445,16082484089.770609
2020-04-20,180.3572862,185.74861953,168.74931919,171.13967336,15529472258.276127
2020-04-21,170.90541922,174.06966786,168.6927418,170.99390233,16029201040.782064
2020-04-22,170.96835915,183.25984731,170.11306445,182.08903682,12960518895.825827
2020-04-23,182.43659902,190.10723813,179.07472824,184.98347626,15160613340.609268
2020-04-24,185.2554664,189.15017345,185.2554664,187.45886078,14789422005.387545
2020-04-25,187.4860413,195.44151599,186.1639717,194.00791276,13384323121.60397
2020-04-26,194.04374394,198.63782616,192.9374883,196.76665239,13217089945.688004
2020-04-27,197.00249432,198.20115701,191.74092203,196.22492381,14347611517.262917
2020-04-28,196.39488907,197.24974534,192.90573178,197.12567683,13468804790.343695
2020-04-29,196.80581799,217.32151853,196.62032498,214.9004418,16360133178.812218
2020-04-30,214.85280585,226.32419815,203.72940247,205.78114231,21949772004.718754
2020-05-01,206.35871986,216.73790184,206.35871986,212.20474413,18548033560.403915
2020-05-02,212.10310083,214.9197263,210.86211733,214.08330551,14573505775.510439
2020-05-03,214.03063085,218.13982062,206.71708962,209.905659,14992442059.90345
2020-05-04,209.88511429,210.47384757,196.6865238,206.96922136,15841145131.260136
2020-05-05,206.6066054,210.36113864,203.00330758,204.56174158,14903296223.768282
2020-05-06,205.28007164,210.31276212,201.10254734,201.10254734,14224517545.597456
2020-05-07,199.69899671,213.35869642,199.38161661,212.42213713,16443503902.286232
2020-05-08,211.84276385,214.93979466,207.89063188,211.70898809,17108159080.405815
2020-05-09,211.51214544,214.39627174,209.16224674,210.61116082,14312675013.655306
2020-05-10,210.37261788,210.37261788,181.92028723,187.9980043,17690796421.269115
2020-05-11,188.05885719,192.51369838,179.30287105,185.95035475,15293555758.23684
2020-05-12,186.05589387,191.62596631,186.05589387,189.45576979,14204738794.046532
2020-05-13,189.71239159,199.94626373,189.06144798,199.42705965,12166676581.24192
2020-05-14,199.39708845,204.67255877,196.63027267,203.06572108,15161884337.338676
2020-05-15,203.0191028,203.55260479,193.3982943,194.58234963,14812112522.72331
2020-05-16,194.76327221,202.94607388,193.75355416,200.68950212,13145310042.868347
2020-05-17,200.53586655,209.46493563,199.92383846,206.8862604,12082489921.020638
2020-05-18,206.9063946,215.96044064,206.9063946,214.38803073,14238424661.54951
2020-05-19,214.35450516,214.73753233,210.08446482,213.61837478,12335601728.802904
2020-05-20,213.9718954,214.75764741,208.38281528,209.93871422,10743231231.302834
2020-05-21,209.95799969,211.28733027,193.42787348,199.13257333,10726046150.24131
2020-05-22,198.92467987,208.36642555,197.02680717,206.8025761,10925135757.071203
2020-05-23,206.97788315,210.27062306,205.31170826,206.55871712,9571982860.134628
2020-05-24,206.4418073,210.11813716,202.03390028,202.03390028,8430894690.689257
2020-05-25,200.88826463,205.19088835,200.88826463,204.1247659,9480976188.595482
2020-05-26,203.97167272,204.76370073,198.075288,201.06913554,7916217217.27367
2020-05-27,201.09326522,207.52048373,200.97383321,207.44972743,8177164284.053426
2020-05-28,207.729322,219.17139748,204.87161744,218.63981951,8538289784.8239765
2020-05-29,219.1282536,222.6828668,217.98740227,220.13767334,11557721298.612595
2020-05-30,220.10528006,244.41125448,218.56886472,242.46001672,10876356549.790243
2020-05-31,242.51745027,244.05569269,231.0154116,231.99681412,12368591238.364492
2020-06-01,231.80169269,249.23512388,231.27603322,247.85940131,10850713400.148502
2020-06-02,247.86184679,252.74067317,231.67652112,237.68096725,11977471608.17327
2020-06-03,238.005728,244.17085112,234.72220867,244.17085112,10085839970.36355
2020-06-04,244.23627112,245.91534301,237.63955533,243.63383384,8592508026.881329
2020-06-05,243.38368613,246.49793924,240.01049214,240.43312603,8488057700.597578
2020-06-06,240.38595767,243.9496156,238.96917307,241.85863894,7336086541.571643
2020-06-07,241.9555817,244.73335162,235.8147831,244.0584214,6788697026.450641
2020-06-08,244.32407758,246.46767181,241.68732829,246.37811569,7925119435.491823
2020-06-09,246.22391704,248.77176925,241.69763285,243.84233572,6957291391.688233
2020-06-10,243.90899518,249.25875596,242.76300218,247.42369167,6048210826.644841
2020-06-11,247.60200633,249.33158684,229.90951286,231.68492422,8853781172.725199
2020-06-12,231.3076081,238.76772268,229.52905975,237.33735205,9458729936.574564
2020-06-13,237.55731644,238.19167769,235.12258862,238.13314199,5982190206.347008
2020-06-14,238.14627727,238.20624159,231.5750049,232.8573889,5675792063.770384
2020-06-15,232.62482936,233.11273937,219.77656087,230.8181249,8069366775.601371
2020-06-16,230.85609618,235.75573585,229.16579676,235.25604538,7268339509.613482
2020-06-17,235.25857891,236.62568225,229.70845142,234.04562264,5843949644.620144
2020-06-18,233.86665723,234.30692029,228.7372835,231.69105982,6037576925.368263
2020-06-19,231.47680625,231.52927621,227.4847409,228.7443048,6241277839.442248
2020-06-20,229.13354719,230.77259824,226.5815264,229.00659803,5597088075.697095
2020-06-21,228.9548655,231.99009267,227.82227136,227.9096308,4729805925.796794
2020-06-22,228.0970049,245.51786638,227.93291407,243.1393089,5889313680.440288
2020-06-23,243.13733336,244.53151207,241.04920723,242.93228873,6553742454.596989
2020-06-24,243.02565902,248.62098756,232.18001148,234.69432213,6446440943.768268
2020-06-25,234.99316207,235.1926649,228.86134089,232.73710738,6748072455.670779
2020-06-26,232.64139435,233.30879175,228.34315105,229.68656807,5423818528.62356
2020-06-27,229.63265235,231.08485697,218.08657952,221.08468833,5014409697.544436
2020-06-28,221.14715181,227.50975262,218.78190299,224.86900957,5629967266.954202
2020-06-29,225.11826761,229.08914354,221.7741712,227.75230482,5098196136.706358
2020-06-30,227.5970742,228.16944952,223.34093155,225.8401111,5302482851.151292
2020-07-01,225.63131801,232.0507982,224.54600479,230.57222653,4919654732.454436
2020-07-02,230.78683238,231.74683072,224.25167364,226.93722266,5302575968.565262
2020-07-03,226.88102707,227.88214372,225.00476771,225.17716095,4918815292.68684
2020-07-04,225.20975707,230.13107019,225.1372853,228.977045,4053794606.509942
2020-07-05,229.08318141,229.57238348,224.07272237,227.70444866,4223751344.540536
2020-07-06,227.71794072,241.33888917,226.8764249,241.33888917,5936682098.405289
2020-07-07,241.28466523,242.8644762,235.12700323,238.81083228,6915350158.74218
2020-07-08,239.17502856,248.03967829,238.01018437,246.49385339,6300945588.984236
2020-07-09,246.60930041,247.2134414,238.98450815,241.99541205,6581563334.715961
2020-07-10,242.03354581,242.03354581,237.23017791,240.76955159,5297644650.104778
2020-07-11,240.85000263,241.30544264,238.04942761,239.01531099,4087550050.7487617
2020-07-12,239.10565364,242.84680213,237.3813176,241.75085946,4016136538.3397894
2020-07-13,242.54154958,244.64391048,238.35604157,240.00828727,5193115977.344976
2020-07-14,239.77424368,241.84285841,237.52989791,240.36327908,5112761889.145238
2020-07-15,240.31229271,241.09762714,237.16986839,238.84559229,4398236329.799531
2020-07-16,238.62957574,239.0828527,230.68731031,233.80978097,5550009276.867542
2020-07-17,233.69893435,234.29796989,232.03760596,232.79865362,5206630776.510648
2020-07-18,232.7356838,236.41329739,232.54858611,235.67214418,4303371590.218035
2020-07-19,235.63785781,239.16032928,233.60968877,238.91001712,4348865425.38883
2020-07-20,238.74616114,239.25881115,234.98668304,236.23526852,5374214599.600117
2020-07-21,236.16464897,246.30179753,235.83327811,245.3878604,6690414255.424458
2020-07-22,245.36602101,264.76245441,242.25036694,262.92968967,7388905990.470613
2020-07-23,263.32690763,278.65679085,261.00177654,274.71013089,13303054454.401436
2020-07-24,275.17105427,286.03309058,269.00948017,279.11388608,13852769271.587757
2020-07-25,278.9667092,307.30723524,278.9667092,303.87840323,14332847880.980394
2020-07-26,304.43597424,316.64846383,300.08830357,309.37964464,19926080284.206684
2020-07-27,309.77845953,328.66311237,309.77845953,320.76370905,21951074701.575413
2020-07-28,321.13141457,325.00107594,306.95347661,315.64349889,21915536968.656826
2020-07-29,315.83820031,323.52140893,312.33406609,316.36786446,15560635407.901968
2020-07-30,316.69446386,339.17602162,313.99761681,334.3199445,13258573932.769266
2020-07-31,334.49259154,348.5932673,329.19580263,346.00670621,17719726515.883938
2020-08-01,346.27814927,391.26346715,343.88057983,386.65448512,19568367863.86502
2020-08-02,386.72988576,413.25502936,356.70504333,370.47714626,33878467864.251072
2020-08-03,371.89167783,397.36551104,369.00638937,386.63718178,25750777805.413082
2020-08-04,385.79177554,400.66118892,381.95323994,389.51606067,23516223052.890213
2020-08-05,389.64975326,404.87434672,385.717179,400.57661248,17651056126.10829
2020-08-06,400.7440397,402.41727724,392.59555658,394.9861534,18247300097.68184
2020-08-07,395.10831977,397.84774904,367.78768127,379.44430622,16408768547.609228
2020-08-08,379.18174577,392.35994291,376.78356095,392.35994291,17856927606.742508
2020-08-09,395.62767426,399.12459216,385.12169067,389.39537569,14523340272.351046
2020-08-10,390.39700258,398.4336704,390.32904349,395.51823667,15748723556.50336
2020-08-11,395.61697368,398.0385343,370.8445619,379.11326219,16027343383.069344
2020-08-12,379.23887916,388.66732332,369.15586551,387.60986023,18936799773.849228
2020-08-13,387.15326769,428.23085466,379.03011527,425.51604672,19037714675.13064
2020-08-14,424.10509747,443.37401501,418.94676713,436.92385169,26567843615.532307
2020-08-15,437.75212818,442.43568758,428.95563759,432.84437977,19175457741.18531
2020-08-16,432.56667854,435.26907062,414.4546327,433.50132259,15249440776.954985
2020-08-17,433.3790852,441.65058017,421.55647574,430.7982843,16203065799.78892
2020-08-18,429.96204083,433.27091806,418.03129637,423.12821323,18872381370.109787
2020-08-19,422.75969037,426.24656575,396.07237635,406.0469719,18577230989.38973
2020-08-20,406.72767925,418.19527359,403.37624082,416.47230389,18247659340.960785
2020-08-21,416.06882239,418.05421104,386.27968815,387.51097452,15709687764.511187
2020-08-22,387.98604401,396.55255081,380.92627261,395.87460786,17851384658.10134
2020-08-23,395.8941622,396.52079096,384.69936277,391.44035942,12836541319.938156
2020-08-24,390.93448751,409.42060935,388.56634272,407.9832506,13579573557.56466
2020-08-25,407.72406537,408.32838221,371.76926169,383.91615635,16506629922.53795
2020-08-26,383.26669422,391.54993269,378.07181657,385.87042394,18065341230.888485
2020-08-27,385.80903302,394.22251526,376.6006459,382.84135974,14933767456.30503
2020-08-28,383.06469759,395.80897791,380.63576237,393.97933087,15522931906.76594
2020-08-29,394.01082492,404.34286427,391.72698549,399.09309029,12559044215.073914
2020-08-30,398.38120072,423.72713524,398.38120072,423.18946468,14574425303.318256
2020-08-31,424.2879578,434.93052578,416.527703,429.80093269,18539887567.87415
2020-09-01,429.31888108,479.49187183,425.21215076,475.9327468,25596090611.992413
2020-09-02,475.93038776,477.51696573,420.90299,436.47954057,30274356437.219303
2020-09-03,436.21191738,444.73236519,375.61702773,383.07829224,30361676281.301502
2020-09-04,380.75960872,399.09251817,369.27702238,385.84474882,31294251884.84838
2020-09-05,384.58490827,390.62236255,316.57927834,331.38112497,29781436708.83354
2020-09-06,338.20957578,360.46587737,317.20817779,355.34334998,43155697539.316925
2020-09-07,354.6671331,359.63504646,327.59806766,352.27539869,29841577729.941753
2020-09-08,354.06381763,355.07647135,330.01804515,338.91234372,24433336896.179176
2020-09-09,339.30805678,358.51150041,333.68745922,351.90431453,21737601651.668076
2020-09-10,351.79031602,374.92205528,351.79031602,366.5997324,22628775637.97213
2020-09-11,367.17106629,373.10453383,357.3182746,372.29578282,21294709859.152035
2020-09-12,372.68369739,384.20633353,365.85378983,384.20633353,17250620646.840893
2020-09-13,384.44716652,388.1581622,354.64437382,365.27891705,18956358547.76353
2020-09-14,366.09918754,382.57378493,357.14084954,376.46918595,21340863191.520466
2020-09-15,376.81758269,380.90340757,364.15392884,364.15392884,20436343769.98343
2020-09-16,365.85950226,373.61935882,358.05660654,366.74593428,20421971346.96865
2020-09-17,366.77280041,392.92227083,365.80141478,388.29750677,23907331520.7911
2020-09-18,388.91228234,390.91646043,377.09756564,382.33205879,23187725688.406048
2020-09-19,383.86775922,386.30402144,377.99159605,384.77245964,17067636602.330557
2020-09-20,385.08194429,385.08194429,367.88002566,371.93076201,15024813309.859678
2020-09-21,372.17145008,375.91192566,334.11756951,341.38714234,19397296349.037674
2020-09-22,340.76499633,346.36800067,336.48954862,344.07233313,19631714707.97354
2020-09-23,344.27570603,344.64078871,318.31054246,320.76556311,13914982251.095644
2020-09-24,320.12372365,350.96089628,318.5764155,349.01067627,17593858755.432884
2020-09-25,349.03909717,357.13814141,338.46161486,351.66533815,16489367064.393242
2020-09-26,352.04772264,355.48674171,348.1581002,354.90198596,14128977255.956898
2020-09-27,354.09870992,361.94234711,348.74921129,357.07683184,13274405428.624031
2020-09-28,357.5036342,365.98727728,354.12874,354.75362484,12240570630.41233
2020-09-29,354.21295601,360.10871678,351.83317781,359.52806147,13604204070.49359
2020-09-30,359.83736567,360.81451738,353.08327639,359.38050135,10750901718.026724
2020-10-01,359.82032726,368.59467152,346.40584356,352.92416942,11757675812.717
2020-10-02,353.21284571,353.68769518,336.71739147,346.04683592,15708735701.089428
2020-10-03,345.94016367,350.91145382,344.37929358,346.30904931,10864336123.746744
2020-10-04,346.36079942,353.89355457,344.79652237,352.21492414,7696532627.991435
2020-10-05,352.55266794,354.98924088,349.5278118,353.85455322,8863022283.018194
2020-10-06,353.72993114,354.70210982,337.62850557,340.66169597,9434934522.359806
2020-10-07,340.98922052,342.42161487,334.80704904,341.50761016,11889771755.563202
2020-10-08,341.96756021,352.61749714,335.54536088,350.939677,9820746332.50727
2020-10-09,351.29434122,368.29348731,348.24287244,365.9897107,10996941195.680214
2020-10-10,365.37799912,378.00562346,365.37799912,370.81639976,12467964683.456812
2020-10-11,370.94472802,376.99766784,369.58034069,374.89478751,9827859503.10054
2020-10-12,374.48449164,394.6500779,366.81504657,387.7379872,11027452762.148428
2020-10-13,387.01541511,387.30424293,376.26291844,381.30110551,15351943869.008823
2020-10-14,381.36997243,386.75465785,374.13447917,379.64217726,11511322207.715668
2020-10-15,379.08298818,380.36184904,371.42412912,377.34664368,11174692621.189135
2020-10-16,377.63777813,379.75661985,363.29518358,365.91071002,11967627185.512655
2020-10-17,365.81855996,369.59554345,364.25574459,368.88179255,8584714398.926545
2020-10-18,368.46730115,378.22106006,367.98020886,377.95318911,6931830365.419728
2020-10-19,378.11575008,383.88236475,373.58136659,379.97781147,8241124031.633262
2020-10-20,379.5685073,380.54838887,367.78457867,369.00085435,10191174721.786827
2020-10-21,368.96242227,400.9086161,368.58055189,391.92282695,14535344579.192616
2020-10-22,391.6700091,420.29072877,391.6700091,413.51707418,16498182125.948957
2020-10-23,414.31974964,418.82513894,403.76206844,409.40004319,13901313261.369255
2020-10-24,409.71151575,416.38997068,407.48983145,412.72766039,10079249596.447544
2020-10-25,412.67693124,417.12457862,405.23968662,406.29575984,9283611355.992445
2020-10-26,406.12384074,411.7883647,384.75992577,393.73438339,13265450638.119244
2020-10-27,393.38976605,409.63974405,390.61946273,403.84218438,12959368782.190647
2020-10-28,403.67136247,408.47712066,381.47684659,389.01314445,12850058519.35489
2020-10-29,388.808811,393.16446107,381.35506616,386.73511786,11937811703.093252
2020-10-30,387.37076064,391.16350165,374.88693084,383.35727789,12127768326.4197
2020-10-31,382.93565488,392.62668118,381.37985581,386.56342868,10543037027.506119
2020-11-01,386.70835041,397.17318955,385.32591536,395.48532435,8576498192.594864
2020-11-02,396.57248454,403.81855146,380.86569044,384.20179315,11422822896.433895
2020-11-03,383.33157599,389.63485961,372.68177255,387.41287207,11099741489.160347
2020-11-04,387.96259753,407.62355709,378.30150119,401.77406065,11165254705.09666
2020-11-05,402.4582939,420.14728411,397.50857432,416.23882446,15579144258.269035
2020-11-06,416.69118261,457.5649524,415.56524492,455.73600531,21090683806.81053
2020-11-07,455.82165042,467.70708255,428.30961407,436.08436012,20441258183.803402
2020-11-08,435.88674541,459.7474877,433.95385833,455.13389852,18027015604.48351
2020-11-09,454.78626609,458.70706789,435.66284607,445.25861593,14727778060.99544
2020-11-10,444.37792176,454.48220243,439.66940237,450.36759416,14818758592.08207
2020-11-11,451.03764512,474.98019777,450.3536358,464.01719746,15303700857.244804
2020-11-12,463.78409061,468.9478819,453.22368111,462.37130976,15104558481.301514
2020-11-13,462.77108891,477.18186777,458.44593584,476.45197691,14349713424.488558
2020-11-14,476.53103616,476.53103616,453.91092254,462.4997491,13920288683.709352
2020-11-15,461.37374804,463.11218147,441.31236536,449.01583912,11047060426.91518
2020-11-16,448.69871116,465.2015622,446.37750266,461.60218039,11740238768.401653
2020-11-17,461.02999443,484.369166,461.02999443,483.02522023,13666803243.397312
2020-11-18,482.42745556,494.87952817,465.9943651,479.75642872,20614086056.65511
2020-11-19,478.87484906,480.43851616,466.29641806,471.62588895,18476367260.256664
2020-11-20,471.65228915,513.78490705,471.65228915,509.87956105,17153498152.543404
2020-11-21,510.48448965,551.38945997,504.73966727,551.38945997,21431198111.267124
2020-11-22,550.71178659,578.7502594,515.23447607,561.98212323,27406674038.013973
2020-11-23,560.31483614,609.05792225,552.45276175,608.36061937,33207042698.2737
2020-11-24,608.99083457,621.76809194,593.05829134,603.41840736,34719065009.14516
2020-11-25,604.61094226,605.82468313,557.89355673,572.31980912,25917481064.8077
2020-11-26,570.4761367,575.95531753,486.32055472,518.23509946,31155087716.173134
2020-11-27,519.90159191,530.58500398,496.60382422,516.5115898,25719042781.075684
2020-11-28,518.54776939,547.70805021,508.18379943,538.32136946,15138980070.966011
2020-11-29,538.28702966,574.93075746,532.47961711,573.8023844,15787770057.23106
2020-11-30,575.45804906,615.56451109,573.10235802,615.56451109,20300381107.93863
2020-12-01,616.18353387,634.75467732,573.5166774,589.8144674,27801311744.23318
2020-12-02,586.97096417,602.82020662,578.50805365,598.35725347,29296849357.987724
2020-12-03,598.53731427,621.26953243,588.64983249,616.90485321,18849754263.437267
2020-12-04,616.55182435,618.83605255,569.72383081,571.97833317,18578754854.95589
2020-12-05,568.82397487,596.04759666,563.49121208,595.54850619,18657983308.10796
2020-12-06,596.93891154,606.7855053,584.89452399,601.69726838,13355002634.15766
2020-12-07,602.21364161,602.85844828,586.09441863,592.59222528,12541614833.203392
2020-12-08,591.93255733,594.42394482,554.49985905,556.15775774,13094354178.450588
2020-12-09,556.85512177,577.42220589,532.87409395,573.99581662,20405094324.356255
2020-12-10,573.7484601,574.48769258,549.50145166,560.295982,16786263794.833849
2020-12-11,558.83047649,558.83047649,536.78933299,545.38517706,16090933180.577879
2020-12-12,544.79993817,573.05185407,544.79993817,568.07172464,13077358658.153696
2020-12-13,568.04074277,594.40786573,564.49967434,590.39815971,12883086837.63333
2020-12-14,590.51320426,591.06328136,576.97537405,585.83092675,13285092245.33701
2020-12-15,586.31259258,596.1816209,580.97819159,589.17471009,12501104462.707764
2020-12-16,589.15620708,636.77174969,581.90884427,636.77174969,14853794060.064754
2020-12-17,637.5671525,675.0865585,630.32699188,644.53227158,32464770188.75662
2020-12-18,643.44451383,662.89006459,633.56355927,654.5293223,32211180193.387466
2020-12-19,655.12719924,668.9610873,647.28142172,659.95734826,20605945919.77005
2020-12-20,659.71765411,659.71765411,626.93686922,639.93658182,19625176203.116863
2020-12-21,638.54575502,647.01297438,600.7412837,611.39595163,21788103341.29225
2020-12-22,609.12168893,635.27999248,591.02132177,635.27999248,21143128007.717854
2020-12-23,637.20515999,637.59974472,562.19335703,587.2436861,22016623613.67007
2020-12-24,585.25043533,613.23044674,570.19841496,612.10697392,25875008468.279205
2020-12-25,611.38211359,631.60813,605.40291987,625.39911962,19584229908.451313
2020-12-26,625.5565826,649.75825554,616.06631593,635.63044901,19986054740.754555
2020-12-27,635.63607339,707.72711978,629.97235217,683.88150881,29408105948.798786
2020-12-28,682.12974047,746.71197487,682.12974047,731.98537443,43965957947.58786
2020-12-29,729.78516904,737.58955644,692.84049414,732.9438323,33560625431.582935
2020-12-30,731.31798925,754.80325791,720.62007097,753.75210394,27809473840.69383
2020-12-31,753.30415685,756.931006,730.76195239,744.03743925,32085916100.308968
2021-01-01,743.13465975,754.29761205,722.41945731,730.86853418,23706827592.346474
2021-01-02,731.43538764,786.29198712,718.06308912,771.8063807,22035309315.237297
2021-01-03,771.21925919,1008.35935322,771.13529982,982.08246281,42437519218.11326
2021-01-04,976.80180672,1152.22630805,916.75503266,1040.78919672,99914889203.75731
2021-01-05,1043.05299979,1126.86334037,988.16601412,1102.30580244,87973351491.36487
2021-01-06,1100.76360035,1208.06783725,1063.59638961,1207.11228875,66136904550.03913
2021-01-07,1210.80289546,1285.91367807,1165.88817457,1226.27076077,69636874878.29745
2021-01-08,1226.19441925,1271.78220296,1084.56771964,1219.75417602,74834975973.38991
2021-01-09,1218.92822679,1302.81166617,1178.47155329,1284.75311271,56769902511.29867
2021-01-10,1281.15718871,1347.31426896,1186.68973839,1263.99346401,57825073378.14089
2021-01-11,1261.12362924,1261.12362924,926.60622076,1091.40173023,82360308517.97612
2021-01-12,1091.80609501,1147.6809071,1020.56661737,1044.33216713,79469006351.34503
2021-01-13,1049.92706161,1134.81421408,993.59099721,1130.06583387,52027694718.785355
2021-01-14,1132.2951397,1244.06980079,1094.99782043,1220.24103348,45944451364.511345
2021-01-15,1220.51413907,1251.77836905,1088.65836296,1166.95801481,54737261213.83709
2021-01-16,1171.89001501,1285.77849268,1155.91823205,1235.76673817,55657526833.38291
2021-01-17,1229.65090582,1268.29160512,1174.88761693,1234.46792502,51283343265.1442
2021-01-18,1234.46784332,1260.23866108,1187.84474827,1260.23866108,43122868894.01037
2021-01-19,1259.33620875,1427.17526234,1255.55182229,1386.98081218,60479280675.5025
2021-01-20,1375.56077313,1403.27893972,1243.6072839,1385.32571915,76141583200.16394
2021-01-21,1377.87732141,1378.40709943,1098.65777273,1128.55927625,70734494737.57494
2021-01-22,1120.96143641,1272.35483058,1047.74191304,1237.20340251,78630119586.19547
2021-01-23,1236.3763845,1271.51827677,1203.25325476,1231.98548867,46981137924.26482
2021-01-24,1234.232438,1397.40683919,1228.04695076,1397.40683919,45300423691.65884
2021-01-25,1392.18169748,1463.06564496,1311.9425808,1322.6099959,65227836093.71216
2021-01-26,1322.31312776,1371.62297354,1251.73444572,1356.03602324,64819621702.518906
2021-01-27,1362.99578252,1366.09961209,1215.43004173,1250.24961451,61210536935.20993
2021-01-28,1252.53154696,1357.17568914,1224.03493212,1331.96142489,60091691953.16979
2021-01-29,1334.91780892,1429.03656738,1295.99193611,1387.43997842,66558092995.15381
2021-01-30,1381.15868858,1400.19261121,1331.08031796,1379.86706834,61266389536.710815
2021-01-31,1375.22117886,1377.73448972,1289.26463162,1315.58763086,37349232211.3779
2021-02-01,1313.63897536,1373.84345912,1277.66888625,1373.84345912,42264270582.10683
2021-02-02,1371.9515727,1546.10645473,1366.85038656,1516.83791324,56250945162.93805
2021-02-03,1514.30482305,1662.07451972,1513.79408852,1662.07451972,72681831089.72115
2021-02-04,1664.33790314,1692.52902088,1564.96696601,1593.07972489,69234192110.52061
2021-02-05,1596.83965704,1758.48060767,1596.83965704,1715.44546941,64957851199.79559
2021-02-06,1722.12019728,1740.31480488,1653.01238347,1675.28934776,62409578101.26129
2021-02-07,1678.68237969,1690.5693636,1500.10954958,1613.34201792,54472202357.211784
2021-02-08,1615.0103675,1769.67298412,1571.89890901,1747.95963406,61836707429.3533
2021-02-09,1754.04371636,1807.04193535,1714.4500026,1767.66444877,70192533802.42464
2021-02-10,1769.26694354,1825.55725799,1689.29918232,1742.19388044,62851334886.27421
2021-02-11,1742.35166098,1808.74044656,1713.38810232,1779.92530526,54693213689.393295
2021-02-12,1786.45094124,1857.99287071,1747.62557209,1840.84891715,52066984581.37952
2021-02-13,1839.29666261,1865.7250767,1773.58753572,1810.67959531,55058152711.43413
2021-02-14,1812.44195326,1846.79015922,1790.0097727,1804.82214269,47153885175.01547
2021-02-15,1803.17519023,1832.02820782,1692.34385805,1778.19018756,53889692951.65651
2021-02-16,1781.51550945,1824.7426054,1732.20330114,1783.38875348,51392448545.31964
2021-02-17,1780.9048429,1850.61181367,1740.60467916,1841.84158784,49391979613.00318
2021-02-18,1845.13640492,1937.15585427,1845.13640492,1924.32270653,53999855956.57917
2021-02-19,1926.54095406,1959.25959197,1886.00024196,1950.33821389,50698098934.25925
2021-02-20,1948.05923749,2024.82261784,1853.61154215,1915.88660605,58705087546.89709
2021-02-21,1913.79401726,1966.34707947,1892.40284817,1928.44438141,61283948088.286606
2021-02-22,1928.23973483,1928.23973483,1591.11578763,1777.26685471,63114500948.373375
2021-02-23,1776.28461288,1777.48830368,1409.68534082,1560.59013051,93043539824.40686
2021-02-24,1576.05178101,1713.75748504,1515.28047972,1624.80042511,82119677003.40965
2021-02-25,1629.6810241,1668.13638135,1489.26383761,1496.22228536,53748315677.10185
2021-02-26,1489.15457655,1560.22013226,1419.68142765,1440.98668672,59540366533.24595
2021-02-27,1443.16092762,1526.50643085,1434.96985555,1465.57589545,47595898108.70398
2021-02-28,1460.69698484,1468.4707392,1304.69459448,1415.20458806,44125895718.1041
2021-03-01,1419.50945034,1568.60446841,1417.70726609,1568.60446841,50350338859.40641
2021-03-02,1570.31594932,1600.84843864,1460.19927351,1490.24062308,44690190941.053116
2021-03-03,1490.89299716,1651.53915407,1483.06938348,1580.23685352,45575401259.49394
2021-03-04,1575.14705532,1624.15096266,1516.00558364,1540.80648454,46922872406.608185
2021-03-05,1540.98708567,1547.51208192,1453.29854069,1533.47944874,49050114937.41569
2021-03-06,1533.62430466,1667.15234557,1517.64790521,1657.83750453,44369988462.768776
2021-03-07,1651.973829,1729.83944359,1637.636948,1729.83944359,46505016366.48272
2021-03-08,1725.49881605,1833.54446029,1673.95491856,1833.23605949,47681903949.83549
2021-03-09,1832.40790829,1865.81780169,1807.43565016,1865.81780169,53363960468.997055
2021-03-10,1869.62112209,1874.68005055,1763.08855849,1801.12272267,47168717435.65584
2021-03-11,1797.76948493,1843.75186907,1734.71427589,1824.80438462,48700475346.36169
2021-03-12,1826.49311761,1841.04517507,1730.01704505,1768.98847673,45495982299.1033
2021-03-13,1769.01682097,1939.09084745,1734.17454971,1925.3329669,46288353881.74932
2021-03-14,1923.58050602,1931.39058675,1844.11407946,1865.14331259,42846097820.83449
2021-03-15,1854.71370573,1890.21849815,1751.46884961,1789.71553314,40030011278.306656
2021-03-16,1792.33995678,1817.64337193,1719.05504676,1797.15695755,39430216685.71304
2021-03-17,1806.00222098,1836.68437495,1749.34928786,1819.45470315,31674453805.307163
2021-03-18,1825.82176844,1848.06678005,1764.03794311,1777.95990056,50989302242.06761
2021-03-19,1777.07539431,1839.95,1740.29810824,1809.97182944,45068684294.67869
2021-03-20,1813.04178099,1868.5,1809.14964881,1811.77,28905329290.242504
2021-03-21,1806.24,1816.64,1756.69,1785.71008352,33122376468.37996
2021-03-22,1786.15932113,1803.84,1663.57327444,1685.69243073,27839283763.512627
2021-03-23,1685.15247853,1721.22,1657.26753946,1676.19572184,34476629424.40467
2021-03-24,1672.88250658,1736.28,1565.36878484,1588.34956945,30382285901.983997
2021-03-25,1585.76730633,1621.68318473,1554.97411712,1588.85292981,51539371565.986115
2021-03-26,1588.60612325,1700.7706093,1588.60612325,1700.7706093,32814613566.248318
2021-03-27,1700.06337023,1731.57070446,1671.11684781,1717.06768192,26404756086.336147
2021-03-28,1714.00900612,1724.97,1668.39,1689.59,23353438462.73413
2021-03-29,1687.24903177,1835.34,1680.57,1821.25844257,26220359471.655838
2021-03-30,1818.24396151,1858.78828312,1791.66967088,1843.01890261,32649726728.286816
2021-03-31,1843.24434849,1944.57503836,1793.19,1915.29476704,33375887879.376125
2021-04-01,1919.03058532,1982.06,1908.86124887,1971.37278183,44889449904.98929
2021-04-02,1970.62772767,2141.79655572,1953.43952635,2133.90000968,45813296618.786804
2021-04-03,2136.57138785,2137.19433567,2022.74797756,2022.74797756,47145055916.329414
2021-04-04,2019.71775594,2092.33364455,1999.99744527,2082.75,44968079087.34515
2021-04-05,2080.87338128,2128.97,2017.31453578,2108.65378881,37656941013.01613
2021-04-06,2113.79319458,2150.90830293,2062.79947803,2122.40613253,44254943019.28283
2021-04-07,2119.23811072,2127.93389473,1956.41044496,1985.80811404,44849034140.44638
2021-04-08,1979.18362527,2086.56,1971.12152575,2083.36,49430987096.612335
2021-04-09,2084.36,2103.96,2060.51,2074.94,34631471594.116005
2021-04-10,2072.89,2195.69,2065.80730638,2142.17539936,42423990355.71053
2021-04-11,2138.08032528,2165.40894583,2121.96761577,2153.53066197,38987180885.34921
2021-04-12,2155.80887911,2197.7494078,2113.22767361,2146.72,38091609782.083206
2021-04-13,2143.32,2315.34,2142.45,2304.28,46341439163.7112
2021-04-14,2303.88,2447.51936405,2288.21216461,2422.63411428,62784990994.89689
2021-04-15,2435.19737773,2543.25,2410.35931411,2518.66,67143967546.95572
2021-04-16,2519.38,2539.72,2346.37920501,2432.94433039,68393132409.2391
2021-04-17,2430.72664613,2494.81517497,2324.63,2331.75,62116093784.284584
2021-04-18,2327.21,2340.75,2029.67934106,2231.02192183,87591818115.93604
2021-04-19,2239.65133521,2280.75147809,2098.89004623,2167.43645561,70423975604.98383
2021-04-20,2169.0033106,2350.08,2071.17150133,2330.63,69787407007.45953
2021-04-21,2336.13,2463.63,2242.33661526,2368.14,72134642389.69153
2021-04-22,2368.34,2642.17948756,2336.01445836,2415.17709086,93568879279.79698
2021-04-23,2406.27348203,2438.92088595,2127.7,2364.28256719,131320333808.73576
2021-04-24,2367.00775925,2375.47926171,2179.83997922,2358.08930775,80373889421.7639
2021-04-25,2383.17804501,2383.17804501,2176.30124999,2308.10108473,51522511166.61633
2021-04-26,2321.59858843,2532.48330605,2312.80803579,2532.48330605,61536391085.80819
2021-04-27,2536.22139757,2668.57,2491.47,2647.24726738,50763629760.85928
2021-04-28,2665.40295951,2757.93077841,2571.33239101,2750.46103666,53970914198.68619
2021-04-29,2748.58150128,2798.51782886,2680.68,2765.42574737,56240079646.25469
2021-04-30,2763.1,2796.93539331,2733.43,2773.60229967,50888363092.24325
2021-05-01,2775.42731577,2955.57753213,2759.8299751,2953.03241423,46664803194.00891
2021-05-02,2950.90154971,2985.21,2867.2169601,2957.5,46938879043.152596
2021-05-03,2954.75,3451.59295049,2954.75,3440.55161208,58401789517.57545
2021-05-04,3435.78289942,3512.14226369,3222.7867076,3242.71770854,98694381701.456
2021-05-05,3243.40311768,3535.38,3242.72769246,3527.6,91189517896.49866
2021-05-06,3522.92,3609.98062403,3396.38251475,3502.82,72288736164.40137
2021-05-07,3491.39,3582.94897284,3380.06612852,3488.96,66618974093.65691
2021-05-08,3486.9,3947.69935084,3463.61,3908.02768981,60277015038.49128
2021-05-09,3905.35076931,3984.88938586,3752.0653022,3925.56338686,77380429957.75514
2021-05-10,3937.18180696,4203.9650807,3842.94846108,3954.37689867,80777018463.8208
2021-05-11,3953.05340565,4172.78335984,3803.28356352,4172.78335984,103099874135.13107
2021-05-12,4174.64868342,4362.90585977,3932.00349135,3932.00349135,82734304295.57562
2021-05-13,3839.18751678,4039.43214167,3568.05747721,3731.18121024,128139930381.3757
2021-05-14,3722.70690093,4167.10962705,3722.70690093,4087.82,90462378452.42944
2021-05-15,4084.21364137,4124.55932875,3659.42,3660.04,66435941958.60588
2021-05-16,3648.26,3882.64955528,3373.79681241,3577.7,65897724755.6561
2021-05-17,3585.9,3585.9,3155.52496459,3288.11485914,90005707448.41422
2021-05-18,3285.01359663,3559.8207493,3273.76540542,3393.21025618,77818604570.96991
2021-05-19,3383.30651223,3436.304879,2044.92502676,2484.92282215,102230713084.20781
2021-05-20,2462.55047975,2976.61,2198.57898009,2757.93723164,137107676795.76848
2021-05-21,2767.53,2922.6351747,2135.25,2411.06986995,81705366912.0
2021-05-22,2426.58810239,2479.21921985,2188.23901188,2301.8,81332266112.0
2021-05-23,2295.7,2376.06,1752.62914223,2113.04480263,61748691441.77778
2021-05-24,2111.6749453,2656.87,2097.02624522,2634.61117953,83352504620.75525
2021-05-25,2641.71510369,2743.88151917,2407.753852,2691.37700509,77043354339.55556
2021-05-26,2703.97550555,2904.33393671,2666.44,2876.20383168,69161700977.77777
2021-05-27,2887.94543733,2887.94543733,2658.44,2750.55566807,61653272846.22222
2021-05-28,2745.14302815,2762.33667479,2351.44,2429.01,50687604614.689896
2021-05-29,2424.27,2566.78145233,2221.41,2282.84,55547577514.666664
2021-05-30,2283.59,2466.09689805,2198.49,2392.56193205,51062077955.58042
2021-05-31,2390.85,2716.03424146,2292.45,2716.03424146,45078368241.728226
2021-06-01,2713.48675338,2736.25399691,2538.90194304,2633.37,49942346991.05226
2021-06-02,2637.83,2798.56280274,2569.17,2717.69,45146552334.22222
2021-06-03,2711.79,2890.51,2675.66,2859.22,51316261091.55556
2021-06-04,2854.91,2854.91,2571.02,2693.41,56377336561.77778
2021-06-05,2690.36,2816.85930093,2564.84,2621.39,50568307598.22222
2021-06-06,2634.93,2742.75221458,2619.61,2715.42,46832836456.85609
2021-06-07,2717.42,2842.47115663,2592.08196173,2592.08196173,42937529080.888885
2021-06-08,2592.03,2620.59169122,2334.78,2514.75722731,60987077209.51049
2021-06-09,2518.91893439,2620.63903309,2419.93,2613.35540572,60566912853.333336
2021-06-10,2613.27803176,2619.45963285,2438.89,2483.09,50281390622.32753
2021-06-11,2473.3,2490.04,2334.39,2353.48,40483088448.0
2021-06-12,2355.85,2444.41,2268.32,2378.03,41453918257.77778
2021-06-13,2375.39,2548.58,2317.91010881,2508.03,36890377002.666664
2021-06-14,2512.8,2598.76,2473.88942366,2583.08,41433968512.0
2021-06-15,2584.61,2637.17,2518.46,2552.59,41452076693.333336
2021-06-16,2549.03,2551.48257663,2360.79339045,2366.09605782,36061754150.3554
2021-06-17,2370.28553166,2457.80719921,2317.397075,2377.83,35905639734.41115
2021-06-18,2373.3,2377.3,2151.61673803,2227.47,31839007651.555557
2021-06-19,2231.11,2269.63,2172.12,2181.05,33007749127.11111
2021-06-20,2178.25,2275.24,2053.35125542,2245.53180239,29647835484.444443
2021-06-21,2248.25892848,2253.31799016,1878.22,1895.47,42688597775.48754
2021-06-22,1895.12,1992.29,1726.73,1872.0,51600065696.55749
2021-06-23,1876.98,2042.09409307,1834.91,1972.07,48773871073.24381
2021-06-24,1971.05,2034.04703149,1893.1225352,1989.07236799,32379233621.333332
2021-06-25,1991.99807165,2020.77102536,1803.14,1823.51374363,31200907836.867134
2021-06-26,1821.33029092,1850.8171835,1725.22494357,1815.11,33875120911.711193
2021-06-27,1831.96,1973.73,1814.27377618,1973.73,30500859218.929577
2021-06-28,1978.8,2140.514244,1966.66,2085.09,35536020321.35211
2021-06-29,2085.95,2241.77,2085.95,2167.13409368,39270642702.22222
2021-06-30,2165.32099368,2284.32520903,2101.19,2278.55422753,35796252729.087105
2021-07-01,2276.91131543,2276.91131543,2086.5,2122.9,41271193271.74913
2021-07-02,2115.94,2154.35369361,2026.48692962,2141.64834452,39089640334.22222
2021-07-03,2141.33290795,2237.22,2123.97,2232.17329601,28746181073.454544
2021-07-04,2230.2879819,2385.32,2195.38914923,2326.50354074,28505858773.333332
2021-07-05,2327.21260081,2327.21260081,2167.87,2218.6084284,35384275342.22222
2021-07-06,2200.30407438,2349.66,2200.30407438,2321.28968616,41013952924.44444
2021-07-07,2328.75464628,2399.73,2304.70842142,2317.44661001,43124795171.55556
2021-07-08,2319.27814412,2322.76482248,2100.59,2131.9308673,41682520320.0
2021-07-09,2127.12806822,2185.76143702,2065.97,2157.3447453,42035981361.77778
2021-07-10,2153.28080295,2192.45511015,2097.3,2124.92651363,37241989148.44444
2021-07-11,2124.60173241,2174.98,2097.81,2149.60407537,29896356746.25784
2021-07-12,2147.77588194,2171.64,2036.28864443,2055.42964503,29241104234.666668
2021-07-13,2055.18805694,2060.25,1926.95,1937.90805223,30844963185.77778
2021-07-14,1944.20893811,2015.8688937,1875.02,1993.81219807,30744751815.11111
2021-07-15,1997.92447192,2038.89,1890.39,1908.88361687,29515926684.444443
2021-07-16,1913.53,1959.47,1857.95323027,1879.51,28135131768.88889
2021-07-17,1880.08,1917.16,1858.2,1901.01,26145684529.77778
2021-07-18,1904.33,1990.07,1887.5,1901.58,25804942983.11111
2021-07-19,1898.18,1918.14,1812.16,1824.42,24047289351.11111
2021-07-20,1821.23,1835.5,1728.21,1786.71,28687798940.444443
2021-07-21,1790.52,2013.83787574,1764.39,1994.5,33026273258.592335
2021-07-22,1995.33,2036.10408739,1959.1,2028.47,38578752668.44444
2021-07-23,2026.59,2129.66176752,2005.03,2129.66176752,31527067121.77778
2021-07-24,2128.27109484,2198.34,2112.95,2187.59,30717181034.666668
2021-07-25,2189.50706856,2195.75,2114.84906256,2193.32,27764064762.648083
2021-07-26,2193.54,2424.25532755,2182.43,2235.15,42334135941.79791
2021-07-27,2234.19,2321.38,2160.59,2292.95,46156114709.333336
2021-07-28,2300.95,2337.22,2259.67760182,2301.05,38761611384.888885
2021-07-29,2303.04,2394.3,2276.83585432,2379.9,29086706993.77778
2021-07-30,2381.44,2463.85,2325.4832577,2463.85,33147690744.88889
2021-07-31,2474.15,2548.63874116,2431.09,2543.37379573,33746910933.333332
2021-08-01,2537.63279058,2694.04,2525.05107947,2572.83471446,35564211989.333336
2021-08-02,2566.15957415,2665.24,2529.2981176,2614.35738389,44237357496.888885
2021-08-03,2614.4689641,2630.24037379,2463.84,2520.81,42120189838.22222
2021-08-04,2509.32,2765.35785202,2469.1,2731.14301508,39522265713.77778
2021-08-05,2728.52268012,2841.54729933,2558.07856587,2833.45241273,52632716487.111115
2021-08-06,2833.98669746,2948.46,2739.99595722,2896.39001382,53153706140.44444
2021-08-07,2895.23310139,3172.84075044,2882.21241084,3172.84075044,46200937880.16783
2021-08-08,3167.28,3186.74243705,2961.7696352,3016.88069149,51550912256.0
2021-08-09,3020.30281611,3187.01889631,2909.1846,3164.76298206,49748753436.44444
2021-08-10,3171.01714221,3221.47464589,3069.5082,3147.22578695,47538539804.44444
2021-08-11,3148.35950626,3270.0135,3137.22276359,3172.898,43014164913.77778
2021-08-12,3172.4227,3241.69854097,2999.4412,3053.8291,38645201884.44444
2021-08-13,3049.5017,3330.01999268,3045.5628,3330.01999268,38197176696.888885
2021-08-14,3328.81740874,3330.62250999,3224.59286787,3273.1094,33226024256.0
2021-08-15,3272.7754,3321.1426,3126.5284,3312.1702,29447591395.555557
2021-08-16,3314.0409,3335.0811,3151.02070425,3158.2022,35668256582.466896
2021-08-17,3160.3397,3291.24922331,3017.2454,3017.2454,35642646234.405594
2021-08-18,3021.522,3126.9545,2977.14,3040.6022,38846090958.22222
2021-08-19,3029.5245,3183.07926051,2976.61751192,3179.7232,30035902570.666668
2021-08-20,3186.5441,3302.54699885,3185.7748,3286.68785039,30429153699.555557
2021-08-21,3289.50708532,3312.1191,3223.05933232,3240.0862,28040550435.679443
2021-08-22,3233.67975973,3275.9605,3146.959,3248.84611688,23759242236.432056
2021-08-23,3248.27052776,3377.1301,3244.37582376,3324.1944,29702255736.88889
2021-08-24,3326.254,3360.30786404,3167.65329562,3181.2344,29952223060.13986
2021-08-25,3180.2573,3249.83826639,3095.86727209,3231.552,30534726741.333332
2021-08-26,3231.9817,3253.1857,3069.535,3121.0153,28224284029.770035
2021-08-27,3102.9291,3282.46142184,3071.6771,3268.2547,25812508266.666668
2021-08-28,3273.9851,3283.4691,3225.97079267,3247.4221,23693021018.140846
2021-08-29,3246.9984,3285.5897,3168.3971,3236.1842,21213475622.3554
2021-08-30,3230.8939,3342.79625146,3156.23690046,3233.0987,23938587323.317074
2021-08-31,3229.163,3454.71498532,3201.6717,3441.6881,40154035000.888885
2021-09-01,3439.5209,3797.4873,3394.0427,3797.4873,46300622080.0
2021-09-02,3828.9017,3834.0126,3738.64426013,3797.8858,43137180097.560974
2021-09-03,3795.3939,4015.3308,3732.2044,3938.85931848,38345291183.72125
2021-09-04,3947.56638014,3970.7878,3848.9772,3899.63126256,34933022343.111115
2021-09-05,3892.89245189,3985.0219,3846.0497,3960.2367,25297265870.22222
2021-09-06,3959.7173,3973.42229085,3886.9396,3940.4683,25138240713.915493
2021-09-07,3937.4973,3951.1869,3179.8431,3441.5586,37655810446.22222
2021-09-08,3435.37,3561.2584,3236.2108,3490.7883,57381083975.111115
2021-09-09,3502.6584,3564.1433163,3415.96,3432.1643,37246966904.888885
2021-09-10,3433.987,3514.50611212,3171.2246,3218.4576,29160810017.89547
2021-09-11,3216.9992,3346.79737014,3216.9992,3273.1945,29240999572.069687
2021-09-12,3274.9041,3466.86137831,3245.242394,3416.4496,22647023004.444443
2021-09-13,3417.8972,3434.0905,3151.26171316,3303.3638589,28643691313.77778
2021-09-14,3293.02571759,3428.9998,3288.31423671,3422.591,29507197598.773518
2021-09-15,3430.0608,3599.9151,3375.9956644,3591.1752,23595684856.88889
2021-09-16,3611.0175,3666.8641,3501.4712,3577.8433,28934761280.0
2021-09-17,3577.1171,3592.17690598,3367.4574,3401.2832,26073960824.88889
2021-09-18,3404.8274,3539.7579,3382.0438,3435.5227,23194678197.07317
2021-09-19,3442.2762,3455.394,3300.8785,3329.2156,19223792853.333332
2021-09-20,3334.9831,3338.5683,2957.3912,2982.0818,31036572604.444443
2021-09-21,2972.7091,3098.0626,2718.18923351,2756.2493,42039727438.22222
2021-09-22,2769.0927,3091.1997,2752.94501269,3076.64024537,43141827840.0
2021-09-23,3079.18057544,3169.0311,3046.7762,3158.7165,30667544903.11111
2021-09-24,3159.9768,3159.9768,2774.3783,2930.0015,32613387802.759583
2021-09-25,2936.397,2970.03591218,2830.87273798,2945.65177962,33405874595.555557
2021-09-26,2933.93218262,3166.9589,2753.8006,3067.592,28967767888.20601
2021-09-27,3066.1482,3163.72057763,2948.70749431,2948.70749431,28446766900.65248
2021-09-28,2929.04813233,2973.726,2806.05715835,2811.5444,25309393038.534798
2021-09-29,2811.9907,2949.2297,2796.3706,2854.8556,23835927706.498245
2021-09-30,2855.1193,3045.1343,2851.6814,3009.43570749,24796819448.88889
2021-10-01,3007.80224723,3327.89262226,2988.68749429,3307.91937597,27033261098.666668
2021-10-02,3313.77714061,3463.5459,3268.5525504,3393.1203,26572499128.88889
2021-10-03,3397.24970687,3483.785463,3369.50592015,3423.3294,23648606208.0
2021-10-04,3424.0484,3438.25258974,3299.17124491,3396.324,22691844920.88889
2021-10-05,3395.026,3528.976268,3382.05033901,3509.11445347,25529465585.77778
2021-10-06,3509.94094102,3624.16770812,3367.56198304,3590.82417901,28165578716.444443
2021-10-07,3585.05052303,3653.39334896,3496.6080436,3594.65912893,30544829464.97561
2021-10-08,3592.20107658,3668.23691657,3557.4779,3564.0715,24510042581.333332
2021-10-09,3567.8012,3630.75044362,3553.39359715,3590.29731358,20008727310.22222
2021-10-10,3582.20604248,3604.31399405,3432.5308,3433.7703,20452277987.555557
2021-10-11,3429.6781,3617.76250343,3407.5698,3542.10596091,26114599353.441696
2021-10-12,3542.10596091,3543.07444275,3418.7842,3494.82021501,24503337026.30216
2021-10-13,3499.20329422,3607.45932822,3430.69686006,3602.4665,22314184291.5053
2021-10-14,3608.9164,3817.9563,3600.5729,3794.05187767,24671591984.848057
2021-10-15,3791.98767175,3897.73247557,3748.68912148,3874.3882289,27764274438.28772
2021-10-16,3874.76689115,3966.7506,3814.4507,3842.72310861,25330359719.349823
2021-10-17,3836.37983336,3911.72471228,3703.54840089,3856.77698939,20901648263.314285
2021-10-18,3856.22621503,3892.9615783,3716.52663175,3754.3723,25054686272.44755
2021-10-19,3756.9331,3886.6498,3752.1008,3882.9354,23232424942.035088
2021-10-20,3884.143,4164.84416676,3840.60405351,4164.84416676,25564426396.444443
2021-10-21,4158.80090043,4360.0497,4048.79639556,4075.55611798,41948811555.55556
2021-10-22,4067.36827332,4165.48414017,3927.83524367,3980.62404791,35881919985.77778
2021-10-23,3981.13770371,4164.092,3958.82707806,4161.5046,24613138254.22222
2021-10-24,4167.6736,4180.6152,3978.2210103,4084.26588171,21419554595.555557
2021-10-25,4088.79475979,4232.1457,4077.54282613,4216.98418568,22752207857.77778
2021-10-26,4221.85487734,4285.8006599,4129.0054,4144.227,21401297024.0
2021-10-27,4137.8404,4298.62777148,3951.96798516,3953.5218,35496672056.888885
2021-10-28,3945.3471,4290.08103531,3932.0774,4277.87961246,33911031608.88889
2021-10-29,4287.9388598,4453.40662724,4281.64309284,4411.12373574,36124664853.333336
2021-10-30,4414.74254647,4418.93727959,4269.35007891,4315.82383874,24115032526.22222
2021-10-31,4327.84065516,4395.1307,4195.5043,4297.53169999,23144903765.333332
2021-11-01,4295.12785649,4374.99580516,4178.0519531,4337.67854968,25023704490.666668
2021-11-02,4330.60297573,4598.07961878,4300.05164907,4592.98081403,25026544957.54704
2021-11-03,4585.91115049,4653.12873078,4475.24696483,4605.62442713,29633102307.555557
2021-11-04,4603.64540249,4603.64540249,4433.6859775,4535.31760304,28082568959.108013
2021-11-05,4537.56146065,4564.36671283,4460.01332699,4488.13218049,24256463402.666668
2021-11-06,4485.26259373,4527.731,4349.2654,4515.41283867,20576344970.666668
2021-11-07,4521.47028364,4638.96164317,4514.49230258,4619.16774638,20506340693.333332
2021-11-08,4623.57396928,4822.4666,4623.57396928,4819.16129379,24100025956.251747
2021-11-09,4817.78238677,4834.00284331,4727.7406,4736.7254,26270877096.585365
2021-11-10,4739.44643424,4867.17359409,4548.1943,4637.64527543,26262380366.22222
2021-11-11,4642.0509237,4778.07230312,4593.5391362,4727.23091809,35289895544.888885
2021-11-12,4727.82942085,4808.224,4529.32462587,4677.70531107,26261109916.444443
2021-11-13,4677.05135678,4704.3168912,4597.24884892,4658.15601252,23889874876.20906
2021-11-14,4655.0937,4694.53751413,4528.2011,4630.75896844,17833173630.66202
2021-11-15,4634.1135504,4770.28239967,4555.68132186,4575.84225277,22289251496.27972
2021-11-16,4571.8677,4571.8677,4155.1316,4230.1812,38229605532.44444
2021-11-17,4222.07186184,4292.0509,4106.563,4292.0509,34832910080.0
2021-11-18,4291.5766,4343.11551998,3973.6198,3995.3938,28548142542.22222
2021-11-19,4006.80309646,4307.1171,3998.3392,4294.15273901,34323611555.555557
2021-11-20,4300.91388051,4436.52998642,4227.78214452,4422.12853129,23245987662.22222
2021-11-21,4417.18308249,4418.94641215,4284.63676994,4284.63676994,20657591516.444443
2021-11-22,4280.02788794,4300.1512,4050.1939657,4105.1047,25889685009.9021
2021-11-23,4098.83394554,4387.33204419,4077.5573,4355.12481676,33298571313.77778
2021-11-24,4345.39858825,4373.9907,4186.99566972,4267.1911,32144551872.0
2021-11-25,4276.9243,4550.47771878,4263.4167,4525.30741793,35422437674.666664
2021-11-26,4524.33246039,4544.87135145,3946.24977397,4048.13189597,49447816746.666664
2021-11-27,4042.29796339,4184.98223326,4042.29796339,4082.36635799,45184787050.666664
2021-11-28,4099.2954583,4300.92918752,4007.49392401,4300.92918752,35456327388.44444
2021-11-29,4298.53108002,4460.0291,4297.3593,4452.2641317,41952501048.888885
2021-11-30,4448.37506292,4721.5876,4363.3249,4641.64568392,44349213511.111115
2021-12-01,4637.11575058,4769.29409153,4543.11117544,4586.9631,53583852202.666664
2021-12-02,4590.6256,4624.2279412,4458.61699984,4520.3255769,39617597980.44444
2021-12-03,4522.42061756,4643.00607533,4126.37711685,4248.6659,35657670385.77778
2021-12-04,4229.8035,4238.4659,3642.6823,4097.56382507,66819603939.55556
2021-12-05,4120.11213872,4243.92129146,4054.031,4192.6384,45377214535.111115
2021-12-06,4200.7952,4364.45288237,3953.6514,4348.48487926,52471101454.22222
2021-12-07,4358.19065773,4422.8824,4273.3958,4306.10221262,53119410176.0
2021-12-08,4310.24450545,4450.64678191,4240.4096,4436.87657919,43043314076.44444
2021-12-09,4439.34595387,4473.07877381,4090.57044907,4153.46424386,45092418503.111115
2021-12-10,4129.3725703,4219.46985862,3918.3373,3918.3373,47781683513.979095
2021-12-11,3910.7981,4095.69508154,3859.8901,4091.65528805,47587895793.77778
2021-12-12,4085.72926512,4175.85855035,4005.64743274,4140.56628434,31766340003.555557
2021-12-13,4138.9436284,4143.79275447,3694.3441,3793.5513,28397948935.236748
2021-12-14,3792.8126,3880.33330546,3704.8133,3867.81731017,35363992001.560974
2021-12-15,3867.63787679,4079.18391444,3681.0649,4012.8137,30124147328.0
2021-12-16,4019.2212,4104.88991121,3968.8079,3973.235,38004166243.55556
2021-12-17,3965.1851,3992.7539,3723.23826741,3889.81869847,34426731072.0
2021-12-18,3880.89752122,3987.5375,3784.48510294,3961.200251,38068638994.02817
2021-12-19,3963.92580816,4018.2439,3899.8359343,3924.8675,23808039570.797203
2021-12-20,3927.11662899,3971.77217849,3774.41167059,3936.13632377,26250691868.444443
2021-12-21,3939.55828884,4057.83206787,3922.34931982,4027.1658,28618196096.0
2021-12-22,4023.0643,4071.35914607,3953.19919971,3988.06392707,20454123953.77778
2021-12-23,3984.6046,4149.4945058,3908.5358622,4110.14416773,22592386496.0
2021-12-24,4112.80504464,4134.7107271,4042.03693908,4048.6063,21211889521.77778
2021-12-25,4049.1365,4134.1729,4039.6481,4109.64647145,15636280544.0
2021-12-26,4099.68528166,4105.3506,4020.0622,4076.41144199,14905552739.555555
2021-12-27,4071.64237913,4128.6383,4042.1039,4044.83510574,14068084000.0
2021-12-28,4044.2565075,4044.2565075,3788.35345402,3814.2797,19605723971.555557
2021-12-29,3808.7489,3836.19518888,3634.01930279,3639.10187563,20503962392.88889
2021-12-30,3640.37326095,3774.3787736,3620.62280495,3724.1063,23603716035.555557
2021-12-31,3721.8755,3821.7261,3644.59036732,3691.61115637,16844827160.88889
2022-01-01,3685.98636322,3785.07506713,3685.98636322,3773.5834,15838957063.11111
2022-01-02,3777.2303,3850.0803,3738.1076,3839.8139,12081725038.222221
2022-01-03,3838.5395,3847.9775,3701.31926644,3770.2317,16383773891.555555
2022-01-04,3771.4726,3888.93214139,3731.8401565,3797.755382,21877374442.666668
2022-01-05,3796.65458202,3849.9841,3454.7647,3563.1909,22750588508.444443
2022-01-06,3554.2026,3554.4911,3323.8636,3419.99378329,33165849173.333332
2022-01-07,3418.00811789,3419.45502992,3117.95117496,3197.2259,31764463352.88889
2022-01-08,3201.9761,3246.62948445,3023.8653,3099.62550054,29076178126.22222
2022-01-09,3096.00773046,3215.33403103,3081.71636345,3164.40930507,25730508117.333332
2022-01-10,3159.75460052,3188.1384,2956.97572262,3085.3671,23895435747.555557
2022-01-11,3087.9618,3258.21649381,3063.21791334,3238.0088,25028994711.63763
2022-01-12,3239.9182,3409.9251,3215.34375539,3374.3038,22110662012.444443
2022-01-13,3373.8813,3409.0415714,3248.20239928,3256.1415,22032964476.444443
2022-01-14,3245.7687,3334.32919714,3202.7613,3314.71416154,19039040515.555557
2022-01-15,3312.16166283,3367.66611965,3280.94412966,3331.83426711,15214683509.333334
2022-01-16,3331.37519294,3378.9543,3292.9095,3354.69311478,12274577792.0
2022-01-17,3351.39931392,3356.41811824,3156.92675414,3214.91037247,14173655228.444445
2022-01-18,3219.25887844,3242.991,3100.9488868,3168.5187,16272064177.777779
2022-01-19,3171.3412,3179.17561856,3059.9144,3100.98763983,17881558800.947735
2022-01-20,3099.29252985,3269.94570164,3013.74276839,3013.74276839,16122431587.555555
2022-01-21,3010.65583698,3032.10798861,2529.47972387,2552.5915,26722596512.0
2022-01-22,2573.6066,2622.08723804,2332.1483,2406.10956477,37481679800.39161
2022-01-23,2411.95476255,2547.27134303,2384.2653,2536.3249,27362524849.77778
2022-01-24,2542.4014,2542.4014,2175.5201335,2448.138,24891950019.555557
2022-01-25,2444.3887,2500.2778,2360.47155414,2464.10579855,29708526609.83972
2022-01-26,2459.68404508,2706.0679,2417.30496691,2468.20102193,21633409863.11111
2022-01-27,2466.03038829,2513.42947371,2326.7222,2428.66007335,27014150272.0
2022-01-28,2424.03063021,2551.123,2372.18234513,2549.8198,24445587932.444443
2022-01-29,2548.5067,2629.5541,2527.84445611,2598.4454,25683150954.666668
2022-01-30,2602.61717965,2634.67345663,2551.23164592,2608.2808,19499216650.666668
2022-01-31,2605.5429,2699.2795,2492.28228597,2689.51210141,18380646346.666668
2022-02-01,2689.11643617,2805.34102507,2683.2284,2799.5787,19492302478.22222
2022-02-02,2793.2257,2807.05364942,2632.18131057,2678.3973,17227720252.444443
2022-02-03,2681.9238,2714.3062,2588.173383,2672.9835,20149039189.333332
2022-02-04,2690.9014,2987.92025594,2677.47428617,2987.92025594,21792889333.333332
2022-02-05,2991.66810505,3058.2666,2967.5512,3018.1714,24305494229.333332
2022-02-06,3020.0692,3059.32454864,2971.9124,3051.90891735,14038595022.222221
2022-02-07,3055.88241685,3186.4624,2994.40550108,3148.51983012,17695866744.88889
2022-02-08,3140.52321656,3224.56179838,3033.62762477,3122.99780201,22725888988.444443
2022-02-09,3118.41418329,3264.4265,3061.0133,3239.4858,20890519217.77778
2022-02-10,3246.8971,3275.1346,3068.22444122,3076.21483411,20885131431.11111
2022-02-11,3074.64096938,3130.09936792,2888.4834,2933.0463,25198476152.88889
2022-02-12,2934.972,2980.72194243,2870.1907,2911.9484,20355416256.0
2022-02-13,2920.9481,2950.0177,2853.96922831,2890.3408,15399377852.444445
2022-02-14,2877.0377,2958.75871416,2848.03594914,2935.17863306,15487090307.14386
2022-02-15,2938.56860754,3185.11273806,2915.71991277,3179.9854,19834285770.666668
2022-02-16,3181.9594,3187.5958,3055.8564,3129.9013,18818804646.801395
2022-02-17,3126.4848,3155.2644,2862.95555185,2884.361,20353951651.555557
2022-02-18,2891.9721,2942.3693,2764.8907,2790.53129633,21438118112.780487
2022-02-19,2788.02072137,2833.30229459,2711.42766624,2769.437357,18514676433.77778
2022-02-20,2768.92731537,2772.2785,2591.45932663,2637.05503105,14951276362.666666
2022-02-21,2634.3308101,2755.1098,2573.77507449,2573.77507449,18522682040.88889
2022-02-22,2579.54487224,2654.1101,2512.57756662,2644.6942,25153610176.0
2022-02-23,2640.4628,2754.0263,2592.31758005,2600.92748705,20045765536.0
2022-02-24,2591.12621903,2694.7542,2313.82225999,2598.89330337,28182890062.22222
2022-02-25,2601.79171637,2830.48952117,2581.21758462,2770.49284369,30941965461.333332
2022-02-26,2770.63171609,2857.13294359,2754.0076,2784.8057,23993767608.88889
2022-02-27,2792.1015,2846.12851738,2594.95990348,2635.91367283,18528048650.666668
2022-02-28,2635.76061133,2946.42875713,2593.76538008,2938.1166,26591377329.77778
2022-03-01,2931.7687,3042.9525,2885.6934,2980.1923,30933609287.11111
2022-03-02,2983.4188,3049.81646643,2929.50747536,2954.23178265,28155179555.555557
2022-03-03,2963.76441244,2980.45248046,2805.65325803,2853.32339872,22524687192.30662
2022-03-04,2852.99374401,2852.99374401,2595.71045806,2626.62768936,21749493537.23509
2022-03-05,2629.9574047,2691.8042,2608.02114384,2677.93676826,18990932485.505375
2022-03-06,2676.7601,2689.4531,2561.7422,2565.70789696,12411206368.0
2022-03-07,2569.54952607,2644.38694158,2458.17772014,2503.16429031,17797825340.444443
2022-03-08,2503.10346389,2625.763,2498.43480259,2585.4529028,23721453504.0
2022-03-09,2588.65584304,2773.98164328,2578.26234085,2737.20849883,24474104832.0
2022-03-10,2732.0539269,2736.05062331,2577.54407072,2612.81255261,21561721763.555557
2022-03-11,2617.91827568,2674.40547936,2535.223,2564.66590218,19237647114.666668
2022-03-12,2566.19161153,2615.029,2566.19161153,2584.0402542,15228387212.444445
2022-03-13,2577.7505422,2615.2419,2512.5811,2521.08742588,10640645864.88889
2022-03-14,2522.28125733,2613.1585,2508.3859,2598.4697083,16265850392.88889
2022-03-15,2596.25965603,2667.33403408,2518.64818039,2623.9200122,17829431089.77778
2022-03-16,2620.79046933,2791.83454076,2613.68828274,2779.26601585,22942450328.88889
2022-03-17,2778.74561313,2833.93253047,2754.1739,2822.03781382,24026359953.77778
2022-03-18,2822.08539638,2978.675,2779.52253715,2946.0277299,21138622396.444443
2022-03-19,2941.94286583,2979.01702116,2915.25363476,2946.08709969,22101064704.0
2022-03-20,2950.24538474,2962.4472,2832.04161555,2867.02842831,17790052778.666668
2022-03-21,2865.82409614,2959.0131,2839.67705986,2899.60202645,19877094901.333332
2022-03-22,2897.01951318,3045.88723571,2892.21034827,2975.12356016,26056952661.333332
2022-03-23,2971.95364309,3035.69387162,2934.30238729,3032.37462638,22252975792.61324
2022-03-24,3034.65059163,3124.49085555,3016.5055997,3112.86949625,26185802972.444443
2022-03-25,3115.56319531,3191.0562,3092.8711,3110.01862024,27651764586.666668
2022-03-26,3107.88831358,3152.8764,3093.93769056,3148.62054407,20321615182.22222
2022-03-27,3149.46363726,3292.16310701,3134.18425405,3290.47486211,14160547217.777779
2022-03-28,3294.19574338,3429.98260108,3282.24303456,3330.9823261,27477202773.333332
2022-03-29,3336.27280144,3476.49870047,3336.27280144,3408.38237775,30811204579.555557
2022-03-30,3404.90887316,3445.59161548,3343.0481197,3389.65668843,28170767239.11111
2022-03-31,3387.40886877,3442.90017412,3273.10263986,3287.19151705,24315855326.10453
2022-04-01,3285.49260942,3473.54235369,3228.196331,3452.56003504,34345837122.00697
2022-04-02,3456.4658,3526.40795177,3442.77843972,3442.77843972,37472480597.333336
2022-04-03,3444.19898257,3573.3175,3423.29221437,3520.92414085,28103429518.22222
2022-04-04,3523.09695718,3540.471,3425.08809307,3521.98346287,28208979399.11111
2022-04-05,3522.4544306,3551.94845745,3416.29494919,3416.29494919,27999827143.11111
2022-04-06,3411.69426233,3411.69426233,3174.95562821,3174.95562821,37579667120.61324
2022-04-07,3173.68172924,3268.7389,3154.07897296,3238.58949338,36511988864.0
2022-04-08,3233.1098545,3310.7578961,3181.8331,3197.0275,28615327308.7108
2022-04-09,3197.9921,3266.45267932,3190.7633,3266.45267932,25321252828.444443
2022-04-10,3268.05093479,3268.05093479,3268.05093479,3268.05093479,17648769024.0
2022-04-11,3206.7931,3216.9408,2966.0036,2986.51399387,29636449064.99644
2022-04-12,2986.5870132,3086.3396,2962.99106676,3042.06741194,37747924257.48523
2022-04-13,3036.10394954,3134.407,3013.2999,3124.1736,30500782667.188812
2022-04-14,3122.8519,3148.2826,2989.8922,3025.70753313,26582297731.28205
2022-04-15,3025.38362963,3048.9862139,3004.1751,3047.2329,23006111150.22222
2022-04-16,3047.5085,3077.3551,3019.6113,3064.2317,15160119968.0
2022-04-17,3062.7604,3085.40267883,2993.2429,2998.1528,14763718400.0
2022-04-18,2997.2418,3068.774,2900.59103799,3064.8061,25849521738.666668
2022-04-19,3060.3374,3129.8074,3041.1774,3111.4076,28521931636.850174
2022-04-20,3106.9042,3164.5756,3048.14468575,3083.57578954,24373213590.745644
2022-04-21,3083.14093001,3179.7554,2963.80281332,2994.3645,28040145400.88889
2022-04-22,2990.015,3027.8229,2946.74074354,2972.3624,33543664532.587414
2022-04-23,2968.0086,2980.1595638,2928.9519,2942.9099,20367053272.88889
2022-04-24,2941.0767,2967.54706681,2925.3916,2928.56060742,12625181187.555555
2022-04-25,2928.66541779,3023.6947,2810.2063,3012.94014398,27844104916.292683
2022-04-26,3009.61420039,3028.89612604,2785.86764299,2807.12304222,31751980586.666668
2022-04-27,2814.8725,2914.1693,2811.2782,2893.55973137,33208244913.77778
2022-04-28,2892.4452,2977.64912463,2865.9869,2938.5451,28783281875.244755
2022-04-29,2940.3813,2948.35671612,2785.5244,2817.72667418,30590870236.444443
2022-04-30,2820.83380448,2841.5676,2732.4181,2737.42548627,24933748195.555557
2022-05-01,2734.90873948,2841.38680016,2734.90873948,2831.7863,23559751092.759857
2022-05-02,2829.069,2874.80746861,2793.8178,2860.25439036,25575277753.822395
2022-05-03,2859.94352813,2862.98521571,2765.57840972,2786.8531358,24878253084.444443
2022-05-04,2784.91679592,2962.5856,2781.02480654,2944.09702139,22697061057.82857
2022-05-05,2943.6787,2953.0716,2704.42605086,2752.9804,28859075223.63763
2022-05-06,2751.9133,2757.20970096,2648.61542536,2699.8252,35827804572.44444
2022-05-07,2697.7517,2701.7974,2602.2619,2644.9258,23775022823.11111
2022-05-08,2639.7191,2642.36785807,2502.067,2513.90834645,27735353642.666668
2022-05-09,2523.53749611,2530.1183,2243.03163685,2258.00346687,38118695661.97183
2022-05-10,2239.56518225,2454.3536,2210.4121689,2345.8123,66000267207.111115
2022-05-11,2344.8802,2447.43037358,2031.48924315,2077.2963,58673029305.533104
2022-05-12,2076.2308,2180.2381,1763.3276,1967.9552,76188638848.0
2022-05-13,1958.5821,2141.5723,1944.4588,2009.0528,51155420174.22222
2022-05-14,2012.0259,2066.8634671,1956.78601329,2062.2008,27245265528.88889
2022-05-15,2058.8749,2154.3462,2009.85156995,2152.19645819,18953485528.88889
2022-05-16,2147.94516546,2147.94516546,1995.64120117,2032.47930794,24109528206.22222
2022-05-17,2031.3783897,2119.26662207,2024.69730884,2107.5215929,25815361144.88889
2022-05-18,2107.8762416,2120.68243482,1931.41,1932.2717,27132605629.101044
2022-05-19,1929.1163,2046.02557315,1922.7377,2041.14240263,32641303838.433567
2022-05-20,2039.06583819,2074.8232,1946.9523,1985.74391172,30493566165.333332
2022-05-21,1981.41179101,2015.44991587,1957.7459,2000.33152184,22812438293.333332
2022-05-22,1995.8538387,2066.09894264,1980.1965,2065.54477292,15038124330.666666
2022-05-23,2061.14694365,2102.56893692,1975.49640492,1992.81113302,22851228878.940765
2022-05-24,1991.82439246,2012.0014,1939.3116,1988.8964,26343086855.11111
2022-05-25,1992.1097,2035.3178,1957.7253,1958.13472125,24420884913.77778
2022-05-26,1955.9631,1984.10811993,1772.03840461,1820.73396553,31938422684.444443
2022-05-27,1809.4888,1828.1999132,1729.0918,1733.78260736,46593465770.666664
2022-05-28,1733.1684346,1822.1433,1733.1684346,1818.07789155,32093727921.77778
2022-05-29,1814.62853023,1841.46544889,1775.7517,1827.2122,18532626119.11111
2022-05-30,1821.1235,2023.6897,1815.69311472,2011.8934,26197168607.776222
2022-05-31,2008.0673,2016.58658581,1943.85382263,1964.27738856,34403463729.77778
2022-06-01,1956.3429821,1981.38915933,1788.38984695,1837.22448102,32242294151.635086
2022-06-02,1830.21702181,1866.88722582,1802.69117623,1850.31637603,37556545564.44444
2022-06-03,1850.40266154,1862.8379,1759.78738674,1788.88708129,28622626581.333332
2022-06-04,1795.28144674,1838.33800167,1760.39572146,1822.50991144,21736441543.11111
2022-06-05,1834.50759445,1854.9221,1789.80362614,1815.39335508,15356599601.777779
2022-06-06,1819.08697844,1935.90381491,1819.08697844,1871.37570131,26476270936.88889
2022-06-07,1881.2685,1883.7787,1739.4655,1829.2034,38037738339.55556
2022-06-08,1823.3981,1847.35759798,1781.9471,1803.55303818,39977175184.22535
2022-06-09,1803.31729419,1847.23709677,1789.88273487,1800.68478433,25759760118.119297
2022-06-10,1799.73866001,1827.88194707,1672.2001,1676.3168306,27751559708.444443
2022-06-11,1673.36638344,1699.8555,1517.08982564,1539.5003,37880931086.22222
2022-06-12,1539.1446,1554.4773,1443.3148,1453.17915036,46614410993.77778
2022-06-13,1446.28816747,1458.98290703,1181.3227,1211.1208,72609564686.32169
2022-06-14,1209.60081364,1257.31566926,1098.58278068,1219.0641,79186706417.62807
2022-06-15,1216.3363,1238.68758984,1022.67501654,1236.42719205,58263423445.333336
2022-06-16,1241.45435404,1257.03532887,1058.9442,1071.8412,58699222597.57491
2022-06-17,1072.133,1118.707,1061.91629936,1091.9019,35704587128.888885
2022-06-18,1093.1285,1102.8297,897.01120563,999.8306,30554862520.88889
2022-06-19,1000.821,1151.3764,946.30263516,1131.4833,48424583310.22222
2022-06-20,1132.8838,1165.3526,1067.05025122,1141.6753,43042361969.77778
2022-06-21,1132.7445,1194.8579,1116.7070837,1130.71330045,35559221620.36364
2022-06-22,1134.10859595,1134.10859595,1052.72733333,1055.50232987,29379230300.444443
2022-06-23,1057.69020683,1157.7644,1056.52466676,1149.4405,29923908337.77778
2022-06-24,1149.156,1250.14694078,1138.6749,1241.88162616,31774249685.333332
2022-06-25,1230.39077826,1259.9276,1187.1993,1252.32927324,29037533184.0
2022-06-26,1248.0670635,1284.66419996,1204.447,1204.447,23158357536.0
2022-06-27,1205.8617,1245.89780415,1186.21558598,1202.7,24295839580.444443
2022-06-28,1197.90450706,1240.05958106,1145.2878,1147.729,25052082638.22222
2022-06-29,1148.0614,1161.83726346,1093.4198,1101.1178,27135989253.351917
2022-06-30,1103.895,1109.533,1012.83098218,1071.81629282,29618717489.77778
2022-07-01,1073.68646227,1106.5238,1044.6455,1071.64364378,35559509660.44444
2022-07-02,1062.56352489,1082.01619681,1036.18395634,1072.77053512,22044447196.444443
2022-07-03,1070.31509427,1094.1404,1048.3995,1083.1197,15787262478.222221
2022-07-04,1081.6856,1164.3997,1051.3719,1158.1628,19456842912.0
2022-07-05,1155.2573,1176.73047705,1085.52132437,1139.15591486,29154314261.482517
2022-07-06,1139.11876179,1206.9389,1120.7566,1196.15320596,30791107583.090176
2022-07-07,1191.38628548,1260.28955299,1170.1369,1245.34510888,27355582592.0
2022-07-08,1247.10375745,1275.0164,1204.67790483,1239.2276417,31799601437.43554
2022-07-09,1222.00123813,1240.3202,1213.4956,1235.52515046,23189467064.88889
2022-07-10,1222.18540055,1229.36857755,1162.47074549,1177.64950289,16618974752.0
2022-07-11,1175.96597159,1182.1782,1101.24582586,1102.09369513,20335328192.0
2022-07-12,1106.72963367,1106.72963367,1041.39102041,1041.39102041,22624625941.333332
2022-07-13,1041.4937,1122.3607,1027.20428748,1122.3607,27991844408.88889
2022-07-14,1121.1215,1210.72229066,1083.28037745,1200.3983,33212883811.555557
2022-07-15,1202.1311,1287.6012,1188.2194,1242.93663271,36489480042.14634
2022-07-16,1242.12949093,1385.13962926,1203.3131,1363.77547541,34886580302.22222
2022-07-17,1363.64440814,1390.00265258,1339.1401,1349.21819871,40294502407.111115
2022-07-18,1346.94636885,1580.46844817,1346.94636885,1580.46844817,45472385489.77778
2022-07-19,1597.16268364,1625.37634006,1514.6933,1556.6581,60577417358.22222
2022-07-20,1556.3268,1624.45046756,1515.7945,1530.9961,48044646014.66202
2022-07-21,1531.9813,1610.88317222,1484.42462606,1588.9633,44777262279.111115
2022-07-22,1586.2305,1653.44367381,1533.6317,1550.0487,39748902783.55401
2022-07-23,1546.9792,1607.2792,1506.99305765,1562.74398605,33412789469.986015
2022-07-24,1559.14148701,1665.78119177,1559.14148701,1610.56316465,31552703891.1777
2022-07-25,1607.72579774,1615.3221167,1460.9212,1460.9212,38214308430.22222
2022-07-26,1451.74,1457.1624,1374.63,1451.66434954,38720087186.28571
2022-07-27,1462.78334435,1651.47578415,1435.6967,1651.47578415,38162597909.40767
2022-07-28,1648.38520663,1788.0517,1619.89212203,1736.87102918,54525808867.55556
2022-07-29,1736.43741123,1772.4409,1673.8285,1741.7085,50718220608.0
2022-07-30,1739.2731,1752.9588,1690.8993,1709.11698363,38780805376.0
2022-07-31,1707.15887136,1757.92900859,1683.6326,1691.1316,26165296341.333332
2022-08-01,1691.5817,1713.4912,1619.26647491,1642.11010653,29122110556.444443
2022-08-02,1641.83431649,1683.15368881,1574.9974,1642.81133415,36179693226.666664
2022-08-03,1641.11305757,1686.4746,1603.71844237,1625.3491,36776126456.86411
2022-08-04,1626.12488634,1667.75661456,1592.36550201,1618.82277245,30469246030.22222
2022-08-05,1615.14111564,1733.53884002,1615.14111564,1730.88687655,34332756216.88889
2022-08-06,1742.54432799,1754.81066309,1697.5081,1697.5081,31936933674.666668
2022-08-07,1696.5739,1732.6398423,1677.6249,1706.17103618,20121560003.555557
2022-08-08,1707.43668067,1815.78316901,1703.76660519,1786.564,26660251576.88889
2022-08-09,1785.4938,1822.7509,1682.2709,1716.05537926,32706398968.88889
2022-08-10,1710.54385195,1881.79260264,1673.90626726,1865.85609705,34392203512.888885
2022-08-11,1867.47422839,1942.04702629,1867.47422839,1897.9421,35785405902.22222
2022-08-12,1897.582,1973.6109,1876.64020376,1973.6109,25462167594.666668
2022-08-13,1974.6185,2031.88702403,1963.0583,1997.21700057,25526361080.88889
2022-08-14,1997.85450035,2038.344,1932.60409571,1952.20133976,19248559004.444443
2022-08-15,1950.42650342,2022.0255,1897.4129,1921.266,26022651548.444443
2022-08-16,1917.3466,1928.407,1875.78239844,1894.52070186,24174489756.444443
2022-08-17,1892.87298958,1969.1631,1837.6729217,1844.66252153,23311337543.358887
2022-08-18,1847.73524564,1889.6271,1840.05785007,1848.1317,22129731861.333332
2022-08-19,1848.7237,1848.7237,1617.29055697,1617.29055697,26545661425.77778
2022-08-20,1618.05772818,1655.12779273,1541.95443437,1584.12498911,27657180399.052265
2022-08-21,1582.11631174,1645.70215315,1572.49136496,1623.63815644,22272454165.333332
2022-08-22,1624.19276099,1629.18,1542.4863345,1629.18,22886773482.666668
2022-08-23,1629.7592,1671.23896197,1574.81819814,1667.72506561,24779859818.666668
2022-08-24,1667.74114791,1691.0087,1614.1574689,1662.1499499,23570177322.666668
2022-08-25,1660.85107363,1728.77115825,1660.85107363,1704.71719479,20562254912.0
2022-08-26,1705.00467764,1719.92718095,1522.87386908,1529.23625881,32809402659.555557
2022-08-27,1535.24266397,1544.78383605,1474.97978864,1512.3606,41625245056.0
2022-08-28,1508.0004,1523.9254,1446.8779,1446.8779,20927463367.11111
2022-08-29,1441.0825,1572.48544388,1441.0825,1567.60567298,23467333610.592335
2022-08-30,1569.09008309,1615.6287,1496.7222,1540.15,29678474200.752613
2022-08-31,1540.1108,1632.50965636,1540.1108,1571.7813,37207694378.666664
2022-09-01,1572.8162,1612.81545621,1538.78276743,1605.5273,29391723640.88889
2022-09-02,1604.14701762,1663.1605,1570.6223944,1590.9705,27606009256.585365
2022-09-03,1594.4149,1597.9578,1556.1652,1571.81268561,23579696206.22222
2022-09-04,1574.02227563,1594.95213362,1559.269,1593.12695726,13330018407.11111
2022-09-05,1594.49892318,1637.30975998,1576.2261,1637.30975998,17248149888.0
2022-09-06,1632.18313704,1697.3929,1578.96044243,1578.96044243,29849326535.11111
2022-09-07,1575.18707009,1666.78147869,1514.60671362,1647.84519048,32475255751.11111
2022-09-08,1647.2381338,1674.42814005,1620.75458078,1654.3175,32526352896.0
2022-09-09,1653.8723,1753.6899,1652.7172,1737.93384698,34189717809.77778
2022-09-10,1740.80400057,1808.2996,1730.62490651,1798.3565,27675742101.333332
2022-09-11,1797.1989,1807.24956668,1750.56858499,1784.5980121,21132237468.444443
2022-09-12,1784.62504196,1797.74476402,1726.2906,1739.28384266,27271086478.22222
2022-09-13,1742.58843351,1776.12566096,1585.43936079,1592.5175895,40959885930.666664
2022-09-14,1591.41388991,1669.3549,1580.1433144,1655.18442257,50737202453.333336
2022-09-15,1655.16631639,1670.19833713,1480.9865,1492.0814,55534580096.0
2022-09-16,1493.868,1502.9933,1433.8928,1446.7472627,47680938268.44444
2022-09-17,1449.23021926,1495.8389224,1428.65375896,1494.3329669,32598806840.88889
2022-09-18,1488.83891792,1488.83891792,1351.9499,1353.9930384,26680713735.11111
2022-09-19,1362.69645633,1406.46187038,1307.35190147,1397.48375379,49261621276.44444
2022-09-20,1401.50955923,1402.2263,1335.04724469,1337.6201,39725791745.78397
2022-09-21,1337.8963,1394.7979762,1237.38603505,1260.68045883,36383806264.888885
2022-09-22,1261.13098378,1353.39091029,1251.09190092,1347.11295038,52572820565.333336
2022-09-23,1339.28324998,1370.37088407,1280.7153,1339.37117636,48127721116.44444
2022-09-24,1340.06300256,1367.93489724,1328.7016,1342.38692865,44019129144.888885
2022-09-25,1338.093,1356.55127639,1293.01595292,1318.269,30597888704.0
2022-09-26,1311.5121,1353.72586967,1296.9685,1347.6918,34668929580.599304
2022-09-27,1349.3468,1418.7922,1320.02215033,1342.71996281,37167693013.333336
2022-09-28,1343.34199057,1369.8569,1284.59673437,1345.56531527,44449547024.94774
2022-09-29,1345.84646347,1360.8643,1302.6044,1345.66860171,36476411783.111115
2022-09-30,1345.3937959,1377.3679,1328.17392085,1337.16927271,35095161372.44444
2022-10-01,1337.38361617,1345.27311918,1313.3313,1319.5129,24279837106.750877
2022-10-02,1319.7301,1328.232,1282.58912975,1283.60076933,14872393304.88889
2022-10-03,1285.27821579,1335.9004,1280.29352512,1329.939,22608955374.22222
2022-10-04,1329.7521,1372.4368,1326.3752,1370.5743,24317840533.333332
2022-10-05,1369.288,1370.3085,1326.70925194,1359.8448,22811595143.11111
2022-10-06,1358.6797,1388.0352,1354.94072752,1357.70415919,28837461120.0
2022-10-07,1361.288,1367.8837767,1320.44254014,1332.01563133,23498465404.878048
2022-10-08,1331.74227697,1335.96275551,1305.8147,1315.1223,15751715599.163763
2022-10-09,1315.5734,1327.88747009,1308.94991179,1322.2074,11099968504.88889
2022-10-10,1322.7366,1334.9307,1291.0394753,1291.0394753,14298382616.083624
2022-10-11,1290.34819013,1297.2552,1270.89120138,1279.4075,19233795040.0
2022-10-12,1280.2618,1303.7917,1277.6777,1294.8947767,17098290482.843206
2022-10-13,1294.89655209,1297.8247974,1208.511,1288.08294623,23846336358.578396
2022-10-14,1287.29128713,1338.3823,1284.91068213,1297.5523,33458848042.666668
2022-10-15,1296.634,1300.89602759,1269.2297,1273.866,18202968803.555557
2022-10-16,1275.0055,1313.20714592,1275.0055,1305.74034871,12447929377.89547
2022-10-17,1305.28020203,1337.1241,1296.59512013,1332.4058,17823938080.0
2022-10-18,1330.8539,1339.5024,1291.1185,1311.9315,20472464604.444443
2022-10-19,1310.3055,1311.8526,1283.7715,1284.617,19727401237.333332
2022-10-20,1285.6969,1308.2815,1274.4654,1282.6884,17498682293.333332
2022-10-21,1282.9002,1305.3344,1260.8918,1299.5292,18643007608.88889
2022-10-22,1299.598,1317.64661754,1295.022,1313.01818132,15305410849.777779
2022-10-23,1313.0186,1368.1266,1302.2703,1361.7918,11098584932.794426
2022-10-24,1363.0932,1367.6843,1326.8996,1343.6972,21173323406.22222
2022-10-25,1343.3106,1510.1817,1287.07956035,1463.42046591,26123834773.333332
2022-10-26,1459.72455672,1583.12903229,1459.0289248,1565.49464405,53863084039.111115
2022-10-27,1566.49818682,1573.20150921,1510.5281422,1514.69028499,41457106432.0
2022-10-28,1514.216064,1568.5417,1490.8258,1556.203,36109050375.111115
2022-10-29,1554.40980035,1644.76878059,1549.7773,1620.51190391,33548971555.555557
2022-10-30,1619.15288883,1637.016,1578.25126934,1589.3013,26897969930.666668
2022-10-31,1589.0586,1631.4787,1552.3476,1573.62815438,25615568440.88889
2022-11-01,1571.89805742,1606.9968,1567.84237209,1578.9899,27764591989.333332
2022-11-02,1578.719,1612.9202,1506.91749431,1519.44346292,24669581521.77778
2022-11-03,1518.77521099,1556.08012359,1516.08789547,1530.66817007,34568313144.888885
2022-11-04,1530.99757461,1662.0981,1528.85606474,1644.6298,26853065112.88889
2022-11-05,1643.8873,1659.6563,1624.5877,1626.1543,28373682417.77778
2022-11-06,1626.7032,1634.21183884,1573.7605,1573.7605,14569443079.11111
2022-11-07,1572.8043,1603.9821,1549.8852,1568.2193,23137771772.444443
2022-11-08,1567.4369,1573.6633,1263.9011,1332.76611618,41875192234.666664
2022-11-09,1333.58081989,1334.1004672,1085.74312886,1095.36824734,70554382947.55556
2022-11-10,1099.63344429,1345.9238,1091.55014361,1300.65469916,64840283747.55556
2022-11-11,1298.9448,1304.623,1211.86953319,1294.1023,42946262840.888885
2022-11-12,1290.4865,1290.4865,1245.77263239,1257.9701,28423737013.333332
2022-11-13,1259.0258,1274.5241,1209.3709,1223.79697758,15444773212.444445
2022-11-14,1223.6537584,1287.63012686,1181.1305,1242.59269343,24089592682.666668
2022-11-15,1242.07934828,1285.3936,1238.71564597,1252.7961,23680562851.555557
2022-11-16,1253.7473,1265.6373,1194.68719625,1217.30689244,20331229994.666668
2022-11-17,1217.59653001,1226.46611318,1188.0834,1200.16395458,19152988718.22222
2022-11-18,1200.79726689,1227.65722359,1200.79726689,1213.30930507,15701073145.756098
2022-11-19,1212.81397099,1227.4193,1200.7882,1218.90229948,9537879634.062717
2022-11-20,1219.82130819,1223.8445,1138.95301699,1144.0425,11230235875.555555
2022-11-21,1143.382,1143.382,1084.8446,1108.39066962,21338577077.333332
2022-11-22,1107.69391344,1138.386,1081.0533,1135.112,24361076316.444443
2022-11-23,1138.829,1186.7917,1129.9878,1185.1995,22390376359.11111
2022-11-24,1186.067,1214.77153263,1181.9022,1204.057,20792419555.555557
2022-11-25,1204.774,1204.774,1175.98648698,1199.16844719,15465895210.666666
2022-11-26,1198.4439,1225.97353603,1197.90843884,1206.78254045,14760104952.88889
2022-11-27,1205.80123918,1221.93629851,1193.84821445,1193.84821445,11739046767.498259
2022-11-28,1194.28115547,1199.5172,1155.365,1169.48430107,15553576785.777779
2022-11-29,1168.7013,1224.21711,1161.61081423,1217.2066,18646231342.22222
2022-11-30,1217.14,1302.2602791,1216.4066,1296.26641358,21260847079.11111
2022-12-01,1294.8358941,1294.8358941,1263.9917,1274.9055,19783274478.22222
2022-12-02,1275.83585637,1293.72400005,1267.6698,1293.7235,15344008959.108013
2022-12-03,1294.8408,1300.1995,1238.55198951,1242.37800539,14198367549.547039
2022-12-04,1240.85342772,1281.86384819,1240.85342772,1280.97747143,13263055079.11111
2022-12-05,1279.64529795,1302.84992866,1249.7737,1259.13258199,15193700887.11111
2022-12-06,1259.40860493,1272.78515265,1245.7988026,1272.78515265,14341437856.0
2022-12-07,1271.07481975,1271.9287,1224.4515,1233.04818971,15388381831.11111
2022-12-08,1231.76184312,1286.1438,1224.84076909,1281.74966622,14235489060.571428
2022-12-09,1280.57576694,1290.72197981,1258.0506,1262.2015383,15888496176.0
2022-12-10,1262.76206315,1279.39569059,1261.39320997,1265.10983281,10217945848.88889
2022-12-11,1266.76350925,1282.21014812,1259.7378,1263.77602812,7445708549.333333
2022-12-12,1263.24256342,1276.44941502,1242.24758744,1274.63501833,11962940656.0
2022-12-13,1275.00570196,1341.1211,1258.5035,1321.58866686,18729368056.88889
2022-12-14,1322.69756232,1349.09103344,1306.40874361,1310.32909957,21131939253.333332
2022-12-15,1310.00805104,1312.55138423,1263.5405,1266.91067439,20454735331.555557
2022-12-16,1267.81767662,1280.3073,1161.5234445,1166.2983,17306134037.333332
2022-12-17,1169.16453011,1190.82527457,1165.11593942,1189.73942997,20335989585.77778
2022-12-18,1189.66326351,1197.5162,1177.86409342,1188.275954,9518597777.777779
2022-12-19,1186.87597144,1196.25495407,1161.044,1169.05802315,10509185873.777779
2022-12-20,1170.24340995,1226.0437,1166.52443948,1218.68766038,17283320952.88889
2022-12-21,1218.98211733,1219.76265929,1206.88975448,1213.20702447,12978582071.11111
2022-12-22,1214.76421731,1222.722,1187.0802,1218.502716,10386942257.777779
2022-12-23,1218.16938266,1228.27284575,1215.89635901,1220.07961559,13899782833.777779
2022-12-24,1220.41052338,1225.2539,1215.8367,1221.8758,8221414096.888889
2022-12-25,1221.8455,1224.6446,1203.2394,1219.48847052,6776633709.714286
2022-12-26,1219.77052158,1227.65604583,1214.1297216,1227.65604583,9316884416.0
2022-12-27,1228.55157371,1231.43667876,1205.1912,1212.87570587,9369368394.666666
2022-12-28,1212.82112035,1214.26785002,1185.7518,1190.81114249,11934880928.0
2022-12-29,1190.80515427,1205.25431495,1188.558,1202.14295591,11982238856.88889
2022-12-30,1201.76128465,1202.73715851,1186.3174,1199.6719973,10072654832.0
2022-12-31,1200.64474734,1207.2416,1194.98108514,1197.4878,7761569877.630662
2023-01-01,1197.1444,1205.0958,1193.42220026,1201.56229712,6431231801.777778
2023-01-02,1201.32343517,1220.9376,1195.77183806,1214.52580341,7972081998.222222
2023-01-03,1214.77299135,1220.0728,1207.85070338,1214.98659342,8335574752.0
2023-01-04,1214.9439,1266.16244794,1213.68003722,1257.04842734,13085537285.333334
2023-01-05,1257.39038607,1259.58037702,1246.3896,1250.5991,12116147982.222221
2023-01-06,1251.0164,1274.17978495,1241.29678842,1269.973956,10604729132.444445
2023-01-07,1269.30496844,1270.6344,1261.9063,1263.6902,10093205690.666666
2023-01-08,1263.15613141,1285.68345724,1259.86922848,1285.68345724,6439228099.555555
2023-01-09,1288.1180391,1344.5612381,1286.7009,1322.56945835,15692350625.777779
2023-01-10,1321.53921322,1342.9171,1319.7301,1336.37357785,15791881173.333334
2023-01-11,1335.75435958,1387.87708851,1324.11136382,1387.87708851,12947376391.11111
2023-01-12,1388.18298735,1435.8886,1378.1888,1417.9421,22942560789.333332
2023-01-13,1418.2492,1463.67078169,1404.49632299,1453.47695025,21868064426.666668
2023-01-14,1453.16731376,1565.34924032,1453.12030414,1554.18,33245275907.555557
2023-01-15,1552.4133,1558.8221,1522.948,1552.39605063,19293094368.0
2023-01-16,1553.05804382,1597.46217632,1535.3383,1577.92212519,19714203192.88889
2023-01-17,1577.81976723,1595.10243046,1555.5379508,1568.52072303,20024305404.444443
2023-01-18,1565.29375788,1603.3377,1511.90497312,1518.28123854,20434701468.444443
2023-01-19,1517.95965988,1561.39084415,1515.1253,1552.56299752,22981805365.333332
2023-01-20,1553.23045652,1663.5809,1545.8403,1663.5809,15697074524.444445
2023-01-21,1661.3314,1678.16831334,1627.7613,1629.442,24645126574.22222
2023-01-22,1629.5682,1661.53084634,1613.6371,1632.6316,18501790670.22222
2023-01-23,1630.5893,1645.1655,1615.8282,1632.0742,17575558314.666668
2023-01-24,1629.7305,1643.7927,1563.2685,1564.86861105,19096453902.22222
2023-01-25,1570.71117391,1645.5753,1537.7599,1625.2328,27738276956.444443
2023-01-26,1623.57217702,1644.6173,1598.8551,1611.3829,30637000014.22222
2023-01-27,1612.7875,1627.62265444,1573.6525,1607.9381,23498060344.88889
2023-01-28,1607.3429,1616.24057451,1572.3951,1579.8037,19489013681.77778
2023-01-29,1581.5592,1668.8411,1577.7999,1661.5962,20949587925.333332
2023-01-30,1659.9173,1659.9173,1555.68912449,1578.0185,26127431872.0
2023-01-31,1577.6944,1611.3715,1571.98154938,1594.5995,23157389148.444443
2023-02-01,1598.7421,1658.6795,1571.805,1655.6429,19218017436.444443
2023-02-02,1655.6512,1719.17127992,1652.7172,1655.1528,32690205191.11111
2023-02-03,1652.171,1683.0069,1645.62738933,1674.3734,29163596551.11111
2023-02-04,1672.5805,1700.5303,1656.28107938,1673.6919,21454622140.444443
2023-02-05,1673.9454,1680.64427175,1623.7659,1639.79169997,18577795182.22222
2023-02-06,1638.04858514,1661.89902802,1617.5003,1622.4906,21231248355.555557
2023-02-07,1621.524,1683.24924882,1621.524,1680.0255,22210010001.77778
2023-02-08,1678.3319,1695.5076,1642.2761,1658.7477,26568707776.0
2023-02-09,1658.3829,1665.37429034,1546.44638368,1552.64702426,25824156625.77778
2023-02-10,1552.45291129,1562.13035048,1516.4694,1521.2239,30660089137.77778
2023-02-11,1520.3617,1547.9816,1516.9408,1545.6497,19992811100.444443
2023-02-12,1546.8055,1550.5644,1512.61197053,1520.53830296,12486514787.555555
2023-02-13,1525.3292,1529.724,1474.8101,1514.60542997,21549832529.77778
2023-02-14,1513.29617823,1562.2449,1501.42825564,1557.6276,27273681290.666668
2023-02-15,1557.0171,1670.55970069,1546.2917,1670.55970069,27985340692.539005
2023-02-16,1670.37044466,1729.7115,1634.2073,1634.2073,36600400540.44444
2023-02-17,1637.0959,1712.6734,1637.0959,1689.3299,34996085155.55556
2023-02-18,1688.2629,1696.6164,1680.6443,1691.9155,24332599086.22222
2023-02-19,1692.5501,1720.65201358,1672.9287,1681.2561,15061352088.88889
2023-02-20,1682.0428,1717.8282,1656.89345908,1701.8493,23425424398.22222
2023-02-21,1704.32626202,1716.4765,1640.07839935,1657.2336,22902066616.88889
2023-02-22,1660.3077,1665.3506,1602.2297,1643.0491,28918657998.22222
2023-02-23,1643.3021,1675.37039749,1635.2179,1651.6473,27325169571.555557
2023-02-24,1650.2095,1663.239,1586.7964,1608.6857,23322670858.666668
2023-02-25,1608.771,1609.1812,1568.2261,1595.631,19937191318.745644
2023-02-26,1595.675,1645.7324,1589.6717,1639.222,14025320977.777779
2023-02-27,1641.376,1662.4443,1613.29,1633.52559116,18252529955.555557
2023-02-28,1633.62875437,1644.97735812,1604.53785587,1604.53785587,18975334115.555557
2023-03-01,1604.18085254,1665.0062,1599.68451038,1665.0062,22425958464.0
2023-03-02,1665.9322,1673.6289,1622.3307,1647.3442,20639774336.0
2023-03-03,1648.1644,1648.9702,1554.9741,1568.7959786,25721920824.88889
2023-03-04,1569.2871,1574.9161,1552.3086,1567.01512151,14786396836.125435
2023-03-05,1567.73450178,1584.4379,1558.29619037,1564.165,65573449326.22222
2023-03-06,1564.4943,1580.8315,1557.9028,1566.4469,18168226218.666668
2023-03-07,1566.02,1577.7037636,1540.8089,1561.3807,16138259175.11111
2023-03-08,1561.062,1568.6227,1533.21184509,1533.5919551,23554274271.66316
2023-03-09,1533.51904604,1544.3348,1422.1388,1439.4372,20897293711.609756
2023-03-10,1438.2141,1438.2141,1377.4674,1428.20935639,38990359120.27875
2023-03-11,1430.16453345,1482.021,1417.82,1482.021,41292044593.77778
2023-03-12,1477.9536,1589.1116,1460.51788993,1585.94849029,27341461002.666668
2023-03-13,1588.37035883,1694.43692376,1573.79132687,1678.10101774,87597218230.34386
2023-03-14,1680.7611,1777.5516,1665.0699,1704.8027,47470558633.46479
2023-03-15,1704.6536,1719.5707,1616.51644429,1653.34639551,45430333916.44444
2023-03-16,1654.81680465,1686.1291,1641.8237,1677.3203,50719128600.97561
2023-03-17,1676.7374,1796.2327,1667.0003,1787.4889,35618887025.77778
2023-03-18,1792.4757,1832.3426,1759.41237927,1759.41237927,42136638734.22222
2023-03-19,1760.9656143,1839.47669368,1760.9656143,1785.3429,30159188202.666668
2023-03-20,1784.5718,1803.10199151,1730.1694,1732.5942,32501741824.0
2023-03-21,1735.6002,1824.4765,1725.5817,1807.32771628,37378907420.44444
2023-03-22,1807.05676036,1819.0876,1719.5249,1737.7501,29954344547.555557
2023-03-23,1737.07960851,1848.19392724,1734.76110534,1818.9182,102154218289.77777
2023-03-24,1817.5739,1820.78749163,1734.2861,1750.17413616,119490386325.33333
2023-03-25,1752.04814479,1762.59727716,1718.7579,1741.59,45396596174.22222
2023-03-26,1742.4593,1792.18729902,1740.434,1771.96766595,19257869513.72504
2023-03-27,1771.72103618,1778.8719,1698.3631,1715.3728,41027501475.55556
2023-03-28,1714.1185,1785.9332,1703.75757801,1771.7057,26535403512.88889
2023-03-29,1770.4167,1823.9224,1770.4167,1793.9115,104545114211.55556
2023-03-30,1793.1328,1823.3916,1768.015,1790.13649649,34969845319.111115
2023-03-31,1791.38894969,1838.7862,1781.67673682,1819.03256114,24946911171.555557
2023-04-01,1819.39545261,1836.5043,1809.96583443,1817.98833142,25649666289.77778
2023-04-02,1817.7663388,1823.40698701,1778.4039,1794.5454,46738756046.22222
2023-04-03,1794.0625,1832.5562,1764.6887,1807.96292153,21586855471.54286
2023-04-04,1809.4241695,1878.9072,1803.20676632,1868.0889,46808127160.888885
2023-04-05,1869.2485,1924.3323,1866.7548,1905.9109,29853376000.0
2023-04-06,1904.7986,1904.7986,1854.5075,1867.5314,23633196149.333332
2023-04-07,1868.2305,1876.7467,1843.31091594,1861.1817,18892456010.666668
2023-04-08,1860.3145,1874.46781076,1845.266,1845.6269,14407386400.0
2023-04-09,1846.3812,1866.9234,1827.13749229,1855.6284,14151837007.386759
2023-04-10,1855.71442886,1915.6492,1846.6181,1908.1853,17546344355.555557
2023-04-11,1911.9013,1932.8665,1889.30894532,1893.4949,23809182798.22222
2023-04-12,1891.7245,1927.8887005,1863.4416,1918.31486489,24803108632.88889
2023-04-13,1917.9009,2019.796,1903.5302,2010.9752,35585572188.44444
2023-04-14,2013.6312,2123.1762,2011.2021,2102.6357,43347512402.06272
2023-04-15,2101.3541,2108.05014623,2076.9075082,2091.92704342,28358682936.46084
2023-04-16,2091.61200313,2133.93646609,2078.26009657,2119.55431918,18013389390.377937
2023-04-17,2119.54588237,2119.54588237,2064.03505717,2076.047,25656125066.609985
2023-04-18,2075.8933,2120.5964,2064.4654,2104.076,23204573515.350693
2023-04-19,2103.9122,2105.2103,1931.1495,1936.7858,29106930684.95486
2023-04-20,1936.9334,1976.019,1917.8755,1944.3094,32518018652.54514
2023-04-21,1942.19,1954.092,1838.6615,1850.9202,27948817643.84722
2023-04-22,1850.2463,1884.6688,1846.2122,1872.9095,20694521963.99653
2023-04-23,1872.4565,1877.0826,1839.5015,1860.0987,14340361195.805555
2023-04-24,1858.7107,1884.2888,1816.1319,1842.1325,17861746313.197918
2023-04-25,1841.3394,1873.5903,1809.309,1867.9795,21611026968.28125
2023-04-26,1865.9942,1958.279,1808.4623,1866.775,30467669501.5625
2023-04-27,1867.0398,1934.1041,1863.0959,1908.1342,44573514958.4216
2023-04-28,1907.6345,1921.0742,1877.1046,1891.0432,27404828463.60764
2023-04-29,1889.801,1911.7468,1886.503,1902.3182,15660308470.899305
2023-04-30,1904.8073,1930.9684,1880.1052,1880.1052,13767625030.447916
2023-05-01,1871.4051,1885.2342,1810.7751,1831.3968,22879199164.09028
2023-05-02,1831.4411,1876.1889,1825.2692,1868.4103,19793139001.506943
2023-05-03,1870.1125,1901.7738,1845.282,1901.5677,19448091569.255554
2023-05-04,1902.7802,1911.8444,1869.7574,1875.9327,23195024058.07986
2023-05-05,1876.2068,1998.8137,1876.099,1994.8819,22407001110.25347
2023-05-06,1996.1702,2015.4897,1877.0517,1905.6588,29751135638.15972
2023-05-07,1904.6203,1935.8426,1893.5176,1893.5176,21502849486.04514
2023-05-08,1885.1436,1897.3357,1827.1531,1860.8413,25083229301.21528
2023-05-09,1859.842,1865.0904,1845.9287,1853.4364,20935005142.8885
2023-05-10,1852.6282,1886.8278,1799.6547,1845.6332,19023208471.243057
2023-05-11,1844.8687,1844.8687,1779.0607,1798.2789,27108575754.791668
2023-05-12,1796.1733,1810.3218,1748.2638,1806.1747,24914283791.26389
2023-05-13,1806.8852,1813.1959,1792.467,1798.2224,19138197854.05903
2023-05-14,1798.9945,1822.3203,1794.5754,1801.5155,13209935570.993055
2023-05-15,1802.4325,1843.6012,1790.8227,1819.9594,17764826445.789474
2023-05-16,1818.7859,1828.0832,1802.3948,1823.8861,17294937124.243057
2023-05-17,1825.3643,1833.3471,1792.8483,1822.9746,16235046619.14236
2023-05-18,1824.2547,1831.9265,1782.4459,1805.5409,16875434659.864584
2023-05-19,1803.9775,1824.9548,1801.2525,1815.5453,16397987581.809029
2023-05-20,1815.9208,1830.7064,1811.049,1823.8943,11041870374.114584
2023-05-21,1822.8401,1830.4476,1806.885,1810.5652,9672675919.614584
2023-05-22,1809.9227,1827.803,1798.7149,1821.8077,12869346616.5
2023-05-23,1819.1952,1866.2329,1818.6397,1852.9045,18185438373.520832
2023-05-24,1852.8137,1853.5346,1787.7654,1802.9274,18093820631.1875
2023-05-25,1802.4297,1815.9757,1773.3058,1807.0399,19250106653.263157
2023-05-26,1807.9065,1837.3935,1802.6017,1829.295,15591778893.643356
2023-05-27,1829.8244,1836.0173,1821.3382,1831.6632,12405459425.822916
2023-05-28,1831.5936,1910.1798,1827.2495,1909.2233,12874447796.39236
2023-05-29,1906.3225,1920.2004,1878.4528,1889.8008,19239612324.341465
2023-05-30,1889.465,1911.3524,1882.6575,1897.8105,19622746691.73171
2023-05-31,1897.4915,1902.7287,1853.9994,1871.1984,24498815803.567944
2023-06-01,1872.3837,1883.4338,1846.7151,1863.2061,16812500885.114983
2023-06-02,1863.0468,1911.2428,1854.7667,1907.0061,16237447225.505226
2023-06-03,1906.9102,1910.1101,1887.317,1892.3046,11822161981.428572
2023-06-04,1893.0282,1911.6116,1887.2107,1891.7937,9265767674.89547
2023-06-05,1889.4436,1893.0456,1788.5522,1812.3644,17058941307.581882
2023-06-06,1813.1428,1896.6447,1801.8257,1888.1422,23474839365.655052
2023-06-07,1888.6068,1900.7572,1827.4784,1836.289,24321583788.55749
2023-06-08,1837.8113,1860.2266,1830.4037,1847.1956,16291394237.909409
2023-06-09,1849.1943,1857.1764,1830.7703,1842.2012,12126450799.940767
2023-06-10,1842.5631,1845.0839,1724.8399,1753.1468,21799310066.587414
2023-06-11,1751.2429,1774.9842,1742.8106,1753.9843,17354161489.411148
2023-06-12,1752.8106,1757.8165,1724.6213,1742.4688,14997404575.45993
2023-06-13,1743.649,1760.4513,1730.9136,1739.448,15910002493.95122
2023-06-14,1741.0509,1757.427,1648.8881,1663.3923,15250490495.045296
2023-06-15,1662.7519,1678.1342,1635.044,1670.133,23599904004.4669
2023-06-16,1669.0296,1724.9053,1664.7047,1716.7308,16512003828.327526
2023-06-17,1716.4105,1754.0215,1712.1739,1725.8309,17334536485.219513
2023-06-18,1726.2163,1739.482,1719.2285,1720.0915,11334020788.91986
2023-06-19,1722.223,1741.3029,1711.2275,1732.1349,12263776158.059233
2023-06-20,1733.2149,1783.3703,1715.209,1783.3703,16508611565.581882
2023-06-21,1777.309,1883.2081,1776.8919,1877.4023,25904926019.222996
2023-06-22,1875.1689,1912.1701,1865.3886,1866.7353,26620230163.10453
2023-06-23,1869.5694,1925.9641,1861.2269,1886.3524,19004258890.09059
2023-06-24,1887.8136,1900.9655,1860.8308,1868.0849,19410421940.91289
2023-06-25,1868.2701,1970.124,1861.0966,1895.6631,29178701072.55401
2023-06-26,1893.2889,1901.887,1844.5296,1858.0333,19358306090.55401
2023-06-27,1859.4074,1904.5394,1856.5374,1890.1221,20839066833.891987
2023-06-28,1884.8866,1884.8866,1828.8231,1831.5656,19866587128.310104
2023-06-29,1832.1497,1873.6457,1831.6749,1854.3028,17294655612.609756
2023-06-30,1854.1173,1937.9763,1844.8068,1932.6858,24228006815.6446
2023-07-01,1932.1041,1939.78,1909.9538,1918.7197,26224343479.700348
2023-07-02,1918.6197,1951.77,1893.3969,1932.2372,13303218846.264809
2023-07-03,1931.2573,1967.748,1928.767,1955.5277,20338733826.74913
2023-07-04,1954.5748,1966.8915,1933.9398,1937.5828,16079180284.620209
2023-07-05,1937.7348,1944.4922,1898.0639,1914.263,15102479339.49129
2023-07-06,1911.1146,1956.3191,1855.6799,1856.257,20115131236.254356
2023-07-07,1837.1606,1878.2923,1837.1606,1872.3789,22130729035.825783
2023-07-08,1869.6943,1874.8064,1845.6599,1866.279,13075295857.452961
2023-07-09,1866.708,1881.3295,1859.2891,1862.3287,12128118833.254354
2023-07-10,1861.0022,1901.3356,1852.8717,1878.2888,14129095822.560976
2023-07-11,1875.5739,1884.2669,1864.223,1876.6422,16958672879.324041
2023-07-12,1878.2883,1895.3376,1868.5041,1872.1338,15202255392.027874
2023-07-13,1872.8451,2005.6512,1865.065,1997.0646,18727972577.745644
2023-07-14,1997.7814,2017.4947,1900.4235,1935.2559,29887586480.787457
2023-07-15,1934.1336,1942.1777,1918.9862,1924.9053,20327600471.174217
2023-07-16,1926.151,1935.1192,1913.663,1918.0466,11592209303.1777
2023-07-17,1910.6658,1930.7373,1882.3025,1910.0268,14210100965.574913
2023-07-18,1907.6368,1913.6273,1882.7321,1894.7235,17159175192.212543
2023-07-19,1894.8913,1913.7421,1882.3001,1889.1523,15004151446.247387
2023-07-20,1886.8799,1922.8311,1879.5655,1888.718,17049418626.202091
2023-07-21,1889.8031,1898.1933,1880.2742,1886.5281,15581945834.550522
2023-07-22,1888.8037,1892.666,1854.6931,1860.5078,10864531218.665504
2023-07-23,1866.0106,1898.886,1857.5946,1886.2263,12093656529.268293
2023-07-24,1884.9165,1886.6287,1838.4541,1850.7303,15083548024.358885
2023-07-25,1850.02,1867.278,1844.4339,1863.3786,13285052488.30662
2023-07-26,1860.0019,1886.3957,1849.6508,1873.3117,11486058141.665504
2023-07-27,1872.7497,1888.1761,1856.7452,1861.3318,14045077233.494774
2023-07-28,1864.0701,1882.0238,1857.1608,1876.0131,11611143503.132404
2023-07-29,1876.9101,1889.6508,1869.2421,1886.0775,9370400498.87108
2023-07-30,1884.0244,1886.2911,1855.7308,1863.038,8449001109.337979
2023-07-31,1862.1056,1878.3138,1853.525,1859.2884,11444017827.517605
2023-08-01,1856.2227,1869.4222,1824.7339,1869.4222,11967740934.505226
2023-08-02,1873.5962,1877.2666,1827.541,1836.7221,15230588274.30662
2023-08-03,1839.5182,1855.1814,1828.6664,1835.6063,13647143332.132404
2023-08-04,1839.5042,1847.6909,1822.775,1831.8455,12294279402.839722
2023-08-05,1831.3543,1871.2594,1827.7338,1866.4349,11507058325.073427
2023-08-06,1865.2758,1881.9888,1859.1823,1859.4031,14472790131.41115
2023-08-07,1863.2023,1872.4928,1810.7594,1828.9846,11333445601.84669
2023-08-08,1830.5321,1872.6338,1827.9754,1856.6174,11950412281.425087
2023-08-09,1858.2205,1870.2222,1847.5898,1856.8785,10420653685.578398
2023-08-10,1856.5643,1864.1483,1847.6217,1852.802,7896782993.693379
2023-08-11,1851.9433,1855.7265,1842.0685,1849.3763,6862255260.292683
2023-08-12,1848.8932,1854.56,1845.1742,1847.3811,5990734189.017422
2023-08-13,1847.7789,1855.25,1838.6769,1840.1947,5626790326.299651
2023-08-14,1840.4269,1852.071,1836.075,1843.4167,8759038264.585365
2023-08-15,1843.2767,1844.8887,1823.7283,1829.7257,8258663992.334495
2023-08-16,1830.311,1832.0027,1806.82,1810.2431,8655020387.912891
2023-08-17,1810.3227,1811.8277,1592.229,1690.8845,12045617568.038328
2023-08-18,1693.2586,1704.2062,1658.6673,1672.9856,23951480894.818817
2023-08-19,1674.3385,1693.6341,1665.5191,1675.8878,11367680936.627178
2023-08-20,1678.5526,1694.184,1671.4151,1689.1408,8973188245.36237
2023-08-21,1688.1358,1688.9175,1665.4827,1675.9756,9341217452.714285
2023-08-22,1677.0058,1677.0907,1608.8245,1637.9377,9928783226.22648
2023-08-23,1639.6381,1693.6995,1633.3896,1678.939,14902163460.038328
2023-08-24,1680.7469,1682.1802,1648.9933,1663.8176,12441595988.759583
2023-08-25,1664.9809,1667.3616,1641.6669,1658.1815,8722628357.808363
2023-08-26,1657.7255,1659.4688,1650.03,1654.6312,6885500757.759582
2023-08-27,1653.1053,1666.2375,1652.9416,1662.8888,4492717624.912892
2023-08-28,1661.9119,1664.7217,1637.1393,1658.3608,6597502473.25784
2023-08-29,1656.1741,1744.1021,1644.4011,1730.6338,10417920252.808363
2023-08-30,1732.387,1732.387,1700.0304,1709.4821,13584664638.547039
2023-08-31,1707.9015,1723.2418,1641.9534,1648.7034,8080238835.721254
2023-09-01,1650.0819,1656.4525,1607.8498,1632.2664,10674815405.780487
2023-09-02,1630.7722,1647.1399,1630.7722,1632.831,7732708399.010453
2023-09-03,1633.4577,1649.1671,1630.9825,1641.0845,5022317781.790941
2023-09-04,1640.6107,1647.9321,1624.3255,1634.5149,5745959770.825784
2023-09-05,1635.1747,1647.7832,1616.4428,1636.3713,7085166693.783972
2023-09-06,1637.5757,1653.347,1619.8781,1637.6927,6920000515.331011
2023-09-07,1635.3123,1660.3724,1627.419,1649.0146,8509687335.351916
2023-09-08,1649.4873,1657.6135,1623.9175,1639.2648,8497907658.9930315
2023-09-09,1640.9434,1644.1057,1635.6614,1641.2521,5407497690.770035
2023-09-10,1643.0558,1643.0558,1610.5101,1621.118,5024416047.114983
2023-09-11,1620.6674,1623.695,1541.2379,1551.5974,9521545151.292683
2023-09-12,1552.332,1617.3093,1552.332,1596.9765,12621213624.379791
2023-09-13,1595.4309,1618.222,1585.849,1611.168,9217529030.069687
2023-09-14,1612.4977,1643.0933,1612.2524,1631.1887,9024533970.498259
2023-09-15,1629.7877,1656.1264,1618.8301,1646.386,7728872024.602787
2023-09-16,1646.6902,1655.0174,1637.0464,1643.6264,6112378166.641115
2023-09-17,1642.9641,1644.1342,1623.0975,1631.6033,4528216761.9790945
2023-09-18,1632.1718,1672.3274,1617.5644,1640.0148,7391125677.269231
2023-09-19,1642.774,1664.6334,1633.4532,1647.9698,8252840057.780488
2023-09-20,1649.0155,1654.2898,1619.3917,1628.597,7723343046.452962
2023-09-21,1625.3928,1630.5984,1577.9087,1588.2615,9208779426.114983
2023-09-22,1590.0814,1606.8503,1585.8896,1602.0907,8052437039.996515
2023-09-23,1602.2129,1606.6629,1597.3995,1605.5225,4854830308.170732
2023-09-24,1605.2201,1610.578,1587.167,1587.9419,3941636101.8292685
2023-09-25,1586.3609,1601.0308,1570.4494,1593.1277,7232337329.383275
2023-09-26,1592.4173,1602.038,1588.1975,1598.2727,6398563771.850174
2023-09-27,1599.4542,1635.9912,1591.6847,1603.02,7789593963.815331
2023-09-28,1601.2221,1668.0121,1601.1646,1656.237,10639649039.738676
2023-09-29,1654.6033,1687.3823,1653.0075,1670.2721,11430588885.662022
2023-09-30,1668.9176,1676.0731,1657.6092,1660.7197,7439758425.686411
2023-10-01,1660.7374,1713.0671,1652.2946,1704.772,6732382863.487804
2023-10-02,1702.9945,1719.1152,1643.2612,1659.3201,12217901429.790941
2023-10-03,1654.7809,1663.2077,1644.132,1661.9006,10991529791.797909
2023-10-04,1661.9509,1661.9509,1635.2103,1654.226,7470708030.031359
2023-10-05,1651.6581,1660.0277,1615.7685,1615.7685,7397553347.501742
2023-10-06,1620.1927,1662.4326,1617.0067,1651.9306,7777266053.268292
2023-10-07,1649.9352,1654.108,1640.0508,1644.3284,6069228885.759582
2023-10-08,1644.2918,1653.6621,1627.1333,1640.3531,4358015596.080139
2023-10-09,1644.4441,1646.0636,1558.5756,1587.5407,6912591505.707317
2023-10-10,1584.5508,1599.682,1560.8167,1571.6147,9096915923.853659
2023-10-11,1574.8773,1584.1244,1555.0118,1570.2359,8088662982.306621
2023-10-12,1570.2708,1572.9896,1537.593,1553.1663,8505498927.700349
2023-10-13,1549.3135,1576.0924,1549.273,1563.339,9331673980.052265
2023-10-14,1564.6367,1572.8479,1556.3139,1568.5791,7685883448.5818815
2023-10-15,1568.7209,1580.5221,1566.3711,1572.1513,5386722153.636043
2023-10-16,1573.5168,1618.3088,1568.4368,1604.0734,10070279751.052265
2023-10-17,1603.3676,1603.6209,1559.7563,1572.3634,10672499553.04878
2023-10-18,1573.6612,1592.1094,1567.596,1574.0198,8605144306.139372
2023-10-19,1570.2284,1581.0549,1552.0919,1572.3438,7175644671.526133
2023-10-20,1575.2943,1633.9106,1567.953,1611.9152,9802329069.4669
2023-10-21,1610.9302,1649.52,1598.5352,1639.2142,7867104282.909408
2023-10-22,1634.7364,1671.7854,1630.4544,1670.1238,7991259163.439024
2023-10-23,1670.5582,1785.6989,1666.0905,1768.0496,12953552162.418118
2023-10-24,1767.8561,1854.0797,1762.3191,1784.0301,26270889659.156796
2023-10-25,1786.6093,1816.0285,1764.5308,1787.9198,16386723290.790941
2023-10-26,1788.9379,1866.7038,1767.6968,1808.1167,15196619687.578947
2023-10-27,1808.906,1808.906,1757.205,1784.0364,13240044858.094076
2023-10-28,1783.8743,1802.3462,1779.0097,1782.9946,8579366820.696864
2023-10-29,1781.7403,1815.2213,1774.2012,1799.8852,5395363593.749129
2023-10-30,1800.7909,1832.1438,1785.4326,1813.0075,8786102938.372822
2023-10-31,1812.6568,1821.527,1791.2164,1818.9075,9569735199.024391
2023-11-01,1815.4356,1859.0325,1790.8803,1848.0509,10899701382.05575
2023-11-02,1849.6457,1873.3653,1795.9264,1802.7052,16059571805.254354
2023-11-03,1802.3235,1841.2692,1781.8959,1841.2692,11616516962.0
2023-11-04,1835.5706,1874.3832,1832.2783,1866.3204,9154967110.376307
2023-11-05,1868.2766,1915.4054,1857.5971,1898.5158,9634724737.811846
2023-11-06,1896.2604,1917.0975,1878.7148,1903.7499,12539063130.69338
2023-11-07,1901.8883,1911.435,1860.5789,1893.7437,11806166638.66899
2023-11-08,1891.9098,1910.6187,1879.5865,1897.7761,10796369951.13589
2023-11-09,1895.4462,2129.0593,1891.6564,2129.0593,17992766491.766552
2023-11-10,2121.2387,2132.1021,2069.1237,2081.4278,33261575272.72822
2023-11-11,2081.5555,2090.4453,2039.2434,2053.8475,15792919049.299652
2023-11-12,2057.42,2069.4629,2027.3338,2050.0759,11809527304.627178
2023-11-13,2047.2948,2116.9299,2036.5369,2062.0338,14153405301.811846
2023-11-14,2057.6853,2066.7088,1957.5836,1984.9427,16840325091.052265
2023-11-15,1986.2957,2063.7205,1971.4664,2063.7205,16177509882.22648
2023-11-16,2061.4463,2084.0425,1947.1718,1967.1746,16917261810.222996
2023-11-17,1966.9486,1992.5723,1917.3786,1963.0612,16586139923.749128
2023-11-18,1965.2595,1977.8325,1929.2661,1970.76,12365333494.5331
2023-11-19,1967.012,2020.8197,1951.2829,2017.84,8541646952.080139
2023-11-20,2012.9647,2063.9834,2003.8788,2026.0671,12166222678.912891
2023-11-21,2025.9978,2039.2922,1947.2729,1947.2729,15043384930.038328
2023-11-22,1947.0494,2091.8274,1947.0494,2068.7505,18773808448.543552
2023-11-23,2066.3203,2090.181,2046.5066,2065.4121,15850314540.557491
2023-11-24,2066.894,2130.8215,2064.7755,2083.1146,12869322702.250872
2023-11-25,2083.8261,2094.0902,2070.3335,2091.0072,13422968595.543554
2023-11-26,2092.5085,2100.5528,2049.3238,2067.4395,7960954209.4245615
2023-11-27,2065.4992,2074.4683,1994.7518,2033.8879,12626288789.954704
2023-11-28,2031.0736,2077.86,2002.1548,2053.695,13780640658.597221
2023-11-29,2054.3649,2075.0675,2025.6215,2034.9052,12962173433.645834
2023-11-30,2034.1386,2059.644,2028.4974,2059.644,10282780617.70486
2023-12-01,2056.3575,2111.7771,2051.5244,2088.1417,12680883069.716784
2023-12-02,2091.5092,2177.7269,2091.1518,2168.3265,11001425710.700348
2023-12-03,2167.4955,2212.3457,2154.5347,2194.5698,12925542817.348433
2023-12-04,2197.6314,2272.6217,2197.6314,2246.8601,17942397610.73171
2023-12-05,2243.4636,2304.7483,2198.7799,2296.1148,17307183878.8223
2023-12-06,2297.2672,2311.2512,2230.1086,2232.6381,20327258586.567944
2023-12-07,2234.77,2382.3684,2231.501,2359.8526,15551563502.1777
2023-12-08,2360.6813,2391.0809,2346.1622,2365.7928,19026401682.425087
2023-12-09,2369.8255,2408.1871,2346.062,2347.8794,14883172926.066202
2023-12-10,2353.9034,2389.3012,2334.7485,2367.2263,11316445443.247387
2023-12-11,2364.186,2366.0215,2172.8362,2226.3719,17070233379.84507
2023-12-12,2231.6641,2247.4513,2174.2351,2211.4454,17509170039.585365
2023-12-13,2209.3063,2288.4153,2159.3775,2270.0679,15418236983.496504
2023-12-14,2267.0949,2337.1193,2250.1144,2321.5086,15912075464.72474
2023-12-15,2319.4836,2323.195,2226.2631,2226.2631,15541900763.031359
2023-12-16,2235.4109,2275.7127,2225.6671,2237.8364,11738110573.30662
2023-12-17,2240.5967,2259.481,2208.8972,2209.3412,8861064803.937283
2023-12-18,2215.2821,2225.4213,2132.7131,2219.8065,12043900808.10453
2023-12-19,2220.5282,2256.8868,2146.9782,2182.7852,14063390675.264809
2023-12-20,2182.992,2265.3161,2173.6478,2203.634,14297461493.682926
2023-12-21,2203.1994,2279.1615,2191.2078,2241.3124,16931218256.49129
2023-12-22,2243.2137,2348.5416,2238.41,2334.5749,19761317473.707317
2023-12-23,2336.5846,2337.3574,2273.8281,2324.5017,15453294959.477352
2023-12-24,2318.2148,2338.013,2261.5892,2281.7895,10659466718.181185
2023-12-25,2281.6645,2314.1756,2266.721,2277.8997,10558970699.543554
2023-12-26,2277.8463,2280.5342,2196.648,2236.053,12238437876.278746
2023-12-27,2234.9106,2392.2243,2220.1078,2382.9219,14889105005.599302
2023-12-28,2389.6032,2447.6009,2344.325,2354.3096,22036625668.738674
2023-12-29,2355.2031,2389.6729,2278.6963,2304.5868,18096331672.404182
2023-12-30,2302.3851,2330.2361,2279.8696,2307.4329,13963348868.912891
2023-12-31,2304.0161,2332.4726,2286.8033,2290.7806,9328770192.160278
2024-01-01,2297.0082,2365.2769,2283.0464,2364.7349,9185275792.996515
2024-01-02,2364.3164,2437.7644,2356.9983,2362.6682,14492633488.641115
2024-01-03,2362.7066,2388.0097,2146.2668,2212.1818,30271585830.463413
2024-01-04,2209.7805,2292.4711,2207.4139,2273.3643,43675967951.84321
2024-01-05,2268.7193,2276.9643,2210.1646,2267.6242,36046712358.902435
2024-01-06,2271.0438,2272.2394,2221.6518,2242.0522,35125683216.75958
2024-01-07,2242.006,2255.7745,2210.3747,2223.9671,33767850830.425087
2024-01-08,2222.7218,2357.8526,2175.1882,2331.6636,45290627669.21951
2024-01-09,2334.3953,2368.7275,2252.0789,2344.5186,39012477133.80139
2024-01-10,2350.2635,2621.6549,2350.2635,2584.8184,26831117293.512196
2024-01-11,2585.0706,2683.4842,2570.7171,2621.2241,38483748206.59233
2024-01-12,2616.958,2707.1491,2471.553,2525.3844,26032705737.37631
2024-01-13,2529.5063,2589.5888,2503.1383,2577.8874,27975502424.320557
2024-01-14,2575.3412,2576.5324,2475.2055,2475.2055,12911017679.062717
2024-01-15,2480.7728,2554.8887,2480.3448,2518.5584,13574721954.261324
2024-01-16,2515.9556,2612.7871,2507.9105,2591.9988,12057109216.99303
2024-01-17,2590.1208,2594.6877,2515.5634,2531.9048,15327106103.648083
2024-01-18,2533.5184,2549.2366,2436.9388,2471.5514,14412902514.27526
2024-01-19,2473.1251,2505.1945,2421.7773,2494.3614,16761992257.418118
2024-01-20,2490.8598,2492.1907,2460.6756,2475.8202,13074922526.487804
2024-01-21,2477.1429,2489.5735,2462.7165,2462.9212,6537648899.470384
2024-01-22,2468.2272,2473.1979,2313.3049,2314.0749,11764931212.289198
2024-01-23,2318.7719,2352.1061,2175.4027,2245.9684,20446886694.738674
2024-01-24,2247.3169,2266.5401,2204.4832,2242.5731,18603345288.299652
2024-01-25,2238.7946,2246.0683,2184.6585,2225.0667,12003582601.41115
2024-01-26,2222.7326,2287.5165,2204.1141,2273.8506,12957499757.087109
2024-01-27,2271.6789,2293.0649,2260.0281,2279.8939,11029384042.449478
2024-01-28,2278.7711,2321.114,2253.8417,2265.7801,8292817062.365853
2024-01-29,2260.5421,2328.6734,2249.4783,2322.1758,10111488487.84669
2024-01-30,2319.5817,2392.6054,2308.0007,2352.9496,13153625531.205574
2024-01-31,2352.1,2353.8383,2276.8126,2290.0626,14902809883.076654
2024-02-01,2291.8539,2314.8405,2250.1461,2309.7864,14713552489.602787
2024-02-02,2312.2804,2330.6793,2292.9995,2315.8758,11267584415.850174
2024-02-03,2320.032,2339.3211,2307.438,2308.4017,8691507738.801394
2024-02-04,2309.6633,2329.7065,2288.1125,2300.7869,6526883552.95122
2024-02-05,2298.9154,2345.6847,2286.611,2307.8871,9642150758.5331
2024-02-06,2305.9946,2395.3147,2305.8281,2378.9861,11649482311.45993
2024-02-07,2383.4195,2450.1408,2363.7444,2433.4726,12917910325.365854
2024-02-08,2433.9434,2466.0629,2425.3031,2430.7954,13961323062.031359
2024-02-09,2433.1705,2529.0123,2430.7901,2496.3297,15129231226.439024
2024-02-10,2500.1485,2524.6597,2486.2405,2508.1581,14142539283.320557
2024-02-11,2506.405,2550.7067,2504.1662,2513.697,10127308481.752613
2024-02-12,2514.0675,2670.1845,2481.6362,2665.8713,11554966027.174215
2024-02-13,2672.7136,2692.1905,2609.1512,2651.6868,20612895019.299652
2024-02-14,2647.8073,2791.7027,2633.0642,2785.6156,18386226736.236935
2024-02-15,2784.5215,2867.7119,2775.4192,2830.3882,20182399805.3554
2024-02-16,2832.5108,2862.7309,2774.6702,2814.5881,20277716111.853657
2024-02-17,2811.4698,2813.5999,2736.6692,2800.9727,15941577206.052265
2024-02-18,2799.8852,2902.5219,2781.7234,2885.0803,13290934981.209059
2024-02-19,2889.2776,2987.9941,2872.9477,2949.559,17499642240.529617
2024-02-20,2954.8817,3026.2876,2892.1928,3018.271,22327755664.529617
2024-02-21,3016.9065,3019.1744,2889.5476,2979.378,26361613659.055748
2024-02-22,2966.6962,3033.2268,2914.9236,2976.6605,25167939532.26829
2024-02-23,2975.2429,2995.8998,2917.4241,2933.4655,21874670149.494774
2024-02-24,2929.9059,3008.5953,2916.317,2999.7237,15642677136.08014
2024-02-25,3002.0591,3118.2668,2995.7615,3116.6889,15293885853.898954
2024-02-26,3111.1108,3198.4281,3045.6985,3181.2966,22535983213.341465
2024-02-27,3181.7246,3288.7675,3172.4334,3247.6036,30298112730.045296
2024-02-28,3248.3363,3480.5369,3239.5579,3384.5946,30562577565.26481
2024-02-29,3382.0145,3518.9963,3312.4522,3352.4294,47452741624.52962
2024-03-01,3347.3371,3455.7838,3347.3371,3443.7937,31180734859.74216
2024-03-02,3439.5805,3465.5743,3413.0334,3432.7063,19683483285.63763
2024-03-03,3432.504,3501.2329,3396.4347,3498.5838,16299914909.303137
2024-03-04,3498.8305,3643.7974,3472.8237,3635.9353,25816553469.0
2024-03-05,3634.0364,3820.7597,3371.5388,3568.8763,46819957537.74737
2024-03-06,3561.7433,3897.5136,3511.8428,3828.5982,65334878536.79791
2024-03-07,3825.5887,3935.9855,3747.3215,3871.5942,36303801550.452965
2024-03-08,3877.8076,3993.3391,3844.0819,3894.9458,31443856716.763065
2024-03-09,3889.7214,3948.8374,3888.2514,3922.039,28234929441.5331
2024-03-10,3917.6319,3970.349,3835.2639,3895.0927,17353264580.226482
2024-03-11,3889.3542,4083.2189,3807.2082,4073.1257,30778140301.30662
2024-03-12,4076.2673,4094.1757,3874.9522,3982.9636,34803694659.452965
2024-03-13,3982.2827,4081.8289,3964.3421,4018.0569,33882154548.174217
2024-03-14,4011.6396,4018.9962,3751.6579,3890.384,29713647292.99303
2024-03-15,3894.5792,3933.1728,3607.824,3749.2041,44055756685.15035
2024-03-16,3749.9245,3783.6849,3507.8981,3532.4625,31656354992.61324
2024-03-17,3555.7336,3682.9814,3442.9855,3663.6151,30996885011.73171
2024-03-18,3649.1913,3649.1913,3472.2709,3528.6413,25266583604.721256
2024-03-19,3529.8262,3547.1665,3159.7787,3170.3712,37630296750.11498
2024-03-20,3164.1316,3531.3412,3078.0581,3514.8143,47043055768.71777
2024-03-21,3509.118,3585.6894,3425.0405,3501.3058,44245048506.19512
2024-03-22,3505.3801,3551.8292,3265.4496,3326.7581,27183652182.027973
2024-03-23,3331.1195,3431.2827,3288.2894,3356.3987,24481657007.91986
2024-03-24,3345.325,3473.0892,3309.7432,3460.4793,16352496809.58885
2024-03-25,3452.4423,3649.4378,3433.4649,3591.7146,19646724946.3554
2024-03-26,3587.7997,3676.7396,3553.2567,3595.4684,26064494721.574913
2024-03-27,3591.1871,3660.0635,3470.6405,3509.6288,23415479518.853657
2024-03-28,3505.8286,3611.656,3476.2504,3567.0539,25601507536.755245
2024-03-29,3567.225,3586.3339,3487.5848,3520.503,18536682158.29021
2024-03-30,3516.4117,3568.2412,3497.0488,3519.1419,16656105596.710802
2024-03-31,3517.0681,3659.4654,3517.0681,3653.6502,14470853501.923346
2024-04-01,3652.7203,3652.7203,3429.8378,3511.6981,18201134326.12892
2024-04-02,3511.5634,3511.5634,3229.8141,3279.5594,28351731556.358887
2024-04-03,3283.1728,3365.8964,3221.5134,3321.2273,27226114831.296165
2024-04-04,3314.8306,3439.675,3262.6895,3331.3943,20347805872.010525
2024-04-05,3324.0272,3343.0863,3225.0019,3326.061,23831950603.118465
2024-04-06,3318.1087,3397.7313,3316.7243,3365.1664,16843599707.247387
2024-04-07,3360.5925,3463.4984,3352.8106,3462.0489,12749497898.470383
2024-04-08,3456.3606,3724.6406,3422.8278,3699.5419,20463939705.55052
2024-04-09,3702.1783,3719.8724,3480.2572,3510.2155,27414389831.860626
2024-04-10,3505.5251,3559.9659,3426.2983,3547.5273,25494309764.846153
2024-04-11,3544.0727,3619.6398,3487.4192,3516.6996,23359330960.536587
2024-04-12,3515.9494,3559.298,3207.709,3245.0984,20597446897.686413
2024-04-13,3231.1639,3297.6372,2874.401,3024.3586,32796794122.344948
2024-04-14,3020.6766,3167.6846,2921.9017,3155.7818,45094615982.205574
2024-04-15,3148.3086,3274.6408,3046.618,3104.8875,30679480180.114983
2024-04-16,3104.6052,3120.097,3011.6021,3085.2485,29508772950.404182
2024-04-17,3086.2507,3123.377,2940.8497,2986.9312,23766865779.351917
2024-04-18,2994.9314,3088.8207,2964.3582,3066.9058,24462589620.685513
2024-04-19,3064.6866,3119.2634,2883.5642,3066.9869,26626321057.444057
2024-04-20,3061.1119,3164.9343,3029.3462,3156.4933,18414450765.38676
2024-04-21,3152.6366,3197.1134,3125.9824,3151.7936,13828359560.832752
2024-04-22,3154.885,3236.2895,3139.1486,3205.1638,15268999696.658537
2024-04-23,3203.5081,3259.6654,3161.1935,3222.9544,15615157883.369337
2024-04-24,3226.5814,3292.5009,3119.827,3143.4108,16777945141.348433
2024-04-25,3144.7356,3191.1677,3086.2351,3160.3572,20916663780.80488
2024-04-26,3159.7408,3164.0257,3109.0185,3136.485,17568442069.9338
2024-04-27,3138.1956,3276.4548,3090.4257,3266.4045,16096897368.655052
2024-04-28,3262.7431,3349.1001,3259.9104,3267.5264,17495409070.247387
2024-04-29,3276.7759,3290.2292,3128.9746,3221.3244,20112239962.38676
2024-04-30,3215.8261,3251.9596,2934.4719,3025.4554,22560950656.414635
2024-05-01,3020.1584,3025.2748,2842.6042,2978.4627,27698776252.498257
2024-05-02,2982.6549,3016.1151,2905.9576,2996.1961,24512610743.36934
2024-05-03,2995.1504,3129.2215,2970.1135,3109.1052,17797249529.780487
2024-05-04,3109.0019,3167.0271,3105.2793,3122.9548,16112788053.874565
2024-05-05,3123.1863,3171.0526,3083.8993,3145.7927,12769298228.240417
2024-05-06,3147.9043,3226.2427,3064.5102,3070.6776,14774931107.118467
2024-05-07,3073.4499,3129.9726,3017.5895,3018.8003,18009353668.947735
2024-05-08,3016.9787,3039.6624,2950.6782,2980.2923,16305526586.721254
2024-05-09,2982.4435,3057.9938,2962.5723,3041.4941,15431620439.303137
2024-05-10,3036.2341,3055.5622,2893.4119,2914.7175,15348847522.299652
2024-05-11,2917.1542,2942.2771,2899.6712,2917.5761,14615951567.163763
2024-05-12,2921.2714,2957.482,2913.4757,2940.0684,8710887809.041811
2024-05-13,2939.8921,2991.1717,2879.5344,2951.8969,14451671027.114983
2024-05-14,2950.9286,2962.4673,2876.9228,2885.9471,15243697099.031359
2024-05-15,2890.9995,3040.3976,2871.2261,3038.4018,15530322763.84669
2024-05-16,3037.0939,3040.4646,2930.0507,2946.525,18409130091.707317
2024-05-17,2944.6721,3114.4688,2939.1483,3096.5567,17499374712.27526
2024-05-18,3094.1352,3148.4639,3091.3772,3124.6459,15607196432.749128
2024-05-19,3124.5805,3138.3659,3064.9943,3077.2446,10498406217.547039
2024-05-20,3073.1032,3678.9175,3058.8148,3655.0761,16711641275.91986
2024-05-21,3668.3001,3809.484,3635.5832,3783.9725,51567094232.36585
2024-05-22,3782.7658,3798.8464,3679.8664,3740.4041,40014294156.902435
2024-05-23,3743.3851,3906.8369,3686.0141,3762.9906,38218067429.25087
2024-05-24,3768.5169,3813.6985,3651.6707,3729.3849,50662180631.808365
2024-05-25,3725.8296,3765.8658,3718.0679,3746.9927,21662918305.146343
2024-05-26,3747.1139,3834.8396,3739.1002,3802.9031,17103181755.10453
2024-05-27,3801.3107,3919.9212,3801.3107,3863.3463,23755397501.55401
2024-05-28,3858.295,3879.4064,3774.1062,3821.6187,25053251979.163765
2024-05-29,3822.6668,3848.4572,3742.574,3760.2263,24065068932.97561
2024-05-30,3762.5786,3797.9878,3711.5996,3746.2971,22354133103.777004
2024-05-31,3745.2897,3811.4366,3727.1787,3754.9694,21320456633.634148
2024-06-01,3756.2266,3793.886,3746.8638,3785.174,19357635370.045296
2024-06-02,3784.9528,3797.2425,3749.5158,3767.4795,15485260823.125435
2024-06-03,3764.2367,3817.2073,3753.4775,3758.8311,18158729639.44948
2024-06-04,3760.3363,3803.5736,3744.5133,3796.1807,19452924197.55401
2024-06-05,3795.4214,3847.128,3773.3584,3840.318,20340658273.08711
2024-06-06,3838.5863,3845.3347,3767.6704,3795.4837,19970081917.759583
2024-06-07,3793.6145,3817.2667,3668.1147,3693.2824,20603711252.878048
2024-06-08,3692.4326,3715.3797,3688.5027,3702.4338,22112730180.585365
2024-06-09,3701.2617,3724.9377,3693.7207,3719.0626,13138578064.8223
2024-06-10,3718.052,3719.0333,3683.7432,3690.4326,13743983447.017422
2024-06-11,3692.0118,3692.8508,3490.1683,3535.8359,21582378438.477352
2024-06-12,3536.8556,3659.8818,3513.4303,3588.8847,23450549242.818817
2024-06-13,3586.2721,3588.8137,3490.8431,3529.6099,23211103123.770035
2024-06-14,3536.0149,3575.9255,3384.5426,3497.0945,20153361899.055748
2024-06-15,3498.1517,3599.2194,3493.2443,3582.6116,19756475838.763065
2024-06-16,3581.4901,3663.6045,3561.9866,3640.5622,13016030239.463415
2024-06-17,3642.0912,3652.911,3493.0054,3525.994,17339845259.048782
2024-06-18,3527.9577,3527.9577,3387.0528,3490.6478,23930785821.7108
2024-06-19,3494.1308,3590.9042,3480.0472,3569.4527,22778733739.61324
2024-06-20,3567.5669,3632.773,3505.837,3527.9278,18144710484.853657
2024-06-21,3529.9099,3552.3111,3473.5469,3529.105,18831776300.62021
2024-06-22,3532.3234,3532.3234,3496.4233,3520.6715,15479329282.728224
2024-06-23,3523.0682,3544.8247,3443.0237,3443.0237,9130648585.49129
2024-06-24,3441.3306,3451.1578,3262.5114,3363.7635,19520467666.891987
2024-06-25,3361.4335,3430.0008,3345.1593,3408.774,22117258703.212543
2024-06-26,3405.1884,3432.36,3347.8603,3381.2506,14391379660.648083
2024-06-27,3383.5292,3481.1707,3379.1649,3458.8487,15804001113.083624
2024-06-28,3459.8701,3494.1628,3379.6875,3388.7953,16467284123.58885
2024-06-29,3390.5327,3415.8747,3390.5327,3397.4173,13651160559.728224
2024-06-30,3399.2329,3472.1653,3381.1022,3460.3454,9247929775.759583
2024-07-01,3456.2278,3530.274,3450.9956,3458.9634,14646388691.5331
2024-07-02,3459.2052,3482.3441,3424.7669,3437.5581,13864060406.526133
2024-07-03,3438.1561,3445.8218,3270.9404,3308.8933,16202961456.069687
2024-07-04,3310.2829,3320.6916,3079.6495,3079.6495,23821827278.689896
2024-07-05,3060.2769,3112.8855,2838.9092,2986.8941,36750836690.731705
2024-07-06,2986.2657,3092.5568,2967.2925,3081.0869,23054834715.351917
2024-07-07,3078.5057,3087.1217,2935.1631,2939.0514,13971466195.630663
2024-07-08,2951.7716,3082.1223,2843.9711,3027.0641,24973397088.71777
2024-07-09,3026.4368,3110.1809,3020.9629,3079.5205,25028894458.28223
2024-07-10,3078.168,3151.922,3047.5365,3112.4004,19259438464.578396
2024-07-11,3109.4128,3207.216,3083.5574,3113.2544,19287702681.5979
2024-07-12,3110.2808,3165.9913,3065.8166,3147.3858,19310170942.02439
2024-07-13,3146.3327,3218.7632,3131.2577,3196.7692,13921944276.54007
2024-07-14,3200.6783,3284.0263,3189.5346,3273.8138,13053293725.470383
2024-07-15,3266.7804,3503.3414,3257.7128,3498.9224,18467836110.641113
2024-07-16,3505.0278,3506.2322,3365.8555,3458.0888,25378090716.470383
2024-07-17,3461.005,3523.8767,3398.8222,3403.4466,24946429985.254356
2024-07-18,3406.515,3501.6378,3392.5912,3442.3484,20420147970.03136
2024-07-19,3435.8713,3549.4278,3396.4205,3509.1482,21093211096.689896
2024-07-20,3511.3714,3542.3218,3488.0614,3529.6639,20635062566.61324
2024-07-21,3526.1437,3546.9167,3443.0805,3538.6512,14600561413.658537
2024-07-22,3542.9018,3560.864,3438.9392,3450.8457,23551390571.842106
2024-07-23,3449.6586,3546.2619,3414.8226,3494.8847,29990394807.038326
2024-07-24,3494.3649,3494.9253,3331.2702,3343.8444,29532333370.80488
2024-07-25,3344.0852,3348.7542,3104.8417,3176.023,30095533927.543552
2024-07-26,3177.8454,3287.6622,3177.7097,3280.8121,28361645389.20209
2024-07-27,3274.3051,3325.5462,3215.0684,3258.4777,18671129755.02439
2024-07-28,3242.7468,3282.7142,3209.2431,3278.9554,19887735032.08014
2024-07-29,3275.9617,3402.1238,3272.521,3325.127,18562538334.87108
2024-07-30,3323.564,3369.3266,3253.1433,3285.9162,23356590933.47387
2024-07-31,3284.431,3349.4383,3229.4863,3238.8524,19719654939.114983
2024-08-01,3243.4517,3246.3799,3087.2567,3206.9265,25193218995.292683
2024-08-02,3206.6366,3214.8966,2976.9345,2988.3481,26483179606.66899
2024-08-03,2992.2673,3014.762,2870.9185,2910.0724,27325713249.512196
2024-08-04,2907.5983,2931.6832,2673.4794,2689.3252,22756243524.73519
2024-08-05,2696.0685,2696.0685,2192.5857,2422.2871,67933658420.22648
2024-08-06,2426.3372,2548.8666,2426.3372,2459.4515,50388457255.84321
2024-08-07,2462.0024,2543.0155,2326.3285,2341.4748,31259953363.432056
2024-08-08,2349.2904,2709.9281,2327.1725,2684.7862,30921267870.26829
2024-08-09,2681.0539,2704.0312,2560.8861,2600.1855,29064924778.414635
2024-08-10,2595.6427,2642.4081,2586.2779,2609.7463,18641746063.92683
2024-08-11,2611.4138,2711.0543,2552.1725,2560.9146,13783923340.49129
2024-08-12,2563.8531,2741.4118,2531.0374,2727.6733,24379596634.56446
2024-08-13,2725.257,2734.2765,2619.8933,2704.6421,26482751922.5331
2024-08-14,2701.3749,2760.9126,2646.1577,2664.8732,21303300704.296165
2024-08-15,2664.2417,2674.5814,2536.6112,2573.4069,21172796981.00697
2024-08-16,2572.7081,2628.9703,2561.2868,2595.7544,21909793862.480835
2024-08-17,2597.5662,2627.1605,2593.2407,2618.2232,15001355444.735191
2024-08-18,2619.1546,2680.5919,2602.6847,2621.8018,10684582235.745646
2024-08-19,2613.3601,2649.5308,2574.9342,2640.3929,13738107673.63763
2024-08-20,2637.8247,2693.986,2570.3182,2579.7431,17076152094.261324
2024-08-21,2579.8199,2659.8239,2552.611,2631.0461,16309363308.341463
2024-08-22,2634.5055,2645.9577,2594.8353,2624.906,16982370735.850174
2024-08-23,2623.9889,2796.865,2623.9889,2762.7538,15762387827.1993
2024-08-24,2768.5943,2815.8938,2745.8208,2766.8233,19522838660.365852
2024-08-25,2771.4623,2791.7577,2741.1985,2747.1409,30500044724.74216
2024-08-26,2754.1201,2762.9236,2671.8844,2684.2857,85489888570.28223
2024-08-27,2685.7921,2699.2548,2441.9281,2464.2258,82975229853.96864
2024-08-28,2454.1869,2552.2925,2429.0558,2528.9692,32740526588.048782
2024-08-29,2530.1333,2595.4396,2509.4422,2527.8966,98737053362.59233
2024-08-30,2526.0696,2537.557,2441.6821,2527.8508,100196674032.34494
2024-08-31,2523.4476,2533.1541,2496.5843,2514.6596,73116751502.85715
2024-09-01,2512.4604,2516.3066,2409.3747,2430.9171,44978505531.73519
2024-09-02,2432.8884,2561.0235,2428.7995,2539.6288,20035384902.37979
2024-09-03,2540.5543,2553.4566,2438.1004,2438.1004,71254116951.50523
2024-09-04,2433.2665,2487.2768,2337.5743,2452.2749,23718907407.45993
2024-09-05,2452.9409,2465.2994,2356.0129,2369.5972,72221784955.49129
2024-09-06,2369.8234,2405.3853,2175.1372,2226.2336,81863728027.09407
2024-09-07,2231.7322,2308.6582,2226.1881,2272.2729,49391736994.30314
2024-09-08,2271.712,2330.6072,2246.7796,2297.8977,39723810386.00349
2024-09-09,2296.2425,2375.6777,2276.3507,2360.4073,64310245768.645615
2024-09-10,2358.0765,2397.7908,2326.3383,2391.1928,64427338118.26481
2024-09-11,2386.7733,2386.7733,2284.05,2343.4045,84804412342.35889
2024-09-12,2342.1021,2382.9799,2320.5698,2362.0268,82098610116.5331
2024-09-13,2361.6928,2458.0959,2338.8523,2444.3826,71532309022.83275
2024-09-14,2440.9578,2440.9578,2396.373,2418.4846,65188499369.223
2024-09-15,2419.063,2429.25,2312.8386,2322.1973,31089434735.682926
2024-09-16,2317.2073,2331.3598,2259.9272,2296.6475,59464244325.177704
2024-09-17,2297.3418,2387.6376,2265.7066,2340.6357,50992990805.86411
2024-09-18,2340.3952,2360.131,2284.1697,2360.131,60508907994.268295
2024-09-19,2382.7849,2488.8134,2377.7836,2465.818,90170205110.8467
2024-09-20,2465.1597,2569.427,2440.4414,2557.5129,84650021145.53659
2024-09-21,2559.0148,2618.1029,2532.6668,2615.6591,52774486957.177704
2024-09-22,2618.1437,2628.8546,2531.8988,2581.0899,54299828631.7108
2024-09-23,2579.1154,2690.207,2554.9903,2647.1911,81711484992.53659
2024-09-24,2648.4392,2667.4619,2594.7967,2653.7196,75454281873.42857
2024-09-25,2651.3904,2665.2899,2564.3497,2578.7016,69624453084.36586
2024-09-26,2582.5213,2661.5188,2561.7027,2630.8486,62952122714.89198
2024-09-27,2629.8415,2720.2057,2617.786,2696.9133,65927670477.087105
2024-09-28,2699.9472,2703.962,2655.4795,2679.5182,47646560991.52962
2024-09-29,2677.9749,2683.5485,2637.794,2661.2174,31376885448.954704
2024-09-30,2657.1184,2659.8285,2582.0822,2597.1898,50825380351.51219
2024-10-01,2602.956,2656.8548,2432.4723,2455.3594,75327616226.62718
2024-10-02,2453.2018,2500.2849,2359.6067,2367.5875,59258335251.52962
2024-10-03,2363.5738,2402.6092,2314.0354,2350.4669,64147590037.62021
2024-10-04,2352.2741,2438.5051,2341.2904,2417.5872,48887108059.35889
2024-10-05,2420.2255,2426.3081,2392.0934,2416.1068,36501432257.48781
2024-10-06,2411.5666,2453.8659,2408.5,2438.6996,26311445867.400696
2024-10-07,2440.2513,2518.1013,2409.7656,2423.7829,50422252820.89198
2024-10-08,2429.1611,2459.0201,2406.5276,2441.5104,60870942465.87805
2024-10-09,2439.0923,2468.6206,2360.4501,2368.7741,53048689006.77352
2024-10-10,2371.6688,2414.6507,2334.3428,2381.9907,46226053752.188156
2024-10-11,2383.0122,2466.7547,2381.4875,2435.8833,39927502626.81882
2024-10-12,2439.8292,2487.1163,2434.7447,2476.9495,30505286230.857143
2024-10-13,2478.6916,2482.6763,2437.0976,2465.9172,22639714811.09059
2024-10-14,2466.9809,2648.3699,2445.7117,2629.5321,60792592317.53658
2024-10-15,2630.2038,2676.9401,2540.6433,2602.9998,65487215314.42857
2024-10-16,2605.3226,2642.3032,2591.938,2612.1408,33198362141.313587
2024-10-17,2616.0981,2644.3317,2582.4598,2603.7922,18293153684.418118
2024-10-18,2605.842,2669.3187,2597.2123,2642.2951,19296052208.28223
2024-10-19,2642.4721,2658.6012,2632.0077,2649.1096,15371653283.787457
2024-10-20,2649.8269,2750.333,2636.5087,2744.3776,11059235375.958189
2024-10-21,2742.7096,2761.2256,2660.1079,2668.0588,21584892444.61324
2024-10-22,2669.7285,2669.7285,2607.5124,2620.9679,19891942427.522648
2024-10-23,2622.9519,2623.3804,2475.2726,2527.6145,18301551588.972126
2024-10-24,2524.2931,2558.6877,2513.2672,2537.6447,22332734473.885017
2024-10-25,2538.0507,2556.4719,2401.4827,2426.0749,20080465780.188152
2024-10-26,2435.7022,2506.2337,2435.7022,2486.0441,25499915602.972126
2024-10-27,2486.015,2526.7467,2472.6548,2513.9056,12576405459.634146
2024-10-28,2512.144,2579.3281,2481.5583,2565.9021,16079442147.836237
2024-10-29,2565.7784,2675.2624,2562.5821,2637.2503,25882317001.470383
2024-10-30,2637.6911,2716.6984,2606.7913,2659.0627,25752648702.8223
2024-10-31,2661.3214,2664.8655,2508.7715,2517.618,23856549877.65157
2024-11-01,2520.6882,2580.2726,2480.8752,2513.8346,25320393925.43554
2024-11-02,2515.7327,2522.247,2480.0381,2491.4827,17934388401.954704
2024-11-03,2492.1993,2495.4708,2416.5102,2458.8649,15221719335.56446
2024-11-04,2455.0852,2485.4767,2369.8167,2396.9635,18194427778.763065
2024-11-05,2400.4728,2477.1459,2383.5748,2424.2234,21727499229.47387
2024-11-06,2427.9603,2736.8628,2425.4696,2720.0061,38739365548.8676
2024-11-07,2718.0301,2911.7093,2704.1715,2893.4593,42116216784.20209
2024-11-08,2903.7817,2971.6547,2890.2367,2958.7839,35525344071.01742
2024-11-09,2956.7487,3147.2829,2956.7487,3125.8481,33853867216.383274
2024-11-10,3116.0342,3239.6794,3095.1368,3189.6556,39633601071.44599
2024-11-11,3188.7346,3381.8718,3119.5911,3376.7687,52446293721.80488
2024-11-12,3354.328,3435.2489,3217.9822,3256.1818,71973542792.90244
2024-11-13,3254.3141,3331.5694,3123.91,3189.1444,58728860863.25784
2024-11-14,3190.795,3235.7841,3048.3298,3059.1004,58895253837.53658
2024-11-15,3073.1999,3129.4133,3023.3663,3094.1653,39878398753.731705
2024-11-16,3090.2146,3208.6767,3076.3723,3132.193,36153478406.14286
2024-11-17,3137.0396,3159.072,3051.5679,3075.4451,32330820830.226482
2024-11-18,3076.2365,3216.9972,3058.9683,3212.2461,33499392961.317074
2024-11-19,3216.1673,3216.1673,3079.6981,3111.9588,42127333474.372826
2024-11-20,3106.3372,3150.461,3036.3053,3071.7452,34553671663.50174
2024-11-21,3072.1877,3385.4357,3038.8448,3363.7218,48480619568.993004
2024-11-22,3361.4185,3413.2604,3273.9946,3324.1296,54249579250.94425
2024-11-23,3321.6837,3484.671,3318.592,3391.0575,43462675702.20906
2024-11-24,3396.2598,3442.5551,3290.4186,3359.6938,39206582420.39024
2024-11-25,3350.5496,3533.9707,3306.4087,3415.4204,41866352589.348434
2024-11-26,3408.0632,3460.2276,3263.2728,3328.6135,56832300390.60627
2024-11-27,3321.7403,3678.7596,3310.6943,3662.2765,47039036336.52265
2024-11-28,3645.0601,3657.0736,3537.5573,3578.2137,48142376764.362366
2024-11-29,3578.6689,3640.1139,3542.6347,3593.636,34408606128.78745
2024-11-30,3590.9472,3725.6221,3577.1108,3703.812,36730972265.21951
2024-12-01,3709.608,3734.6788,3664.0405,3703.0563,32850450103.55749
2024-12-02,3707.9575,3744.724,3567.3985,3641.4213,42617379110.99651
2024-12-03,3638.3021,3661.1126,3512.5343,3625.5278,46319722633.17422
2024-12-04,3620.3911,3879.7252,3620.3911,3838.9454,53939665394.794426
2024-12-05,3834.3137,3947.2674,3741.8264,3790.4221,70890825038.0979
2024-12-06,3787.0958,4084.4091,3787.0958,4005.8846,66701685156.43356
2024-12-07,4005.9638,4024.2709,3977.6211,4000.0664,49316091682.452965
2024-12-08,4003.0955,4015.2743,3936.9478,4015.2743,25345220862.44251
2024-12-09,4000.7757,4000.7757,3611.9149,3715.3684,37740481899.98606
2024-12-10,3696.497,3774.0167,3528.2666,3628.8115,77152357432.54007
2024-12-11,3634.7298,3847.8388,3572.6281,3829.0521,55142194679.62021
2024-12-12,3826.3204,3982.7149,3800.9181,3881.3655,44494665436.09059
2024-12-13,3887.0938,3964.9047,3856.5753,3909.0227,45881430495.07665
2024-12-14,3908.3892,3941.5552,3832.8226,3868.2654,31182188119.62021
2024-12-15,3870.624,3963.2528,3837.5557,3963.2528,25923935187.0
2024-12-16,3953.729,4087.5678,3894.0727,3988.2391,41992989681.229965
2024-12-17,3977.7102,4039.4029,3860.3154,3883.1471,51242538107.21255
2024-12-18,3890.4503,3899.2388,3627.0821,3631.2671,46219761173.52962
2024-12-19,3643.4544,3718.5472,3362.3485,3436.3037,62702704466.728226
2024-12-20,3421.3389,3490.0832,3120.9825,3466.7475,81092384717.96167
2024-12-21,3470.9469,3545.6217,3305.7744,3340.4166,57665605494.191635
2024-12-22,3330.8735,3398.8447,3231.1914,3276.7888,33934014173.43554
2024-12-23,3278.69,3462.14,3213.85,3418.12,176709.65124672
2024-12-24,3418.12,3537.52,3353.08,3491.13,103337.99180753
2024-12-25,3491.13,3543.83,3437.42,3493.95,41327.45699372
2024-12-26,3494.36,3512.49,3301.06,3330.86,103793.19567204
2024-12-27,3331.17,3437.87,3301.27,3328.6,121870.90269822
2024-12-28,3328.34,3421.11,3317.12,3397.87,35155.97941995
2024-12-29,3397.86,3408.32,3320.0,3350.23,30260.81890531
2024-12-30,3350.24,3430.0,3293.1,3355.66,98737.16292017
2024-12-31,3355.44,3447.0,3310.0,3330.32,94223.76498048
2025-01-01,3330.52,3366.83,3308.2,3353.32,113635.9777943
2025-01-02,3353.32,3506.11,3347.19,3452.39,86207.50853825
2025-01-03,3452.39,3629.9,3420.62,3607.68,102329.32252706
2025-01-04,3607.68,3670.34,3571.29,3656.4,49524.86729196
2025-01-05,3656.4,3674.92,3593.46,3635.46,36837.72295697
2025-01-06,3635.48,3746.0,3609.58,3688.74,106106.62657887
2025-01-07,3688.73,3702.24,3356.0,3380.29,149342.34303939
2025-01-08,3380.32,3414.59,3206.95,3326.29,130070.303195
2025-01-09,3326.51,3356.78,3157.0,3218.81,128267.34648667
2025-01-10,3219.2,3321.91,3194.4,3266.53,115536.39025356
2025-01-11,3266.37,3318.91,3217.61,3282.01,31509.24900704
2025-01-12,3282.0,3298.2,3223.07,3266.02,39914.90204276
2025-01-13,3266.09,3336.26,2913.75,3136.08,175346.06715095
2025-01-14,3136.65,3256.46,3124.2,3223.97,99770.14179138
2025-01-15,3224.35,3475.14,3185.25,3451.58,148647.52185627
2025-01-16,3451.57,3460.6,3262.69,3307.73,136122.61797511
2025-01-17,3307.83,3527.0,3307.09,3475.47,150453.58019826
2025-01-18,3475.54,3496.48,3224.29,3304.07,151938.03835066
2025-01-19,3304.09,3445.0,3125.45,3210.03,298299.62598353
2025-01-20,3211.85,3448.0,3139.61,3280.4,290972.59781939
2025-01-21,3280.43,3368.0,3200.98,3327.57,151693.96697671
2025-01-22,3327.56,3366.1,3220.01,3241.35,92936.50329584
2025-01-23,3241.35,3349.15,3181.94,3338.67,143070.07538594
2025-01-24,3339.26,3428.25,3275.41,3309.72,156732.03584317
2025-01-25,3309.83,3350.27,3269.06,3318.37,54942.68192937
2025-01-26,3318.38,3361.16,3227.68,3231.48,73002.88372238
2025-01-27,3231.31,3253.54,3001.0,3181.93,210052.48844331
2025-01-28,3182.06,3223.56,3037.75,3076.06,114845.18340866
2025-01-29,3076.05,3181.99,3053.94,3114.03,146256.01605527
2025-01-30,3114.03,3283.5,3090.89,3247.48,115394.80466779
2025-01-31,3247.32,3438.96,3213.36,3299.99,175027.24810392
2025-02-01,3300.0,3330.9,3101.28,3116.78,78248.09835402
2025-02-02,3116.44,3162.35,2750.0,2869.25,185502.0852722
2025-02-03,2869.69,2924.6,2150.0,2883.62,740839.23312985
2025-02-04,2883.1,2891.9,2633.67,2732.07,364753.54972783
2025-02-05,2732.07,2827.94,2699.6,2788.3,192546.34864221
2025-02-06,2788.56,2858.92,2656.53,2687.1,169430.89789344
2025-02-07,2687.18,2799.59,2563.0,2622.95,182738.50499497
2025-02-08,2623.02,2668.11,2588.13,2632.62,128631.57438449
2025-02-09,2633.12,2698.72,2522.16,2627.87,91400.38607088
2025-02-10,2627.82,2694.49,2560.35,2661.87,109998.03360165
2025-02-11,2661.84,2725.74,2560.49,2602.03,129799.77478026
2025-02-12,2602.08,2796.89,2548.0,2738.58,162873.98962217
2025-02-13,2738.84,2758.18,2613.25,2676.09,127721.98336554
2025-02-14,2676.29,2793.44,2664.64,2726.32,128927.50134811
2025-02-15,2726.36,2739.55,2664.22,2693.58,40084.20408191
2025-02-16,2693.58,2726.58,2652.55,2661.51,52326.61083108
2025-02-17,2661.51,2849.53,2638.43,2744.1,137419.86385484
2025-02-18,2744.11,2756.5,2604.48,2670.59,133442.2018924
2025-02-19,2670.57,2736.29,2654.68,2715.27,100984.73251454
2025-02-20,2715.3,2771.9,2707.15,2738.65,88538.81529699
2025-02-21,2738.64,2846.53,2614.08,2661.69,298706.61877983
2025-02-22,2661.68,2797.81,2652.08,2763.5,83103.0458881
2025-02-23,2763.53,2855.23,2745.5,2819.63,95606.18967107
2025-02-24,2819.77,2839.81,2471.74,2513.35,199034.77624736
2025-02-25,2513.33,2530.99,2319.86,2492.37,367833.55676734
2025-02-26,2492.54,2504.18,2251.01,2332.93,225247.77404589
2025-02-27,2332.98,2379.47,2227.04,2305.21,161479.6523548
2025-02-28,2305.41,2312.05,2073.34,2236.36,349901.13722453
2025-03-01,2236.74,2280.48,2142.04,2216.51,87043.0102361
2025-03-02,2216.82,2551.49,2172.59,2518.39,315998.58200778
2025-03-03,2518.4,2523.84,2094.27,2147.53,322327.3085523
2025-03-04,2147.64,2222.15,1991.21,2170.92,432432.0996775
2025-03-05,2171.0,2273.29,2154.64,2241.53,165354.51710988
2025-03-06,2241.63,2320.0,2176.0,2202.42,155071.09381971
2025-03-07,2202.03,2258.02,2102.21,2140.81,262699.28057767
2025-03-08,2140.81,2234.05,2104.67,2203.03,57548.29986961
2025-03-09,2203.03,2211.66,1988.3,2020.02,127517.5417569
2025-03-10,2020.02,2152.48,1809.49,1864.12,362167.30853475
2025-03-11,1864.52,1962.83,1754.13,1923.08,340034.80127314
2025-03-12,1923.02,1956.15,1829.49,1907.93,227178.14493919
2025-03-13,1907.88,1922.09,1820.86,1863.81,156763.1076532
2025-03-14,1863.8,1946.0,1860.46,1911.65,95560.30533948
2025-03-15,1911.55,1957.51,1903.69,1937.61,37624.28395569
2025-03-16,1937.4,1940.96,1860.49,1886.8,50658.46951025
2025-03-17,1886.79,1952.24,1879.8,1926.28,80268.22626745
2025-03-18,1926.2,1935.7,1871.64,1931.25,98061.93923964
2025-03-19,1931.24,2070.6,1927.63,2057.06,196188.24544574
2025-03-20,2056.93,2068.58,1951.12,1982.67,117335.61367471
2025-03-21,1982.45,1995.27,1936.0,1964.98,82472.92563047
2025-03-22,1965.04,2005.99,1963.76,1980.35,40334.50630982
2025-03-23,1980.43,2020.54,1976.6,2005.97,48751.22482465
2025-03-24,2006.14,2104.21,1977.42,2081.62,140535.73445256
2025-03-25,2081.61,2098.11,2037.39,2066.78,78429.61811816
2025-03-26,2066.75,2079.35,1981.4,2009.72,122121.17620874
2025-03-27,2009.65,2037.61,1986.83,2003.32,85676.54038226
2025-03-28,2003.18,2015.78,1860.86,1896.23,231796.08413787
2025-03-29,1896.21,1912.8,1797.51,1827.39,103414.81225118
2025-03-30,1827.43,1848.27,1767.1,1807.31,100497.70390842
2025-03-31,1807.51,1854.2,1776.43,1822.03,139811.10321108
2025-04-01,1822.05,1928.2,1817.71,1905.13,145912.60901118
2025-04-02,1905.13,1956.55,1781.21,1794.7,257321.35292484
2025-04-03,1794.77,1845.09,1750.0,1816.36,186281.09068551
2025-04-04,1816.33,1835.49,1758.5,1816.39,215577.6441354
2025-04-05,1816.34,1826.71,1764.1,1805.09,40241.31817836
2025-04-06,1805.16,1816.28,1535.06,1579.77,269650.3588939
2025-04-07,1579.8,1638.82,1411.0,1552.64,698812.70148075
2025-04-08,1552.37,1618.25,1444.37,1471.94,261089.46902982
2025-04-09,1472.11,1688.99,1383.26,1669.27,398819.27794972
2025-04-10,1669.15,1669.52,1471.63,1521.51,228219.61361863
2025-04-11,1521.08,1590.84,1504.0,1566.13,143453.42676045
2025-04-12,1565.95,1668.88,1544.36,1643.85,87012.16952171
2025-04-13,1643.82,1649.37,1562.0,1597.04,111889.23396001
2025-04-14,1597.04,1691.0,1595.06,1624.03,130644.29007707
2025-04-15,1623.61,1660.98,1583.15,1588.64,112545.45377041
2025-04-16,1588.48,1613.22,1538.02,1577.27,119238.8795804
2025-04-17,1577.3,1616.85,1562.35,1583.83,92253.60889083
2025-04-18,1583.86,1600.74,1573.7,1588.57,37357.55064718
2025-04-19,1588.61,1630.98,1585.02,1612.87,48914.4709325
2025-04-20,1612.97,1619.14,1565.64,1587.32,64780.491809
2025-04-21,1587.42,1658.55,1563.06,1579.55,143500.37227559
2025-04-22,1579.54,1778.92,1538.75,1757.0,332380.92058947
2025-04-23,1757.09,1835.74,1746.09,1795.92,267882.65660226
2025-04-24,1795.81,1803.33,1723.01,1770.41,161354.7148951
2025-04-25,1770.42,1828.9,1740.0,1785.95,191388.58108656
2025-04-26,1785.8,1841.66,1779.84,1821.6,75293.67103679
2025-04-27,1821.77,1857.85,1782.9,1791.88,68093.85600352
2025-04-28,1791.89,1829.0,1744.9,1800.26,208134.44795148
2025-04-29,1800.31,1843.28,1780.6,1798.21,144125.8069908
2025-04-30,1798.2,1817.43,1732.44,1793.79,132367.23008547
2025-05-01,1793.92,1874.48,1792.67,1838.82,139494.50395249
2025-05-02,1838.78,1871.95,1813.43,1842.98,93279.26608996
2025-05-03,1842.98,1849.27,1810.38,1834.03,45010.41020982
2025-05-04,1834.11,1850.21,1803.01,1809.0,40428.72920351
2025-05-05,1808.82,1833.51,1781.7,1820.15,85196.59584097
2025-05-06,1820.2,1820.64,1751.45,1817.06,91421.48339979
2025-05-07,1817.06,1850.94,1787.01,1811.35,138712.13157438
2025-05-08,1811.36,2225.52,1808.61,2207.09,329557.78516842
2025-05-09,2206.84,2490.66,2184.39,2345.29,367944.3292584
2025-05-10,2345.42,2600.6,2317.73,2583.8,190174.27767839
2025-05-11,2583.09,2609.0,2436.47,2514.79,143648.21932596
2025-05-12,2514.79,2625.0,2407.41,2495.83,246104.50649036
2025-05-13,2495.61,2739.05,2415.65,2679.88,209696.06797506
2025-05-14,2679.82,2725.0,2547.75,2610.31,176653.34640214
2025-05-15,2610.47,2647.1,2475.0,2548.84,162116.56760589
2025-05-16,2549.16,2648.88,2530.31,2538.02,122465.4564135
2025-05-17,2537.9,2539.48,2446.89,2476.11,78215.46124074
2025-05-18,2476.11,2588.25,2323.0,2498.24,134969.08574025
2025-05-19,2498.63,2547.73,2349.73,2528.71,216868.76047746
2025-05-20,2529.28,2588.58,2444.4,2525.05,129646.38919276
2025-05-21,2525.05,2617.15,2452.79,2551.73,218788.745073
2025-05-22,2552.12,2692.99,2545.4,2665.39,196307.76694511
2025-05-23,2665.59,2734.04,2500.0,2527.02,201851.50906055
2025-05-24,2526.83,2577.57,2515.72,2530.99,40630.87226987
2025-05-25,2531.34,2555.3,2463.37,2552.32,58254.46870874
2025-05-26,2552.44,2600.8,2526.98,2564.32,56978.02353915
2025-05-27,2564.71,2713.78,2510.54,2662.04,166072.34229434
2025-05-28,2662.18,2690.33,2609.9,2682.16,115559.76273561
2025-05-29,2682.44,2789.5,2618.88,2631.68,191128.81924232
2025-05-30,2631.41,2649.91,2507.8,2531.94,129873.34038728
2025-05-31,2531.92,2551.67,2476.84,2529.31,51370.13572435
2025-06-01,2529.31,2550.0,2470.5,2540.38,53153.06712416
2025-06-02,2540.4,2616.87,2476.13,2609.29,127353.9733552
2025-06-03,2609.29,2657.74,2575.75,2595.03,175792.32687578
2025-06-04,2595.03,2681.0,2584.05,2609.07,105615.84491827
2025-06-05,2609.19,2642.53,2392.16,2415.34,205698.4186583
2025-06-06,2415.31,2533.09,2384.0,2478.24,127162.33645658
2025-06-07,2478.38,2545.0,2457.88,2526.14,35850.95849949
2025-06-08,2525.94,2549.57,2492.84,2510.78,33630.83013396
2025-06-09,2510.77,2695.2,2479.09,2681.29,117024.8957477
2025-06-10,2681.25,2827.18,2657.11,2816.5,268557.67044312
2025-06-11,2816.69,2880.0,2743.0,2772.39,179356.72494173
2025-06-12,2772.39,2785.93,2615.0,2643.8,152072.49988479
2025-06-13,2643.81,2646.79,2439.17,2580.21,283876.86464992
2025-06-14,2580.25,2580.86,2490.0,2531.97,67625.03115586
2025-06-15,2531.98,2559.94,2492.42,2548.03,48636.95574774
2025-06-16,2547.95,2681.97,2515.23,2545.27,177468.3139788
2025-06-17,2545.41,2619.44,2454.0,2510.7,163609.0001351
2025-06-18,2510.64,2548.52,2466.38,2525.54,92285.01272137
2025-06-19,2525.49,2548.35,2485.37,2521.52,51487.65047448
2025-06-20,2521.79,2569.2,2367.58,2407.2,140932.28117073
2025-06-21,2407.2,2449.05,2217.06,2297.28,107608.7542578
2025-06-22,2297.26,2315.15,2113.0,2228.46,224937.83363588
2025-06-23,2228.46,2440.0,2189.11,2413.0,219164.75168992
2025-06-24,2412.81,2483.38,2377.79,2449.87,156696.78441766
2025-06-25,2449.74,2470.19,2391.15,2420.09,123451.65827947
2025-06-26,2420.09,2521.67,2395.0,2417.4,114621.88775791
2025-06-27,2417.21,2464.69,2381.26,2424.2,96456.08851832
2025-06-28,2424.24,2448.97,2407.03,2437.08,29496.9317339
2025-06-29,2437.08,2526.27,2413.36,2500.69,47090.69337747
2025-06-30,2500.7,2524.85,2433.97,2486.15,115164.67938137
2025-07-01,2486.16,2501.45,2386.96,2405.32,78850.04742822
2025-07-02,2405.41,2619.98,2372.62,2571.13,167801.93789726
2025-07-03,2571.13,2637.96,2557.21,2592.13,115059.14879727
2025-07-04,2592.14,2603.7,2475.0,2508.8,77877.16679488
2025-07-05,2508.79,2530.42,2488.4,2517.01,22282.7328538
2025-07-06,2517.02,2605.38,2504.27,2570.84,41033.07311666
2025-07-07,2570.81,2591.15,2512.76,2542.38,79624.16907512
2025-07-08,2542.39,2628.95,2523.58,2616.52,100288.23984643
2025-07-09,2616.35,2797.83,2590.47,2769.83,186502.61069478
2025-07-10,2769.83,3000.0,2756.22,2951.22,236543.69036785
2025-07-11,2951.87,3040.8,2913.58,2959.12,230285.8494589
2025-07-12,2959.22,2981.01,2905.29,2944.37,63678.56454793
2025-07-13,2944.48,3022.0,2937.0,2973.38,70227.25148441
2025-07-14,2973.48,3083.52,2964.2,3014.53,192451.97265422
2025-07-15,3014.41,3144.81,2933.0,3138.01,179476.73196827
2025-07-16,3138.79,3425.89,3101.25,3373.12,292334.52407204
2025-07-17,3373.2,3526.73,3311.01,3479.77,274593.74925785
2025-07-18,3479.78,3677.4,3461.68,3549.67,337824.83515568
2025-07-19,3549.66,3610.85,3508.66,3594.3,83316.75149516
2025-07-20,3594.31,3825.36,3581.22,3758.6,146787.12978622
2025-07-21,3758.66,3860.8,3703.76,3763.75,221705.85764009
2025-07-22,3763.75,3801.63,3617.47,3748.62,225021.75942135
2025-07-23,3748.62,3766.79,3528.43,3630.34,211546.24270422
2025-07-24,3630.41,3775.0,3507.78,3708.6,224420.86882496
2025-07-25,3708.88,3747.76,3574.39,3725.84,217042.92308788
2025-07-26,3725.84,3795.0,3699.02,3743.06,72302.973587
2025-07-27,3743.05,3880.23,3731.71,3873.92,77968.55076879
2025-07-28,3873.92,3941.86,3753.15,3799.46,199027.60346952
2025-07-29,3799.44,3886.01,3715.14,3793.4,138313.68335934
2025-07-30,3793.5,3833.68,3676.67,3810.44,119425.78709017
2025-07-31,3810.45,3878.32,3680.01,3698.07,101490.47064491
2025-08-01,3697.85,3724.7,3429.44,3486.39,214413.30257873
2025-08-02,3486.29,3536.77,3368.03,3392.8,125995.90627221
2025-08-03,3392.81,3521.96,3354.56,3497.31,56152.10527646
2025-08-04,3497.31,3737.27,3491.5,3720.87,128256.57360012
2025-08-05,3720.86,3721.53,3546.05,3611.57,114099.28155356
2025-08-06,3611.79,3699.81,3563.44,3683.8,123751.95784805
2025-08-07,3683.78,3928.65,3647.87,3911.28,215879.45364256
2025-08-08,3910.92,4071.21,3880.19,4011.0,283924.61832068
2025-08-09,4010.72,4326.34,4007.14,4262.46,201072.28837789
2025-08-10,4262.45,4333.13,4161.16,4251.91,135684.68640911
2025-08-11,4251.89,4365.97,4165.86,4224.48,256938.33538629
2025-08-12,4224.45,4638.0,4219.92,4589.88,344450.27634218
2025-08-13,4589.71,4786.36,4562.87,4751.46,324934.36944854
2025-08-14,4751.54,4792.0,4446.15,4550.59,344363.7591017
2025-08-15,4550.83,4671.6,4370.0,4442.56,241688.82570246
2025-08-16,4442.55,4495.15,4376.02,4425.13,81370.11239552
2025-08-17,4425.49,4577.71,4397.65,4475.47,104186.64462627
2025-08-18,4475.47,4484.57,4227.01,4315.37,224168.99724414
2025-08-19,4315.95,4356.88,4066.2,4075.89,266984.37093954
2025-08-20,4075.13,4378.23,4062.24,4336.41,204393.53249278
2025-08-21,4336.42,4340.41,4203.81,4224.43,135477.16502351
2025-08-22,4224.17,4886.1,4204.86,4831.24,382321.64289869
2025-08-23,4830.18,4830.91,4660.55,4776.73,97399.85594592
2025-08-24,4776.73,4955.9,4710.0,4779.87,158333.15493157
2025-08-25,4779.52,4797.7,4335.66,4377.02,257426.71057578
2025-08-26,4377.02,4634.71,4311.68,4601.64,241823.89422103
2025-08-27,4601.63,4664.43,4481.39,4506.95,182804.11996722
2025-08-28,4506.95,4635.0,4428.0,4511.3,139168.54135212
2025-08-29,4511.3,4516.95,4268.0,4360.2,187412.576106
2025-08-30,4360.21,4415.29,4257.17,4374.58,66655.29676488
2025-08-31,4374.48,4498.95,4373.06,4391.91,83463.56830359
2025-09-01,4391.9,4490.0,4209.01,4314.76,119463.39453363
2025-09-02,4314.87,4417.24,4256.27,4326.57,144877.84602714
2025-09-03,4326.52,4495.45,4283.09,4452.4,143077.06609651
2025-09-04,4452.39,4484.7,4265.3,4298.37,177760.02779911
2025-09-05,4298.09,4490.0,4253.0,4307.65,209546.87120895
2025-09-06,4307.65,4328.69,4237.13,4274.15,41875.25454685
2025-09-07,4274.24,4336.44,4270.13,4305.56,37354.50429946
2025-09-08,4305.01,4384.24,4278.78,4305.84,135970.0065259
2025-09-09,4305.85,4382.03,4276.33,4309.93,110554.67476563
2025-09-10,4309.94,4454.5,4283.77,4350.0,133832.27705062
2025-09-11,4350.38,4480.92,4339.12,4460.51,128739.9909512
2025-09-12,4460.52,4744.75,4452.17,4714.66,195085.25198337
2025-09-13,4714.66,4768.6,4607.0,4669.0,74925.80480158
2025-09-14,4669.0,4694.53,4579.44,4605.93,46791.47622757
2025-09-15,4605.93,4672.0,4464.68,4524.56,117720.34314937
2025-09-16,4524.68,4538.85,4425.0,4502.7,119821.33855279
2025-09-17,4502.7,4619.18,4416.02,4592.17,164384.79307111
2025-09-18,4592.17,4646.81,4555.02,4589.4,125688.22234093
2025-09-19,4589.4,4622.25,4437.45,4471.0,97288.06053699
2025-09-20,4470.99,4513.01,4456.79,4482.69,39081.2744386
2025-09-21,4482.43,4501.1,4445.26,4447.03,37295.56770455
2025-09-22,4447.34,4458.0,4058.85,4202.42,211133.84496602
2025-09-23,4202.3,4233.0,4117.78,4165.19,100228.30178808
2025-09-24,4165.18,4208.22,4076.0,4153.9,83346.81253793
2025-09-25,4153.9,4162.65,3825.0,3875.7,282687.98643677
2025-09-26,3875.74,4071.17,3869.14,4034.27,155666.90690747
2025-09-27,4034.2,4040.95,3974.5,4020.35,41729.01532417
2025-09-28,4020.34,4145.96,3967.22,4143.25,61349.14384314
2025-09-29,4143.36,4239.99,4084.0,4217.25,111587.56348085
2025-09-30,4217.16,4248.99,4093.0,4145.99,112394.45769006
2025-10-01,4145.98,4358.96,4123.35,4350.52,151382.25097815
2025-10-02,4350.52,4521.03,4335.01,4487.49,153389.71044144
2025-10-03,4487.3,4596.19,4430.08,4515.89,194121.46395236
2025-10-04,4515.89,4521.34,4442.6,4490.01,51384.17568724
2025-10-05,4489.86,4619.31,4469.69,4515.4,85645.8875434
2025-10-06,4515.4,4739.46,4489.11,4686.32,180142.07592977
2025-10-07,4686.33,4759.16,4432.47,4449.8,198779.53212198
2025-10-08,4449.81,4559.89,4411.13,4527.3,133876.75247388
2025-10-09,4526.93,4532.97,4266.83,4370.9,141076.62781726
2025-10-10,4370.72,4397.03,3510.0,3836.15,386709.49939687
2025-10-11,3836.89,3887.34,3648.28,3750.6,155467.48573337
2025-10-12,3750.8,4200.28,3698.71,4156.21,151733.45389149
2025-10-13,4156.38,4295.57,4045.49,4244.69,153339.31784774
2025-10-14,4244.69,4267.41,3892.16,4126.39,243536.31872992
2025-10-15,4126.26,4218.58,3930.31,3987.53,157726.70619812
2025-10-16,3987.28,4090.0,3826.72,3894.91,161382.6010111
2025-10-17,3895.0,3952.8,3673.64,3832.99,202879.86788105
2025-10-18,3832.86,3930.25,3820.14,3890.4,45567.63757722
2025-10-19,3890.4,4032.4,3829.23,3983.89,89989.11920544
2025-10-20,3984.11,4086.0,3908.36,3980.42,100967.70620232
2025-10-21,3980.43,4113.15,3838.88,3874.57,167898.09575775
2025-10-22,3874.8,3891.6,3711.49,3806.12,144557.44893026
2025-10-23,3806.25,3936.1,3796.77,3858.41,112678.89994476
2025-10-24,3858.41,4024.31,3847.36,3936.1,122248.90258364
2025-10-25,3936.1,3965.44,3911.88,3954.52,25280.14115745
2025-10-26,3954.5,4178.82,3919.34,4158.81,65472.37802493
2025-10-27,4159.05,4254.23,4094.72,4120.1,131419.43492108
2025-10-28,4120.0,4177.54,3931.8,3980.25,112997.59147629
2025-10-29,3980.2,4038.7,3838.0,3904.2,118300.54341506
2025-10-30,3904.17,3949.34,3676.04,3804.02,139553.89852977
2025-10-31,3804.24,3903.62,3795.51,3845.79,123546.29718716
2025-11-01,3846.44,3908.94,3829.2,3872.16,26667.45704268
2025-11-02,3872.07,3916.5,3838.27,3905.97,31963.95389787
2025-11-03,3906.01,3914.06,3552.4,3602.88,167062.25570553
2025-11-04,3602.88,3653.6,3055.0,3286.21,314015.40004056
2025-11-05,3286.41,3481.76,3165.58,3423.89,205596.700027
2025-11-06,3423.9,3455.93,3243.6,3313.46,188062.26831086
2025-11-07,3313.47,3472.1,3191.02,3433.71,175288.79692612
2025-11-08,3433.92,3487.39,3354.41,3400.46,75557.97738948
2025-11-09,3400.47,3622.45,3356.85,3582.92,97906.75276072
2025-11-10,3582.92,3658.38,3505.14,3566.49,124625.79870813
2025-11-11,3566.41,3647.38,3403.41,3416.54,122912.10083045
2025-11-12,3416.54,3587.94,3371.59,3414.06,130120.8908459
2025-11-13,3414.06,3564.4,3150.0,3229.65,207375.27877133
2025-11-14,3229.68,3255.0,3067.74,3109.49,193349.98553734
2025-11-15,3109.89,3228.54,3108.21,3166.3,60465.46978573
2025-11-16,3166.3,3246.44,3001.13,3092.25,113366.47629324
2025-11-17,3092.24,3221.13,2955.01,3027.89,195102.07233124
2025-11-18,3027.89,3168.98,2943.75,3121.74,200616.77009048
2025-11-19,3121.5,3124.1,2868.5,3023.1,245497.12319725
2025-11-20,3023.11,3061.05,2786.9,2830.59,215908.80878084
2025-11-21,2830.31,2882.31,2620.0,2763.99,289458.97165947
2025-11-22,2763.99,2797.86,2702.71,2768.5,93138.03438977
2025-11-23,2768.4,2857.19,2766.72,2801.14,103122.45973534
2025-11-24,2801.14,2985.82,2762.0,2952.59,183914.24759294
2025-11-25,2952.58,2979.0,2854.98,2958.17,129153.15107452
2025-11-26,2958.17,3044.78,2887.88,3026.43,105309.10876742
2025-11-27,3026.34,3071.58,2983.79,3014.86,73449.92905273
2025-11-28,3014.9,3099.0,2993.63,3031.86,128095.41347223
2025-11-29,3031.86,3053.53,2963.0,2990.31,59997.88078648
2025-11-30,2990.3,3053.78,2976.98,2991.9,42972.80053891
2025-12-01,2991.68,3000.07,2716.82,2798.3,173487.80302209
2025-12-02,2798.25,3034.84,2781.87,2996.7,128062.03226086
2025-12-03,2996.6,3214.99,2986.28,3189.79,166820.22275226
2025-12-04,3189.8,3241.57,3067.09,3134.13,146083.73369148
2025-12-05,3134.09,3194.24,2985.36,3022.61,139256.13602594
2025-12-06,3022.51,3068.83,3012.66,3039.13,36886.93732815
2025-12-07,3039.12,3150.2,2910.08,3061.0,73740.78542865
2025-12-08,3060.71,3180.0,3040.27,3124.93,118930.55246979
2025-12-09,3124.93,3398.0,3090.92,3318.54,135391.03238959
2025-12-10,3318.24,3477.44,3288.78,3325.02,124648.6028813
2025-12-11,3325.26,3328.54,3145.53,3237.4,144773.67579285
2025-12-12,3237.7,3266.95,3045.3,3084.91,120880.53475436
2025-12-13,3084.91,3135.78,3079.05,3115.0,33885.15056189
2025-12-14,3115.0,3130.35,3025.14,3063.3,52828.2429336
2025-12-15,3063.44,3178.0,2893.38,2964.4,188580.10039244
2025-12-16,2964.51,2981.8,2878.01,2961.96,108885.75640921
2025-12-17,2961.99,3028.99,2790.01,2832.25,153896.3781066
2025-12-18,2832.25,2995.99,2773.42,2826.57,150314.12370061
2025-12-19,2826.57,3017.41,2806.9,2978.03,120797.81921161
2025-12-20,2977.95,2992.98,2964.43,2976.6,22537.36877657
2025-12-21,2976.7,3012.25,2943.0,3001.42,38659.49857414
2025-12-22,3001.37,3075.84,2962.08,3007.69,97545.57724577
2025-12-23,3007.62,3033.98,2900.0,2962.85,87383.52700078
2025-12-24,2962.71,2976.3,2886.35,2945.07,73342.07583396
2025-12-25,2944.96,2969.34,2889.03,2902.34,31419.70884907
2025-12-26,2902.34,2991.8,2892.35,2925.43,65611.25452567
2025-12-27,2925.58,2958.84,2915.39,2946.6,17100.49298785
2025-12-28,2946.34,2958.89,2923.24,2948.92,20908.58592207
2025-12-29,2948.91,3054.7,2907.07,2934.19,88554.14320991
2025-12-30,2934.18,3005.9,2915.01,2970.42,113086.56309377
2025-12-31,2970.42,3024.29,2958.07,2966.84,84906.66933587
2026-01-01,2966.68,3006.97,2966.2,3000.41,31274.2034847
2026-01-02,3000.41,3148.99,2988.41,3125.24,156570.8612605
2026-01-03,3124.62,3135.93,3075.2,3125.43,39093.70486454
2026-01-04,3125.53,3166.32,3117.71,3143.14,45533.73655067
2026-01-05,3143.15,3264.66,3132.79,3225.19,116202.42497422
2026-01-06,3225.19,3307.72,3181.62,3295.59,120521.49963554
2026-01-07,3295.58,3295.83,3121.68,3165.64,120187.64882991
2026-01-08,3165.67,3182.0,3050.2,3104.3,123784.90554436
2026-01-09,3104.29,3145.01,3053.69,3084.31,105429.69239068
2026-01-10,3084.3,3101.47,3074.0,3082.39,21670.68894315
2026-01-11,3082.4,3142.41,3080.29,3118.65,38157.04305369
2026-01-12,3118.82,3167.27,3062.02,3091.94,88338.00436696
2026-01-13,3091.94,3375.0,3087.93,3323.38,130752.63257942
2026-01-14,3323.37,3405.03,3278.45,3354.82,168871.62431704
2026-01-15,3354.82,3384.32,3270.58,3317.98,137640.67755377
2026-01-16,3317.98,3326.59,3250.83,3294.88,87030.08309374
2026-01-17,3294.87,3329.02,3282.3,3309.33,20339.38672031
2026-01-18,3309.0,3367.65,3276.92,3282.55,34435.3169577
2026-01-19,3282.5,3282.71,3162.86,3187.51,83088.29353263
2026-01-20,3187.17,3198.16,2912.52,2936.5,128671.13095088
2026-01-21,2936.5,3066.65,2863.4,2979.6,168165.2321748
2026-01-22,2979.59,3035.84,2902.91,2949.36,118196.4248216
2026-01-23,2949.36,3015.0,2888.01,2952.77,103986.36773647
2026-01-24,2952.76,2966.14,2939.8,2948.86,29942.09293195
2026-01-25,2948.85,2956.13,2783.26,2814.28,100921.28333024
2026-01-26,2814.19,2948.49,2809.43,2926.85,135029.2158281
2026-01-27,2926.89,3031.39,2895.61,3021.91,114381.14515769
2026-01-28,3021.9,3041.67,2979.21,3006.17,108171.16245197
2026-01-29,3006.17,3009.5,2750.36,2817.79,177140.15522134
2026-01-30,2817.78,2824.54,2632.39,2702.69,206345.03143941
2026-01-31,2702.68,2710.09,2238.74,2449.36,236036.47844218
2026-02-01,2449.44,2473.86,2218.57,2268.18,168839.93353968
2026-02-02,2268.24,2395.59,2156.25,2345.11,296747.25726593
2026-02-03,2344.8,2357.76,2108.24,2230.48,330270.90869692
2026-02-04,2230.48,2292.56,2072.57,2143.57,320920.4352572
2026-02-05,2143.2,2169.01,1814.19,1823.2,464003.04620229
2026-02-06,1823.11,2092.83,1742.79,2061.95,451365.13255963
2026-02-07,2061.95,2119.74,1993.46,2086.17,192545.45852236
2026-02-08,2086.19,2150.0,2064.96,2088.42,121252.98101963
2026-02-09,2088.36,2146.76,2006.88,2103.83,228127.87563129
2026-02-10,2103.83,2123.22,1988.0,2021.71,213966.420435
2026-02-11,2021.7,2031.41,1901.31,1939.45,227202.64243775
2026-02-12,1939.9,2000.29,1895.56,1946.11,172231.12506456
2026-02-13,1946.11,2072.06,1923.2,2047.48,216798.30582469
2026-02-14,2047.58,2106.41,2041.04,2085.4,70592.89786878
2026-02-15,2085.47,2101.78,1927.48,1965.36,123812.19170979
2026-02-16,1965.48,2022.48,1936.44,1997.28,97967.28653274
2026-02-17,1997.28,2015.5,1940.16,1990.83,164705.51966895
2026-02-18,1990.84,2038.2,1922.59,1955.01,176455.34215612
2026-02-19,1955.04,1986.59,1905.12,1948.16,134714.77993462
2026-02-20,1948.19,1981.39,1922.31,1968.13,151107.68969076
2026-02-21,1968.14,1995.0,1955.04,1973.0,47046.21307684
2026-02-22,1972.93,1982.78,1934.04,1956.84,54638.7090849
2026-02-23,1956.96,1958.13,1836.96,1855.52,220044.05459508
2026-02-24,1855.53,1868.92,1800.09,1851.94,198610.32724686
2026-02-25,1852.0,2148.44,1845.98,2057.71,303193.14292721
2026-02-26,2057.7,2083.57,1975.11,2027.9,205616.57814145
2026-02-27,2027.59,2063.99,1887.04,1929.61,237872.58254425
2026-02-28,1929.61,1984.9,1835.46,1964.71,129828.80621692
2026-03-01,1964.7,2054.56,1907.99,1939.68,142846.49675678
2026-03-02,1939.67,2089.49,1920.0,2027.49,278981.4823567
2026-03-03,2027.59,2041.93,1927.75,1982.87,227239.66987917
2026-03-04,1982.96,2200.0,1942.58,2127.61,297238.17060263
2026-03-05,2127.6,2164.34,2054.4,2072.99,207407.42726199
2026-03-06,2073.19,2093.4,1955.49,1978.49,240275.16118635
2026-03-07,1978.49,1996.51,1948.09,1969.61,54989.61283322
2026-03-08,1969.61,2008.09,1911.64,1936.93,143369.8237907
2026-03-09,1936.97,2054.09,1929.61,1993.19,214052.9464571
2026-03-10,1993.18,2088.83,1991.09,2036.8,175603.57671898
2026-03-11,2037.0,2086.49,2007.0,2052.25,166606.19178915
2026-03-12,2052.42,2096.09,2018.15,2074.0,154623.30875251
2026-03-13,2073.78,2211.62,2070.09,2092.81,224337.3952471
2026-03-14,2092.81,2106.06,2061.91,2096.7,50376.20374437
2026-03-15,2096.7,2203.09,2083.87,2178.67,93011.4795932
2026-03-16,2178.6,2386.23,2165.0,2352.94,234997.84483404
2026-03-17,2352.94,2376.79,2296.2,2318.03,171657.03184328
2026-03-18,2318.15,2351.09,2153.0,2203.47,186288.76368283
2026-03-19,2203.46,2233.69,2098.94,2137.98,159107.97208938
2026-03-20,2137.65,2176.62,2115.85,2145.89,145036.3382477
2026-03-21,2145.89,2167.71,2070.71,2084.64,33550.16550032
2026-03-22,2084.61,2126.45,2025.65,2053.49,77364.65405327
2026-03-23,2053.36,2198.32,2022.32,2151.71,226656.73790984
2026-03-24,2151.7,2175.42,2101.61,2155.56,148291.72276348
2026-03-25,2155.55,2199.81,2145.64,2167.98,157354.28623851
2026-03-26,2167.98,2171.39,2032.63,2058.74,179277.52424234
2026-03-27,2058.74,2076.09,1970.04,1991.55,177137.48590475
2026-03-28,1991.55,2044.47,1981.05,1992.98,42899.07582906
2026-03-29,1992.98,2017.77,1937.59,1982.96,51364.90577402
2026-03-30,1983.04,2083.73,1978.46,2024.6,195033.34811355
2026-03-31,2024.58,2121.66,2010.09,2103.61,211440.25417756
2026-04-01,2103.41,2167.56,2080.26,2140.21,161889.43792733
2026-04-02,2140.1,2159.16,2015.85,2056.78,191424.47680924
2026-04-03,2056.78,2081.74,2040.65,2053.52,60282.11864097
2026-04-04,2053.5,2083.32,2043.9,2065.17,31874.8135356
2026-04-05,2065.14,2122.79,2020.97,2109.24,53337.08165745
2026-04-06,2109.33,2174.86,2087.83,2107.39,186313.39079438
2026-04-07,2107.25,2272.86,2059.82,2239.68,244873.49846712
2026-04-08,2239.61,2271.6,2179.99,2190.24,201960.23545395
2026-04-09,2190.23,2245.9,2156.8,2190.15,174946.76352158
2026-04-10,2190.3,2301.64,2175.99,2246.29,196113.92072075
2026-04-11,2246.28,2330.56,2230.01,2285.79,71679.81618423
2026-04-12,2285.79,2289.58,2175.89,2191.8,93167.72448552
2026-04-13,2191.77,2395.0,2174.31,2370.28,223975.11564396
2026-04-14,2370.27,2417.4,2304.1,2323.58,193244.88521555
2026-04-15,2323.5,2387.08,2308.66,2360.6,134337.22308427
2026-04-16,2360.64,2370.34,2285.32,2348.61,156324.04548823
2026-04-17,2348.61,2466.5,2317.02,2419.81,198401.65083921
2026-04-18,2419.8,2428.51,2339.8,2351.36,58770.85463949
2026-04-19,2351.38,2356.7,2252.06,2263.89,79914.81620933
2026-04-20,2263.9,2347.8,2260.51,2314.79,157083.64716001
2026-04-21,2314.64,2339.58,2284.66,2328.0,145106.09601838
2026-04-22,2328.0,2425.0,2313.5,2375.21,201099.52507044
2026-04-23,2375.3,2383.04,2285.26,2331.08,172210.87607232
2026-04-24,2331.2,2338.55,2299.87,2315.81,148711.0057447
2026-04-25,2315.8,2323.79,2301.18,2319.97,30539.35592844
2026-04-26,2319.93,2405.0,2307.01,2370.47,76635.40841673
2026-04-27,2370.47,2405.01,2263.8,2303.44,166257.737196
2026-04-28,2303.59,2310.97,2256.82,2289.29,100075.8607295
2026-04-29,2289.28,2347.49,2218.65,2251.85,211218.07631847
2026-04-30,2251.98,2278.5,2230.15,2256.8,113600.48732022
2026-05-01,2256.8,2326.59,2256.34,2295.54,136833.75963697
2026-05-02,2295.54,2342.22,2292.7,2316.89,25959.04817209
2026-05-03,2316.88,2356.38,2297.59,2322.5,39258.04201479
2026-05-04,2322.48,2399.68,2308.36,2346.95,201514.06265736
2026-05-05,2346.96,2400.16,2344.76,2360.5,105257.66965682
2026-05-06,2360.5,2424.0,2337.12,2350.66,155816.20226202
2026-05-07,2350.65,2352.47,2279.69,2290.81,112568.32393233
2026-05-08,2290.81,2321.44,2269.55,2307.24,36253.77775924
2026-05-09,2307.24,2337.83,2299.57,2326.16,28649.36569572
2026-05-10,2326.15,2382.48,2311.85,2371.12,62055.44366944
2026-05-11,2370.96,2375.28,2302.75,2339.39,93430.60738316
2026-05-12,2339.48,2340.45,2255.29,2274.43,111664.09992572
2026-05-13,2274.32,2323.1,2232.72,2257.85,92947.96701131
2026-05-14,2257.82,2319.78,2237.11,2283.08,130000.90141912
2026-05-15,2283.09,2299.87,2203.0,2223.0,134836.29108122
2026-05-16,2223.0,2230.45,2161.8,2179.96,46679.61569179
2026-05-17,2179.95,2197.3,2078.22,2129.74,44593.6607403
2026-05-18,2129.74,2156.48,2076.4,2128.57,164422.28980877
2026-05-19,2128.52,2145.4,2092.45,2110.06,87637.18979544
2026-05-20,2110.05,2147.59,2100.43,2127.49,80875.41732147
2026-05-21,2127.48,2155.19,2102.38,2131.96,120736.37287797
2026-05-22,2131.96,2139.39,2055.11,2063.39,94975.89132846
2026-05-23,2063.58,2146.73,2006.64,2115.04,92074.10968906
2026-05-24,2115.11,2128.94,2059.33,2097.35,54263.65695297
2026-05-25,2097.38,2139.94,2089.6,2110.91,61283.2490891
2026-05-26,2111.04,2138.55,2052.0,2070.88,152229.07735511
2026-05-27,2070.88,2094.51,2012.35,2021.64,110952.52779291
2026-05-28,2021.52,2027.08,1964.01,2006.61,158565.4794059
2026-05-29,2006.6,2043.16,1973.36,2011.65,154169.91151552
2026-05-30,2011.64,2029.35,1999.33,2019.58,38268.00736613
2026-05-31,2019.6,2034.89,1991.1,2004.0,51986.49360124
2026-06-01,2004.01,2018.48,1954.0,2004.0,143475.0246555
2026-06-02,2004.08,2004.11,1836.96,1857.32,228372.53137535
2026-06-03,1857.31,1890.1,1768.0,1810.66,257717.58935891
2026-06-04,1810.65,1818.0,1715.36,1768.53,300066.45335875
2026-06-05,1768.52,1772.86,1539.26,1582.85,487135.90405701
2026-06-06,1582.71,1600.85,1505.0,1568.87,155069.0668797
2026-06-07,1568.86,1720.15,1563.2,1689.75,138897.69034752
2026-06-08,1689.58,1714.19,1644.08,1689.89,237778.56552869
2026-06-09,1689.8,1696.2,1612.37,1638.45,188435.91379266
2026-06-10,1638.45,1666.76,1601.5,1620.03,171498.50345678
2026-06-11,1619.96,1691.86,1619.96,1671.94,153835.9553949
2026-06-12,1671.84,1689.95,1650.0,1665.52,104730.69571056
2026-06-13,1665.5,1696.27,1661.33,1680.3,48967.87286664
2026-06-14,1680.36,1731.39,1651.74,1724.73,74935.04569191
2026-06-15,1724.73,1848.42,1708.89,1795.01,155590.45111945
2026-06-16,1795.0,1838.0,1757.61,1791.24,119036.05169935
2026-06-17,1791.24,1809.05,1723.78,1749.0,116224.29075813
2026-06-18,1748.98,1761.53,1669.2,1709.01,123048.41607822
2026-06-19,1709.0,1717.4,1677.36,1709.42,60117.40532152
2026-06-20,1709.41,1747.6,1702.29,1738.46,45619.28664727
2026-06-21,1738.61,1739.14,1700.0,1704.8,46556.48361857
2026-06-22,1704.99,1777.83,1704.99,1726.15,119549.5611865
2026-06-23,1726.12,1734.25,1633.47,1665.04,101355.91937495
2026-06-24,1665.04,1689.85,1550.93,1619.72,163107.19756151
2026-06-25,1619.72,1657.72,1530.38,1565.19,180478.067505
2026-06-26,1565.28,1591.67,1510.0,1576.27,159251.5558169
2026-06-27,1576.46,1608.27,1560.65,1571.6,44653.45847059
2026-06-28,1571.59,1586.51,1545.14,1569.41,39136.40992702
2026-06-29,1569.4,1635.0,1547.77,1610.62,141716.40419777
2026-06-30,1610.6,1612.08,1547.08,1569.45,102263.75051461
2026-07-01,1569.45,1644.0,1550.59,1607.64,146745.33179112
2026-07-02,1607.8,1723.05,1595.2,1698.63,148608.91614114
2026-07-03,1698.63,1774.0,1692.84,1756.14,70703.71252693
2026-07-04,1756.14,1806.01,1742.45,1779.34,49946.53713918
2026-07-05,1779.16,1806.51,1747.58,1784.2,40849.20348219
2026-07-06,1784.13,1831.62,1727.17,1798.45,125709.95162441
2026-07-07,1798.45,1811.15,1756.54,1770.09,100841.93544012
2026-07-08,1770.23,1783.71,1710.95,1741.8,99162.10019618
2026-07-09,1741.85,1760.57,1720.0,1743.82,76004.55079192
2026-07-10,1743.82,1810.79,1736.17,1795.74,95798.3569098
2026-07-11,1795.73,1829.25,1785.25,1786.81,51872.15076301
2026-07-12,1786.81,1825.46,1778.55,1805.51,39647.67901761
2026-07-13,1805.56,1844.67,1748.05,1774.57,106281.79272453
2026-07-14,1774.57,1895.61,1771.36,1890.63,138211.47661573
2026-07-15,1890.72,1944.82,1863.05,1916.76,104370.66103244
2026-07-16,1916.75,1928.2,1855.79,1863.17,93251.3109594
2026-07-17,1863.16,1869.36,1800.82,1840.94,91675.01190502
2026-07-18,1840.92,1865.01,1835.91,1861.54,36359.787703
2026-07-19,1861.61,1877.67,1850.3,1870.89,47975.58611931
2026-07-20,1870.99,1917.43,1841.52,1903.52,120073.02683301
2026-07-21,1903.53,1952.0,1899.56,1929.0,106885.51485654
2026-07-22,1929.11,1955.87,1909.27,1933.54,105832.1299862
2026-07-23,1933.56,1940.67,1867.06,1876.91,99340.53352605
2026-07-24,1877.04,1908.26,1845.35,1859.77,86148.07399363
2026-07-25,1859.77,1875.36,1849.26,1873.05,22008.90014172
2026-07-26,1873.01,1965.01,1872.16,1952.93,38607.17095977
2026-07-27,1953.12,1979.0,1880.7,1890.67,105349.16279901
2026-07-28,1890.69,1927.1,1854.52,1919.9,101428.68420724
2026-07-29,1919.99,1932.72,1871.84,1908.48,88424.3929117
2026-07-30,1908.3,1935.34,1890.89,1916.82,65630.02880406
2026-07-31,1916.82,1934.67,1845.8,1860.66,90891.68098819
2026-08-01,1860.8,1873.8,1820.14,1843.18,36623.09614728
2026-08-02,1843.24,1896.6,1842.0,1883.35,37236.89081126
2026-08-03,1883.34,1883.97,1826.31,1858.95,59606.09813762
2026-08-04,1858.96,1881.34,1846.73,1868.39,68086.22447977
2026-08-05,1868.38,1926.34,1853.72,1907.29,91253.81724219
2026-08-06,1907.29,1918.39,1889.68,1902.42,74098.22974247
2026-08-07,1902.45,1942.0,1892.61,1913.15,69386.14761465
2026-08-08,1913.17,1925.0,1911.36,1915.4,17577.70766728
2026-08-09,1915.37,1936.36,1906.08,1909.09,36517.95081871
2026-08-10,1909.18,1929.93,1865.88,1871.44,75690.08842457
2026-08-11,1871.4,1896.45,1851.45,1880.72,61108.79920688
2026-08-12,1880.72,1923.84,1871.11,1877.59,61807.14029078
2026-08-13,1877.65,1898.35,1860.81,1884.61,51084.97388002
2026-08-14,1884.61,1889.61,1862.09,1880.41,45591.99307329
2026-08-15,1880.41,1884.88,1873.77,1880.94,13098.43800884
2026-08-16,1880.88,1890.34,1867.32,1874.13,15508.129025
2026-08-17,1874.1,1917.15,1870.47,1911.94,87781.72726339
2026-08-18,1911.94,1922.25,1884.12,1916.72,70566.6455293
2026-08-19,1916.76,2334.15,1904.5,2251.69,307583.63913079
2026-08-20,2251.68,2358.92,2220.22,2326.35,220347.48079693
2026-08-21,2326.3,2548.0,2324.4,2515.8,268406.85619991
2026-08-22,2515.68,2530.28,2385.0,2422.0,114652.49286625
2026-08-23,2422.0,2484.99,2355.82,2463.39,110317.61892305
2026-08-24,2463.58,2533.19,2424.55,2482.2,191270.22665507
2026-08-25,2482.08,2533.02,2415.0,2442.55,142177.42041932
2026-08-26,2442.55,2515.77,2432.12,2506.93,118053.95560105
2026-08-27,2507.29,2567.0,2481.49,2511.67,133639.09943779
2026-08-28,2511.67,2535.55,2406.0,2442.79,119081.6069727
2026-08-29,2442.77,2459.82,2430.79,2457.68,27598.50045218
2026-08-30,2457.68,2534.49,2387.45,2416.86,61258.48995931
2026-08-31,2416.8,2489.9,2401.21,2467.29,86532.24059679
2026-09-01,2466.84,2485.11,2382.33,2417.25,82693.84775986
2026-09-02,2417.4,2427.9,2355.2,2390.83,74246.34712404
2026-09-03,2390.81,2529.74,2367.91,2507.47,132027.16502023
2026-09-04,2507.47,2546.54,2430.55,2456.6,100904.14670179
2026-09-05,2456.6,2493.88,2444.6,2480.61,38063.27524343
2026-09-06,2480.23,2525.82,2462.97,2514.31,50446.89706832
2026-09-07,2514.32,2536.35,2465.56,2489.62,52299.76481919
2026-09-08,2489.82,2507.32,2440.45,2485.02,76720.04669846
2026-09-09,2485.01,2523.2,2442.0,2467.5,79459.95751872
2026-09-10,2467.51,2483.81,2404.26,2437.36,111003.74034103
2026-09-11,2437.29,2667.01,2432.99,2516.29,258953.89805551
2026-09-12,2516.1,2545.84,2508.5,2525.35,42925.39177293
2026-09-13,2525.25,2527.19,2460.82,2475.86,55570.06041771
2026-09-14,2475.86,2490.32,2462.87,2483.13,3127.70759982
