date,open,high,low,close,volume
2013-01-02,112.48,112.64,112.36,112.38,249900.0
2013-01-03,112.86,112.93,112.27,112.37,283600.0
2013-01-04,111.72,111.76,110.98,111.25,645100.0
2013-01-07,111.61,111.9,111.59,111.75,199700.0
2013-01-08,112.25,112.73,112.21,112.65,544000.0
2013-01-09,111.78,111.81,111.41,111.72,506100.0
2013-01-10,111.18,111.45,111.0,111.080002,1290800.0
2013-01-11,109.96,110.33,109.66,109.92,657100.0
2013-01-14,109.89,110.07,109.58,109.58,407600.0
2013-01-15,110.53,110.88,110.25,110.37,528600.0
2013-01-16,111.16,111.21,110.58,110.93,452400.0
2013-01-17,109.73,109.85,108.75,109.13,948900.0
2013-01-18,109.059998,109.23,108.82,108.88,779800.0
2013-01-22,110.33,110.75,110.28,110.49,948300.0
2013-01-23,110.78,110.87,110.5,110.53,781100.0
2013-01-24,109.13,109.16,108.61,108.66,586000.0
2013-01-25,107.72,108.010002,107.58,107.82,480700.0
2013-01-28,107.85,108.17,107.85,107.97,232800.0
2013-01-29,108.040001,108.36,107.94,108.050003,176400.0
2013-01-30,107.45,107.77,107.43,107.6,420300.0
2013-01-31,107.6,107.63,107.13,107.18,226000.0
2013-02-01,106.69,106.8,105.46,105.56,686600.0
2013-02-04,105.84,106.32,105.65,106.24,592400.0
2013-02-05,105.24,105.33,104.72,104.78,635400.0
2013-02-06,104.95,105.089996,104.63,104.85,430300.0
2013-02-07,104.82,105.31,104.68,104.71,675600.0
2013-02-08,105.74,105.83,105.52,105.69,588500.0
2013-02-11,104.94,105.19,104.31,104.42,298200.0
2013-02-12,104.44,105.49,104.3,104.76,2294700.0
2013-02-13,104.81,105.029999,104.73,104.85,250800.0
2013-02-14,105.099998,105.78,105.099998,105.68,572300.0
2013-02-15,104.93,105.029999,104.47,104.79,389100.0
2013-02-19,104.81,105.07,104.68,104.77,520200.0
2013-02-20,104.71,104.87,104.26,104.82,581200.0
2013-02-21,105.13,105.67,105.07,105.27,387100.0
2013-02-22,104.91,105.21,104.82,104.92,412000.0
2013-02-25,104.24,107.88,104.14,107.35,2660500.0
2013-02-26,106.53,107.52,105.99,106.55,992200.0
2013-02-27,107.3,107.55,106.040001,106.34,438000.0
2013-02-28,106.14,106.3,105.56,105.76,247300.0
2013-03-01,105.58,105.72,104.64,104.76,656300.0
2013-03-04,104.85,105.18,104.83,104.86,296300.0
2013-03-05,105.27,105.28,104.79,105.080002,316300.0
2013-03-06,104.78,104.85,104.12,104.16,538500.0
2013-03-07,103.73,103.85,103.07,103.29,584100.0
2013-03-08,101.79,102.62,101.74,102.050003,1909600.0
2013-03-11,101.96,102.059998,101.7,101.8,278200.0
2013-03-12,102.080002,102.39,101.8,102.11,521200.0
2013-03-13,101.9,102.18,101.86,102.07,279500.0
2013-03-14,101.58,102.42,101.57,102.0,648900.0
2013-03-15,102.29,103.07,102.22,102.75,1059800.0
2013-03-18,103.29,103.31,102.48,102.86,1152100.0
2013-03-19,102.79,103.42,102.73,103.11,607900.0
2013-03-20,102.48,102.72,101.91,101.99,398900.0
2013-03-21,102.97,103.63,102.7,103.26,257900.0
2013-03-22,103.22,103.92,103.18,103.72,192100.0
2013-03-25,103.38,104.73,103.38,104.059998,503700.0
2013-03-26,103.86,104.07,103.54,103.62,243000.0
2013-03-27,103.98,104.18,103.69,103.77,88800.0
2013-03-28,103.91,104.22,103.89,104.050003,131800.0
2013-04-01,104.76,105.15,104.6,104.95,317500.0
2013-04-02,105.029999,105.080002,104.71,104.82,176700.0
2013-04-03,105.11,105.69,105.089996,105.42,1243200.0
2013-04-04,102.48,102.58,101.62,101.8,784700.0
2013-04-05,101.39,101.53,100.11,100.17,1625300.0
2013-04-08,99.48,99.54,98.55,98.61,1240000.0
2013-04-09,99.010002,99.33,98.59,98.91,571000.0
2013-04-10,98.38,98.51,98.07,98.16,495000.0
2013-04-11,98.64,98.81,97.98,98.089996,644100.0
2013-04-12,98.83,99.48,98.73,99.29,685000.0
2013-04-15,100.010002,101.2,99.7,101.2,853000.0
2013-04-16,99.8,100.59,99.78,100.35,323400.0
2013-04-17,99.88,100.72,99.66,99.78,523100.0
2013-04-18,99.72,100.010002,99.63,99.74,476000.0
2013-04-19,98.77,98.96,98.25,98.44,476800.0
2013-04-22,98.38,98.94,98.36,98.65,396500.0
2013-04-23,98.65,101.059998,98.41,98.46,342200.0
2013-04-24,98.48,98.66,98.32,98.34,176900.0
2013-04-25,98.64,98.7,98.41,98.54,218200.0
2013-04-26,99.69,100.37,99.62,99.83,433100.0
2013-04-29,100.07,100.11,99.74,100.07,154400.0
2013-04-30,100.2,100.86,100.2,100.46,305900.0
2013-05-01,100.73,100.94,100.44,100.6,721500.0
2013-05-02,100.24,100.36,99.79,99.94,336200.0
2013-05-03,98.81,99.050003,98.7,98.91,569200.0
2013-05-06,98.68,98.68,98.47,98.57,125800.0
2013-05-07,98.73,99.050003,98.73,98.9,172200.0
2013-05-08,99.16,99.25,98.92,98.96,245600.0
2013-05-09,98.61,98.75,97.18,97.33,1806300.0
2013-05-10,96.47,96.49,96.059998,96.42,1056000.0
2013-05-13,96.31,96.38,96.019997,96.15,302700.0
2013-05-14,96.26,96.27,95.6,95.73,536400.0
2013-05-15,95.78,96.13,95.44,95.7,659100.0
2013-05-16,95.68,96.15,95.67,95.7,643400.0
2013-05-17,95.39,95.46,94.79,94.82,716200.0
2013-05-20,95.53,95.84,95.42,95.76,1174900.0
2013-05-21,95.3,95.75,95.2,95.55,440000.0
2013-05-22,95.089996,95.36,94.38,95.12,995500.0
2013-05-23,96.58,96.6,95.95,96.17,1211800.0
2013-05-24,96.84,97.28,96.67,96.85,888300.0
2013-05-28,95.86,96.11,95.52,95.75,452300.0
2013-05-29,96.6,97.19,96.6,96.78,633800.0
2013-05-30,96.84,97.32,96.66,97.15,612400.0
2013-05-31,97.3,97.51,96.79,97.46,592000.0
2013-06-03,97.74,99.040001,97.74,98.41,1448100.0
2013-06-04,97.65,97.95,97.54,97.87,425200.0
2013-06-05,98.25,98.91,98.23,98.75,1124700.0
2013-06-06,98.88,102.080002,98.66,100.88,5126200.0
2013-06-07,100.91,101.28,100.12,100.5,1263100.0
2013-06-10,98.8,99.38,98.62,99.15,1114400.0
2013-06-11,100.96,102.4,100.77,102.11,1977200.0
2013-06-12,101.46,102.87,101.38,101.97,1020600.0
2013-06-13,103.61,104.2,102.74,102.86,1544100.0
2013-06-14,102.81,104.15,102.7,103.75,877800.0
2013-06-17,103.31,103.81,102.78,103.61,794600.0
2013-06-18,102.45,102.98,102.3,102.71,313200.0
2013-06-19,103.010002,103.080002,100.9,101.4,907200.0
2013-06-20,100.12,100.83,99.65,100.51,1241400.0
2013-06-21,100.15,100.57,99.91,100.16,1006500.0
2013-06-24,100.16,100.7,100.040001,100.25,927500.0
2013-06-25,100.19,100.32,99.84,100.089996,418400.0
2013-06-26,100.32,100.65,99.97,100.050003,371800.0
2013-06-27,99.62,99.75,99.3,99.53,665400.0
2013-06-28,98.88,98.96,98.38,98.63,772400.0
2013-07-01,98.14,98.29,97.99,98.24,338700.0
2013-07-02,97.51,97.59,97.16,97.25,598900.0
2013-07-03,98.15,98.46,97.73,97.8,413500.0
2013-07-05,97.050003,97.18,96.69,96.7,198400.0
2013-07-08,96.86,97.089996,96.75,96.83,221800.0
2013-07-09,96.75,97.040001,96.71,96.85,356800.0
2013-07-10,97.54,98.22,97.26,97.66,478100.0
2013-07-11,98.55,99.25,98.51,98.96,375900.0
2013-07-12,98.62,98.93,98.33,98.49,237900.0
2013-07-15,97.89,98.13,97.78,98.12,193300.0
2013-07-16,98.34,98.93,98.21,98.83,201800.0
2013-07-17,98.68,98.79,97.93,98.21,307400.0
2013-07-18,97.61,97.67,97.22,97.31,276600.0
2013-07-19,97.58,97.72,97.43,97.48,378700.0
2013-07-22,98.059998,98.53,98.0,98.31,544300.0
2013-07-23,97.9,98.43,97.8,98.35,246000.0
2013-07-24,97.56,97.79,97.39,97.52,394700.0
2013-07-25,98.040001,98.66,98.019997,98.64,357200.0
2013-07-26,99.47,99.84,99.4,99.64,255300.0
2013-07-29,99.89,100.13,99.66,99.96,154100.0
2013-07-30,99.82,99.86,99.49,99.82,115200.0
2013-07-31,99.63,100.089996,99.42,99.93,117400.0
2013-08-01,98.98,99.0,98.23,98.33,274100.0
2013-08-02,98.51,99.15,98.46,98.95,138200.0
2013-08-05,99.22,99.57,99.040001,99.57,250100.0
2013-08-06,99.72,100.3,99.59,100.11,291200.0
2013-08-07,101.07,101.54,101.019997,101.41,415600.0
2013-08-08,101.65,102.080002,101.14,101.15,235400.0
2013-08-09,101.45,101.75,101.39,101.7,226600.0
2013-08-12,101.22,101.48,101.059998,101.059998,498800.0
2013-08-13,99.63,99.93,99.47,99.69,453400.0
2013-08-14,99.51,99.86,99.51,99.77,94500.0
2013-08-15,99.45,100.63,99.36,100.59,353000.0
2013-08-16,100.61,100.65,100.040001,100.31,303600.0
2013-08-19,99.96,100.38,99.7,100.35,122800.0
2013-08-20,100.68,100.95,100.5,100.59,269700.0
2013-08-21,100.23,100.3,99.86,100.040001,158900.0
2013-08-22,99.24,99.37,99.050003,99.13,183500.0
2013-08-23,98.77,99.42,98.75,99.17,124100.0
2013-08-26,99.31,99.42,99.07,99.36,98500.0
2013-08-27,100.51,100.84,100.33,100.77,259200.0
2013-08-28,100.17,100.26,99.99,100.099998,120100.0
2013-08-29,99.59,99.63,99.33,99.59,150400.0
2013-08-30,99.56,99.71,99.48,99.63,63400.0
2013-09-03,99.059998,99.059998,97.95,98.28,703100.0
2013-09-04,98.3,98.34,98.019997,98.19,121800.0
2013-09-05,98.0,98.019997,97.63,97.67,452300.0
2013-09-06,98.67,99.22,98.52,98.72,278600.0
2013-09-09,98.44,98.47,98.16,98.25,114500.0
2013-09-10,97.45,97.62,97.38,97.53,197100.0
2013-09-11,97.58,97.99,97.56,97.96,174800.0
2013-09-12,98.33,98.79,98.33,98.36,271300.0
2013-09-13,98.27,98.59,97.77,98.54,75800.0
2013-09-16,99.029999,99.080002,98.6,98.67,82000.0
2013-09-17,98.54,98.68,98.41,98.68,92400.0
2013-09-18,98.81,100.85,97.7,99.72,487900.0
2013-09-19,98.54,98.62,98.21,98.41,287400.0
2013-09-20,98.33,98.48,98.15,98.45,262700.0
2013-09-23,98.91,99.12,98.83,99.010002,236900.0
2013-09-24,99.080002,99.28,98.76,99.0,348800.0
2013-09-25,99.089996,99.36,98.81,99.36,216000.0
2013-09-26,98.83,98.97,98.65,98.86,241300.0
2013-09-27,99.32,99.66,99.32,99.52,267700.0
2013-09-30,100.13,100.14,99.3,99.47,225400.0
2013-10-01,99.87,99.98,99.45,99.95,142600.0
2013-10-02,100.51,100.66,100.21,100.41,159800.0
2013-10-03,100.14,100.86,100.14,100.54,521100.0
2013-10-04,100.77,100.83,100.33,100.35,125200.0
2013-10-07,100.95,100.98,100.6,100.96,187700.0
2013-10-08,100.73,100.96,100.68,100.89,453000.0
2013-10-09,100.47,100.64,100.14,100.45,231600.0
2013-10-10,99.73,99.81,99.49,99.53,250500.0
2013-10-11,99.46,99.49,99.17,99.18,157600.0
2013-10-14,99.6,99.65,99.18,99.18,104100.0
2013-10-15,99.2,99.57,99.040001,99.43,350400.0
2013-10-16,99.21,99.22,98.76,98.92,306100.0
2013-10-17,99.91,100.029999,99.8,99.87,195500.0
2013-10-18,100.0,100.080002,99.86,99.9,393300.0
2013-10-21,99.57,99.63,99.51,99.56,195800.0
2013-10-22,99.27,99.75,99.26,99.61,254400.0
2013-10-23,100.35,100.54,100.32,100.37,294000.0
2013-10-24,100.43,100.51,100.34,100.48,73600.0
2013-10-25,100.43,100.45,100.27,100.35,98300.0
2013-10-28,100.0,100.13,99.97,100.010002,92900.0
2013-10-29,99.8,99.89,99.48,99.55,254100.0
2013-10-30,99.52,100.68,99.010002,99.099998,452600.0
2013-10-31,99.53,99.64,99.31,99.38,292700.0
2013-11-01,99.26,99.29,98.87,98.98,656400.0
2013-11-04,99.059998,99.19,99.059998,99.089996,136300.0
2013-11-05,99.32,99.38,99.089996,99.17,308600.0
2013-11-06,99.089996,99.14,98.98,99.040001,78700.0
2013-11-07,98.53,100.12,98.46,99.73,1304800.0
2013-11-08,98.99,99.019997,98.51,98.58,603500.0
2013-11-11,98.45,98.55,98.42,98.53,105100.0
2013-11-12,98.019997,98.24,97.99,98.029999,241700.0
2013-11-13,98.23,98.53,98.12,98.33,189200.0
2013-11-14,97.66,97.93,97.59,97.73,525700.0
2013-11-15,97.55,97.62,97.39,97.5,266700.0
2013-11-18,97.78,97.88,97.54,97.83,312600.0
2013-11-19,97.63,97.78,97.49,97.54,177700.0
2013-11-20,97.79,97.89,97.5,97.76,218700.0
2013-11-21,96.78,96.87,96.6,96.69,685000.0
2013-11-22,96.65,96.69,96.41,96.42,145200.0
2013-11-25,96.040001,96.34,96.019997,96.27,315200.0
2013-11-26,96.15,96.55,96.15,96.47,176700.0
2013-11-27,95.96,95.96,95.6,95.64,315100.0
2013-11-29,95.49,95.53,95.31,95.34,287700.0
2013-12-02,94.85,95.059998,94.75,94.92,553300.0
2013-12-03,95.34,95.8,95.13,95.39,497700.0
2013-12-04,95.24,95.93,95.13,95.52,291000.0
2013-12-05,95.73,96.14,95.59,96.059998,400900.0
2013-12-06,95.15,95.28,94.9,94.99,272800.0
2013-12-09,94.77,94.8,94.57,94.57,144000.0
2013-12-10,95.050003,95.22,94.9,95.080002,139100.0
2013-12-11,95.16,95.63,95.16,95.39,212900.0
2013-12-12,94.88,94.98,94.53,94.58,193500.0
2013-12-13,94.66,94.85,94.58,94.64,109600.0
2013-12-16,94.86,94.98,94.78,94.85,130600.0
2013-12-17,94.9,95.31,94.88,95.19,160900.0
2013-12-18,94.84,95.5,93.76,93.89,436800.0
2013-12-19,93.84,93.95,93.69,93.72,259900.0
2013-12-20,93.54,94.040001,93.51,93.87,625300.0
2013-12-23,93.95,93.96,93.83,93.87,372800.0
2013-12-24,93.67,93.8,93.61,93.8,58000.0
2013-12-26,93.22,93.33,93.18,93.26,203100.0
2013-12-27,93.050003,93.17,92.88,92.88,353100.0
2013-12-30,92.87,93.059998,92.86,92.98,283000.0
2013-12-31,93.080002,93.12,92.75,92.76,260300.0
2014-01-02,93.099998,93.43,93.010002,93.25,286600.0
2014-01-03,93.64,93.66,93.2,93.22,267100.0
2014-01-06,93.21,94.010002,93.17,93.78,287400.0
2014-01-07,93.48,93.62,93.28,93.42,135400.0
2014-01-08,93.18,93.28,93.0,93.25,167300.0
2014-01-09,93.15,93.4,93.080002,93.21,167700.0
2014-01-10,93.39,94.07,93.39,93.89,277200.0
2014-01-13,94.73,94.97,94.49,94.91,445700.0
2014-01-14,94.19,94.31,93.69,93.74,511300.0
2014-01-15,93.5,93.59,93.29,93.37,186300.0
2014-01-16,93.66,93.78,93.51,93.65,178100.0
2014-01-17,93.61,93.72,93.57,93.69,229600.0
2014-01-21,93.49,93.89,93.47,93.57,549100.0
2014-01-22,93.5,93.7,93.45,93.47,240400.0
2014-01-23,94.18,94.83,94.12,94.68,640100.0
2014-01-24,95.42,95.65,95.27,95.52,784400.0
2014-01-27,95.11,95.55,95.010002,95.16,254100.0
2014-01-28,95.17,95.17,94.81,94.98,124800.0
2014-01-29,95.63,95.89,95.46,95.56,353600.0
2014-01-30,95.040001,95.23,94.91,95.029999,182200.0
2014-01-31,95.46,95.74,95.35,95.58,188400.0
2014-02-03,95.93,96.87,95.82,96.7,424200.0
2014-02-04,96.3,96.4,96.029999,96.040001,174300.0
2014-02-05,96.42,96.53,96.099998,96.3,139600.0
2014-02-06,96.19,96.19,95.57,95.6,70200.0
2014-02-07,95.31,95.62,95.24,95.47,85200.0
2014-02-10,95.51,95.71,95.48,95.54,63400.0
2014-02-11,95.53,95.53,95.080002,95.12,81800.0
2014-02-12,95.36,95.37,95.14,95.27,37200.0
2014-02-13,95.96,95.96,95.41,95.5,176000.0
2014-02-14,95.89,95.96,95.77,95.91,43400.0
2014-02-18,95.37,95.49,95.31,95.38,98000.0
2014-02-19,95.68,95.68,95.3,95.5,80600.0
2014-02-20,95.45,95.66,95.32,95.45,142600.0
2014-02-21,95.050003,95.23,94.97,95.17,131500.0
2014-02-24,95.29,95.32,95.15,95.27,93800.0
2014-02-25,95.38,95.69,95.38,95.55,200100.0
2014-02-26,95.53,95.59,95.11,95.34,86700.0
2014-02-27,95.63,95.75,95.5,95.59,251000.0
2014-02-28,95.7,96.0,95.42,95.92,166800.0
2014-03-03,96.23,96.35,96.13,96.3,358000.0
2014-03-04,95.77,95.8,95.44,95.45,222500.0
2014-03-05,95.23,95.48,95.2,95.44,102600.0
2014-03-06,94.63,94.84,94.61,94.74,173100.0
2014-03-07,94.21,94.65,94.18,94.47,162500.0
2014-03-10,94.41,94.61,94.41,94.56,115400.0
2014-03-11,94.47,94.89,94.47,94.77,135100.0
2014-03-12,95.059998,95.16,94.89,95.040001,227700.0
2014-03-13,94.99,96.11,94.97,96.07,1218000.0
2014-03-14,96.32,96.43,96.099998,96.36,199500.0
2014-03-17,95.89,96.080002,95.8,95.94,110800.0
2014-03-18,96.19,96.37,96.059998,96.26,163100.0
2014-03-19,96.099998,96.45,94.93,95.22,304200.0
2014-03-20,95.36,95.39,95.19,95.27,92300.0
2014-03-21,95.31,95.61,95.31,95.56,145000.0
2014-03-24,95.27,95.56,95.23,95.51,113700.0
2014-03-25,95.3,95.48,95.19,95.43,133800.0
2014-03-26,95.32,95.75,95.27,95.69,113200.0
2014-03-27,95.39,95.68,95.38,95.52,196700.0
2014-03-28,95.28,95.28,94.77,94.9,280100.0
2014-03-31,94.34,94.82,94.34,94.53,269700.0
2014-04-01,94.38,94.38,94.080002,94.099998,131600.0
2014-04-02,94.080002,94.12,93.93,93.97,73200.0
2014-04-03,93.79,93.98,93.71,93.9,143300.0
2014-04-04,94.0,94.55,93.97,94.52,228600.0
2014-04-07,94.59,94.72,94.5,94.67,113500.0
2014-04-08,95.55,96.07,95.39,95.95,214500.0
2014-04-09,95.65,95.91,95.61,95.72,161900.0
2014-04-10,95.77,96.28,95.77,96.2,114200.0
2014-04-11,96.17,96.21,95.93,96.0,140500.0
2014-04-14,95.78,95.99,95.75,95.86,72000.0
2014-04-15,95.78,96.11,95.67,95.79,84000.0
2014-04-16,95.36,95.45,95.33,95.35,91100.0
2014-04-17,95.53,95.55,95.23,95.28,90900.0
2014-04-21,95.050003,95.15,95.019997,95.059998,61400.0
2014-04-22,95.11,95.14,95.050003,95.059998,22700.0
2014-04-23,95.3,95.44,95.2,95.22,54300.0
2014-04-24,95.19,95.56,95.19,95.35,80100.0
2014-04-25,95.61,95.68,95.44,95.52,63600.0
2014-04-28,95.3,95.37,95.059998,95.14,94500.0
2014-04-29,95.080002,95.17,94.99,95.099998,26800.0
2014-04-30,95.46,95.65,95.31,95.44,121200.0
2014-05-01,95.38,95.43,95.29,95.34,32400.0
2014-05-02,94.9,95.51,94.83,95.44,151500.0
2014-05-05,95.7,95.7,95.49,95.49,125000.0
2014-05-06,95.99,96.11,95.96,96.040001,188400.0
2014-05-07,95.81,96.029999,95.63,95.72,67700.0
2014-05-08,95.91,96.15,95.8,96.059998,139900.0
2014-05-09,95.86,95.91,95.8,95.8,32600.0
2014-05-12,95.7,95.7,95.46,95.49,71300.0
2014-05-13,95.56,95.56,95.32,95.35,73000.0
2014-05-14,95.72,95.89,95.7,95.76,114600.0
2014-05-15,95.82,96.3,95.78,96.019997,97900.0
2014-05-16,96.040001,96.17,96.019997,96.050003,62800.0
2014-05-19,96.42,96.47,96.17,96.18,169700.0
2014-05-20,96.19,96.4,96.19,96.32,77200.0
2014-05-21,96.3,96.3,96.029999,96.18,64900.0
2014-05-22,95.93,96.010002,95.79,95.85,65400.0
2014-05-23,95.75,95.79,95.62,95.64,138400.0
2014-05-27,95.71,95.72,95.49,95.61,114300.0
2014-05-28,95.85,95.9,95.72,95.74,100300.0
2014-05-29,95.88,96.14,95.83,95.84,58500.0
2014-05-30,95.9,95.9,95.76,95.79,70400.0
2014-06-02,95.33,95.64,95.16,95.21,69500.0
2014-06-03,95.25,95.25,95.080002,95.089996,121800.0
2014-06-04,95.040001,95.07,94.91,94.91,118500.0
2014-06-05,95.019997,95.24,94.99,95.22,53300.0
2014-06-06,95.21,95.26,95.040001,95.080002,231000.0
2014-06-09,95.099998,95.14,95.050003,95.11,51400.0
2014-06-10,95.35,95.4,95.21,95.26,48200.0
2014-06-11,95.57,95.68,95.54,95.54,31000.0
2014-06-12,95.55,95.97,95.55,95.91,121100.0
2014-06-13,95.57,95.62,95.5,95.61,28500.0
2014-06-16,95.66,95.8,95.66,95.75,21300.0
2014-06-17,95.46,95.5,95.35,95.48,39700.0
2014-06-18,95.46,95.69,95.22,95.61,72800.0
2014-06-19,95.77,95.8,95.59,95.62,41800.0
2014-06-20,95.45,95.52,95.41,95.48,40000.0
2014-06-23,95.77,95.77,95.64,95.68,90400.0
2014-06-24,95.61,95.67,95.43,95.67,92100.0
2014-06-25,95.9,95.9,95.7,95.71,66800.0
2014-06-26,95.87,96.07,95.84,95.87,152500.0
2014-06-27,96.15,96.2,96.12,96.14,72700.0
2014-06-30,96.18,96.28,96.099998,96.25,50500.0
2014-07-01,96.059998,96.089996,95.99,96.0,35500.0
2014-07-02,95.85,95.85,95.71,95.77,16400.0
2014-07-03,95.42,95.47,95.21,95.35,53800.0
2014-07-07,95.63,95.75,95.63,95.7,78300.0
2014-07-08,95.93,96.029999,95.93,96.010002,31000.0
2014-07-09,95.86,95.98,95.76,95.94,33200.0
2014-07-10,96.36,96.37,96.17,96.2,27400.0
2014-07-11,96.23,96.25,96.14,96.16,49000.0
2014-07-14,95.98,96.0,95.92,95.96,42400.0
2014-07-15,95.9,96.050003,95.8,95.85,55900.0
2014-07-16,95.83,95.88,95.8,95.83,36300.0
2014-07-17,96.040001,96.32,95.95,96.31,54300.0
2014-07-18,96.15,96.19,96.11,96.15,32500.0
2014-07-21,96.24,96.24,96.11,96.14,31700.0
2014-07-22,96.059998,96.080002,95.95,96.050003,28200.0
2014-07-23,96.13,96.13,95.96,95.99,32400.0
2014-07-24,95.78,95.81,95.7,95.75,47500.0
2014-07-25,95.69,95.77,95.68,95.73,23400.0
2014-07-28,95.74,95.76,95.66,95.66,30800.0
2014-07-29,95.53,95.55,95.4,95.47,37400.0
2014-07-30,94.9,94.98,94.59,94.71,129800.0
2014-07-31,94.64,94.87,94.64,94.71,79400.0
2014-08-01,94.89,95.21,94.75,95.0,146900.0
2014-08-04,95.0,95.16,94.99,95.019997,16500.0
2014-08-05,94.85,95.050003,94.69,95.010002,70400.0
2014-08-06,95.3,95.73,95.11,95.51,168300.0
2014-08-07,95.23,95.53,95.22,95.53,22600.0
2014-08-08,95.66,95.78,95.44,95.44,99700.0
2014-08-11,95.43,95.45,95.31,95.36,25100.0
2014-08-12,95.36,95.41,95.3,95.32,19300.0
2014-08-13,95.19,95.19,95.040001,95.15,12200.0
2014-08-14,95.21,95.22,95.019997,95.13,43100.0
2014-08-15,94.9,95.39,94.87,95.23,42500.0
2014-08-18,95.029999,95.029999,94.96,95.029999,43300.0
2014-08-19,94.79,94.82,94.67,94.68,17900.0
2014-08-20,94.32,94.36,93.83,93.89,132200.0
2014-08-21,93.89,94.019997,93.82,93.84,45900.0
2014-08-22,93.93,93.93,93.52,93.72,54500.0
2014-08-25,93.67,93.73,93.65,93.67,20300.0
2014-08-26,93.78,93.78,93.53,93.62,42100.0
2014-08-27,93.8,93.83,93.67,93.77,25300.0
2014-08-28,93.85,93.98,93.84,93.95,23700.0
2014-08-29,93.7,93.81,93.56,93.61,60200.0
2014-09-02,92.79,92.85,92.58,92.63,200900.0
2014-09-03,92.79,93.010002,92.76,93.010002,34000.0
2014-09-04,92.84,92.84,92.45,92.58,77000.0
2014-09-05,92.8,93.040001,92.7,92.71,57300.0
2014-09-08,92.47,92.51,91.81,91.92,149600.0
2014-09-09,91.65,91.87,91.51,91.84,180400.0
2014-09-10,91.24,91.39,91.16,91.19,176400.0
2014-09-11,91.15,91.29,90.89,90.91,129500.0
2014-09-12,90.73,90.9,90.7,90.72,106400.0
2014-09-15,90.9,91.010002,90.82,90.87,102700.0
2014-09-16,90.93,91.16,90.86,90.88,46000.0
2014-09-17,90.77,90.79,89.86,89.97,243500.0
2014-09-18,89.58,89.68,89.49,89.56,148200.0
2014-09-19,89.56,89.62,89.3,89.41,75400.0
2014-09-22,89.29,89.57,89.22,89.56,114200.0
2014-09-23,89.66,89.66,89.38,89.44,108800.0
2014-09-24,89.45,89.56,89.22,89.29,130000.0
2014-09-25,89.18,89.75,89.17,89.63,95200.0
2014-09-26,89.25,89.25,88.89,89.12,188700.0
2014-09-29,89.13,89.14,88.94,88.97,64900.0
2014-09-30,88.76,88.91,88.72,88.8,123000.0
2014-10-01,88.83,89.35,88.79,89.34,264300.0
2014-10-02,89.75,90.12,89.6,89.8,377600.0
2014-10-03,88.91,88.94,88.61,88.68,224800.0
2014-10-06,88.99,89.63,88.96,89.49,163600.0
2014-10-07,90.040001,90.31,89.82,90.17,215700.0
2014-10-08,90.11,90.16,89.57,90.07,98700.0
2014-10-09,90.22,90.4,90.040001,90.26,47700.0
2014-10-10,90.28,90.4,90.16,90.39,72300.0
2014-10-13,90.8,90.97,90.59,90.97,134200.0
2014-10-14,91.0,91.13,90.86,91.0,270800.0
2014-10-15,92.010002,92.57,91.54,91.83,173200.0
2014-10-16,92.11,92.12,91.51,91.54,95400.0
2014-10-17,91.33,91.38,91.07,91.07,59200.0
2014-10-20,91.16,91.19,91.019997,91.15,71400.0
2014-10-21,91.26,91.32,91.080002,91.11,99500.0
2014-10-22,90.85,90.9,90.7,90.89,51900.0
2014-10-23,90.23,90.25,89.87,90.010002,92900.0
2014-10-24,90.089996,90.3,90.019997,90.040001,20900.0
2014-10-27,90.22,90.47,90.22,90.33,47100.0
2014-10-28,90.28,90.29,90.0,90.050003,24600.0
2014-10-29,90.029999,90.13,89.39,89.42,98500.0
2014-10-30,89.35,89.46,88.92,89.089996,460700.0
2014-10-31,86.82,87.0,86.55,86.65,813900.0
2014-11-03,85.5,85.71,85.22,85.54,324800.0
2014-11-04,85.66,85.97,85.59,85.64,108800.0
2014-11-05,84.84,85.080002,84.78,84.85,271200.0
2014-11-06,84.83,85.059998,84.53,84.54,394600.0
2014-11-07,84.75,85.18,84.67,84.96,114500.0
2014-11-10,85.080002,85.11,84.71,84.76,210900.0
2014-11-11,84.15,84.62,84.010002,84.29,525900.0
2014-11-12,84.57,84.63,84.13,84.19,232200.0
2014-11-13,84.32,84.32,84.059998,84.07,287700.0
2014-11-14,83.47,83.86,83.42,83.7,165600.0
2014-11-17,83.73,83.73,83.53,83.61,185700.0
2014-11-18,83.49,83.5,83.21,83.26,218300.0
2014-11-19,82.72,82.79,82.47,82.51,203500.0
2014-11-20,82.53,82.66,82.27,82.49,85200.0
2014-11-21,82.6,82.9,82.54,82.71,244200.0
2014-11-24,82.29,82.36,82.17,82.31,76300.0
2014-11-25,82.46,82.69,82.46,82.54,98800.0
2014-11-26,82.68,82.89,82.62,82.71,114700.0
2014-11-28,82.23,82.23,81.97,82.010002,96400.0
2014-12-01,82.4,82.58,82.24,82.28,140000.0
2014-12-02,81.67,81.73,81.6,81.63,307300.0
2014-12-03,81.39,81.39,81.21,81.27,253600.0
2014-12-04,81.2,81.55,80.95,81.27,283300.0
2014-12-05,80.38,80.38,79.98,80.12,298900.0
2014-12-08,80.56,80.96,80.38,80.67,315300.0
2014-12-09,81.47,82.49,81.27,81.38,229800.0
2014-12-10,81.75,82.66,81.75,82.47,272200.0
2014-12-11,81.85,81.85,81.38,81.71,139500.0
2014-12-12,81.99,82.29,81.74,82.019997,152100.0
2014-12-15,81.95,82.76,81.94,82.67,147100.0
2014-12-16,83.81,83.87,82.65,83.45,243200.0
2014-12-17,83.15,83.15,81.83,81.95,339200.0
2014-12-18,81.65,82.010002,81.55,81.9,378300.0
2014-12-19,81.68,81.68,81.31,81.35,185500.0
2014-12-22,81.13,81.16,81.010002,81.040001,213500.0
2014-12-23,80.63,80.68,80.52,80.55,164300.0
2014-12-24,80.76,80.82,80.69,80.76,105400.0
2014-12-26,80.78,80.85,80.76,80.79,84200.0
2014-12-29,80.73,80.73,80.58,80.59,47400.0
2014-12-30,81.65,81.81,81.34,81.41,270900.0
2014-12-31,81.37,81.47,81.11,81.21,158600.0
2015-01-02,80.58,81.15,80.56,80.72,175100.0
2015-01-05,81.21,81.48,81.19,81.31,244300.0
2015-01-06,81.71,82.4,81.69,82.11,265100.0
2015-01-07,81.48,81.85,81.32,81.66,403700.0
2015-01-08,81.38,81.44,81.24,81.32,133000.0
2015-01-09,81.39,82.099998,81.39,82.07,189000.0
2015-01-12,81.99,82.36,81.98,82.22,113200.0
2015-01-13,81.95,82.75,81.92,82.56,278600.0
2015-01-14,83.46,83.52,82.85,82.97,202800.0
2015-01-15,83.010002,83.66,83.0,83.64,139800.0
2015-01-16,83.27,83.27,82.62,82.71,252800.0
2015-01-20,82.029999,82.24,81.83,81.92,426700.0
2015-01-21,82.94,83.0,82.33,82.57,415100.0
2015-01-22,82.6,82.94,82.0,82.019997,303200.0
2015-01-23,82.47,82.72,82.45,82.57,284400.0
2015-01-26,82.19,82.33,82.07,82.099998,319800.0
2015-01-27,82.81,82.88,82.44,82.57,284200.0
2015-01-28,82.51,82.94,82.45,82.8,119400.0
2015-01-29,82.4,82.54,82.059998,82.2,103900.0
2015-01-30,82.69,82.89,82.6,82.81,100500.0
2015-02-02,82.73,83.010002,82.68,82.79,107400.0
2015-02-03,82.7,82.97,82.63,82.74,85900.0
2015-02-04,82.79,82.94,82.63,82.92,172000.0
2015-02-05,82.79,82.9,82.72,82.74,40800.0
2015-02-06,81.83,81.93,81.57,81.81,175700.0
2015-02-09,81.96,82.15,81.87,81.98,39100.0
2015-02-10,81.34,81.54,81.31,81.45,45800.0
2015-02-11,81.099998,81.11,80.74,80.82,201600.0
2015-02-12,81.53,82.010002,81.53,81.78,130000.0
2015-02-13,81.81,81.94,81.69,81.87,93500.0
2015-02-17,81.8,81.83,81.49,81.55,31700.0
2015-02-18,81.54,82.010002,81.49,81.96,70200.0
2015-02-19,81.67,81.83,81.66,81.73,83800.0
2015-02-20,82.080002,82.19,81.6,81.66,113800.0
2015-02-23,81.76,81.85,81.71,81.83,53700.0
2015-02-24,81.32,81.86,81.18,81.76,87700.0
2015-02-25,81.68,81.83,81.68,81.78,26500.0
2015-02-26,81.6,81.62,81.35,81.37,44800.0
2015-02-27,81.46,81.51,81.16,81.28,61300.0
2015-03-02,81.16,81.2,80.88,80.93,85400.0
2015-03-03,81.2,81.42,81.18,81.21,199900.0
2015-03-04,81.33,81.34,81.15,81.22,236600.0
2015-03-05,80.94,81.010002,80.85,80.92,74900.0
2015-03-06,80.42,80.59,80.19,80.54,112700.0
2015-03-09,80.44,80.44,80.07,80.26,139400.0
2015-03-10,80.22,80.36,80.11,80.23,96900.0
2015-03-11,80.099998,80.18,79.99,80.059998,55800.0
2015-03-12,80.37,80.41,80.07,80.11,79700.0
2015-03-13,80.07,80.24,79.96,80.059998,109800.0
2015-03-16,80.17,80.23,80.019997,80.080002,37100.0
2015-03-17,80.16,80.17,80.050003,80.07,42900.0
2015-03-18,80.2,80.96,80.2,80.94,169900.0
2015-03-19,80.39,80.5,80.29,80.33,120200.0
2015-03-20,80.46,81.040001,80.46,80.98,308200.0
2015-03-23,81.21,81.27,81.080002,81.15,211600.0
2015-03-24,81.27,81.29,81.019997,81.21,97300.0
2015-03-25,81.42,81.45,81.24,81.39,105600.0
2015-03-26,81.69,81.72,81.42,81.55,91900.0
2015-03-27,81.6,81.71,81.52,81.59,74200.0
2015-03-30,81.089996,81.099998,80.86,80.92,278700.0
2015-03-31,81.010002,81.13,80.91,81.019997,122200.0
2015-04-01,81.089996,81.36,81.059998,81.21,44400.0
2015-04-02,81.2,81.23,81.099998,81.14,56800.0
2015-04-06,81.7,81.71,81.22,81.35,471900.0
2015-04-07,80.87,80.88,80.71,80.79,180000.0
2015-04-08,81.12,81.12,80.8,80.95,186300.0
2015-04-09,80.94,80.96,80.5,80.54,94400.0
2015-04-10,80.88,80.94,80.79,80.85,45800.0
2015-04-13,80.85,80.97,80.71,80.94,75800.0
2015-04-14,81.35,81.59,81.33,81.38,205200.0
2015-04-15,81.48,81.8,81.4,81.56,182300.0
2015-04-16,81.61,81.78,81.38,81.62,75000.0
2015-04-17,81.6,81.84,81.55,81.81,74400.0
2015-04-20,81.59,81.64,81.37,81.5,71200.0
2015-04-21,81.13,81.34,81.099998,81.22,41200.0
2015-04-22,81.14,81.18,81.010002,81.019997,155200.0
2015-04-23,80.94,81.36,80.94,81.31,50700.0
2015-04-24,81.54,81.76,81.49,81.73,55400.0
2015-04-27,81.42,81.72,81.36,81.6,103200.0
2015-04-28,81.6,81.82,81.58,81.75,115700.0
2015-04-29,81.61,81.93,81.54,81.63,171700.0
2015-04-30,81.25,81.45,81.059998,81.38,101700.0
2015-05-01,81.029999,81.13,80.78,80.85,140300.0
2015-05-04,80.9,80.94,80.8,80.91,44600.0
2015-05-05,80.84,81.16,80.69,81.059998,87300.0
2015-05-06,81.25,81.48,81.21,81.34,72600.0
2015-05-07,81.39,81.47,81.059998,81.13,124600.0
2015-05-08,81.21,81.21,81.040001,81.16,29800.0
2015-05-11,81.07,81.07,80.85,80.89,26100.0
2015-05-12,80.89,81.099998,80.88,81.07,46400.0
2015-05-13,81.47,81.61,81.42,81.54,200500.0
2015-05-14,81.63,81.67,81.41,81.54,40300.0
2015-05-15,81.19,81.48,81.13,81.42,33200.0
2015-05-18,81.099998,81.12,80.93,80.96,63400.0
2015-05-19,80.64,80.69,80.46,80.46,133700.0
2015-05-20,80.25,80.33,80.0,80.13,185000.0
2015-05-21,80.17,80.32,80.12,80.3,76100.0
2015-05-22,79.94,80.050003,79.9,79.91,109700.0
2015-05-26,78.88,79.059998,78.78,78.87,325100.0
2015-05-27,78.55,78.68,78.3,78.48,272000.0
2015-05-28,78.16,78.58,78.07,78.33,292400.0
2015-05-29,78.31,78.49,78.25,78.25,94100.0
2015-06-01,78.36,78.39,77.76,77.81,180100.0
2015-06-02,78.080002,78.48,78.040001,78.26,190000.0
2015-06-03,77.99,78.32,77.99,78.18,252800.0
2015-06-04,78.029999,78.17,77.93,78.11,48200.0
2015-06-05,77.24,77.47,77.19,77.29,261400.0
2015-06-08,77.6,78.13,77.48,78.089996,179500.0
2015-06-09,78.25,78.25,78.080002,78.12,14700.0
2015-06-10,79.13,79.25,79.019997,79.24,358400.0
2015-06-11,78.57,78.73,78.51,78.72,148100.0
2015-06-12,78.51,78.86,78.47,78.71,54100.0
2015-06-15,78.72,78.74,78.62,78.7,34700.0
2015-06-16,78.68,78.76,78.65,78.7,215200.0
2015-06-17,78.34,78.84,78.089996,78.68,363900.0
2015-06-18,79.12,79.16,78.87,79.029999,239400.0
2015-06-19,79.25,79.25,79.099998,79.17,251500.0
2015-06-22,78.86,78.95,78.68,78.71,159500.0
2015-06-23,78.26,78.53,78.23,78.39,106100.0
2015-06-24,78.22,78.47,78.099998,78.42,71400.0
2015-06-25,78.56,78.61,78.53,78.58,15400.0
2015-06-26,78.42,78.46,78.33,78.42,246100.0
2015-06-29,79.040001,79.33,78.97,79.29,209100.0
2015-06-30,79.3,79.61,79.3,79.35,214400.0
2015-07-01,78.94,79.010002,78.79,78.85,133500.0
2015-07-02,78.84,78.93,78.84,78.91,35800.0
2015-07-06,79.19,79.37,79.0,79.28,61300.0
2015-07-07,79.33,79.57,79.21,79.25,196900.0
2015-07-08,80.15,80.63,80.080002,80.46,296800.0
2015-07-09,79.98,80.099998,79.93,80.029999,38200.0
2015-07-10,79.16,79.23,79.010002,79.029999,128900.0
2015-07-13,78.61,78.71,78.61,78.66,41600.0
2015-07-14,78.82,78.82,78.65,78.68,30500.0
2015-07-15,78.42,78.5,78.32,78.44,60800.0
2015-07-16,78.22,78.36,78.2,78.23,65700.0
2015-07-17,78.23,78.33,78.22,78.27,56600.0
2015-07-20,78.07,78.17,78.059998,78.13,63500.0
2015-07-21,78.11,78.43,78.089996,78.35,109000.0
2015-07-22,78.35,78.36,78.19,78.3,24100.0
2015-07-23,78.19,78.46,78.19,78.43,31300.0
2015-07-24,78.36,78.54,78.029999,78.41,65200.0
2015-07-27,78.91,78.92,78.75,78.76,36100.0
2015-07-28,78.49,78.6,78.49,78.58,60700.0
2015-07-29,78.47,78.57,78.29,78.31,30300.0
2015-07-30,78.0,78.24,77.97,78.21,42200.0
2015-07-31,78.53,78.57,78.28,78.32,67600.0
2015-08-03,78.22,78.36,78.22,78.3,36700.0
2015-08-04,78.3,78.34,78.040001,78.080002,15000.0
2015-08-05,78.019997,78.019997,77.66,77.75,201400.0
2015-08-06,77.76,77.94,77.76,77.85,158000.0
2015-08-07,77.74,78.22,77.73,78.16,43200.0
2015-08-10,77.9,77.97,77.83,77.93,19000.0
2015-08-11,77.8,77.8,77.54,77.62,51800.0
2015-08-12,78.2,78.41,78.13,78.21,80300.0
2015-08-13,78.0,78.11,77.94,78.010002,9400.0
2015-08-14,78.089996,78.17,78.059998,78.089996,20100.0
2015-08-17,78.14,78.14,77.99,78.040001,27700.0
2015-08-18,78.019997,78.07,78.0,78.040001,14300.0
2015-08-19,77.97,78.45,77.97,78.4,24800.0
2015-08-20,78.32,78.67,78.29,78.62,99800.0
2015-08-21,79.22,79.65,79.099998,79.49,422000.0
2015-08-24,82.72,82.79,81.25,81.86,485600.0
2015-08-25,81.050003,81.69,80.89,81.66,479600.0
2015-08-26,81.0,81.55,80.95,80.97,107000.0
2015-08-27,80.45,80.63,79.98,80.24,180600.0
2015-08-28,80.33,80.33,79.89,79.91,196800.0
2015-08-31,80.07,80.14,79.98,80.040001,59200.0
2015-09-01,80.91,81.12,80.74,81.040001,196700.0
2015-09-02,80.71,80.89,80.66,80.66,123300.0
2015-09-03,81.029999,81.050003,80.59,80.85,237300.0
2015-09-04,81.39,81.65,81.27,81.53,167100.0
2015-09-08,80.9,81.089996,80.79,80.9,92400.0
2015-09-09,80.13,80.55,80.050003,80.51,68300.0
2015-09-10,80.31,80.53,80.26,80.43,53800.0
2015-09-11,80.36,80.55,80.32,80.46,35200.0
2015-09-14,80.7,80.94,80.68,80.76,47900.0
2015-09-15,80.95,81.0,80.51,80.56,37900.0
2015-09-16,80.47,80.57,80.38,80.45,44900.0
2015-09-17,80.27,80.97,80.16,80.92,107400.0
2015-09-18,81.25,81.27,80.81,80.83,333800.0
2015-09-21,80.57,80.7,80.4,80.52,520700.0
2015-09-22,80.96,80.96,80.71,80.79,240300.0
2015-09-23,80.66,80.82,80.47,80.67,105000.0
2015-09-24,81.2,81.37,80.77,80.83,191100.0
2015-09-25,80.24,80.49,80.22,80.43,52800.0
2015-09-28,80.71,81.040001,80.68,80.85,105800.0
2015-09-29,80.97,81.16,80.83,81.010002,62000.0
2015-09-30,80.72,81.089996,80.68,80.83,125200.0
2015-10-01,80.98,81.19,80.85,80.9,66800.0
2015-10-02,81.41,81.72,80.74,80.76,184900.0
2015-10-05,80.7,80.7,80.43,80.52,1412600.0
2015-10-06,80.58,80.7,80.47,80.7,102400.0
2015-10-07,80.81,80.99,80.76,80.81,31200.0
2015-10-08,80.89,80.98,80.79,80.85,125600.0
2015-10-09,80.67,80.67,80.57,80.66,65400.0
2015-10-12,80.74,80.9,80.7,80.79,46100.0
2015-10-13,81.050003,81.050003,80.86,80.97,33800.0
2015-10-14,81.21,81.86,81.14,81.72,146700.0
2015-10-15,81.75,82.019997,81.52,81.6,99600.0
2015-10-16,81.45,81.5,81.040001,81.14,101600.0
2015-10-19,81.27,81.27,81.089996,81.089996,62100.0
2015-10-20,81.0,81.019997,80.85,80.91,48600.0
2015-10-21,80.79,80.91,80.76,80.85,31600.0
2015-10-22,80.61,80.63,80.31,80.38,187400.0
2015-10-23,80.15,80.18,79.81,79.88,400000.0
2015-10-26,80.17,80.36,80.059998,80.11,149300.0
2015-10-27,80.67,80.67,80.51,80.51,104900.0
2015-10-28,80.58,80.59,79.96,80.0,79100.0
2015-10-29,80.029999,80.13,79.99,80.029999,65000.0
2015-10-30,80.41,80.51,80.26,80.35,81000.0
2015-11-02,80.41,80.44,80.25,80.27,93400.0
2015-11-03,80.059998,80.15,79.96,80.099998,58200.0
2015-11-04,79.82,79.94,79.69,79.79,222700.0
2015-11-05,79.67,79.76,79.62,79.62,37000.0
2015-11-06,78.9,79.0,78.63,78.66,421700.0
2015-11-09,78.44,78.82,78.44,78.72,1504000.0
2015-11-10,78.65,78.76,78.52,78.67,57500.0
2015-11-11,78.8,78.92,78.79,78.91,114900.0
2015-11-12,78.9,79.089996,78.84,79.059998,81300.0
2015-11-13,78.99,79.040001,78.85,79.040001,45200.0
2015-11-16,78.78,78.81,78.63,78.69,366500.0
2015-11-17,78.64,78.64,78.5,78.54,113800.0
2015-11-18,78.59,78.59,78.35,78.47,209200.0
2015-11-19,78.92,79.050003,78.82,78.92,56700.0
2015-11-20,78.97,78.97,78.87,78.87,42100.0
2015-11-23,78.81,78.96,78.79,78.9,100900.0
2015-11-24,79.15,79.25,79.040001,79.17,72000.0
2015-11-25,78.92,79.059998,78.87,79.0,20600.0
2015-11-27,78.99,79.0,78.91,78.94,23100.0
2015-11-30,78.72,78.8,78.62,78.74,56500.0
2015-12-01,78.73,78.95,78.73,78.9,112900.0
2015-12-02,78.56,78.68,78.42,78.66,63700.0
2015-12-03,78.65,79.2,78.6,79.17,246400.0
2015-12-04,78.77,78.95,78.63,78.71,59600.0
2015-12-07,78.55,78.67,78.54,78.59,57400.0
2015-12-08,78.93,79.0,78.79,78.81,73800.0
2015-12-09,79.44,80.050003,79.29,79.85,73700.0
2015-12-10,79.88,79.88,79.67,79.71,64700.0
2015-12-11,80.040001,80.31,79.94,80.18,236400.0
2015-12-14,80.23,80.52,80.07,80.080002,113300.0
2015-12-15,79.89,79.89,79.57,79.63,34100.0
2015-12-16,79.51,79.74,79.24,79.33,90400.0
2015-12-17,78.97,79.029999,78.84,78.93,2670400.0
2015-12-18,79.56,79.91,79.56,79.88,119700.0
2015-12-21,79.93,80.12,79.92,79.98,94300.0
2015-12-22,80.11,80.24,80.019997,80.050003,52800.0
2015-12-23,80.12,80.19,80.089996,80.16,25500.0
2015-12-24,80.45,80.58,80.45,80.54,54500.0
2015-12-28,80.43,80.59,80.43,80.52,50100.0
2015-12-29,80.43,80.49,80.38,80.45,41800.0
2015-12-30,80.4,80.42,80.29,80.37,175900.0
2015-12-31,80.51,80.69,80.49,80.63,137500.0
2016-01-04,81.3,81.41,81.080002,81.080002,188000.0
2016-01-05,81.33,81.49,81.24,81.4,141400.0
2016-01-06,81.65,81.87,81.57,81.8,284600.0
2016-01-07,82.18,82.5,81.97,82.43,187500.0
2016-01-08,82.07,82.49,81.96,82.47,252200.0
2016-01-11,82.22,82.67,82.21,82.32,445500.0
2016-01-12,82.36,82.55,82.07,82.32,220900.0
2016-01-13,82.0,82.37,81.87,82.34,94600.0
2016-01-14,82.27,82.49,81.93,82.07,116400.0
2016-01-15,82.93,83.14,82.68,82.8,329900.0
2016-01-19,82.24,82.56,82.15,82.41,189600.0
2016-01-20,83.010002,83.35,82.76,82.93,355900.0
2016-01-21,82.7,82.83,82.24,82.4,254900.0
2016-01-22,81.84,81.91,81.47,81.55,254500.0
2016-01-25,81.73,81.89,81.62,81.86,1629700.0
2016-01-26,81.77,81.82,81.67,81.75,255700.0
2016-01-27,81.72,81.77,81.37,81.63,132100.0
2016-01-28,81.41,81.69,81.41,81.48,132300.0
2016-01-29,79.86,80.089996,79.59,80.010002,452800.0
2016-02-01,79.94,80.23,79.92,80.019997,308300.0
2016-02-02,80.33,80.8,80.33,80.68,412000.0
2016-02-03,81.21,82.72,81.21,82.31,532800.0
2016-02-04,82.74,83.099998,82.55,82.95,153800.0
2016-02-05,82.63,82.88,82.6,82.8,92100.0
2016-02-08,83.33,84.099998,83.32,83.77,424700.0
2016-02-09,84.55,84.58,83.96,84.16,237500.0
2016-02-10,84.49,85.6,84.099998,85.5,405700.0
2016-02-11,86.29,86.82,86.059998,86.21,439500.0
2016-02-12,85.8,85.98,85.28,85.48,621200.0
2016-02-16,85.080002,85.22,84.86,84.98,156100.0
2016-02-17,84.75,85.14,84.58,85.080002,145900.0
2016-02-18,85.089996,85.58,85.07,85.54,134200.0
2016-02-19,85.67,86.19,85.64,85.92,261000.0
2016-02-22,85.6,85.84,85.5,85.84,191400.0
2016-02-23,86.21,86.53,86.17,86.41,127600.0
2016-02-24,86.68,87.18,86.45,86.45,410500.0
2016-02-25,85.8,86.010002,85.69,85.75,352200.0
2016-02-26,85.25,85.3,84.96,84.99,135000.0
2016-02-29,85.61,85.92,85.6,85.88,112300.0
2016-03-01,85.61,85.69,84.81,85.019997,180700.0
2016-03-02,84.84,85.48,84.8,85.42,72700.0
2016-03-03,85.080002,85.4,85.080002,85.18,187600.0
2016-03-04,85.21,85.56,84.76,84.94,251300.0
2016-03-07,85.31,85.51,85.19,85.42,179900.0
2016-03-08,85.86,86.099998,85.84,86.010002,146600.0
2016-03-09,85.88,85.88,85.36,85.39,105000.0
2016-03-10,85.050003,85.96,84.76,85.54,67800.0
2016-03-11,85.2,85.41,85.059998,85.089996,87800.0
2016-03-14,85.22,85.27,85.040001,85.11,240300.0
2016-03-15,85.71,85.92,85.58,85.6,193000.0
2016-03-16,85.19,86.2,85.089996,85.97,314200.0
2016-03-17,86.73,87.22,86.63,86.92,165400.0
2016-03-18,86.83,86.96,86.63,86.68,269900.0
2016-03-21,86.61,86.75,86.48,86.56,280700.0
2016-03-22,86.69,86.78,86.050003,86.19,138200.0
2016-03-23,85.83,86.14,85.79,86.089996,91400.0
2016-03-24,86.059998,86.13,85.78,85.81,150100.0
2016-03-28,85.44,85.54,85.32,85.32,216500.0
2016-03-29,85.3,85.96,85.3,85.95,99400.0
2016-03-30,85.9,86.11,85.9,86.07,96000.0
2016-03-31,86.28,86.31,85.98,86.019997,47700.0
2016-04-01,86.33,86.74,86.11,86.67,183700.0
2016-04-04,86.91,87.13,86.84,86.97,192000.0
2016-04-05,87.61,88.029999,87.44,87.66,1184000.0
2016-04-06,87.95,88.52,87.66,88.16,2507600.0
2016-04-07,89.58,89.85,89.24,89.27,426100.0
2016-04-08,88.99,89.49,88.96,89.44,111500.0
2016-04-11,89.35,89.77,89.35,89.7,209900.0
2016-04-12,89.29,89.29,88.96,89.25,142300.0
2016-04-13,88.73,88.73,88.47,88.56,206600.0
2016-04-14,88.82,88.84,88.41,88.44,118200.0
2016-04-15,88.79,89.089996,88.79,89.029999,296600.0
2016-04-18,89.099998,89.099998,88.81,88.91,375000.0
2016-04-19,88.6,88.8,88.42,88.69,180500.0
2016-04-20,88.48,88.61,88.089996,88.14,110700.0
2016-04-21,88.18,88.5,88.18,88.4,83600.0
2016-04-22,86.95,87.010002,86.56,86.73,592200.0
2016-04-25,86.98,87.23,86.92,87.010002,118800.0
2016-04-26,87.19,87.22,86.79,86.79,224900.0
2016-04-27,87.029999,87.080002,86.56,86.69,89200.0
2016-04-28,89.019997,89.66,88.97,89.59,504000.0
2016-04-29,90.19,91.050003,90.089996,90.93,327500.0
2016-05-02,90.74,90.94,90.61,90.91,169500.0
2016-05-03,91.32,91.35,90.88,90.93,391900.0
2016-05-04,90.87,90.87,90.26,90.57,231800.0
2016-05-05,90.42,90.42,90.050003,90.25,58300.0
2016-05-06,90.67,90.81,90.27,90.34,56700.0
2016-05-09,89.3,89.38,89.099998,89.29,262400.0
2016-05-10,88.72,88.81,88.51,88.52,170100.0
2016-05-11,89.029999,89.29,89.029999,89.17,256800.0
2016-05-12,88.74,89.089996,88.66,88.7,58300.0
2016-05-13,88.62,89.11,88.36,89.11,191500.0
2016-05-16,88.93,88.93,88.7,88.77,114300.0
2016-05-17,88.63,88.81,88.63,88.68,20700.0
2016-05-18,88.33,88.33,87.75,87.8,340000.0
2016-05-19,87.94,88.17,87.94,87.97,96600.0
2016-05-20,87.68,87.88,87.49,87.76,306200.0
2016-05-23,88.36,88.67,88.29,88.56,197900.0
2016-05-24,88.14,88.14,87.86,87.98,101200.0
2016-05-25,87.72,87.89,87.6,87.87,203800.0
2016-05-26,88.2,88.3,88.059998,88.12,245600.0
2016-05-27,88.16,88.2,87.58,87.65,279900.0
2016-05-31,87.050003,87.54,86.94,87.36,176700.0
2016-06-01,88.62,88.62,88.21,88.3,263700.0
2016-06-02,88.97,89.12,88.82,88.93,137400.0
2016-06-03,90.059998,90.75,90.059998,90.75,302200.0
2016-06-06,90.39,90.52,89.91,89.95,68700.0
2016-06-07,90.040001,90.26,90.019997,90.15,127000.0
2016-06-08,90.58,90.7,90.35,90.35,117400.0
2016-06-09,90.82,90.88,90.27,90.37,227700.0
2016-06-10,90.53,90.71,90.27,90.6,125900.0
2016-06-13,91.23,91.23,90.78,91.080002,105800.0
2016-06-14,91.28,91.36,91.089996,91.16,110100.0
2016-06-15,91.16,91.68,91.14,91.24,106700.0
2016-06-16,92.8,93.2,92.47,92.63,326200.0
2016-06-17,92.79,92.84,92.7,92.83,239100.0
2016-06-20,92.6,93.17,92.51,93.11,178000.0
2016-06-21,92.48,92.57,92.07,92.26,354400.0
2016-06-22,92.46,92.65,92.34,92.55,135700.0
2016-06-23,91.31,91.66,91.23,91.29,331700.0
2016-06-24,94.66,94.71,94.3,94.57,384400.0
2016-06-27,95.12,95.23,94.67,94.71,486800.0
2016-06-28,94.42,94.42,94.0,94.2,204400.0
2016-06-29,94.089996,94.3,93.99,94.019997,164400.0
2016-06-30,94.040001,94.46,93.58,93.58,296500.0
2016-07-01,94.2,94.36,94.099998,94.24,269400.0
2016-07-05,95.040001,95.25,95.040001,95.07,51600.0
2016-07-06,95.82,95.96,95.28,95.42,163800.0
2016-07-07,95.62,96.080002,95.6,95.96,127000.0
2016-07-08,96.19,96.29,95.93,96.26,354500.0
2016-07-11,94.33,94.43,93.97,94.010002,505400.0
2016-07-12,92.59,92.61,92.080002,92.14,654000.0
2016-07-13,92.39,93.0,92.36,92.53,170400.0
2016-07-14,91.38,91.8,91.34,91.77,347900.0
2016-07-15,91.2,91.85,91.2,91.62,307300.0
2016-07-18,91.66,91.8,90.98,91.010002,308600.0
2016-07-19,90.81,91.27,90.81,91.050003,281400.0
2016-07-20,90.6,90.75,90.31,90.31,256400.0
2016-07-21,90.82,91.45,90.77,91.43,295000.0
2016-07-22,91.099998,91.31,90.85,91.029999,82900.0
2016-07-25,91.029999,91.41,91.019997,91.35,143100.0
2016-07-26,92.66,92.66,92.050003,92.4,359200.0
2016-07-27,91.57,91.84,91.16,91.78,286600.0
2016-07-28,92.17,92.3,91.62,91.7,159000.0
2016-07-29,93.88,94.74,93.81,94.71,610600.0
2016-08-01,94.33,94.61,94.31,94.42,135600.0
2016-08-02,95.39,95.97,95.36,95.81,413800.0
2016-08-03,95.49,95.58,95.15,95.49,144700.0
2016-08-04,95.52,95.67,95.47,95.53,150700.0
2016-08-05,94.99,95.059998,94.72,94.95,115400.0
2016-08-08,94.22,94.36,94.14,94.32,188200.0
2016-08-09,94.65,94.92,94.65,94.78,221400.0
2016-08-10,95.47,95.55,95.32,95.42,191000.0
2016-08-11,95.45,95.49,94.68,94.86,244400.0
2016-08-12,95.62,95.8,95.39,95.45,196300.0
2016-08-15,95.52,95.64,95.4,95.42,40300.0
2016-08-16,96.25,96.45,96.11,96.36,188800.0
2016-08-17,95.94,96.55,95.94,96.4,118200.0
2016-08-18,96.23,96.75,96.22,96.69,125600.0
2016-08-19,96.34,96.56,96.33,96.5,150000.0
2016-08-22,96.34,96.37,96.13,96.31,83200.0
2016-08-23,96.52,96.55,96.35,96.4,91400.0
2016-08-24,96.32,96.32,96.029999,96.15,86000.0
2016-08-25,96.13,96.16,96.029999,96.07,64800.0
2016-08-26,96.32,96.5,94.78,94.88,380200.0
2016-08-29,94.42,94.82,94.42,94.82,262400.0
2016-08-30,94.099998,94.17,93.66,93.77,302100.0
2016-08-31,93.37,93.54,93.35,93.35,104900.0
2016-09-01,92.92,93.65,92.89,93.61,262300.0
2016-09-02,93.25,93.33,92.63,92.86,226200.0
2016-09-06,93.49,94.72,93.45,94.7,832300.0
2016-09-07,95.23,95.27,94.83,94.95,127500.0
2016-09-08,94.98,95.15,94.17,94.21,185400.0
2016-09-09,93.81,94.18,93.77,94.050003,139600.0
2016-09-12,94.78,95.080002,94.63,94.88,241500.0
2016-09-13,94.36,94.6,94.019997,94.07,340400.0
2016-09-14,93.89,94.47,93.87,94.3,120100.0
2016-09-15,94.26,94.68,94.019997,94.55,166600.0
2016-09-16,94.64,94.65,94.27,94.42,138000.0
2016-09-19,95.0,95.059998,94.82,94.85,185500.0
2016-09-20,94.87,95.029999,94.8,94.9,245800.0
2016-09-21,95.8,96.23,95.6,96.13,564100.0
2016-09-22,95.97,96.029999,95.69,95.79,66400.0
2016-09-23,95.59,95.71,95.46,95.54,184500.0
2016-09-26,96.12,96.34,96.11,96.34,271200.0
2016-09-27,96.36,96.36,96.099998,96.21,71900.0
2016-09-28,95.92,96.080002,95.82,95.93,102100.0
2016-09-29,94.99,95.76,94.96,95.56,84300.0
2016-09-30,95.27,95.43,95.2,95.21,43800.0
2016-10-03,95.27,95.28,95.0,95.019997,84900.0
2016-10-04,94.18,94.22,93.77,93.86,188300.0
2016-10-05,93.67,93.7,93.15,93.24,538200.0
2016-10-06,92.92,92.97,92.69,92.76,198800.0
2016-10-07,93.72,93.86,93.32,93.79,96200.0
2016-10-10,93.25,93.26,93.050003,93.12,63000.0
2016-10-11,93.19,93.56,92.99,93.34,55200.0
2016-10-12,92.91,92.99,92.41,92.58,138900.0
2016-10-13,93.11,93.41,93.11,93.2,59000.0
2016-10-14,92.49,93.0,92.49,92.6,137400.0
2016-10-17,92.76,92.99,92.74,92.92,41000.0
2016-10-18,92.67,93.019997,92.67,92.94,48300.0
2016-10-19,93.39,93.56,93.28,93.36,104300.0
2016-10-20,93.17,93.2,92.75,92.88,195500.0
2016-10-21,93.16,93.23,92.84,92.96,261700.0
2016-10-24,92.85,92.85,92.54,92.64,260600.0
2016-10-25,92.07,92.71,92.059998,92.63,308100.0
2016-10-26,92.67,92.74,92.29,92.36,135300.0
2016-10-27,92.059998,92.07,91.66,91.7,178100.0
2016-10-28,91.68,92.39,91.48,92.2,194900.0
2016-10-31,91.9,92.080002,91.75,92.029999,68100.0
2016-11-01,92.07,92.95,92.059998,92.78,124800.0
2016-11-02,93.44,93.67,93.28,93.39,190900.0
2016-11-03,93.49,93.8,93.44,93.73,501400.0
2016-11-04,93.75,93.83,93.53,93.7,87800.0
2016-11-07,92.41,92.42,92.26,92.37,64700.0
2016-11-08,92.080002,92.28,91.75,91.79,156300.0
2016-11-09,92.63,92.64,91.13,91.13,290400.0
2016-11-10,90.3,90.8,90.24,90.27,163300.0
2016-11-11,90.72,90.75,90.37,90.37,373900.0
2016-11-14,89.3,89.4,88.92,89.010002,394200.0
2016-11-15,88.62,88.76,88.28,88.38,134200.0
2016-11-16,88.31,88.47,88.11,88.45,164200.0
2016-11-17,88.25,88.34,87.74,87.75,120400.0
2016-11-18,87.56,87.6,87.019997,87.080002,359200.0
2016-11-21,87.029999,87.15,86.68,86.88,220600.0
2016-11-22,86.96,86.98,86.7,86.86,64700.0
2016-11-23,85.96,85.96,85.42,85.72,297400.0
2016-11-25,85.53,85.57,85.17,85.21,129000.0
2016-11-28,85.65,86.089996,85.61,86.089996,194300.0
2016-11-29,85.42,85.92,85.36,85.8,218500.0
2016-11-30,85.07,85.099998,84.26,84.26,434500.0
2016-12-01,84.19,84.67,84.099998,84.62,306200.0
2016-12-02,84.89,85.099998,84.75,84.97,90600.0
2016-12-05,84.43,85.25,84.080002,84.79,420000.0
2016-12-06,84.64,84.83,84.55,84.61,69800.0
2016-12-07,84.64,85.029999,84.58,84.83,102800.0
2016-12-08,84.62,84.74,84.45,84.66,46200.0
2016-12-09,83.92,84.0,83.64,83.7,98600.0
2016-12-12,83.63,83.97,83.48,83.87,145600.0
2016-12-13,83.82,83.89,83.65,83.76,114200.0
2016-12-14,83.97,83.98,82.22,82.35,153400.0
2016-12-15,81.83,81.89,81.34,81.68,335100.0
2016-12-16,81.57,82.089996,81.47,81.82,445500.0
2016-12-19,82.41,82.74,82.17,82.38,175900.0
2016-12-20,81.73,81.99,81.65,81.82,510100.0
2016-12-21,82.22,82.31,81.88,82.080002,240700.0
2016-12-22,81.97,82.22,81.94,82.019997,104200.0
2016-12-23,82.2,82.33,82.17,82.22,48300.0
2016-12-27,82.18,82.18,82.0,82.099998,44800.0
2016-12-28,81.96,82.42,81.92,82.36,233200.0
2016-12-29,82.68,82.97,82.54,82.76,109500.0
2016-12-30,82.54,82.75,82.52,82.52,36800.0
2017-01-03,81.7,82.26,81.33,81.87,139300.0
2017-01-04,82.21,82.36,81.96,82.2,173300.0
2017-01-05,83.080002,83.69,83.07,83.5,312700.0
2017-01-06,82.69,82.95,82.32,82.39,195600.0
2017-01-09,82.9,83.15,82.8,83.14,95500.0
2017-01-10,83.4,83.59,83.13,83.43,87800.0
2017-01-11,82.97,84.39,82.53,83.59,300400.0
2017-01-12,84.35,84.72,84.059998,84.21,177600.0
2017-01-13,83.9,84.31,83.55,84.17,72100.0
2017-01-17,85.36,85.61,85.15,85.61,348200.0
2017-01-18,85.07,85.18,84.31,84.34,144700.0
2017-01-19,83.79,84.080002,83.39,83.98,132600.0
2017-01-20,83.82,84.34,83.67,84.21,314500.0
2017-01-23,84.9,85.5,84.56,85.23,520400.0
2017-01-24,85.080002,85.38,84.66,84.74,249300.0
2017-01-25,84.69,85.18,84.63,85.18,156300.0
2017-01-26,84.38,84.43,83.97,84.2,225000.0
2017-01-27,83.78,83.87,83.66,83.72,72700.0
2017-01-30,84.27,84.96,84.27,84.79,248100.0
2017-01-31,85.44,86.0,85.089996,85.41,348600.0
2017-02-01,84.76,85.4,84.58,85.18,356700.0
2017-02-02,85.76,85.9,85.47,85.49,207200.0
2017-02-03,85.4,85.81,85.29,85.55,242600.0
2017-02-06,85.88,86.32,85.63,86.29,422600.0
2017-02-07,85.79,86.19,85.71,85.77,157900.0
2017-02-08,86.17,86.29,85.92,86.010002,109300.0
2017-02-09,85.8,85.87,85.040001,85.11,248500.0
2017-02-10,84.77,85.4,84.77,85.050003,242900.0
2017-02-13,84.65,84.87,84.51,84.8,78800.0
2017-02-14,85.050003,85.050003,84.18,84.33,373500.0
2017-02-15,83.99,84.63,83.93,84.5,298400.0
2017-02-16,84.83,85.24,84.72,85.13,289900.0
2017-02-17,85.45,85.46,85.31,85.36,231000.0
2017-02-21,84.79,84.96,84.72,84.81,139000.0
2017-02-22,85.19,85.26,84.83,85.25,223200.0
2017-02-23,85.44,85.62,85.42,85.5,145600.0
2017-02-24,85.82,86.089996,85.69,85.99,116300.0
2017-02-27,85.88,86.019997,85.42,85.47,272300.0
2017-02-28,86.029999,86.21,85.74,85.81,153400.0
2017-03-01,84.61,84.91,84.51,84.77,408000.0
2017-03-02,84.18,84.34,84.089996,84.25,80600.0
2017-03-03,84.18,84.62,83.97,84.61,532300.0
2017-03-06,84.76,84.76,84.49,84.64,161700.0
2017-03-07,84.45,84.6,84.43,84.52,71300.0
2017-03-08,84.040001,84.31,84.0,84.25,195400.0
2017-03-09,83.88,84.019997,83.81,83.83,64400.0
2017-03-10,83.62,84.019997,83.54,83.96,35300.0
2017-03-13,83.95,84.11,83.9,83.91,46600.0
2017-03-14,83.85,84.11,83.85,83.99,28000.0
2017-03-15,83.99,85.12,83.94,85.11,336900.0
2017-03-16,85.099998,85.28,84.94,85.089996,94200.0
2017-03-17,85.17,85.56,85.17,85.52,128700.0
2017-03-20,85.49,85.63,85.41,85.61,278500.0
2017-03-21,85.65,86.34,85.65,86.25,155400.0
2017-03-22,86.65,86.97,86.64,86.69,363100.0
2017-03-23,86.99,87.07,86.57,86.81,263100.0
2017-03-24,86.67,87.080002,86.58,86.65,159900.0
2017-03-27,87.47,87.47,87.059998,87.11,185100.0
2017-03-28,87.53,87.53,86.65,86.68,175900.0
2017-03-29,86.8,86.94,86.66,86.81,43300.0
2017-03-30,86.72,86.75,86.12,86.16,113600.0
2017-03-31,86.29,86.58,86.2,86.52,79800.0
2017-04-03,86.46,86.9,86.42,86.9,201500.0
2017-04-04,87.089996,87.2,86.96,87.0,116600.0
2017-04-05,86.49,87.07,86.44,87.07,280800.0
2017-04-06,86.93,87.040001,86.69,86.94,98600.0
2017-04-07,87.15,87.15,86.5,86.59,63700.0
2017-04-10,86.55,86.91,86.51,86.82,46100.0
2017-04-11,87.25,87.85,87.25,87.81,131000.0
2017-04-12,87.83,88.28,87.7,88.25,204400.0
2017-04-13,88.23,88.39,88.059998,88.28,131100.0
2017-04-17,88.7,88.9,88.33,88.4,166500.0
2017-04-18,88.61,88.84,88.39,88.8,265700.0
2017-04-19,88.33,88.55,88.22,88.46,67100.0
2017-04-20,88.18,88.3,87.97,88.07,96100.0
2017-04-21,88.26,88.43,88.16,88.3,184200.0
2017-04-24,87.36,87.79,87.36,87.77,300900.0
2017-04-25,86.95,87.059998,86.64,86.66,93400.0
2017-04-26,86.41,86.76,86.18,86.73,88000.0
2017-04-27,86.43,86.7,86.3,86.62,77400.0
2017-04-28,86.26,86.47,86.26,86.39,27700.0
2017-05-01,86.19,86.37,86.050003,86.14,100700.0
2017-05-02,85.82,85.98,85.82,85.93,54700.0
2017-05-03,85.75,85.76,85.42,85.47,87100.0
2017-05-04,85.28,85.71,85.25,85.71,109800.0
2017-05-05,85.53,85.63,85.39,85.61,37800.0
2017-05-08,85.43,85.43,85.040001,85.050003,280000.0
2017-05-09,84.42,84.62,84.23,84.5,174600.0
2017-05-10,84.53,84.56,84.21,84.25,162200.0
2017-05-11,84.51,84.83,84.48,84.58,154400.0
2017-05-12,84.88,85.040001,84.87,84.96,69400.0
2017-05-15,84.8,84.81,84.57,84.63,27500.0
2017-05-16,84.76,85.24,84.76,85.17,128000.0
2017-05-17,86.21,86.82,86.099998,86.82,382600.0
2017-05-18,86.93,86.93,86.27,86.44,437600.0
2017-05-19,86.52,86.66,86.2,86.56,504300.0
2017-05-22,86.49,86.76,86.47,86.56,99600.0
2017-05-23,86.59,86.67,86.07,86.099998,55300.0
2017-05-24,86.029999,86.26,85.85,86.22,418600.0
2017-05-25,86.099998,86.2,85.98,86.080002,98100.0
2017-05-26,86.54,86.63,86.4,86.52,122800.0
2017-05-30,86.68,86.94,86.65,86.93,190100.0
2017-05-31,86.87,87.11,86.84,86.9,114900.0
2017-06-01,86.41,86.57,86.35,86.4,226400.0
2017-06-02,86.96,87.2,86.93,87.18,142900.0
2017-06-05,87.050003,87.18,87.040001,87.12,72600.0
2017-06-06,87.98,88.080002,87.79,87.97,206800.0
2017-06-07,87.87,88.099998,87.61,87.62,123000.0
2017-06-08,87.46,87.57,87.23,87.45,58400.0
2017-06-09,86.87,87.35,86.87,87.27,57600.0
2017-06-12,87.56,87.71,87.5,87.6,69000.0
2017-06-13,87.35,87.52,87.33,87.46,45900.0
2017-06-14,88.010002,88.35,87.62,87.77,384700.0
2017-06-15,87.21,87.22,86.7,86.75,1779100.0
2017-06-16,86.61,86.96,86.61,86.8,174700.0
2017-06-19,86.41,86.5,86.22,86.24,126300.0
2017-06-20,86.29,86.38,86.14,86.34,22700.0
2017-06-21,86.21,86.46,86.16,86.43,47900.0
2017-06-22,86.55,86.6,86.35,86.51,36600.0
2017-06-23,86.48,86.53,86.43,86.49,52100.0
2017-06-26,86.31,86.38,85.95,86.0,108000.0
2017-06-27,85.99,86.019997,85.57,85.78,84500.0
2017-06-28,85.81,85.87,85.65,85.73,108200.0
2017-06-29,85.2,86.040001,85.2,85.86,442700.0
2017-06-30,85.82,85.85,85.45,85.53,93200.0
2017-07-03,85.089996,85.11,84.81,84.82,122700.0
2017-07-05,84.69,85.12,84.69,84.97,45000.0
2017-07-06,85.0,85.080002,84.86,84.99,129200.0
2017-07-07,84.5,84.56,84.28,84.47,41200.0
2017-07-10,84.25,84.38,84.2,84.33,93800.0
2017-07-11,84.17,84.56,84.040001,84.49,29100.0
2017-07-12,85.059998,85.080002,84.85,84.99,111600.0
2017-07-13,84.89,84.99,84.78,84.96,125800.0
2017-07-14,85.57,85.62,85.34,85.46,172100.0
2017-07-17,85.52,85.62,85.25,85.44,36900.0
2017-07-18,85.94,86.11,85.82,85.87,79300.0
2017-07-19,86.14,86.19,85.99,86.0,107500.0
2017-07-20,85.76,86.23,85.73,85.95,70000.0
2017-07-21,86.41,86.61,86.38,86.58,35900.0
2017-07-24,86.68,86.75,86.44,86.55,104100.0
2017-07-25,86.22,86.29,85.92,85.94,40700.0
2017-07-26,86.010002,86.58,85.73,86.47,124200.0
2017-07-27,86.28,86.64,86.14,86.49,96000.0
2017-07-28,86.59,86.98,86.59,86.97,144300.0
2017-07-31,86.98,87.24,86.96,87.24,66000.0
2017-08-01,87.15,87.44,87.13,87.15,38600.0
2017-08-02,86.83,87.14,86.82,86.88,51800.0
2017-08-03,87.07,87.51,87.050003,87.48,428000.0
2017-08-04,86.94,86.95,86.61,86.88,67400.0
2017-08-07,86.71,86.86,86.71,86.82,26600.0
2017-08-08,87.12,87.16,86.78,87.14,55000.0
2017-08-09,87.59,87.61,87.32,87.42,69500.0
2017-08-10,87.66,88.11,87.66,88.099998,90500.0
2017-08-11,88.080002,88.27,87.98,88.16,83500.0
2017-08-14,87.71,87.88,87.62,87.7,28200.0
2017-08-15,86.85,87.089996,86.8,86.98,201400.0
2017-08-16,86.74,87.34,86.74,87.25,124200.0
2017-08-17,87.37,87.83,87.32,87.83,149500.0
2017-08-18,88.34,88.52,87.77,88.089996,147200.0
2017-08-21,88.3,88.44,88.24,88.3,53000.0
2017-08-22,88.040001,88.040001,87.71,87.76,49900.0
2017-08-23,88.13,88.24,88.029999,88.22,26800.0
2017-08-24,87.89,88.07,87.74,87.74,73700.0
2017-08-25,87.7,88.07,87.55,87.96,118800.0
2017-08-28,87.93,88.15,87.92,88.0,85600.0
2017-08-29,88.61,88.67,87.49,87.59,76900.0
2017-08-30,87.24,87.28,87.040001,87.14,116000.0
2017-08-31,87.080002,87.47,87.059998,87.43,57000.0
2017-09-01,87.46,87.49,87.089996,87.19,127800.0
2017-09-05,88.0,88.47,87.99,88.38,35200.0
2017-09-06,88.28,88.39,87.89,87.91,218200.0
2017-09-07,88.29,88.91,88.25,88.59,263600.0
2017-09-08,89.18,89.29,88.95,89.17,199200.0
2017-09-11,88.32,88.38,87.77,87.78,92700.0
2017-09-12,87.43,87.49,87.16,87.19,87700.0
2017-09-13,87.26,87.29,86.83,86.86,124100.0
2017-09-14,86.76,86.99,86.76,86.95,52800.0
2017-09-15,86.71,86.79,86.5,86.69,88500.0
2017-09-18,86.19,86.28,86.050003,86.21,51600.0
2017-09-19,86.3,86.33,85.94,86.17,88900.0
2017-09-20,86.26,86.54,85.4,85.55,275400.0
2017-09-21,85.53,85.67,85.34,85.35,77100.0
2017-09-22,85.76,85.87,85.68,85.75,48100.0
2017-09-25,85.59,86.18,85.57,86.040001,44300.0
2017-09-26,85.66,85.77,85.42,85.59,45200.0
2017-09-27,84.89,85.45,84.89,85.2,90700.0
2017-09-28,85.34,85.49,85.23,85.45,46800.0
2017-09-29,85.52,85.54,85.26,85.37,103400.0
2017-10-02,85.32,85.37,85.12,85.2,38500.0
2017-10-03,85.029999,85.24,85.029999,85.12,82600.0
2017-10-04,85.29,85.3,85.080002,85.2,61300.0
2017-10-05,85.35,85.35,85.12,85.13,59800.0
2017-10-06,84.8,85.28,84.71,85.26,49700.0
2017-10-09,85.24,85.38,85.22,85.33,27000.0
2017-10-10,85.48,85.78,85.45,85.47,46400.0
2017-10-11,85.63,85.66,85.35,85.47,195600.0
2017-10-12,85.53,85.66,85.45,85.58,59600.0
2017-10-13,85.97,85.99,85.77,85.85,72700.0
2017-10-16,85.87,86.010002,85.56,85.63,34600.0
2017-10-17,85.46,85.65,85.39,85.61,33400.0
2017-10-18,85.11,85.18,84.99,85.080002,33200.0
2017-10-19,85.34,85.49,85.24,85.37,64600.0
2017-10-20,84.71,84.78,84.57,84.61,95700.0
2017-10-23,84.35,84.75,84.35,84.75,179400.0
2017-10-24,84.31,84.54,84.23,84.36,81900.0
2017-10-25,84.3,84.59,84.24,84.43,61300.0
2017-10-26,84.43,84.43,84.22,84.26,46500.0
2017-10-27,84.18,84.48,84.16,84.47,92800.0
2017-10-30,84.18,84.95,84.18,84.88,63600.0
2017-10-31,84.66,84.7,84.45,84.48,45900.0
2017-11-01,84.089996,84.39,84.029999,84.14,85700.0
2017-11-02,84.16,84.55,84.12,84.2,131600.0
2017-11-03,84.25,84.26,83.92,84.14,70100.0
2017-11-06,84.13,84.42,84.11,84.39,51700.0
2017-11-07,84.099998,84.36,84.029999,84.27,12200.0
2017-11-08,84.58,84.61,84.33,84.36,38200.0
2017-11-09,84.65,84.9,84.48,84.71,58600.0
2017-11-10,84.67,84.77,84.54,84.58,30500.0
2017-11-13,84.75,84.75,84.5,84.53,36000.0
2017-11-14,84.57,84.73,84.55,84.65,66000.0
2017-11-15,85.080002,85.25,84.84,85.099998,31600.0
2017-11-16,84.99,85.15,84.92,84.92,26300.0
2017-11-17,85.42,85.76,85.36,85.67,283200.0
2017-11-20,85.49,85.51,85.17,85.23,82900.0
2017-11-21,85.56,85.59,85.34,85.38,83900.0
2017-11-22,85.83,86.38,85.83,86.35,194100.0
2017-11-24,86.17,86.21,86.019997,86.029999,91600.0
2017-11-27,86.54,86.6,86.33,86.44,293100.0
2017-11-28,86.33,86.45,86.0,86.13,206300.0
2017-11-29,85.75,85.93,85.63,85.8,113300.0
2017-11-30,85.61,85.86,84.88,84.88,139700.0
2017-12-01,85.18,86.12,85.050003,85.66,576400.0
2017-12-04,84.96,85.33,84.92,85.29,280800.0
2017-12-05,85.16,85.31,85.059998,85.3,30100.0
2017-12-06,85.51,85.58,85.45,85.57,144900.0
2017-12-07,85.2,85.25,84.85,84.86,157700.0
2017-12-08,84.77,84.83,84.51,84.59,34500.0
2017-12-11,84.64,84.73,84.53,84.55,123900.0
2017-12-12,84.48,84.65,84.39,84.55,165700.0
2017-12-13,84.89,85.44,84.76,85.34,268400.0
2017-12-14,85.21,85.62,85.099998,85.49,105100.0
2017-12-15,85.42,85.45,85.13,85.27,133600.0
2017-12-18,85.39,85.45,85.23,85.26,64400.0
2017-12-19,85.050003,85.11,84.89,85.050003,65500.0
2017-12-20,84.73,84.83,84.59,84.62,104100.0
2017-12-21,84.6,84.72,84.55,84.71,57700.0
2017-12-22,84.66,84.73,84.62,84.72,32800.0
2017-12-26,84.71,84.83,84.71,84.8,67600.0
2017-12-27,84.73,84.75,84.66,84.7,37000.0
2017-12-28,85.029999,85.080002,84.93,85.0,52600.0
2017-12-29,85.25,85.31,85.13,85.14,52100.0
2018-01-02,85.62,85.62,85.4,85.47,99400.0
2018-01-03,85.48,85.53,85.22,85.3,79800.0
2018-01-04,85.080002,85.13,85.029999,85.13,87000.0
2018-01-05,84.74,84.84,84.72,84.84,74500.0
2018-01-08,84.95,84.96,84.82,84.85,176300.0
2018-01-09,85.17,85.39,85.080002,85.21,147300.0
2018-01-10,86.010002,86.2,85.94,86.17,110200.0
2018-01-11,86.089996,86.4,86.029999,86.28,87800.0
2018-01-12,86.14,86.5,86.029999,86.42,62100.0
2018-01-16,86.68,87.019997,86.53,86.94,199400.0
2018-01-17,86.64,86.75,86.29,86.3,139400.0
2018-01-18,86.36,86.65,86.3,86.41,87800.0
2018-01-19,86.73,86.82,86.63,86.64,147400.0
2018-01-22,86.65,86.65,86.27,86.48,87200.0
2018-01-23,86.86,87.0,86.84,86.98,60200.0
2018-01-24,87.66,88.050003,87.66,87.94,222700.0
2018-01-25,88.010002,88.42,87.48,87.81,179700.0
2018-01-26,87.98,88.6,87.95,88.26,106800.0
2018-01-29,88.25,88.25,87.86,88.07,130600.0
2018-01-30,88.43,88.44,88.080002,88.14,226400.0
2018-01-31,88.050003,88.12,87.36,87.88,173400.0
2018-02-01,87.72,87.81,87.53,87.78,184800.0
2018-02-02,86.96,87.15,86.85,87.13,133300.0
2018-02-05,87.31,87.86,87.0,87.8,290200.0
2018-02-06,87.64,87.92,87.5,87.57,146300.0
2018-02-07,87.8,87.88,87.45,87.52,174300.0
2018-02-08,87.59,88.32,87.59,88.21,108000.0
2018-02-09,88.080002,88.75,88.010002,88.21,121400.0
2018-02-12,88.34,88.46,88.16,88.3,84300.0
2018-02-13,89.059998,89.27,88.97,88.99,155200.0
2018-02-14,89.5,89.86,89.3,89.68,216000.0
2018-02-15,90.050003,90.45,89.78,90.41,172600.0
2018-02-16,90.27,90.52,90.15,90.22,519900.0
2018-02-20,89.55,89.56,89.36,89.39,364500.0
2018-02-21,89.31,89.33,88.91,89.040001,373800.0
2018-02-22,89.73,89.96,89.61,89.91,333600.0
2018-02-23,89.75,90.0,89.72,89.72,106200.0
2018-02-26,89.66,89.75,89.58,89.63,170000.0
2018-02-27,89.56,89.61,89.07,89.28,146700.0
2018-02-28,89.58,89.94,89.52,89.94,233000.0
2018-03-01,89.65,90.33,89.46,90.31,191100.0
2018-03-02,91.029999,91.07,90.71,90.74,406100.0
2018-03-05,90.71,90.71,90.27,90.31,238300.0
2018-03-06,90.32,90.54,90.26,90.29,112200.0
2018-03-07,90.61,90.61,90.3,90.41,130300.0
2018-03-08,90.34,90.41,90.22,90.23,53400.0
2018-03-09,89.68,89.87,89.6,89.74,198000.0
2018-03-12,89.97,90.18,89.94,90.17,375800.0
2018-03-13,89.67,90.059998,89.54,89.99,168100.0
2018-03-14,89.96,90.38,89.96,90.25,237700.0
2018-03-15,90.42,90.56,90.21,90.24,286900.0
2018-03-16,90.57,90.57,90.27,90.4,198500.0
2018-03-19,90.29,90.62,90.26,90.32,202400.0
2018-03-20,90.089996,90.13,89.96,89.97,679300.0
2018-03-21,90.28,90.52,89.88,90.52,489700.0
2018-03-22,90.91,91.019997,90.6,90.98,346700.0
2018-03-23,91.14,91.62,91.11,91.52,639400.0
2018-03-26,91.11,91.37,90.89,90.91,254500.0
2018-03-27,90.64,90.99,90.62,90.87,268600.0
2018-03-28,90.32,90.37,89.58,89.59,781200.0
2018-03-29,90.050003,90.19,89.95,90.11,184900.0
2018-04-02,90.14,90.7,90.059998,90.52,378800.0
2018-04-03,89.97,90.099998,89.85,89.85,345500.0
2018-04-04,90.22,90.22,89.72,89.73,230300.0
2018-04-05,89.48,89.57,89.13,89.17,910600.0
2018-04-06,89.49,89.72,89.32,89.68,327900.0
2018-04-09,89.62,89.87,89.47,89.83,81100.0
2018-04-10,89.56,89.59,89.24,89.39,297600.0
2018-04-11,89.62,89.83,89.56,89.7,219800.0
2018-04-12,89.23,89.42,89.2,89.35,221000.0
2018-04-13,88.95,89.32,88.93,89.21,187600.0
2018-04-16,89.32,89.5,89.31,89.44,152000.0
2018-04-17,89.42,89.61,89.37,89.51,64000.0
2018-04-18,89.4,89.44,89.28,89.34,232900.0
2018-04-19,89.24,89.33,89.13,89.23,198800.0
2018-04-20,88.92,89.099998,88.84,89.010002,112200.0
2018-04-23,88.33,88.52,88.099998,88.099998,219900.0
2018-04-24,87.81,88.25,87.75,88.099998,77500.0
2018-04-25,87.71,87.84,87.59,87.63,212600.0
2018-04-26,87.84,87.85,87.59,87.63,103100.0
2018-04-27,87.67,87.96,87.67,87.84,145600.0
2018-04-30,87.57,87.81,87.56,87.65,115800.0
2018-05-01,87.35,87.47,87.17,87.17,112900.0
2018-05-02,87.22,87.4,87.059998,87.14,73200.0
2018-05-03,87.62,87.91,87.59,87.74,132800.0
2018-05-04,87.9,87.91,87.68,87.8,57900.0
2018-05-07,87.63,87.88,87.58,87.85,34400.0
2018-05-08,87.71,88.0,87.62,87.79,45100.0
2018-05-09,87.27,87.39,87.21,87.29,47200.0
2018-05-10,87.47,87.6,87.4,87.57,32400.0
2018-05-11,87.74,87.75,87.56,87.65,29300.0
2018-05-14,87.45,87.52,87.33,87.33,117600.0
2018-05-15,86.9,86.91,86.73,86.77,112000.0
2018-05-16,86.95,87.0,86.79,86.79,144000.0
2018-05-17,86.48,86.56,86.39,86.46,111100.0
2018-05-18,86.34,86.59,86.32,86.5,148400.0
2018-05-21,86.14,86.27,86.089996,86.26,137300.0
2018-05-22,86.38,86.38,86.22,86.36,81800.0
2018-05-23,86.97,87.14,86.81,86.96,234000.0
2018-05-24,87.48,87.87,87.46,87.65,129400.0
2018-05-25,87.66,87.72,87.47,87.49,80200.0
2018-05-29,87.98,88.57,87.78,88.13,117800.0
2018-05-30,87.95,87.99,87.81,87.89,154100.0
2018-05-31,88.11,88.32,87.94,88.029999,115400.0
2018-06-01,87.35,87.49,87.26,87.37,103000.0
2018-06-04,87.39,87.44,87.16,87.16,48700.0
2018-06-05,87.27,87.44,87.14,87.29,118100.0
2018-06-06,87.029999,87.13,86.85,86.89,99300.0
2018-06-07,87.040001,87.46,87.019997,87.29,88000.0
2018-06-08,87.41,87.57,87.41,87.49,31900.0
2018-06-11,87.12,87.16,86.96,87.010002,73300.0
2018-06-12,86.84,86.91,86.67,86.77,71800.0
2018-06-13,86.67,86.82,86.38,86.81,140000.0
2018-06-14,86.79,86.84,86.5,86.56,151100.0
2018-06-15,86.66,86.67,86.54,86.58,133800.0
2018-06-18,86.64,86.75,86.58,86.61,65100.0
2018-06-19,87.11,87.28,86.98,87.010002,73100.0
2018-06-20,87.019997,87.019997,86.7,86.74,35800.0
2018-06-21,86.85,87.16,86.85,87.050003,33600.0
2018-06-22,86.99,87.19,86.96,87.07,69800.0
2018-06-25,87.34,87.54,87.040001,87.18,82800.0
2018-06-26,87.23,87.28,86.91,86.96,36800.0
2018-06-27,86.76,86.92,86.67,86.83,77300.0
2018-06-28,86.84,86.86,86.53,86.62,58700.0
2018-06-29,86.47,86.54,86.32,86.47,43700.0
2018-07-02,86.31,86.49,86.31,86.35,52400.0
2018-07-03,86.48,86.63,86.48,86.62,19200.0
2018-07-05,86.56,86.6,86.48,86.55,29900.0
2018-07-06,86.64,86.73,86.6,86.7,16200.0
2018-07-09,86.59,86.59,86.32,86.37,121100.0
2018-07-10,86.080002,86.080002,85.99,86.029999,87700.0
2018-07-11,86.059998,86.059998,85.32,85.39,262300.0
2018-07-12,85.080002,85.15,85.029999,85.059998,70300.0
2018-07-13,85.050003,85.21,85.029999,85.19,46800.0
2018-07-16,85.080002,85.24,85.080002,85.22,12900.0
2018-07-17,84.93,84.93,84.73,84.79,228000.0
2018-07-18,84.8,84.86,84.75,84.77,29300.0
2018-07-19,84.63,85.38,84.63,85.050003,183000.0
2018-07-20,85.53,85.91,85.5,85.8,539500.0
2018-07-23,86.0,86.0,85.8,85.89,148900.0
2018-07-24,86.099998,86.2,85.97,86.059998,15400.0
2018-07-25,86.19,86.44,86.13,86.23,320600.0
2018-07-26,86.18,86.25,86.010002,86.010002,207200.0
2018-07-27,86.25,86.35,86.17,86.2,20900.0
2018-07-30,86.16,86.26,86.13,86.17,72900.0
2018-07-31,85.56,85.64,85.48,85.58,264200.0
2018-08-01,85.42,85.87,85.42,85.72,69000.0
2018-08-02,85.9,85.92,85.63,85.68,137700.0
2018-08-03,85.88,86.11,85.87,86.040001,255500.0
2018-08-06,85.85,85.92,85.82,85.86,106900.0
2018-08-07,85.85,86.11,85.8,85.87,48800.0
2018-08-08,86.11,86.25,86.11,86.18,24300.0
2018-08-09,86.18,86.29,86.099998,86.12,94500.0
2018-08-10,86.32,86.54,86.23,86.32,71100.0
2018-08-13,86.35,86.49,86.24,86.46,49700.0
2018-08-14,86.32,86.37,85.95,86.019997,198300.0
2018-08-15,86.27,86.6,86.25,86.45,102300.0
2018-08-16,86.51,86.51,86.099998,86.26,51500.0
2018-08-17,86.61,86.7,86.46,86.49,54600.0
2018-08-20,86.64,86.88,86.57,86.88,313900.0
2018-08-21,86.69,86.71,86.56,86.66,47500.0
2018-08-22,86.66,86.68,86.49,86.62,20200.0
2018-08-23,86.24,86.24,85.95,85.96,42400.0
2018-08-24,85.91,86.080002,85.85,86.07,53200.0
2018-08-27,86.16,86.21,86.089996,86.12,28000.0
2018-08-28,86.080002,86.21,85.99,86.029999,43000.0
2018-08-29,85.9,85.9,85.55,85.63,119600.0
2018-08-30,85.85,86.17,85.85,86.17,185700.0
2018-08-31,86.3,86.34,86.040001,86.089996,75100.0
2018-09-04,85.8,86.029999,85.75,85.79,52300.0
2018-09-05,85.62,85.81,85.55,85.74,47300.0
2018-09-06,86.029999,86.38,85.74,86.24,29200.0
2018-09-07,86.18,86.33,85.96,86.14,101900.0
2018-09-10,86.050003,86.07,85.96,86.010002,22800.0
2018-09-11,85.85,85.85,85.65,85.69,27700.0
2018-09-12,85.86,86.050003,85.8,85.94,103900.0
2018-09-13,85.78,85.78,85.38,85.4,136000.0
2018-09-14,85.38,85.48,85.26,85.35,123600.0
2018-09-17,85.36,85.53,85.35,85.5,21600.0
2018-09-18,85.21,85.21,85.089996,85.099998,38300.0
2018-09-19,85.17,85.25,85.12,85.17,14300.0
2018-09-20,85.26,85.26,84.92,85.040001,35300.0
2018-09-21,84.81,84.98,84.8,84.93,153200.0
2018-09-24,84.93,85.029999,84.78,84.79,108200.0
2018-09-25,84.76,84.76,84.64,84.65,23400.0
2018-09-26,84.6,84.84,84.54,84.83,69700.0
2018-09-27,84.58,84.61,84.28,84.33,69500.0
2018-09-28,84.27,84.28,84.13,84.15,53400.0
2018-10-01,83.9,83.94,83.83,83.87,32100.0
2018-10-02,84.040001,84.19,84.019997,84.18,92800.0
2018-10-03,83.94,83.98,83.54,83.6,149300.0
2018-10-04,83.74,84.099998,83.74,83.97,257600.0
2018-10-05,83.96,84.17,83.92,84.099998,102500.0
2018-10-08,84.5,84.73,84.43,84.53,56300.0
2018-10-09,84.36,84.68,84.36,84.67,13600.0
2018-10-10,84.44,85.059998,84.43,85.050003,68800.0
2018-10-11,85.089996,85.4,84.99,85.33,147500.0
2018-10-12,85.16,85.44,85.14,85.18,45500.0
2018-10-15,85.52,85.62,85.41,85.52,41500.0
2018-10-16,85.25,85.26,85.15,85.17,11900.0
2018-10-17,85.16,85.34,84.92,84.95,38500.0
2018-10-18,84.96,85.39,84.94,85.19,149700.0
2018-10-19,85.019997,85.050003,84.89,84.91,18500.0
2018-10-22,84.72,84.86,84.69,84.7,56700.0
2018-10-23,85.22,85.34,84.98,85.050003,60100.0
2018-10-24,84.88,85.26,84.84,85.23,34300.0
2018-10-25,85.080002,85.11,84.82,84.9,34900.0
2018-10-26,85.29,85.79,85.28,85.5,217000.0
2018-10-29,85.029999,85.18,84.91,85.010002,216900.0
2018-10-30,84.67,84.79,84.55,84.57,51800.0
2018-10-31,84.33,84.71,84.3,84.71,51800.0
2018-11-01,84.7,84.85,84.57,84.8,42400.0
2018-11-02,84.59,84.69,84.34,84.43,114800.0
2018-11-05,84.43,84.49,84.38,84.45,146600.0
2018-11-06,84.38,84.39,84.2,84.23,216200.0
2018-11-07,84.34,84.42,84.18,84.19,76100.0
2018-11-08,84.089996,84.099998,83.83,83.84,53800.0
2018-11-09,83.87,84.089996,83.87,83.99,111100.0
2018-11-12,83.95,84.059998,83.92,83.99,84700.0
2018-11-13,83.91,84.019997,83.81,83.99,87600.0
2018-11-14,83.84,84.34,83.84,84.18,200600.0
2018-11-15,84.48,84.49,84.050003,84.14,339600.0
2018-11-16,84.75,84.84,84.62,84.73,389100.0
2018-11-19,84.66,84.99,84.66,84.9,110500.0
2018-11-20,84.96,85.040001,84.67,84.8,87000.0
2018-11-21,84.61,84.63,84.48,84.51,123100.0
2018-11-23,84.78,84.78,84.66,84.68,64300.0
2018-11-26,84.26,84.26,84.07,84.11,97000.0
2018-11-27,84.089996,84.2,83.93,83.98,460600.0
2018-11-28,83.9,84.22,83.79,84.080002,129800.0
2018-11-29,84.29,84.36,84.13,84.27,198500.0
2018-11-30,84.17,84.22,84.010002,84.22,301300.0
2018-12-03,84.15,84.21,84.019997,84.050003,197800.0
2018-12-04,84.65,84.86,84.54,84.68,129500.0
2018-12-06,84.99,85.11,84.73,84.74,277900.0
2018-12-07,84.7,84.85,84.66,84.8,91600.0
2018-12-10,84.56,84.64,84.32,84.32,207800.0
2018-12-11,84.31,84.37,84.18,84.25,99800.0
2018-12-12,84.25,84.43,84.25,84.41,53600.0
2018-12-13,84.12,84.14,84.019997,84.11,144000.0
2018-12-14,84.040001,84.38,84.040001,84.26,90200.0
2018-12-17,84.49,84.77,84.49,84.73,63700.0
2018-12-18,84.87,84.93,84.82,84.85,44400.0
2018-12-19,85.099998,85.22,84.8,84.83,174600.0
2018-12-20,85.6,86.19,85.49,85.87,304400.0
2018-12-21,85.99,86.080002,85.72,85.87,217200.0
2018-12-24,86.44,86.62,86.32,86.55,118600.0
2018-12-26,86.38,86.6,85.73,85.78,208100.0
2018-12-27,86.2,86.44,85.94,86.0,319800.0
2018-12-28,86.56,86.67,86.38,86.63,85500.0
2018-12-31,86.8,87.15,86.78,87.11,196500.0
2019-01-02,87.42,87.65,87.23,87.65,248900.0
2019-01-03,88.55,89.13,88.18,88.82,553700.0
2019-01-04,88.080002,88.35,87.94,88.050003,485200.0
2019-01-07,88.14,88.24,87.81,87.85,179200.0
2019-01-08,87.63,88.050003,87.63,87.8,120100.0
2019-01-09,87.86,88.44,87.86,88.41,423100.0
2019-01-10,88.37,88.46,88.029999,88.07,217800.0
2019-01-11,87.94,88.17,87.94,87.97,150400.0
2019-01-14,88.23,88.35,88.13,88.24,79400.0
2019-01-15,88.099998,88.099998,87.78,87.85,220200.0
2019-01-16,87.77,87.84,87.44,87.61,167500.0
2019-01-17,87.76,87.76,87.29,87.42,315500.0
2019-01-18,87.21,87.28,86.94,87.010002,443800.0
2019-01-22,87.2,87.57,87.2,87.24,332100.0
2019-01-23,86.89,87.27,86.8,87.11,75500.0
2019-01-24,87.16,87.25,87.019997,87.099998,56700.0
2019-01-25,86.92,87.21,86.89,87.19,90100.0
2019-01-28,87.36,87.47,87.28,87.28,69500.0
2019-01-29,87.24,87.41,87.22,87.32,4638100.0
2019-01-30,87.040001,87.73,87.010002,87.66,357600.0
2019-01-31,87.98,87.98,87.63,87.65,238400.0
2019-02-01,87.49,87.56,87.14,87.21,145800.0
2019-02-04,86.73,86.92,86.68,86.85,131800.0
2019-02-05,86.88,86.93,86.8,86.81,133700.0
2019-02-06,86.95,87.029999,86.78,86.81,149000.0
2019-02-07,86.93,87.050003,86.87,86.87,81400.0
2019-02-08,86.97,87.019997,86.9,86.91,60000.0
2019-02-11,86.44,86.51,86.4,86.44,141900.0
2019-02-12,86.49,86.49,86.33,86.38,87300.0
2019-02-13,86.059998,86.15,85.94,85.95,135100.0
2019-02-14,86.35,86.38,86.089996,86.37,379900.0
2019-02-15,86.47,86.49,86.32,86.37,279100.0
2019-02-19,86.26,86.33,86.18,86.24,91500.0
2019-02-20,86.07,86.22,86.029999,86.07,167200.0
2019-02-21,86.2,86.28,86.099998,86.19,63900.0
2019-02-22,86.18,86.29,86.13,86.24,115900.0
2019-02-25,86.16,86.16,85.79,85.9,140000.0
2019-02-26,86.12,86.37,86.040001,86.28,72200.0
2019-02-27,86.17,86.17,85.9,85.94,50500.0
2019-02-28,85.86,85.86,85.54,85.55,82700.0
2019-03-01,85.27,85.42,85.11,85.19,393900.0
2019-03-04,85.21,85.43,85.18,85.37,162100.0
2019-03-05,85.18,85.31,85.050003,85.2,163000.0
2019-03-06,85.33,85.43,85.26,85.34,2182000.0
2019-03-07,85.43,85.59,85.4,85.43,177000.0
2019-03-08,86.050003,86.050003,85.8,85.8,56800.0
2019-03-11,85.86,85.88,85.7,85.72,88400.0
2019-03-12,85.87,85.87,85.67,85.75,102100.0
2019-03-13,85.64,85.9,85.64,85.86,32700.0
2019-03-14,85.44,85.52,85.32,85.34,85800.0
2019-03-15,85.44,85.58,85.44,85.55,19700.0
2019-03-18,85.48,85.68,85.45,85.65,35200.0
2019-03-19,85.55,85.7,85.55,85.61,20800.0
2019-03-20,85.51,86.27,85.5,86.26,112000.0
2019-03-21,86.26,86.26,85.96,86.089996,34200.0
2019-03-22,86.54,86.9,86.48,86.79,204200.0
2019-03-25,86.7,86.9,86.6,86.71,53100.0
2019-03-26,86.34,86.38,86.19,86.25,28800.0
2019-03-27,86.32,86.47,86.3,86.34,85300.0
2019-03-28,86.22,86.28,86.07,86.24,32600.0
2019-03-29,86.089996,86.19,85.96,86.11,65900.0
2019-04-01,85.98,85.99,85.57,85.63,188400.0
2019-04-02,85.65,85.71,85.58,85.6,43800.0
2019-04-03,85.58,85.64,85.52,85.56,121400.0
2019-04-04,85.51,85.53,85.42,85.48,29100.0
2019-04-05,85.37,85.41,85.32,85.38,64500.0
2019-04-08,85.64,85.67,85.5,85.54,15300.0
2019-04-09,85.87,85.92,85.79,85.82,33200.0
2019-04-10,85.81,86.019997,85.81,85.91,76800.0
2019-04-11,85.69,85.69,85.4,85.4,26100.0
2019-04-12,85.18,85.23,85.07,85.14,31600.0
2019-04-15,85.13,85.15,85.089996,85.13,35900.0
2019-04-16,85.14,85.18,85.12,85.13,23800.0
2019-04-17,85.13,85.17,85.029999,85.050003,99200.0
2019-04-18,85.13,85.23,85.12,85.15,112100.0
2019-04-22,85.14,85.18,85.14,85.16,117800.0
2019-04-23,85.12,85.28,85.12,85.25,22900.0
2019-04-24,85.24,85.35,84.81,84.95,213500.0
2019-04-25,85.28,85.61,85.28,85.39,184800.0
2019-04-26,85.39,85.55,85.37,85.39,44200.0
2019-04-29,85.25,85.37,85.2,85.35,37000.0
2019-04-30,85.51,85.68,85.51,85.52,49800.0
2019-05-01,85.6,85.86,85.41,85.52,117000.0
2019-05-02,85.48,85.58,85.43,85.46,17100.0
2019-05-03,85.57,85.81,85.57,85.79,226100.0
2019-05-06,85.97,86.029999,85.9,85.92,252000.0
2019-05-07,86.18,86.49,86.17,86.44,119400.0
2019-05-08,86.52,86.66,86.47,86.59,225400.0
2019-05-09,86.79,87.050003,86.73,86.84,182100.0
2019-05-10,86.91,87.040001,86.61,86.7,112200.0
2019-05-13,87.39,87.41,87.13,87.16,177700.0
2019-05-14,86.99,87.019997,86.86,87.019997,217500.0
2019-05-15,87.22,87.22,86.93,86.98,90000.0
2019-05-16,86.84,86.86,86.69,86.79,88100.0
2019-05-17,86.93,86.94,86.5,86.66,72300.0
2019-05-20,86.71,86.8,86.61,86.65,189200.0
2019-05-21,86.22,86.23,86.13,86.2,167800.0
2019-05-22,86.35,86.46,86.31,86.39,101300.0
2019-05-23,86.61,87.029999,86.6,86.91,203200.0
2019-05-24,86.95,87.19,86.9,87.19,59100.0
2019-05-28,87.13,87.13,86.93,87.12,45200.0
2019-05-29,87.14,87.23,86.85,86.86,149700.0
2019-05-30,86.86,87.019997,86.68,86.98,66300.0
2019-05-31,87.58,87.95,87.52,87.95,308400.0
2019-06-03,87.92,88.3,87.87,88.24,233200.0
2019-06-04,88.059998,88.21,87.92,88.14,172800.0
2019-06-05,88.089996,88.26,87.86,87.92,667500.0
2019-06-06,88.11,88.18,87.8,87.8,68500.0
2019-06-07,88.16,88.28,88.029999,88.07,137300.0
2019-06-10,87.86,87.97,87.73,87.86,35700.0
2019-06-11,87.66,87.86,87.66,87.82,18500.0
2019-06-12,87.82,87.93,87.78,87.79,30000.0
2019-06-13,87.87,88.0,87.8,87.9,76600.0
2019-06-14,87.88,87.98,87.73,87.82,194800.0
2019-06-17,87.8,87.8,87.66,87.74,37900.0
2019-06-18,88.0,88.15,87.66,87.87,255500.0
2019-06-19,87.81,88.26,87.81,88.089996,113000.0
2019-06-20,88.45,88.85,88.41,88.72,130300.0
2019-06-21,88.56,88.74,88.4,88.69,53600.0
2019-06-24,88.64,88.76,88.58,88.71,45500.0
2019-06-25,88.99,89.14,88.68,88.84,31000.0
2019-06-26,88.47,88.5,88.31,88.31,35100.0
2019-06-27,88.3,88.44,88.27,88.36,32100.0
2019-06-28,88.41,88.43,88.28,88.34,79700.0
2019-07-01,87.92,87.98,87.78,87.81,82800.0
2019-07-02,88.029999,88.34,87.98,88.24,93500.0
2019-07-03,88.4,88.46,88.28,88.3,125900.0
2019-07-05,87.88,87.88,87.67,87.77,61400.0
2019-07-08,87.63,87.67,87.53,87.54,48100.0
2019-07-09,87.57,87.58,87.44,87.48,149400.0
2019-07-10,87.76,87.9,87.59,87.83,83700.0
2019-07-11,87.94,87.96,87.75,87.79,95700.0
2019-07-12,88.019997,88.32,88.019997,88.3,73900.0
2019-07-15,88.21,88.29,88.18,88.22,117400.0
2019-07-16,87.99,88.059998,87.88,87.92,28700.0
2019-07-17,87.9,88.16,87.9,88.099998,30400.0
2019-07-18,88.16,88.8,88.16,88.74,273600.0
2019-07-19,88.35,88.46,88.21,88.34,73800.0
2019-07-22,88.23,88.31,88.18,88.24,44900.0
2019-07-23,87.98,88.099998,87.91,87.92,23200.0
2019-07-24,88.11,88.18,87.94,87.95,27500.0
2019-07-25,87.83,87.83,87.54,87.56,26300.0
2019-07-26,87.66,87.66,87.48,87.56,18400.0
2019-07-29,87.56,87.62,87.42,87.51,130800.0
2019-07-30,87.7,87.7,87.59,87.66,23100.0
2019-07-31,87.6,87.74,87.33,87.48,192700.0
2019-08-01,87.73,88.75,87.69,88.71,190900.0
2019-08-02,89.050003,89.37,89.050003,89.27,152600.0
2019-08-05,89.7,89.85,89.62,89.62,142000.0
2019-08-06,89.35,89.58,89.3,89.34,60700.0
2019-08-07,90.07,90.2,89.58,89.62,207200.0
2019-08-08,89.65,89.88,89.59,89.78,252900.0
2019-08-09,90.040001,90.41,89.94,90.14,121900.0
2019-08-12,90.53,90.53,90.3,90.41,123900.0
2019-08-13,90.47,90.47,89.0,89.2,253500.0
2019-08-14,89.87,90.040001,89.73,89.82,168600.0
2019-08-15,89.74,89.96,89.59,89.7,132400.0
2019-08-16,89.53,89.61,89.47,89.56,54600.0
2019-08-19,89.32,89.39,89.24,89.29,28800.0
2019-08-20,89.53,89.63,89.44,89.62,39700.0
2019-08-21,89.46,89.48,89.26,89.28,34700.0
2019-08-22,89.33,89.49,89.33,89.47,76500.0
2019-08-23,89.43,90.42,89.28,90.37,143000.0
2019-08-26,89.78,89.85,89.57,89.69,66800.0
2019-08-27,89.84,90.080002,89.74,90.019997,72500.0
2019-08-28,89.98,90.07,89.63,89.64,50900.0
2019-08-29,89.52,89.55,89.23,89.36,57400.0
2019-08-30,89.59,89.7,89.43,89.55,17200.0
2019-09-03,89.65,89.99,89.55,89.75,72800.0
2019-09-04,89.56,89.67,89.41,89.49,29400.0
2019-09-05,89.080002,89.099998,88.74,88.86,399600.0
2019-09-06,89.11,89.23,88.96,88.97,80900.0
2019-09-09,88.94,88.96,88.74,88.75,41400.0
2019-09-10,88.66,88.77,88.5,88.51,44100.0
2019-09-11,88.28,88.4,88.24,88.24,74200.0
2019-09-12,88.3,88.37,87.95,88.0,70300.0
2019-09-13,88.089996,88.099998,87.95,87.99,62100.0
2019-09-16,88.21,88.21,88.019997,88.040001,24300.0
2019-09-17,87.96,88.019997,87.83,87.96,43200.0
2019-09-18,87.96,88.019997,87.71,87.75,168500.0
2019-09-19,88.050003,88.22,88.029999,88.080002,25700.0
2019-09-20,88.089996,88.46,88.080002,88.42,209200.0
2019-09-23,88.44,88.61,88.44,88.53,139900.0
2019-09-24,88.32,88.94,88.32,88.89,206500.0
2019-09-25,88.52,88.53,88.2,88.25,20500.0
2019-09-26,88.47,88.53,88.11,88.14,20200.0
2019-09-27,87.96,88.22,87.94,88.089996,62100.0
2019-09-30,87.97,88.089996,87.93,87.95,63500.0
2019-10-01,87.8,88.36,87.7,88.29,54700.0
2019-10-02,88.5,88.83,88.5,88.71,158400.0
2019-10-03,88.86,89.3,88.8,88.96,120800.0
2019-10-04,88.99,89.029999,88.79,89.0,30200.0
2019-10-07,88.94,88.94,88.52,88.63,42800.0
2019-10-08,88.93,88.99,88.65,88.77,141600.0
2019-10-09,88.55,88.58,88.39,88.48,51700.0
2019-10-10,88.34,88.34,88.07,88.099998,49000.0
2019-10-11,87.75,87.81,87.55,87.77,188100.0
2019-10-14,87.75,87.82,87.68,87.69,13900.0
2019-10-15,87.67,87.71,87.31,87.35,57300.0
2019-10-16,87.46,87.51,87.37,87.43,17900.0
2019-10-17,87.47,87.63,87.47,87.55,14400.0
2019-10-18,87.63,87.72,87.58,87.69,43000.0
2019-10-21,87.63,87.65,87.49,87.53,39000.0
2019-10-22,87.57,87.67,87.57,87.63,43800.0
2019-10-23,87.57,87.58,87.46,87.46,50000.0
2019-10-24,87.52,87.62,87.47,87.5,63700.0
2019-10-25,87.54,87.57,87.41,87.47,55400.0
2019-10-28,87.33,87.33,87.21,87.24,36100.0
2019-10-29,87.25,87.41,87.22,87.34,45400.0
2019-10-30,87.29,87.42,87.019997,87.33,63600.0
2019-10-31,87.8,88.080002,87.76,88.019997,85300.0
2019-11-01,87.94,88.089996,87.79,87.89,46200.0
2019-11-04,87.46,87.67,87.46,87.53,79200.0
2019-11-05,87.27,87.37,87.010002,87.019997,350500.0
2019-11-06,87.24,87.37,87.11,87.24,71500.0
2019-11-07,87.059998,87.11,86.82,87.0,82900.0
2019-11-08,86.94,87.14,86.92,87.019997,44500.0
2019-11-11,87.25,87.25,87.12,87.14,29500.0
2019-11-12,87.099998,87.26,87.019997,87.22,31800.0
2019-11-13,87.4,87.47,87.33,87.41,162700.0
2019-11-14,87.5,87.87,87.46,87.68,119400.0
2019-11-15,87.39,87.45,87.31,87.35,41600.0
2019-11-18,87.44,87.59,87.44,87.48,38800.0
2019-11-19,87.42,87.62,87.42,87.54,60000.0
2019-11-20,87.5,87.66,87.4,87.53,105900.0
2019-11-21,87.55,87.57,87.46,87.48,25500.0
2019-11-22,87.51,87.51,87.42,87.51,31900.0
2019-11-25,87.26,87.33,87.2,87.23,85800.0
2019-11-26,87.14,87.19,87.080002,87.15,70900.0
2019-11-27,86.95,87.010002,86.71,86.79,85500.0
2019-11-29,86.72,86.86,86.7,86.85,21200.0
2019-12-02,86.74,87.25,86.73,87.25,68000.0
2019-12-03,87.45,87.58,87.42,87.48,64300.0
2019-12-04,87.44,87.44,87.22,87.26,40800.0
2019-12-05,87.23,87.47,87.23,87.35,55800.0
2019-12-06,87.3,87.54,87.3,87.51,30400.0
2019-12-09,87.56,87.59,87.46,87.49,26900.0
2019-12-10,87.47,87.49,87.35,87.37,17200.0
2019-12-11,87.4,87.56,87.39,87.53,64800.0
2019-12-12,87.46,87.46,86.81,86.93,240700.0
2019-12-13,86.92,87.010002,86.71,86.91,46700.0
2019-12-16,86.81,86.83,86.65,86.76,57100.0
2019-12-17,86.68,86.82,86.68,86.78,34500.0
2019-12-18,86.76,86.78,86.69,86.73,63900.0
2019-12-19,86.88,87.029999,86.88,86.95,32500.0
2019-12-20,86.9,86.9,86.76,86.78,30500.0
2019-12-23,86.85,86.9,86.84,86.88,28100.0
2019-12-24,86.9,86.9,86.82,86.85,59900.0
2019-12-26,86.67,86.7,86.63,86.68,47600.0
2019-12-27,86.64,86.89,86.64,86.89,84000.0
2019-12-30,87.21,87.32,87.12,87.31,104500.0
2019-12-31,87.53,87.6,87.34,87.43,37400.0
2020-01-02,87.35,87.8,87.35,87.51,92400.0
2020-01-03,87.85,88.080002,87.78,87.92,118600.0
2020-01-06,87.93,87.93,87.56,87.65,126400.0
2020-01-07,87.58,87.69,87.47,87.51,69100.0
2020-01-08,87.4,87.46,86.99,87.099998,258100.0
2020-01-09,86.73,86.81,86.69,86.8,37500.0
2020-01-10,86.64,86.79,86.64,86.74,91100.0
2020-01-13,86.46,86.5,86.4,86.42,27600.0
2020-01-14,86.34,86.43,86.28,86.41,63700.0
2020-01-15,86.46,86.47,86.37,86.42,52700.0
2020-01-16,86.31,86.33,86.22,86.26,40200.0
2020-01-17,86.18,86.3,86.18,86.24,42900.0
2020-01-21,86.24,86.51,86.24,86.51,120900.0
2020-01-22,86.48,86.48,86.39,86.45,25300.0
2020-01-23,86.71,86.92,86.71,86.74,65000.0
2020-01-24,86.69,86.99,86.69,86.9,73200.0
2020-01-27,87.17,87.2,87.040001,87.19,63100.0
2020-01-28,87.17,87.17,86.95,87.029999,66400.0
2020-01-29,86.99,87.11,86.47,87.050003,48400.0
2020-01-30,87.14,87.44,87.13,87.17,112400.0
2020-01-31,87.26,87.65,87.26,87.64,90600.0
2020-02-03,87.54,87.54,87.21,87.35,119500.0
2020-02-04,86.99,86.99,86.67,86.73,74700.0
2020-02-05,86.49,86.57,86.44,86.48,51900.0
2020-02-06,86.38,86.44,86.33,86.33,62800.0
2020-02-07,86.52,86.68,86.46,86.52,84100.0
2020-02-10,86.55,86.6,86.5,86.53,48900.0
2020-02-11,86.45,86.53,86.37,86.5,20200.0
2020-02-12,86.34,86.34,86.24,86.27,12800.0
2020-02-13,86.49,86.58,86.43,86.5,39800.0
2020-02-14,86.46,86.55,86.46,86.49,63100.0
2020-02-18,86.45,86.46,86.36,86.42,73300.0
2020-02-19,85.76,85.76,85.080002,85.34,321600.0
2020-02-20,84.66,84.96,84.62,84.7,175700.0
2020-02-21,84.77,85.13,84.77,85.010002,213900.0
2020-02-24,85.6,85.99,85.51,85.67,154200.0
2020-02-25,85.78,86.31,85.78,86.15,102900.0
2020-02-26,85.84,86.089996,85.73,85.89,55100.0
2020-02-27,86.31,86.48,86.040001,86.37,146200.0
2020-02-28,87.47,88.27,87.3,87.93,455700.0
2020-03-02,88.0,88.3,87.49,87.5,166500.0
2020-03-03,87.96,88.72,87.95,88.51,246200.0
2020-03-04,88.33,88.55,88.26,88.29,847000.0
2020-03-05,88.8,89.5,88.75,89.48,151100.0
2020-03-06,90.19,90.3,89.79,89.95,238200.0
2020-03-09,93.07,93.23,92.5,92.73,392800.0
2020-03-10,91.0,91.86,89.66,89.97,370500.0
2020-03-11,90.65,91.040001,90.31,90.68,268000.0
2020-03-12,91.19,91.19,89.5,90.11,273200.0
2020-03-13,88.55,88.93,87.47,87.71,229800.0
2020-03-16,89.93,90.11,89.2,89.66,150800.0
2020-03-17,88.74,88.84,87.97,88.14,148300.0
2020-03-18,88.089996,88.089996,87.37,87.79,143800.0
2020-03-19,86.48,86.57,85.51,85.68,605000.0
2020-03-20,85.64,85.77,85.059998,85.31,589100.0
2020-03-23,85.59,85.79,84.98,85.18,335600.0
2020-03-24,85.58,85.58,84.77,85.010002,141800.0
2020-03-25,85.11,85.24,84.83,85.18,190000.0
2020-03-26,86.42,86.78,86.12,86.67,481400.0
2020-03-27,87.17,88.0,87.089996,87.93,310400.0
2020-03-30,87.83,88.050003,87.66,87.95,95400.0
2020-03-31,87.52,88.19,87.52,88.19,61900.0
2020-04-01,88.5,88.67,87.99,88.53,81600.0
2020-04-02,88.4,88.4,87.73,87.8,74700.0
2020-04-03,87.45,87.52,86.95,87.48,224100.0
2020-04-06,86.95,87.029999,86.8,86.85,43200.0
2020-04-07,87.010002,87.26,86.94,87.18,836000.0
2020-04-08,87.14,87.5,87.14,87.14,110700.0
2020-04-09,87.22,87.65,87.16,87.6,64100.0
2020-04-13,87.89,88.2,87.84,88.099998,69500.0
2020-04-14,88.33,88.64,88.31,88.5,91100.0
2020-04-15,87.97,88.4,87.89,88.11,106200.0
2020-04-16,88.13,88.48,87.99,88.019997,73900.0
2020-04-17,88.29,88.34,88.080002,88.29,74400.0
2020-04-20,87.97,88.080002,87.94,87.95,179100.0
2020-04-21,88.010002,88.17,87.87,87.98,120400.0
2020-04-22,87.97,88.050003,87.88,88.019997,40500.0
2020-04-23,88.24,88.26,87.89,88.099998,126000.0
2020-04-24,88.17,88.3,88.15,88.26,19100.0
2020-04-27,88.61,88.61,88.35,88.35,40000.0
2020-04-28,88.93,88.93,88.63,88.73,50400.0
2020-04-29,88.86,88.98,88.81,88.94,38500.0
2020-04-30,88.91,89.019997,88.23,88.31,65500.0
2020-05-01,88.86,88.86,88.55,88.71,45800.0
2020-05-04,88.67,88.87,88.52,88.82,24900.0
2020-05-05,88.91,89.040001,88.87,88.99,31800.0
2020-05-06,89.3,89.44,89.25,89.33,50200.0
2020-05-07,89.050003,89.21,88.87,89.17,33900.0
2020-05-08,88.88,89.080002,88.81,88.81,41900.0
2020-05-11,88.25,88.29,88.0,88.080002,283200.0
2020-05-12,88.28,88.45,88.28,88.37,1172100.0
2020-05-13,88.53,88.64,88.44,88.52,190900.0
2020-05-14,88.53,88.65,88.25,88.26,27300.0
2020-05-15,88.58,88.6,88.24,88.35,44900.0
2020-05-18,88.23,88.39,88.14,88.28,37800.0
2020-05-19,87.75,87.96,87.73,87.94,51300.0
2020-05-20,88.099998,88.26,88.080002,88.099998,29300.0
2020-05-21,88.0,88.089996,87.87,88.080002,34900.0
2020-05-22,88.029999,88.15,88.0,88.029999,29200.0
2020-05-26,88.059998,88.13,87.98,88.13,26400.0
2020-05-27,87.89,87.99,87.82,87.9,112100.0
2020-05-28,87.92,88.050003,87.88,88.0,48000.0
2020-05-29,88.22,88.22,87.8,87.83,58500.0
2020-06-01,87.95,88.089996,87.91,88.059998,59700.0
2020-06-02,87.4,87.49,87.089996,87.14,46100.0
2020-06-03,87.13,87.19,86.91,86.97,78400.0
2020-06-04,87.14,87.15,86.78,86.78,284700.0
2020-06-05,86.42,86.45,86.25,86.4,83600.0
2020-06-08,86.8,87.51,86.79,87.39,98700.0
2020-06-09,87.75,88.010002,87.73,87.92,53600.0
2020-06-10,88.26,88.52,88.22,88.41,136000.0
2020-06-11,88.6,88.86,88.56,88.6,87600.0
2020-06-12,88.24,88.31,88.080002,88.21,99300.0
2020-06-15,88.17,88.3,88.099998,88.25,27800.0
2020-06-16,88.12,88.29,87.99,88.25,42800.0
2020-06-17,88.28,88.52,88.25,88.51,68400.0
2020-06-18,88.71,88.76,88.46,88.47,150500.0
2020-06-19,88.56,88.68,88.47,88.68,113300.0
2020-06-22,88.61,88.66,88.53,88.54,38600.0
2020-06-23,89.059998,89.24,88.88,88.89,46100.0
2020-06-24,88.7,88.74,88.48,88.49,51300.0
2020-06-25,88.28,88.38,88.25,88.37,35600.0
2020-06-26,88.39,88.42,88.21,88.35,54200.0
2020-06-29,88.14,88.14,87.78,87.99,221700.0
2020-06-30,87.98,88.07,87.7,87.71,56900.0
2020-07-01,88.050003,88.15,88.0,88.099998,196500.0
2020-07-02,88.0,88.11,87.97,88.080002,42900.0
2020-07-06,88.089996,88.26,88.029999,88.17,31400.0
2020-07-07,87.97,88.07,87.95,88.029999,170100.0
2020-07-08,88.080002,88.35,88.059998,88.31,75400.0
2020-07-09,88.29,88.42,88.26,88.34,32800.0
2020-07-10,88.73,88.79,88.54,88.55,67700.0
2020-07-13,88.32,88.37,88.24,88.3,27100.0
2020-07-14,88.19,88.35,88.19,88.27,18600.0
2020-07-15,88.72,88.77,88.53,88.56,29200.0
2020-07-16,88.36,88.45,88.17,88.21,38400.0
2020-07-17,88.34,88.55,88.31,88.55,46000.0
2020-07-20,88.42,88.47,88.21,88.23,23400.0
2020-07-21,88.38,88.73,88.38,88.65,40400.0
2020-07-22,88.4,88.4,88.25,88.37,27800.0
2020-07-23,88.38,88.74,88.37,88.63,34100.0
2020-07-24,89.27,89.58,89.27,89.35,130500.0
2020-07-27,89.81,90.059998,89.8,89.82,99800.0
2020-07-28,90.050003,90.21,90.010002,90.11,74100.0
2020-07-29,90.14,90.32,90.050003,90.15,60100.0
2020-07-30,90.14,90.4,90.050003,90.4,63100.0
2020-07-31,89.78,89.79,89.29,89.43,127300.0
2020-08-03,89.010002,89.37,88.93,89.36,83500.0
2020-08-04,89.22,89.64,89.21,89.63,199800.0
2020-08-05,89.72,89.88,89.61,89.63,141600.0
2020-08-06,89.78,89.88,89.58,89.73,123600.0
2020-08-07,89.52,89.52,89.3,89.34,44300.0
2020-08-10,89.34,89.5,89.3,89.3,54100.0
2020-08-11,89.13,89.13,88.71,88.85,68600.0
2020-08-12,88.66,88.7,88.48,88.59,210200.0
2020-08-13,88.52,88.66,88.43,88.53,39200.0
2020-08-14,88.79,88.94,88.78,88.82,97000.0
2020-08-17,89.11,89.32,89.11,89.28,153000.0
2020-08-18,89.79,89.88,89.71,89.78,68100.0
2020-08-19,89.75,89.83,89.18,89.23,161900.0
2020-08-20,89.31,89.46,89.27,89.44,98100.0
2020-08-21,89.49,89.49,89.24,89.41,135100.0
2020-08-24,89.39,89.5,89.25,89.25,23300.0
2020-08-25,88.98,89.0,88.79,88.92,28100.0
2020-08-26,89.0,89.28,89.0,89.25,17600.0
2020-08-27,89.45,89.45,88.67,88.73,49900.0
2020-08-28,89.73,89.87,89.67,89.74,82800.0
2020-08-31,89.24,89.41,89.18,89.31,26500.0
2020-09-01,89.37,89.37,89.11,89.31,34800.0
2020-09-02,89.07,89.15,88.97,89.07,27200.0
2020-09-03,88.99,89.23,88.9,89.13,43100.0
2020-09-04,88.9,89.099998,88.82,89.050003,68200.0
2020-09-08,89.26,89.33,89.15,89.16,18900.0
2020-09-09,89.11,89.12,89.010002,89.080002,39000.0
2020-09-10,89.19,89.19,89.059998,89.15,20600.0
2020-09-11,89.089996,89.19,89.050003,89.17,45900.0
2020-09-14,89.37,89.61,89.37,89.49,24500.0
2020-09-15,89.77,89.82,89.62,89.7,25300.0
2020-09-16,90.099998,90.23,90.010002,90.040001,66300.0
2020-09-17,90.4,90.41,90.21,90.37,42000.0
2020-09-18,90.49,90.68,90.37,90.42,74900.0
2020-09-21,90.57,90.57,90.18,90.29,55000.0
2020-09-22,90.37,90.37,89.99,90.13,71000.0
2020-09-23,89.88,89.92,89.62,89.74,21300.0
2020-09-24,89.74,89.75,89.63,89.7,36100.0
2020-09-25,89.64,89.64,89.49,89.53,11300.0
2020-09-28,89.64,89.67,89.5,89.67,23300.0
2020-09-29,89.57,89.57,89.46,89.5,20300.0
2020-09-30,89.48,89.67,89.42,89.62,24300.0
2020-10-01,89.45,89.61,89.45,89.59,19300.0
2020-10-02,89.78,89.83,89.7,89.7,32100.0
2020-10-05,89.58,89.58,89.37,89.4,22300.0
2020-10-06,89.5,89.6,89.47,89.57,27900.0
2020-10-07,89.27,89.27,89.11,89.15,36600.0
2020-10-08,89.21,89.24,89.16,89.2,35200.0
2020-10-09,89.35,89.56,89.33,89.56,24800.0
2020-10-12,89.77,89.83,89.71,89.76,25700.0
2020-10-13,89.55,89.67,89.52,89.63,28300.0
2020-10-14,89.87,89.99,89.85,89.98,14500.0
2020-10-15,89.82,89.84,89.63,89.68,17700.0
2020-10-16,89.77,89.77,89.64,89.66,50400.0
2020-10-19,89.71,89.72,89.63,89.68,19100.0
2020-10-20,89.43,89.68,89.43,89.63,23500.0
2020-10-21,90.34,90.57,90.34,90.4,38000.0
2020-10-22,90.38,90.38,90.11,90.12,28500.0
2020-10-23,90.25,90.3,90.18,90.3,24400.0
2020-10-26,90.019997,90.18,90.019997,90.13,52800.0
2020-10-27,90.36,90.55,90.34,90.45,44000.0
2020-10-28,90.61,90.69,90.57,90.57,22100.0
2020-10-29,90.62,90.64,90.25,90.37,43600.0
2020-10-30,90.39,90.5,90.27,90.29,78200.0
2020-11-02,90.24,90.25,90.13,90.21,26000.0
2020-11-03,90.35,90.48,90.29,90.36,22300.0
2020-11-04,90.38,90.64,90.37,90.43,17100.0
2020-11-05,91.040001,91.37,91.040001,91.27,315900.0
2020-11-06,91.35,91.54,91.13,91.47,73000.0
2020-11-09,90.15,90.15,89.44,89.69,71000.0
2020-11-10,89.74,89.82,89.65,89.72,91300.0
2020-11-11,89.55,89.67,89.44,89.67,66700.0
2020-11-12,89.81,89.95,89.79,89.87,40400.0
2020-11-13,90.21,90.36,90.18,90.31,138400.0
2020-11-16,90.2,90.42,90.2,90.39,40600.0
2020-11-17,90.66,90.76,90.63,90.66,60900.0
2020-11-18,90.92,91.13,90.92,90.98,35200.0
2020-11-19,90.83,91.089996,90.81,91.07,14300.0
2020-11-20,91.0,91.11,90.98,91.019997,22200.0
2020-11-23,91.040001,91.07,90.35,90.37,43700.0
2020-11-24,90.31,90.5,90.22,90.49,84700.0
2020-11-25,90.45,90.59,90.45,90.5,27400.0
2020-11-27,90.68,90.87,90.68,90.84,19600.0
2020-11-30,90.68,90.79,90.48,90.5,54100.0
2020-12-01,90.48,90.59,90.33,90.58,32700.0
2020-12-02,90.41,90.46,90.33,90.42,21600.0
2020-12-03,90.92,91.13,90.85,90.96,50000.0
2020-12-04,90.9,90.92,90.65,90.68,264300.0
2020-12-07,90.8,90.87,90.75,90.76,52800.0
2020-12-08,90.79,90.79,90.63,90.65,18000.0
2020-12-09,90.68,90.68,90.47,90.63,27500.0
2020-12-10,90.61,90.67,90.47,90.62,13200.0
2020-12-11,90.74,90.94,90.74,90.77,14600.0
2020-12-14,91.11,91.19,90.74,90.81,19300.0
2020-12-15,90.94,91.12,90.94,91.12,21200.0
2020-12-16,91.13,91.31,90.91,91.24,25400.0
2020-12-17,91.68,91.78,91.57,91.58,54000.0
2020-12-18,91.42,91.44,91.28,91.4,19100.0
2020-12-21,91.26,91.4,91.099998,91.37,57400.0
2020-12-22,91.22,91.22,91.040001,91.099998,23800.0
2020-12-23,91.24,91.34,91.11,91.25,18700.0
2020-12-24,91.099998,91.13,91.050003,91.089996,23100.0
2020-12-28,91.12,91.12,90.89,90.92,26800.0
2020-12-29,91.07,91.24,91.07,91.19,40500.0
2020-12-30,91.55,91.66,91.37,91.45,44900.0
2020-12-31,91.65,91.65,91.41,91.46,25400.0
2021-01-04,91.67,91.67,91.47,91.54,139400.0
2021-01-05,91.82,92.010002,91.75,91.92,43500.0
2021-01-06,91.5,91.7,91.25,91.65,55800.0
2021-01-07,91.019997,91.019997,90.82,90.94,48100.0
2021-01-08,90.99,91.050003,90.74,90.82,65500.0
2021-01-11,90.55,90.68,90.43,90.62,36300.0
2021-01-12,90.57,91.010002,90.55,91.010002,51400.0
2021-01-13,90.86,90.99,90.82,90.87,84000.0
2021-01-14,90.77,91.14,90.67,91.019997,30700.0
2021-01-15,90.98,91.0,90.86,90.9,46500.0
2021-01-19,90.86,90.9,90.72,90.88,47000.0
2021-01-20,90.99,91.21,90.96,91.17,23500.0
2021-01-21,91.15,91.23,91.080002,91.22,19300.0
2021-01-22,90.92,90.99,90.88,90.89,47100.0
2021-01-25,90.95,90.97,90.81,90.95,29000.0
2021-01-26,91.050003,91.13,91.040001,91.12,23200.0
2021-01-27,90.74,90.75,90.58,90.58,28200.0
2021-01-28,90.46,90.6,90.45,90.52,102000.0
2021-01-29,90.099998,90.19,90.029999,90.080002,59100.0
2021-02-01,89.98,89.98,89.87,89.9,27900.0
2021-02-02,89.87,89.87,89.76,89.84,16300.0
2021-02-03,89.81,89.88,89.81,89.84,37700.0
2021-02-04,89.55,89.57,89.38,89.4,25200.0
2021-02-05,89.4,89.58,89.39,89.53,73400.0
2021-02-08,89.55,89.72,89.54,89.69,38400.0
2021-02-09,90.13,90.26,90.13,90.24,14100.0
2021-02-10,90.2,90.22,90.13,90.19,13200.0
2021-02-11,90.089996,90.14,90.040001,90.099998,23000.0
2021-02-12,89.76,89.92,89.76,89.91,95000.0
2021-02-16,89.2,89.28,89.029999,89.080002,54800.0
2021-02-17,89.019997,89.16,89.019997,89.089996,56600.0
2021-02-18,89.19,89.31,89.099998,89.29,15900.0
2021-02-19,89.39,89.48,89.28,89.47,72200.0
2021-02-22,89.51,89.86,89.49,89.77,54400.0
2021-02-23,89.54,89.77,89.51,89.61,32000.0
2021-02-24,89.0,89.12,88.91,89.11,72500.0
2021-02-25,88.85,88.96,88.67,88.75,63000.0
2021-02-26,88.64,88.67,88.41,88.5,57700.0
2021-03-01,88.45,88.57,88.24,88.35,54700.0
2021-03-02,88.29,88.39,88.27,88.37,24300.0
2021-03-03,88.16,88.24,88.029999,88.15,32600.0
2021-03-04,87.75,87.83,87.37,87.41,60400.0
2021-03-05,87.099998,87.22,87.0,87.059998,88500.0
2021-03-08,86.76,86.76,86.57,86.6,141700.0
2021-03-09,86.76,86.97,86.64,86.94,434100.0
2021-03-10,87.0,87.019997,86.8,87.019997,86200.0
2021-03-11,86.77,87.019997,86.75,86.96,41300.0
2021-03-12,86.48,86.65,86.42,86.53,77700.0
2021-03-15,86.33,86.47,86.32,86.43,12300.0
2021-03-16,86.63,86.67,86.47,86.54,42000.0
2021-03-17,86.37,86.69,86.28,86.63,35300.0
2021-03-18,86.32,86.65,86.32,86.62,20300.0
2021-03-19,86.49,86.65,86.48,86.58,23600.0
2021-03-22,86.66,86.76,86.65,86.68,33100.0
2021-03-23,86.79,86.85,86.71,86.85,32100.0
2021-03-24,86.6,86.77,86.54,86.76,19500.0
2021-03-25,86.47,86.47,86.31,86.41,38400.0
2021-03-26,85.92,86.040001,85.87,86.0,23900.0
2021-03-29,85.95,85.96,85.84,85.87,28300.0
2021-03-30,85.44,85.56,85.4,85.45,52100.0
2021-03-31,85.099998,85.38,85.089996,85.16,71800.0
2021-04-01,85.25,85.28,85.14,85.22,62700.0
2021-04-05,85.36,85.71,85.36,85.57,77400.0
2021-04-06,85.85,85.93,85.76,85.83,44200.0
2021-04-07,85.88,85.97,85.76,85.88,65700.0
2021-04-08,86.37,86.45,86.22,86.26,65200.0
2021-04-09,85.85,86.010002,85.8,85.97,612500.0
2021-04-12,86.18,86.18,86.089996,86.11,49400.0
2021-04-13,86.25,86.46,86.2,86.43,42500.0
2021-04-14,86.45,86.52,86.4,86.52,32500.0
2021-04-15,86.66,86.75,86.63,86.7,19900.0
2021-04-16,86.55,86.64,86.55,86.6,59900.0
2021-04-19,87.029999,87.23,87.019997,87.089996,30800.0
2021-04-20,86.92,87.23,86.92,87.19,31600.0
2021-04-21,87.22,87.22,87.12,87.2,6700.0
2021-04-22,87.16,87.29,87.080002,87.23,20800.0
2021-04-23,87.53,87.58,87.14,87.32,20400.0
2021-04-26,87.24,87.29,87.099998,87.12,29500.0
2021-04-27,86.91,86.96,86.63,86.64,28100.0
2021-04-28,86.53,86.78,86.5,86.76,18900.0
2021-04-29,86.34,86.57,86.27,86.54,33800.0
2021-04-30,86.48,86.49,86.17,86.2,46300.0
2021-05-03,86.3,86.5,86.29,86.35,29900.0
2021-05-04,86.26,86.31,86.13,86.17,41900.0
2021-05-05,86.24,86.27,86.19,86.26,10100.0
2021-05-06,86.18,86.41,86.18,86.38,32000.0
2021-05-07,86.65,86.83,86.59,86.76,54700.0
2021-05-10,86.64,86.67,86.52,86.6,77500.0
2021-05-11,86.82,86.86,86.68,86.7,35100.0
2021-05-12,86.32,86.32,85.94,85.96,35400.0
2021-05-13,85.92,86.099998,85.92,86.099998,17600.0
2021-05-14,86.15,86.21,86.07,86.2,124700.0
2021-05-17,86.26,86.34,86.23,86.29,19000.0
2021-05-18,86.49,86.53,86.41,86.48,22400.0
2021-05-19,86.47,86.74,86.2,86.26,31200.0
2021-05-20,86.47,86.6,86.47,86.58,19800.0
2021-05-21,86.62,86.62,86.41,86.49,23500.0
2021-05-24,86.57,86.6,86.55,86.56,18800.0
2021-05-25,86.36,86.64,86.36,86.63,13400.0
2021-05-26,86.49,86.49,86.27,86.31,35700.0
2021-05-27,86.029999,86.040001,85.71,85.77,24100.0
2021-05-28,85.53,85.8,85.52,85.76,59700.0
2021-06-01,85.98,86.099998,85.94,86.019997,19900.0
2021-06-02,85.82,85.97,85.82,85.96,8900.0
2021-06-03,85.61,85.61,85.37,85.4,46400.0
2021-06-04,85.92,86.099998,85.9,86.0,82600.0
2021-06-07,86.12,86.23,86.12,86.18,27000.0
2021-06-08,86.059998,86.089996,85.98,86.029999,13400.0
2021-06-09,86.19,86.19,85.88,85.91,24500.0
2021-06-10,85.84,86.13,85.84,86.12,26000.0
2021-06-11,85.86,85.87,85.73,85.87,47200.0
2021-06-14,85.76,85.76,85.52,85.56,17600.0
2021-06-15,85.57,85.57,85.48,85.55,4500.0
2021-06-16,85.67,85.7,85.089996,85.089996,33400.0
2021-06-17,85.26,85.43,85.24,85.41,27400.0
2021-06-18,85.25,85.5,85.25,85.45,24800.0
2021-06-21,85.41,85.45,85.32,85.35,15700.0
2021-06-22,85.019997,85.12,84.97,85.12,11800.0
2021-06-23,84.89,85.019997,84.79,84.81,18200.0
2021-06-24,84.97,85.029999,84.89,84.91,9800.0
2021-06-25,85.15,85.19,84.9,85.010002,27200.0
2021-06-28,84.94,85.19,84.89,85.13,296300.0
2021-06-29,85.2,85.24,85.14,85.2,32500.0
2021-06-30,85.099998,85.099998,84.71,84.73,65300.0
2021-07-01,84.51,84.52,84.31,84.37,21400.0
2021-07-02,84.52,84.84,84.52,84.76,11400.0
2021-07-06,84.93,85.13,84.93,85.099998,15100.0
2021-07-07,85.040001,85.14,84.96,85.12,27300.0
2021-07-08,85.79,85.92,85.67,85.77,30900.0
2021-07-09,85.61,85.61,85.41,85.5,12300.0
2021-07-12,85.43,85.44,85.29,85.32,97200.0
2021-07-13,85.24,85.33,85.07,85.12,10900.0
2021-07-14,85.5,85.64,85.5,85.63,25700.0
2021-07-15,85.61,85.74,85.53,85.71,25900.0
2021-07-16,85.37,85.56,85.37,85.55,80600.0
2021-07-19,86.099998,86.3,85.92,85.99,32700.0
2021-07-20,85.94,85.95,85.58,85.73,53100.0
2021-07-21,85.35,85.37,85.29,85.36,37400.0
2021-07-22,85.44,85.47,85.39,85.45,18800.0
2021-07-23,85.15,85.17,85.099998,85.11,53800.0
2021-07-26,85.2,85.32,85.2,85.25,5800.0
2021-07-27,85.64,85.84,85.61,85.8,10500.0
2021-07-28,85.44,85.68,85.36,85.68,23800.0
2021-07-29,85.74,85.99,85.74,85.95,12900.0
2021-07-30,85.76,85.8,85.67,85.79,57300.0
2021-08-02,85.99,86.17,85.93,86.11,19300.0
2021-08-03,86.35,86.41,86.2,86.3,12400.0
2021-08-04,86.52,86.52,85.81,85.98,14200.0
2021-08-05,85.77,85.78,85.7,85.75,14700.0
2021-08-06,85.4,85.4,85.25,85.38,29900.0
2021-08-09,85.39,85.39,85.28,85.3,6600.0
2021-08-10,85.12,85.12,85.059998,85.07,13500.0
2021-08-11,85.2,85.26,85.12,85.19,22600.0
2021-08-12,85.16,85.25,85.12,85.21,6200.0
2021-08-13,85.41,85.89,85.41,85.85,60300.0
2021-08-16,86.16,86.21,86.099998,86.14,21100.0
2021-08-17,85.95,85.98,85.79,85.88,19000.0
2021-08-18,85.63,85.71,85.5,85.71,23500.0
2021-08-19,85.67,85.75,85.65,85.66,19500.0
2021-08-20,85.69,85.71,85.62,85.71,48300.0
2021-08-23,85.67,85.79,85.62,85.76,12500.0
2021-08-24,85.84,85.87,85.75,85.76,18000.0
2021-08-25,85.56,85.56,85.41,85.5,14300.0
2021-08-26,85.41,85.55,85.37,85.52,18300.0
2021-08-27,85.35,85.69,85.31,85.68,19500.0
2021-08-30,85.59,85.64,85.57,85.61,23700.0
2021-08-31,85.75,85.8,85.47,85.5,9100.0
2021-09-01,85.58,85.58,85.47,85.52,9700.0
2021-09-02,85.51,85.56,85.49,85.53,15800.0
2021-09-03,85.73,85.79,85.72,85.76,77400.0
2021-09-07,85.4,85.42,85.26,85.26,15500.0
2021-09-08,85.31,85.36,85.22,85.32,16300.0
2021-09-09,85.65,85.78,85.57,85.74,30900.0
2021-09-10,85.55,85.6,85.51,85.56,42100.0
2021-09-13,85.45,85.52,85.41,85.44,15300.0
2021-09-14,85.6,85.8,85.56,85.78,68900.0
2021-09-15,86.07,86.099998,85.92,85.99,55800.0
2021-09-16,85.63,85.75,85.61,85.68,32200.0
2021-09-17,85.41,85.55,85.41,85.45,52800.0
2021-09-20,85.78,85.97,85.73,85.97,46400.0
2021-09-21,86.040001,86.089996,85.97,86.059998,155000.0
2021-09-22,85.77,85.82,85.51,85.64,17300.0
2021-09-23,85.4,85.4,85.21,85.22,25100.0
2021-09-24,84.95,84.96,84.82,84.84,87300.0
2021-09-27,84.76,84.82,84.62,84.64,19100.0
2021-09-28,84.37,84.43,84.2,84.28,31800.0
2021-09-29,84.23,84.23,83.88,83.92,22100.0
2021-09-30,84.019997,84.46,84.019997,84.46,12800.0
2021-10-01,84.61,84.71,84.57,84.61,36500.0
2021-10-04,84.52,84.75,84.47,84.71,29800.0
2021-10-05,84.34,84.38,84.24,84.28,52300.0
2021-10-06,84.33,84.5,84.28,84.35,28800.0
2021-10-07,84.28,84.31,84.16,84.19,6900.0
2021-10-08,84.07,84.07,83.7,83.71,63100.0
2021-10-11,83.11,83.12,82.85,82.89,28800.0
2021-10-12,82.64,82.82,82.61,82.69,56200.0
2021-10-13,82.88,82.96,82.78,82.95,46100.0
2021-10-14,82.74,82.8,82.63,82.7,34300.0
2021-10-15,82.16,82.41,82.11,82.31,77200.0
2021-10-18,82.26,82.28,82.17,82.17,8600.0
2021-10-19,82.25,82.28,82.15,82.15,60200.0
2021-10-20,82.15,82.32,82.15,82.24,23200.0
2021-10-21,82.53,82.62,82.38,82.38,20900.0
2021-10-22,82.54,82.84,82.51,82.84,25800.0
2021-10-25,82.63,82.67,82.6,82.64,22400.0
2021-10-26,82.32,82.33,82.2,82.33,37800.0
2021-10-27,82.67,82.83,82.54,82.56,70300.0
2021-10-28,82.77,82.95,82.72,82.75,21800.0
2021-10-29,82.46,82.6,82.35,82.46,54400.0
2021-11-01,82.27,82.45,82.25,82.38,17700.0
2021-11-02,82.57,82.64,82.44,82.44,32800.0
2021-11-03,82.48,82.51,82.31,82.38,32700.0
2021-11-04,82.5,82.72,82.45,82.63,56200.0
2021-11-05,82.63,82.9,82.63,82.9,23700.0
2021-11-08,83.040001,83.07,82.92,82.97,18000.0
2021-11-09,83.24,83.26,83.15,83.25,18300.0
2021-11-10,82.89,82.89,82.4,82.45,27300.0
2021-11-11,82.5,82.5,82.34,82.34,14700.0
2021-11-12,82.44,82.53,82.4,82.4,93900.0
2021-11-15,82.43,82.43,82.24,82.28,17300.0
2021-11-16,82.010002,82.029999,81.77,81.78,63600.0
2021-11-17,81.91,82.42,81.91,82.28,16900.0
2021-11-18,82.089996,82.24,82.089996,82.21,11800.0
2021-11-19,82.4,82.55,82.35,82.42,52200.0
2021-11-22,81.9,81.99,81.71,81.8,58900.0
2021-11-23,81.65,81.7,81.58,81.58,14800.0
2021-11-24,81.42,81.47,81.33,81.38,26200.0
2021-11-26,82.55,83.07,82.55,83.07,39200.0
2021-11-29,82.52,82.63,82.43,82.6,28200.0
2021-11-30,83.27,83.44,82.7,83.099998,24300.0
2021-12-01,83.040001,83.3,83.040001,83.26,22900.0
2021-12-02,83.16,83.2,82.94,83.0,4100.0
2021-12-03,82.67,83.38,82.67,83.29,38400.0
2021-12-06,82.99,82.99,82.68,82.71,34800.0
2021-12-07,82.58,82.73,82.58,82.71,6500.0
2021-12-08,82.44,82.64,82.4,82.61,27100.0
2021-12-09,82.8,82.83,82.64,82.79,148900.0
2021-12-10,82.73,82.91,82.73,82.75,42600.0
2021-12-13,82.66,82.8,82.61,82.61,24100.0
2021-12-14,82.66,82.66,82.51,82.54,30200.0
2021-12-15,82.48,82.51,82.19,82.32,9000.0
2021-12-16,82.37,82.65,82.37,82.59,17300.0
2021-12-17,82.87,82.87,82.5,82.54,17900.0
2021-12-20,82.66,82.82,82.5,82.54,227700.0
2021-12-21,82.41,82.43,82.18,82.23,35900.0
2021-12-22,82.15,82.25,82.080002,82.23,27600.0
2021-12-23,82.040001,82.040001,81.51,82.010002,16800.0
2021-12-27,81.8,81.8,81.64,81.65,13500.0
2021-12-28,81.72,81.76,81.68,81.7,44600.0
2021-12-29,81.71,81.75,81.57,81.58,20800.0
2021-12-30,81.58,81.58,81.43,81.52,92600.0
2021-12-31,81.49,81.56,81.48,81.49,14800.0
2022-01-03,81.46,81.46,81.3,81.3,21400.0
2022-01-04,80.71,80.85,80.68,80.83,71500.0
2022-01-05,81.07,81.099998,80.8,80.83,24300.0
2022-01-06,81.010002,81.11,80.94,80.97,24100.0
2022-01-07,81.080002,81.27,81.059998,81.22,356500.0
2022-01-10,81.35,81.57,81.35,81.44,56000.0
2022-01-11,81.17,81.44,81.17,81.44,36100.0
2022-01-12,81.5,82.040001,81.5,81.91,20700.0
2022-01-13,82.13,82.3,82.059998,82.2,71900.0
2022-01-14,82.58,82.58,82.15,82.15,105800.0
2022-01-18,81.92,81.95,81.86,81.89,20000.0
2022-01-19,81.96,82.18,81.96,82.089996,35400.0
2022-01-20,82.19,82.31,82.12,82.15,78900.0
2022-01-21,82.52,82.58,82.42,82.57,58900.0
2022-01-24,82.51,82.55,82.3,82.34,46800.0
2022-01-25,82.36,82.43,82.35,82.4,36100.0
2022-01-26,82.059998,82.12,81.85,81.85,55600.0
2022-01-27,81.29,81.45,81.24,81.3,48300.0
2022-01-28,81.37,81.48,81.29,81.37,118000.0
2022-01-31,81.3,81.58,81.26,81.44,192000.0
2022-02-01,81.76,81.79,81.63,81.75,42500.0
2022-02-02,82.0,82.12,81.95,81.96,10600.0
2022-02-03,81.68,81.74,81.57,81.58,32200.0
2022-02-04,81.39,81.43,81.27,81.42,21800.0
2022-02-07,81.51,81.57,81.46,81.49,7200.0
2022-02-08,81.23,81.23,81.13,81.21,25000.0
2022-02-09,81.23,81.28,81.16,81.21,5300.0
2022-02-10,80.69,80.97,80.62,80.78,49600.0
2022-02-11,80.91,81.48,80.87,81.31,17800.0
2022-02-14,81.15,81.26,81.07,81.07,11300.0
2022-02-15,81.040001,81.11,81.010002,81.099998,10400.0
2022-02-16,81.21,81.25,81.13,81.2,23100.0
2022-02-17,81.6,81.61,81.48,81.61,23700.0
2022-02-18,81.51,81.53,81.41,81.43,57600.0
2022-02-22,81.4,81.61,81.35,81.45,34800.0
2022-02-23,81.42,81.57,81.39,81.53,22800.0
2022-02-24,81.59,81.59,81.059998,81.14,78000.0
2022-02-25,81.16,81.17,81.019997,81.15,5500.0
2022-02-28,81.27,81.62,81.27,81.57,162700.0
2022-03-01,81.62,81.75,81.59,81.68,37700.0
2022-03-02,81.24,81.24,81.050003,81.18,35500.0
2022-03-03,81.099998,81.26,81.050003,81.2,73700.0
2022-03-04,81.21,81.76,81.21,81.68,26800.0
2022-03-07,81.41,81.41,81.2,81.35,25300.0
2022-03-08,81.019997,81.22,81.019997,81.040001,24400.0
2022-03-09,81.0,81.040001,80.91,80.97,14800.0
2022-03-10,80.78,80.84,80.69,80.78,17500.0
2022-03-11,80.18,80.22,79.89,80.0,40800.0
2022-03-14,79.44,79.54,79.33,79.34,63000.0
2022-03-15,79.35,79.49,79.19,79.28,14700.0
2022-03-16,79.3,79.3,78.71,79.040001,46000.0
2022-03-17,78.94,79.18,78.89,78.99,19200.0
2022-03-18,78.57,78.74,78.54,78.72,30500.0
2022-03-21,78.69,78.7,78.48,78.48,81200.0
2022-03-22,77.78,77.81,77.6,77.6,59900.0
2022-03-23,77.72,77.72,77.39,77.42,32500.0
2022-03-24,76.95,76.95,76.59,76.65,43000.0
2022-03-25,76.78,76.93,76.69,76.72,39900.0
2022-03-28,75.74,76.029999,75.63,75.69,78000.0
2022-03-29,76.34,76.74,76.22,76.26,46600.0
2022-03-30,76.82,77.019997,76.8,76.94,79500.0
2022-03-31,77.0,77.2,76.92,76.94,60000.0
2022-04-01,76.21,76.5,76.14,76.44,39400.0
2022-04-04,76.38,76.38,76.23,76.3,32700.0
2022-04-05,76.25,76.32,75.74,75.78,48400.0
2022-04-06,75.64,75.72,75.6,75.71,25900.0
2022-04-07,75.66,75.69,75.55,75.62,20100.0
2022-04-08,75.23,75.39,75.18,75.34,45200.0
2022-04-11,74.64,74.74,74.54,74.74,39600.0
2022-04-12,74.94,74.94,74.75,74.78,38000.0
2022-04-13,74.44,74.68,74.43,74.57,26100.0
2022-04-14,74.63,74.63,74.37,74.42,44400.0
2022-04-18,74.4,74.4,73.79,73.8,133000.0
2022-04-19,72.86,72.9,72.65,72.69,159100.0
2022-04-20,73.27,73.47,73.2,73.37,90300.0
2022-04-21,73.07,73.13,72.79,73.010002,103000.0
2022-04-22,72.93,73.11,72.6,72.87,51600.0
2022-04-25,73.15,73.45,73.14,73.18,54000.0
2022-04-26,73.64,73.74,73.39,73.55,44300.0
2022-04-27,73.12,73.2,72.87,73.040001,21800.0
2022-04-28,71.59,71.71,71.38,71.55,93400.0
2022-04-29,71.87,72.39,71.87,72.17,38800.0
2022-05-02,72.019997,72.019997,71.84,71.92,19600.0
2022-05-03,72.18,72.18,71.93,71.97,13000.0
2022-05-04,72.089996,72.76,71.85,72.54,30300.0
2022-05-05,72.010002,72.050003,71.75,72.010002,62900.0
2022-05-06,71.77,71.86,71.67,71.75,24800.0
2022-05-09,71.64,71.93,71.55,71.93,48300.0
2022-05-10,72.0,72.019997,71.79,71.82,34800.0
2022-05-11,71.85,72.31,71.85,72.080002,79400.0
2022-05-12,73.059998,73.43,72.92,72.93,148000.0
2022-05-13,72.52,72.52,72.36,72.41,83900.0
2022-05-16,72.53,72.59,72.39,72.52,25300.0
2022-05-17,72.2,72.54,72.18,72.36,27500.0
2022-05-18,72.71,73.15,72.71,73.029999,68300.0
2022-05-19,73.67,73.7,73.3,73.31,101100.0
2022-05-20,73.17,73.39,73.029999,73.25,56300.0
2022-05-23,73.33,73.42,73.18,73.24,152900.0
2022-05-24,73.58,74.11,73.58,73.81,86200.0
2022-05-25,73.69,73.69,73.45,73.59,63600.0
2022-05-26,73.69,73.74,73.54,73.72,19400.0
2022-05-27,73.76,73.84,73.6,73.69,40100.0
2022-05-31,72.87,72.88,72.66,72.72,39000.0
2022-06-01,72.37,72.45,71.93,71.94,39200.0
2022-06-02,72.22,72.22,72.040001,72.12,15100.0
2022-06-03,71.75,71.8,71.52,71.52,20200.0
2022-06-06,71.54,71.56,70.91,70.98,442400.0
2022-06-07,70.52,70.74,70.49,70.56,40600.0
2022-06-08,69.75,70.019997,69.7,69.7,92800.0
2022-06-09,69.88,70.029999,69.63,69.64,82200.0
2022-06-10,69.82,69.82,69.65,69.69,51700.0
2022-06-13,69.9,70.040001,69.55,69.68,98900.0
2022-06-14,69.54,69.69,69.18,69.26,74200.0
2022-06-15,69.49,70.089996,69.39,70.029999,161700.0
2022-06-16,70.52,71.2,70.47,70.92,197400.0
2022-06-17,69.52,69.52,69.15,69.34,196200.0
2022-06-21,68.74,68.77,68.48,68.5,135800.0
2022-06-22,68.8,68.94,68.66,68.74,58500.0
2022-06-23,69.45,69.7,69.34,69.37,103000.0
2022-06-24,69.27,69.36,69.15,69.22,18400.0
2022-06-27,69.18,69.32,69.080002,69.12,33400.0
2022-06-28,68.75,68.78,68.64,68.74,74900.0
2022-06-29,68.35,68.56,68.32,68.53,28500.0
2022-06-30,68.86,69.040001,68.81,68.97,37200.0
2022-07-01,69.050003,69.39,69.050003,69.2,76400.0
2022-07-05,68.86,69.010002,68.75,68.95,43300.0
2022-07-06,69.25,69.32,68.81,68.9,41800.0
2022-07-07,68.9,68.95,68.75,68.79,26800.0
2022-07-08,68.59,68.83,68.59,68.76,25300.0
2022-07-11,68.019997,68.18,67.96,68.11,37000.0
2022-07-12,68.42,68.52,68.35,68.41,21200.0
2022-07-13,68.040001,68.25,67.88,68.14,18500.0
2022-07-14,67.19,67.44,67.14,67.38,95800.0
2022-07-15,67.43,67.59,67.4,67.56,32600.0
2022-07-18,67.68,67.81,67.68,67.78,51900.0
2022-07-19,68.019997,68.050003,67.67,67.72,40300.0
2022-07-20,67.79,67.79,67.66,67.68,24100.0
2022-07-21,67.57,68.059998,67.57,68.059998,31300.0
2022-07-22,68.53,68.95,68.51,68.84,51400.0
2022-07-25,68.5,68.57,68.42,68.48,18300.0
2022-07-26,68.54,68.63,68.35,68.35,18900.0
2022-07-27,68.34,68.58,68.080002,68.55,255400.0
2022-07-28,69.52,69.7,69.44,69.65,57300.0
2022-07-29,69.69,70.22,69.53,70.17,51900.0
2022-08-01,70.92,71.080002,70.7,71.080002,53800.0
2022-08-02,71.29,71.35,70.28,70.28,108900.0
2022-08-03,69.98,70.010002,69.52,69.85,24600.0
2022-08-04,69.94,70.44,69.93,70.41,45000.0
2022-08-05,69.37,69.43,69.040001,69.27,58800.0
2022-08-08,69.41,69.58,69.24,69.24,22300.0
2022-08-09,69.25,69.34,69.17,69.18,39600.0
2022-08-10,70.25,70.75,70.24,70.38,60200.0
2022-08-11,70.79,70.86,70.27,70.27,23700.0
2022-08-12,70.0,70.11,69.9,70.089996,38400.0
2022-08-15,70.49,70.53,70.15,70.17,11400.0
2022-08-16,69.5,69.7,69.43,69.67,28700.0
2022-08-17,69.22,69.35,69.019997,69.27,87200.0
2022-08-18,69.29,69.29,68.81,68.84,45900.0
2022-08-19,68.27,68.38,68.18,68.34,61000.0
2022-08-22,68.2,68.2,67.95,68.010002,92000.0
2022-08-23,68.0,68.79,67.98,68.36,52100.0
2022-08-24,68.24,68.39,68.19,68.21,15500.0
2022-08-25,68.37,68.53,68.3,68.51,51000.0
2022-08-26,68.41,68.61,68.010002,68.019997,28600.0
2022-08-29,67.54,67.58,67.34,67.42,65600.0
2022-08-30,67.53,67.63,67.27,67.41,26400.0
2022-08-31,67.4,67.47,67.28,67.3,82700.0
2022-09-01,67.010002,67.17,66.66,66.66,83800.0
2022-09-02,66.66,66.78,66.64,66.66,51600.0
2022-09-06,65.71,65.71,65.35,65.49,339300.0
2022-09-07,64.55,65.050003,64.54,65.029999,311900.0
2022-09-08,64.82,65.0,64.8,64.94,164900.0
2022-09-09,65.59,65.67,65.49,65.52,304500.0
2022-09-12,65.49,65.69,65.42,65.46,235200.0
2022-09-13,64.77,65.0,64.69,64.71,93600.0
2022-09-14,65.45,65.55,65.27,65.3,53100.0
2022-09-15,65.15,65.26,65.089996,65.17,50700.0
2022-09-16,65.3,65.45,65.27,65.42,58700.0
2022-09-19,65.15,65.28,65.099998,65.26,48200.0
2022-09-20,65.0,65.089996,64.95,65.059998,13800.0
2022-09-21,64.91,65.15,64.62,64.96,119000.0
2022-09-22,66.099998,66.19,65.6,65.67,180500.0
2022-09-23,65.42,65.42,65.17,65.2,48900.0
2022-09-26,64.85,64.89,64.55,64.61,80000.0
2022-09-27,64.61,64.63,64.5,64.55,59700.0
2022-09-28,64.76,64.92,64.62,64.86,45900.0
2022-09-29,64.65,64.74,64.59,64.69,79200.0
2022-09-30,64.64,64.66,64.53,64.61,65900.0
2022-10-03,64.52,64.79,64.48,64.6,92900.0
2022-10-04,64.58,64.92,64.5,64.91,203800.0
2022-10-05,64.68,64.71,64.51,64.67,31000.0
2022-10-06,64.59,64.63,64.32,64.36,133200.0
2022-10-07,64.35,64.42,64.22,64.22,39900.0
2022-10-10,64.2,64.2,64.050003,64.11,47800.0
2022-10-11,64.059998,64.22,64.010002,64.010002,30600.0
2022-10-12,63.69,63.69,63.55,63.62,43100.0
2022-10-13,63.43,63.6,63.32,63.44,98500.0
2022-10-14,63.21,63.21,62.74,62.82,145000.0
2022-10-17,62.72,62.87,62.66,62.66,56400.0
2022-10-18,62.67,62.72,62.55,62.61,55900.0
2022-10-19,62.4,62.42,62.3,62.36,91200.0
2022-10-20,62.3,62.47,62.18,62.18,174000.0
2022-10-21,61.68,63.86,61.6,63.31,912300.0
2022-10-24,62.68,62.82,62.6,62.67,143500.0
2022-10-25,62.99,63.31,62.99,63.16,64700.0
2022-10-26,63.41,63.88,63.41,63.8,81000.0
2022-10-27,63.87,64.12,63.81,63.9,65500.0
2022-10-28,63.28,63.41,63.21,63.33,68400.0
2022-10-31,62.82,62.87,62.72,62.81,67700.0
2022-11-01,63.35,63.4,62.96,63.040001,43000.0
2022-11-02,63.55,64.019997,63.07,63.16,146200.0
2022-11-03,63.049999,63.24,62.9,63.0099983,142800.0
2022-11-04,63.47,63.7,63.33,63.61,40200.0
2022-11-07,63.83,63.86,63.61,63.65,30800.0
2022-11-08,63.9,64.22,63.84,64.11,105000.0
2022-11-09,63.83,64.010002,63.64,63.69,28200.0
2022-11-10,65.13,66.13,65.13,66.099998,123300.0
2022-11-11,66.89,67.42,66.8,67.31,151100.0
2022-11-14,66.48,66.84,66.33,66.84,77000.0
2022-11-15,67.2,67.26,66.85,67.050003,86000.0
2022-11-16,67.11,67.11,66.83,66.93,39200.0
2022-11-17,66.51,66.64,66.33,66.56,56700.0
2022-11-18,66.76,66.8,66.48,66.5,16200.0
2022-11-21,66.040001,66.040001,65.62,65.7,55300.0
2022-11-22,66.0,66.12,65.98,66.080002,23500.0
2022-11-23,66.28,67.07,66.27,66.95,27400.0
2022-11-25,66.93,67.16,66.93,67.099998,11200.0
2022-11-28,67.33,67.45,67.14,67.15,72600.0
2022-11-29,67.24,67.54,67.21,67.21,30100.0
2022-11-30,67.040001,67.73,66.72,67.55,59600.0
2022-12-01,68.5,69.029999,68.48,68.99,198300.0
2022-12-02,68.98,69.51,68.86,69.46,62700.0
2022-12-05,68.75,68.78,68.19,68.19,43700.0
2022-12-06,68.3,68.44,68.080002,68.16,32900.0
2022-12-07,68.29,68.5,68.27,68.41,46200.0
2022-12-08,68.3,68.45,68.25,68.25,42900.0
2022-12-09,68.49,68.55,68.2,68.27,27400.0
2022-12-12,68.12,68.12,67.68,67.73,42100.0
2022-12-13,69.22,69.24,68.78,68.82,91800.0
2022-12-14,69.11,69.23,68.63,69.0,50000.0
2022-12-15,68.34,68.36,67.55,67.76,47700.0
2022-12-16,68.019997,68.45,67.97,68.23,41900.0
2022-12-19,68.34,68.34,68.019997,68.12,38500.0
2022-12-20,70.46,71.41,70.4,70.88,256900.0
2022-12-21,70.54,70.78,70.43,70.5,153800.0
2022-12-22,70.54,70.57,70.3,70.48,37700.0
2022-12-23,70.21,70.29,70.080002,70.18,36200.0
2022-12-27,69.92,70.0,69.78,69.85,57100.0
2022-12-28,69.73,69.73,69.37,69.39,267600.0
2022-12-29,70.050003,70.21,69.98,70.15,22300.0
2022-12-30,70.77,71.35,70.52,71.099998,183400.0
2023-01-03,71.5,71.73,71.18,71.27,118800.0
2023-01-04,71.33,71.33,70.33,70.36,258800.0
2023-01-05,69.85,70.15,69.61,69.97,152600.0
2023-01-06,69.73,70.68,69.58,70.65,100500.0
2023-01-09,70.7,70.93,70.65,70.84,57400.0
2023-01-10,70.74,70.81,70.51,70.62,50900.0
2023-01-11,70.41,70.52,70.32,70.41,43800.0
2023-01-12,71.6,72.35,71.34,72.23,303200.0
2023-01-13,72.84,73.19,72.79,72.97,115500.0
2023-01-17,72.65,72.85,72.5,72.76,127000.0
2023-01-18,73.0,73.080002,72.36,72.42,138100.0
2023-01-19,72.64,72.73,72.52,72.66,60800.0
2023-01-20,71.6,72.029999,71.5,72.0,58400.0
2023-01-23,71.33,71.5,71.28,71.37,95300.0
2023-01-24,71.56,71.8,71.19,71.68,120100.0
2023-01-25,71.86,72.14,71.81,71.96,60100.0
2023-01-26,71.74,71.74,71.44,71.56,100400.0
2023-01-27,71.73,71.81,71.73,71.76,31200.0
2023-01-30,71.55,71.61,71.37,71.43,72000.0
2023-01-31,71.85,71.85,71.53,71.66,36000.0
2023-02-01,72.019997,72.52,71.82,72.39,144300.0
2023-02-02,72.71,72.77,72.31,72.38,33700.0
2023-02-03,71.54,71.66,71.050003,71.080002,232400.0
2023-02-06,70.36,70.41,70.15,70.27,239600.0
2023-02-07,70.62,71.4,70.59,71.099998,51400.0
2023-02-08,70.97,71.099998,70.89,70.9,14500.0
2023-02-09,71.44,71.44,70.78,70.83,21300.0
2023-02-10,71.24,71.25,70.83,70.9,27200.0
2023-02-13,70.18,70.47,70.14,70.47,33600.0
2023-02-14,70.099998,70.44,69.93,70.040001,54100.0
2023-02-15,69.51,69.59,69.37,69.51,69300.0
2023-02-16,69.35,69.69,69.31,69.61,61200.0
2023-02-17,69.29,69.53,69.22,69.45,56400.0
2023-02-21,69.040001,69.19,68.92,69.080002,51500.0
2023-02-22,69.22,69.31,69.029999,69.050003,25600.0
2023-02-23,68.99,69.27,68.95,69.19,14100.0
2023-02-24,68.37,68.44,68.27,68.3,77200.0
2023-02-27,68.5,68.53,68.36,68.36,24000.0
2023-02-28,68.099998,68.58,68.050003,68.46,42200.0
2023-03-01,68.53,68.65,68.36,68.41,31000.0
2023-03-02,68.099998,68.22,68.010002,68.17,78700.0
2023-03-03,68.52,68.62,68.33,68.6,35300.0
2023-03-06,68.61,68.69,68.51,68.51,10700.0
2023-03-07,68.4,68.43,67.92,67.93,31100.0
2023-03-08,68.07,68.13,67.86,67.88,41900.0
2023-03-09,68.38,68.51,68.29,68.46,111400.0
2023-03-10,68.79,69.46,68.79,69.099998,144200.0
2023-03-13,70.24,70.3,69.76,69.89,130600.0
2023-03-14,69.32,69.54,69.089996,69.42,91500.0
2023-03-15,70.21,70.35,69.7,69.98,67400.0
2023-03-16,70.59,70.74,69.67,69.83,90800.0
2023-03-17,70.4,70.82,70.35,70.64,92700.0
2023-03-20,70.9,70.97,70.69,70.88,42200.0
2023-03-21,70.49,70.7,70.3,70.34,52300.0
2023-03-22,70.24,71.080002,70.18,71.040001,115000.0
2023-03-23,71.010002,71.5,70.97,71.35,122100.0
2023-03-24,71.5,71.54,71.19,71.24,45900.0
2023-03-27,70.81,70.93,70.73,70.78,35700.0
2023-03-28,71.12,71.34,71.029999,71.21,55400.0
2023-03-29,70.33,70.45,70.12,70.13,69200.0
2023-03-30,70.19,70.37,70.12,70.23,53800.0
2023-03-31,70.010002,70.21,69.88,70.13,46300.0
2023-04-03,70.029999,70.43,70.0,70.35,67800.0
2023-04-04,70.18,70.84,70.18,70.84,274200.0
2023-04-05,71.099998,71.33,70.94,70.99,85200.0
2023-04-06,70.76,70.82,70.65,70.68,20800.0
2023-04-10,69.9,69.9,69.6,69.75,60500.0
2023-04-11,69.99,69.99,69.61,69.66,52900.0
2023-04-12,70.080002,70.080002,69.86,69.97,39200.0
2023-04-13,70.39,70.53,70.16,70.2,50900.0
2023-04-14,70.040001,70.040001,69.61,69.66,66500.0
2023-04-17,69.41,69.41,69.24,69.32,73100.0
2023-04-18,69.34,69.53,69.34,69.47,18400.0
2023-04-19,69.3,69.33,69.059998,69.089996,49600.0
2023-04-20,69.34,69.45,69.28,69.35,37900.0
2023-04-21,69.63,69.72,69.25,69.44,57200.0
2023-04-24,69.16,69.34,69.14,69.33,14000.0
2023-04-25,69.52,69.8,69.48,69.78,55900.0
2023-04-26,69.97,69.97,69.56,69.67,91900.0
2023-04-27,69.42,69.56,69.4,69.55,18500.0
2023-04-28,68.5,68.5,68.18,68.35,105900.0
2023-05-01,68.040001,68.07,67.66,67.7,77600.0
2023-05-02,67.65,68.23,67.65,68.14,36600.0
2023-05-03,68.72,68.97,68.61,68.94,45100.0
2023-05-04,69.11,69.7,69.11,69.41,47900.0
2023-05-05,69.07,69.17,68.94,69.11,750400.0
2023-05-08,68.99,69.15,68.9,68.94,242700.0
2023-05-09,68.84,69.0,68.84,68.88,61000.0
2023-05-10,69.16,69.38,69.15,69.33,54600.0
2023-05-11,69.45,69.56,69.2,69.22,177300.0
2023-05-12,69.13,69.13,68.58,68.62,94200.0
2023-05-15,68.36,68.45,68.36,68.45,49500.0
2023-05-16,68.37,68.38,68.13,68.31,36700.0
2023-05-17,67.93,67.93,67.61,67.64,161200.0
2023-05-18,67.31,67.35,67.080002,67.089996,261800.0
2023-05-19,67.18,67.72,67.12,67.5,342000.0
2023-05-22,67.27,67.28,67.16,67.2,31400.0
2023-05-23,67.19,67.3,67.059998,67.19,25000.0
2023-05-24,67.07,67.080002,66.8,66.8,38900.0
2023-05-25,66.7,66.77,66.38,66.42,150400.0
2023-05-26,66.44,66.44,66.15,66.22,66000.0
2023-05-30,66.52,66.68,66.41,66.61,43300.0
2023-05-31,66.56,67.050003,66.3,66.81,44200.0
2023-06-01,66.88,67.17,66.88,67.019997,50800.0
2023-06-02,66.95,66.95,66.43,66.48,62700.0
2023-06-05,66.39,66.8,66.36,66.67,89500.0
2023-06-06,66.59,66.62,66.46,66.57,48700.0
2023-06-07,66.66,66.85,66.29,66.31,64300.0
2023-06-08,66.69,66.99,66.69,66.98,99500.0
2023-06-09,66.79,66.8,66.65,66.69,34700.0
2023-06-12,66.73,66.76,66.58,66.63,34500.0
2023-06-13,66.77,66.83,66.31,66.33,115600.0
2023-06-14,66.69,66.79,66.4,66.51,123500.0
2023-06-15,66.17,66.39,66.12,66.35,38200.0
2023-06-16,65.87,66.019997,65.58,65.6,58800.0
2023-06-20,65.77,65.87,65.63,65.74,819400.0
2023-06-21,65.48,65.65,65.33,65.61,51200.0
2023-06-22,65.4,65.44,64.96,65.010002,87300.0
2023-06-23,65.099998,65.15,64.67,64.72,136500.0
2023-06-26,64.92,64.93,64.77,64.89,70800.0
2023-06-27,64.94,64.94,64.57,64.62,76500.0
2023-06-28,64.45,64.59,64.39,64.45,30900.0
2023-06-29,64.34,64.4,64.24,64.29,81900.0
2023-06-30,64.45,64.54,64.36,64.54,50700.0
2023-07-03,64.3,64.62,64.3,64.33,66700.0
2023-07-05,64.45,64.57,64.3,64.33,67000.0
2023-07-06,64.59,64.69,64.34,64.58,31000.0
2023-07-07,65.099998,65.51,65.099998,65.51,134600.0
2023-07-10,65.61,65.9,65.54,65.9,167600.0
2023-07-11,66.099998,66.29,65.98,66.29,61800.0
2023-07-12,66.89,67.3,66.83,67.2,114700.0
2023-07-13,67.27,67.41,67.17,67.39,57400.0
2023-07-14,66.97,67.16,66.82,66.91,38500.0
2023-07-17,66.89,67.11,66.72,67.11,60300.0
2023-07-18,67.27,67.47,66.85,66.96,34400.0
2023-07-19,66.64,66.65,66.47,66.54,22200.0
2023-07-20,66.5,66.5,66.17,66.35,27500.0
2023-07-21,65.77,65.77,65.53,65.54,312900.0
2023-07-24,65.83,65.92,65.65,65.65,45700.0
2023-07-25,65.63,65.98,65.63,65.9,32700.0
2023-07-26,66.19,66.43,66.059998,66.32,283300.0
2023-07-27,66.089996,66.97,65.8,66.78,627100.0
2023-07-28,66.31,66.31,65.85,65.87,286600.0
2023-07-31,65.26,65.44,65.18,65.29,86500.0
2023-08-01,64.95,65.040001,64.75,64.84,81100.0
2023-08-02,64.93,64.96,64.78,64.81,60400.0
2023-08-03,65.07,65.35,65.07,65.18,23000.0
2023-08-04,65.46,65.64,65.46,65.51,43600.0
2023-08-07,65.44,65.49,65.2,65.2,16800.0
2023-08-08,64.96,64.96,64.78,64.8,46100.0
2023-08-09,64.85,64.85,64.63,64.64,48100.0
2023-08-10,64.49,64.5,64.17,64.17,77600.0
2023-08-11,64.14,64.31,64.11,64.15,54100.0
2023-08-14,63.95,64.07,63.86,63.91,246700.0
2023-08-15,63.91,64.07,63.85,63.92,73800.0
2023-08-16,63.79,63.91,63.48,63.49,82400.0
2023-08-17,63.75,63.8,63.53,63.76,36900.0
2023-08-18,63.95,64.12,63.87,63.98,69700.0
2023-08-21,63.65,63.65,63.51,63.56,48300.0
2023-08-22,63.68,63.81,63.64,63.7,41300.0
2023-08-23,63.99,64.29,63.99,64.19,69700.0
2023-08-24,63.78,63.91,63.69,63.75,52000.0
2023-08-25,63.66,63.78,63.41,63.54,65100.0
2023-08-28,63.4,63.5,63.36,63.43,21000.0
2023-08-29,63.11,63.8,63.11,63.73,85800.0
2023-08-30,63.76,63.83,63.53,63.56,43900.0
2023-08-31,63.67,63.95,63.58,63.92,35800.0
2023-09-01,64.14,64.16,63.55,63.62,35600.0
2023-09-05,63.12,63.12,62.89,62.93,80100.0
2023-09-06,63.080002,63.34,62.9,62.93,81400.0
2023-09-07,63.2,63.49,63.040001,63.099998,80800.0
2023-09-08,63.060001,63.12,62.9,62.91,49000.0
2023-09-11,63.46,63.56,63.38,63.42,294400.0
2023-09-12,63.2,63.2,63.11,63.18,78600.0
2023-09-13,63.07,63.11,62.97,63.02,30400.0
2023-09-14,63.040001,63.17,62.97,63.0,91900.0
2023-09-15,62.88,63.040001,62.8,62.83,54000.0
2023-09-18,62.86,62.94,62.82,62.88,204600.0
2023-09-19,62.88,62.89,62.78,62.83,16500.0
2023-09-20,62.86,62.96,62.67,62.69,51200.0
2023-09-21,62.8,63.040001,62.77,62.95,60400.0
2023-09-22,62.65,62.74,62.56,62.6,55500.0
2023-09-25,62.43,62.43,62.34,62.41,35500.0
2023-09-26,62.33,62.41,62.3,62.33,32100.0
2023-09-27,62.27,62.27,62.049999,62.11,63600.0
2023-09-28,62.25,62.28,62.16,62.25,32700.0
2023-09-29,62.28,62.28,62.15,62.19,32800.0
2023-10-02,62.099998,62.21,62.0099983,62.029999,174500.0
2023-10-03,61.97,63.23,61.88,62.46,356900.0
2023-10-04,62.39,62.43,62.28,62.31,50300.0
2023-10-05,62.49,62.65,62.45,62.57,52700.0
2023-10-06,62.18,62.32,62.15,62.23,43800.0
2023-10-09,62.34,62.58,62.34,62.57,29500.0
2023-10-10,62.35,62.54,62.32,62.47,26600.0
2023-10-11,62.35,62.37,62.21,62.27,19600.0
2023-10-12,62.19,62.19,61.98,62.02,41700.0
2023-10-13,62.12,62.16,62.040001,62.060001,137600.0
2023-10-16,62.14,62.14,62.02,62.12,27900.0
2023-10-17,61.98,62.11,61.98,61.99,70500.0
2023-10-18,62.049999,62.060001,61.95,61.97,13700.0
2023-10-19,62.0,62.049999,61.94,62.02,58000.0
2023-10-20,61.96,62.0,61.92,61.99,52200.0
2023-10-23,61.98,62.09,61.93,62.080002,61700.0
2023-10-24,61.96,62.02,61.93,61.96,36600.0
2023-10-25,61.97,61.97,61.88,61.89,42800.0
2023-10-26,61.85,61.89,61.71,61.74,190800.0
2023-10-27,61.97,62.13,61.97,62.099998,115800.0
2023-10-30,62.02,62.42,62.0,62.33,316300.0
2023-10-31,61.54,61.55,61.23,61.28,288000.0
2023-11-01,61.37,61.6,61.35,61.57,108500.0
2023-11-02,61.87,61.87,61.68,61.75,87900.0
2023-11-03,62.11,62.24,62.0099983,62.15,115100.0
2023-11-06,62.0,62.049999,61.9,61.92,47100.0
2023-11-07,61.65,61.75,61.63,61.73,76600.0
2023-11-08,61.52,61.6,61.45,61.46,77000.0
2023-11-09,61.54,61.56,61.32,61.35,69900.0
2023-11-10,61.3,61.32,61.2,61.23,81200.0
2023-11-13,61.16,61.32,61.09,61.23,35700.0
2023-11-14,61.51,61.81,61.5,61.81,59600.0
2023-11-15,61.53,61.53,61.27,61.27,97300.0
2023-11-16,61.48,61.75,61.48,61.58,69100.0
2023-11-17,62.02,62.040001,61.93,62.0099983,79700.0
2023-11-20,62.47,62.64,62.43,62.59,567700.0
2023-11-21,62.9,62.94,62.49,62.57,224000.0
2023-11-22,62.15,62.83,61.98,62.060001,141900.0
2023-11-24,62.09,62.11,62.029999,62.11,53300.0
2023-11-27,62.39,62.49,62.31,62.49,58800.0
2023-11-28,62.56,63.0,62.55,62.99,121500.0
2023-11-29,62.99,63.15,62.9,62.99,154500.0
2023-11-30,62.68,62.81,62.5,62.62,213800.0
2023-12-01,62.62,63.26,62.62,63.21,175800.0
2023-12-04,63.11,63.35,62.94,63.02,75900.0
2023-12-05,63.16,63.3,62.96,63.049999,82000.0
2023-12-06,63.0,63.09,62.94,62.99,64000.0
2023-12-07,64.099998,65.47,64.040001,64.62,498200.0
2023-12-08,64.25,64.53,63.98,63.98,188200.0
2023-12-11,63.5,63.53,63.32,63.47,231200.0
2023-12-12,63.74,63.89,63.63,63.8,221600.0
2023-12-13,63.97,65.019997,63.84,64.99,145800.0
2023-12-14,65.36,65.67,65.29,65.48,319600.0
2023-12-15,65.45,65.63,65.21,65.23,208700.0
2023-12-18,64.97,64.97,64.84,64.91,171000.0
2023-12-19,64.32,64.64,64.25,64.46,156900.0
2023-12-20,64.73,64.73,64.45,64.52,164600.0
2023-12-21,65.23,65.27,65.029999,65.23,117400.0
2023-12-22,65.35,65.36,65.050003,65.089996,83900.0
2023-12-26,65.16,65.16,65.010002,65.089996,54900.0
2023-12-27,65.11,65.49,65.050003,65.43,126400.0
2023-12-28,65.75,66.12,65.51,65.64,210400.0
2023-12-29,65.45,65.87,65.43,65.81,152900.0
2024-01-02,65.42,65.54,65.3,65.31,139000.0
2024-01-03,64.75,64.81,64.52,64.71,106600.0
2024-01-04,64.059998,64.17,63.99,64.040001,287400.0
2024-01-05,63.87,64.38,63.81,64.050003,91900.0
2024-01-08,64.2,64.51,64.16,64.3,96600.0
2024-01-09,64.51,64.52,64.089996,64.11,61600.0
2024-01-10,63.79,63.79,63.55,63.55,130100.0
2024-01-11,63.49,63.76,63.38,63.72,117800.0
2024-01-12,64.089996,64.2,63.93,63.98,282200.0
2024-01-16,63.31,63.31,62.93,62.93,163600.0
2024-01-17,62.7,62.7,62.42,62.54,161300.0
2024-01-18,62.65,62.69,62.53,62.55,29400.0
2024-01-19,62.51,62.61,62.44,62.57,195200.0
2024-01-22,62.71,62.76,62.59,62.62,139000.0
2024-01-23,62.58,62.58,62.37,62.53,121300.0
2024-01-24,63.2,63.34,62.82,62.87,152800.0
2024-01-25,63.049999,63.049999,62.71,62.8,90700.0
2024-01-26,62.76,62.76,62.6,62.67,104600.0
2024-01-29,62.69,62.97,62.65,62.88,46000.0
2024-01-30,63.029999,63.029999,62.7,62.84,94400.0
2024-01-31,62.94,63.48,62.9,63.029999,95200.0
2024-02-01,63.29,63.53,63.18,63.41,84900.0
2024-02-02,62.73,62.79,62.39,62.51,606600.0
2024-02-05,62.39,62.44,62.24,62.32,119100.0
2024-02-06,62.34,62.68,62.34,62.65,55300.0
2024-02-07,62.55,62.72,62.5,62.54,59600.0
2024-02-08,62.049999,62.09,61.97,62.02,92500.0
2024-02-09,62.0099983,62.07,62.0,62.07,44200.0
2024-02-12,62.049999,62.080002,61.98,62.049999,31700.0
2024-02-13,61.64,61.64,61.4,61.45,241900.0
2024-02-14,61.5,61.6,61.45,61.51,149400.0
2024-02-15,61.76,61.84,61.65,61.8,88500.0
2024-02-16,61.55,61.72,61.51,61.66,96600.0
2024-02-20,61.82,61.88,61.74,61.75,59000.0
2024-02-21,61.7,61.71,61.57,61.67,241900.0
2024-02-22,61.55,61.59,61.48,61.54,84600.0
2024-02-23,61.56,61.64,61.53,61.55,95200.0
2024-02-26,61.48,61.5,61.43,61.5,42500.0
2024-02-27,61.59,61.64,61.53,61.56,70100.0
2024-02-28,61.52,61.52,61.44,61.5,36600.0
2024-02-29,61.89,62.099998,61.77,61.78,201200.0
2024-03-01,61.59,61.74,61.49,61.7,93200.0
2024-03-04,61.58,61.62,61.53,61.56,153300.0
2024-03-05,61.77,61.87,61.67,61.81,56200.0
2024-03-06,62.040001,62.12,61.93,62.040001,96400.0
2024-03-07,62.66,62.68,62.5,62.57,191200.0
2024-03-08,63.09,63.15,62.92,63.0,204700.0
2024-03-11,63.09,63.14,62.97,63.060001,219200.0
2024-03-12,62.64,62.75,62.62,62.72,154900.0
2024-03-13,62.62,62.83,62.61,62.69,129800.0
2024-03-14,62.72,62.72,62.45,62.47,98100.0
2024-03-15,62.25,62.33,62.12,62.16,515800.0
2024-03-18,62.11,62.19,62.049999,62.13,228800.0
2024-03-19,61.5,61.53,61.36,61.37,298200.0
2024-03-20,61.049999,61.43,61.0099983,61.26,240500.0
2024-03-21,61.24,61.26,61.060001,61.09,94000.0
2024-03-22,61.3,61.33,61.17,61.2,507000.0
2024-03-25,61.27,61.29,61.13,61.19,71900.0
2024-03-26,61.15,61.21,61.12,61.14,78300.0
2024-03-27,61.27,61.3,61.21,61.25,177400.0
2024-03-28,61.25,61.31,61.2,61.23,167400.0
2024-04-01,61.24,61.24,61.060001,61.099998,159700.0
2024-04-02,61.13,61.15,61.080002,61.13,149400.0
2024-04-03,61.0099983,61.14,60.94,61.09,308200.0
2024-04-04,61.13,61.29,61.060001,61.26,118400.0
2024-04-05,61.080002,61.16,61.049999,61.099998,51700.0
2024-04-08,61.0,61.049999,61.0,61.0099983,98200.0
2024-04-09,61.060001,61.11,61.02,61.049999,125700.0
2024-04-10,60.78,60.78,60.53,60.56,277100.0
2024-04-11,60.59,60.59,60.4,60.47,109700.0
2024-04-12,60.59,60.63,60.43,60.44,65800.0
2024-04-15,60.0,60.17,59.96,60.060001,207800.0
2024-04-16,59.85,60.15,59.83,59.88,175700.0
2024-04-17,59.88,60.049999,59.85,60.0,188300.0
2024-04-18,59.98,59.99,59.85,59.89,53200.0
2024-04-19,59.93,59.96,59.89,59.91,327500.0
2024-04-22,59.82,59.85,59.79,59.82,96400.0
2024-04-23,59.78,59.9,59.78,59.83,133900.0
2024-04-24,59.79,59.79,59.62,59.65,132300.0
2024-04-25,59.54,59.56,59.47,59.51,320500.0
2024-04-26,59.0099983,59.049999,58.65,58.65,396600.0
2024-04-29,59.19,59.68,59.040001,59.36,448500.0
2024-04-30,58.78,58.94,58.69,58.7,202900.0
2024-05-01,58.7,58.93,58.69,58.76,328800.0
2024-05-02,59.79,60.42,59.78,60.39,397600.0
2024-05-03,60.7,60.74,60.47,60.49,197900.0
2024-05-06,60.22,60.22,60.080002,60.11,120100.0
2024-05-07,60.0,60.0,59.79,59.86,89300.0
2024-05-08,59.49,59.55,59.44,59.47,130700.0
2024-05-09,59.4,59.54,59.39,59.53,66300.0
2024-05-10,59.44,59.45,59.35,59.38,127800.0
2024-05-13,59.43,59.43,59.23,59.25,107100.0
2024-05-14,59.14,59.2,59.099998,59.14,78500.0
2024-05-15,59.59,59.83,59.41,59.75,299700.0
2024-05-16,59.61,59.64,59.52,59.55,58800.0
2024-05-17,59.47,59.61,59.41,59.48,76500.0
2024-05-20,59.3,59.31,59.22,59.24,82000.0
2024-05-21,59.29,59.38,59.24,59.28,43300.0
2024-05-22,59.15,59.18,59.049999,59.060001,49700.0
2024-05-23,59.060001,59.09,58.88,58.98,196100.0
2024-05-24,58.92,59.0,58.89,58.98,69500.0
2024-05-28,59.09,59.09,58.86,58.89,81500.0
2024-05-29,58.83,58.83,58.66,58.67,83200.0
2024-05-30,59.02,59.07,58.97,58.99,166900.0
2024-05-31,59.0099983,59.099998,58.82,58.84,78700.0
2024-06-03,59.07,59.32,59.040001,59.24,76400.0
2024-06-04,59.72,59.87,59.62,59.79,109100.0
2024-06-05,59.37,59.47,59.16,59.29,79800.0
2024-06-06,59.25,59.48,59.18,59.45,89900.0
2024-06-07,59.060001,59.14,58.9,59.0,69100.0
2024-06-10,59.0,59.0,58.89,58.9,31700.0
2024-06-11,58.89,58.95,58.77,58.91,79600.0
2024-06-12,59.33,59.4,58.99,59.0,149200.0
2024-06-13,58.85,59.049999,58.83,58.92,81900.0
2024-06-14,58.81,58.88,58.76,58.8,89000.0
2024-06-17,58.62,58.65,58.55,58.64,81700.0
2024-06-18,58.63,58.68,58.56,58.61,68400.0
2024-06-20,58.33,58.33,58.19,58.21,116300.0
2024-06-21,58.19,58.21,57.96,57.99,104300.0
2024-06-24,58.040001,58.060001,57.92,57.96,87400.0
2024-06-25,57.92,58.029999,57.92,57.96,50900.0
2024-06-26,57.64,57.67,57.53,57.54,166000.0
2024-06-27,57.67,57.67,57.52,57.55,172200.0
2024-06-28,57.69,57.73,57.49,57.53,70200.0
2024-07-01,57.36,57.41,57.22,57.28,102000.0
2024-07-02,57.29,57.36,57.25,57.3,62500.0
2024-07-03,57.28,57.5,57.24,57.3,99900.0
2024-07-05,57.48,57.6,57.35,57.55,92900.0
2024-07-08,57.59,57.65,57.53,57.55,82400.0
2024-07-09,57.44,57.47,57.28,57.37,148900.0
2024-07-10,57.29,57.29,57.17,57.2,83300.0
2024-07-11,58.3,58.51,58.16,58.23,280200.0
2024-07-12,58.51,58.74,58.38,58.62,187000.0
2024-07-15,58.52,58.83,58.52,58.59,101500.0
2024-07-16,58.31,58.44,58.27,58.4,128800.0
2024-07-17,59.12,59.28,59.07,59.25,194900.0
2024-07-18,59.12,59.12,58.76,58.77,102000.0
2024-07-19,58.74,58.81,58.7,58.71,135700.0
2024-07-22,58.99,58.99,58.85,58.9,68400.0
2024-07-23,59.27,59.45,59.22,59.45,170000.0
2024-07-24,60.080002,60.4,60.040001,60.07,230400.0
2024-07-25,60.02,60.34,59.94,60.080002,256100.0
2024-07-26,60.09,60.39,60.049999,60.15,87900.0
2024-07-29,60.07,60.11,59.97,60.040001,131200.0
2024-07-30,59.9,60.43,59.79,60.31,288600.0
2024-07-31,61.53,61.78,61.16,61.68,553400.0
2024-08-01,61.44,61.83,61.35,61.73,241900.0
2024-08-02,62.59,63.14,62.59,63.099998,617200.0
2024-08-05,64.92,65.050003,63.79,64.33,1071000.0
2024-08-06,64.080002,64.18,63.57,63.9,551800.0
2024-08-07,62.85,63.049999,62.62,62.95,642000.0
2024-08-08,62.78,62.9,62.66,62.79,161600.0
2024-08-09,63.080002,63.18,62.99,63.029999,137400.0
2024-08-12,62.47,62.87,62.38,62.82,140100.0
2024-08-13,62.89,63.060001,62.8,62.96,135800.0
2024-08-14,62.78,63.049999,62.72,62.73,75000.0
2024-08-15,62.060001,62.13,61.97,62.040001,171000.0
2024-08-16,62.52,62.62,62.36,62.58,93100.0
2024-08-19,63.12,63.25,63.040001,63.040001,89800.0
2024-08-20,63.3,63.64,63.21,63.64,215900.0
2024-08-21,63.52,64.0,62.97,63.79,221400.0
2024-08-22,63.37,63.37,63.11,63.2,125200.0
2024-08-23,63.21,64.16,63.14,64.13,152900.0
2024-08-26,64.2,64.2,63.94,63.96,137000.0
2024-08-27,63.99,64.24,63.99,64.23,63700.0
2024-08-28,63.84,64.029999,63.75,63.87,119500.0
2024-08-29,63.54,63.82,63.5,63.75,103900.0
2024-08-30,63.55,63.62,63.22,63.28,152900.0
2024-09-03,63.45,63.66,63.35,63.49,318800.0
2024-09-04,63.83,64.32,63.8,64.32,377700.0
2024-09-05,64.59,64.59,64.089996,64.44,300100.0
2024-09-06,64.56,65.17,64.25,64.89,282600.0
2024-09-09,64.71,64.79,64.58,64.67,101300.0
2024-09-10,64.63,65.0,64.59,64.97,191200.0
2024-09-11,64.97,65.45,64.93,64.93,245000.0
2024-09-12,64.98,65.18,64.8,65.15,327800.0
2024-09-13,65.83,65.86,65.56,65.6,136400.0
2024-09-16,65.88,65.88,65.61,65.72,200000.0
2024-09-17,65.49,65.5,64.97,64.98,366200.0
2024-09-18,65.21,65.8,64.77,64.86,334900.0
2024-09-19,64.43,64.81,64.37,64.79,211000.0
2024-09-20,64.26,64.33,63.97,64.19,258000.0
2024-09-23,64.26,64.5,64.050003,64.39,125200.0
2024-09-24,64.16,64.51,64.080002,64.48,245500.0
2024-09-25,64.16,64.2,63.84,63.86,311700.0
2024-09-26,63.98,64.019997,63.69,63.91,478600.0
2024-09-27,64.62,65.050003,64.59,65.019997,353100.0
2024-09-30,64.74,64.74,64.23,64.3,134800.0
2024-10-01,64.22,64.63,64.22,64.37,107600.0
2024-10-02,63.51,63.55,63.040001,63.09,508500.0
2024-10-03,63.0,63.029999,62.75,62.89,236600.0
2024-10-04,62.13,62.27,61.99,62.09,174600.0
2024-10-07,62.35,62.46,62.31,62.38,92400.0
2024-10-08,62.38,62.41,62.25,62.3,48800.0
2024-10-09,62.0,62.02,61.83,61.84,98900.0
2024-10-10,62.07,62.22,61.97,62.13,85000.0
2024-10-11,61.94,61.99,61.87,61.92,55900.0
2024-10-14,61.61,61.69,61.59,61.66,76400.0
2024-10-15,61.88,61.99,61.77,61.86,87800.0
2024-10-16,61.85,61.89,61.65,61.68,111100.0
2024-10-17,61.67,61.7,61.43,61.46,142600.0
2024-10-18,61.66,61.85,61.65,61.8,153300.0
2024-10-21,61.57,61.61,61.25,61.25,73700.0
2024-10-22,61.34,61.34,61.13,61.15,95400.0
2024-10-23,60.44,60.59,60.36,60.53,196400.0
2024-10-24,60.73,60.92,60.65,60.83,74900.0
2024-10-25,60.79,60.81,60.62,60.66,59700.0
2024-10-28,60.49,60.53,60.24,60.3,115100.0
2024-10-29,60.11,60.27,60.080002,60.21,67500.0
2024-10-30,60.25,60.41,60.23,60.25,116800.0
2024-10-31,60.49,60.82,60.34,60.79,236100.0
2024-11-01,60.69,60.72,60.34,60.36,132400.0
2024-11-04,60.8,60.89,60.69,60.7,74900.0
2024-11-05,60.86,61.049999,60.71,61.0,137300.0
2024-11-06,59.85,59.99,59.75,59.76,256200.0
2024-11-07,60.2,60.48,60.17,60.45,179700.0
2024-11-08,60.49,60.6,60.44,60.55,98600.0
2024-11-11,60.07,60.11,59.99,60.07,130100.0
2024-11-12,59.75,59.83,59.59,59.71,92000.0
2024-11-13,59.77,59.77,59.31,59.34,205900.0
2024-11-14,59.26,59.35,59.0099983,59.029999,120100.0
2024-11-15,59.45,59.99,59.29,59.83,122800.0
2024-11-18,59.63,59.74,59.53,59.73,117600.0
2024-11-19,59.92,59.98,59.65,59.68,66400.0
2024-11-20,59.3,59.53,59.29,59.4,97600.0
2024-11-21,59.8,59.97,59.68,59.73,69900.0
2024-11-22,59.68,59.71,59.58,59.62,66200.0
2024-11-25,60.040001,60.099998,59.77,59.92,104100.0
2024-11-26,60.099998,60.32,60.049999,60.32,160600.0
2024-11-27,61.07,61.34,60.84,61.12,220500.0
2024-11-29,61.47,61.7,61.33,61.7,119400.0
2024-12-02,61.57,61.9,61.45,61.75,113200.0
2024-12-03,62.0,62.09,61.72,61.74,162100.0
2024-12-04,61.17,61.52,61.14,61.3,82100.0
2024-12-05,61.3,61.54,61.28,61.48,60100.0
2024-12-06,61.72,61.79,61.48,61.53,585500.0
2024-12-09,61.2,61.23,60.99,61.049999,85500.0
2024-12-10,60.81,60.88,60.67,60.77,102200.0
2024-12-11,60.68,60.76,60.47,60.48,78300.0
2024-12-12,60.6,60.7,60.45,60.47,63700.0
2024-12-13,60.16,60.18,60.029999,60.049999,130400.0
2024-12-16,59.9,59.93,59.76,59.89,117400.0
2024-12-17,60.11,60.26,60.049999,60.13,87100.0
2024-12-18,59.95,60.049999,59.67,59.68,384800.0
2024-12-19,58.75,58.77,58.52,58.66,423200.0
2024-12-20,59.0099983,59.2,58.91,59.040001,192300.0
2024-12-23,58.77,58.8,58.71,58.75,113800.0
2024-12-24,58.7,58.73,58.66,58.67,60000.0
2024-12-26,58.49,58.49,58.39,58.4,158400.0
2024-12-27,58.44,58.61,58.42,58.46,131800.0
2024-12-30,58.59,58.88,58.56,58.81,280700.0
2024-12-31,58.75,58.87,58.58,58.62,110400.0
2025-01-02,58.9,58.9,58.46,58.55,79900.0
2025-01-03,58.7,58.83,58.63,58.69,107400.0
2025-01-06,58.7,58.76,58.55,58.55,95300.0
2025-01-07,58.54,58.56,58.3,58.49,121900.0
2025-01-08,58.29,58.34,58.25,58.31,80000.0
2025-01-10,58.31,58.67,58.31,58.48,108700.0
2025-01-13,58.69,58.74,58.49,58.54,79800.0
2025-01-14,58.52,58.55,58.36,58.44,59000.0
2025-01-15,59.15,59.19,58.9,58.98,135000.0
2025-01-16,59.15,59.5,59.080002,59.47,387000.0
2025-01-17,59.23,59.27,59.060001,59.14,134400.0
2025-01-21,59.42,59.46,59.28,59.38,258200.0
2025-01-22,59.21,59.21,58.92,58.99,164600.0
2025-01-23,59.060001,59.26,59.0,59.2,185500.0
2025-01-24,59.0,59.36,58.98,59.2,160800.0
2025-01-27,59.89,59.92,59.66,59.69,258200.0
2025-01-28,59.38,59.52,59.26,59.36,80000.0
2025-01-29,59.4,59.56,59.31,59.41,77400.0
2025-01-30,59.86,59.98,59.73,59.79,95500.0
2025-01-31,59.62,59.71,59.45,59.47,310800.0
2025-02-03,59.7,59.9,59.52,59.62,118800.0
2025-02-04,59.48,59.84,59.46,59.79,161900.0
2025-02-05,60.28,60.64,60.28,60.43,273900.0
2025-02-06,60.69,60.98,60.65,60.89,213400.0
2025-02-07,60.81,61.12,60.77,60.99,170700.0
2025-02-10,60.82,60.87,60.68,60.73,108500.0
2025-02-11,60.53,60.61,60.47,60.49,108100.0
2025-02-12,59.84,59.88,59.63,59.76,295100.0
2025-02-13,60.080002,60.43,60.02,60.39,158000.0
2025-02-14,60.65,60.71,60.58,60.58,256600.0
2025-02-18,60.85,60.91,60.71,60.73,180400.0
2025-02-19,60.85,61.029999,60.8,60.94,122100.0
2025-02-20,61.49,61.74,61.49,61.66,398100.0
2025-02-21,61.45,61.96,61.42,61.9,543800.0
2025-02-24,61.69,61.87,61.62,61.65,429800.0
2025-02-25,61.84,62.11,61.74,61.97,396200.0
2025-02-26,61.75,62.0099983,61.58,61.93,224700.0
2025-02-27,61.57,61.67,61.44,61.62,376800.0
2025-02-28,61.3,61.4,61.15,61.32,211200.0
2025-03-03,61.13,61.86,61.12,61.73,227300.0
2025-03-04,62.14,62.26,61.73,61.9,585300.0
2025-03-05,62.02,62.18,61.87,61.97,306100.0
2025-03-06,62.45,62.58,62.19,62.42,348700.0
2025-03-07,62.72,62.78,62.28,62.37,305300.0
2025-03-10,62.85,62.93,62.58,62.66,479000.0
2025-03-11,62.44,62.76,62.28,62.44,311300.0
2025-03-12,61.98,62.29,61.9,62.19,376600.0
2025-03-13,62.27,62.58,62.23,62.47,344000.0
2025-03-14,62.11,62.23,61.97,62.060001,269400.0
2025-03-17,61.97,62.16,61.82,61.86,469000.0
2025-03-18,61.58,61.88,61.55,61.82,233400.0
2025-03-19,61.56,62.029999,61.43,61.96,258800.0
2025-03-20,62.080002,62.080002,61.9,61.97,257200.0
2025-03-21,61.98,62.02,61.76,61.77,438500.0
2025-03-24,61.6,61.6,61.18,61.22,178300.0
2025-03-25,61.55,61.66,61.51,61.52,129800.0
2025-03-26,61.32,61.33,61.17,61.24,111000.0
2025-03-27,61.19,61.24,60.98,61.040001,446500.0
2025-03-28,61.19,61.59,61.19,61.57,419600.0
2025-03-31,61.72,61.73,61.37,61.5,336500.0
2025-04-01,61.65,61.89,61.6,61.62,200800.0
2025-04-02,61.78,61.78,61.37,61.48,212200.0
2025-04-03,63.23,63.5,62.95,63.07,2557200.0
2025-04-04,63.44,63.58,62.57,62.84,824700.0
2025-04-07,62.9,62.93,62.22,62.31,744700.0
2025-04-08,62.67,63.21,62.42,63.07,938700.0
2025-04-09,63.88,63.88,62.22,62.36,1396100.0
2025-04-10,63.55,64.029999,63.51,63.79,1076700.0
2025-04-11,64.75,64.81,63.96,64.27,1155200.0
2025-04-14,64.040001,64.61,64.040001,64.53,1195100.0
2025-04-15,64.54,64.64,64.39,64.43,750700.0
2025-04-16,64.78,65.14,64.59,64.94,632800.0
2025-04-17,64.84,65.0,64.66,64.8,440600.0
2025-04-21,65.47,65.64,65.41,65.52,1880900.0
2025-04-22,65.61,65.61,65.13,65.14,827900.0
2025-04-23,64.95,65.010002,64.23,64.25,1000000.0
2025-04-24,64.72,64.77,64.53,64.62,412800.0
2025-04-25,64.18,64.25,64.010002,64.17,558600.0
2025-04-28,64.27,64.88,64.27,64.88,380000.0
2025-04-29,64.83,64.9,64.71,64.74,728000.0
2025-04-30,64.54,64.66,64.44,64.54,617200.0
2025-05-01,63.74,63.8,63.21,63.29,855900.0
2025-05-02,63.87,64.099998,63.51,63.56,498500.0
2025-05-05,64.17,64.2,63.89,64.12,386500.0
2025-05-06,64.62,64.76,64.45,64.76,408900.0
2025-05-07,64.31,64.48,64.019997,64.11,303100.0
2025-05-08,63.79,63.8,63.029999,63.15,381300.0
2025-05-09,63.51,63.64,63.41,63.45,237400.0
2025-05-12,62.31,62.35,62.0099983,62.09,1631300.0
2025-05-13,62.33,62.52,62.25,62.49,311600.0
2025-05-14,63.07,63.22,62.63,62.79,597400.0
2025-05-15,63.18,63.36,63.099998,63.3,249000.0
2025-05-16,63.32,63.35,63.080002,63.12,210000.0
2025-05-19,63.63,63.65,63.48,63.64,187900.0
2025-05-20,63.63,63.8,63.58,63.74,170700.0
2025-05-21,64.080002,64.32,64.040001,64.17,455400.0
2025-05-22,64.16,64.2,63.85,63.97,175800.0
2025-05-23,64.53,64.72,64.5,64.68,428900.0
2025-05-27,64.010002,64.040001,63.8,63.84,375000.0
2025-05-28,63.65,63.75,63.54,63.62,255200.0
2025-05-29,63.84,63.99,63.77,63.9,266300.0
2025-05-30,63.96,64.080002,63.8,64.029999,227500.0
2025-06-02,64.41,64.64,64.4,64.58,241100.0
2025-06-03,64.26,64.27,63.95,63.99,189700.0
2025-06-04,64.17,64.6,64.080002,64.45,254900.0
2025-06-05,64.41,64.46,63.99,64.099998,223700.0
2025-06-06,63.61,63.7,63.51,63.65,337100.0
2025-06-09,63.65,63.84,63.65,63.76,399600.0
2025-06-10,63.82,63.82,63.52,63.55,230100.0
2025-06-11,63.57,63.83,63.46,63.68,162200.0
2025-06-12,64.21,64.31,64.019997,64.15,219600.0
2025-06-13,63.81,64.040001,63.78,64.019997,138700.0
2025-06-16,64.029999,64.13,63.57,63.58,173500.0
2025-06-17,63.63,63.63,63.36,63.45,128600.0
2025-06-18,63.6,63.81,63.43,63.44,218500.0
2025-06-20,63.25,63.25,63.0,63.02,378000.0
2025-06-23,62.51,63.09,62.46,63.029999,344700.0
2025-06-24,63.46,63.73,63.45,63.61,157700.0
2025-06-25,63.15,63.47,63.13,63.41,139100.0
2025-06-26,63.81,63.91,63.73,63.78,252500.0
2025-06-27,63.61,63.71,63.55,63.59,148300.0
2025-06-30,63.75,63.94,63.74,63.94,200400.0
2025-07-01,64.3,64.41,64.040001,64.040001,196700.0
2025-07-02,63.94,64.14,63.88,64.13,107400.0
2025-07-03,63.66,63.69,63.44,63.52,145000.0
2025-07-07,63.24,63.25,63.02,63.099998,325700.0
2025-07-08,62.76,62.83,62.69,62.82,269700.0
2025-07-09,62.86,62.97,62.84,62.93,186800.0
2025-07-10,62.91,62.99,62.75,62.95,208600.0
2025-07-11,62.63,62.69,62.42,62.46,321100.0
2025-07-14,62.44,62.51,62.31,62.32,186400.0
2025-07-15,62.09,62.12,61.8,61.85,243800.0
2025-07-16,61.88,62.67,61.83,62.29,524300.0
2025-07-17,61.96,62.040001,61.88,61.95,2978700.0
2025-07-18,62.080002,62.13,61.88,61.91,235500.0
2025-07-21,62.37,62.6,62.34,62.48,377900.0
2025-07-22,62.72,62.92,62.71,62.81,231000.0
2025-07-23,62.78,62.95,62.76,62.85,124300.0
2025-07-24,62.76,62.89,62.64,62.65,113700.0
2025-07-25,62.29,62.4,62.28,62.4,210400.0
2025-07-28,62.15,62.17,61.97,61.97,163900.0
2025-07-29,61.91,62.060001,61.88,61.99,127500.0
2025-07-30,61.78,61.95,61.6,61.6,327400.0
2025-07-31,61.25,61.25,61.029999,61.080002,639300.0
2025-08-01,62.11,62.51,62.09,62.43,641200.0
2025-08-04,62.61,62.68,62.49,62.64,191800.0
2025-08-05,62.37,62.49,62.28,62.35,103100.0
2025-08-06,62.48,62.64,62.35,62.57,237100.0
2025-08-07,62.52,62.63,62.38,62.59,418600.0
2025-08-08,62.31,62.34,62.24,62.32,87400.0
2025-08-11,62.27,62.27,62.09,62.09,111700.0
2025-08-12,62.060001,62.37,62.029999,62.29,269000.0
2025-08-13,62.45,62.57,62.4,62.44,100000.0
2025-08-14,62.51,62.52,62.21,62.3,101600.0
2025-08-15,62.63,62.69,62.49,62.54,184100.0
2025-08-18,62.27,62.33,62.2,62.27,118200.0
2025-08-19,62.28,62.44,62.27,62.39,121600.0
2025-08-20,62.42,62.67,62.42,62.48,180700.0
2025-08-21,62.31,62.37,62.0,62.0099983,252800.0
2025-08-22,61.91,62.79,61.91,62.64,504300.0
2025-08-25,62.41,62.49,62.25,62.3,133100.0
2025-08-26,62.39,62.58,62.32,62.43,70000.0
2025-08-27,62.17,62.49,62.15,62.42,76200.0
2025-08-28,62.55,62.74,62.52,62.65,100900.0
2025-08-29,62.52,62.71,62.52,62.63,72400.0
2025-09-02,61.96,62.23,61.96,62.07,275600.0
2025-09-03,61.9,62.25,61.88,62.16,149400.0
2025-09-04,62.0,62.02,61.86,61.98,66700.0
2025-09-05,62.46,62.68,62.4,62.4,142000.0
2025-09-08,62.34,62.45,62.24,62.42,166600.0
2025-09-09,62.68,62.79,62.42,62.42,307900.0
2025-09-10,62.46,62.52,62.43,62.43,122500.0
2025-09-11,62.39,62.6,62.38,62.57,255000.0
2025-09-12,62.28,62.42,62.25,62.35,135600.0
2025-09-15,62.49,62.52,62.42,62.44,176500.0
2025-09-16,62.64,62.93,62.64,62.82,216000.0
2025-09-17,62.95,63.26,62.66,62.71,393100.0
2025-09-18,62.17,62.24,62.060001,62.19,143400.0
2025-09-19,62.15,62.24,62.15,62.19,169000.0
2025-09-22,62.25,62.32,62.17,62.29,169400.0
2025-09-23,62.27,62.41,62.21,62.32,142200.0
2025-09-24,61.92,61.94,61.82,61.84,238800.0
2025-09-25,61.68,61.7,61.38,61.45,218600.0
2025-09-26,61.46,61.59,61.44,61.58,205700.0
2025-09-29,61.88,61.97,61.88,61.9,182900.0
2025-09-30,62.16,62.31,62.15,62.21,175200.0
2025-10-01,62.69,62.74,62.49,62.52,228000.0
2025-10-02,62.54,62.56,62.39,62.47,162000.0
2025-10-03,62.52,62.52,62.36,62.42,123900.0
2025-10-06,61.34,61.42,61.2,61.23,433800.0
2025-10-07,61.0,61.029999,60.54,60.58,424900.0
2025-10-08,60.3,60.36,60.16,60.26,249900.0
2025-10-09,60.25,60.27,60.029999,60.09,280600.0
2025-10-10,60.29,60.71,60.26,60.68,159200.0
2025-10-13,60.44,60.48,60.34,60.4,172200.0
2025-10-14,60.55,60.67,60.51,60.64,91400.0
2025-10-15,60.69,60.89,60.64,60.8,86100.0
2025-10-16,60.83,61.21,60.82,61.13,190000.0
2025-10-17,61.25,61.26,61.07,61.15,146400.0
2025-10-20,61.040001,61.12,60.98,61.029999,157800.0
2025-10-21,60.6,60.73,60.53,60.57,111400.0
2025-10-22,60.5,60.69,60.5,60.51,136100.0
2025-10-23,60.3,60.31,60.19,60.3,117900.0
2025-10-24,60.19,60.27,60.14,60.2,91000.0
2025-10-27,60.12,60.19,60.049999,60.17,188400.0
2025-10-28,60.36,60.55,60.36,60.45,198000.0
2025-10-29,60.51,60.56,60.099998,60.2,129300.0
2025-10-30,59.61,59.71,59.57,59.69,244700.0
2025-10-31,59.66,59.75,59.64,59.66,108400.0
2025-11-03,59.65,59.74,59.61,59.64,284700.0
2025-11-04,59.9,59.97,59.84,59.85,122300.0
2025-11-05,59.71,59.76,59.59,59.65,132100.0
2025-11-06,59.91,60.18,59.88,60.11,165100.0
2025-11-07,59.92,60.099998,59.89,59.94,81400.0
2025-11-10,59.71,59.76,59.68,59.73,92200.0
2025-11-11,59.77,59.8,59.67,59.68,68400.0
2025-11-12,59.34,59.51,59.32,59.41,179400.0
2025-11-13,59.45,59.65,59.45,59.5,79300.0
2025-11-14,59.66,59.68,59.42,59.53,83900.0
2025-11-17,59.35,59.37,59.21,59.24,159900.0
2025-11-18,59.2,59.31,59.060001,59.15,114500.0
2025-11-19,58.83,58.84,58.56,58.61,184400.0
2025-11-20,58.35,58.46,58.23,58.33,149800.0
2025-11-21,58.65,58.85,58.6,58.78,174700.0
2025-11-24,58.56,58.67,58.52,58.66,104700.0
2025-11-25,58.86,59.0,58.82,58.91,95400.0
2025-11-26,58.69,58.83,58.69,58.8,137000.0
2025-11-28,58.86,58.97,58.82,58.92,193400.0
2025-12-01,59.35,59.4,59.16,59.2,228600.0
2025-12-02,58.99,59.049999,58.9,59.02,100700.0
2025-12-03,59.18,59.35,59.13,59.29,208300.0
2025-12-04,59.5,59.5,59.3,59.3,139200.0
2025-12-05,59.32,59.32,59.17,59.25,115000.0
2025-12-08,59.19,59.19,58.97,58.99,214100.0
2025-12-09,58.84,58.84,58.6,58.62,186200.0
2025-12-10,58.71,59.040001,58.71,59.02,300000.0
2025-12-11,59.35,59.35,59.07,59.099998,273600.0
2025-12-12,58.97,59.060001,58.93,58.98,105200.0
2025-12-15,59.29,59.39,59.19,59.25,302000.0
2025-12-16,59.4,59.53,59.38,59.44,267500.0
2025-12-17,59.14,59.2,59.049999,59.060001,226500.0
2025-12-18,59.18,59.23,59.07,59.099998,130300.0
2025-12-19,58.55,58.55,58.3,58.3,396600.0
2025-12-22,58.61,58.69,58.53,58.57,252800.0
2025-12-23,58.77,58.88,58.76,58.83,141600.0
2025-12-24,58.99,59.07,58.95,58.98,70900.0
2025-12-26,58.91,58.91,58.67,58.74,164100.0
2025-12-29,58.86,58.88,58.45,58.49,384100.0
2025-12-30,58.78,58.8,58.68,58.7,264600.0
2025-12-31,58.54,58.67,58.52,58.67,152000.0
2026-01-02,58.62,58.69,58.55,58.59,123900.0
2026-01-05,58.61,58.87,58.6,58.78,112500.0
2026-01-06,58.78,58.8,58.63,58.65,174000.0
2026-01-07,58.7,58.76,58.6,58.6,65300.0
2026-01-08,58.51,58.59,58.5,58.52,77700.0
2026-01-09,58.21,58.23,58.11,58.23,156600.0
2026-01-12,58.19,58.22,58.099998,58.11,98700.0
2026-01-13,57.88,57.88,57.74,57.76,188300.0
2026-01-14,58.09,58.14,57.97,57.98,355700.0
2026-01-15,57.93,58.029999,57.86,57.96,94800.0
2026-01-16,58.15,58.25,58.11,58.18,168100.0
2026-01-20,58.28,58.28,58.09,58.14,244400.0
2026-01-21,58.15,58.19,58.0,58.07,148700.0
2026-01-22,57.94,58.09,57.94,58.0099983,128900.0
2026-01-23,58.080002,59.040001,58.07,59.02,522700.0
2026-01-26,59.75,59.84,59.62,59.69,474900.0
2026-01-27,60.029999,60.45,59.95,60.36,410000.0
2026-01-28,60.2,60.21,59.73,59.95,852600.0
2026-01-29,59.97,60.19,59.88,60.029999,227300.0
2026-01-30,59.56,59.63,59.41,59.42,477700.0
2026-02-02,59.18,59.21,59.02,59.080002,246200.0
2026-02-03,58.93,59.099998,58.92,59.060001,143800.0
2026-02-04,58.69,58.79,58.56,58.59,192600.0
2026-02-05,58.59,58.72,58.49,58.49,428500.0
2026-02-06,58.59,58.62,58.49,58.5,109400.0
2026-02-09,59.049999,59.07,58.86,58.96,217900.0
2026-02-10,59.54,59.66,59.49,59.57,481100.0
2026-02-11,59.73,60.24,59.73,60.0099983,265900.0
2026-02-12,60.029999,60.29,60.02,60.21,355600.0
2026-02-13,60.14,60.22,60.0,60.19,229200.0
2026-02-17,59.93,59.98,59.73,59.98,158300.0
2026-02-18,59.58,59.6,59.35,59.38,185700.0
2026-02-19,59.15,59.34,59.15,59.24,222400.0
2026-02-20,59.13,59.38,59.09,59.28,215900.0
2026-02-23,59.38,59.59,59.36,59.41,102700.0
2026-02-24,58.88,59.049999,58.87,58.98,116100.0
2026-02-25,58.66,58.81,58.66,58.76,157500.0
2026-02-26,58.84,58.95,58.74,58.86,97800.0
2026-02-27,58.86,58.95,58.83,58.83,86600.0
2026-03-02,58.32,58.49,58.25,58.4,145700.0
2026-03-03,58.17,58.33,58.17,58.27,215500.0
2026-03-04,58.39,58.56,58.38,58.49,121700.0
2026-03-05,58.24,58.35,58.19,58.3,154500.0
2026-03-06,58.17,58.34,58.16,58.19,157900.0
2026-03-09,58.0,58.27,57.95,58.19,193000.0
2026-03-10,58.27,58.38,58.11,58.15,125100.0
2026-03-11,57.97,58.02,57.78,57.78,138000.0
2026-03-12,57.76,57.8,57.62,57.63,162900.0
2026-03-13,57.68,57.77,57.52,57.54,213400.0
2026-03-16,57.71,57.82,57.65,57.74,87200.0
2026-03-17,57.8,57.86,57.74,57.74,89100.0
2026-03-18,57.6,57.64,57.45,57.46,164300.0
2026-03-19,57.83,58.29,57.83,58.26,253900.0
2026-03-20,57.85,57.85,57.62,57.66,165000.0
2026-03-23,57.89,58.099998,57.8,57.96,204600.0
2026-03-24,57.78,57.89,57.69,57.78,98800.0
2026-03-25,57.74,57.76,57.57,57.61,407900.0
2026-03-26,57.57,57.58,57.43,57.43,210800.0
2026-03-27,57.41,57.49,57.25,57.36,175300.0
2026-03-30,57.61,57.63,57.5,57.51,88800.0
2026-03-31,57.66,57.88,57.64,57.88,101400.0
2026-04-01,57.94,57.96,57.78,57.8,88600.0
2026-04-02,57.55,57.67,57.52,57.54,129200.0
2026-04-06,57.58,57.62,57.47,57.53,72500.0
2026-04-07,57.45,57.57,57.39,57.55,140500.0
2026-04-08,58.080002,58.11,57.84,57.9,133000.0
2026-04-09,57.76,57.88,57.65,57.7,73600.0
2026-04-10,57.7,57.73,57.62,57.64,64800.0
2026-04-13,57.45,57.63,57.45,57.59,189400.0
2026-04-14,57.78,57.89,57.77,57.79,361400.0
2026-04-15,57.76,57.83,57.69,57.73,245100.0
2026-04-16,57.75,57.75,57.61,57.68,153400.0
2026-04-17,57.9,58.24,57.87,57.89,498300.0
2026-04-20,57.88,57.89,57.76,57.78,157800.0
2026-04-21,57.73,57.73,57.49,57.5,112100.0
2026-04-22,57.65,57.69,57.54,57.55,139500.0
2026-04-23,57.51,57.61,57.43,57.48,88600.0
2026-04-24,57.5,57.61,57.5,57.57,171300.0
2026-04-27,57.67,57.7,57.57,57.58,96800.0
2026-04-28,57.55,57.56,57.47,57.5,159200.0
2026-04-29,57.36,57.37,57.23,57.26,352800.0
2026-04-30,58.6,58.75,58.48,58.63,831900.0
2026-05-01,58.66,58.72,58.44,58.44,210600.0
2026-05-04,58.43,58.61,58.36,58.44,480700.0
2026-05-05,58.23,58.24,58.13,58.19,310800.0
2026-05-06,58.79,58.83,58.68,58.69,430900.0
2026-05-07,58.71,58.79,58.54,58.56,176000.0
2026-05-08,58.66,58.71,58.6,58.6,142900.0
2026-05-11,58.5,58.51,58.4,58.42,131700.0
2026-05-12,58.27,58.3,58.2,58.27,153400.0
2026-05-13,58.16,58.22,58.13,58.17,168300.0
2026-05-14,58.14,58.33,57.98,58.0,307800.0
2026-05-15,57.89,57.93,57.85,57.85,317900.0
2026-05-18,57.84,57.89,57.73,57.8,187800.0
2026-05-19,57.7,57.83,57.67,57.72,210200.0
2026-05-20,57.71,57.9,57.68,57.78,88100.0
2026-05-21,57.63,57.8,57.58,57.77,91600.0
2026-05-22,57.74,57.74,57.67,57.7,66500.0
2026-05-26,57.63,57.66,57.61,57.63,69400.0
2026-05-27,57.58,57.62,57.53,57.54,107100.0
2026-05-28,57.57,57.68,57.56,57.65,109900.0
2026-05-29,57.62,57.7,57.61,57.62,129800.0
2026-06-01,57.5,57.53,57.46,57.51,241800.0
2026-06-02,57.43,57.46,57.39,57.43,180700.0
2026-06-03,57.39,57.41,57.34,57.34,184600.0
2026-06-04,57.4,57.42,57.34,57.35,74100.0
2026-06-05,57.32,57.38,57.25,57.31,136100.0
2026-06-08,57.38,57.39,57.27,57.28,197500.0
2026-06-09,57.28,57.31,57.21,57.23,110500.0
2026-06-10,57.2,57.24,57.17,57.17,114500.0
2026-06-11,57.14,57.49,57.13,57.43,237100.0
2026-06-12,57.29,57.29,57.21,57.26,157500.0
2026-06-15,57.3,57.33,57.22,57.24,130400.0
2026-06-16,57.21,57.22,57.18,57.19,127400.0
2026-06-17,57.24,57.27,57.049999,57.09,181000.0
2026-06-18,57.029999,57.060001,56.7,56.85,605000.0
2026-06-22,56.71,56.94,56.66,56.79,244400.0
2026-06-23,56.8,56.82,56.77,56.8,168100.0
2026-06-24,56.74,56.74,56.69,56.7,108700.0
2026-06-25,56.71,56.76,56.68,56.69,78000.0
2026-06-26,56.76,56.78,56.7,56.71,94600.0
2026-06-29,56.67,56.68,56.64,56.66,124400.0
2026-06-30,56.52,56.53,56.4,56.44,175700.0
2026-07-01,56.41,56.53,56.41,56.43,178000.0
2026-07-02,56.94,57.060001,56.92,56.95,222400.0
2026-07-06,56.5,56.61,56.48,56.59,154400.0
2026-07-07,56.64,56.68,56.58,56.63,93700.0
2026-07-08,56.45,56.48,56.39,56.46,82300.0
2026-07-09,56.47,56.53,56.47,56.48,53200.0
2026-07-10,56.7,56.87,56.68,56.74,197200.0
2026-07-13,56.59,56.59,56.45,56.46,141800.0
2026-07-14,56.65,56.68,56.53,56.57,206400.0
2026-07-15,56.51,56.66,56.51,56.53,154300.0
2026-07-16,56.51,56.52,56.41,56.45,110900.0
2026-07-17,56.47,56.51,56.44,56.51,262100.0
2026-07-20,56.47,56.49,56.41,56.46,166300.0
2026-07-21,56.35,56.35,56.21,56.22,218900.0
2026-07-22,56.28,56.29,56.22,56.23,194400.0
2026-07-23,56.040001,56.07,55.96,56.0099983,588200.0
2026-07-24,56.0,56.080002,56.0,56.040001,104100.0
2026-07-27,56.040001,56.09,56.0099983,56.0099983,359200.0
2026-07-28,55.98,56.060001,55.97,56.0,211900.0
2026-07-29,56.02,56.21,55.97,56.13,172300.0
2026-07-30,56.37,58.029999,56.35,57.58,1838900.0
2026-07-31,57.52,58.0099983,57.38,57.66,682600.0
2026-08-03,58.62,58.72,58.43,58.5,678400.0
2026-08-04,58.28,58.37,58.11,58.15,465400.0
2026-08-05,58.22,58.3,58.13,58.15,176500.0
2026-08-06,58.09,58.099998,57.84,57.89,179400.0
2026-08-07,58.27,58.31,58.07,58.24,455300.0
2026-08-10,57.75,57.79,57.59,57.62,441300.0
2026-08-11,57.62,57.65,57.59,57.63,295100.0
2026-08-12,57.75,57.77,57.51,57.52,222700.0
2026-08-13,57.6,57.7,57.51,57.53,154700.0
2026-08-14,57.71,57.77,57.55,57.58,333100.0
2026-08-17,57.61,57.64,57.48,57.53,120700.0
2026-08-18,57.44,57.54,57.44,57.48,128500.0
2026-08-19,57.89,58.060001,57.85,58.02,364800.0
2026-08-20,57.84,57.86,57.63,57.66,152400.0
2026-08-21,57.76,57.79,57.68,57.7,130400.0
2026-08-24,57.64,57.69,57.62,57.64,77300.0
2026-08-25,57.63,57.66,57.58,57.63,191700.0
2026-08-26,57.59,57.59,57.5,57.55,714900.0
2026-08-27,57.54,57.56,57.49,57.5,213800.0
2026-08-28,57.44,57.5,57.22,57.25,527600.0
2026-08-31,57.36,57.46,57.35,57.39,197600.0
2026-09-01,57.3,57.34,57.2,57.2,97800.0
2026-09-02,57.72,57.84,57.66,57.73,252200.0
2026-09-03,58.89,59.029999,58.84,58.87,585300.0
2026-09-04,58.91,58.96,58.67,58.67,205300.0
2026-09-08,59.61,59.74,59.39,59.56,383500.0
2026-09-09,59.8,59.9,59.64,59.7,473600.0
2026-09-10,59.45,59.59,59.38,59.4,223300.0
2026-09-11,59.73,59.82,59.63,59.68,249100.0
2026-09-14,59.21,59.55,59.15,59.43,251200.0
