date,open,high,low,close,volume
2007-06-21,656.7,659.7,650.5,654.2,77890.0
2007-06-22,655.0,659.5,653.5,657.0,48946.0
2007-06-25,657.4,657.7,651.6,654.7,47610.0
2007-06-26,654.4,654.7,642.8,645.3,106269.0
2007-06-27,643.1,647.5,641.1,644.8,64506.0
2007-06-28,646.2,652.5,645.5,650.4,57913.0
2007-06-29,651.0,655.0,648.8,650.9,46882.0
2007-07-02,651.6,661.3,650.6,659.2,72672.0
2007-07-03,659.2,660.3,654.0,655.4,72672.0
2007-07-04,656.1,657.2,655.3,656.3,61215.0
2007-07-05,656.1,658.7,647.4,650.6,84068.0
2007-07-06,651.5,658.0,646.7,654.8,79433.0
2007-07-09,657.6,666.0,655.3,662.5,83837.0
2007-07-10,662.1,667.0,660.3,664.4,77458.0
2007-07-11,665.0,667.8,661.3,662.1,61063.0
2007-07-12,661.9,671.0,661.8,668.3,83470.0
2007-07-13,668.0,669.9,664.4,667.3,69743.0
2007-07-16,667.3,670.5,664.5,666.3,42191.0
2007-07-17,666.2,668.4,663.0,665.9,50738.0
2007-07-18,665.4,675.3,665.2,673.7,90980.0
2007-07-19,673.6,678.5,672.0,678.1,75283.0
2007-07-20,678.5,687.6,675.8,684.7,103817.0
2007-07-23,684.7,685.8,680.5,681.5,55401.0
2007-07-24,682.0,688.4,681.0,684.8,111824.0
2007-07-25,681.6,682.5,670.5,673.8,122683.0
2007-07-26,675.3,677.4,652.8,662.8,167328.0
2007-07-27,662.8,666.8,656.6,660.1,95749.0
2007-07-30,673.0,677.8,671.8,676.6,56245.0
2007-07-31,677.3,680.9,675.0,679.3,52274.0
2007-08-01,675.3,679.0,670.6,675.9,71656.0
2007-08-02,679.1,679.4,674.0,676.6,40019.0
2007-08-03,676.8,687.1,676.2,684.4,78920.0
2007-08-06,684.2,687.4,680.0,683.3,49915.0
2007-08-07,683.0,683.9,677.4,682.3,52631.0
2007-08-08,683.1,688.1,680.8,686.3,54055.0
2007-08-09,686.0,686.0,669.8,672.8,108755.0
2007-08-10,672.1,687.4,668.8,681.6,111757.0
2007-08-13,682.7,683.7,679.1,680.9,40451.0
2007-08-14,680.0,682.2,676.3,679.7,55766.0
2007-08-15,680.0,681.8,672.5,679.7,76382.0
2007-08-16,677.8,678.5,651.6,658.0,169664.0
2007-08-17,660.8,674.5,655.5,666.8,94331.0
2007-08-20,667.0,670.6,662.3,666.5,54000.0
2007-08-21,667.6,669.8,663.9,666.2,58169.0
2007-08-22,667.0,671.6,664.2,668.7,55486.0
2007-08-23,670.1,674.5,667.4,668.4,57081.0
2007-08-24,669.3,679.0,666.7,677.5,67675.0
2007-08-27,677.5,677.8,674.9,676.2,24129.0
2007-08-28,676.0,677.7,671.0,673.5,53511.0
2007-08-29,671.1,678.2,670.2,675.4,53618.0
2007-08-30,676.5,676.8,671.8,673.9,46155.0
2007-08-31,673.3,683.9,673.0,681.9,46155.0
2007-09-03,681.9,682.8,680.1,680.9,69732.0
2007-09-04,681.9,692.5,680.1,691.5,89769.0
2007-09-05,691.0,692.3,687.3,690.7,63440.0
2007-09-06,691.0,707.3,690.2,704.6,127691.0
2007-09-07,705.5,716.6,701.5,709.7,129182.0
2007-09-10,709.5,716.3,708.0,712.2,67168.0
2007-09-11,711.8,723.8,711.5,721.1,99930.0
2007-09-12,721.2,723.6,714.5,720.7,78049.0
2007-09-13,720.0,721.2,712.0,717.9,75139.0
2007-09-14,717.0,726.5,712.7,717.8,94363.0
2007-09-17,715.8,728.9,714.8,723.8,78796.0
2007-09-18,726.2,735.5,720.0,723.7,100840.0
2007-09-19,732.3,735.0,727.7,729.5,98070.0
2007-09-20,729.6,746.5,728.9,739.9,140150.0
2007-09-21,741.6,747.1,734.0,738.9,100859.0
2007-09-24,738.6,743.9,733.5,739.3,80781.0
2007-09-25,737.6,741.7,729.2,738.8,101360.0
2007-09-26,738.5,744.2,733.4,735.5,104086.0
2007-09-27,734.9,743.2,733.9,739.9,83510.0
2007-09-28,740.8,752.8,740.0,750.0,101863.0
2007-10-01,750.6,755.7,747.8,754.1,68808.0
2007-10-02,753.9,754.0,730.7,736.3,125569.0
2007-10-03,738.4,742.5,732.3,735.7,86469.0
2007-10-04,734.8,744.7,726.3,743.8,132488.0
2007-10-05,743.8,750.7,732.7,747.2,111763.0
2007-10-08,747.5,748.5,736.7,738.7,48487.0
2007-10-09,739.0,746.5,732.2,743.1,99307.0
2007-10-10,743.5,751.9,742.8,746.0,82202.0
2007-10-11,746.1,759.3,745.8,756.7,120317.0
2007-10-12,753.2,757.6,750.0,753.8,79547.0
2007-10-15,754.0,765.5,752.7,762.2,97583.0
2007-10-16,763.7,772.0,758.2,762.0,126970.0
2007-10-17,765.6,769.8,756.4,762.3,132694.0
2007-10-18,760.2,774.9,759.2,768.7,93601.0
2007-10-19,772.5,776.9,762.4,768.4,110423.0
2007-10-22,770.9,772.8,749.0,760.0,148678.0
2007-10-23,758.8,765.5,756.8,763.1,83117.0
2007-10-24,763.3,768.0,757.7,765.6,85615.0
2007-10-25,767.1,773.5,765.5,771.0,84788.0
2007-10-26,772.9,789.5,771.8,787.5,98805.0
2007-10-29,792.5,798.3,788.7,792.6,111976.0
2007-10-30,794.2,795.6,782.2,787.8,97798.0
2007-10-31,784.8,800.8,780.0,795.3,113908.0
2007-11-01,799.4,802.5,786.6,793.7,113669.0
2007-11-02,790.5,811.0,790.0,808.5,125974.0
2007-11-05,810.6,814.2,803.5,810.8,90033.0
2007-11-06,809.0,828.0,808.6,823.4,116220.0
2007-11-07,826.9,848.0,824.8,833.5,195009.0
2007-11-08,832.0,847.8,825.6,837.5,175785.0
2007-11-09,835.4,840.7,828.5,834.7,122786.0
2007-11-12,831.5,833.6,792.8,807.7,180907.0
2007-11-13,795.7,810.4,791.7,799.0,156362.0
2007-11-14,802.3,817.4,800.0,814.7,113579.0
2007-11-15,813.2,819.4,783.0,787.3,181657.0
2007-11-16,789.0,798.4,784.5,787.0,124286.0
2007-11-19,788.3,794.9,775.7,778.0,117456.0
2007-11-20,782.1,806.7,773.4,791.4,156533.0
2007-11-21,802.9,808.0,795.0,798.6,156533.0
2007-11-22,801.2,805.9,798.4,804.0,115804.0
2007-11-23,804.5,826.1,798.4,824.7,106719.0
2007-11-26,823.5,837.2,820.0,826.5,170843.0
2007-11-27,823.9,829.4,807.4,814.0,188877.0
2007-11-28,812.6,815.9,791.0,800.3,165342.0
2007-11-29,811.2,814.9,798.8,802.3,115037.0
2007-11-30,799.6,806.2,785.0,789.1,117064.0
2007-12-03,789.4,800.9,783.0,794.7,73122.0
2007-12-04,800.3,811.7,792.6,807.6,92933.0
2007-12-05,808.7,813.0,797.0,803.7,88995.0
2007-12-06,801.0,811.5,790.9,807.1,105669.0
2007-12-07,807.3,811.1,796.4,800.2,91660.0
2007-12-10,806.5,818.0,799.5,813.5,77875.0
2007-12-11,811.5,819.3,801.5,817.1,85574.0
2007-12-12,804.5,822.8,802.2,818.8,104699.0
2007-12-13,812.9,819.0,796.8,804.0,117080.0
2007-12-14,801.7,808.5,792.3,798.0,93428.0
2007-12-17,798.8,803.6,789.6,799.3,67017.0
2007-12-18,798.9,811.4,794.7,807.4,80776.0
2007-12-19,807.6,809.4,802.2,805.4,58497.0
2007-12-20,807.3,807.6,797.2,803.2,63782.0
2007-12-21,800.0,816.7,799.5,815.4,74028.0
2007-12-24,815.5,819.7,812.2,816.5,23740.0
2007-12-26,816.3,830.2,811.6,829.5,55509.0
2007-12-27,828.1,835.5,825.2,831.8,68252.0
2007-12-28,829.6,844.6,828.3,842.7,61729.0
2007-12-31,843.2,847.4,833.0,838.0,48304.0
2008-01-02,837.5,864.9,837.5,860.0,137804.0
2008-01-03,861.5,872.9,856.5,869.1,136253.0
2008-01-04,866.1,871.8,857.0,865.7,122758.0
2008-01-07,862.8,867.8,857.8,862.0,89731.0
2008-01-08,860.7,884.0,859.4,880.3,125474.0
2008-01-09,880.3,894.4,873.8,881.7,137272.0
2008-01-10,881.0,897.3,867.8,893.6,180840.0
2008-01-11,896.8,900.1,888.8,897.7,125396.0
2008-01-14,899.4,915.9,893.1,903.4,134996.0
2008-01-15,904.6,916.1,888.6,902.6,166327.0
2008-01-16,890.6,901.0,875.0,882.0,203124.0
2008-01-17,878.1,891.5,875.2,880.5,127242.0
2008-01-18,879.8,889.4,870.6,881.7,113552.0
2008-01-22,882.0,895.6,849.5,890.3,274246.0
2008-01-23,893.5,896.5,876.6,883.1,166816.0
2008-01-24,892.2,914.2,889.4,905.8,165385.0
2008-01-25,914.1,924.3,906.0,910.7,155340.0
2008-01-28,912.5,929.8,912.5,927.1,169894.0
2008-01-29,928.5,933.3,919.6,925.1,157692.0
2008-01-30,930.1,942.2,921.1,926.3,130239.0
2008-01-31,933.1,934.0,923.0,928.0,101345.0
2008-02-01,929.8,941.8,908.0,913.5,186317.0
2008-02-04,910.5,917.4,896.1,909.4,123843.0
2008-02-05,907.5,911.3,888.4,890.3,152819.0
2008-02-06,892.9,912.0,890.0,905.0,124136.0
2008-02-07,904.4,916.0,900.1,910.0,123220.0
2008-02-08,914.8,927.3,911.3,922.3,98049.0
2008-02-11,924.1,931.0,919.6,926.7,87879.0
2008-02-12,926.0,928.5,906.0,911.1,122521.0
2008-02-13,909.8,914.5,899.5,910.2,108824.0
2008-02-14,909.5,917.3,904.8,910.8,90861.0
2008-02-15,911.2,919.0,900.6,906.1,93911.0
2008-02-19,905.1,934.4,903.2,929.8,133503.0
2008-02-20,930.6,949.2,916.1,937.8,131899.0
2008-02-21,947.0,958.4,941.0,949.2,128006.0
2008-02-22,948.5,953.0,938.1,947.8,102148.0
2008-02-25,948.0,954.9,935.5,940.5,120116.0
2008-02-26,940.3,953.2,928.9,948.9,111104.0
2008-02-27,951.8,967.7,951.8,961.0,128040.0
2008-02-28,961.2,975.0,955.5,967.5,120556.0
2008-02-29,973.1,978.5,966.2,975.0,118009.0
2008-03-03,975.6,991.9,975.5,984.2,125169.0
2008-03-04,985.7,990.3,958.3,966.3,165208.0
2008-03-05,966.9,995.2,960.7,988.5,154170.0
2008-03-06,991.0,994.3,966.5,977.1,171611.0
2008-03-07,977.5,990.7,971.0,974.2,144063.0
2008-03-10,975.3,982.8,961.9,971.8,126788.0
2008-03-11,974.9,987.8,966.0,976.0,157010.0
2008-03-12,974.1,985.0,969.5,980.5,111272.0
2008-03-13,984.9,1001.5,982.7,993.8,142871.0
2008-03-14,997.2,1009.0,991.7,999.5,160290.0
2008-03-17,1004.5,1033.9,994.1,1002.6,225443.0
2008-03-18,1003.7,1013.4,976.8,1004.3,169337.0
2008-03-19,982.9,997.8,937.5,945.3,295222.0
2008-03-20,942.9,943.8,904.7,920.0,230124.0
2008-03-24,918.3,927.5,906.2,918.7,94060.0
2008-03-25,915.4,939.5,911.9,935.0,158058.0
2008-03-26,939.1,954.9,934.7,949.2,175123.0
2008-03-27,954.2,955.2,940.1,948.8,145634.0
2008-03-28,952.8,956.3,928.0,936.5,123555.0
2008-03-31,936.4,945.7,917.1,921.5,118963.0
2008-04-01,920.5,925.7,876.3,887.8,190147.0
2008-04-02,888.0,911.5,885.1,900.2,121638.0
2008-04-03,906.6,913.2,892.0,909.6,118277.0
2008-04-04,907.7,919.0,903.0,913.2,92603.0
2008-04-07,917.0,933.7,914.4,926.8,95881.0
2008-04-08,923.9,929.7,911.4,918.0,96188.0
2008-04-09,919.1,939.6,906.6,937.5,128857.0
2008-04-10,937.5,943.4,925.4,931.8,122170.0
2008-04-11,932.7,935.8,920.5,927.0,89345.0
2008-04-14,924.2,935.4,917.5,928.7,80123.0
2008-04-15,928.0,939.8,926.1,932.0,88687.0
2008-04-16,931.3,952.7,927.3,948.3,122103.0
2008-04-17,948.5,956.2,940.3,942.9,102951.0
2008-04-18,944.1,949.8,907.3,915.2,149069.0
2008-04-21,920.1,931.9,914.0,917.6,116793.0
2008-04-22,919.0,928.5,914.4,925.2,94205.0
2008-04-23,919.4,925.7,899.2,909.0,157099.0
2008-04-24,906.9,909.3,885.4,889.4,143698.0
2008-04-25,888.7,899.0,880.0,889.7,115034.0
2008-04-28,890.0,898.1,888.8,895.5,83084.0
2008-04-29,895.6,895.8,870.3,876.8,118111.0
2008-04-30,872.2,880.8,864.1,865.1,133212.0
2008-05-01,879.0,883.6,848.5,850.9,142833.0
2008-05-02,853.8,860.9,846.4,858.0,103598.0
2008-05-05,859.2,876.0,858.7,874.1,83722.0
2008-05-06,875.4,884.5,872.6,877.7,108030.0
2008-05-07,877.4,883.3,864.4,871.2,99975.0
2008-05-08,870.1,887.0,866.4,882.1,123105.0
2008-05-09,885.5,890.8,871.0,885.8,116621.0
2008-05-12,884.3,890.8,878.5,884.9,89448.0
2008-05-13,884.0,887.2,861.4,869.6,141562.0
2008-05-14,867.2,871.7,860.0,866.5,94943.0
2008-05-15,865.6,888.5,862.3,880.0,149377.0
2008-05-16,882.9,905.6,880.5,899.9,139909.0
2008-05-19,903.2,914.2,900.8,905.8,97210.0
2008-05-20,906.2,924.1,903.1,920.2,133349.0
2008-05-21,921.0,933.0,916.5,928.6,141229.0
2008-05-22,932.9,935.4,917.1,918.3,143902.0
2008-05-23,921.2,929.5,914.7,925.8,143902.0
2008-05-26,924.8,929.0,923.2,929.0,108724.0
2008-05-27,924.8,930.6,903.3,907.9,197895.0
2008-05-28,906.2,909.2,888.3,900.5,149889.0
2008-05-29,906.2,907.8,876.6,881.7,167415.0
2008-05-30,881.7,892.8,873.0,891.5,90628.0
2008-06-02,891.3,901.2,884.4,897.0,90576.0
2008-06-03,894.2,900.6,878.4,885.5,123856.0
2008-06-04,883.9,890.1,879.2,883.8,95355.0
2008-06-05,881.8,883.3,867.7,875.5,146535.0
2008-06-06,881.0,905.6,880.0,899.0,130728.0
2008-06-09,906.1,912.5,893.2,898.1,119589.0
2008-06-10,894.5,897.9,866.7,871.2,159441.0
2008-06-11,871.2,885.9,870.0,882.9,103590.0
2008-06-12,883.5,884.9,859.6,872.0,144909.0
2008-06-13,871.0,876.7,861.5,873.1,89869.0
2008-06-16,872.6,897.3,868.7,886.3,104892.0
2008-06-17,884.7,891.0,876.2,886.9,97083.0
2008-06-18,884.9,898.1,882.5,893.5,103374.0
2008-06-19,896.8,911.0,888.8,904.2,151919.0
2008-06-20,900.4,910.1,897.8,903.7,90239.0
2008-06-23,903.7,909.7,877.4,887.2,130320.0
2008-06-24,885.5,896.5,884.4,891.6,94217.0
2008-06-25,891.7,892.9,875.2,882.3,107935.0
2008-06-26,888.0,920.3,886.6,915.1,148400.0
2008-06-27,919.0,933.0,912.2,931.3,128283.0
2008-06-30,930.9,937.7,920.2,928.3,112674.0
2008-07-01,928.0,948.3,923.8,944.5,149447.0
2008-07-02,941.6,947.9,933.5,946.5,125044.0
2008-07-03,946.6,950.0,928.5,933.6,125044.0
2008-07-04,935.9,938.3,930.8,935.7,128419.0
2008-07-07,934.9,935.1,916.3,928.8,127972.0
2008-07-08,927.0,935.3,913.0,923.3,135710.0
2008-07-09,921.7,930.5,917.2,928.6,116796.0
2008-07-10,929.8,949.2,926.4,942.0,140164.0
2008-07-11,946.1,969.1,942.6,960.6,165466.0
2008-07-14,966.8,976.4,954.2,973.7,159779.0
2008-07-15,974.2,989.6,968.7,978.7,223407.0
2008-07-16,978.5,982.5,958.2,962.7,173591.0
2008-07-17,960.6,980.0,953.1,970.7,231443.0
2008-07-18,958.4,965.0,950.2,958.0,124015.0
2008-07-21,957.3,969.0,955.7,963.7,96674.0
2008-07-22,966.1,977.0,942.1,948.5,193292.0
2008-07-23,945.9,949.3,917.5,922.8,203965.0
2008-07-24,920.8,931.4,915.9,922.3,174083.0
2008-07-25,927.6,935.2,918.5,926.8,157770.0
2008-07-28,929.0,932.9,922.4,927.7,148634.0
2008-07-29,930.0,933.0,913.1,916.5,147310.0
2008-07-30,927.8,929.0,902.7,912.3,155386.0
2008-07-31,917.0,934.5,915.3,922.7,130539.0
2008-08-01,922.9,926.0,910.3,917.5,110565.0
2008-08-04,919.0,924.1,902.1,907.9,121038.0
2008-08-05,903.7,903.9,880.7,886.1,150026.0
2008-08-06,881.7,894.6,880.5,883.0,112613.0
2008-08-07,887.6,892.6,874.8,877.9,123697.0
2008-08-08,879.4,881.3,857.5,864.8,142748.0
2008-08-11,863.4,872.7,824.5,828.3,199732.0
2008-08-12,829.1,833.6,808.6,814.6,197566.0
2008-08-13,818.4,836.4,811.5,831.5,157642.0
2008-08-14,833.0,842.9,810.5,814.5,161415.0
2008-08-15,812.3,812.6,777.7,792.1,155273.0
2008-08-18,795.5,809.9,795.1,805.7,105801.0
2008-08-19,804.9,822.9,787.5,816.8,137358.0
2008-08-20,819.4,824.5,805.2,816.3,126543.0
2008-08-21,818.6,845.0,816.6,839.0,130539.0
2008-08-22,841.1,843.6,826.1,833.5,98414.0
2008-08-25,831.1,831.9,821.1,825.7,79936.0
2008-08-26,827.3,836.0,812.0,828.1,140256.0
2008-08-27,829.3,841.4,826.0,834.0,103839.0
2008-08-28,832.0,849.7,830.5,837.2,133619.0
2008-08-29,838.9,844.2,834.0,835.2,84368.0
2008-09-02,842.2,842.8,795.2,810.5,197495.0
2008-09-03,810.2,813.5,793.7,808.2,126776.0
2008-09-04,806.4,819.5,798.1,803.2,132047.0
2008-09-05,801.0,824.2,794.8,802.8,176918.0
2008-09-08,815.6,822.9,800.8,802.5,145823.0
2008-09-09,806.9,809.5,779.7,792.0,208816.0
2008-09-10,780.7,787.7,755.1,762.5,208447.0
2008-09-11,755.8,762.0,739.8,745.5,185675.0
2008-09-12,752.7,770.5,749.2,764.5,150632.0
2008-09-15,773.2,791.4,767.4,787.0,169090.0
2008-09-16,791.3,793.6,775.2,780.5,170035.0
2008-09-17,781.5,872.9,777.5,850.5,317196.0
2008-09-18,866.5,926.0,836.0,897.0,312278.0
2008-09-19,856.0,881.4,828.5,864.7,170961.0
2008-09-22,874.6,913.8,866.2,909.0,189775.0
2008-09-23,906.0,915.2,885.0,891.2,152405.0
2008-09-24,896.4,907.8,880.4,895.0,132783.0
2008-09-25,889.5,903.5,868.8,882.0,165177.0
2008-09-26,882.5,920.1,871.2,888.5,167403.0
2008-09-29,878.0,932.0,872.2,894.4,181991.0
2008-09-30,911.0,920.2,860.1,880.8,143006.0
2008-10-01,876.9,898.7,869.6,887.3,118408.0
2008-10-02,876.2,881.6,833.5,844.3,154807.0
2008-10-03,841.0,852.7,822.5,833.2,136410.0
2008-10-06,836.0,879.0,828.4,866.2,133329.0
2008-10-07,859.1,893.7,858.0,882.0,120383.0
2008-10-08,890.9,924.9,880.1,906.5,171462.0
2008-10-09,910.2,929.0,882.9,886.5,105009.0
2008-10-10,915.2,936.3,829.0,859.0,214106.0
2008-10-13,855.8,875.0,824.5,842.5,107710.0
2008-10-14,835.2,857.4,833.6,839.5,94692.0
2008-10-15,837.9,859.2,833.1,839.0,94981.0
2008-10-16,851.0,852.1,786.7,804.5,140794.0
2008-10-17,807.4,816.9,772.2,787.7,104709.0
2008-10-20,784.6,811.8,782.8,790.0,76838.0
2008-10-21,798.0,805.0,766.4,768.0,101814.0
2008-10-22,773.6,777.9,720.0,735.2,147819.0
2008-10-23,730.0,735.2,695.2,714.7,148938.0
2008-10-24,724.7,750.4,681.0,730.3,143872.0
2008-10-27,735.1,747.8,707.0,742.9,106840.0
2008-10-28,731.2,756.1,724.1,740.5,98866.0
2008-10-29,747.1,775.3,736.0,754.0,117904.0
2008-10-30,757.5,778.3,733.0,738.5,114335.0
2008-10-31,737.4,742.5,717.1,718.2,96727.0
2008-11-03,727.0,739.5,721.8,726.8,70307.0
2008-11-04,723.9,769.3,721.8,757.3,114504.0
2008-11-05,770.0,770.0,735.7,742.4,112651.0
2008-11-06,738.4,761.3,727.5,732.2,120934.0
2008-11-07,734.5,744.9,725.5,734.2,82885.0
2008-11-10,739.8,768.9,738.4,746.5,119397.0
2008-11-11,745.0,749.9,725.5,732.8,107773.0
2008-11-12,732.3,738.4,708.3,718.3,115257.0
2008-11-13,708.4,739.2,698.2,705.0,138221.0
2008-11-14,734.0,754.0,724.0,742.5,132640.0
2008-11-17,740.0,748.7,729.6,742.0,85042.0
2008-11-18,736.9,745.6,730.3,732.7,95165.0
2008-11-19,737.8,764.8,731.4,736.0,143008.0
2008-11-20,735.2,753.4,732.6,748.7,118163.0
2008-11-21,745.8,802.8,742.5,791.8,178814.0
2008-11-24,802.0,830.1,786.2,819.5,153806.0
2008-11-25,821.7,833.5,803.0,818.5,158862.0
2008-11-26,819.1,822.0,806.8,808.5,158862.0
2008-11-28,812.3,822.0,810.6,819.0,40997.0
2008-12-01,819.0,820.0,768.0,776.8,100415.0
2008-12-02,768.8,788.2,761.8,783.3,78047.0
2008-12-03,783.6,784.0,764.1,770.5,80382.0
2008-12-04,775.0,790.0,763.0,765.5,90616.0
2008-12-05,766.7,773.3,741.2,752.2,104915.0
2008-12-08,755.2,782.8,754.1,769.3,79720.0
2008-12-09,775.6,780.7,762.5,774.2,71756.0
2008-12-10,776.7,813.9,774.2,808.8,112525.0
2008-12-11,809.6,835.3,802.5,826.6,104526.0
2008-12-12,820.0,829.7,807.5,820.5,91989.0
2008-12-15,825.0,843.7,821.0,836.5,93675.0
2008-12-16,838.2,860.8,830.2,842.7,94901.0
2008-12-17,860.0,883.6,847.2,868.5,149543.0
2008-12-18,866.1,879.6,848.8,860.6,116594.0
2008-12-19,853.6,854.9,830.1,837.4,73520.0
2008-12-22,839.4,853.0,836.7,847.2,54710.0
2008-12-23,849.0,849.8,829.8,838.1,48854.0
2008-12-24,840.5,849.6,835.4,848.0,20523.0
2008-12-26,847.5,874.0,843.4,871.2,23559.0
2008-12-29,873.0,892.0,873.0,875.3,73963.0
2008-12-30,882.6,885.9,864.7,870.0,54343.0
2008-12-31,874.7,886.0,857.3,884.3,54996.0
2009-01-02,883.0,889.1,868.1,879.5,46093.0
2009-01-05,880.7,885.5,843.5,857.8,95451.0
2009-01-06,843.5,871.4,838.8,866.0,101200.0
2009-01-07,864.2,867.8,836.0,841.7,119843.0
2009-01-08,843.2,865.3,836.7,854.5,111880.0
2009-01-09,857.8,869.3,845.0,855.0,106498.0
2009-01-12,856.1,857.5,815.1,821.0,132306.0
2009-01-13,821.5,831.4,814.0,820.7,98866.0
2009-01-14,821.8,829.9,806.6,808.8,117221.0
2009-01-15,810.3,822.1,801.5,807.3,134944.0
2009-01-16,817.3,843.6,815.7,839.9,105205.0
2009-01-19,844.1,866.6,823.6,855.2,169398.0
2009-01-20,838.70001,862.70001,824.0,854.59998,20.0
2009-01-21,857.3,864.6,843.0,850.1,123210.0
2009-01-22,854.0,863.2,843.5,858.8,107559.0
2009-01-23,857.2,903.8,852.1,895.8,197174.0
2009-01-26,898.9,916.3,889.0,908.8,148370.0
2009-01-27,902.9,907.6,892.2,899.5,113675.0
2009-01-28,899.5,903.4,882.0,888.2,137271.0
2009-01-29,890.0,911.3,875.7,906.5,126384.0
2009-01-30,911.0,931.3,903.1,928.4,129072.0
2009-02-02,924.6,929.0,902.1,907.2,96273.0
2009-02-03,904.4,914.3,890.3,892.5,107990.0
2009-02-04,901.1,910.9,896.2,902.2,75619.0
2009-02-05,906.4,926.3,903.4,914.2,100190.0
2009-02-06,915.2,921.9,905.4,914.3,77397.0
2009-02-09,913.4,913.4,891.9,892.8,81739.0
2009-02-10,895.9,919.7,892.0,914.2,114810.0
2009-02-11,937.4,949.0,912.0,944.5,172829.0
2009-02-12,939.4,954.0,936.5,949.2,124887.0
2009-02-13,946.6,946.9,933.0,942.2,77272.0
2009-02-16,942.8,975.4,937.3,967.5,137885.0
2009-02-17,939.5,973.79999,937.29999,967.0,1639.0
2009-02-18,964.8,988.7,961.6,978.2,117775.0
2009-02-19,987.0,987.9,969.5,976.5,116161.0
2009-02-20,973.2,1007.7,971.5,1002.2,163165.0
2009-02-23,994.3,999.6,976.2,995.0,111088.0
2009-02-24,992.1,997.0,960.2,969.5,156165.0
2009-02-25,962.5,979.7,945.2,966.2,140321.0
2009-02-26,953.6,957.6,932.2,942.6,133178.0
2009-02-27,947.0,964.0,927.0,942.5,148526.0
2009-03-02,940.3,959.5,921.0,940.0,124350.0
2009-03-03,928.0,933.5,905.7,913.6,130261.0
2009-03-04,916.5,923.7,900.4,906.7,102120.0
2009-03-05,906.8,937.5,906.2,927.8,105847.0
2009-03-06,934.2,945.5,930.6,942.7,107514.0
2009-03-09,941.2,942.8,911.1,918.0,108004.0
2009-03-10,922.9,923.2,891.1,895.9,138514.0
2009-03-11,896.1,913.8,892.6,910.7,95706.0
2009-03-12,906.7,931.6,906.3,924.0,123791.0
2009-03-13,927.4,941.1,919.6,930.1,98234.0
2009-03-16,928.3,930.6,915.3,922.0,84779.0
2009-03-17,924.5,925.3,912.4,916.8,70710.0
2009-03-18,915.2,954.0,882.7,889.1,226078.0
2009-03-19,941.6,963.5,926.0,958.8,181060.0
2009-03-20,959.2,967.8,946.7,956.2,108944.0
2009-03-23,950.5,958.1,936.0,952.5,104400.0
2009-03-24,938.4,944.6,916.9,923.8,154379.0
2009-03-25,927.6,942.0,916.0,935.8,162936.0
2009-03-26,934.9,946.6,932.0,940.0,122915.0
2009-03-27,934.4,936.7,919.0,923.2,106869.0
2009-03-30,926.0,934.7,910.4,917.7,114012.0
2009-03-31,919.3,926.9,913.6,925.0,93007.0
2009-04-01,920.0,935.8,918.6,927.7,84432.0
2009-04-02,929.1,931.8,896.1,908.9,154079.0
2009-04-03,905.0,911.8,892.5,897.3,100970.0
2009-04-06,898.0,899.5,865.0,872.8,123648.0
2009-04-07,870.1,886.9,870.1,883.3,68272.0
2009-04-08,884.6,891.7,879.2,885.9,79891.0
2009-04-09,882.6,887.8,876.0,883.3,53689.0
2009-04-13,882.9,901.2,882.9,895.8,47867.0
2009-04-14,894.2,899.7,887.1,892.0,57461.0
2009-04-15,891.2,902.1,886.2,893.5,56028.0
2009-04-16,893.0,895.0,873.0,879.8,80700.0
2009-04-17,876.9,877.9,865.6,867.9,75752.0
2009-04-20,870.2,889.7,865.6,887.5,75861.0
2009-04-21,886.5,896.4,879.5,882.7,73221.0
2009-04-22,884.8,894.8,882.8,892.5,59579.0
2009-04-23,891.3,910.4,890.5,906.6,90672.0
2009-04-24,905.5,915.4,904.2,914.1,74412.0
2009-04-27,915.0,919.7,905.8,908.2,59465.0
2009-04-28,907.2,907.7,884.6,893.6,81046.0
2009-04-29,894.0,904.0,888.3,900.5,69351.0
2009-04-30,898.6,900.8,880.1,891.2,81596.0
2009-05-01,888.9,890.8,880.5,888.2,46712.0
2009-05-04,887.5,908.3,885.6,902.2,83805.0
2009-05-05,903.4,916.7,893.2,904.3,88099.0
2009-05-06,897.3,913.5,895.4,911.0,85608.0
2009-05-07,912.5,926.5,908.9,915.5,124794.0
2009-05-08,911.7,921.0,905.5,914.9,86339.0
2009-05-11,917.0,918.4,908.8,913.5,57352.0
2009-05-12,913.9,924.9,912.4,923.9,88788.0
2009-05-13,923.3,931.4,917.8,925.9,116787.0
2009-05-14,927.0,929.4,920.5,928.4,76204.0
2009-05-15,926.9,934.8,924.1,931.3,88895.0
2009-05-18,930.5,934.1,915.2,921.7,97047.0
2009-05-19,918.2,929.9,917.6,926.7,87155.0
2009-05-20,925.6,941.0,925.3,937.4,128003.0
2009-05-21,938.5,957.0,935.8,951.2,130919.0
2009-05-22,955.1,963.1,950.1,958.9,117824.0
2009-05-25,957.6,960.1,936.6,953.3,166708.0
2009-05-26,953.0,953.5,944.0,953.09998,20.0
2009-05-27,953.3,959.6,946.2,953.3,151332.0
2009-05-28,950.2,966.7,945.8,963.2,121231.0
2009-05-29,960.8,982.0,960.4,980.3,102467.0
2009-06-01,981.0,990.2,974.1,980.0,94731.0
2009-06-02,976.9,988.3,970.5,984.4,88676.0
2009-06-03,983.2,992.1,961.5,965.6,127898.0
2009-06-04,966.0,983.4,962.0,982.3,115369.0
2009-06-05,981.4,985.0,953.8,962.6,150846.0
2009-06-08,956.3,961.1,943.8,952.5,95712.0
2009-06-09,951.8,964.5,948.3,954.7,88840.0
2009-06-10,955.8,966.7,947.5,954.7,107065.0
2009-06-11,955.6,963.2,942.5,962.0,111280.0
2009-06-12,956.3,959.2,936.2,940.7,103112.0
2009-06-15,940.3,940.3,926.5,927.5,91532.0
2009-06-16,928.8,940.6,927.7,932.2,76594.0
2009-06-17,935.4,941.1,928.4,936.0,87651.0
2009-06-18,940.0,944.0,930.5,934.6,78321.0
2009-06-19,934.0,939.7,931.5,936.2,57557.0
2009-06-22,935.1,935.6,918.3,921.0,96762.0
2009-06-23,922.5,927.4,913.2,924.3,91901.0
2009-06-24,926.4,944.4,922.8,934.4,116253.0
2009-06-25,932.0,940.4,930.3,939.5,76944.0
2009-06-26,940.1,949.0,936.6,941.0,73575.0
2009-06-29,940.7,943.2,933.6,940.7,57109.0
2009-06-30,938.1,945.4,922.7,927.4,102293.0
2009-07-01,926.1,947.0,926.1,941.3,97417.0
2009-07-02,940.9,942.1,926.6,931.0,101814.0
2009-07-03,932.0,932.4,920.3,924.3,79789.0
2009-07-06,933.5,933.5,920.20001,924.0,108.0
2009-07-07,924.6,932.4,921.0,929.1,78415.0
2009-07-08,917.7,925.9,904.8,909.3,131006.0
2009-07-09,909.3,918.9,906.2,916.2,91682.0
2009-07-10,912.1,915.2,906.6,912.5,72833.0
2009-07-13,912.3,923.4,907.4,922.5,100035.0
2009-07-14,921.2,927.8,917.8,922.8,82435.0
2009-07-15,925.4,942.3,924.5,939.4,122619.0
2009-07-16,939.3,940.5,932.6,935.4,60370.0
2009-07-17,937.8,939.8,931.6,937.5,62043.0
2009-07-20,938.5,955.4,937.0,948.8,102845.0
2009-07-21,949.8,953.8,944.3,946.9,79090.0
2009-07-22,948.9,955.0,944.6,953.3,89854.0
2009-07-23,952.7,957.5,947.2,954.8,124922.0
2009-07-24,948.0,954.4,946.6,953.1,70915.0
2009-07-27,951.4,960.0,947.8,953.5,101954.0
2009-07-28,953.6,956.8,933.8,939.1,169537.0
2009-07-29,937.8,940.9,925.2,927.2,129090.0
2009-07-30,931.9,939.4,930.9,937.3,62132.0
2009-07-31,937.1,960.0,933.8,955.8,98489.0
2009-08-03,954.5,966.9,954.3,958.8,95461.0
2009-08-04,960.0,972.7,953.1,969.7,94661.0
2009-08-05,970.3,970.8,961.1,966.3,80724.0
2009-08-06,965.0,974.3,958.2,962.9,108950.0
2009-08-07,965.2,968.0,955.5,959.5,87106.0
2009-08-10,956.6,959.3,944.2,946.9,78339.0
2009-08-11,948.4,951.9,943.6,947.6,50678.0
2009-08-12,948.6,954.4,942.1,952.5,64429.0
2009-08-13,950.0,963.1,949.8,956.5,70228.0
2009-08-14,956.7,961.4,943.7,948.7,78114.0
2009-08-17,949.2,950.4,931.3,935.8,93505.0
2009-08-18,935.0,941.6,935.0,939.2,52980.0
2009-08-19,940.2,946.8,933.3,944.8,80904.0
2009-08-20,944.2,947.3,938.5,941.7,52319.0
2009-08-21,941.9,959.9,939.2,954.7,85720.0
2009-08-24,954.8,958.5,935.7,943.7,74590.0
2009-08-25,943.8,956.3,943.1,946.0,76992.0
2009-08-26,946.2,951.7,941.2,945.8,68602.0
2009-08-27,946.9,952.3,942.6,947.3,60455.0
2009-08-28,949.5,964.6,949.5,958.8,87231.0
2009-08-31,957.4,962.1,944.3,953.5,73127.0
2009-09-01,952.0,958.7,947.5,956.5,93242.0
2009-09-02,958.1,982.4,952.5,978.5,155929.0
2009-09-03,979.4,999.5,976.1,997.7,163795.0
2009-09-04,994.3,998.4,987.0,996.7,117550.0
2009-09-07,996.9,1009.7,992.6,999.8,165003.0
2009-09-08,993.5,1006.90002,993.20001,997.90002,90.0
2009-09-09,998.8,1005.0,988.8,997.1,126494.0
2009-09-10,993.5,1000.5,983.2,996.8,129181.0
2009-09-11,998.5,1013.7,996.3,1006.4,133411.0
2009-09-14,1007.7,1010.8,994.4,1001.1,93924.0
2009-09-15,1000.9,1011.5,993.0,1006.3,114627.0
2009-09-16,1009.0,1023.3,1007.9,1020.2,124440.0
2009-09-17,1018.3,1025.8,1010.6,1013.5,118138.0
2009-09-18,1014.5,1019.5,1007.4,1010.3,102954.0
2009-09-21,1006.8,1008.3,996.3,1004.9,102954.0
2009-09-22,1005.0,1021.5,1004.2,1015.5,96174.0
2009-09-23,1016.1,1020.4,1007.2,1014.4,114888.0
2009-09-24,1008.7,1021.0,991.3,998.9,182497.0
2009-09-25,992.8,1000.5,985.5,991.6,129032.0
2009-09-28,993.1,998.0,986.7,994.1,88768.0
2009-09-29,992.6,997.2,986.1,994.4,105185.0
2009-09-30,994.0,1010.8,992.7,1009.3,142136.0
2009-10-01,1008.3,1011.1,998.6,1000.7,113352.0
2009-10-02,999.0,1008.8,987.0,1004.3,141245.0
2009-10-05,1004.0,1018.9,1001.6,1017.8,103249.0
2009-10-06,1017.8,1045.0,1016.6,1039.7,223537.0
2009-10-07,1042.7,1049.7,1037.8,1044.4,140676.0
2009-10-08,1045.7,1062.7,1043.8,1056.3,204448.0
2009-10-09,1055.9,1056.7,1044.7,1048.6,122696.0
2009-10-12,1050.0,1060.5,1048.0,1057.5,74330.0
2009-10-13,1055.0,1069.7,1052.2,1065.0,141180.0
2009-10-14,1065.3,1072.0,1056.5,1064.7,134275.0
2009-10-15,1063.3,1066.8,1046.2,1050.6,151363.0
2009-10-16,1051.0,1057.9,1043.7,1051.5,121668.0
2009-10-19,1053.5,1065.8,1048.6,1058.1,94792.0
2009-10-20,1065.0,1069.0,1052.6,1058.6,122568.0
2009-10-21,1050.0,1065.7,1048.1,1064.5,140364.0
2009-10-22,1059.5,1062.7,1052.0,1058.6,110645.0
2009-10-23,1061.1,1068.8,1050.4,1056.4,153870.0
2009-10-26,1055.5,1060.8,1038.1,1042.8,162321.0
2009-10-27,1038.5,1044.3,1032.9,1035.4,153185.0
2009-10-28,1040.0,1042.6,1026.9,1030.5,152915.0
2009-10-29,1027.7,1048.4,1026.9,1047.1,130081.0
2009-10-30,1047.1,1049.2,1035.4,1040.4,129455.0
2009-11-02,1043.4,1063.4,1042.2,1054.0,132632.0
2009-11-03,1060.4,1088.5,1055.5,1084.9,208684.0
2009-11-04,1085.6,1098.5,1080.5,1087.3,190846.0
2009-11-05,1094.1,1095.2,1084.3,1089.3,111073.0
2009-11-06,1090.6,1101.9,1086.5,1095.7,159850.0
2009-11-09,1098.0,1111.7,1096.0,1101.4,137533.0
2009-11-10,1103.7,1109.7,1097.2,1102.5,146659.0
2009-11-11,1106.0,1119.1,1105.6,1114.6,153619.0
2009-11-12,1117.2,1123.4,1102.7,1106.6,168528.0
2009-11-13,1103.3,1119.7,1101.2,1116.7,149129.0
2009-11-16,1119.6,1144.2,1119.5,1139.2,188594.0
2009-11-17,1140.1,1142.0,1127.8,1139.4,143710.0
2009-11-18,1140.9,1153.4,1136.0,1141.2,180277.0
2009-11-19,1144.0,1146.5,1130.0,1141.9,194975.0
2009-11-20,1145.0,1151.5,1132.5,1146.8,173738.0
2009-11-23,1152.0,1174.0,1151.6,1164.7,227820.0
2009-11-24,1164.4,1171.7,1157.7,1165.8,254522.0
2009-11-25,1169.6,1192.8,1166.8,1187.0,205513.0
2009-11-26,1194.6,1196.8,1135.8,1175.5,275926.0
2009-11-27,1190.80005,1195.0,1130.09998,1174.19995,112015.0
2009-11-30,1182.0,1185.0,1165.0,1182.3,174369.0
2009-12-01,1181.4,1204.0,1176.4,1200.2,173619.0
2009-12-02,1197.0,1218.4,1196.5,1213.0,191901.0
2009-12-03,1216.5,1227.5,1205.2,1218.3,222895.0
2009-12-04,1208.7,1213.9,1147.4,1169.5,366076.0
2009-12-07,1160.3,1166.2,1136.1,1164.0,276335.0
2009-12-08,1159.8,1170.2,1125.3,1143.4,239293.0
2009-12-09,1129.5,1148.4,1117.0,1120.9,263927.0
2009-12-10,1130.1,1137.7,1121.8,1126.2,164026.0
2009-12-11,1133.3,1143.4,1110.2,1119.9,215762.0
2009-12-14,1114.6,1128.9,1111.7,1123.8,133515.0
2009-12-15,1128.2,1130.0,1112.0,1123.0,154049.0
2009-12-16,1125.7,1142.5,1122.4,1136.2,159463.0
2009-12-17,1138.7,1142.9,1095.7,1107.4,236024.0
2009-12-18,1099.0,1118.1,1097.4,1111.5,171595.0
2009-12-21,1111.9,1120.8,1090.8,1096.0,137627.0
2009-12-22,1092.7,1098.2,1075.2,1086.7,182486.0
2009-12-23,1085.1,1096.8,1080.1,1094.0,99747.0
2009-12-24,1088.6,1106.9,1088.3,1104.8,56912.0
2009-12-28,1108.0,1114.5,1102.1,1107.9,73189.0
2009-12-29,1108.9,1109.2,1097.1,1098.1,97217.0
2009-12-30,1098.5,1098.7,1086.6,1092.5,91654.0
2009-12-31,1094.1,1107.6,1093.1,1096.2,64594.0
2010-01-04,1099.0,1124.6,1093.8,1118.3,155479.0
2010-01-05,1122.0,1129.6,1115.5,1118.7,156414.0
2010-01-06,1118.5,1141.0,1116.8,1136.5,176903.0
2010-01-07,1139.0,1139.5,1128.7,1133.7,121150.0
2010-01-08,1131.5,1140.0,1119.5,1138.9,212621.0
2010-01-11,1139.0,1163.0,1139.0,1151.4,173768.0
2010-01-12,1152.0,1158.3,1124.3,1129.4,233123.0
2010-01-13,1129.0,1138.9,1118.5,1136.8,217628.0
2010-01-14,1137.9,1146.7,1130.7,1143.0,165713.0
2010-01-15,1142.0,1146.0,1126.5,1130.5,144699.0
2010-01-18,1130.7,1140.7,1127.5,1140.0,188027.0
2010-01-19,1139.69995,1139.69995,1130.5,1139.69995,22.0
2010-01-20,1138.5,1141.7,1106.8,1112.6,232575.0
2010-01-21,1112.4,1117.4,1088.0,1103.2,271810.0
2010-01-22,1095.4,1098.9,1081.9,1089.7,214203.0
2010-01-25,1093.5,1104.0,1092.2,1095.7,155359.0
2010-01-26,1097.9,1103.2,1085.2,1098.3,230154.0
2010-01-27,1097.4,1102.1,1083.0,1084.5,206694.0
2010-01-28,1087.0,1096.9,1074.4,1084.8,211376.0
2010-01-29,1087.0,1091.4,1075.0,1083.8,182586.0
2010-02-01,1081.9,1108.8,1077.2,1105.0,162343.0
2010-02-02,1107.3,1119.9,1099.5,1118.0,154491.0
2010-02-03,1115.8,1126.4,1107.5,1112.0,158610.0
2010-02-04,1110.1,1112.0,1059.0,1063.0,280754.0
2010-02-05,1065.7,1069.4,1044.5,1052.8,253584.0
2010-02-08,1068.3,1074.3,1061.8,1066.2,142157.0
2010-02-09,1062.4,1083.8,1062.1,1077.2,184386.0
2010-02-10,1078.6,1083.0,1063.1,1076.3,163920.0
2010-02-11,1073.8,1098.4,1072.9,1094.7,188052.0
2010-02-12,1094.6,1097.7,1078.1,1090.0,153310.0
2010-02-15,1093.7,1121.9,1092.0,1119.8,179062.0
2010-02-16,1119.30005,1120.40002,1092.40002,1119.30005,928.0
2010-02-17,1119.8,1128.7,1105.5,1120.1,172886.0
2010-02-18,1108.3,1124.8,1098.1,1118.7,188706.0
2010-02-19,1108.4,1127.4,1099.3,1122.1,170952.0
2010-02-22,1122.1,1131.5,1110.0,1113.1,137551.0
2010-02-23,1114.1,1121.7,1099.6,1103.2,161291.0
2010-02-24,1103.5,1108.8,1090.2,1097.2,176130.0
2010-02-25,1096.2,1110.0,1088.5,1108.5,206758.0
2010-02-26,1108.0,1119.5,1104.6,1118.9,129613.0
2010-03-01,1119.0,1123.9,1112.1,1118.3,124679.0
2010-03-02,1118.0,1138.3,1115.0,1137.4,193281.0
2010-03-03,1134.5,1145.8,1132.8,1143.3,159134.0
2010-03-04,1139.8,1142.3,1125.9,1133.1,154142.0
2010-03-05,1132.9,1141.2,1127.5,1135.2,150034.0
2010-03-08,1136.0,1138.0,1118.5,1124.0,140539.0
2010-03-09,1123.8,1125.1,1108.2,1122.3,153991.0
2010-03-10,1121.5,1128.3,1103.1,1108.1,201367.0
2010-03-11,1108.9,1111.7,1100.5,1108.2,136646.0
2010-03-12,1110.0,1119.5,1097.3,1101.7,159858.0
2010-03-15,1101.7,1110.5,1101.0,1105.4,130831.0
2010-03-16,1108.3,1129.3,1108.1,1122.5,141796.0
2010-03-17,1126.3,1133.9,1118.2,1124.2,130316.0
2010-03-18,1124.5,1129.5,1118.2,1127.5,123991.0
2010-03-19,1125.8,1127.5,1101.0,1107.6,176491.0
2010-03-22,1108.0,1108.6,1092.1,1099.5,159063.0
2010-03-23,1102.5,1108.0,1094.0,1103.7,146151.0
2010-03-24,1102.2,1106.0,1084.8,1088.8,178057.0
2010-03-25,1087.4,1095.6,1085.5,1092.9,159336.0
2010-03-26,1091.6,1109.8,1088.5,1104.3,177735.0
2010-03-29,1110.4,1114.7,1103.1,1110.3,158733.0
2010-03-30,1110.6,1114.2,1102.4,1105.7,109922.0
2010-03-31,1105.1,1119.9,1103.1,1114.5,108481.0
2010-04-01,1114.6,1129.1,1112.3,1126.1,118743.0
2010-04-05,1122.0,1134.3,1120.8,1133.8,75636.0
2010-04-06,1131.9,1139.6,1123.5,1136.0,126657.0
2010-04-07,1135.2,1154.2,1133.3,1153.0,163437.0
2010-04-08,1150.2,1154.7,1144.4,1152.9,119675.0
2010-04-09,1151.8,1165.8,1150.4,1161.9,134636.0
2010-04-12,1166.3,1170.7,1154.8,1162.2,122400.0
2010-04-13,1156.2,1158.1,1145.4,1153.4,133642.0
2010-04-14,1152.0,1162.8,1151.0,1159.6,123129.0
2010-04-15,1155.8,1162.3,1150.7,1160.3,99314.0
2010-04-16,1159.4,1161.2,1130.0,1136.9,202672.0
2010-04-19,1137.0,1138.5,1124.3,1135.8,124328.0
2010-04-20,1136.6,1146.8,1134.0,1139.2,120349.0
2010-04-21,1140.1,1151.2,1138.1,1148.8,112315.0
2010-04-22,1147.0,1149.8,1132.0,1142.9,138485.0
2010-04-23,1141.8,1158.5,1135.2,1153.7,144453.0
2010-04-26,1158.5,1160.7,1151.1,1154.0,88294.0
2010-04-27,1154.2,1173.4,1146.6,1162.2,182681.0
2010-04-28,1168.7,1175.3,1161.0,1171.8,167705.0
2010-04-29,1165.4,1171.8,1162.2,1168.8,109655.0
2010-04-30,1168.0,1182.5,1167.8,1180.7,120949.0
2010-05-03,1181.0,1188.4,1177.1,1183.3,87366.0
2010-05-04,1182.9,1192.8,1166.9,1169.2,190145.0
2010-05-05,1171.2,1177.7,1156.2,1175.0,180541.0
2010-05-06,1176.0,1211.9,1173.0,1197.3,271242.0
2010-05-07,1208.4,1214.9,1193.0,1210.4,255295.0
2010-05-10,1207.0,1207.0,1184.4,1200.8,176641.0
2010-05-11,1201.8,1235.2,1201.5,1220.3,206839.0
2010-05-12,1232.0,1249.2,1227.2,1243.1,205851.0
2010-05-13,1238.3,1243.7,1227.5,1229.2,163428.0
2010-05-14,1233.3,1249.7,1217.6,1227.8,242404.0
2010-05-17,1232.0,1242.8,1219.1,1228.1,166751.0
2010-05-18,1223.9,1229.6,1206.6,1214.6,185969.0
2010-05-19,1223.8,1228.2,1186.6,1193.1,225810.0
2010-05-20,1191.0,1198.2,1175.0,1188.6,217743.0
2010-05-21,1183.0,1188.0,1166.0,1176.1,164813.0
2010-05-24,1178.1,1197.3,1176.8,1194.0,181604.0
2010-05-25,1192.4,1204.5,1185.2,1198.0,218485.0
2010-05-26,1203.8,1216.9,1201.0,1213.4,237497.0
2010-05-27,1213.5,1220.6,1207.4,1214.4,138265.0
2010-05-28,1213.4,1217.3,1203.8,1215.0,96000.0
2010-05-31,1216.7,1230.6,1211.6,1226.9,107409.0
2010-06-01,1224.80005,1228.19995,1209.30005,1224.80005,4547.0
2010-06-02,1227.7,1228.9,1215.0,1222.6,90250.0
2010-06-03,1225.2,1226.5,1202.4,1210.0,115426.0
2010-06-04,1208.5,1222.0,1198.1,1217.7,139929.0
2010-06-07,1221.1,1246.7,1212.1,1240.8,154985.0
2010-06-08,1242.6,1254.5,1235.0,1245.6,143916.0
2010-06-09,1237.1,1242.6,1223.1,1229.9,125493.0
2010-06-10,1234.4,1236.0,1216.2,1222.2,118687.0
2010-06-11,1218.8,1232.4,1218.1,1230.2,80168.0
2010-06-14,1229.3,1235.9,1217.5,1224.5,97231.0
2010-06-15,1223.0,1238.5,1221.1,1234.4,104401.0
2010-06-16,1236.1,1239.5,1228.3,1230.5,83665.0
2010-06-17,1231.6,1252.8,1231.0,1248.7,140087.0
2010-06-18,1247.6,1263.7,1243.1,1258.3,115423.0
2010-06-21,1261.2,1266.5,1231.6,1240.7,154610.0
2010-06-22,1233.3,1244.0,1233.0,1240.8,122705.0
2010-06-23,1240.6,1247.4,1225.2,1234.8,138832.0
2010-06-24,1237.6,1249.5,1228.0,1245.9,130027.0
2010-06-25,1244.5,1259.5,1241.6,1256.2,91013.0
2010-06-28,1255.8,1263.7,1235.9,1238.6,146272.0
2010-06-29,1239.0,1246.0,1227.6,1242.4,148822.0
2010-06-30,1241.6,1248.8,1235.1,1245.9,110717.0
2010-07-01,1243.0,1244.8,1196.0,1206.7,257842.0
2010-07-02,1199.0,1214.0,1198.8,1207.7,119623.0
2010-07-05,1212.2,1215.1,1189.5,1195.1,148108.0
2010-07-06,1207.30005,1211.80005,1190.5,1194.80005,52.0
2010-07-07,1194.0,1204.4,1185.0,1198.9,126917.0
2010-07-08,1202.9,1208.2,1187.3,1196.1,123075.0
2010-07-09,1198.5,1214.1,1194.6,1209.8,110471.0
2010-07-12,1212.3,1213.5,1196.1,1198.7,96041.0
2010-07-13,1197.7,1218.8,1196.5,1213.5,110463.0
2010-07-14,1212.0,1218.2,1202.5,1207.0,107456.0
2010-07-15,1208.1,1217.3,1203.7,1208.3,102197.0
2010-07-16,1209.0,1210.9,1185.8,1188.2,145699.0
2010-07-19,1193.7,1194.7,1176.9,1181.9,119208.0
2010-07-20,1183.2,1193.7,1175.1,1191.7,144273.0
2010-07-21,1191.8,1198.0,1183.0,1191.8,146975.0
2010-07-22,1184.1,1201.2,1180.7,1195.6,134689.0
2010-07-23,1195.1,1203.9,1183.4,1187.8,137637.0
2010-07-26,1188.0,1194.8,1178.6,1183.1,193657.0
2010-07-27,1182.7,1186.5,1156.9,1158.0,235880.0
2010-07-28,1161.1,1165.0,1155.6,1160.4,206828.0
2010-07-29,1165.8,1172.0,1161.6,1171.2,113129.0
2010-07-30,1170.8,1185.8,1168.0,1183.9,119041.0
2010-08-02,1183.8,1193.9,1176.7,1185.4,89850.0
2010-08-03,1184.8,1193.0,1181.6,1187.5,67044.0
2010-08-04,1188.1,1205.5,1187.0,1195.9,119101.0
2010-08-05,1197.0,1202.8,1192.0,1199.3,76534.0
2010-08-06,1197.4,1213.3,1194.5,1205.3,105721.0
2010-08-09,1206.3,1212.1,1201.1,1202.6,69569.0
2010-08-10,1203.3,1209.9,1192.5,1198.0,101154.0
2010-08-11,1206.9,1210.2,1194.2,1199.2,117462.0
2010-08-12,1200.6,1218.5,1199.5,1216.7,124749.0
2010-08-13,1216.1,1219.8,1212.3,1216.6,73006.0
2010-08-16,1216.5,1229.5,1216.2,1226.2,79250.0
2010-08-17,1227.0,1231.1,1224.3,1228.3,59875.0
2010-08-18,1226.8,1234.4,1218.9,1231.4,100667.0
2010-08-19,1231.0,1239.5,1229.5,1235.4,86559.0
2010-08-20,1234.2,1235.6,1223.6,1228.8,74826.0
2010-08-23,1229.2,1234.0,1223.5,1228.5,56766.0
2010-08-24,1227.3,1237.5,1211.7,1233.4,136558.0
2010-08-25,1232.1,1243.4,1230.9,1241.3,107824.0
2010-08-26,1242.4,1246.0,1235.1,1237.7,78447.0
2010-08-27,1239.1,1244.2,1233.5,1237.9,86006.0
2010-08-30,1238.9,1240.4,1235.0,1239.2,38820.0
2010-08-31,1238.7,1251.8,1233.5,1250.3,109430.0
2010-09-01,1250.3,1256.6,1244.1,1248.1,109812.0
2010-09-02,1245.6,1255.2,1245.3,1253.4,73901.0
2010-09-03,1253.2,1255.6,1239.2,1251.1,107016.0
2010-09-06,1250.3,1261.6,1246.4,1259.3,109658.0
2010-09-07,1257.30005,1258.0,1255.5,1257.30005,7.0
2010-09-08,1257.3,1264.7,1254.6,1257.5,107213.0
2010-09-09,1256.7,1260.5,1243.5,1250.9,119779.0
2010-09-10,1245.8,1253.0,1237.9,1246.5,103131.0
2010-09-13,1247.3,1251.0,1242.3,1247.1,77440.0
2010-09-14,1246.6,1276.5,1246.0,1271.7,170215.0
2010-09-15,1270.2,1273.5,1264.5,1268.7,102682.0
2010-09-16,1269.1,1279.5,1266.1,1273.8,99894.0
2010-09-17,1276.8,1284.4,1273.0,1277.5,99447.0
2010-09-20,1277.7,1285.2,1275.6,1280.8,81224.0
2010-09-21,1280.4,1292.4,1272.0,1274.3,147878.0
2010-09-22,1288.7,1298.0,1287.5,1292.1,124135.0
2010-09-23,1292.7,1297.5,1288.2,1296.3,106549.0
2010-09-24,1293.8,1301.6,1290.6,1298.1,110500.0
2010-09-27,1299.2,1301.3,1295.2,1298.6,76830.0
2010-09-28,1296.8,1311.8,1276.2,1308.3,205176.0
2010-09-29,1310.8,1314.8,1306.1,1310.3,118743.0
2010-09-30,1310.8,1317.5,1297.0,1309.6,166307.0
2010-10-01,1309.6,1322.0,1307.3,1317.8,114682.0
2010-10-04,1319.7,1321.3,1313.4,1316.8,76022.0
2010-10-05,1316.1,1342.9,1313.3,1340.3,148408.0
2010-10-06,1341.3,1351.0,1340.0,1347.7,136375.0
2010-10-07,1350.5,1366.0,1326.5,1335.0,267432.0
2010-10-08,1334.2,1350.8,1325.6,1345.3,190657.0
2010-10-11,1348.9,1356.3,1341.1,1354.4,107011.0
2010-10-12,1354.9,1356.3,1341.4,1346.7,135278.0
2010-10-13,1351.5,1375.7,1350.0,1370.5,182477.0
2010-10-14,1372.6,1388.1,1371.1,1377.6,184976.0
2010-10-15,1381.7,1386.4,1362.7,1372.0,196829.0
2010-10-18,1371.0,1375.6,1353.2,1372.1,134145.0
2010-10-19,1370.6,1371.7,1328.4,1336.0,252504.0
2010-10-20,1334.4,1348.1,1331.1,1344.2,162768.0
2010-10-21,1345.2,1349.6,1318.2,1325.6,209166.0
2010-10-22,1325.8,1328.8,1315.6,1325.1,147225.0
2010-10-25,1329.3,1349.5,1329.3,1338.9,149218.0
2010-10-26,1340.3,1343.8,1328.1,1338.6,156544.0
2010-10-27,1340.4,1343.7,1318.6,1322.6,160010.0
2010-10-28,1325.3,1346.2,1322.9,1342.5,148655.0
2010-10-29,1344.5,1359.8,1335.2,1357.6,167815.0
2010-11-01,1359.7,1366.4,1349.1,1350.6,126687.0
2010-11-02,1351.6,1359.9,1350.2,1356.9,116112.0
2010-11-03,1357.3,1364.8,1325.5,1337.6,258025.0
2010-11-04,1349.0,1393.4,1346.7,1383.1,241404.0
2010-11-05,1392.5,1398.7,1371.9,1397.7,241404.0
2010-11-08,1397.0,1410.4,1386.6,1403.2,176895.0
2010-11-09,1410.0,1424.3,1382.2,1410.1,310218.0
2010-11-10,1392.9,1410.0,1383.4,1399.3,281249.0
2010-11-11,1403.0,1417.6,1396.5,1403.3,178467.0
2010-11-12,1408.3,1410.0,1359.3,1365.5,301687.0
2010-11-15,1371.0,1376.6,1354.8,1368.5,199636.0
2010-11-16,1359.8,1364.3,1329.0,1338.4,296974.0
2010-11-17,1341.0,1344.6,1330.1,1336.9,174178.0
2010-11-18,1336.0,1359.0,1334.0,1353.0,197603.0
2010-11-19,1353.8,1362.9,1341.0,1352.3,166005.0
2010-11-22,1357.0,1367.4,1347.9,1357.8,182134.0
2010-11-23,1365.8,1382.9,1355.6,1377.6,249519.0
2010-11-24,1377.1,1381.0,1368.7,1373.0,189894.0
2010-11-25,1372.0,1374.9,1350.1,1362.4,138416.0
2010-11-26,1372.09998,1372.09998,1362.30005,1362.30005,138416.0
2010-11-29,1365.0,1370.7,1354.5,1367.5,184840.0
2010-11-30,1368.5,1391.1,1364.0,1386.1,169676.0
2010-12-01,1387.7,1398.3,1383.0,1388.3,163758.0
2010-12-02,1387.6,1399.7,1383.8,1389.3,134387.0
2010-12-03,1387.1,1417.0,1385.3,1406.2,159635.0
2010-12-06,1415.1,1429.4,1409.8,1416.1,144121.0
2010-12-07,1426.0,1432.5,1396.7,1409.0,206639.0
2010-12-08,1401.3,1405.4,1372.1,1383.2,218896.0
2010-12-09,1383.0,1395.6,1381.1,1392.8,125993.0
2010-12-10,1388.3,1393.0,1372.7,1384.9,133225.0
2010-12-13,1385.0,1400.2,1380.8,1398.0,112376.0
2010-12-14,1395.2,1408.9,1392.4,1404.3,134945.0
2010-12-15,1396.7,1398.0,1378.2,1386.2,151373.0
2010-12-16,1378.9,1387.3,1361.6,1371.0,179528.0
2010-12-17,1370.4,1379.8,1365.4,1379.2,104813.0
2010-12-20,1378.9,1388.9,1376.6,1386.1,96158.0
2010-12-21,1386.1,1393.0,1381.4,1388.8,83427.0
2010-12-22,1386.3,1391.7,1383.5,1387.4,61945.0
2010-12-23,1386.1,1389.0,1372.6,1380.5,81033.0
2010-12-27,1378.9,1387.0,1372.7,1382.9,44354.0
2010-12-28,1384.2,1407.5,1383.1,1405.6,105803.0
2010-12-29,1406.9,1414.9,1401.5,1413.5,75104.0
2010-12-30,1412.2,1415.4,1403.5,1405.9,64915.0
2010-12-31,1405.0,1422.0,1404.6,1421.4,44808.0
2011-01-03,1420.4,1424.4,1413.1,1422.9,77199.0
2011-01-04,1414.8,1417.8,1375.0,1378.8,211907.0
2011-01-05,1380.7,1385.2,1364.0,1373.7,202336.0
2011-01-06,1376.4,1380.0,1364.3,1371.7,173240.0
2011-01-07,1371.7,1379.0,1352.7,1368.9,223830.0
2011-01-10,1369.8,1376.4,1365.0,1374.1,118859.0
2011-01-11,1375.7,1386.8,1372.4,1384.3,152145.0
2011-01-12,1381.1,1389.0,1376.3,1385.8,147502.0
2011-01-13,1387.1,1392.9,1369.1,1387.0,201998.0
2011-01-14,1373.6,1377.8,1354.6,1360.5,200388.0
2011-01-17,1361.2,1376.0,1356.8,1368.2,165113.0
2011-01-18,1365.09998,1371.0,1359.19995,1368.09998,106.0
2011-01-19,1367.8,1378.9,1365.5,1370.2,137094.0
2011-01-20,1369.9,1370.9,1342.4,1346.5,242891.0
2011-01-21,1345.5,1349.7,1337.0,1341.0,161567.0
2011-01-24,1343.0,1352.4,1331.8,1344.5,182108.0
2011-01-25,1333.8,1338.0,1321.9,1332.3,227628.0
2011-01-26,1331.5,1346.4,1324.3,1333.0,207998.0
2011-01-27,1345.9,1347.5,1309.7,1318.4,210699.0
2011-01-28,1314.9,1348.0,1309.1,1341.7,251014.0
2011-01-31,1338.8,1347.2,1323.6,1334.5,156126.0
2011-02-01,1334.0,1344.1,1326.0,1340.3,146591.0
2011-02-02,1343.5,1345.6,1327.3,1332.1,109740.0
2011-02-03,1336.0,1356.6,1325.4,1353.0,189233.0
2011-02-04,1356.4,1361.0,1345.5,1349.0,141182.0
2011-02-07,1348.1,1354.5,1344.1,1348.2,79087.0
2011-02-08,1352.9,1368.7,1348.9,1364.1,135349.0
2011-02-09,1363.8,1367.7,1358.3,1365.5,109183.0
2011-02-10,1364.2,1366.8,1351.4,1362.5,120574.0
2011-02-11,1364.0,1369.7,1354.3,1360.4,128133.0
2011-02-14,1358.2,1367.5,1354.4,1365.1,102414.0
2011-02-15,1362.1,1377.5,1361.3,1374.1,111107.0
2011-02-16,1374.3,1382.7,1368.3,1375.1,133587.0
2011-02-17,1376.5,1385.8,1374.6,1385.1,97397.0
2011-02-18,1385.4,1392.6,1382.0,1388.6,113558.0
2011-02-21,1390.1,1411.5,1390.1,1401.1,222807.0
2011-02-22,1395.09998,1408.69995,1395.09998,1400.5,430.0
2011-02-23,1399.4,1417.3,1396.0,1414.0,153788.0
2011-02-24,1412.1,1418.8,1392.2,1415.8,187391.0
2011-02-25,1401.9,1412.4,1400.1,1409.3,120513.0
2011-02-28,1411.2,1417.0,1405.2,1409.9,115324.0
2011-03-01,1411.6,1435.6,1409.8,1431.2,169542.0
2011-03-02,1434.9,1441.0,1428.2,1437.7,160582.0
2011-03-03,1436.5,1436.9,1410.6,1416.4,202801.0
2011-03-04,1415.7,1434.0,1413.8,1428.6,141350.0
2011-03-07,1435.0,1445.7,1428.3,1434.5,170662.0
2011-03-08,1432.3,1437.2,1423.6,1427.2,129914.0
2011-03-09,1429.7,1436.8,1423.2,1429.6,126006.0
2011-03-10,1431.1,1431.8,1403.0,1412.5,204144.0
2011-03-11,1411.8,1424.6,1404.8,1421.8,171575.0
2011-03-14,1421.9,1433.5,1418.2,1424.9,107163.0
2011-03-15,1428.9,1429.0,1380.7,1392.8,248089.0
2011-03-16,1394.8,1406.6,1392.3,1396.1,151887.0
2011-03-17,1400.0,1405.4,1386.8,1404.2,109183.0
2011-03-18,1404.9,1424.1,1402.2,1416.1,135868.0
2011-03-21,1424.2,1435.1,1423.5,1426.4,129779.0
2011-03-22,1427.3,1432.3,1419.5,1427.6,124759.0
2011-03-23,1428.9,1441.2,1425.8,1438.0,138329.0
2011-03-24,1438.0,1448.6,1423.7,1434.9,187085.0
2011-03-25,1433.5,1438.1,1422.0,1426.2,182739.0
2011-03-28,1428.5,1430.0,1410.1,1419.9,178881.0
2011-03-29,1421.0,1423.5,1411.0,1416.2,135792.0
2011-03-30,1420.2,1431.7,1413.1,1424.9,160217.0
2011-03-31,1424.4,1441.0,1421.7,1439.9,129306.0
2011-04-01,1433.8,1437.8,1413.5,1428.9,165275.0
2011-04-04,1430.0,1440.3,1429.1,1433.0,83872.0
2011-04-05,1435.6,1458.6,1431.0,1452.5,166355.0
2011-04-06,1458.2,1463.7,1452.5,1458.5,131975.0
2011-04-07,1460.1,1466.5,1453.7,1459.3,109290.0
2011-04-08,1459.8,1476.4,1457.7,1474.1,123693.0
2011-04-11,1476.3,1478.0,1460.2,1468.1,110657.0
2011-04-12,1465.2,1468.5,1445.0,1453.6,186445.0
2011-04-13,1454.0,1463.7,1452.0,1455.6,121237.0
2011-04-14,1458.1,1476.7,1453.2,1472.4,166787.0
2011-04-15,1476.6,1489.1,1472.2,1486.0,160619.0
2011-04-18,1488.0,1498.6,1477.8,1492.9,199123.0
2011-04-19,1496.6,1500.5,1488.2,1495.1,131690.0
2011-04-20,1496.1,1506.5,1493.8,1498.9,147867.0
2011-04-21,1502.0,1509.6,1500.4,1503.8,127269.0
2011-04-25,1510.7,1519.2,1502.2,1509.1,123686.0
2011-04-26,1507.2,1508.5,1492.0,1503.5,145615.0
2011-04-27,1506.9,1530.7,1503.3,1517.1,170035.0
2011-04-28,1527.8,1538.8,1523.9,1531.2,183542.0
2011-04-29,1535.3,1569.8,1532.1,1556.4,157177.0
2011-05-02,1566.8,1577.4,1540.3,1557.1,211656.0
2011-05-03,1545.2,1551.4,1516.2,1540.4,206734.0
2011-05-04,1537.7,1543.5,1505.5,1515.3,242222.0
2011-05-05,1517.0,1522.1,1462.5,1481.4,334047.0
2011-05-06,1475.9,1498.5,1471.1,1491.6,264796.0
2011-05-09,1496.6,1513.9,1489.0,1503.2,153908.0
2011-05-10,1512.5,1520.0,1505.2,1516.9,149351.0
2011-05-11,1515.9,1526.8,1495.4,1501.4,198028.0
2011-05-12,1499.2,1509.7,1477.6,1506.8,207428.0
2011-05-13,1506.5,1516.4,1482.0,1493.6,184884.0
2011-05-16,1494.6,1504.3,1486.0,1490.6,127098.0
2011-05-17,1490.0,1497.5,1471.1,1480.0,190079.0
2011-05-18,1486.5,1499.7,1484.6,1495.8,145016.0
2011-05-19,1495.5,1499.6,1485.8,1492.4,162309.0
2011-05-20,1493.5,1515.8,1486.4,1508.9,194402.0
2011-05-23,1512.8,1519.0,1503.7,1515.4,191248.0
2011-05-24,1517.2,1529.0,1513.2,1523.3,234391.0
2011-05-25,1526.2,1532.5,1521.3,1526.7,194947.0
2011-05-26,1526.0,1531.1,1514.6,1522.8,186986.0
2011-05-27,1520.2,1539.5,1520.0,1537.3,138115.0
2011-05-30,1538.1,1541.9,1533.1,1536.8,114703.0
2011-05-31,1536.69995,1541.09998,1532.40002,1535.90002,6152.0
2011-06-01,1536.6,1551.6,1530.4,1543.2,153611.0
2011-06-02,1542.2,1545.5,1520.4,1532.7,151694.0
2011-06-03,1535.0,1548.4,1524.9,1542.4,153260.0
2011-06-06,1544.5,1555.0,1541.6,1547.2,100185.0
2011-06-07,1545.0,1551.4,1537.0,1544.0,113974.0
2011-06-08,1545.0,1547.4,1531.8,1538.7,111685.0
2011-06-09,1538.3,1550.8,1534.0,1542.7,108430.0
2011-06-10,1545.1,1546.5,1526.7,1529.2,129478.0
2011-06-13,1530.7,1533.9,1511.4,1515.6,117009.0
2011-06-14,1516.5,1527.6,1512.8,1524.4,115384.0
2011-06-15,1525.1,1535.7,1514.5,1526.2,152879.0
2011-06-16,1531.0,1534.0,1522.0,1529.9,113355.0
2011-06-17,1529.1,1543.0,1523.2,1539.1,119736.0
2011-06-20,1541.3,1548.2,1533.6,1542.0,95171.0
2011-06-21,1541.1,1549.0,1539.3,1546.4,95541.0
2011-06-22,1547.9,1559.3,1542.0,1553.4,140559.0
2011-06-23,1548.5,1549.6,1511.5,1520.5,238418.0
2011-06-24,1522.7,1526.5,1498.5,1500.9,182170.0
2011-06-27,1500.9,1506.1,1490.8,1496.4,128943.0
2011-06-28,1496.8,1507.0,1495.5,1500.2,101389.0
2011-06-29,1502.5,1513.8,1500.8,1510.4,101480.0
2011-06-30,1512.3,1514.8,1499.1,1502.8,134201.0
2011-07-01,1501.5,1503.0,1478.3,1482.6,145346.0
2011-07-04,1486.8,1518.0,1486.2,1512.7,137184.0
2011-07-05,1490.40002,1515.0,1490.30005,1512.30005,199.0
2011-07-06,1516.2,1534.5,1510.3,1529.2,142652.0
2011-07-07,1529.7,1534.9,1522.2,1530.6,117622.0
2011-07-08,1532.5,1546.0,1525.0,1541.6,159728.0
2011-07-11,1545.0,1557.6,1542.1,1549.2,147083.0
2011-07-12,1554.8,1574.3,1541.1,1562.3,176605.0
2011-07-13,1568.0,1588.9,1564.6,1585.5,210275.0
2011-07-14,1584.2,1594.9,1579.4,1589.3,189976.0
2011-07-15,1587.6,1594.5,1576.0,1590.1,123384.0
2011-07-18,1594.3,1607.9,1591.4,1602.4,139693.0
2011-07-19,1606.1,1610.7,1582.7,1601.1,194070.0
2011-07-20,1587.7,1602.6,1581.1,1596.9,153916.0
2011-07-21,1601.9,1605.0,1584.9,1587.0,189183.0
2011-07-22,1589.7,1607.7,1583.2,1601.5,158421.0
2011-07-25,1607.9,1624.3,1603.8,1612.2,209057.0
2011-07-26,1614.8,1620.8,1607.8,1616.8,211465.0
2011-07-27,1619.8,1628.8,1608.9,1615.1,232220.0
2011-07-28,1616.2,1622.8,1605.0,1616.2,163995.0
2011-07-29,1619.5,1637.5,1613.0,1631.2,153054.0
2011-08-01,1622.2,1634.5,1608.2,1621.7,156244.0
2011-08-02,1622.6,1664.5,1618.8,1644.5,173572.0
2011-08-03,1662.5,1675.9,1654.4,1666.3,204437.0
2011-08-04,1662.9,1684.9,1642.2,1659.0,310247.0
2011-08-05,1649.7,1673.0,1644.2,1651.8,218360.0
2011-08-08,1681.7,1723.4,1681.7,1713.2,278274.0
2011-08-09,1719.9,1782.5,1717.7,1743.0,398589.0
2011-08-10,1747.4,1801.0,1740.2,1784.3,296968.0
2011-08-11,1798.0,1817.6,1734.5,1751.5,347101.0
2011-08-12,1767.5,1770.9,1725.8,1742.6,210578.0
2011-08-15,1747.1,1769.3,1730.8,1758.0,127711.0
2011-08-16,1768.5,1790.0,1763.6,1785.0,168060.0
2011-08-17,1788.5,1797.6,1781.6,1793.8,137235.0
2011-08-18,1792.2,1832.0,1786.8,1822.0,223989.0
2011-08-19,1827.1,1881.4,1824.5,1852.2,281310.0
2011-08-22,1862.9,1904.0,1858.0,1891.9,253907.0
2011-08-23,1900.2,1917.9,1826.0,1861.3,366699.0
2011-08-24,1831.5,1856.8,1751.6,1757.3,440826.0
2011-08-25,1753.0,1777.5,1705.4,1763.2,384694.0
2011-08-26,1776.4,1832.5,1759.5,1797.3,265243.0
2011-08-29,1840.0,1841.5,1778.1,1791.6,186016.0
2011-08-30,1791.3,1845.1,1786.2,1829.8,184591.0
2011-08-31,1837.6,1842.7,1813.6,1831.7,165623.0
2011-09-01,1826.2,1833.6,1815.5,1829.1,138082.0
2011-09-02,1827.9,1887.4,1826.9,1876.9,180277.0
2011-09-05,1879.9,1923.7,1861.8,1873.3,414591.0
2011-09-06,1886.30005,1911.59998,1864.0,1869.90002,536.0
2011-09-07,1876.0,1883.2,1793.8,1817.6,316257.0
2011-09-08,1819.5,1873.3,1816.2,1857.5,218499.0
2011-09-09,1871.9,1889.1,1825.5,1859.5,273998.0
2011-09-12,1862.2,1865.2,1804.0,1813.3,226772.0
2011-09-13,1816.8,1847.5,1794.8,1830.1,186087.0
2011-09-14,1837.3,1848.2,1811.5,1826.5,172648.0
2011-09-15,1824.0,1829.7,1775.0,1781.4,237735.0
2011-09-16,1790.5,1825.0,1765.4,1814.7,190164.0
2011-09-19,1820.0,1832.9,1771.0,1778.9,189056.0
2011-09-20,1780.9,1814.3,1772.0,1809.1,174850.0
2011-09-21,1806.0,1819.4,1781.0,1808.1,190869.0
2011-09-22,1782.3,1789.0,1723.2,1741.7,278040.0
2011-09-23,1739.0,1757.9,1631.7,1639.8,359497.0
2011-09-26,1660.0,1666.3,1535.0,1594.8,373462.0
2011-09-27,1629.2,1679.2,1616.8,1652.5,228887.0
2011-09-28,1653.1,1672.0,1600.5,1618.1,218351.0
2011-09-29,1609.3,1637.9,1585.0,1617.3,193524.0
2011-09-30,1618.3,1642.5,1607.8,1622.3,152884.0
2011-10-03,1625.1,1667.0,1620.0,1657.7,141395.0
2011-10-04,1662.5,1681.5,1597.6,1616.0,200942.0
2011-10-05,1626.8,1648.9,1596.6,1641.6,154703.0
2011-10-06,1643.5,1657.0,1633.2,1653.2,124276.0
2011-10-07,1653.4,1668.0,1627.6,1635.8,129495.0
2011-10-10,1640.5,1679.7,1639.9,1670.8,92090.0
2011-10-11,1678.3,1686.7,1655.4,1661.0,110057.0
2011-10-12,1664.7,1693.9,1662.0,1682.6,112765.0
2011-10-13,1677.3,1686.1,1654.3,1668.5,115586.0
2011-10-14,1669.0,1685.5,1662.5,1683.0,95596.0
2011-10-17,1683.8,1696.8,1665.4,1676.6,114497.0
2011-10-18,1672.5,1678.2,1628.2,1652.8,195659.0
2011-10-19,1656.4,1666.9,1641.1,1647.0,118146.0
2011-10-20,1645.3,1646.5,1604.7,1612.9,188355.0
2011-10-21,1620.9,1649.8,1612.8,1636.1,127052.0
2011-10-24,1643.0,1663.3,1636.6,1652.3,110137.0
2011-10-25,1654.1,1710.7,1644.6,1700.4,195637.0
2011-10-26,1707.1,1728.0,1696.5,1723.5,151505.0
2011-10-27,1726.9,1751.3,1707.2,1747.7,156347.0
2011-10-28,1746.2,1754.0,1733.0,1747.2,107441.0
2011-10-31,1743.1,1746.5,1705.5,1725.2,122243.0
2011-11-01,1715.7,1725.6,1681.2,1711.8,174289.0
2011-11-02,1721.5,1745.6,1715.5,1729.6,148068.0
2011-11-03,1738.9,1769.5,1724.0,1765.1,162545.0
2011-11-04,1766.5,1766.5,1749.8,1756.1,88468.0
2011-11-07,1756.1,1799.9,1754.0,1791.1,150464.0
2011-11-08,1795.8,1804.4,1778.3,1799.2,133687.0
2011-11-09,1787.4,1801.1,1765.1,1791.6,161799.0
2011-11-10,1771.0,1776.9,1736.6,1759.6,172534.0
2011-11-11,1759.6,1791.1,1745.0,1788.1,106879.0
2011-11-14,1789.4,1797.6,1774.2,1778.4,87588.0
2011-11-15,1782.0,1787.8,1760.9,1782.2,132676.0
2011-11-16,1782.3,1784.8,1753.9,1774.3,172664.0
2011-11-17,1764.7,1768.0,1711.0,1720.2,229938.0
2011-11-18,1721.5,1738.5,1711.4,1725.1,147927.0
2011-11-21,1725.1,1727.4,1667.1,1678.6,209402.0
2011-11-22,1678.5,1706.4,1667.5,1702.4,182848.0
2011-11-23,1699.9,1710.8,1677.1,1695.9,173328.0
2011-11-24,1693.4,1702.7,1672.6,1685.7,139442.0
2011-11-25,1690.09998,1693.5,1675.30005,1685.5,28.0
2011-11-28,1685.4,1722.4,1684.0,1710.8,175525.0
2011-11-29,1715.3,1724.1,1707.2,1718.9,158257.0
2011-11-30,1722.7,1754.7,1704.3,1750.3,187239.0
2011-12-01,1752.5,1758.0,1737.2,1739.8,113555.0
2011-12-02,1748.5,1767.1,1741.7,1751.3,107014.0
2011-12-05,1751.0,1758.8,1721.1,1734.5,117520.0
2011-12-06,1727.2,1736.9,1705.7,1731.8,133426.0
2011-12-07,1733.0,1747.0,1723.6,1744.8,105726.0
2011-12-08,1746.8,1760.5,1707.8,1713.4,173374.0
2011-12-09,1708.9,1727.9,1704.9,1716.8,105584.0
2011-12-12,1716.8,1718.6,1660.3,1668.2,165096.0
2011-12-13,1668.0,1681.7,1625.5,1663.1,182892.0
2011-12-14,1631.6,1645.8,1565.7,1586.9,283563.0
2011-12-15,1580.0,1596.5,1562.5,1577.2,189916.0
2011-12-16,1573.3,1603.5,1572.1,1597.9,137428.0
2011-12-19,1603.5,1611.5,1585.5,1596.7,121278.0
2011-12-20,1595.5,1620.8,1594.1,1617.6,101146.0
2011-12-21,1617.2,1643.7,1607.7,1613.6,125152.0
2011-12-22,1617.1,1618.6,1599.1,1610.6,96547.0
2011-12-23,1607.8,1615.6,1604.0,1606.0,40681.0
2011-12-27,1609.2,1609.2,1591.1,1595.5,46351.0
2011-12-28,1593.9,1595.0,1550.9,1564.1,114256.0
2011-12-29,1557.1,1562.8,1523.9,1540.9,132782.0
2011-12-30,1547.3,1582.8,1546.2,1566.8,94315.0
2012-01-03,1571.0,1608.7,1566.8,1600.5,112937.0
2012-01-04,1604.9,1619.8,1593.8,1612.7,154215.0
2012-01-05,1614.4,1626.8,1597.7,1620.1,176473.0
2012-01-06,1622.4,1632.3,1609.0,1616.8,155211.0
2012-01-09,1617.7,1624.6,1605.7,1608.1,134386.0
2012-01-10,1612.3,1641.4,1609.2,1631.5,168405.0
2012-01-11,1632.4,1648.0,1630.8,1639.6,144552.0
2012-01-12,1643.5,1662.9,1640.9,1647.7,146826.0
2012-01-13,1649.8,1650.7,1625.7,1630.8,177525.0
2012-01-16,1635.8,1668.0,1631.9,1655.6,193658.0
2012-01-17,1643.69995,1657.80005,1642.09998,1655.19995,16.0
2012-01-18,1651.5,1662.9,1642.1,1659.9,157218.0
2012-01-19,1660.7,1670.6,1649.2,1654.5,130752.0
2012-01-20,1657.0,1667.3,1645.2,1664.0,127005.0
2012-01-23,1665.2,1681.8,1663.0,1678.3,131456.0
2012-01-24,1677.1,1680.0,1661.0,1664.5,137344.0
2012-01-25,1666.5,1713.2,1649.2,1700.1,240476.0
2012-01-26,1710.9,1731.5,1703.0,1726.7,226656.0
2012-01-27,1720.7,1739.8,1714.2,1732.2,175023.0
2012-01-30,1739.6,1742.8,1718.8,1734.4,133373.0
2012-01-31,1734.4,1750.6,1727.0,1740.4,157876.0
2012-02-01,1739.8,1754.0,1735.4,1749.5,124538.0
2012-02-02,1747.3,1764.0,1743.3,1759.3,142034.0
2012-02-03,1761.7,1765.9,1726.2,1740.3,191907.0
2012-02-06,1731.0,1740.9,1714.0,1724.9,137271.0
2012-02-07,1722.5,1752.6,1712.6,1748.4,161623.0
2012-02-08,1747.7,1754.8,1726.0,1731.3,151075.0
2012-02-09,1734.4,1755.5,1728.1,1741.2,163236.0
2012-02-10,1731.1,1737.2,1706.4,1725.3,178134.0
2012-02-13,1727.4,1735.4,1717.7,1724.9,103506.0
2012-02-14,1724.0,1729.9,1713.8,1717.7,148107.0
2012-02-15,1723.0,1739.2,1720.3,1728.1,140860.0
2012-02-16,1730.1,1731.6,1706.7,1728.4,166951.0
2012-02-17,1730.4,1737.5,1718.6,1725.9,116795.0
2012-02-20,1728.4,1761.9,1727.0,1758.5,202405.0
2012-02-21,1736.09998,1760.0,1733.59998,1757.09998,115.0
2012-02-22,1761.4,1783.4,1750.7,1771.3,176268.0
2012-02-23,1778.3,1789.5,1773.3,1786.3,153929.0
2012-02-24,1782.0,1784.4,1771.3,1776.4,139752.0
2012-02-27,1776.8,1781.0,1762.6,1774.9,132504.0
2012-02-28,1770.2,1792.7,1767.0,1788.4,158913.0
2012-02-29,1786.2,1792.3,1688.4,1711.3,343493.0
2012-03-01,1695.6,1727.3,1695.1,1722.2,239499.0
2012-03-02,1719.7,1725.4,1705.4,1709.8,147086.0
2012-03-05,1712.4,1718.0,1694.4,1703.9,158938.0
2012-03-06,1707.4,1709.8,1663.4,1672.1,237112.0
2012-03-07,1675.0,1688.7,1671.7,1683.9,157557.0
2012-03-08,1685.7,1704.8,1683.6,1698.7,156218.0
2012-03-09,1700.5,1716.5,1677.0,1711.5,206573.0
2012-03-12,1715.0,1717.4,1692.5,1699.8,152099.0
2012-03-13,1700.8,1706.2,1662.1,1694.2,209911.0
2012-03-14,1675.2,1682.8,1634.7,1642.9,279269.0
2012-03-15,1643.2,1667.4,1636.2,1659.5,180716.0
2012-03-16,1657.8,1664.9,1639.7,1655.8,160610.0
2012-03-19,1659.0,1670.1,1652.3,1667.3,135038.0
2012-03-20,1664.6,1664.9,1641.2,1647.0,154433.0
2012-03-21,1650.8,1661.9,1646.3,1650.3,139650.0
2012-03-22,1649.6,1656.6,1627.5,1642.5,175716.0
2012-03-23,1644.1,1666.3,1641.5,1662.4,144592.0
2012-03-26,1662.2,1693.4,1655.1,1685.6,195612.0
2012-03-27,1690.2,1696.9,1678.6,1684.9,175344.0
2012-03-28,1679.3,1684.5,1654.0,1657.9,193107.0
2012-03-29,1664.6,1666.9,1646.7,1654.9,163878.0
2012-03-30,1663.2,1672.7,1661.2,1671.9,111161.0
2012-04-02,1671.5,1685.4,1664.4,1679.7,110017.0
2012-04-03,1678.6,1682.7,1640.2,1672.0,156003.0
2012-04-04,1645.8,1649.5,1613.0,1614.1,201938.0
2012-04-05,1622.0,1634.8,1620.7,1630.1,128046.0
2012-04-09,1641.0,1649.9,1636.7,1643.9,83338.0
2012-04-10,1643.0,1664.8,1632.5,1660.7,177501.0
2012-04-11,1660.7,1663.9,1653.5,1660.3,102788.0
2012-04-12,1660.3,1681.3,1651.0,1680.6,141531.0
2012-04-13,1676.6,1679.2,1649.7,1660.2,127471.0
2012-04-16,1658.7,1659.6,1642.0,1649.7,114468.0
2012-04-17,1653.7,1658.4,1635.2,1651.1,142002.0
2012-04-18,1650.8,1655.2,1638.1,1639.6,106988.0
2012-04-19,1643.0,1654.9,1631.2,1641.4,161296.0
2012-04-20,1643.2,1648.2,1638.6,1642.8,87025.0
2012-04-23,1642.8,1644.2,1623.6,1632.6,125013.0
2012-04-24,1639.6,1650.1,1634.6,1643.8,107793.0
2012-04-25,1642.2,1647.6,1625.0,1642.3,166069.0
2012-04-26,1644.5,1662.0,1642.5,1660.5,130313.0
2012-04-27,1657.3,1668.4,1651.1,1664.8,97633.0
2012-04-30,1663.0,1667.0,1645.1,1664.2,115408.0
2012-05-01,1666.1,1672.3,1657.5,1662.4,105171.0
2012-05-02,1663.0,1663.9,1646.0,1654.0,129795.0
2012-05-03,1654.0,1654.3,1631.3,1634.8,151919.0
2012-05-04,1636.4,1648.0,1626.8,1645.2,144960.0
2012-05-07,1643.3,1644.0,1632.2,1639.1,91445.0
2012-05-08,1638.9,1639.5,1595.5,1604.5,218708.0
2012-05-09,1605.9,1607.0,1578.5,1594.2,210608.0
2012-05-10,1589.7,1602.2,1585.0,1595.5,138244.0
2012-05-11,1593.5,1595.2,1572.0,1584.0,151009.0
2012-05-14,1585.5,1585.8,1555.0,1561.0,162291.0
2012-05-15,1557.2,1564.4,1541.2,1557.1,159325.0
2012-05-16,1544.9,1552.2,1526.7,1536.6,252560.0
2012-05-17,1538.6,1579.8,1538.4,1574.9,211541.0
2012-05-18,1574.5,1597.5,1567.8,1591.9,176041.0
2012-05-21,1590.2,1599.0,1584.5,1588.7,140539.0
2012-05-22,1593.0,1594.4,1561.0,1576.6,175858.0
2012-05-23,1567.4,1568.5,1532.8,1548.4,259185.0
2012-05-24,1560.8,1577.7,1551.0,1557.5,197533.0
2012-05-25,1557.6,1573.7,1550.7,1568.9,157335.0
2012-05-28,1573.6,1583.5,1545.7,1548.7,259050.0
2012-05-29,1574.69995,1582.5,1548.59998,1548.59998,259050.0
2012-05-30,1555.8,1571.0,1532.1,1565.7,273695.0
2012-05-31,1564.1,1574.6,1553.0,1564.2,177334.0
2012-06-01,1561.8,1632.0,1545.5,1622.1,307040.0
2012-06-04,1626.8,1629.7,1610.0,1613.9,135236.0
2012-06-05,1619.9,1624.8,1612.5,1616.9,96218.0
2012-06-06,1618.5,1642.4,1614.4,1634.2,184614.0
2012-06-07,1621.4,1630.7,1579.4,1588.0,254777.0
2012-06-08,1590.3,1596.3,1556.4,1591.4,158606.0
2012-06-11,1602.8,1609.3,1582.7,1596.8,116635.0
2012-06-12,1597.6,1618.9,1586.4,1613.8,149667.0
2012-06-13,1611.1,1626.0,1607.0,1619.4,128377.0
2012-06-14,1619.0,1629.0,1610.4,1619.6,153140.0
2012-06-15,1624.0,1635.4,1620.4,1628.1,130137.0
2012-06-18,1630.0,1631.3,1606.9,1627.0,120675.0
2012-06-19,1627.3,1634.3,1618.1,1623.2,124749.0
2012-06-20,1619.3,1623.6,1590.5,1615.8,210736.0
2012-06-21,1607.7,1608.2,1564.8,1565.5,214302.0
2012-06-22,1565.7,1574.1,1558.6,1566.9,120470.0
2012-06-25,1572.6,1589.0,1566.9,1588.4,114462.0
2012-06-26,1588.4,1588.4,1568.2,1574.9,103440.0
2012-06-27,1572.6,1584.6,1563.1,1578.4,115527.0
2012-06-28,1574.6,1579.6,1547.6,1550.4,139961.0
2012-06-29,1551.8,1607.8,1551.3,1604.2,190835.0
2012-07-02,1599.6,1603.6,1587.4,1597.7,98936.0
2012-07-03,1597.5,1625.7,1595.3,1621.8,112150.0
2012-07-04,1617.6,1624.5,1597.5,1609.4,172550.0
2012-07-05,1618.5,1619.19995,1598.0,1608.90002,27.0
2012-07-06,1605.2,1610.6,1576.4,1578.9,161742.0
2012-07-09,1582.4,1593.1,1576.0,1589.1,98066.0
2012-07-10,1589.1,1602.0,1564.4,1579.8,151155.0
2012-07-11,1565.8,1583.4,1565.5,1575.7,140490.0
2012-07-12,1576.3,1577.9,1554.4,1565.3,171190.0
2012-07-13,1571.2,1596.5,1565.6,1592.0,129985.0
2012-07-16,1591.5,1594.6,1577.2,1591.6,101745.0
2012-07-17,1588.6,1598.8,1571.0,1589.5,141888.0
2012-07-18,1583.0,1585.7,1567.2,1570.8,133067.0
2012-07-19,1573.0,1591.5,1572.1,1580.4,134865.0
2012-07-20,1581.0,1586.7,1572.6,1582.8,122585.0
2012-07-23,1581.6,1582.4,1562.0,1577.4,141477.0
2012-07-24,1575.9,1584.0,1567.8,1576.2,158537.0
2012-07-25,1580.2,1610.0,1577.9,1608.1,212741.0
2012-07-26,1604.5,1621.5,1600.2,1615.1,188616.0
2012-07-27,1614.6,1628.6,1610.7,1618.0,197976.0
2012-07-30,1627.5,1630.0,1617.6,1624.0,111653.0
2012-07-31,1625.6,1631.6,1614.2,1614.6,124765.0
2012-08-01,1617.5,1621.8,1595.0,1607.3,156106.0
2012-08-02,1602.8,1618.8,1586.3,1590.7,158560.0
2012-08-03,1592.3,1609.9,1588.5,1609.3,126858.0
2012-08-06,1607.7,1618.4,1605.3,1616.2,79352.0
2012-08-07,1614.5,1621.3,1611.0,1612.8,86450.0
2012-08-08,1614.7,1619.5,1605.9,1616.0,84409.0
2012-08-09,1615.1,1621.0,1612.2,1620.2,69240.0
2012-08-10,1620.2,1629.7,1606.6,1622.8,112185.0
2012-08-13,1624.7,1628.2,1609.7,1612.6,96667.0
2012-08-14,1612.6,1618.9,1593.6,1602.4,118540.0
2012-08-15,1601.2,1608.8,1592.1,1606.6,101682.0
2012-08-16,1605.8,1622.0,1603.0,1619.2,107456.0
2012-08-17,1616.7,1623.0,1613.3,1619.4,77285.0
2012-08-20,1618.5,1624.7,1611.8,1623.0,69468.0
2012-08-21,1623.1,1643.6,1620.8,1642.9,128719.0
2012-08-22,1640.2,1658.2,1636.3,1640.5,138502.0
2012-08-23,1654.5,1677.5,1654.5,1672.8,157054.0
2012-08-24,1672.6,1676.3,1665.1,1672.9,102664.0
2012-08-27,1673.2,1679.3,1665.5,1675.6,76962.0
2012-08-28,1666.0,1674.9,1659.1,1669.7,105051.0
2012-08-29,1668.8,1672.5,1654.4,1663.0,112444.0
2012-08-30,1658.7,1666.7,1652.3,1657.1,96786.0
2012-08-31,1657.8,1695.5,1647.1,1687.6,195805.0
2012-09-03,1693.4,1701.6,1687.6,1696.0,179166.0
2012-09-04,1689.09998,1698.0,1687.69995,1692.90002,43.0
2012-09-05,1697.6,1698.4,1689.6,1694.0,101574.0
2012-09-06,1695.7,1716.9,1693.7,1705.6,176797.0
2012-09-07,1703.7,1745.4,1691.3,1740.5,216526.0
2012-09-10,1738.0,1742.3,1727.0,1731.8,111150.0
2012-09-11,1728.7,1740.5,1728.0,1734.9,109346.0
2012-09-12,1734.5,1749.5,1727.3,1733.7,182989.0
2012-09-13,1733.1,1775.0,1720.0,1772.1,260342.0
2012-09-14,1769.4,1780.2,1767.7,1772.7,195524.0
2012-09-17,1773.5,1778.9,1756.2,1770.6,118555.0
2012-09-18,1764.2,1775.9,1753.2,1771.2,163628.0
2012-09-19,1773.4,1781.8,1764.2,1771.7,162962.0
2012-09-20,1772.4,1774.9,1757.7,1770.2,144572.0
2012-09-21,1770.2,1790.0,1769.1,1778.0,185293.0
2012-09-24,1774.7,1775.3,1757.9,1764.6,159194.0
2012-09-25,1766.2,1777.9,1761.0,1766.4,157676.0
2012-09-26,1762.7,1768.4,1738.3,1753.6,196374.0
2012-09-27,1756.3,1782.9,1753.2,1780.5,181476.0
2012-09-28,1780.0,1785.9,1769.5,1773.9,156934.0
2012-10-01,1773.7,1794.4,1765.7,1783.3,190607.0
2012-10-02,1780.0,1786.6,1772.3,1775.6,119797.0
2012-10-03,1776.2,1784.0,1773.0,1779.8,119091.0
2012-10-04,1780.0,1797.7,1779.9,1796.5,161985.0
2012-10-05,1792.6,1798.1,1774.5,1780.8,158446.0
2012-10-08,1782.0,1782.5,1768.2,1775.7,95898.0
2012-10-09,1777.8,1781.6,1762.0,1765.0,140493.0
2012-10-10,1766.0,1770.0,1758.5,1765.1,129541.0
2012-10-11,1764.9,1776.6,1760.2,1770.6,117573.0
2012-10-12,1769.7,1775.0,1753.5,1759.7,130391.0
2012-10-15,1755.2,1755.5,1729.7,1737.6,172769.0
2012-10-16,1738.0,1749.6,1736.1,1746.3,105627.0
2012-10-17,1750.0,1755.0,1744.0,1753.0,112841.0
2012-10-18,1750.9,1753.4,1739.0,1744.7,106130.0
2012-10-19,1742.4,1744.7,1716.0,1724.0,158721.0
2012-10-22,1722.7,1730.8,1714.4,1726.3,108139.0
2012-10-23,1729.8,1731.2,1704.6,1709.4,153971.0
2012-10-24,1709.0,1715.2,1698.7,1701.6,140583.0
2012-10-25,1702.8,1718.9,1702.3,1713.0,141164.0
2012-10-26,1712.1,1719.9,1701.4,1711.9,126511.0
2012-10-29,1712.2,1717.8,1706.2,1708.7,57608.0
2012-10-30,1710.3,1715.7,1705.2,1712.1,57253.0
2012-10-31,1710.3,1726.6,1709.8,1719.1,120009.0
2012-11-01,1720.4,1727.5,1713.8,1715.5,121499.0
2012-11-02,1715.6,1717.2,1674.8,1675.2,223444.0
2012-11-05,1676.7,1686.2,1672.5,1683.2,120547.0
2012-11-06,1685.4,1720.9,1683.5,1715.0,187222.0
2012-11-07,1715.8,1733.0,1703.0,1714.0,265682.0
2012-11-08,1717.9,1735.1,1712.6,1726.0,165870.0
2012-11-09,1731.5,1739.4,1726.9,1730.9,148670.0
2012-11-12,1731.8,1738.0,1725.2,1730.9,107182.0
2012-11-13,1729.0,1733.3,1717.6,1724.8,142502.0
2012-11-14,1725.3,1734.1,1720.5,1730.1,143227.0
2012-11-15,1727.2,1727.9,1704.5,1713.8,181712.0
2012-11-16,1715.5,1717.2,1705.6,1714.7,136952.0
2012-11-19,1714.4,1735.5,1713.4,1734.4,125525.0
2012-11-20,1731.5,1736.0,1721.8,1723.6,128071.0
2012-11-21,1727.8,1732.0,1718.4,1728.2,129035.0
2012-11-22,1729.1,1755.0,1727.6,1751.4,165900.0
2012-11-23,1735.0,1751.30005,1735.0,1751.30005,8.0
2012-11-26,1751.5,1752.3,1746.0,1749.6,165966.0
2012-11-27,1749.3,1751.9,1740.4,1742.3,198873.0
2012-11-28,1741.5,1743.1,1705.5,1716.5,276136.0
2012-11-29,1722.4,1731.2,1720.1,1729.5,178274.0
2012-11-30,1728.3,1733.7,1710.2,1712.7,142067.0
2012-12-03,1715.5,1724.9,1714.2,1721.1,104840.0
2012-12-04,1717.7,1719.2,1692.6,1695.8,197018.0
2012-12-05,1697.7,1708.3,1686.0,1693.8,157791.0
2012-12-06,1695.7,1704.8,1687.1,1701.8,145846.0
2012-12-07,1701.3,1706.9,1684.1,1705.5,145925.0
2012-12-10,1705.4,1718.8,1703.3,1714.4,84330.0
2012-12-11,1713.9,1715.8,1706.0,1709.6,81044.0
2012-12-12,1712.0,1725.0,1708.5,1717.9,167086.0
2012-12-13,1712.8,1712.8,1690.7,1696.8,171357.0
2012-12-14,1699.6,1701.9,1694.0,1697.0,85242.0
2012-12-17,1698.4,1701.0,1687.5,1698.2,93926.0
2012-12-18,1699.1,1704.4,1662.0,1670.7,180399.0
2012-12-19,1671.7,1677.8,1664.2,1667.7,157436.0
2012-12-20,1667.9,1672.8,1636.0,1645.9,189984.0
2012-12-21,1648.5,1660.5,1636.3,1660.1,136092.0
2012-12-24,1658.0,1666.5,1652.7,1659.5,44006.0
2012-12-26,1657.4,1668.7,1650.6,1660.7,52722.0
2012-12-27,1659.8,1666.1,1653.1,1663.7,95883.0
2012-12-28,1664.0,1667.0,1654.1,1655.9,75137.0
2012-12-31,1655.9,1681.0,1655.9,1675.8,85218.0
2013-01-02,1676.4,1695.4,1670.9,1688.8,132828.0
2013-01-03,1686.2,1690.5,1661.2,1674.6,143786.0
2013-01-04,1663.8,1664.5,1626.0,1648.9,252725.0
2013-01-07,1656.3,1663.0,1642.6,1646.3,140819.0
2013-01-08,1647.6,1662.7,1646.8,1662.2,146839.0
2013-01-09,1659.9,1666.0,1651.3,1655.5,131709.0
2013-01-10,1658.0,1678.8,1653.8,1678.0,159320.0
2013-01-11,1674.1,1676.9,1653.1,1660.6,176075.0
2013-01-14,1659.5,1674.8,1659.5,1669.4,126856.0
2013-01-15,1667.8,1684.9,1666.2,1683.9,149770.0
2013-01-16,1679.7,1684.7,1673.0,1683.2,137525.0
2013-01-17,1680.5,1697.8,1666.4,1690.8,202942.0
2013-01-18,1687.4,1695.1,1683.3,1687.0,115543.0
2013-01-21,1686.5,1695.9,1684.8,1693.2,165132.0
2013-01-22,1690.30005,1694.69995,1687.80005,1692.80005,15.0
2013-01-23,1691.7,1694.8,1683.1,1686.7,141433.0
2013-01-24,1683.8,1685.8,1664.2,1669.9,179960.0
2013-01-25,1667.0,1671.6,1655.0,1656.6,162110.0
2013-01-28,1657.9,1661.6,1651.0,1652.9,184378.0
2013-01-29,1653.9,1665.0,1653.5,1660.8,145863.0
2013-01-30,1664.1,1685.0,1663.5,1681.6,183223.0
2013-01-31,1677.0,1681.7,1658.4,1662.0,159622.0
2013-02-01,1665.2,1683.0,1660.6,1670.6,177049.0
2013-02-04,1669.1,1678.6,1661.8,1676.4,112527.0
2013-02-05,1675.5,1687.0,1667.2,1673.5,154153.0
2013-02-06,1673.4,1680.5,1668.8,1678.8,97162.0
2013-02-07,1678.0,1683.9,1663.4,1671.3,183505.0
2013-02-08,1671.8,1674.3,1665.8,1666.9,94741.0
2013-02-11,1667.9,1670.3,1644.1,1649.1,161668.0
2013-02-12,1648.6,1653.8,1639.5,1649.6,137082.0
2013-02-13,1652.5,1655.0,1640.5,1645.1,130849.0
2013-02-14,1642.5,1650.0,1632.8,1635.5,174428.0
2013-02-15,1634.2,1636.0,1596.7,1609.5,258379.0
2013-02-18,1610.0,1618.8,1600.2,1604.2,220226.0
2013-02-19,1610.0,1617.0,1599.69995,1603.59998,272.0
2013-02-20,1604.2,1609.2,1558.1,1578.0,260413.0
2013-02-21,1564.8,1584.4,1554.3,1578.6,223531.0
2013-02-22,1577.0,1587.0,1569.3,1572.8,142206.0
2013-02-25,1579.7,1596.5,1574.7,1586.6,164113.0
2013-02-26,1592.7,1619.7,1583.7,1615.5,254857.0
2013-02-27,1613.6,1614.4,1591.4,1595.7,172158.0
2013-02-28,1596.3,1602.5,1574.3,1578.1,190164.0
2013-03-01,1578.5,1586.9,1564.0,1572.3,193691.0
2013-03-04,1578.0,1584.3,1568.7,1572.4,122907.0
2013-03-05,1574.2,1585.8,1571.1,1574.9,146718.0
2013-03-06,1574.9,1584.3,1566.4,1574.9,169868.0
2013-03-07,1583.8,1584.9,1574.0,1575.1,141571.0
2013-03-08,1577.4,1583.1,1560.4,1576.9,213955.0
2013-03-11,1578.3,1582.5,1574.5,1578.0,101213.0
2013-03-12,1580.4,1597.6,1578.8,1591.7,150411.0
2013-03-13,1592.0,1598.8,1584.4,1588.4,141795.0
2013-03-14,1586.7,1592.2,1575.2,1590.7,144163.0
2013-03-15,1589.4,1597.9,1587.3,1592.6,98990.0
2013-03-18,1597.0,1610.4,1589.6,1604.6,176071.0
2013-03-19,1603.7,1615.0,1599.0,1611.3,165885.0
2013-03-20,1611.9,1613.9,1599.6,1607.5,127570.0
2013-03-21,1605.7,1616.5,1603.6,1613.8,130590.0
2013-03-22,1614.0,1615.3,1602.6,1606.1,138726.0
2013-03-25,1608.8,1612.8,1588.4,1604.5,234090.0
2013-03-26,1604.5,1605.0,1593.4,1595.7,165484.0
2013-03-27,1601.0,1609.0,1591.9,1607.2,179889.0
2013-03-28,1605.6,1608.3,1594.3,1595.7,123526.0
2013-04-01,1598.1,1601.6,1595.2,1600.9,62176.0
2013-04-02,1600.1,1604.3,1574.0,1575.9,165691.0
2013-04-03,1576.4,1577.3,1549.7,1553.5,209509.0
2013-04-04,1557.7,1559.3,1539.4,1552.4,188525.0
2013-04-05,1554.0,1581.8,1549.0,1575.9,190804.0
2013-04-08,1580.8,1582.9,1566.6,1572.5,111703.0
2013-04-09,1572.4,1590.1,1570.0,1586.7,126551.0
2013-04-10,1585.0,1588.5,1555.3,1558.8,176373.0
2013-04-11,1559.0,1568.1,1553.0,1564.9,137757.0
2013-04-12,1560.3,1564.2,1476.0,1501.4,374344.0
2013-04-15,1481.0,1495.0,1335.1,1361.1,700344.0
2013-04-16,1355.0,1404.2,1321.5,1387.4,424780.0
2013-04-17,1371.4,1395.2,1365.0,1382.7,255303.0
2013-04-18,1376.1,1402.0,1335.6,1392.5,246906.0
2013-04-19,1393.0,1424.7,1385.4,1395.6,199699.0
2013-04-22,1408.3,1438.8,1403.5,1421.2,186680.0
2013-04-23,1425.4,1432.8,1404.0,1408.8,215906.0
2013-04-24,1412.5,1433.6,1411.5,1423.7,142300.0
2013-04-25,1430.3,1468.6,1426.3,1462.0,197319.0
2013-04-26,1467.3,1484.8,1447.3,1453.6,239659.0
2013-04-29,1466.2,1478.3,1461.6,1467.4,122508.0
2013-04-30,1476.6,1479.5,1460.5,1472.1,154104.0
2013-05-01,1475.6,1477.4,1439.7,1446.2,170191.0
2013-05-02,1457.0,1473.3,1448.1,1467.6,152834.0
2013-05-03,1466.2,1487.2,1455.4,1464.2,175030.0
2013-05-06,1470.0,1478.4,1463.8,1468.0,80796.0
2013-05-07,1469.1,1470.0,1440.4,1448.8,192504.0
2013-05-08,1451.6,1475.8,1446.7,1473.7,158956.0
2013-05-09,1473.0,1476.0,1452.1,1468.6,162465.0
2013-05-10,1457.5,1461.2,1418.5,1436.6,231401.0
2013-05-13,1447.7,1448.3,1424.7,1434.3,151009.0
2013-05-14,1429.5,1444.9,1419.7,1424.5,173066.0
2013-05-15,1424.5,1429.4,1386.4,1396.2,229796.0
2013-05-16,1392.5,1397.0,1368.0,1386.9,222528.0
2013-05-17,1385.2,1391.3,1353.6,1364.7,229036.0
2013-05-20,1361.3,1397.9,1336.3,1384.1,258371.0
2013-05-21,1392.4,1399.9,1358.0,1377.6,225016.0
2013-05-22,1374.5,1413.3,1353.1,1367.4,328643.0
2013-05-23,1367.9,1397.1,1355.0,1391.8,220700.0
2013-05-24,1389.9,1397.1,1381.1,1386.6,136510.0
2013-05-27,1386.3,1401.0,1372.1,1378.9,295012.0
2013-05-28,1380.80005,1390.40002,1379.09998,1379.09998,55.0
2013-05-29,1379.9,1394.9,1379.1,1391.3,168665.0
2013-05-30,1392.9,1417.7,1388.4,1412.0,202829.0
2013-05-31,1412.9,1421.6,1384.2,1393.0,167854.0
2013-06-03,1388.8,1416.5,1388.3,1411.9,141771.0
2013-06-04,1411.2,1414.8,1388.1,1397.2,117534.0
2013-06-05,1398.8,1410.3,1395.1,1398.5,139655.0
2013-06-06,1401.8,1423.3,1391.2,1415.8,177144.0
2013-06-07,1412.7,1417.7,1377.1,1383.0,199054.0
2013-06-10,1383.0,1388.5,1375.1,1386.0,109059.0
2013-06-11,1385.9,1387.2,1364.5,1377.0,146056.0
2013-06-12,1377.7,1394.0,1372.2,1392.0,112198.0
2013-06-13,1387.4,1394.4,1373.0,1377.8,127783.0
2013-06-14,1384.8,1391.8,1377.8,1387.6,100911.0
2013-06-17,1390.1,1391.4,1379.8,1383.1,78353.0
2013-06-18,1384.3,1385.4,1360.2,1366.9,128779.0
2013-06-19,1367.3,1376.0,1348.3,1374.0,136468.0
2013-06-20,1351.2,1351.2,1275.4,1286.2,368874.0
2013-06-21,1277.6,1301.7,1268.7,1292.0,190154.0
2013-06-24,1296.3,1300.7,1275.1,1277.1,160333.0
2013-06-25,1281.7,1289.0,1270.7,1275.1,161803.0
2013-06-26,1277.0,1277.5,1221.0,1229.8,318396.0
2013-06-27,1225.5,1244.2,1196.1,1211.6,261390.0
2013-06-28,1199.5,1234.8,1179.4,1223.7,309347.0
2013-07-01,1232.9,1261.7,1224.1,1255.7,204048.0
2013-07-02,1252.7,1267.0,1238.8,1243.4,169736.0
2013-07-03,1241.9,1259.3,1236.0,1251.9,152851.0
2013-07-04,1252.7,1257.1,1206.9,1212.7,227043.0
2013-07-05,1252.69995,1254.09998,1208.90002,1212.90002,72.0
2013-07-08,1221.1,1237.4,1214.4,1234.9,140566.0
2013-07-09,1235.2,1258.7,1232.0,1245.9,166683.0
2013-07-10,1249.1,1265.6,1242.2,1247.4,190149.0
2013-07-11,1265.7,1297.2,1262.1,1279.9,207150.0
2013-07-12,1284.9,1287.4,1266.4,1277.6,136396.0
2013-07-15,1283.9,1293.6,1272.5,1283.5,116682.0
2013-07-16,1281.6,1294.7,1275.6,1290.4,127630.0
2013-07-17,1291.2,1299.7,1269.3,1277.5,223427.0
2013-07-18,1274.4,1287.9,1273.3,1284.2,123913.0
2013-07-19,1282.4,1297.1,1281.4,1292.9,134153.0
2013-07-22,1296.2,1339.1,1295.4,1336.0,191735.0
2013-07-23,1334.3,1348.7,1325.6,1334.7,159441.0
2013-07-24,1347.5,1348.7,1312.7,1319.5,182162.0
2013-07-25,1321.2,1337.5,1308.4,1328.8,176485.0
2013-07-26,1333.3,1340.5,1311.9,1321.5,169765.0
2013-07-29,1333.6,1338.1,1322.6,1328.4,134359.0
2013-07-30,1328.2,1330.4,1317.0,1324.8,126109.0
2013-07-31,1326.4,1339.7,1305.3,1313.0,218787.0
2013-08-01,1323.4,1330.7,1306.6,1311.2,157369.0
2013-08-02,1307.7,1318.0,1282.4,1310.5,194683.0
2013-08-05,1312.2,1320.3,1296.7,1302.4,97862.0
2013-08-06,1303.3,1306.4,1278.1,1282.5,145487.0
2013-08-07,1281.2,1289.0,1271.8,1285.3,122054.0
2013-08-08,1285.9,1313.8,1282.0,1309.9,147834.0
2013-08-09,1311.4,1316.5,1304.1,1312.2,96809.0
2013-08-12,1313.5,1343.7,1313.5,1334.2,141631.0
2013-08-13,1336.0,1341.0,1317.8,1320.5,146208.0
2013-08-14,1320.3,1335.8,1315.1,1333.4,120612.0
2013-08-15,1335.8,1369.6,1317.9,1360.9,226648.0
2013-08-16,1365.6,1379.2,1357.0,1371.0,177729.0
2013-08-19,1377.1,1384.1,1362.0,1365.7,123415.0
2013-08-20,1364.9,1378.0,1351.6,1372.6,137476.0
2013-08-21,1371.0,1378.9,1359.2,1370.1,150235.0
2013-08-22,1365.6,1381.4,1354.5,1370.8,147575.0
2013-08-23,1376.1,1399.9,1367.8,1395.8,161580.0
2013-08-26,1399.0,1407.0,1388.4,1393.1,103038.0
2013-08-27,1404.8,1424.0,1395.2,1420.2,160392.0
2013-08-28,1416.1,1434.0,1413.2,1418.8,167016.0
2013-08-29,1418.2,1418.6,1402.1,1412.9,147098.0
2013-08-30,1396.1,1396.1,1396.1,1396.1,0.0
2013-09-02,1394.0,1416.4,1373.6,1412.0,205998.0
2013-09-03,1393.0,1414.40002,1382.30005,1412.0,139.0
2013-09-04,1411.6,1415.0,1384.6,1390.0,138415.0
2013-09-05,1391.2,1400.0,1364.7,1373.0,175226.0
2013-09-06,1366.7,1393.6,1358.8,1386.5,161533.0
2013-09-09,1391.1,1395.0,1381.9,1386.7,80509.0
2013-09-10,1387.1,1391.4,1357.6,1364.0,131861.0
2013-09-11,1364.2,1368.7,1356.0,1363.8,100134.0
2013-09-12,1366.1,1366.2,1320.4,1330.6,185084.0
2013-09-13,1322.7,1330.8,1304.6,1308.6,170246.0
2013-09-16,1333.5,1336.0,1302.7,1317.8,158187.0
2013-09-17,1313.6,1324.7,1305.8,1309.4,136997.0
2013-09-18,1309.5,1367.8,1291.5,1307.6,243776.0
2013-09-19,1365.0,1375.4,1358.5,1369.3,180030.0
2013-09-20,1366.2,1368.4,1324.9,1332.5,190860.0
2013-09-23,1327.0,1332.0,1313.4,1327.0,139642.0
2013-09-24,1321.5,1329.4,1305.5,1316.3,155023.0
2013-09-25,1323.5,1338.3,1316.6,1336.2,145962.0
2013-09-26,1333.1,1340.0,1319.2,1324.1,159097.0
2013-09-27,1323.7,1345.2,1320.0,1339.2,133967.0
2013-09-30,1343.5,1353.8,1322.0,1327.0,119076.0
2013-10-01,1328.2,1337.8,1282.4,1286.1,212833.0
2013-10-02,1287.5,1324.2,1276.9,1320.7,176119.0
2013-10-03,1316.5,1322.8,1302.0,1317.6,129120.0
2013-10-04,1317.4,1326.0,1305.1,1309.9,107569.0
2013-10-07,1312.3,1329.5,1307.9,1325.1,95950.0
2013-10-08,1323.0,1330.8,1315.4,1324.6,123183.0
2013-10-09,1319.6,1323.3,1294.6,1307.2,158401.0
2013-10-10,1307.0,1312.0,1281.0,1296.9,141168.0
2013-10-11,1286.4,1294.8,1259.6,1268.2,186264.0
2013-10-14,1275.5,1291.6,1268.4,1276.6,110183.0
2013-10-15,1273.6,1287.7,1251.0,1273.2,204033.0
2013-10-16,1281.4,1289.2,1268.6,1282.3,165641.0
2013-10-17,1281.4,1324.2,1273.7,1323.0,216151.0
2013-10-18,1318.8,1328.9,1311.2,1314.6,104101.0
2013-10-21,1316.0,1323.9,1312.0,1315.8,74390.0
2013-10-22,1315.5,1344.7,1309.5,1342.6,159789.0
2013-10-23,1340.1,1342.2,1328.5,1334.0,99059.0
2013-10-24,1332.5,1352.3,1330.2,1350.3,138229.0
2013-10-25,1346.9,1356.4,1335.3,1352.5,120214.0
2013-10-28,1352.7,1361.8,1346.1,1352.2,118915.0
2013-10-29,1352.6,1360.4,1339.8,1345.5,127174.0
2013-10-30,1344.6,1359.6,1334.5,1349.3,156595.0
2013-10-31,1341.7,1343.0,1318.7,1323.7,151974.0
2013-11-01,1323.1,1327.3,1305.6,1313.2,136964.0
2013-11-04,1313.0,1322.4,1310.8,1314.7,78535.0
2013-11-05,1313.9,1320.6,1305.2,1308.1,99655.0
2013-11-06,1312.3,1322.0,1308.9,1317.8,97108.0
2013-11-07,1317.5,1326.0,1296.0,1308.5,188109.0
2013-11-08,1307.8,1313.4,1280.5,1284.6,182695.0
2013-11-11,1288.3,1288.8,1278.1,1281.1,98952.0
2013-11-12,1281.4,1285.4,1260.5,1271.2,146536.0
2013-11-13,1265.3,1283.7,1265.0,1268.4,133472.0
2013-11-14,1281.4,1293.8,1277.3,1286.3,159304.0
2013-11-15,1286.8,1290.8,1279.6,1287.4,93186.0
2013-11-18,1288.9,1289.2,1269.2,1272.3,112201.0
2013-11-19,1275.0,1278.2,1268.0,1273.5,105146.0
2013-11-20,1274.5,1275.7,1240.2,1258.0,224187.0
2013-11-21,1241.8,1250.0,1235.8,1243.6,197767.0
2013-11-22,1242.3,1248.3,1240.3,1244.1,135215.0
2013-11-25,1241.6,1254.0,1225.7,1241.2,195436.0
2013-11-26,1250.9,1257.8,1239.2,1241.4,178417.0
2013-11-27,1241.1,1254.8,1235.5,1237.9,154819.0
2013-11-28,1237.9,1254.5,1234.1,1250.4,113086.0
2013-11-29,1237.80005,1254.5,1233.69995,1250.59998,9203.0
2013-12-02,1250.6,1251.2,1217.1,1221.9,146101.0
2013-12-03,1219.5,1225.8,1214.6,1220.8,118419.0
2013-12-04,1223.0,1251.5,1210.8,1247.2,182235.0
2013-12-05,1243.1,1243.2,1216.3,1231.9,154225.0
2013-12-06,1225.0,1245.0,1210.1,1229.0,174951.0
2013-12-09,1229.9,1242.6,1224.6,1234.2,77726.0
2013-12-10,1239.5,1267.5,1237.4,1261.1,148583.0
2013-12-11,1261.0,1263.2,1250.6,1257.2,120446.0
2013-12-12,1252.3,1256.5,1222.6,1224.9,153610.0
2013-12-13,1226.1,1238.2,1219.5,1234.6,113538.0
2013-12-16,1237.3,1251.7,1227.2,1244.4,121809.0
2013-12-17,1239.5,1247.6,1226.5,1230.1,134929.0
2013-12-18,1230.3,1244.0,1215.2,1235.0,160628.0
2013-12-19,1217.8,1226.0,1186.0,1193.6,206495.0
2013-12-20,1188.8,1206.9,1188.0,1203.7,138710.0
2013-12-23,1202.5,1205.6,1191.8,1197.0,84975.0
2013-12-24,1197.8,1205.1,1195.5,1203.3,43489.0
2013-12-26,1203.8,1215.4,1200.5,1212.3,54652.0
2013-12-27,1210.9,1218.9,1208.5,1214.0,83755.0
2013-12-30,1213.8,1215.8,1193.3,1203.8,79943.0
2013-12-31,1197.4,1214.0,1181.4,1202.3,123138.0
2014-01-02,1204.5,1230.8,1202.5,1225.2,136924.0
2014-01-03,1222.3,1239.6,1221.3,1238.6,114982.0
2014-01-06,1237.0,1247.7,1212.6,1238.0,152189.0
2014-01-07,1237.0,1244.7,1224.2,1229.6,128637.0
2014-01-08,1231.0,1231.8,1217.7,1225.5,157113.0
2014-01-09,1224.9,1230.9,1222.8,1229.4,123280.0
2014-01-10,1227.1,1248.5,1226.6,1246.9,161259.0
2014-01-13,1247.7,1255.3,1243.0,1251.1,116647.0
2014-01-14,1252.7,1254.9,1241.1,1245.4,138193.0
2014-01-15,1244.3,1244.6,1233.5,1238.3,105108.0
2014-01-16,1241.8,1244.9,1235.8,1240.2,111667.0
2014-01-17,1241.7,1254.6,1237.3,1251.9,112715.0
2014-01-20,1252.5,1262.0,1235.1,1241.8,174694.0
2014-01-21,1256.40002,1257.5,1240.0,1242.30005,224.0
2014-01-22,1240.5,1243.5,1235.5,1238.6,86791.0
2014-01-23,1235.8,1267.0,1230.8,1262.3,209347.0
2014-01-24,1263.7,1273.2,1256.8,1264.3,161723.0
2014-01-27,1270.1,1279.8,1251.9,1263.4,167219.0
2014-01-28,1255.6,1262.3,1248.2,1250.8,155996.0
2014-01-29,1255.9,1270.6,1248.5,1262.2,137028.0
2014-01-30,1267.2,1267.8,1237.5,1242.5,163622.0
2014-01-31,1244.0,1254.8,1238.2,1239.8,116151.0
2014-02-03,1242.0,1266.1,1240.4,1259.9,124745.0
2014-02-04,1257.9,1260.7,1246.8,1251.2,93152.0
2014-02-05,1254.2,1274.5,1251.8,1256.9,127060.0
2014-02-06,1257.7,1267.5,1252.5,1257.2,87894.0
2014-02-07,1256.9,1272.0,1255.5,1262.9,136028.0
2014-02-10,1265.4,1277.8,1264.7,1274.7,94770.0
2014-02-11,1274.2,1294.4,1273.5,1289.8,154734.0
2014-02-12,1290.1,1296.4,1283.9,1295.0,111438.0
2014-02-13,1290.8,1303.0,1286.2,1300.1,126045.0
2014-02-14,1302.2,1321.5,1299.9,1318.6,150659.0
2014-02-17,1318.6,1332.4,1312.3,1324.4,184496.0
2014-02-18,1322.90002,1330.59998,1313.90002,1324.69995,373.0
2014-02-19,1322.0,1323.0,1308.9,1320.4,112256.0
2014-02-20,1311.0,1325.3,1307.1,1316.9,129024.0
2014-02-21,1323.0,1328.8,1315.9,1323.6,110099.0
2014-02-24,1325.5,1339.2,1318.7,1338.0,129769.0
2014-02-25,1336.4,1343.8,1331.2,1342.7,125978.0
2014-02-26,1341.3,1345.6,1322.3,1328.0,149696.0
2014-02-27,1329.5,1336.4,1324.0,1331.8,120165.0
2014-02-28,1331.3,1333.6,1319.3,1321.6,132783.0
2014-03-03,1332.4,1355.0,1330.7,1350.3,159743.0
2014-03-04,1350.0,1352.9,1331.2,1337.9,135598.0
2014-03-05,1334.8,1342.0,1332.7,1340.3,97109.0
2014-03-06,1337.0,1353.9,1331.3,1351.8,142468.0
2014-03-07,1350.7,1353.2,1326.6,1338.2,178466.0
2014-03-10,1340.8,1344.9,1327.5,1341.5,126040.0
2014-03-11,1339.5,1353.0,1337.8,1346.7,150515.0
2014-03-12,1348.8,1371.3,1345.6,1370.5,223878.0
2014-03-13,1367.8,1375.7,1364.9,1372.4,175113.0
2014-03-14,1370.9,1388.4,1368.2,1379.0,185259.0
2014-03-17,1383.1,1392.6,1361.9,1372.9,154349.0
2014-03-18,1367.1,1367.9,1351.1,1359.0,157502.0
2014-03-19,1356.1,1360.2,1327.8,1341.3,194615.0
2014-03-20,1331.7,1335.3,1320.8,1330.5,167021.0
2014-03-21,1329.3,1343.0,1328.0,1336.0,148313.0
2014-03-24,1335.0,1335.7,1308.5,1311.2,178475.0
2014-03-25,1309.7,1318.0,1306.0,1311.4,158346.0
2014-03-26,1312.1,1317.1,1299.3,1303.4,151503.0
2014-03-27,1305.5,1307.6,1289.6,1294.7,185016.0
2014-03-28,1292.3,1299.4,1286.1,1294.3,171316.0
2014-03-31,1295.0,1299.3,1282.7,1283.8,133250.0
2014-04-01,1284.6,1288.4,1277.4,1280.0,112918.0
2014-04-02,1279.6,1294.9,1278.9,1290.8,124467.0
2014-04-03,1290.4,1294.2,1281.9,1284.6,98672.0
2014-04-04,1286.6,1307.5,1284.4,1303.5,145500.0
2014-04-07,1304.0,1304.8,1295.8,1298.3,80277.0
2014-04-08,1296.8,1314.7,1296.8,1309.1,119225.0
2014-04-09,1308.5,1315.5,1301.1,1305.9,125580.0
2014-04-10,1311.9,1324.9,1311.0,1320.5,126709.0
2014-04-11,1318.1,1324.2,1314.0,1319.0,91859.0
2014-04-14,1321.0,1331.4,1318.7,1327.5,100334.0
2014-04-15,1326.5,1328.4,1284.4,1300.3,188991.0
2014-04-16,1303.2,1307.1,1293.5,1303.5,117468.0
2014-04-17,1302.1,1304.4,1292.8,1293.9,95708.0
2014-04-21,1294.9,1302.5,1281.8,1288.5,101889.0
2014-04-22,1290.3,1293.1,1275.8,1281.1,118730.0
2014-04-23,1284.0,1289.1,1280.8,1284.6,98441.0
2014-04-24,1283.9,1299.0,1268.4,1290.6,189289.0
2014-04-25,1293.8,1305.2,1290.4,1300.8,107958.0
2014-04-28,1303.2,1306.6,1292.1,1299.0,102409.0
2014-04-29,1296.0,1302.0,1286.1,1296.3,103817.0
2014-04-30,1295.6,1298.4,1284.9,1295.9,139271.0
2014-05-01,1291.9,1293.0,1277.3,1283.4,115436.0
2014-05-02,1284.7,1304.9,1272.0,1302.9,171945.0
2014-05-05,1300.9,1315.8,1299.7,1309.3,115634.0
2014-05-06,1309.7,1314.3,1304.4,1308.6,103408.0
2014-05-07,1307.9,1315.0,1286.6,1288.9,173803.0
2014-05-08,1289.8,1295.5,1284.8,1287.7,118107.0
2014-05-09,1289.6,1294.5,1285.5,1287.6,110471.0
2014-05-12,1289.8,1304.5,1277.7,1295.8,130809.0
2014-05-13,1296.0,1299.0,1289.1,1294.8,120873.0
2014-05-14,1293.9,1309.2,1291.6,1305.9,120327.0
2014-05-15,1305.5,1307.3,1290.9,1293.6,147392.0
2014-05-16,1296.4,1298.3,1287.7,1293.4,116836.0
2014-05-19,1293.0,1305.7,1289.5,1293.8,108500.0
2014-05-20,1293.0,1297.2,1286.0,1294.6,129486.0
2014-05-21,1294.2,1296.3,1282.9,1288.1,126006.0
2014-05-22,1292.0,1304.1,1290.1,1295.0,128235.0
2014-05-23,1294.3,1295.7,1286.6,1291.7,146979.0
2014-05-26,1293.6,1294.8,1263.2,1265.5,252104.0
2014-05-27,1291.90002,1291.90002,1265.40002,1265.40002,25.0
2014-05-28,1264.0,1267.3,1255.8,1259.3,168825.0
2014-05-29,1258.9,1261.5,1251.4,1257.1,140234.0
2014-05-30,1255.9,1260.6,1242.2,1246.0,136541.0
2014-06-02,1250.5,1251.0,1241.1,1244.0,91403.0
2014-06-03,1244.1,1247.9,1240.2,1244.5,90049.0
2014-06-04,1244.9,1249.5,1242.8,1244.3,76990.0
2014-06-05,1244.3,1257.9,1241.2,1253.3,125573.0
2014-06-06,1253.7,1258.2,1245.7,1252.5,112940.0
2014-06-09,1253.0,1257.3,1251.6,1253.9,53765.0
2014-06-10,1252.7,1263.8,1250.1,1260.1,107080.0
2014-06-11,1260.3,1265.5,1257.9,1261.2,77036.0
2014-06-12,1261.1,1275.1,1260.0,1274.0,117418.0
2014-06-13,1273.4,1278.1,1270.9,1274.1,83626.0
2014-06-16,1276.8,1285.1,1270.5,1275.3,98247.0
2014-06-17,1271.8,1273.5,1258.0,1272.0,112826.0
2014-06-18,1272.1,1279.2,1266.5,1272.7,87914.0
2014-06-19,1278.2,1322.0,1276.2,1314.1,237994.0
2014-06-20,1320.3,1322.5,1307.1,1316.6,167785.0
2014-06-23,1314.9,1319.2,1310.4,1318.4,109392.0
2014-06-24,1318.1,1326.6,1314.5,1321.3,123877.0
2014-06-25,1318.9,1325.6,1305.4,1322.6,136623.0
2014-06-26,1318.7,1320.6,1306.8,1317.0,134789.0
2014-06-27,1317.1,1323.1,1313.2,1320.0,104663.0
2014-06-30,1316.8,1330.4,1311.0,1322.0,127612.0
2014-07-01,1327.5,1334.9,1324.0,1326.6,121098.0
2014-07-02,1327.1,1333.2,1322.1,1330.9,114091.0
2014-07-03,1328.4,1329.0,1309.4,1320.6,149377.0
2014-07-04,1321.4,1321.7,1312.1,1317.0,113065.0
2014-07-07,1318.69995,1320.30005,1313.19995,1316.5,93.0
2014-07-08,1320.8,1325.7,1314.3,1316.5,130081.0
2014-07-09,1320.4,1333.4,1318.7,1324.3,163179.0
2014-07-10,1325.0,1346.8,1325.0,1339.2,179492.0
2014-07-11,1336.5,1340.4,1334.6,1337.4,97170.0
2014-07-14,1339.5,1340.9,1302.2,1306.7,208856.0
2014-07-15,1309.1,1314.4,1292.6,1297.1,175878.0
2014-07-16,1295.2,1304.2,1293.5,1299.8,119719.0
2014-07-17,1300.3,1325.9,1298.1,1316.9,176744.0
2014-07-18,1319.1,1325.5,1305.0,1309.4,121624.0
2014-07-21,1311.3,1319.0,1307.9,1313.9,85369.0
2014-07-22,1312.4,1316.8,1302.2,1306.3,127494.0
2014-07-23,1308.0,1311.8,1303.5,1304.7,86756.0
2014-07-24,1304.3,1305.6,1287.5,1290.8,178767.0
2014-07-25,1294.2,1308.9,1291.0,1303.3,131242.0
2014-07-28,1307.9,1309.4,1301.1,1303.3,136981.0
2014-07-29,1303.3,1312.1,1295.5,1298.3,181554.0
2014-07-30,1300.5,1305.2,1293.2,1296.9,130868.0
2014-07-31,1297.0,1298.8,1281.3,1282.8,143363.0
2014-08-01,1284.2,1298.4,1281.0,1294.8,144988.0
2014-08-04,1295.4,1296.4,1287.0,1288.9,67872.0
2014-08-05,1289.2,1295.0,1283.3,1285.3,105683.0
2014-08-06,1288.9,1311.0,1288.5,1308.2,160366.0
2014-08-07,1306.6,1316.4,1303.0,1312.5,122429.0
2014-08-08,1314.5,1324.3,1305.7,1311.0,147901.0
2014-08-11,1310.4,1312.9,1306.4,1310.5,63069.0
2014-08-12,1309.2,1319.3,1306.8,1310.6,98609.0
2014-08-13,1309.6,1316.4,1306.0,1314.5,98471.0
2014-08-14,1313.4,1321.8,1310.0,1315.7,103416.0
2014-08-15,1313.4,1316.5,1293.0,1306.2,192112.0
2014-08-18,1304.2,1304.9,1296.5,1299.3,76105.0
2014-08-19,1298.6,1303.7,1294.7,1296.7,78238.0
2014-08-20,1297.2,1299.3,1288.7,1295.2,83304.0
2014-08-21,1291.9,1292.0,1273.4,1275.4,145351.0
2014-08-22,1278.2,1283.9,1274.6,1280.2,91730.0
2014-08-25,1280.8,1281.6,1275.0,1278.9,53712.0
2014-08-26,1277.4,1291.9,1275.7,1285.2,103850.0
2014-08-27,1281.6,1288.2,1280.9,1283.4,67240.0
2014-08-28,1283.7,1297.6,1283.0,1290.4,110166.0
2014-08-29,1290.4,1292.5,1284.1,1287.4,76388.0
2014-09-01,1288.5,1290.9,1263.1,1265.0,190582.0
2014-09-02,1284.5,1286.40002,1262.5,1263.69995,280.0
2014-09-03,1266.7,1272.4,1261.9,1270.3,107908.0
2014-09-04,1269.8,1279.2,1261.3,1266.5,151579.0
2014-09-05,1261.7,1274.8,1258.0,1267.3,106165.0
2014-09-08,1269.5,1272.6,1252.1,1254.3,112676.0
2014-09-09,1257.1,1258.9,1248.1,1248.5,128253.0
2014-09-10,1256.2,1258.5,1244.5,1245.3,140721.0
2014-09-11,1249.8,1251.0,1235.3,1239.0,160683.0
2014-09-12,1240.9,1242.3,1228.1,1231.5,140795.0
2014-09-15,1228.3,1239.2,1226.3,1235.1,100037.0
2014-09-16,1233.2,1243.2,1232.2,1236.7,123281.0
2014-09-17,1235.3,1240.5,1222.0,1235.9,132084.0
2014-09-18,1223.1,1228.7,1216.3,1226.9,151109.0
2014-09-19,1225.6,1229.2,1214.2,1216.6,173498.0
2014-09-22,1216.4,1221.0,1208.8,1217.9,138051.0
2014-09-23,1214.9,1237.0,1214.7,1222.0,153197.0
2014-09-24,1223.2,1226.7,1216.2,1219.5,131418.0
2014-09-25,1217.3,1225.3,1206.6,1221.9,186354.0
2014-09-26,1222.1,1232.7,1212.8,1215.4,149452.0
2014-09-29,1219.1,1223.9,1215.3,1218.8,105757.0
2014-09-30,1215.7,1220.7,1204.3,1211.6,182523.0
2014-10-01,1209.4,1220.0,1205.0,1215.5,146536.0
2014-10-02,1213.4,1224.0,1209.1,1215.1,148824.0
2014-10-03,1213.9,1215.7,1190.3,1192.9,186087.0
2014-10-06,1192.0,1209.9,1183.3,1207.3,147758.0
2014-10-07,1207.8,1214.1,1203.0,1212.4,142509.0
2014-10-08,1209.8,1224.5,1205.1,1206.0,192007.0
2014-10-09,1221.1,1234.0,1219.3,1225.3,165358.0
2014-10-10,1224.0,1225.7,1217.6,1221.7,121360.0
2014-10-13,1224.8,1238.0,1223.6,1230.0,119916.0
2014-10-14,1237.3,1238.6,1231.1,1234.3,113551.0
2014-10-15,1233.3,1250.3,1222.0,1244.8,258099.0
2014-10-16,1242.2,1245.6,1235.2,1241.2,180590.0
2014-10-17,1239.5,1242.1,1232.0,1239.0,117545.0
2014-10-20,1239.1,1249.3,1234.9,1244.7,96271.0
2014-10-21,1246.8,1255.6,1245.7,1251.7,151078.0
2014-10-22,1248.9,1250.2,1240.7,1245.5,113405.0
2014-10-23,1241.7,1244.9,1226.3,1229.1,140066.0
2014-10-24,1233.5,1234.7,1228.7,1231.8,93371.0
2014-10-27,1230.6,1232.1,1225.2,1229.3,86313.0
2014-10-28,1225.8,1235.5,1222.2,1229.4,124196.0
2014-10-29,1227.8,1230.4,1208.2,1224.9,131448.0
2014-10-30,1211.2,1216.5,1195.5,1198.6,210415.0
2014-10-31,1199.5,1202.4,1160.5,1171.6,300192.0
2014-11-03,1171.1,1173.4,1161.0,1169.8,129435.0
2014-11-04,1164.6,1175.0,1163.4,1167.7,134878.0
2014-11-05,1168.4,1169.3,1137.1,1145.7,261115.0
2014-11-06,1140.8,1149.0,1137.2,1142.6,168560.0
2014-11-07,1141.2,1179.0,1130.4,1169.8,298006.0
2014-11-10,1176.8,1177.5,1146.7,1159.8,198954.0
2014-11-11,1151.5,1172.5,1145.5,1163.0,187308.0
2014-11-12,1163.0,1169.4,1156.5,1159.1,183582.0
2014-11-13,1161.1,1167.4,1153.0,1161.5,187699.0
2014-11-14,1161.8,1192.9,1146.0,1185.6,293650.0
2014-11-17,1185.5,1193.6,1180.8,1183.5,199521.0
2014-11-18,1185.6,1204.1,1182.7,1197.1,170800.0
2014-11-19,1196.5,1201.7,1173.9,1193.9,265864.0
2014-11-20,1183.1,1196.6,1176.2,1190.9,187475.0
2014-11-21,1194.0,1207.6,1186.1,1197.7,199906.0
2014-11-24,1199.9,1203.8,1192.2,1195.7,158694.0
2014-11-25,1197.7,1202.2,1189.0,1197.1,210753.0
2014-11-26,1201.6,1201.6,1194.6,1197.5,121777.0
2014-11-27,1197.8,1199.3,1163.9,1175.5,254472.0
2014-11-28,1197.0,1198.19995,1163.80005,1175.19995,11175.0
2014-12-01,1159.4,1221.0,1141.7,1218.1,342307.0
2014-12-02,1212.6,1212.6,1191.4,1199.4,169349.0
2014-12-03,1197.6,1215.0,1193.5,1208.7,145106.0
2014-12-04,1209.3,1213.5,1201.1,1207.7,117722.0
2014-12-05,1205.9,1208.5,1186.4,1190.4,157202.0
2014-12-08,1191.2,1209.3,1187.3,1194.9,107505.0
2014-12-09,1203.8,1239.0,1199.5,1232.0,241262.0
2014-12-10,1231.2,1238.9,1225.2,1229.4,143319.0
2014-12-11,1226.2,1233.4,1216.4,1225.6,143670.0
2014-12-12,1227.9,1228.9,1214.8,1222.5,121177.0
2014-12-15,1222.0,1225.0,1191.3,1207.7,152383.0
2014-12-16,1195.4,1223.9,1187.8,1194.3,231509.0
2014-12-17,1195.3,1203.1,1182.0,1194.5,169510.0
2014-12-18,1189.4,1213.9,1188.5,1194.8,137338.0
2014-12-19,1198.0,1201.5,1193.2,1196.0,73333.0
2014-12-22,1196.0,1203.6,1170.7,1179.8,132152.0
2014-12-23,1176.1,1184.9,1172.4,1178.0,105530.0
2014-12-24,1176.8,1181.2,1172.7,1173.5,43632.0
2014-12-26,1175.2,1199.1,1175.2,1195.3,67183.0
2014-12-29,1194.9,1197.5,1178.6,1181.9,85907.0
2014-12-30,1182.9,1210.9,1180.5,1200.4,141724.0
2014-12-31,1199.8,1203.9,1179.5,1184.1,70517.0
2015-01-02,1184.0,1194.9,1167.3,1186.2,120678.0
2015-01-05,1187.8,1207.5,1177.8,1204.0,149112.0
2015-01-06,1204.0,1223.3,1201.6,1219.4,190357.0
2015-01-07,1219.0,1219.4,1209.1,1210.7,117085.0
2015-01-08,1211.0,1216.8,1204.2,1208.5,122494.0
2015-01-09,1208.9,1224.0,1207.0,1216.1,155980.0
2015-01-12,1223.0,1236.0,1217.5,1232.8,138523.0
2015-01-13,1233.1,1244.5,1227.4,1234.4,179651.0
2015-01-14,1231.2,1244.6,1224.9,1234.5,193111.0
2015-01-15,1229.7,1267.2,1226.1,1264.8,288788.0
2015-01-16,1263.5,1282.4,1255.2,1276.9,219412.0
2015-01-19,1280.7,1297.2,1272.1,1294.2,249777.0
2015-01-20,1278.90002,1297.30005,1273.80005,1294.19995,157.0
2015-01-21,1295.3,1307.0,1284.6,1293.7,210391.0
2015-01-22,1293.7,1307.8,1279.1,1300.7,214909.0
2015-01-23,1301.5,1302.9,1284.3,1292.6,149213.0
2015-01-26,1292.8,1299.2,1275.6,1279.4,168886.0
2015-01-27,1280.7,1297.4,1272.0,1291.7,186952.0
2015-01-28,1292.0,1293.3,1279.0,1285.9,180387.0
2015-01-29,1284.0,1286.6,1252.1,1255.9,243648.0
2015-01-30,1259.0,1285.4,1257.5,1279.2,163882.0
2015-02-02,1283.0,1283.9,1266.5,1276.9,119882.0
2015-02-03,1275.6,1286.5,1255.8,1260.3,181991.0
2015-02-04,1261.5,1273.3,1256.9,1264.5,136182.0
2015-02-05,1270.4,1274.6,1256.1,1262.7,113827.0
2015-02-06,1266.4,1269.0,1228.2,1234.6,205095.0
2015-02-09,1235.9,1243.6,1234.4,1241.5,92651.0
2015-02-10,1238.3,1245.9,1230.6,1232.2,97143.0
2015-02-11,1234.1,1238.7,1216.5,1219.6,116275.0
2015-02-12,1218.3,1232.8,1218.0,1220.7,109412.0
2015-02-13,1223.0,1234.9,1222.5,1227.1,96371.0
2015-02-16,1227.5,1236.7,1203.3,1208.6,181844.0
2015-02-17,1227.69995,1234.0,1203.0,1208.09998,204.0
2015-02-18,1209.3,1213.4,1197.2,1200.2,121125.0
2015-02-19,1212.5,1222.9,1205.2,1207.6,115723.0
2015-02-20,1208.0,1215.3,1197.7,1204.9,109248.0
2015-02-23,1203.5,1210.3,1190.6,1200.8,115219.0
2015-02-24,1201.9,1204.4,1190.0,1197.3,116610.0
2015-02-25,1200.8,1211.7,1200.7,1201.5,106078.0
2015-02-26,1203.9,1219.9,1203.4,1210.1,137276.0
2015-02-27,1208.8,1219.2,1204.1,1213.1,113768.0
2015-03-02,1213.8,1223.0,1204.2,1208.2,133100.0
2015-03-03,1206.1,1214.4,1194.6,1204.4,155655.0
2015-03-04,1203.8,1208.4,1197.7,1200.9,107563.0
2015-03-05,1200.2,1208.9,1195.8,1196.2,131863.0
2015-03-06,1197.5,1200.0,1162.9,1164.3,214797.0
2015-03-09,1169.6,1174.4,1164.8,1166.5,123613.0
2015-03-10,1165.6,1169.6,1153.8,1160.1,178084.0
2015-03-11,1161.1,1164.3,1146.5,1150.6,161561.0
2015-03-12,1153.7,1165.7,1147.5,1151.9,159536.0
2015-03-13,1152.6,1160.9,1150.4,1152.4,122680.0
2015-03-16,1157.9,1163.3,1149.3,1153.2,123258.0
2015-03-17,1153.7,1159.3,1141.6,1148.2,159617.0
2015-03-18,1148.1,1175.1,1144.9,1151.3,188480.0
2015-03-19,1166.1,1177.0,1158.6,1169.0,157056.0
2015-03-20,1170.4,1187.4,1167.9,1184.6,167531.0
2015-03-23,1183.2,1191.0,1178.6,1187.7,162532.0
2015-03-24,1188.5,1194.5,1184.7,1191.4,162922.0
2015-03-25,1192.5,1199.3,1186.1,1197.0,185925.0
2015-03-26,1195.4,1219.5,1193.8,1204.8,245373.0
2015-03-27,1203.8,1205.6,1191.7,1199.8,172260.0
2015-03-30,1198.6,1199.6,1182.2,1185.3,131446.0
2015-03-31,1185.5,1190.6,1178.2,1183.2,114970.0
2015-04-01,1183.2,1208.7,1180.5,1208.2,151135.0
2015-04-02,1204.3,1207.4,1194.8,1200.9,115647.0
2015-04-06,1212.6,1224.5,1212.6,1218.6,106008.0
2015-04-07,1214.7,1215.9,1207.5,1210.6,85860.0
2015-04-08,1208.7,1212.5,1197.4,1203.1,116317.0
2015-04-09,1202.6,1203.3,1192.4,1193.6,110164.0
2015-04-10,1193.8,1210.6,1192.9,1204.6,124843.0
2015-04-13,1207.2,1209.3,1196.1,1199.3,109553.0
2015-04-14,1198.8,1201.3,1183.5,1192.6,161058.0
2015-04-15,1192.2,1204.4,1188.3,1201.3,129198.0
2015-04-16,1201.8,1208.8,1194.3,1198.0,157415.0
2015-04-17,1198.6,1207.8,1197.0,1203.1,111545.0
2015-04-20,1204.4,1209.0,1190.8,1193.7,137017.0
2015-04-21,1195.8,1203.7,1192.5,1203.1,104705.0
2015-04-22,1202.2,1204.4,1185.0,1186.9,152182.0
2015-04-23,1186.9,1197.4,1183.6,1194.3,118111.0
2015-04-24,1193.0,1195.4,1174.1,1175.0,156378.0
2015-04-27,1179.3,1206.7,1177.6,1203.2,207200.0
2015-04-28,1201.6,1214.9,1198.6,1213.9,157578.0
2015-04-29,1211.4,1213.5,1200.7,1210.0,141075.0
2015-04-30,1204.5,1207.4,1176.0,1182.4,212931.0
2015-05-01,1183.7,1184.4,1168.4,1174.5,118476.0
2015-05-04,1176.6,1192.1,1176.6,1186.8,107753.0
2015-05-05,1187.5,1199.3,1184.9,1193.2,109749.0
2015-05-06,1192.5,1196.9,1187.4,1190.3,105946.0
2015-05-07,1191.3,1192.0,1177.9,1182.2,134937.0
2015-05-08,1183.7,1193.0,1180.5,1188.9,143614.0
2015-05-11,1189.0,1190.9,1178.0,1183.0,128097.0
2015-05-12,1182.5,1196.3,1179.7,1192.4,139260.0
2015-05-13,1192.5,1218.5,1190.4,1218.2,241719.0
2015-05-14,1215.0,1227.7,1211.9,1225.2,177837.0
2015-05-15,1220.9,1225.8,1210.6,1225.3,133239.0
2015-05-18,1222.8,1232.0,1221.2,1227.6,120822.0
2015-05-19,1225.4,1225.5,1205.1,1206.7,178961.0
2015-05-20,1207.7,1213.2,1202.7,1208.7,127893.0
2015-05-21,1209.4,1212.4,1200.8,1204.1,139665.0
2015-05-22,1206.0,1214.6,1201.0,1204.0,142930.0
2015-05-25,1205.2,1208.2,1184.8,1186.9,244624.0
2015-05-26,1193.59998,1193.59998,1186.0,1187.19995,40.0
2015-05-27,1186.7,1190.4,1183.0,1185.6,200216.0
2015-05-28,1188.0,1192.8,1180.2,1188.8,149999.0
2015-05-29,1188.1,1194.4,1186.0,1189.8,102168.0
2015-06-01,1189.8,1204.7,1184.0,1188.7,171248.0
2015-06-02,1189.5,1196.4,1185.8,1194.4,111471.0
2015-06-03,1193.8,1195.6,1179.1,1184.9,124179.0
2015-06-04,1185.8,1186.6,1172.4,1175.2,155463.0
2015-06-05,1176.5,1178.0,1162.1,1168.1,150679.0
2015-06-08,1170.8,1177.1,1168.5,1173.6,107088.0
2015-06-09,1173.2,1182.3,1171.8,1177.6,91631.0
2015-06-10,1175.8,1191.8,1174.3,1186.6,124680.0
2015-06-11,1185.7,1187.4,1174.8,1180.4,114926.0
2015-06-12,1180.8,1183.7,1175.6,1179.2,86352.0
2015-06-15,1180.0,1190.2,1171.9,1185.8,129826.0
2015-06-16,1185.3,1187.4,1175.4,1180.9,100203.0
2015-06-17,1181.1,1188.8,1173.9,1176.8,101554.0
2015-06-18,1184.2,1205.7,1183.1,1202.0,190686.0
2015-06-19,1201.8,1203.9,1198.0,1201.9,86055.0
2015-06-22,1199.7,1200.8,1181.6,1184.1,127145.0
2015-06-23,1185.3,1187.7,1175.6,1176.6,122250.0
2015-06-24,1177.6,1179.7,1168.1,1172.9,118451.0
2015-06-25,1174.1,1177.3,1170.5,1171.8,88847.0
2015-06-26,1172.5,1178.0,1167.1,1173.2,107921.0
2015-06-29,1182.5,1187.6,1173.2,1179.0,145708.0
2015-06-30,1179.8,1180.0,1165.4,1171.8,148193.0
2015-07-01,1172.4,1174.4,1166.7,1169.3,95179.0
2015-07-02,1167.7,1169.2,1155.8,1163.5,144729.0
2015-07-03,1173.2,1174.4,1161.9,1173.2,141898.0
2015-07-06,1171.09998,1173.0,1162.19995,1172.90002,634.0
2015-07-07,1168.8,1170.0,1146.8,1152.6,198533.0
2015-07-08,1154.0,1163.8,1145.9,1163.5,168006.0
2015-07-09,1157.5,1166.9,1155.1,1159.2,130014.0
2015-07-10,1158.7,1164.5,1156.4,1157.9,112568.0
2015-07-13,1162.3,1163.9,1149.8,1155.4,126732.0
2015-07-14,1157.0,1159.1,1151.8,1153.5,109142.0
2015-07-15,1153.9,1155.8,1141.9,1147.4,150648.0
2015-07-16,1146.2,1148.2,1140.6,1143.9,125703.0
2015-07-17,1144.3,1144.5,1129.6,1131.9,161004.0
2015-07-20,1132.4,1132.5,1080.0,1106.8,261352.0
2015-07-21,1098.0,1108.8,1095.9,1103.5,172518.0
2015-07-22,1100.1,1102.3,1085.6,1091.5,182184.0
2015-07-23,1093.4,1104.9,1086.1,1094.1,204073.0
2015-07-24,1089.5,1100.9,1072.3,1085.5,249020.0
2015-07-27,1098.6,1104.4,1087.7,1096.4,191964.0
2015-07-28,1094.1,1098.2,1090.7,1096.2,176077.0
2015-07-29,1094.5,1100.9,1088.9,1092.6,159142.0
2015-07-30,1096.6,1098.2,1081.5,1088.7,169098.0
2015-07-31,1087.7,1103.0,1079.2,1095.1,174127.0
2015-08-03,1095.1,1098.0,1085.1,1089.4,105923.0
2015-08-04,1085.3,1094.4,1080.2,1090.7,114103.0
2015-08-05,1087.3,1091.7,1082.0,1085.6,116045.0
2015-08-06,1084.1,1093.3,1082.7,1090.1,94613.0
2015-08-07,1088.8,1098.9,1081.4,1094.1,172487.0
2015-08-10,1094.0,1108.5,1089.0,1104.1,148926.0
2015-08-11,1103.8,1119.1,1093.3,1107.7,191830.0
2015-08-12,1108.2,1125.5,1101.1,1123.6,193697.0
2015-08-13,1125.2,1126.3,1112.8,1115.6,129211.0
2015-08-14,1114.6,1120.4,1111.1,1112.7,102233.0
2015-08-17,1113.5,1122.2,1112.9,1118.4,92581.0
2015-08-18,1117.2,1120.4,1108.5,1116.9,119945.0
2015-08-19,1117.2,1134.3,1115.5,1127.9,154352.0
2015-08-20,1133.3,1153.7,1132.1,1153.2,187177.0
2015-08-21,1153.3,1167.9,1148.5,1159.6,196062.0
2015-08-24,1160.2,1169.8,1145.1,1153.6,264142.0
2015-08-25,1155.7,1156.3,1134.0,1138.3,199685.0
2015-08-26,1139.9,1146.0,1116.9,1124.6,207120.0
2015-08-27,1125.0,1128.5,1117.0,1122.6,143048.0
2015-08-28,1124.4,1140.3,1123.1,1134.0,152105.0
2015-08-31,1132.7,1136.3,1125.0,1132.5,98950.0
2015-09-01,1133.8,1147.3,1133.8,1139.8,128865.0
2015-09-02,1139.0,1141.9,1131.2,1133.6,111567.0
2015-09-03,1133.2,1133.8,1121.0,1124.5,106471.0
2015-09-04,1124.5,1133.1,1115.7,1121.4,113525.0
2015-09-07,1123.0,1126.0,1114.7,1121.0,142512.0
2015-09-08,1119.80005,1124.30005,1116.40002,1120.40002,138.0
2015-09-09,1121.0,1124.7,1100.1,1102.0,178299.0
2015-09-10,1105.7,1114.1,1102.5,1109.3,121431.0
2015-09-11,1110.2,1111.9,1097.7,1103.3,119503.0
2015-09-14,1107.0,1109.8,1102.6,1107.7,74178.0
2015-09-15,1107.1,1108.5,1101.5,1102.6,78878.0
2015-09-16,1104.4,1123.7,1103.0,1119.0,131151.0
2015-09-17,1118.7,1136.0,1114.7,1117.0,143637.0
2015-09-18,1130.0,1141.5,1126.9,1137.8,151718.0
2015-09-21,1138.7,1139.4,1128.7,1132.8,87119.0
2015-09-22,1132.6,1136.1,1120.5,1124.8,117435.0
2015-09-23,1123.8,1134.0,1121.1,1131.5,96165.0
2015-09-24,1130.0,1156.4,1129.5,1153.8,219683.0
2015-09-25,1151.0,1151.1,1140.1,1145.6,140350.0
2015-09-28,1145.0,1147.8,1127.3,1131.7,143467.0
2015-09-29,1131.4,1134.3,1123.5,1126.8,105548.0
2015-09-30,1127.2,1127.7,1110.8,1115.2,156467.0
2015-10-01,1114.5,1118.5,1110.3,1113.7,83393.0
2015-10-02,1112.5,1140.9,1103.8,1136.6,190004.0
2015-10-05,1137.0,1141.6,1129.6,1137.6,119484.0
2015-10-06,1134.7,1151.0,1134.5,1146.4,128175.0
2015-10-07,1146.5,1153.6,1141.3,1148.7,113149.0
2015-10-08,1145.0,1150.9,1135.9,1144.3,121187.0
2015-10-09,1138.1,1159.3,1138.0,1155.9,134869.0
2015-10-12,1155.0,1168.6,1154.3,1164.5,111800.0
2015-10-13,1162.8,1168.6,1151.3,1165.4,139528.0
2015-10-14,1168.2,1189.9,1162.5,1179.8,199965.0
2015-10-15,1184.0,1191.7,1173.9,1187.5,192307.0
2015-10-16,1182.5,1184.8,1174.3,1183.1,108910.0
2015-10-19,1176.9,1178.2,1168.3,1172.8,108768.0
2015-10-20,1170.6,1181.4,1167.2,1177.5,124733.0
2015-10-21,1175.5,1179.3,1163.2,1167.1,122070.0
2015-10-22,1166.8,1171.8,1161.4,1166.1,117317.0
2015-10-23,1165.9,1179.4,1158.6,1162.8,150796.0
2015-10-26,1163.8,1169.6,1162.0,1166.2,84868.0
2015-10-27,1163.0,1168.8,1160.5,1165.8,91661.0
2015-10-28,1166.7,1183.1,1152.1,1176.1,187307.0
2015-10-29,1156.1,1162.5,1144.2,1147.3,155610.0
2015-10-30,1146.6,1149.8,1138.4,1141.4,123166.0
2015-11-02,1141.3,1142.7,1132.2,1135.9,106355.0
2015-11-03,1132.9,1138.0,1113.6,1114.1,157445.0
2015-11-04,1117.4,1122.3,1105.6,1106.2,157673.0
2015-11-05,1106.8,1111.3,1102.2,1104.2,144642.0
2015-11-06,1103.2,1109.7,1084.5,1087.7,199866.0
2015-11-09,1089.1,1094.9,1087.4,1088.1,141885.0
2015-11-10,1090.8,1094.8,1084.0,1088.5,144170.0
2015-11-11,1088.5,1093.5,1083.2,1084.9,171726.0
2015-11-12,1085.4,1089.0,1073.0,1081.0,208297.0
2015-11-13,1083.5,1088.0,1078.2,1080.9,130832.0
2015-11-16,1087.9,1097.4,1080.5,1083.6,151381.0
2015-11-17,1082.4,1085.1,1064.4,1068.6,181458.0
2015-11-18,1070.2,1074.6,1062.0,1068.7,154641.0
2015-11-19,1069.3,1086.6,1068.3,1077.9,177555.0
2015-11-20,1079.7,1087.2,1074.9,1076.3,157703.0
2015-11-23,1076.4,1076.5,1065.0,1066.8,178092.0
2015-11-24,1068.5,1080.7,1068.1,1073.8,158532.0
2015-11-25,1075.0,1080.4,1067.1,1070.0,148662.0
2015-11-26,1070.6,1073.9,1051.6,1056.2,187114.0
2015-11-27,1070.69995,1074.19995,1051.09998,1056.19995,52133.0
2015-11-30,1056.0,1069.1,1052.2,1065.3,113168.0
2015-12-01,1064.6,1074.0,1062.6,1063.5,121567.0
2015-12-02,1067.9,1071.0,1049.4,1053.8,124024.0
2015-12-03,1053.5,1064.5,1045.4,1061.2,173771.0
2015-12-04,1062.0,1088.3,1057.2,1084.1,208897.0
2015-12-07,1085.5,1086.1,1065.0,1075.2,109372.0
2015-12-08,1069.7,1078.4,1066.8,1075.3,128216.0
2015-12-09,1074.3,1085.0,1068.7,1076.5,140705.0
2015-12-10,1071.7,1076.0,1068.8,1072.0,99734.0
2015-12-11,1071.4,1079.1,1061.7,1075.7,152623.0
2015-12-14,1073.0,1077.3,1058.1,1063.4,121860.0
2015-12-15,1059.8,1067.9,1057.4,1061.6,115316.0
2015-12-16,1060.3,1077.9,1060.2,1076.8,143146.0
2015-12-17,1072.2,1072.7,1046.8,1049.6,168666.0
2015-12-18,1051.5,1071.0,1050.0,1065.0,122220.0
2015-12-21,1065.2,1081.4,1063.1,1080.6,122217.0
2015-12-22,1078.0,1080.3,1071.2,1074.1,80660.0
2015-12-23,1072.0,1074.9,1067.6,1068.3,69363.0
2015-12-24,1069.6,1076.6,1069.5,1075.9,49685.0
2015-12-28,1075.2,1076.5,1065.7,1068.3,70863.0
2015-12-29,1068.3,1074.6,1066.7,1068.0,87639.0
2015-12-30,1068.2,1071.5,1058.5,1059.8,98711.0
2015-12-31,1060.6,1062.7,1056.5,1060.2,55707.0
2016-01-04,1061.5,1083.0,1061.0,1075.2,159785.0
2016-01-05,1073.5,1081.5,1071.9,1078.4,104638.0
2016-01-06,1076.8,1094.9,1074.4,1091.9,191801.0
2016-01-07,1093.7,1109.9,1091.1,1107.8,217266.0
2016-01-08,1108.8,1113.1,1091.8,1097.9,193452.0
2016-01-11,1103.6,1108.3,1093.1,1096.2,193208.0
2016-01-12,1094.0,1099.1,1083.1,1085.2,167654.0
2016-01-13,1086.8,1095.6,1079.4,1087.1,156109.0
2016-01-14,1093.6,1095.4,1071.1,1073.6,174240.0
2016-01-15,1079.2,1097.5,1076.0,1090.7,173457.0
2016-01-18,1089.3,1094.5,1082.1,1089.1,160106.0
2016-01-19,1089.80005,1094.40002,1084.90002,1089.90002,17.0
2016-01-20,1087.3,1109.9,1087.1,1106.2,193281.0
2016-01-21,1100.9,1106.2,1092.5,1098.2,178737.0
2016-01-22,1101.6,1103.5,1094.4,1096.3,142743.0
2016-01-25,1097.8,1109.2,1097.6,1105.3,176358.0
2016-01-26,1108.2,1123.2,1107.2,1120.2,197690.0
2016-01-27,1119.9,1128.0,1114.9,1115.8,168706.0
2016-01-28,1126.2,1126.4,1110.2,1116.1,151218.0
2016-01-29,1114.8,1118.9,1108.5,1116.4,133251.0
2016-02-01,1118.0,1130.2,1115.3,1128.0,118524.0
2016-02-02,1128.5,1131.5,1122.6,1127.2,117734.0
2016-02-03,1129.4,1146.2,1124.8,1141.3,189231.0
2016-02-04,1142.5,1157.9,1139.7,1157.5,177206.0
2016-02-05,1155.7,1175.0,1145.5,1157.7,214890.0
2016-02-08,1174.0,1201.4,1164.5,1197.9,249464.0
2016-02-09,1189.5,1199.3,1185.9,1198.6,190796.0
2016-02-10,1189.7,1198.1,1181.6,1194.6,168635.0
2016-02-11,1197.5,1263.9,1196.3,1247.8,365647.0
2016-02-12,1247.1,1248.7,1232.9,1239.4,191128.0
2016-02-15,1236.3,1236.3,1191.5,1208.2,340804.0
2016-02-16,1233.09998,1233.59998,1193.59998,1207.90002,422.0
2016-02-17,1201.9,1214.4,1196.2,1211.4,162454.0
2016-02-18,1209.5,1240.6,1201.3,1226.3,182120.0
2016-02-19,1231.2,1235.3,1220.6,1230.8,184247.0
2016-02-22,1226.9,1226.9,1202.5,1210.1,160974.0
2016-02-23,1208.9,1229.0,1207.6,1222.6,184483.0
2016-02-24,1226.0,1254.3,1222.4,1239.1,274243.0
2016-02-25,1228.9,1244.4,1221.8,1238.8,208218.0
2016-02-26,1232.5,1241.3,1212.0,1220.4,218706.0
2016-02-29,1223.1,1241.8,1216.3,1234.4,183446.0
2016-03-01,1238.9,1249.3,1227.7,1230.8,225605.0
2016-03-02,1232.3,1244.8,1225.1,1241.8,182775.0
2016-03-03,1240.8,1269.3,1238.0,1258.2,226299.0
2016-03-04,1264.6,1280.7,1250.1,1270.7,361180.0
2016-03-07,1260.5,1274.1,1257.4,1264.0,212786.0
2016-03-08,1267.9,1279.0,1261.0,1262.9,206126.0
2016-03-09,1262.2,1265.7,1243.6,1257.4,223144.0
2016-03-10,1253.7,1274.3,1237.5,1272.8,304980.0
2016-03-11,1272.0,1287.8,1249.0,1259.4,235781.0
2016-03-14,1250.9,1261.9,1229.9,1245.1,207557.0
2016-03-15,1237.0,1238.7,1226.0,1231.0,185326.0
2016-03-16,1233.1,1264.8,1227.0,1229.8,203811.0
2016-03-17,1262.0,1271.9,1255.2,1265.0,208124.0
2016-03-18,1257.7,1267.7,1248.4,1254.3,158071.0
2016-03-21,1255.2,1256.7,1241.2,1244.2,176624.0
2016-03-22,1244.3,1260.9,1242.8,1248.6,195733.0
2016-03-23,1248.5,1249.8,1215.4,1224.0,266165.0
2016-03-24,1220.7,1224.2,1211.2,1221.6,169701.0
2016-03-28,1216.0,1223.2,1206.0,1220.1,142683.0
2016-03-29,1221.5,1243.4,1215.3,1235.8,189732.0
2016-03-30,1243.0,1246.8,1224.9,1228.6,183333.0
2016-03-31,1227.0,1242.3,1225.1,1235.6,120318.0
2016-04-01,1234.1,1237.2,1210.3,1223.5,196902.0
2016-04-04,1223.0,1224.1,1215.7,1219.3,91057.0
2016-04-05,1217.1,1238.8,1216.0,1229.6,157086.0
2016-04-06,1232.6,1233.8,1217.2,1223.8,135333.0
2016-04-07,1224.0,1245.0,1224.0,1237.5,189413.0
2016-04-08,1241.8,1244.6,1231.0,1243.8,132368.0
2016-04-11,1241.8,1260.9,1241.6,1258.0,160928.0
2016-04-12,1259.8,1264.7,1253.0,1260.9,157241.0
2016-04-13,1257.2,1258.7,1241.4,1248.3,155992.0
2016-04-14,1243.8,1245.9,1225.4,1226.5,204794.0
2016-04-15,1228.5,1237.6,1226.8,1234.6,121270.0
2016-04-18,1236.3,1243.3,1231.7,1235.0,148658.0
2016-04-19,1233.9,1258.5,1229.0,1254.3,217385.0
2016-04-20,1251.3,1259.8,1244.0,1254.4,165254.0
2016-04-21,1244.5,1272.4,1244.4,1250.3,272941.0
2016-04-22,1248.5,1254.2,1228.5,1230.0,209494.0
2016-04-25,1234.5,1243.8,1231.3,1240.2,120768.0
2016-04-26,1239.8,1246.5,1232.7,1243.4,148114.0
2016-04-27,1245.7,1254.6,1240.7,1250.4,171510.0
2016-04-28,1247.3,1271.7,1239.1,1266.4,227214.0
2016-04-29,1268.0,1299.0,1267.0,1290.5,273994.0
2016-05-02,1293.2,1306.0,1289.6,1295.8,198256.0
2016-05-03,1293.4,1303.9,1284.0,1291.8,214985.0
2016-05-04,1287.7,1291.8,1273.6,1274.4,212954.0
2016-05-05,1281.2,1288.4,1270.6,1272.3,174581.0
2016-05-06,1279.3,1297.7,1276.2,1294.0,257613.0
2016-05-09,1286.7,1289.5,1262.8,1266.6,225229.0
2016-05-10,1265.4,1272.0,1258.3,1264.8,174083.0
2016-05-11,1267.3,1280.8,1266.3,1275.5,239700.0
2016-05-12,1279.3,1282.5,1262.9,1271.2,218098.0
2016-05-13,1264.8,1277.7,1264.0,1272.7,174352.0
2016-05-16,1273.1,1290.4,1271.6,1274.2,198783.0
2016-05-17,1274.9,1283.9,1270.1,1276.9,205190.0
2016-05-18,1280.6,1283.5,1256.0,1274.4,233583.0
2016-05-19,1259.1,1262.3,1244.6,1254.8,270061.0
2016-05-20,1256.3,1261.2,1249.6,1252.9,205159.0
2016-05-23,1251.7,1256.8,1243.5,1251.5,218715.0
2016-05-24,1249.5,1252.8,1226.2,1229.2,322961.0
2016-05-25,1227.3,1230.2,1217.7,1223.8,246046.0
2016-05-26,1223.6,1234.6,1218.4,1220.4,199778.0
2016-05-27,1222.3,1225.8,1209.0,1216.7,200002.0
2016-05-30,1215.1,1220.6,1201.5,1217.5,236147.0
2016-05-31,1212.5,1217.59998,1199.0,1214.80005,6432.0
2016-06-01,1217.9,1222.9,1208.2,1214.7,159621.0
2016-06-02,1215.9,1220.0,1212.0,1212.6,112599.0
2016-06-03,1212.8,1247.4,1209.1,1242.9,240700.0
2016-06-06,1245.5,1251.3,1242.1,1247.4,162935.0
2016-06-07,1248.0,1249.0,1236.9,1247.0,120505.0
2016-06-08,1247.0,1267.2,1245.5,1262.3,181727.0
2016-06-09,1264.6,1274.4,1259.4,1272.7,153261.0
2016-06-10,1271.5,1280.9,1267.3,1275.9,160810.0
2016-06-13,1278.3,1290.3,1275.2,1286.9,202808.0
2016-06-14,1286.2,1293.0,1278.6,1288.1,193067.0
2016-06-15,1288.1,1300.0,1281.3,1288.3,199446.0
2016-06-16,1295.0,1318.9,1280.1,1298.4,354145.0
2016-06-17,1282.4,1302.7,1278.8,1294.8,211622.0
2016-06-20,1293.0,1296.8,1280.8,1292.1,193799.0
2016-06-21,1292.5,1297.4,1267.1,1272.5,207162.0
2016-06-22,1271.4,1273.5,1263.8,1270.0,132682.0
2016-06-23,1268.1,1274.9,1256.9,1263.1,152586.0
2016-06-24,1254.3,1362.6,1252.8,1322.4,574241.0
2016-06-27,1322.3,1340.0,1320.8,1324.7,258326.0
2016-06-28,1328.3,1329.5,1308.2,1317.9,195976.0
2016-06-29,1313.9,1331.0,1313.3,1326.9,176817.0
2016-06-30,1321.0,1326.5,1315.3,1320.6,192947.0
2016-07-01,1324.8,1347.0,1323.1,1339.0,223728.0
2016-07-04,1345.0,1360.3,1338.5,1358.7,353805.0
2016-07-05,1342.19995,1356.80005,1339.69995,1356.40002,90.0
2016-07-06,1358.0,1377.5,1356.3,1367.1,237060.0
2016-07-07,1365.7,1372.9,1352.0,1362.1,218463.0
2016-07-08,1361.0,1371.8,1336.3,1358.4,301185.0
2016-07-11,1368.9,1376.5,1351.8,1356.6,230696.0
2016-07-12,1356.3,1358.9,1331.0,1335.3,257335.0
2016-07-13,1334.0,1346.3,1328.1,1343.6,204592.0
2016-07-14,1344.5,1348.0,1320.4,1332.2,264334.0
2016-07-15,1336.4,1339.5,1322.6,1327.4,191831.0
2016-07-18,1333.4,1336.0,1323.5,1329.3,163212.0
2016-07-19,1329.1,1335.5,1325.8,1332.3,150620.0
2016-07-20,1332.2,1338.8,1312.5,1319.3,224985.0
2016-07-21,1316.2,1334.0,1310.7,1331.0,253464.0
2016-07-22,1331.4,1334.0,1319.4,1323.4,232263.0
2016-07-25,1322.7,1323.4,1311.1,1319.5,263660.0
2016-07-26,1315.5,1324.4,1313.6,1320.8,203410.0
2016-07-27,1319.9,1342.3,1315.6,1326.7,215388.0
2016-07-28,1347.5,1352.6,1339.2,1341.2,194758.0
2016-07-29,1342.7,1362.0,1335.0,1357.5,229248.0
2016-08-01,1357.2,1361.9,1353.2,1359.6,112655.0
2016-08-02,1360.6,1374.2,1353.7,1372.6,161783.0
2016-08-03,1370.5,1373.4,1360.6,1364.7,138588.0
2016-08-04,1364.7,1371.4,1355.1,1367.4,170002.0
2016-08-05,1367.2,1371.0,1340.4,1344.4,223143.0
2016-08-08,1341.2,1343.9,1335.3,1341.3,137539.0
2016-08-09,1341.2,1348.5,1336.0,1346.7,124480.0
2016-08-10,1347.0,1363.6,1345.7,1351.9,191322.0
2016-08-11,1353.2,1359.4,1341.4,1350.0,155585.0
2016-08-12,1344.7,1362.5,1338.3,1343.2,239554.0
2016-08-15,1343.6,1349.1,1340.9,1347.5,120152.0
2016-08-16,1345.2,1364.3,1344.8,1356.9,221723.0
2016-08-17,1351.3,1356.8,1340.5,1348.8,169160.0
2016-08-18,1353.8,1361.5,1351.2,1357.2,170557.0
2016-08-19,1357.1,1357.9,1342.0,1346.2,185033.0
2016-08-22,1345.0,1345.7,1335.4,1343.4,156447.0
2016-08-23,1343.6,1348.8,1338.9,1346.1,132030.0
2016-08-24,1342.2,1344.1,1327.0,1329.7,225487.0
2016-08-25,1327.4,1330.2,1321.0,1324.6,167657.0
2016-08-26,1324.8,1346.0,1321.2,1325.9,300050.0
2016-08-29,1323.8,1328.5,1317.2,1327.1,142232.0
2016-08-30,1327.0,1328.9,1312.0,1316.5,159325.0
2016-08-31,1314.7,1319.2,1306.9,1311.4,179946.0
2016-09-01,1311.7,1318.6,1305.5,1317.1,179601.0
2016-09-02,1318.0,1334.0,1307.4,1326.7,234252.0
2016-09-05,1328.1,1357.2,1325.5,1354.0,281256.0
2016-09-06,1323.30005,1349.40002,1323.19995,1349.40002,46.0
2016-09-07,1353.5,1357.6,1346.9,1349.2,151823.0
2016-09-08,1349.1,1353.9,1339.1,1341.6,182893.0
2016-09-09,1341.6,1343.6,1331.2,1334.5,163931.0
2016-09-12,1332.0,1333.8,1323.3,1325.6,194664.0
2016-09-13,1331.7,1335.9,1318.8,1323.7,180759.0
2016-09-14,1322.6,1329.8,1316.6,1326.1,139432.0
2016-09-15,1325.8,1332.5,1312.1,1318.0,211228.0
2016-09-16,1318.3,1321.5,1309.2,1310.2,138206.0
2016-09-19,1313.2,1321.8,1312.6,1317.8,115841.0
2016-09-20,1316.3,1321.1,1315.2,1318.2,93724.0
2016-09-21,1318.0,1341.3,1310.9,1331.4,268971.0
2016-09-22,1338.9,1347.8,1335.1,1344.7,166856.0
2016-09-23,1340.3,1344.5,1337.4,1341.7,113260.0
2016-09-26,1340.8,1346.1,1336.5,1344.1,126603.0
2016-09-27,1342.0,1343.5,1327.7,1330.4,187753.0
2016-09-28,1330.1,1331.1,1321.1,1323.7,157569.0
2016-09-29,1325.0,1329.4,1318.6,1326.0,157335.0
2016-09-30,1323.6,1331.5,1316.0,1317.1,214117.0
2016-10-03,1321.0,1322.6,1311.8,1312.7,130138.0
2016-10-04,1315.0,1315.4,1269.0,1269.7,351260.0
2016-10-05,1270.5,1279.4,1264.1,1268.6,213859.0
2016-10-06,1269.7,1271.6,1251.8,1253.0,190188.0
2016-10-07,1256.8,1267.6,1243.2,1251.9,274147.0
2016-10-10,1258.5,1266.8,1258.5,1260.4,140762.0
2016-10-11,1261.7,1264.0,1254.3,1255.9,141054.0
2016-10-12,1254.5,1260.5,1251.2,1253.8,141579.0
2016-10-13,1257.1,1263.9,1254.7,1257.6,150097.0
2016-10-14,1259.5,1260.7,1246.9,1255.5,179881.0
2016-10-17,1252.9,1258.2,1251.1,1256.6,111891.0
2016-10-18,1256.0,1265.6,1255.9,1262.9,148172.0
2016-10-19,1263.9,1274.4,1261.1,1269.9,143609.0
2016-10-20,1270.6,1275.9,1265.5,1267.5,137042.0
2016-10-21,1266.5,1268.8,1261.7,1267.7,101385.0
2016-10-24,1266.9,1272.8,1260.1,1263.7,156822.0
2016-10-25,1265.2,1277.5,1262.4,1273.6,140027.0
2016-10-26,1274.0,1277.2,1265.1,1266.6,142111.0
2016-10-27,1267.2,1273.7,1265.2,1269.5,135139.0
2016-10-28,1269.2,1285.4,1262.0,1276.8,232893.0
2016-10-31,1278.3,1280.5,1271.9,1273.1,123697.0
2016-11-01,1277.8,1292.9,1276.3,1288.0,207256.0
2016-11-02,1289.0,1309.3,1288.4,1308.2,241704.0
2016-11-03,1298.1,1308.0,1286.2,1303.3,228551.0
2016-11-04,1303.2,1308.3,1295.7,1304.5,217452.0
2016-11-07,1294.5,1296.5,1278.6,1279.4,221681.0
2016-11-08,1282.2,1291.5,1273.3,1274.5,202504.0
2016-11-09,1276.8,1338.3,1268.1,1273.5,816531.0
2016-11-10,1278.4,1292.5,1251.9,1266.4,413555.0
2016-11-11,1258.7,1265.0,1218.7,1224.3,444585.0
2016-11-14,1227.7,1230.9,1211.0,1221.7,351968.0
2016-11-15,1221.8,1231.4,1218.6,1224.5,234172.0
2016-11-16,1228.0,1233.1,1221.0,1223.9,204454.0
2016-11-17,1224.8,1231.1,1210.5,1216.9,237789.0
2016-11-18,1216.0,1217.5,1201.3,1208.7,257109.0
2016-11-21,1207.3,1217.8,1205.4,1209.8,167828.0
2016-11-22,1213.5,1220.9,1205.6,1211.2,210554.0
2016-11-23,1212.6,1214.7,1181.2,1189.3,367807.0
2016-11-24,1189.4,1192.7,1170.3,1178.4,300283.0
2016-11-25,1177.0,1189.30005,1177.0,1178.19995,14.0
2016-11-28,1184.4,1197.2,1182.4,1190.8,189914.0
2016-11-29,1196.6,1197.7,1182.6,1190.8,216185.0
2016-11-30,1190.7,1196.8,1171.3,1173.9,249316.0
2016-12-01,1175.1,1178.4,1162.2,1169.4,230283.0
2016-12-02,1174.3,1180.3,1168.4,1177.8,175970.0
2016-12-05,1182.6,1190.2,1158.6,1176.5,221458.0
2016-12-06,1172.8,1177.1,1168.1,1170.1,137614.0
2016-12-07,1171.4,1182.3,1167.2,1177.5,145807.0
2016-12-08,1176.1,1180.7,1170.9,1172.4,147750.0
2016-12-09,1172.5,1173.8,1157.6,1161.9,162823.0
2016-12-12,1161.4,1167.9,1152.5,1165.8,166798.0
2016-12-13,1164.5,1167.0,1156.3,1159.0,142850.0
2016-12-14,1159.8,1168.0,1140.0,1163.7,214400.0
2016-12-15,1143.8,1146.0,1124.3,1129.8,281607.0
2016-12-16,1130.5,1143.2,1128.5,1137.4,178640.0
2016-12-19,1136.1,1144.4,1135.5,1142.7,119183.0
2016-12-20,1139.8,1141.7,1127.3,1133.6,146050.0
2016-12-21,1134.0,1138.8,1131.0,1133.2,114055.0
2016-12-22,1133.2,1135.5,1128.6,1130.7,120321.0
2016-12-23,1130.0,1137.3,1129.5,1133.6,74795.0
2016-12-27,1135.3,1151.7,1132.8,1138.8,108454.0
2016-12-28,1139.3,1145.1,1137.1,1140.9,112510.0
2016-12-29,1143.1,1160.6,1142.6,1158.1,158029.0
2016-12-30,1159.5,1164.3,1150.3,1151.7,143849.0
2017-01-03,1151.4,1166.0,1146.5,1162.0,229177.0
2017-01-04,1159.6,1168.6,1156.7,1165.3,179878.0
2017-01-05,1164.6,1185.9,1163.6,1181.3,272124.0
2017-01-06,1181.0,1183.8,1171.1,1173.4,226432.0
2017-01-09,1172.9,1186.4,1172.2,1184.9,179034.0
2017-01-10,1181.3,1190.6,1180.2,1185.5,224813.0
2017-01-11,1188.1,1198.5,1177.0,1196.6,328686.0
2017-01-12,1191.1,1207.2,1190.7,1199.8,269319.0
2017-01-13,1194.8,1201.8,1187.5,1196.2,288619.0
2017-01-16,1199.4,1218.9,1198.0,1212.9,381417.0
2017-01-17,1205.5,1214.59998,1200.80005,1212.0,79.0
2017-01-18,1216.8,1217.7,1201.8,1212.1,203645.0
2017-01-19,1203.1,1206.4,1195.4,1201.5,247403.0
2017-01-20,1204.8,1214.8,1198.2,1204.9,244343.0
2017-01-23,1209.3,1219.4,1209.0,1215.6,237411.0
2017-01-24,1218.0,1220.1,1206.2,1210.8,216007.0
2017-01-25,1208.6,1209.3,1192.6,1197.8,299179.0
2017-01-26,1200.7,1202.3,1183.9,1189.8,244314.0
2017-01-27,1188.5,1191.0,1179.7,1188.4,234352.0
2017-01-30,1194.6,1201.3,1190.0,1196.0,191770.0
2017-01-31,1197.7,1217.4,1195.6,1211.4,246904.0
2017-02-01,1212.2,1215.0,1199.7,1208.3,217088.0
2017-02-02,1211.2,1227.5,1210.2,1219.4,232060.0
2017-02-03,1217.8,1223.2,1208.3,1220.8,217983.0
2017-02-06,1221.9,1237.5,1220.8,1232.1,197324.0
2017-02-07,1236.9,1237.5,1229.2,1236.1,202305.0
2017-02-08,1235.2,1246.6,1231.3,1239.5,221914.0
2017-02-09,1242.7,1246.2,1226.1,1236.8,246135.0
2017-02-10,1229.6,1238.9,1222.6,1235.9,240052.0
2017-02-13,1234.2,1234.4,1220.3,1225.8,176619.0
2017-02-14,1226.1,1236.0,1222.7,1225.4,233752.0
2017-02-15,1228.6,1234.9,1217.5,1233.1,226707.0
2017-02-16,1234.3,1243.7,1233.3,1241.6,203786.0
2017-02-17,1240.8,1245.1,1235.3,1239.1,164405.0
2017-02-20,1236.4,1240.2,1226.8,1238.9,259507.0
2017-02-21,1237.30005,1237.5,1228.09998,1237.5,119.0
2017-02-22,1236.9,1241.9,1231.5,1233.3,201341.0
2017-02-23,1238.3,1252.2,1236.4,1251.4,264971.0
2017-02-24,1250.6,1261.2,1248.8,1258.3,220127.0
2017-02-27,1258.9,1264.9,1251.5,1258.8,208488.0
2017-02-28,1253.3,1259.3,1248.2,1253.9,234939.0
2017-03-01,1248.5,1251.4,1237.2,1250.0,318035.0
2017-03-02,1249.9,1250.8,1231.1,1232.9,272763.0
2017-03-03,1234.8,1236.7,1223.0,1226.5,272293.0
2017-03-06,1233.9,1237.3,1225.0,1225.5,156981.0
2017-03-07,1225.7,1227.4,1214.1,1216.1,203709.0
2017-03-08,1215.6,1218.5,1206.4,1209.4,211111.0
2017-03-09,1207.7,1208.9,1199.0,1203.2,233510.0
2017-03-10,1200.2,1206.2,1194.5,1201.4,257842.0
2017-03-13,1205.0,1210.9,1202.0,1203.1,173917.0
2017-03-14,1203.5,1207.5,1196.9,1202.6,183719.0
2017-03-15,1198.7,1222.0,1196.8,1200.7,264336.0
2017-03-16,1219.5,1234.0,1218.1,1227.1,257887.0
2017-03-17,1226.2,1231.5,1224.0,1230.2,153151.0
2017-03-20,1229.0,1235.5,1228.8,1234.0,126337.0
2017-03-21,1234.2,1247.7,1226.6,1246.5,285634.0
2017-03-22,1244.5,1251.5,1243.8,1249.7,216447.0
2017-03-23,1248.6,1253.3,1242.7,1247.2,234768.0
2017-03-24,1245.0,1251.9,1240.7,1248.5,207568.0
2017-03-27,1245.5,1261.0,1245.5,1255.7,237274.0
2017-03-28,1253.5,1258.4,1247.3,1255.6,243238.0
2017-03-29,1250.8,1254.4,1246.9,1253.7,190678.0
2017-03-30,1256.1,1256.5,1244.2,1248.0,217657.0
2017-03-31,1244.6,1252.8,1241.5,1251.2,165212.0
2017-04-03,1251.9,1255.9,1246.4,1254.0,142196.0
2017-04-04,1255.5,1263.7,1255.5,1258.4,158364.0
2017-04-05,1258.2,1259.3,1245.4,1248.5,236740.0
2017-04-06,1257.6,1260.9,1251.3,1253.3,165264.0
2017-04-07,1253.9,1273.3,1252.4,1257.3,375412.0
2017-04-10,1255.6,1258.9,1248.2,1253.9,182195.0
2017-04-11,1256.8,1277.4,1254.7,1274.2,292142.0
2017-04-12,1277.2,1289.0,1273.8,1278.1,251097.0
2017-04-13,1288.3,1290.7,1283.8,1288.5,235464.0
2017-04-17,1292.4,1297.4,1283.1,1291.9,191665.0
2017-04-18,1286.7,1294.4,1280.6,1294.1,280737.0
2017-04-19,1291.7,1292.7,1275.4,1283.4,260702.0
2017-04-20,1282.2,1285.2,1278.0,1283.8,245618.0
2017-04-21,1283.3,1290.1,1280.0,1289.1,229598.0
2017-04-24,1280.0,1280.0,1266.0,1277.5,302842.0
2017-04-25,1277.9,1279.9,1262.8,1267.2,253774.0
2017-04-26,1265.5,1272.8,1260.7,1264.2,241045.0
2017-04-27,1270.2,1271.1,1261.8,1265.9,210731.0
2017-04-28,1265.2,1269.9,1264.2,1268.3,173293.0
2017-05-01,1269.6,1272.4,1254.9,1255.5,199783.0
2017-05-02,1257.4,1258.8,1252.6,1257.0,181512.0
2017-05-03,1257.8,1257.8,1236.4,1248.5,253653.0
2017-05-04,1238.5,1241.7,1225.7,1228.6,318317.0
2017-05-05,1228.5,1236.0,1226.2,1226.9,275886.0
2017-05-08,1223.1,1236.9,1221.0,1227.1,201061.0
2017-05-09,1226.6,1228.7,1214.3,1216.1,254020.0
2017-05-10,1222.1,1225.8,1217.5,1218.9,194715.0
2017-05-11,1219.2,1227.7,1216.9,1224.2,237710.0
2017-05-12,1225.0,1231.6,1224.4,1227.7,199881.0
2017-05-15,1228.3,1237.4,1226.8,1230.0,189226.0
2017-05-16,1230.8,1239.1,1230.0,1236.4,204211.0
2017-05-17,1237.2,1261.5,1236.3,1258.7,377872.0
2017-05-18,1261.4,1265.0,1245.7,1252.8,368898.0
2017-05-19,1246.8,1256.4,1246.1,1253.6,212923.0
2017-05-22,1257.5,1262.6,1251.6,1261.4,205212.0
2017-05-23,1260.4,1263.8,1250.5,1255.5,275112.0
2017-05-24,1251.1,1258.8,1247.6,1253.1,257358.0
2017-05-25,1258.4,1259.4,1253.5,1256.4,202847.0
2017-05-26,1255.1,1269.3,1252.6,1268.1,271457.0
2017-05-29,1271.2,1273.4,1261.8,1265.7,286212.0
2017-05-30,1267.40002,1270.0,1258.40002,1262.09998,129819.0
2017-05-31,1265.7,1276.8,1262.0,1275.4,204293.0
2017-06-01,1271.6,1272.8,1263.7,1270.1,181198.0
2017-06-02,1268.0,1282.2,1261.3,1280.2,272288.0
2017-06-05,1282.6,1286.0,1280.2,1282.7,139801.0
2017-06-06,1282.5,1298.8,1282.1,1297.5,257790.0
2017-06-07,1297.0,1297.6,1285.0,1293.2,218849.0
2017-06-08,1289.5,1291.5,1273.5,1279.5,257436.0
2017-06-09,1283.5,1284.6,1266.7,1271.4,219214.0
2017-06-12,1269.7,1272.4,1265.6,1268.9,173005.0
2017-06-13,1267.7,1271.0,1260.5,1268.6,175599.0
2017-06-14,1268.4,1284.2,1259.0,1275.9,348339.0
2017-06-15,1262.7,1268.5,1252.7,1254.6,255149.0
2017-06-16,1255.6,1258.6,1253.2,1256.5,149106.0
2017-06-19,1255.8,1257.3,1244.3,1246.7,179650.0
2017-06-20,1245.4,1249.4,1242.4,1243.5,185394.0
2017-06-21,1243.9,1248.8,1241.7,1245.8,170459.0
2017-06-22,1246.4,1256.0,1246.4,1249.4,187385.0
2017-06-23,1250.9,1260.0,1250.6,1256.4,162670.0
2017-06-26,1258.1,1259.0,1236.5,1246.4,227469.0
2017-06-27,1245.2,1253.8,1241.8,1246.9,213423.0
2017-06-28,1247.3,1255.7,1246.7,1249.1,195073.0
2017-06-29,1249.6,1253.2,1239.7,1245.8,277752.0
2017-06-30,1245.2,1248.2,1239.0,1242.3,222756.0
2017-07-03,1241.7,1242.6,1218.0,1219.2,284449.0
2017-07-04,1220.1,1228.4,1216.5,1221.7,366767.0
2017-07-05,1222.5,1225.0,1217.09998,1220.40002,40.0
2017-07-06,1226.5,1229.5,1221.8,1223.3,192211.0
2017-07-07,1224.6,1228.1,1206.6,1209.7,322183.0
2017-07-10,1212.1,1215.0,1204.0,1213.2,238256.0
2017-07-11,1213.8,1217.1,1207.4,1214.7,217241.0
2017-07-12,1216.5,1225.2,1212.5,1219.1,262766.0
2017-07-13,1219.2,1223.6,1215.6,1217.3,227820.0
2017-07-14,1216.4,1232.7,1214.0,1227.5,267441.0
2017-07-17,1228.7,1235.4,1227.5,1233.7,174904.0
2017-07-18,1233.3,1244.1,1232.2,1241.9,253189.0
2017-07-19,1242.0,1243.5,1235.1,1242.0,198029.0
2017-07-20,1240.6,1247.2,1234.6,1245.5,269021.0
2017-07-21,1244.1,1255.9,1242.8,1254.9,240528.0
2017-07-24,1255.5,1259.0,1252.0,1254.3,212881.0
2017-07-25,1255.2,1258.0,1248.8,1252.1,230392.0
2017-07-26,1250.3,1263.4,1243.2,1249.4,256115.0
2017-07-27,1260.5,1265.0,1253.9,1260.0,220309.0
2017-07-28,1265.0,1277.0,1263.2,1275.3,250893.0
2017-07-31,1276.3,1277.3,1271.7,1273.4,165132.0
2017-08-01,1275.6,1280.3,1268.4,1279.4,213543.0
2017-08-02,1275.2,1279.0,1268.9,1278.4,210975.0
2017-08-03,1272.6,1277.0,1262.9,1274.4,207024.0
2017-08-04,1275.3,1276.5,1259.8,1264.6,270853.0
2017-08-07,1264.3,1265.6,1261.3,1264.7,123206.0
2017-08-08,1262.9,1271.0,1257.1,1262.6,247543.0
2017-08-09,1266.1,1284.7,1265.9,1279.3,290974.0
2017-08-10,1283.2,1293.8,1280.3,1290.1,269830.0
2017-08-11,1292.5,1298.1,1286.7,1294.0,265329.0
2017-08-14,1296.4,1296.4,1284.2,1290.4,238069.0
2017-08-15,1287.0,1287.7,1272.7,1279.7,287561.0
2017-08-16,1276.9,1289.5,1273.2,1282.9,273202.0
2017-08-17,1290.0,1296.0,1286.4,1292.4,329842.0
2017-08-18,1293.8,1306.9,1289.1,1291.6,396538.0
2017-08-21,1289.1,1299.7,1286.2,1296.7,261478.0
2017-08-22,1297.1,1298.1,1287.0,1291.0,268988.0
2017-08-23,1290.4,1297.0,1287.9,1294.7,235686.0
2017-08-24,1296.0,1296.8,1289.3,1292.0,246715.0
2017-08-25,1291.3,1301.4,1281.3,1297.9,358607.0
2017-08-28,1297.6,1317.8,1297.0,1315.3,321813.0
2017-08-29,1320.5,1331.9,1310.6,1318.9,460450.0
2017-08-30,1314.8,1319.3,1310.1,1314.1,460450.0
2017-08-31,1314.1,1329.0,1302.3,1322.2,312013.0
2017-09-01,1326.9,1334.5,1321.4,1330.4,376308.0
2017-09-04,1339.7,1349.7,1331.1,1344.5,368173.0
2017-09-05,1335.19995,1339.19995,1328.59998,1339.19995,39.0
2017-09-06,1345.0,1347.7,1336.4,1339.0,309352.0
2017-09-07,1339.0,1355.5,1337.2,1350.3,363776.0
2017-09-08,1354.0,1362.4,1347.1,1351.2,386646.0
2017-09-11,1341.5,1344.6,1330.6,1335.7,303112.0
2017-09-12,1331.7,1336.3,1326.7,1332.7,287754.0
2017-09-13,1336.2,1340.5,1324.5,1328.0,306373.0
2017-09-14,1327.6,1334.9,1319.5,1329.3,336576.0
2017-09-15,1333.7,1338.2,1323.0,1325.2,320508.0
2017-09-18,1324.0,1324.0,1308.1,1310.8,271326.0
2017-09-19,1310.5,1315.3,1308.7,1310.6,275307.0
2017-09-20,1314.7,1319.8,1299.5,1316.4,351415.0
2017-09-21,1304.8,1305.0,1291.2,1294.8,402214.0
2017-09-22,1294.1,1301.9,1294.1,1297.5,264470.0
2017-09-25,1301.5,1315.8,1291.7,1311.5,362671.0
2017-09-26,1314.2,1317.1,1295.0,1301.7,385645.0
2017-09-27,1297.3,1299.2,1284.1,1287.8,374773.0
2017-09-28,1285.1,1291.6,1280.4,1288.7,288511.0
2017-09-29,1290.1,1293.2,1278.2,1284.8,287446.0
2017-10-02,1282.2,1282.8,1272.0,1275.8,272706.0
2017-10-03,1273.1,1277.4,1271.0,1274.6,207422.0
2017-10-04,1274.5,1285.0,1273.1,1276.8,273119.0
2017-10-05,1277.5,1281.6,1268.5,1273.2,221522.0
2017-10-06,1270.6,1279.2,1262.8,1274.9,373753.0
2017-10-09,1278.6,1288.0,1277.7,1285.0,200991.0
2017-10-10,1286.8,1296.7,1284.6,1293.8,316581.0
2017-10-11,1290.7,1295.9,1286.8,1288.9,261355.0
2017-10-12,1294.6,1299.8,1291.8,1296.5,246084.0
2017-10-13,1296.0,1306.4,1292.9,1304.6,297569.0
2017-10-16,1306.0,1308.4,1292.5,1303.0,271283.0
2017-10-17,1297.2,1298.4,1283.2,1286.2,342411.0
2017-10-18,1286.9,1290.8,1278.6,1283.0,258543.0
2017-10-19,1282.8,1292.8,1277.6,1290.0,355713.0
2017-10-20,1292.0,1292.9,1279.3,1280.5,314805.0
2017-10-23,1281.5,1284.7,1273.6,1280.9,284480.0
2017-10-24,1283.9,1285.3,1274.8,1278.3,268907.0
2017-10-25,1278.0,1281.3,1272.0,1279.0,379396.0
2017-10-26,1278.6,1283.8,1266.4,1269.6,384122.0
2017-10-27,1268.0,1275.2,1263.8,1271.8,363096.0
2017-10-30,1274.3,1279.9,1269.8,1277.7,260077.0
2017-10-31,1277.6,1279.1,1268.3,1270.5,272513.0
2017-11-01,1271.8,1281.9,1268.5,1277.3,384642.0
2017-11-02,1275.2,1285.1,1274.0,1278.1,380142.0
2017-11-03,1277.5,1281.2,1265.9,1269.2,373412.0
2017-11-06,1270.7,1283.9,1266.4,1281.6,354770.0
2017-11-07,1282.6,1282.8,1272.3,1275.8,337265.0
2017-11-08,1276.4,1288.1,1276.1,1283.7,358132.0
2017-11-09,1282.1,1289.5,1280.5,1287.5,394181.0
2017-11-10,1286.0,1287.7,1273.6,1274.2,354580.0
2017-11-13,1275.3,1279.9,1274.4,1278.9,220906.0
2017-11-14,1278.9,1283.8,1269.7,1282.9,355197.0
2017-11-15,1280.7,1290.0,1276.5,1277.7,433647.0
2017-11-16,1278.0,1281.8,1274.9,1278.2,274425.0
2017-11-17,1278.8,1297.5,1278.1,1296.5,387015.0
2017-11-20,1294.1,1295.1,1274.1,1275.3,425159.0
2017-11-21,1276.6,1284.5,1275.8,1281.7,330147.0
2017-11-22,1280.6,1294.6,1278.6,1292.2,390311.0
2017-11-23,1291.9,1293.3,1285.1,1287.3,347029.0
2017-11-24,1286.69995,1286.69995,1286.69995,1286.69995,0.0
2017-11-27,1288.0,1299.0,1286.2,1294.4,321348.0
2017-11-28,1293.9,1297.0,1290.1,1294.9,275442.0
2017-11-29,1298.0,1300.4,1285.1,1286.2,392057.0
2017-11-30,1286.9,1288.4,1273.1,1276.7,354076.0
2017-12-01,1277.9,1292.5,1274.2,1282.3,438931.0
2017-12-04,1277.6,1280.5,1273.5,1277.7,262068.0
2017-12-05,1279.1,1279.8,1263.2,1264.9,334825.0
2017-12-06,1268.3,1271.8,1264.8,1266.1,253049.0
2017-12-07,1265.2,1266.8,1245.8,1253.1,326470.0
2017-12-08,1249.5,1254.4,1244.4,1248.4,277056.0
2017-12-11,1249.2,1253.4,1242.4,1246.9,194377.0
2017-12-12,1243.9,1247.9,1238.3,1241.7,232769.0
2017-12-13,1246.3,1259.7,1242.3,1248.6,324220.0
2017-12-14,1258.1,1261.6,1252.8,1257.1,264708.0
2017-12-15,1255.5,1264.5,1255.2,1257.5,246113.0
2017-12-18,1257.8,1267.0,1255.3,1265.5,214218.0
2017-12-19,1265.4,1268.6,1262.3,1264.2,206586.0
2017-12-20,1264.8,1271.4,1264.4,1269.6,205618.0
2017-12-21,1268.8,1272.5,1266.0,1270.6,196539.0
2017-12-22,1270.3,1280.4,1268.4,1278.8,193025.0
2017-12-26,1279.0,1288.4,1277.7,1287.5,134618.0
2017-12-27,1287.8,1293.2,1286.0,1291.4,205799.0
2017-12-28,1292.0,1297.3,1290.5,1297.2,225664.0
2017-12-29,1297.5,1309.8,1296.1,1309.3,241274.0
2018-01-02,1305.3,1320.4,1304.6,1316.1,279727.0
2018-01-03,1319.0,1323.0,1308.9,1318.5,353457.0
2018-01-04,1315.5,1327.3,1307.1,1321.6,369850.0
2018-01-05,1324.4,1324.7,1314.6,1322.3,330225.0
2018-01-08,1321.8,1323.0,1315.7,1320.4,246086.0
2018-01-09,1321.2,1321.4,1309.5,1313.7,333529.0
2018-01-10,1313.3,1328.6,1308.9,1319.3,391661.0
2018-01-11,1317.5,1324.7,1316.1,1322.5,264301.0
2018-01-12,1323.6,1340.0,1320.8,1334.9,365195.0
2018-01-15,1337.3,1345.0,1332.1,1337.1,499759.0
2018-01-16,1331.09998,1335.40002,1331.0,1335.40002,13.0
2018-01-17,1339.0,1344.5,1326.6,1339.2,365867.0
2018-01-18,1327.4,1333.3,1324.3,1327.2,312113.0
2018-01-19,1327.0,1338.2,1326.6,1333.1,275299.0
2018-01-22,1334.0,1335.8,1328.0,1331.9,337481.0
2018-01-23,1333.0,1341.5,1330.7,1336.7,370174.0
2018-01-24,1341.4,1361.6,1339.1,1356.3,505627.0
2018-01-25,1357.0,1365.4,1341.0,1362.9,537659.0
2018-01-26,1346.4,1356.0,1343.7,1352.1,341962.0
2018-01-29,1349.0,1351.4,1336.1,1340.3,280546.0
2018-01-30,1344.0,1352.5,1337.5,1340.0,412518.0
2018-01-31,1341.8,1351.0,1335.5,1343.1,377142.0
2018-02-01,1348.2,1354.3,1340.2,1347.9,310504.0
2018-02-02,1352.2,1353.3,1330.1,1337.3,431414.0
2018-02-05,1334.6,1344.8,1331.6,1336.5,305677.0
2018-02-06,1343.1,1349.3,1322.8,1329.5,473350.0
2018-02-07,1326.6,1334.8,1313.5,1314.6,351230.0
2018-02-08,1320.7,1324.5,1309.0,1319.0,365934.0
2018-02-09,1321.0,1325.0,1313.2,1315.7,317671.0
2018-02-12,1317.1,1330.0,1316.3,1326.4,208066.0
2018-02-13,1325.0,1333.5,1323.7,1330.4,201432.0
2018-02-14,1331.9,1358.6,1319.1,1358.0,431722.0
2018-02-15,1353.0,1359.8,1350.8,1355.3,274926.0
2018-02-16,1356.6,1364.4,1347.3,1356.2,230899.0
2018-02-19,1350.2,1354.0,1330.6,1331.2,374047.0
2018-02-20,1348.40002,1350.19995,1328.5,1328.80005,283.0
2018-02-21,1331.2,1338.5,1324.4,1332.1,255616.0
2018-02-22,1326.2,1334.4,1322.9,1332.7,206244.0
2018-02-23,1333.7,1334.2,1327.7,1330.3,167847.0
2018-02-26,1330.4,1342.9,1328.0,1332.8,247243.0
2018-02-27,1334.7,1338.4,1314.4,1318.6,334717.0
2018-02-28,1318.9,1323.7,1316.7,1317.9,263797.0
2018-03-01,1319.3,1322.3,1303.6,1305.2,421743.0
2018-03-02,1318.0,1326.6,1316.2,1323.4,264391.0
2018-03-05,1324.9,1328.9,1318.3,1319.9,221216.0
2018-03-06,1321.0,1339.9,1320.8,1335.2,285918.0
2018-03-07,1339.5,1342.0,1323.0,1327.6,305077.0
2018-03-08,1326.2,1329.8,1319.6,1321.7,252829.0
2018-03-09,1322.7,1325.9,1313.2,1324.0,345316.0
2018-03-12,1324.1,1325.0,1315.3,1320.8,220355.0
2018-03-13,1323.3,1328.8,1313.8,1327.1,330263.0
2018-03-14,1326.7,1330.5,1321.7,1325.6,252583.0
2018-03-15,1324.7,1328.1,1314.9,1317.8,257888.0
2018-03-16,1316.8,1321.8,1309.5,1312.3,289601.0
2018-03-19,1312.9,1319.6,1307.4,1317.8,300474.0
2018-03-20,1316.5,1318.1,1306.6,1311.9,292332.0
2018-03-21,1310.6,1336.9,1309.5,1321.5,470286.0
2018-03-22,1332.0,1335.0,1324.6,1327.4,358556.0
2018-03-23,1329.0,1350.4,1328.9,1349.9,454126.0
2018-03-26,1347.0,1356.0,1343.4,1355.0,346047.0
2018-03-27,1353.6,1356.8,1339.6,1342.0,290889.0
2018-03-28,1351.1,1352.2,1327.7,1330.0,386854.0
2018-03-29,1329.3,1332.6,1325.4,1327.3,251250.0
2018-04-02,1330.7,1349.2,1329.0,1346.9,254663.0
2018-04-03,1345.0,1346.6,1332.7,1337.3,288392.0
2018-04-04,1336.7,1352.5,1335.2,1340.2,351033.0
2018-04-05,1337.1,1338.7,1326.0,1328.5,280395.0
2018-04-06,1329.7,1339.1,1322.6,1336.1,373574.0
2018-04-09,1338.0,1341.5,1330.1,1340.1,228812.0
2018-04-10,1339.8,1346.2,1334.2,1345.9,285177.0
2018-04-11,1343.1,1369.4,1342.5,1360.0,492037.0
2018-04-12,1356.3,1356.7,1336.7,1341.9,397621.0
2018-04-13,1337.6,1350.3,1335.5,1347.9,265398.0
2018-04-16,1349.8,1353.5,1342.8,1350.7,269549.0
2018-04-17,1349.1,1352.2,1340.2,1349.5,276632.0
2018-04-18,1350.4,1359.0,1345.0,1353.5,311371.0
2018-04-19,1352.4,1357.7,1343.2,1348.8,342542.0
2018-04-20,1348.5,1348.9,1337.0,1338.3,282920.0
2018-04-23,1336.2,1337.6,1323.8,1324.0,294254.0
2018-04-24,1326.1,1334.5,1323.6,1333.0,277648.0
2018-04-25,1332.0,1333.8,1320.2,1322.8,269901.0
2018-04-26,1324.2,1328.0,1316.2,1317.9,295688.0
2018-04-27,1318.0,1326.4,1315.8,1323.4,241653.0
2018-04-30,1324.0,1325.9,1310.7,1319.2,295960.0
2018-05-01,1316.0,1317.4,1302.3,1306.8,283431.0
2018-05-02,1304.4,1314.9,1304.3,1305.6,370242.0
2018-05-03,1305.5,1319.0,1305.2,1312.7,306718.0
2018-05-04,1312.8,1316.9,1308.5,1314.7,308476.0
2018-05-07,1316.3,1320.1,1310.6,1314.1,235292.0
2018-05-08,1314.1,1318.5,1306.2,1313.7,407409.0
2018-05-09,1315.3,1317.8,1304.2,1313.0,384042.0
2018-05-10,1312.8,1323.4,1310.6,1322.3,373535.0
2018-05-11,1321.8,1326.3,1317.0,1320.7,263471.0
2018-05-14,1318.3,1322.4,1312.8,1318.2,241225.0
2018-05-15,1313.2,1314.7,1288.2,1290.3,485197.0
2018-05-16,1290.1,1296.4,1285.7,1291.5,333614.0
2018-05-17,1290.2,1294.0,1284.0,1289.4,298816.0
2018-05-18,1290.0,1293.7,1285.1,1291.3,264426.0
2018-05-21,1290.3,1292.7,1281.2,1290.9,328016.0
2018-05-22,1292.3,1296.0,1287.2,1292.0,291716.0
2018-05-23,1290.6,1298.4,1286.7,1289.6,402342.0
2018-05-24,1293.3,1306.4,1292.2,1304.4,432419.0
2018-05-25,1304.0,1307.2,1299.4,1303.7,292912.0
2018-05-28,1297.2,1306.1,1291.4,1299.0,386334.0
2018-05-29,1298.69995,1298.69995,1298.69995,1298.69995,386334.0
2018-05-30,1303.1,1308.8,1300.0,1306.5,338847.0
2018-05-31,1306.0,1311.5,1301.0,1304.7,315137.0
2018-06-01,1303.0,1304.8,1293.1,1299.3,318565.0
2018-06-04,1296.7,1302.3,1293.8,1297.3,215328.0
2018-06-05,1296.4,1304.8,1293.5,1302.2,271294.0
2018-06-06,1300.6,1306.1,1297.7,1301.4,252054.0
2018-06-07,1300.9,1307.8,1299.0,1303.0,259648.0
2018-06-08,1301.3,1304.8,1296.0,1302.7,217650.0
2018-06-11,1303.5,1307.0,1297.8,1303.2,211583.0
2018-06-12,1304.5,1304.8,1296.3,1299.4,236393.0
2018-06-13,1299.6,1305.2,1294.5,1301.3,263840.0
2018-06-14,1303.1,1313.0,1301.0,1308.3,347193.0
2018-06-15,1303.1,1313.0,1277.9,1278.5,525960.0
2018-06-18,1281.1,1284.9,1279.5,1280.1,195743.0
2018-06-19,1280.7,1286.8,1272.6,1278.6,289574.0
2018-06-20,1277.3,1278.6,1269.6,1274.5,233184.0
2018-06-21,1269.7,1272.3,1262.4,1270.5,281809.0
2018-06-22,1268.6,1273.1,1268.4,1270.7,184223.0
2018-06-25,1272.2,1274.4,1265.5,1268.9,201565.0
2018-06-26,1267.3,1269.4,1256.4,1259.9,254014.0
2018-06-27,1260.5,1261.9,1252.2,1256.1,256900.0
2018-06-28,1253.6,1255.8,1247.2,1251.0,241824.0
2018-06-29,1249.5,1257.1,1246.9,1254.5,226196.0
2018-07-02,1253.4,1255.6,1240.6,1241.7,262872.0
2018-07-03,1242.9,1258.5,1238.8,1253.5,297343.0
2018-07-04,1257.7,1261.0,1252.2,1258.8,392947.0
2018-07-05,1255.5,1257.30005,1253.59998,1257.30005,9.0
2018-07-06,1258.4,1260.2,1253.7,1255.8,200193.0
2018-07-09,1255.7,1266.9,1255.7,1259.6,238968.0
2018-07-10,1258.5,1261.0,1247.7,1255.4,272630.0
2018-07-11,1256.7,1257.3,1241.7,1244.4,299639.0
2018-07-12,1242.3,1248.8,1241.4,1246.6,220956.0
2018-07-13,1247.7,1248.5,1236.2,1241.2,257313.0
2018-07-16,1241.0,1245.8,1238.3,1239.7,186301.0
2018-07-17,1240.8,1245.1,1225.9,1227.3,318219.0
2018-07-18,1227.0,1229.1,1220.9,1227.9,283976.0
2018-07-19,1227.3,1229.6,1210.7,1224.0,428879.0
2018-07-20,1222.9,1232.4,1215.3,1231.1,355232.0
2018-07-23,1231.7,1235.2,1222.2,1225.6,333328.0
2018-07-24,1224.4,1229.7,1218.1,1225.5,299064.0
2018-07-25,1224.2,1234.3,1223.2,1231.8,272250.0
2018-07-26,1231.7,1235.3,1221.7,1225.7,285613.0
2018-07-27,1222.4,1226.9,1216.7,1223.0,254428.0
2018-07-30,1231.1,1234.1,1227.8,1231.5,183752.0
2018-07-31,1230.5,1237.8,1222.6,1233.6,297825.0
2018-08-01,1232.7,1233.7,1224.4,1227.6,218458.0
2018-08-02,1224.7,1230.0,1215.3,1220.1,234632.0
2018-08-03,1216.0,1228.5,1212.5,1223.2,280209.0
2018-08-06,1222.0,1226.0,1214.4,1217.7,199536.0
2018-08-07,1215.8,1224.3,1215.6,1218.3,205380.0
2018-08-08,1218.7,1223.8,1213.6,1221.0,263236.0
2018-08-09,1222.0,1225.6,1218.4,1219.9,232037.0
2018-08-10,1220.0,1224.9,1213.1,1219.0,328240.0
2018-08-13,1218.4,1221.4,1198.6,1198.9,374115.0
2018-08-14,1201.1,1205.8,1198.9,1200.7,242549.0
2018-08-15,1201.5,1202.0,1180.0,1185.0,377682.0
2018-08-16,1183.0,1189.0,1167.1,1184.0,362108.0
2018-08-17,1180.7,1192.0,1178.5,1184.2,255792.0
2018-08-20,1190.4,1197.7,1189.6,1194.6,205769.0
2018-08-21,1197.3,1204.3,1194.3,1200.0,218291.0
2018-08-22,1203.0,1208.4,1199.2,1203.3,234153.0
2018-08-23,1202.8,1203.4,1190.2,1194.0,232882.0
2018-08-24,1191.6,1215.4,1189.5,1213.3,293979.0
2018-08-27,1214.5,1218.8,1209.3,1216.0,209187.0
2018-08-28,1217.7,1220.7,1205.8,1214.4,273176.0
2018-08-29,1206.6,1213.7,1206.6,1211.5,241896.0
2018-08-30,1212.6,1214.0,1202.1,1205.0,288072.0
2018-08-31,1206.3,1214.9,1204.1,1206.7,265106.0
2018-09-03,1207.0,1207.6,1195.1,1199.1,421469.0
2018-09-04,1193.80005,1193.80005,1189.90002,1192.69995,26.0
2018-09-05,1197.2,1204.2,1196.4,1201.3,209563.0
2018-09-06,1202.5,1212.7,1200.5,1204.3,284202.0
2018-09-07,1205.6,1209.0,1198.7,1200.4,287651.0
2018-09-10,1200.7,1203.8,1196.2,1199.8,213402.0
2018-09-11,1200.4,1204.8,1192.7,1202.2,263070.0
2018-09-12,1203.5,1213.9,1197.6,1210.9,304315.0
2018-09-13,1212.4,1218.0,1205.0,1208.2,304352.0
2018-09-14,1206.6,1213.8,1197.7,1201.1,282261.0
2018-09-17,1199.8,1209.7,1197.5,1205.8,209936.0
2018-09-18,1206.4,1208.2,1200.3,1202.9,229111.0
2018-09-19,1202.8,1211.0,1202.2,1208.3,233870.0
2018-09-20,1208.8,1213.2,1205.1,1211.3,241605.0
2018-09-21,1212.1,1215.8,1196.0,1201.3,344754.0
2018-09-24,1204.0,1208.8,1198.6,1204.4,214291.0
2018-09-25,1203.1,1207.9,1201.3,1205.1,197635.0
2018-09-26,1205.5,1206.9,1194.6,1199.1,343475.0
2018-09-27,1198.9,1202.6,1185.6,1187.4,351051.0
2018-09-28,1186.8,1198.0,1184.3,1196.2,307816.0
2018-10-01,1196.1,1196.5,1188.1,1191.7,220507.0
2018-10-02,1192.7,1212.3,1192.2,1207.0,365322.0
2018-10-03,1207.0,1212.3,1200.4,1202.9,255072.0
2018-10-04,1201.4,1210.7,1199.6,1201.6,290842.0
2018-10-05,1203.7,1209.8,1200.9,1205.6,255479.0
2018-10-08,1206.7,1208.0,1186.0,1188.6,320099.0
2018-10-09,1192.2,1195.8,1186.6,1191.5,243864.0
2018-10-10,1192.7,1198.6,1188.5,1193.4,248561.0
2018-10-11,1197.9,1230.0,1194.7,1227.6,531781.0
2018-10-12,1227.7,1228.1,1219.3,1222.0,318233.0
2018-10-15,1221.2,1236.9,1220.4,1230.3,291572.0
2018-10-16,1230.5,1235.9,1226.3,1231.0,242416.0
2018-10-17,1228.0,1232.9,1223.7,1227.4,235331.0
2018-10-18,1225.5,1233.6,1221.7,1230.1,243105.0
2018-10-19,1228.6,1234.1,1226.2,1228.7,191796.0
2018-10-22,1230.5,1232.6,1222.8,1224.6,187230.0
2018-10-23,1225.1,1243.0,1224.5,1236.8,288378.0
2018-10-24,1233.8,1238.0,1228.3,1231.1,211477.0
2018-10-25,1236.6,1242.0,1230.5,1232.4,259679.0
2018-10-26,1234.7,1246.0,1232.5,1235.8,315690.0
2018-10-29,1236.4,1237.6,1226.1,1227.6,234294.0
2018-10-30,1231.9,1232.5,1221.4,1225.3,224637.0
2018-10-31,1224.7,1225.0,1213.4,1215.0,247057.0
2018-11-01,1216.6,1239.3,1216.1,1238.6,313451.0
2018-11-02,1235.3,1238.4,1231.3,1233.3,256023.0
2018-11-05,1234.5,1236.8,1228.4,1232.3,159425.0
2018-11-06,1233.4,1237.8,1224.9,1226.3,199669.0
2018-11-07,1228.9,1238.4,1224.2,1228.7,259294.0
2018-11-08,1227.7,1228.5,1220.8,1225.1,239016.0
2018-11-09,1224.3,1224.6,1207.2,1208.6,322350.0
2018-11-12,1210.3,1212.0,1200.6,1203.5,203644.0
2018-11-13,1201.1,1205.5,1196.6,1201.4,248928.0
2018-11-14,1202.8,1217.2,1198.1,1210.1,277865.0
2018-11-15,1211.8,1217.0,1207.1,1215.0,253571.0
2018-11-16,1214.4,1226.0,1213.7,1223.0,242036.0
2018-11-19,1222.6,1226.5,1218.5,1225.3,198385.0
2018-11-20,1224.6,1229.5,1220.3,1221.2,255195.0
2018-11-21,1222.4,1230.9,1220.1,1228.0,227212.0
2018-11-22,1227.8,1229.2,1220.3,1223.2,240354.0
2018-11-23,1224.80005,1224.80005,1221.0,1221.0,1.0
2018-11-26,1223.9,1228.6,1221.7,1222.4,267323.0
2018-11-27,1222.6,1225.2,1211.4,1213.4,307887.0
2018-11-28,1214.3,1227.7,1210.5,1223.6,247168.0
2018-11-29,1227.1,1234.9,1226.7,1230.4,246432.0
2018-11-30,1229.9,1231.1,1221.8,1226.0,170448.0
2018-12-03,1227.8,1240.4,1226.6,1239.6,247720.0
2018-12-04,1236.3,1247.5,1235.8,1246.6,221135.0
2018-12-05,1244.6,1244.8,1238.7,1242.6,110207.0
2018-12-06,1243.0,1249.9,1240.0,1243.6,248859.0
2018-12-07,1243.1,1255.8,1242.6,1252.6,225556.0
2018-12-10,1255.6,1256.6,1246.9,1249.4,199740.0
2018-12-11,1249.8,1255.1,1245.8,1247.2,186386.0
2018-12-12,1248.3,1252.6,1247.1,1250.0,157070.0
2018-12-13,1250.7,1251.7,1244.4,1247.4,158850.0
2018-12-14,1246.2,1247.3,1236.5,1241.4,194651.0
2018-12-17,1242.8,1252.2,1239.4,1251.8,166877.0
2018-12-18,1249.7,1254.5,1249.0,1253.6,171587.0
2018-12-19,1253.5,1262.2,1245.3,1256.4,275306.0
2018-12-20,1247.0,1270.3,1246.2,1267.9,318239.0
2018-12-21,1263.5,1266.2,1257.1,1258.1,212775.0
2018-12-24,1260.7,1273.9,1260.0,1271.8,137241.0
2018-12-26,1273.5,1282.3,1267.4,1273.0,208542.0
2018-12-27,1270.1,1281.6,1269.1,1281.1,213501.0
2018-12-28,1278.0,1284.7,1276.5,1283.0,162727.0
2018-12-31,1283.0,1286.5,1279.7,1281.3,113258.0
2019-01-02,1285.0,1291.0,1280.6,1284.1,235334.0
2019-01-03,1288.5,1296.9,1286.4,1294.8,244542.0
2019-01-04,1296.5,1300.4,1278.1,1285.8,316063.0
2019-01-07,1287.0,1297.0,1284.1,1289.9,204679.0
2019-01-08,1289.9,1291.4,1280.2,1285.9,221915.0
2019-01-09,1286.1,1295.0,1280.9,1292.0,245969.0
2019-01-10,1294.7,1298.0,1286.7,1287.4,239920.0
2019-01-11,1287.6,1295.7,1287.0,1289.5,210644.0
2019-01-14,1288.0,1296.6,1287.7,1291.3,221893.0
2019-01-15,1292.4,1294.8,1286.5,1288.4,242065.0
2019-01-16,1289.6,1295.4,1287.6,1293.8,181387.0
2019-01-17,1293.9,1295.0,1288.3,1292.3,191979.0
2019-01-18,1291.9,1292.2,1280.1,1282.6,225565.0
2019-01-21,1280.7,1285.0,1276.0,1283.4,318850.0
2019-01-22,1282.5,1283.30005,1282.5,1282.5,7.0
2019-01-23,1284.6,1286.0,1277.7,1284.0,217130.0
2019-01-24,1282.3,1283.9,1275.3,1279.8,225765.0
2019-01-25,1280.1,1303.4,1278.9,1298.1,303837.0
2019-01-28,1302.3,1303.7,1296.5,1303.1,243070.0
2019-01-29,1302.5,1310.8,1301.7,1308.9,213607.0
2019-01-30,1317.0,1328.6,1313.5,1315.5,272109.0
2019-01-31,1325.4,1331.1,1322.2,1325.2,224751.0
2019-02-01,1326.0,1328.2,1320.6,1322.1,200004.0
2019-02-04,1322.6,1323.6,1312.7,1319.3,159557.0
2019-02-05,1316.8,1321.0,1314.8,1319.2,129013.0
2019-02-06,1319.4,1319.9,1309.6,1314.4,137247.0
2019-02-07,1310.9,1315.8,1306.4,1314.2,166761.0
2019-02-08,1314.3,1319.5,1311.5,1318.5,135686.0
2019-02-11,1318.1,1318.7,1307.1,1311.9,150611.0
2019-02-12,1311.6,1318.3,1310.0,1314.0,146448.0
2019-02-13,1314.3,1321.7,1308.1,1315.1,213962.0
2019-02-14,1309.6,1317.4,1304.7,1313.9,228458.0
2019-02-15,1315.5,1325.8,1314.3,1322.1,200282.0
2019-02-18,1325.0,1345.0,1323.8,1344.8,348636.0
2019-02-19,1320.90002,1340.09998,1320.5,1340.09998,390.0
2019-02-20,1343.9,1349.8,1339.8,1347.9,246722.0
2019-02-21,1341.7,1344.3,1323.3,1327.8,285810.0
2019-02-22,1325.8,1335.6,1323.8,1332.8,241803.0
2019-02-25,1331.9,1334.9,1327.3,1329.5,181778.0
2019-02-26,1329.9,1332.4,1325.5,1328.5,185564.0
2019-02-27,1331.0,1332.0,1318.4,1321.2,198038.0
2019-02-28,1321.7,1328.9,1314.0,1316.1,252235.0
2019-03-01,1315.5,1316.5,1291.3,1299.2,343472.0
2019-03-04,1294.4,1298.1,1283.8,1287.5,268391.0
2019-03-05,1287.8,1290.6,1282.0,1284.7,216929.0
2019-03-06,1288.8,1291.8,1284.3,1287.6,192932.0
2019-03-07,1287.3,1289.6,1280.8,1286.1,257922.0
2019-03-08,1286.7,1301.3,1285.6,1299.3,283843.0
2019-03-11,1298.2,1299.2,1290.6,1291.1,196857.0
2019-03-12,1293.6,1302.6,1292.0,1298.1,203894.0
2019-03-13,1301.8,1311.6,1300.6,1309.3,214238.0
2019-03-14,1309.5,1310.3,1292.5,1295.1,248206.0
2019-03-15,1295.6,1306.3,1293.7,1302.9,234648.0
2019-03-18,1302.0,1306.7,1298.0,1301.5,176492.0
2019-03-19,1303.7,1310.8,1302.1,1306.5,206904.0
2019-03-20,1306.0,1317.2,1298.1,1301.7,370397.0
2019-03-21,1312.7,1320.2,1302.8,1307.3,332611.0
2019-03-22,1309.3,1314.7,1306.5,1312.3,271383.0
2019-03-25,1313.3,1324.5,1310.6,1322.6,251981.0
2019-03-26,1321.5,1323.0,1312.1,1315.0,267173.0
2019-03-27,1315.4,1318.8,1307.3,1310.4,206263.0
2019-03-28,1315.0,1317.6,1293.3,1295.3,426819.0
2019-03-29,1295.0,1304.6,1291.3,1298.5,270179.0
2019-04-01,1297.2,1301.7,1291.0,1294.2,236657.0
2019-04-02,1292.2,1297.1,1289.5,1295.4,196403.0
2019-04-03,1296.9,1299.0,1292.7,1295.3,190367.0
2019-04-04,1294.4,1298.7,1284.9,1294.3,262537.0
2019-04-05,1296.5,1297.8,1288.3,1295.6,231451.0
2019-04-08,1295.8,1307.9,1295.5,1301.9,207572.0
2019-04-09,1301.6,1310.4,1300.6,1308.3,200341.0
2019-04-10,1308.2,1314.7,1304.7,1313.9,218880.0
2019-04-11,1312.4,1313.1,1292.9,1293.3,324740.0
2019-04-12,1295.8,1299.1,1293.2,1295.2,192493.0
2019-04-15,1294.0,1295.2,1285.3,1291.3,232989.0
2019-04-16,1290.8,1291.7,1275.5,1277.2,326514.0
2019-04-17,1279.5,1282.1,1275.2,1276.8,223357.0
2019-04-18,1276.2,1279.7,1273.0,1276.0,229629.0
2019-04-22,1278.0,1281.9,1275.7,1277.6,136438.0
2019-04-23,1277.0,1278.5,1267.9,1273.2,280344.0
2019-04-24,1274.4,1280.7,1270.5,1279.4,246046.0
2019-04-25,1277.9,1284.8,1275.2,1279.7,237154.0
2019-04-26,1279.1,1290.9,1276.0,1288.8,278887.0
2019-04-29,1289.0,1289.1,1279.9,1281.5,208956.0
2019-04-30,1281.9,1288.2,1281.5,1285.7,239444.0
2019-05-01,1285.2,1289.4,1274.5,1284.2,275425.0
2019-05-02,1278.5,1279.4,1267.3,1272.0,282497.0
2019-05-03,1271.6,1283.9,1269.0,1281.3,280323.0
2019-05-06,1281.8,1287.4,1278.1,1283.8,244342.0
2019-05-07,1282.4,1287.3,1279.1,1285.6,251087.0
2019-05-08,1285.6,1292.8,1280.2,1281.4,302694.0
2019-05-09,1281.9,1289.2,1280.4,1285.2,306546.0
2019-05-10,1285.0,1290.3,1283.9,1287.4,238643.0
2019-05-13,1288.3,1302.2,1282.4,1301.8,379440.0
2019-05-14,1300.8,1304.2,1294.3,1296.3,222050.0
2019-05-15,1298.0,1301.7,1293.6,1297.8,247522.0
2019-05-16,1297.7,1299.3,1284.2,1286.2,282065.0
2019-05-17,1287.2,1289.0,1274.6,1275.7,264569.0
2019-05-20,1277.6,1278.8,1273.3,1277.3,212182.0
2019-05-21,1277.7,1277.7,1269.0,1273.2,213168.0
2019-05-22,1274.4,1277.1,1272.0,1274.2,191366.0
2019-05-23,1273.6,1287.1,1272.1,1285.4,330160.0
2019-05-24,1283.2,1284.7,1280.1,1283.6,218714.0
2019-05-27,1283.5,1286.9,1275.1,1277.1,362163.0
2019-05-28,1276.5,1276.5,1276.5,1276.5,0.0
2019-05-29,1278.9,1285.2,1278.4,1281.0,189694.0
2019-05-30,1285.1,1293.9,1279.2,1292.4,284019.0
2019-05-31,1293.2,1311.9,1292.5,1311.1,341175.0
2019-06-03,1312.5,1333.0,1310.9,1327.9,363396.0
2019-06-04,1329.7,1334.1,1324.7,1328.7,319959.0
2019-06-05,1330.2,1348.9,1329.3,1333.6,413470.0
2019-06-06,1336.1,1344.2,1331.3,1342.7,263086.0
2019-06-07,1339.7,1352.7,1334.3,1346.1,331289.0
2019-06-10,1341.2,1341.7,1329.0,1329.3,228033.0
2019-06-11,1331.8,1333.8,1323.6,1331.2,215146.0
2019-06-12,1330.6,1342.3,1329.8,1336.8,234455.0
2019-06-13,1337.8,1347.0,1335.9,1343.7,204827.0
2019-06-14,1346.5,1362.2,1341.4,1344.5,358448.0
2019-06-17,1345.5,1347.1,1336.6,1342.9,238707.0
2019-06-18,1343.9,1358.5,1342.1,1350.7,376267.0
2019-06-19,1350.4,1366.6,1344.8,1348.8,332611.0
2019-06-20,1364.5,1397.7,1361.3,1396.9,542895.0
2019-06-21,1391.2,1415.4,1386.1,1400.1,518888.0
2019-06-24,1403.9,1425.1,1403.6,1418.2,375145.0
2019-06-25,1423.4,1442.9,1415.1,1418.7,643590.0
2019-06-26,1427.2,1427.9,1405.0,1415.4,421948.0
2019-06-27,1412.7,1415.3,1401.4,1412.0,336359.0
2019-06-28,1413.3,1427.8,1408.6,1413.7,306620.0
2019-07-01,1401.8,1401.9,1384.7,1389.3,389761.0
2019-07-02,1386.2,1424.0,1386.2,1408.0,383253.0
2019-07-03,1424.7,1441.0,1414.7,1420.9,419609.0
2019-07-04,1421.6,1426.8,1388.6,1400.1,577376.0
2019-07-05,1418.30005,1418.30005,1390.19995,1396.69995,20.0
2019-07-08,1401.0,1409.9,1393.8,1400.0,318692.0
2019-07-09,1397.9,1402.4,1387.5,1400.5,287176.0
2019-07-10,1400.0,1421.1,1391.8,1412.5,443496.0
2019-07-11,1421.1,1429.4,1402.7,1406.7,400086.0
2019-07-12,1406.2,1418.9,1404.5,1412.2,284967.0
2019-07-15,1417.7,1421.6,1409.3,1413.5,243376.0
2019-07-16,1416.4,1420.0,1402.1,1411.2,334818.0
2019-07-17,1407.9,1428.4,1401.3,1423.3,358172.0
2019-07-18,1428.5,1449.7,1415.6,1428.1,481325.0
2019-07-19,1448.3,1454.4,1421.1,1426.7,530022.0
2019-07-22,1428.5,1430.8,1423.0,1426.9,255354.0
2019-07-23,1426.0,1431.4,1414.6,1421.7,386682.0
2019-07-24,1418.6,1430.0,1416.7,1423.6,318164.0
2019-07-25,1426.8,1434.1,1411.1,1414.7,489392.0
2019-07-26,1414.9,1424.8,1412.9,1419.3,306018.0
2019-07-29,1419.0,1428.0,1414.4,1420.4,224267.0
2019-07-30,1439.5,1445.7,1434.8,1441.8,259623.0
2019-07-31,1443.7,1447.8,1422.3,1437.8,419577.0
2019-08-01,1425.6,1458.2,1412.1,1432.4,587561.0
2019-08-02,1457.5,1461.9,1442.5,1457.5,493051.0
2019-08-05,1451.2,1481.8,1448.8,1476.5,534188.0
2019-08-06,1481.1,1486.8,1468.2,1484.2,381923.0
2019-08-07,1486.7,1522.7,1484.3,1519.6,651548.0
2019-08-08,1512.1,1521.3,1501.6,1509.5,402963.0
2019-08-09,1515.9,1521.1,1506.2,1508.5,332605.0
2019-08-12,1509.2,1531.5,1498.6,1517.2,355101.0
2019-08-13,1522.3,1546.1,1488.9,1514.1,616740.0
2019-08-14,1513.0,1534.9,1504.5,1527.8,484188.0
2019-08-15,1526.6,1537.7,1518.3,1531.2,436117.0
2019-08-16,1533.9,1538.6,1513.9,1523.6,322455.0
2019-08-19,1523.0,1523.6,1503.3,1511.6,295828.0
2019-08-20,1506.3,1518.8,1503.0,1515.7,247535.0
2019-08-21,1518.4,1518.4,1506.5,1515.7,245896.0
2019-08-22,1512.4,1514.6,1502.1,1508.5,279405.0
2019-08-23,1508.8,1540.3,1503.0,1537.6,472999.0
2019-08-26,1545.4,1565.0,1534.8,1537.2,411668.0
2019-08-27,1537.3,1554.5,1535.3,1551.8,347046.0
2019-08-28,1551.8,1556.6,1541.4,1549.1,353912.0
2019-08-29,1549.4,1559.8,1528.6,1536.9,455595.0
2019-08-30,1536.9,1541.9,1525.6,1529.4,330849.0
2019-09-02,1535.2,1558.9,1528.0,1555.9,554833.0
2019-09-03,1522.90002,1547.30005,1521.0,1545.90002,139.0
2019-09-04,1556.0,1566.2,1542.6,1560.4,412349.0
2019-09-05,1561.4,1561.9,1514.3,1525.5,606398.0
2019-09-06,1525.6,1536.2,1510.7,1515.5,544865.0
2019-09-09,1516.4,1523.8,1505.5,1511.1,317523.0
2019-09-10,1507.0,1509.1,1492.1,1499.2,397917.0
2019-09-11,1493.9,1506.2,1492.9,1503.2,308791.0
2019-09-12,1504.9,1532.2,1496.8,1507.4,491465.0
2019-09-13,1506.5,1516.6,1493.1,1499.5,364417.0
2019-09-16,1513.1,1519.7,1503.4,1511.5,349611.0
2019-09-17,1506.5,1515.0,1500.9,1513.4,336627.0
2019-09-18,1509.7,1519.5,1490.7,1515.8,364956.0
2019-09-19,1502.0,1512.1,1496.3,1506.2,291302.0
2019-09-20,1506.8,1524.5,1505.3,1515.1,284387.0
2019-09-23,1521.5,1534.4,1517.9,1531.5,359879.0
2019-09-24,1529.8,1543.3,1522.8,1540.2,424860.0
2019-09-25,1539.8,1542.8,1507.4,1512.3,481457.0
2019-09-26,1510.9,1519.5,1507.1,1515.2,378285.0
2019-09-27,1511.8,1514.4,1493.3,1506.4,451928.0
2019-09-30,1501.7,1507.2,1470.5,1472.9,439706.0
2019-10-01,1478.0,1493.5,1465.0,1489.0,450174.0
2019-10-02,1485.4,1511.4,1480.5,1507.9,393098.0
2019-10-03,1505.6,1525.8,1501.7,1513.8,408743.0
2019-10-04,1511.6,1522.2,1501.4,1512.9,344786.0
2019-10-07,1518.6,1518.8,1493.3,1504.4,257779.0
2019-10-08,1498.7,1515.3,1492.1,1503.9,371439.0
2019-10-09,1510.9,1518.0,1505.1,1512.8,285278.0
2019-10-10,1510.8,1522.3,1495.7,1500.9,417877.0
2019-10-11,1498.3,1508.0,1478.0,1488.7,485955.0
2019-10-14,1492.0,1501.5,1487.1,1497.6,228323.0
2019-10-15,1497.7,1503.0,1480.8,1483.5,317991.0
2019-10-16,1484.8,1495.5,1480.6,1494.0,367898.0
2019-10-17,1494.2,1501.1,1487.0,1498.3,305666.0
2019-10-18,1495.6,1497.9,1488.3,1494.1,232552.0
2019-10-21,1495.6,1498.7,1484.8,1488.1,284292.0
2019-10-22,1487.5,1492.1,1484.0,1487.5,208969.0
2019-10-23,1491.1,1499.4,1490.7,1495.7,244615.0
2019-10-24,1495.1,1506.9,1490.4,1504.7,305012.0
2019-10-25,1506.4,1520.9,1503.1,1505.3,368743.0
2019-10-28,1507.4,1510.8,1492.3,1495.8,318126.0
2019-10-29,1494.3,1497.1,1485.6,1490.7,291980.0
2019-10-30,1490.5,1499.3,1483.1,1496.7,353638.0
2019-10-31,1498.8,1516.7,1496.0,1514.8,390013.0
2019-11-01,1515.1,1519.0,1505.4,1511.4,380987.0
2019-11-04,1516.4,1517.1,1506.5,1511.1,260197.0
2019-11-05,1511.6,1511.9,1480.7,1483.7,593619.0
2019-11-06,1484.3,1495.9,1483.8,1493.1,313719.0
2019-11-07,1492.1,1493.6,1461.4,1466.4,674982.0
2019-11-08,1469.0,1473.9,1457.0,1462.9,447069.0
2019-11-11,1460.0,1467.4,1448.9,1457.1,310155.0
2019-11-12,1455.9,1461.3,1446.2,1453.7,429612.0
2019-11-13,1456.5,1467.9,1456.4,1463.3,352334.0
2019-11-14,1464.0,1475.5,1461.7,1473.4,317400.0
2019-11-15,1471.9,1472.1,1462.8,1468.5,251211.0
2019-11-18,1467.8,1474.4,1456.6,1471.9,331235.0
2019-11-19,1471.9,1475.8,1465.1,1474.3,307855.0
2019-11-20,1472.7,1479.2,1466.1,1474.2,369970.0
2019-11-21,1475.1,1475.9,1462.4,1463.6,388337.0
2019-11-22,1464.3,1473.4,1461.2,1463.6,320504.0
2019-11-25,1461.0,1462.0,1453.9,1456.9,298709.0
2019-11-26,1455.1,1462.9,1449.6,1460.3,346362.0
2019-11-27,1468.3,1469.1,1459.1,1460.8,232122.0
2019-11-28,1461.2,1472.9,1459.1,1472.7,272344.0
2019-11-29,1453.59998,1465.59998,1452.09998,1465.59998,7020.0
2019-12-02,1470.3,1471.7,1459.8,1469.2,316575.0
2019-12-03,1468.0,1487.7,1465.4,1484.4,400899.0
2019-12-04,1483.2,1489.9,1476.7,1480.2,319730.0
2019-12-05,1480.0,1485.7,1478.0,1483.1,240014.0
2019-12-06,1481.0,1485.3,1463.3,1465.1,317315.0
2019-12-09,1464.1,1469.8,1463.0,1464.9,177222.0
2019-12-10,1466.3,1473.7,1464.2,1468.1,228832.0
2019-12-11,1468.5,1483.5,1466.9,1475.0,251732.0
2019-12-12,1479.2,1491.6,1468.2,1472.3,409855.0
2019-12-13,1470.8,1482.5,1465.5,1481.2,356682.0
2019-12-16,1480.0,1484.5,1477.4,1480.5,165853.0
2019-12-17,1480.6,1484.9,1478.4,1480.6,173253.0
2019-12-18,1480.4,1483.6,1474.3,1478.7,197967.0
2019-12-19,1479.4,1485.8,1477.1,1484.4,201186.0
2019-12-20,1482.7,1484.8,1479.5,1480.9,140768.0
2019-12-23,1482.4,1490.1,1481.2,1488.7,162446.0
2019-12-24,1489.8,1505.0,1488.1,1504.8,183683.0
2019-12-26,1503.9,1517.4,1502.1,1514.4,216614.0
2019-12-27,1516.5,1519.9,1512.1,1518.1,204993.0
2019-12-30,1515.9,1519.1,1513.5,1518.6,178722.0
2019-12-31,1517.7,1529.0,1517.5,1523.1,220847.0
2020-01-02,1521.0,1534.0,1519.7,1528.1,270546.0
2020-01-03,1531.7,1556.6,1530.4,1552.4,436740.0
2020-01-06,1562.7,1590.9,1562.3,1568.8,558969.0
2020-01-07,1567.4,1579.2,1557.0,1574.3,435869.0
2020-01-08,1578.8,1613.3,1553.4,1560.2,813406.0
2020-01-09,1557.7,1562.4,1541.0,1554.3,372880.0
2020-01-10,1553.4,1564.1,1546.7,1560.1,344342.0
2020-01-13,1563.0,1563.1,1547.0,1550.6,311734.0
2020-01-14,1548.6,1549.5,1536.4,1544.6,340913.0
2020-01-15,1546.8,1558.8,1546.5,1554.0,310070.0
2020-01-16,1556.6,1558.2,1548.0,1550.5,260054.0
2020-01-17,1553.0,1561.4,1549.3,1560.3,264926.0
2020-01-20,1557.3,1568.8,1546.0,1557.9,462622.0
2020-01-21,1559.30005,1566.19995,1551.0,1556.40002,45.0
2020-01-22,1558.9,1559.8,1550.0,1556.7,286081.0
2020-01-23,1558.9,1567.5,1551.3,1565.4,361025.0
2020-01-24,1562.9,1575.5,1555.8,1571.9,427139.0
2020-01-27,1580.5,1588.4,1575.3,1577.4,398058.0
2020-01-28,1580.6,1582.2,1564.6,1569.8,378006.0
2020-01-29,1566.3,1577.7,1562.0,1570.4,251274.0
2020-01-30,1582.4,1590.7,1576.8,1589.2,382595.0
2020-01-31,1578.4,1595.5,1575.0,1587.9,343366.0
2020-02-03,1597.8,1598.5,1573.2,1582.4,320599.0
2020-02-04,1581.5,1584.5,1552.8,1555.5,349002.0
2020-02-05,1556.1,1566.2,1551.1,1562.8,306051.0
2020-02-06,1560.0,1571.9,1556.0,1570.0,229003.0
2020-02-07,1570.7,1577.8,1563.5,1573.4,286422.0
2020-02-10,1575.8,1580.5,1571.5,1579.5,191752.0
2020-02-11,1575.5,1577.5,1565.2,1570.1,231832.0
2020-02-12,1571.2,1573.6,1564.4,1571.6,189550.0
2020-02-13,1569.8,1581.7,1568.5,1578.8,276252.0
2020-02-14,1579.0,1588.2,1576.0,1586.4,227109.0
2020-02-17,1585.1,1608.2,1581.8,1603.6,414235.0
2020-02-18,1579.80005,1604.30005,1579.80005,1600.0,310.0
2020-02-19,1604.8,1615.9,1602.4,1611.8,307885.0
2020-02-20,1615.0,1626.5,1606.6,1620.5,403039.0
2020-02-21,1623.6,1652.1,1621.6,1648.8,489193.0
2020-02-24,1656.0,1691.7,1652.8,1676.6,680823.0
2020-02-25,1661.8,1666.7,1627.0,1650.0,672758.0
2020-02-26,1637.3,1657.1,1626.6,1643.1,531901.0
2020-02-27,1643.0,1662.5,1636.7,1642.5,573289.0
2020-02-28,1646.1,1651.0,1564.0,1566.7,745843.0
2020-03-02,1592.8,1612.1,1576.3,1594.8,443528.0
2020-03-03,1586.0,1650.5,1585.9,1644.4,466533.0
2020-03-04,1640.1,1654.3,1632.6,1643.0,313344.0
2020-03-05,1638.2,1675.5,1635.6,1668.0,362995.0
2020-03-06,1673.1,1692.8,1642.4,1672.4,659625.0
2020-03-09,1692.6,1704.3,1658.0,1675.7,504155.0
2020-03-10,1679.6,1681.3,1641.1,1660.3,385479.0
2020-03-11,1649.3,1671.8,1632.4,1642.3,404351.0
2020-03-12,1633.1,1651.0,1560.4,1590.3,605721.0
2020-03-13,1582.7,1597.9,1504.0,1516.7,551049.0
2020-03-16,1563.8,1574.8,1450.9,1486.5,565977.0
2020-03-17,1512.8,1554.3,1465.6,1525.8,434508.0
2020-03-18,1527.6,1547.0,1473.3,1477.9,435187.0
2020-03-19,1487.2,1502.8,1460.1,1479.3,325286.0
2020-03-20,1471.6,1519.4,1457.5,1484.6,269974.0
2020-03-23,1505.0,1569.3,1484.6,1567.6,362068.0
2020-03-24,1563.8,1698.0,1560.5,1660.8,418776.0
2020-03-25,1666.2,1699.3,1615.2,1633.4,254189.0
2020-03-26,1642.5,1672.5,1611.0,1651.2,215969.0
2020-03-27,1640.4,1647.2,1611.4,1625.0,100638.0
2020-03-30,1663.4,1673.6,1632.0,1643.2,157366.0
2020-03-31,1643.4,1645.6,1588.2,1596.6,176554.0
2020-04-01,1589.4,1612.4,1576.0,1591.4,164482.0
2020-04-02,1602.4,1645.6,1595.2,1637.7,167707.0
2020-04-03,1635.3,1652.8,1624.4,1645.7,139612.0
2020-04-06,1647.7,1715.8,1638.2,1693.9,192753.0
2020-04-07,1707.1,1742.6,1672.0,1683.7,204497.0
2020-04-08,1678.7,1695.8,1670.7,1684.3,125327.0
2020-04-09,1680.5,1754.5,1676.5,1752.8,218804.0
2020-04-13,1742.3,1772.8,1724.2,1761.4,166890.0
2020-04-14,1761.5,1788.8,1747.1,1768.9,241194.0
2020-04-15,1758.1,1759.8,1731.6,1740.2,186697.0
2020-04-16,1743.5,1768.0,1722.6,1731.7,204225.0
2020-04-17,1738.5,1738.8,1691.2,1698.8,227069.0
2020-04-20,1693.0,1718.4,1685.0,1711.2,186912.0
2020-04-21,1713.3,1718.0,1666.2,1687.8,248629.0
2020-04-22,1703.1,1742.4,1695.4,1738.3,193728.0
2020-04-23,1736.5,1764.2,1730.6,1745.4,201884.0
2020-04-24,1753.0,1760.2,1725.4,1735.6,180242.0
2020-04-27,1745.0,1745.8,1720.0,1723.8,146641.0
2020-04-28,1724.4,1731.9,1704.1,1722.2,171343.0
2020-04-29,1724.8,1733.5,1708.2,1713.4,159603.0
2020-04-30,1729.6,1737.0,1687.5,1694.2,234529.0
2020-05-01,1693.5,1714.4,1676.0,1700.9,168016.0
2020-05-04,1711.2,1726.0,1700.3,1713.3,148728.0
2020-05-05,1711.0,1717.8,1695.4,1710.6,184728.0
2020-05-06,1714.1,1716.6,1683.0,1688.5,203370.0
2020-05-07,1686.0,1733.2,1683.9,1725.8,250704.0
2020-05-08,1727.2,1735.5,1703.1,1713.9,232810.0
2020-05-11,1706.0,1713.8,1692.1,1698.0,202173.0
2020-05-12,1700.0,1716.7,1693.5,1706.8,198067.0
2020-05-13,1705.0,1726.5,1701.6,1716.4,211614.0
2020-05-14,1723.1,1746.5,1716.0,1740.9,212914.0
2020-05-15,1738.5,1761.2,1736.8,1756.3,200179.0
2020-05-18,1757.5,1775.8,1729.3,1734.4,271472.0
2020-05-19,1734.8,1751.6,1727.2,1745.6,185258.0
2020-05-20,1749.2,1757.6,1744.0,1752.1,184460.0
2020-05-21,1751.7,1751.7,1715.3,1721.9,238735.0
2020-05-22,1726.0,1742.0,1722.5,1735.5,196816.0
2020-05-25,1734.8,1737.2,1700.0,1705.6,313174.0
2020-05-26,1726.40002,1726.40002,1704.80005,1704.80005,39.0
2020-05-27,1703.1,1713.2,1684.2,1710.7,137416.0
2020-05-28,1725.0,1743.7,1720.0,1728.3,164817.0
2020-05-29,1732.7,1754.5,1725.3,1751.7,150112.0
2020-06-01,1749.8,1761.0,1737.6,1750.3,146131.0
2020-06-02,1750.3,1757.0,1728.0,1734.0,175351.0
2020-06-03,1733.7,1738.9,1690.3,1704.8,256523.0
2020-06-04,1702.8,1729.0,1698.9,1727.4,198723.0
2020-06-05,1720.8,1723.2,1671.7,1683.0,273683.0
2020-06-08,1686.7,1707.6,1680.7,1705.1,154767.0
2020-06-09,1703.9,1729.4,1697.6,1721.9,182910.0
2020-06-10,1718.9,1749.4,1714.1,1720.7,198763.0
2020-06-11,1746.6,1754.9,1727.5,1739.8,205348.0
2020-06-12,1733.6,1753.0,1728.2,1737.3,151397.0
2020-06-15,1740.7,1743.8,1706.2,1727.2,200225.0
2020-06-16,1732.3,1741.3,1721.8,1736.5,182423.0
2020-06-17,1735.3,1739.3,1717.3,1735.6,140069.0
2020-06-18,1735.5,1749.2,1722.7,1731.1,155912.0
2020-06-19,1729.8,1760.9,1728.3,1753.0,181151.0
2020-06-22,1765.8,1779.0,1753.5,1766.4,228682.0
2020-06-23,1764.9,1786.8,1758.3,1782.0,194678.0
2020-06-24,1784.4,1796.1,1770.6,1775.1,239533.0
2020-06-25,1772.3,1779.6,1764.1,1770.6,152200.0
2020-06-26,1774.8,1786.2,1754.0,1780.3,201233.0
2020-06-29,1789.2,1790.4,1776.5,1781.2,130505.0
2020-06-30,1784.2,1804.0,1774.8,1800.5,199417.0
2020-07-01,1798.9,1807.7,1767.9,1779.9,263254.0
2020-07-02,1779.0,1791.7,1766.3,1790.0,186306.0
2020-07-03,1787.9,1799.0,1779.2,1793.5,184653.0
2020-07-06,1788.19995,1790.09998,1788.19995,1788.5,172.0
2020-07-07,1793.9,1810.8,1781.2,1809.9,221733.0
2020-07-08,1807.9,1829.8,1803.8,1820.6,247500.0
2020-07-09,1818.8,1825.5,1799.6,1803.8,283371.0
2020-07-10,1808.4,1817.0,1796.5,1801.9,223832.0
2020-07-13,1803.4,1818.8,1802.1,1814.1,230398.0
2020-07-14,1805.2,1815.0,1791.1,1813.4,253207.0
2020-07-15,1811.1,1819.5,1804.0,1813.8,183055.0
2020-07-16,1813.1,1816.2,1794.1,1800.3,196566.0
2020-07-17,1796.9,1813.9,1795.2,1810.0,167012.0
2020-07-20,1812.3,1823.4,1806.6,1817.4,177739.0
2020-07-21,1819.6,1844.9,1817.2,1843.9,271085.0
2020-07-22,1842.8,1871.8,1842.1,1865.1,382234.0
2020-07-23,1871.6,1897.7,1863.1,1890.0,418749.0
2020-07-24,1884.9,1904.6,1880.5,1897.5,300174.0
2020-07-27,1901.2,1941.9,1899.0,1931.0,428229.0
2020-07-28,1937.1,1974.7,1900.2,1944.6,434445.0
2020-07-29,1950.6,1974.9,1935.2,1953.4,209835.0
2020-07-30,1986.4,1987.3,1952.3,1966.8,271380.0
2020-07-31,1973.6,2005.4,1971.4,1985.9,279319.0
2020-08-03,1997.4,2009.5,1975.2,1986.3,178754.0
2020-08-04,1993.5,2037.7,1982.6,2021.0,274420.0
2020-08-05,2037.0,2070.3,2027.5,2049.3,366379.0
2020-08-06,2055.0,2081.8,2049.0,2069.4,312758.0
2020-08-07,2076.4,2089.2,2024.8,2028.0,398127.0
2020-08-10,2044.8,2060.8,2027.8,2039.7,251306.0
2020-08-11,2038.4,2040.5,1911.3,1946.3,565001.0
2020-08-12,1921.6,1961.0,1874.2,1949.0,459842.0
2020-08-13,1927.3,1974.8,1923.0,1970.4,349891.0
2020-08-14,1963.8,1970.0,1939.1,1949.8,241798.0
2020-08-17,1956.4,2000.8,1939.1,1998.7,289437.0
2020-08-18,1993.6,2024.6,1985.2,2013.1,361475.0
2020-08-19,2010.5,2015.6,1930.5,1970.3,443256.0
2020-08-20,1934.4,1963.1,1928.9,1946.5,383338.0
2020-08-21,1955.6,1963.1,1916.6,1947.0,355065.0
2020-08-24,1947.9,1970.3,1930.8,1939.2,286258.0
2020-08-25,1935.9,1944.1,1919.1,1923.1,274113.0
2020-08-26,1939.0,1963.4,1908.4,1952.5,342207.0
2020-08-27,1963.0,1987.0,1914.7,1932.6,467170.0
2020-08-28,1937.5,1983.0,1928.2,1974.9,334102.0
2020-08-31,1973.9,1985.8,1962.3,1978.6,245105.0
2020-09-01,1973.7,2001.2,1969.2,1978.9,304894.0
2020-09-02,1976.8,1980.4,1938.9,1944.7,332591.0
2020-09-03,1948.9,1956.6,1927.2,1937.8,303029.0
2020-09-04,1938.0,1956.6,1921.6,1934.3,304742.0
2020-09-07,1938.0,1948.3,1911.7,1943.2,416013.0
2020-09-08,1930.90002,1937.90002,1903.09998,1933.0,271.0
2020-09-09,1939.4,1959.7,1926.3,1954.9,227182.0
2020-09-10,1955.3,1975.2,1948.6,1964.3,271478.0
2020-09-11,1953.8,1963.4,1944.0,1947.9,205234.0
2020-09-14,1948.9,1972.5,1945.2,1963.7,200091.0
2020-09-15,1966.2,1982.4,1955.6,1966.2,239538.0
2020-09-16,1961.4,1983.8,1957.2,1970.5,298385.0
2020-09-17,1967.6,1969.3,1938.2,1949.9,273140.0
2020-09-18,1951.1,1968.2,1951.1,1962.1,176074.0
2020-09-21,1957.3,1962.9,1885.4,1910.6,386667.0
2020-09-22,1918.1,1925.5,1898.9,1907.6,282714.0
2020-09-23,1905.1,1909.9,1856.0,1868.4,411558.0
2020-09-24,1866.9,1880.9,1851.0,1876.9,345036.0
2020-09-25,1872.7,1879.3,1854.1,1866.3,230857.0
2020-09-28,1862.7,1888.2,1851.1,1882.3,235915.0
2020-09-29,1886.4,1904.8,1880.8,1903.2,217795.0
2020-09-30,1903.2,1908.2,1885.8,1895.5,259868.0
2020-10-01,1891.2,1917.9,1890.0,1916.3,262086.0
2020-10-02,1911.0,1923.6,1895.2,1907.6,212728.0
2020-10-05,1910.9,1924.9,1891.2,1920.1,177587.0
2020-10-06,1917.8,1927.0,1878.2,1908.8,219440.0
2020-10-07,1882.6,1902.4,1877.1,1890.8,188588.0
2020-10-08,1890.6,1905.3,1885.3,1895.1,185453.0
2020-10-09,1898.4,1936.8,1898.0,1926.2,229847.0
2020-10-12,1935.0,1939.4,1923.8,1928.9,157212.0
2020-10-13,1927.3,1930.6,1889.3,1894.6,267538.0
2020-10-14,1895.4,1917.5,1885.0,1907.3,188302.0
2020-10-15,1906.0,1913.2,1892.7,1908.9,213574.0
2020-10-16,1912.7,1918.7,1901.1,1906.4,146910.0
2020-10-19,1903.2,1923.4,1900.2,1911.7,159852.0
2020-10-20,1906.4,1917.6,1896.6,1915.4,163912.0
2020-10-21,1911.6,1936.0,1911.6,1929.5,201272.0
2020-10-22,1927.4,1929.4,1894.2,1904.6,215581.0
2020-10-23,1906.5,1917.3,1895.2,1905.2,172958.0
2020-10-26,1906.0,1911.1,1892.5,1905.7,166313.0
2020-10-27,1904.4,1913.8,1898.7,1911.9,153297.0
2020-10-28,1909.8,1912.6,1869.1,1879.2,297085.0
2020-10-29,1877.5,1885.1,1859.2,1868.0,225159.0
2020-10-30,1867.9,1890.9,1863.3,1879.9,213173.0
2020-11-02,1877.0,1897.1,1873.3,1892.5,164943.0
2020-11-03,1896.4,1912.2,1887.6,1910.4,171368.0
2020-11-04,1910.3,1917.9,1881.8,1896.2,293946.0
2020-11-05,1903.4,1954.3,1902.2,1946.8,297512.0
2020-11-06,1950.0,1961.8,1937.2,1951.7,246779.0
2020-11-09,1956.0,1966.1,1848.0,1854.4,496088.0
2020-11-10,1864.1,1888.9,1858.9,1876.4,264872.0
2020-11-11,1876.1,1882.5,1853.9,1861.6,215170.0
2020-11-12,1863.9,1883.0,1860.7,1873.3,209934.0
2020-11-13,1875.6,1895.8,1872.1,1886.2,162538.0
2020-11-16,1886.6,1898.0,1861.5,1887.8,222937.0
2020-11-17,1888.2,1892.7,1876.3,1885.1,160884.0
2020-11-18,1879.5,1884.2,1860.3,1873.9,209000.0
2020-11-19,1872.0,1872.6,1850.0,1861.5,222347.0
2020-11-20,1864.8,1879.2,1859.1,1872.4,186166.0
2020-11-23,1869.8,1875.0,1828.0,1837.8,319657.0
2020-11-24,1835.7,1836.9,1797.1,1804.6,367879.0
2020-11-25,1805.2,1816.3,1798.6,1805.5,205754.0
2020-11-26,1812.1,1822.6,1776.5,1788.1,282346.0
2020-11-27,1806.09998,1817.0,1770.69995,1781.90002,71804.0
2020-11-30,1790.8,1793.3,1767.2,1780.9,242726.0
2020-12-01,1780.3,1821.1,1778.4,1818.9,203653.0
2020-12-02,1819.1,1835.7,1810.5,1830.2,185323.0
2020-12-03,1833.9,1847.4,1826.7,1841.1,180357.0
2020-12-04,1844.7,1852.7,1832.0,1840.0,171259.0
2020-12-07,1841.1,1873.0,1824.8,1866.0,209042.0
2020-12-08,1866.1,1879.8,1863.9,1874.9,151792.0
2020-12-09,1875.4,1875.9,1828.2,1838.5,219587.0
2020-12-10,1843.0,1854.2,1831.5,1837.4,164803.0
2020-12-11,1840.0,1851.8,1826.8,1843.6,153800.0
2020-12-14,1845.0,1845.6,1820.0,1832.1,168491.0
2020-12-15,1830.5,1859.3,1828.5,1855.3,173607.0
2020-12-16,1857.7,1870.0,1848.2,1859.1,199679.0
2020-12-17,1868.4,1902.0,1865.9,1890.4,219866.0
2020-12-18,1891.3,1895.7,1881.9,1888.9,153231.0
2020-12-21,1892.9,1912.0,1859.0,1882.8,232045.0
2020-12-22,1883.0,1889.4,1863.7,1870.3,176016.0
2020-12-23,1865.6,1883.7,1860.9,1878.1,162537.0
2020-12-24,1877.3,1887.4,1873.1,1883.2,89405.0
2020-12-28,1887.0,1904.1,1873.0,1880.4,196760.0
2020-12-29,1878.0,1891.3,1875.6,1882.9,149267.0
2020-12-30,1881.8,1899.0,1879.5,1893.4,133658.0
2020-12-31,1899.0,1904.9,1889.1,1895.1,130631.0
2021-01-04,1908.2,1948.7,1906.1,1946.6,273370.0
2021-01-05,1946.0,1957.0,1938.4,1954.4,201945.0
2021-01-06,1952.8,1962.5,1902.6,1908.6,366605.0
2021-01-07,1921.5,1929.6,1907.5,1913.6,199982.0
2021-01-08,1915.2,1918.4,1827.8,1835.4,443506.0
2021-01-11,1849.4,1856.0,1817.1,1850.8,268363.0
2021-01-12,1845.4,1864.0,1835.8,1844.2,240656.0
2021-01-13,1855.0,1863.0,1841.6,1854.9,225988.0
2021-01-14,1845.6,1857.6,1826.6,1851.4,257661.0
2021-01-15,1847.3,1856.6,1822.1,1829.9,231105.0
2021-01-18,1828.8,1845.0,1800.8,1840.2,331589.0
2021-01-19,1802.0,1842.90002,1802.0,1839.5,13.0
2021-01-20,1839.9,1872.0,1831.1,1866.5,274396.0
2021-01-21,1871.0,1874.6,1857.5,1865.9,196937.0
2021-01-22,1870.1,1870.8,1836.3,1856.2,249715.0
2021-01-25,1855.3,1867.4,1846.2,1855.2,211978.0
2021-01-26,1854.9,1860.8,1847.2,1850.9,170259.0
2021-01-27,1849.7,1851.5,1828.4,1844.9,195540.0
2021-01-28,1847.2,1867.0,1835.6,1841.2,277592.0
2021-01-29,1845.6,1878.9,1841.2,1850.3,276173.0
2021-02-01,1865.0,1876.0,1851.7,1863.9,242045.0
2021-02-02,1863.6,1866.3,1830.4,1833.4,235995.0
2021-02-03,1838.5,1845.9,1830.1,1835.1,137228.0
2021-02-04,1834.5,1835.7,1784.6,1791.2,279616.0
2021-02-05,1794.3,1816.0,1792.2,1813.0,205758.0
2021-02-08,1818.1,1840.6,1807.3,1834.2,177562.0
2021-02-09,1832.4,1849.5,1830.3,1837.5,154392.0
2021-02-10,1838.3,1856.6,1834.0,1842.7,176443.0
2021-02-11,1844.3,1848.6,1821.7,1826.8,147019.0
2021-02-12,1825.4,1831.5,1810.1,1823.2,171902.0
2021-02-15,1826.0,1827.1,1788.1,1799.0,355922.0
2021-02-16,1820.90002,1823.40002,1787.30005,1797.19995,1141.0
2021-02-17,1793.1,1794.2,1767.9,1772.8,257335.0
2021-02-18,1776.0,1788.8,1766.6,1775.0,224767.0
2021-02-19,1774.6,1790.9,1759.0,1777.4,251783.0
2021-02-22,1782.0,1812.4,1778.6,1808.4,221198.0
2021-02-23,1809.3,1815.2,1794.5,1805.9,191147.0
2021-02-24,1805.0,1813.0,1782.2,1797.9,224060.0
2021-02-25,1804.9,1805.0,1763.9,1775.4,316252.0
2021-02-26,1770.9,1773.8,1714.9,1728.8,362549.0
2021-03-01,1732.8,1757.4,1717.2,1723.0,241917.0
2021-03-02,1722.8,1737.8,1704.6,1733.6,235964.0
2021-03-03,1736.5,1739.1,1699.4,1715.8,255653.0
2021-03-04,1708.4,1721.6,1687.6,1700.7,277449.0
2021-03-05,1695.3,1705.7,1683.0,1698.5,269333.0
2021-03-08,1701.6,1712.0,1673.3,1678.0,273905.0
2021-03-09,1679.3,1718.7,1676.7,1716.9,248946.0
2021-03-10,1714.5,1725.3,1705.6,1721.8,226890.0
2021-03-11,1725.0,1738.0,1716.8,1722.6,215341.0
2021-03-12,1720.5,1728.0,1696.6,1719.8,232207.0
2021-03-15,1726.5,1733.2,1719.2,1729.2,163045.0
2021-03-16,1730.7,1740.5,1724.4,1730.9,173891.0
2021-03-17,1730.0,1750.6,1722.0,1727.1,220553.0
2021-03-18,1744.0,1754.2,1716.6,1732.5,251758.0
2021-03-19,1733.7,1746.1,1727.1,1741.7,213282.0
2021-03-22,1745.6,1747.0,1726.4,1738.1,196311.0
2021-03-23,1738.5,1742.0,1722.7,1725.1,226204.0
2021-03-24,1725.9,1737.7,1722.3,1733.2,186524.0
2021-03-25,1733.2,1744.8,1720.3,1725.1,226207.0
2021-03-26,1725.5,1735.5,1718.8,1732.3,172944.0
2021-03-29,1731.5,1732.6,1703.3,1712.2,135457.0
2021-03-30,1713.0,1714.8,1678.3,1686.0,225871.0
2021-03-31,1685.9,1716.3,1677.3,1715.6,210770.0
2021-04-01,1709.0,1732.0,1706.4,1728.4,170430.0
2021-04-05,1730.0,1734.4,1721.6,1728.8,101746.0
2021-04-06,1729.2,1746.7,1728.2,1743.0,152598.0
2021-04-07,1744.4,1745.4,1731.2,1741.6,122802.0
2021-04-08,1738.6,1759.4,1733.6,1758.2,144574.0
2021-04-09,1756.5,1758.2,1730.8,1744.8,171395.0
2021-04-12,1744.5,1746.2,1727.0,1732.7,125360.0
2021-04-13,1732.2,1749.5,1723.2,1747.6,175594.0
2021-04-14,1746.4,1750.7,1732.3,1736.3,145260.0
2021-04-15,1736.6,1770.6,1734.4,1766.8,198143.0
2021-04-16,1764.8,1784.7,1760.3,1780.2,173498.0
2021-04-19,1778.8,1790.4,1766.6,1770.6,180726.0
2021-04-20,1770.5,1780.8,1763.5,1778.4,169041.0
2021-04-21,1779.1,1798.4,1776.6,1793.1,173968.0
2021-04-22,1794.5,1798.1,1777.1,1782.0,163753.0
2021-04-23,1784.0,1796.3,1769.5,1777.8,175847.0
2021-04-26,1776.1,1783.1,1768.2,1780.1,143358.0
2021-04-27,1781.1,1785.9,1773.9,1778.8,147945.0
2021-04-28,1776.4,1782.7,1761.8,1773.9,198578.0
2021-04-29,1781.9,1789.9,1754.6,1768.3,231520.0
2021-04-30,1772.4,1773.3,1763.3,1767.7,167292.0
2021-05-03,1768.1,1798.9,1765.6,1791.8,204543.0
2021-05-04,1793.2,1799.5,1769.2,1776.0,246585.0
2021-05-05,1778.4,1788.1,1769.3,1784.3,178811.0
2021-05-06,1787.0,1818.6,1781.8,1815.7,287629.0
2021-05-07,1815.4,1844.6,1813.4,1831.3,367695.0
2021-05-10,1835.4,1846.3,1830.5,1837.6,269707.0
2021-05-11,1836.2,1842.5,1817.8,1836.1,311104.0
2021-05-12,1838.2,1844.7,1813.0,1822.8,339207.0
2021-05-13,1816.2,1829.1,1808.4,1824.0,249928.0
2021-05-14,1826.4,1847.1,1819.0,1838.1,224380.0
2021-05-17,1845.9,1869.3,1841.1,1867.6,267705.0
2021-05-18,1867.3,1875.9,1863.5,1868.0,229016.0
2021-05-19,1870.2,1891.3,1852.2,1881.5,398212.0
2021-05-20,1869.9,1885.3,1864.2,1881.9,223568.0
2021-05-21,1878.1,1890.3,1870.3,1876.7,234291.0
2021-05-24,1883.5,1887.9,1875.7,1884.5,183312.0
2021-05-25,1881.2,1901.2,1873.2,1898.0,316673.0
2021-05-26,1900.0,1913.3,1890.7,1901.2,170526.0
2021-05-27,1899.3,1906.5,1890.8,1898.5,211786.0
2021-05-28,1899.8,1908.8,1884.3,1905.3,198141.0
2021-05-31,1906.8,1919.2,1894.5,1905.0,290653.0
2021-06-01,1905.09998,1916.19995,1892.80005,1902.90002,640.0
2021-06-02,1903.0,1911.8,1896.4,1909.9,166036.0
2021-06-03,1910.5,1912.3,1866.7,1873.3,278578.0
2021-06-04,1872.7,1899.0,1855.6,1892.0,228826.0
2021-06-07,1894.3,1902.9,1883.7,1898.8,146018.0
2021-06-08,1901.6,1906.9,1885.7,1894.4,173604.0
2021-06-09,1894.4,1901.7,1889.3,1895.5,147332.0
2021-06-10,1891.4,1903.0,1871.8,1896.4,250551.0
2021-06-11,1901.9,1906.2,1876.1,1879.6,220455.0
2021-06-14,1879.6,1879.7,1845.7,1865.9,242302.0
2021-06-15,1867.8,1870.9,1853.0,1856.4,155343.0
2021-06-16,1861.0,1866.0,1804.4,1861.4,234104.0
2021-06-17,1812.3,1826.4,1767.9,1774.8,385888.0
2021-06-18,1773.9,1797.9,1761.2,1769.0,264605.0
2021-06-21,1764.3,1786.9,1764.1,1782.9,195523.0
2021-06-22,1783.2,1790.1,1771.2,1777.4,172745.0
2021-06-23,1779.1,1795.6,1773.1,1783.4,179273.0
2021-06-24,1778.2,1788.6,1772.7,1776.7,152232.0
2021-06-25,1775.7,1791.0,1773.6,1777.8,161203.0
2021-06-28,1782.0,1786.1,1770.4,1780.7,160788.0
2021-06-29,1778.8,1779.2,1750.1,1763.6,239910.0
2021-06-30,1761.9,1774.7,1753.2,1771.6,177887.0
2021-07-01,1770.8,1783.4,1765.9,1776.8,171443.0
2021-07-02,1777.5,1795.9,1774.4,1783.3,205858.0
2021-07-05,1787.5,1815.7,1784.7,1794.2,276597.0
2021-07-06,1786.69995,1809.80005,1786.69995,1793.5,332.0
2021-07-07,1797.0,1810.2,1794.1,1802.1,171075.0
2021-07-08,1803.8,1819.5,1793.5,1800.2,249340.0
2021-07-09,1803.2,1813.0,1796.6,1810.6,185581.0
2021-07-12,1808.5,1811.0,1791.0,1805.9,201416.0
2021-07-13,1806.7,1818.0,1798.7,1809.9,242177.0
2021-07-14,1808.3,1831.1,1804.9,1825.0,229879.0
2021-07-15,1828.7,1835.0,1820.6,1829.0,175611.0
2021-07-16,1830.7,1832.7,1809.5,1815.0,184655.0
2021-07-19,1811.6,1818.0,1795.0,1809.2,249675.0
2021-07-20,1813.5,1825.9,1805.2,1811.4,221136.0
2021-07-21,1810.6,1814.4,1794.3,1803.4,218636.0
2021-07-22,1803.9,1808.4,1791.9,1805.4,193318.0
2021-07-23,1807.7,1810.7,1789.1,1801.8,236764.0
2021-07-26,1802.3,1812.0,1796.0,1799.2,204547.0
2021-07-27,1797.1,1805.4,1792.8,1799.8,177043.0
2021-07-28,1798.6,1809.0,1790.7,1799.7,209783.0
2021-07-29,1811.5,1837.5,1810.9,1835.8,212065.0
2021-07-30,1832.5,1835.5,1813.1,1817.2,157136.0
2021-08-02,1817.0,1823.2,1808.2,1822.2,159755.0
2021-08-03,1816.8,1818.2,1809.5,1814.1,103450.0
2021-08-04,1813.7,1835.9,1808.3,1814.5,244683.0
2021-08-05,1814.9,1817.9,1799.7,1808.9,169840.0
2021-08-06,1806.7,1807.0,1759.5,1763.1,323149.0
2021-08-09,1765.0,1765.7,1677.9,1726.5,289543.0
2021-08-10,1732.0,1739.4,1718.5,1731.7,182561.0
2021-08-11,1730.4,1756.7,1724.6,1753.3,185442.0
2021-08-12,1752.9,1759.6,1742.6,1751.8,137119.0
2021-08-13,1754.4,1781.9,1753.0,1778.2,144809.0
2021-08-16,1780.7,1791.3,1772.0,1789.8,137698.0
2021-08-17,1789.1,1797.6,1782.1,1787.8,144815.0
2021-08-18,1787.8,1795.7,1778.8,1784.4,132725.0
2021-08-19,1789.5,1795.0,1774.6,1783.1,151245.0
2021-08-20,1782.8,1791.0,1780.0,1784.0,107966.0
2021-08-23,1781.2,1809.1,1778.0,1806.3,156318.0
2021-08-24,1807.6,1812.2,1802.6,1808.5,114785.0
2021-08-25,1805.1,1805.3,1784.0,1791.0,163463.0
2021-08-26,1793.0,1800.4,1781.3,1795.2,134534.0
2021-08-27,1795.2,1821.9,1785.2,1819.5,203642.0
2021-08-30,1821.6,1826.5,1810.0,1812.2,104875.0
2021-08-31,1812.2,1821.9,1803.4,1818.1,170387.0
2021-09-01,1816.7,1822.7,1810.6,1816.0,140116.0
2021-09-02,1816.2,1819.6,1806.5,1811.5,113025.0
2021-09-03,1811.5,1836.9,1810.9,1833.7,184984.0
2021-09-06,1833.5,1833.5,1793.7,1798.5,252475.0
2021-09-07,1825.69995,1825.69995,1792.69995,1795.90002,48.0
2021-09-08,1796.1,1804.4,1783.1,1793.5,161258.0
2021-09-09,1790.9,1803.4,1785.1,1800.0,154126.0
2021-09-10,1796.2,1806.0,1788.2,1792.1,136246.0
2021-09-13,1789.8,1800.2,1784.4,1794.4,114310.0
2021-09-14,1794.8,1810.6,1780.6,1807.1,197954.0
2021-09-15,1806.6,1808.5,1791.7,1794.8,139297.0
2021-09-16,1795.5,1797.3,1745.5,1756.7,255267.0
2021-09-17,1754.6,1767.8,1747.1,1751.4,183254.0
2021-09-20,1754.2,1768.4,1742.3,1763.8,152451.0
2021-09-21,1765.5,1782.8,1758.3,1778.2,141622.0
2021-09-22,1775.0,1788.4,1764.6,1778.8,172348.0
2021-09-23,1769.2,1777.1,1737.5,1749.8,225456.0
2021-09-24,1743.7,1758.0,1740.2,1751.7,151552.0
2021-09-27,1751.8,1760.9,1744.7,1752.0,137574.0
2021-09-28,1750.0,1754.3,1727.8,1737.5,215840.0
2021-09-29,1734.0,1746.0,1721.1,1722.9,177389.0
2021-09-30,1726.0,1765.0,1721.8,1757.0,246365.0
2021-10-01,1757.2,1765.2,1749.9,1758.4,151195.0
2021-10-04,1762.6,1771.5,1747.7,1767.6,166180.0
2021-10-05,1770.8,1771.1,1748.6,1760.9,151424.0
2021-10-06,1760.5,1765.9,1745.4,1761.8,159218.0
2021-10-07,1763.8,1767.7,1752.0,1759.2,146406.0
2021-10-08,1757.0,1782.4,1753.6,1757.4,240371.0
2021-10-11,1757.4,1761.1,1749.9,1755.7,114771.0
2021-10-12,1753.6,1770.0,1750.5,1759.3,168110.0
2021-10-13,1760.4,1797.4,1757.9,1794.7,299041.0
2021-10-14,1793.6,1801.9,1787.6,1797.9,164651.0
2021-10-15,1797.3,1797.7,1765.1,1768.3,202631.0
2021-10-18,1767.5,1772.5,1760.3,1765.7,152741.0
2021-10-19,1764.8,1786.0,1763.4,1770.5,166972.0
2021-10-20,1769.4,1789.6,1767.1,1784.9,174076.0
2021-10-21,1782.5,1790.3,1776.8,1781.9,138729.0
2021-10-22,1783.7,1815.5,1783.4,1796.3,312812.0
2021-10-25,1794.2,1811.5,1793.0,1806.8,153589.0
2021-10-26,1808.7,1809.8,1783.0,1793.4,197929.0
2021-10-27,1795.0,1801.0,1784.3,1798.8,182801.0
2021-10-28,1798.7,1812.7,1793.1,1802.6,220876.0
2021-10-29,1801.5,1802.9,1772.4,1783.9,254513.0
2021-11-01,1785.3,1797.5,1780.2,1795.8,143332.0
2021-11-02,1794.8,1797.8,1787.4,1789.4,145786.0
2021-11-03,1789.2,1789.3,1758.5,1763.9,257427.0
2021-11-04,1769.9,1800.3,1769.3,1793.5,222609.0
2021-11-05,1792.6,1820.1,1785.3,1816.8,299618.0
2021-11-08,1820.6,1828.3,1813.8,1828.0,200412.0
2021-11-09,1826.9,1834.8,1821.0,1830.8,224407.0
2021-11-10,1834.5,1870.6,1823.0,1848.3,352787.0
2021-11-11,1851.5,1868.7,1845.1,1863.9,205312.0
2021-11-12,1864.3,1871.4,1847.5,1868.5,201358.0
2021-11-15,1872.6,1873.0,1858.5,1866.6,221208.0
2021-11-16,1864.9,1879.5,1851.0,1854.1,220431.0
2021-11-17,1851.6,1870.6,1851.1,1870.2,172417.0
2021-11-18,1869.5,1873.3,1856.6,1861.4,186062.0
2021-11-19,1860.8,1868.1,1844.2,1851.6,234083.0
2021-11-22,1848.3,1850.4,1802.4,1806.3,352857.0
2021-11-23,1807.1,1812.5,1781.7,1783.8,311348.0
2021-11-24,1789.8,1796.2,1777.4,1784.3,203236.0
2021-11-25,1789.6,1816.3,1778.6,1785.5,186800.0
2021-11-26,1791.09998,1791.40002,1785.30005,1785.30005,186800.0
2021-11-29,1795.2,1801.5,1782.0,1785.2,151365.0
2021-11-30,1786.9,1811.4,1771.2,1776.5,242861.0
2021-12-01,1777.4,1795.7,1773.7,1784.3,180336.0
2021-12-02,1783.8,1785.2,1762.2,1762.7,172719.0
2021-12-03,1769.4,1788.0,1766.0,1783.9,175176.0
2021-12-06,1787.7,1789.0,1776.4,1779.5,104477.0
2021-12-07,1779.5,1789.3,1772.4,1784.7,129894.0
2021-12-08,1785.1,1794.3,1780.1,1785.5,109692.0
2021-12-09,1784.3,1788.4,1773.3,1776.7,123974.0
2021-12-10,1776.3,1791.0,1770.4,1784.8,141995.0
2021-12-13,1784.2,1792.8,1782.2,1788.3,106057.0
2021-12-14,1787.6,1789.8,1766.1,1772.3,153249.0
2021-12-15,1771.9,1781.3,1753.0,1764.5,161101.0
2021-12-16,1777.9,1800.7,1775.7,1798.2,167777.0
2021-12-17,1801.5,1815.7,1796.5,1804.9,156607.0
2021-12-20,1800.2,1804.6,1789.0,1794.6,105386.0
2021-12-21,1791.4,1801.7,1785.0,1788.7,134154.0
2021-12-22,1789.4,1806.3,1785.8,1802.2,110408.0
2021-12-23,1805.6,1812.0,1799.0,1811.7,104844.0
2021-12-27,1810.2,1814.6,1803.6,1808.8,84225.0
2021-12-28,1812.1,1821.6,1805.5,1810.9,100542.0
2021-12-29,1806.6,1808.0,1789.1,1805.8,138685.0
2021-12-30,1805.6,1818.1,1796.2,1814.1,113430.0
2021-12-31,1817.0,1831.4,1815.4,1828.6,106604.0
2022-01-03,1830.1,1833.0,1798.2,1800.1,168305.0
2022-01-04,1801.1,1817.2,1798.1,1814.6,167708.0
2022-01-05,1815.2,1830.7,1808.2,1825.1,173344.0
2022-01-06,1810.6,1811.6,1785.4,1789.2,238644.0
2022-01-07,1791.0,1798.4,1781.3,1797.4,238931.0
2022-01-10,1796.4,1802.0,1789.3,1798.8,173043.0
2022-01-11,1801.3,1823.1,1799.7,1818.5,184152.0
2022-01-12,1821.3,1828.2,1814.4,1827.3,192979.0
2022-01-13,1825.7,1828.3,1811.8,1821.4,215522.0
2022-01-14,1822.1,1829.3,1814.2,1816.5,174944.0
2022-01-17,1818.7,1822.9,1804.7,1812.4,362944.0
2022-01-18,1816.80005,1820.09998,1812.30005,1812.30005,900.0
2022-01-19,1812.9,1843.9,1809.0,1843.2,318489.0
2022-01-20,1840.1,1848.5,1836.2,1842.6,233862.0
2022-01-21,1840.6,1843.7,1828.4,1831.8,225249.0
2022-01-24,1835.2,1844.9,1829.3,1841.7,244325.0
2022-01-25,1843.6,1854.2,1834.4,1852.5,197804.0
2022-01-26,1848.0,1850.2,1814.1,1829.7,270028.0
2022-01-27,1819.0,1821.4,1790.6,1793.1,196036.0
2022-01-28,1799.6,1800.3,1780.6,1786.6,217149.0
2022-01-31,1792.8,1800.9,1785.8,1796.4,139421.0
2022-02-01,1798.9,1809.7,1796.2,1801.5,128880.0
2022-02-02,1800.8,1812.0,1794.6,1810.3,123021.0
2022-02-03,1807.4,1809.5,1788.5,1804.1,173722.0
2022-02-04,1805.4,1815.8,1792.1,1807.8,177709.0
2022-02-07,1808.0,1824.6,1807.5,1821.8,139808.0
2022-02-08,1821.5,1829.9,1816.0,1827.9,142408.0
2022-02-09,1827.0,1837.1,1825.5,1836.6,136722.0
2022-02-10,1834.0,1843.3,1821.8,1837.4,227458.0
2022-02-11,1827.0,1867.4,1821.1,1842.1,239093.0
2022-02-14,1862.2,1876.5,1851.9,1869.4,231016.0
2022-02-15,1873.8,1881.6,1845.4,1856.2,214880.0
2022-02-16,1855.5,1874.6,1851.8,1871.5,141486.0
2022-02-17,1872.0,1904.0,1869.7,1902.0,268547.0
2022-02-18,1901.4,1905.0,1888.0,1899.8,161745.0
2022-02-21,1903.5,1918.3,1889.7,1907.4,334589.0
2022-02-22,1908.09998,1912.0,1890.80005,1906.09998,173.0
2022-02-23,1901.2,1912.9,1891.1,1910.4,154843.0
2022-02-24,1911.9,1976.5,1878.6,1926.3,423048.0
2022-02-25,1906.5,1925.0,1884.4,1887.6,229780.0
2022-02-28,1921.0,1935.2,1892.2,1900.7,249273.0
2022-03-01,1908.4,1952.6,1903.0,1943.8,223998.0
2022-03-02,1945.3,1951.4,1916.0,1922.3,227975.0
2022-03-03,1931.7,1944.6,1923.1,1935.9,180207.0
2022-03-04,1938.5,1974.9,1931.5,1966.6,241533.0
2022-03-07,1978.5,2007.5,1964.2,1995.9,372185.0
2022-03-08,2001.0,2078.8,1985.8,2043.3,447651.0
2022-03-09,2060.2,2068.5,1981.0,1988.2,360345.0
2022-03-10,1992.8,2015.1,1975.0,2000.4,303267.0
2022-03-11,2000.3,2004.0,1960.6,1985.0,262088.0
2022-03-14,1988.7,1994.8,1952.0,1960.8,162203.0
2022-03-15,1953.7,1956.9,1908.1,1929.7,220374.0
2022-03-16,1920.1,1930.1,1895.2,1909.2,195460.0
2022-03-17,1928.4,1951.0,1924.0,1943.2,149829.0
2022-03-18,1943.9,1946.2,1918.0,1929.3,150882.0
2022-03-21,1922.4,1941.8,1917.2,1929.5,146411.0
2022-03-22,1936.1,1939.5,1909.8,1921.5,153282.0
2022-03-23,1920.9,1948.8,1915.6,1937.3,153306.0
2022-03-24,1944.1,1967.2,1937.4,1962.2,181204.0
2022-03-25,1957.8,1965.1,1942.6,1954.2,147904.0
2022-03-28,1958.7,1959.8,1915.7,1939.8,181367.0
2022-03-29,1922.4,1929.4,1888.3,1912.2,128051.0
2022-03-30,1924.0,1943.4,1920.1,1939.0,136041.0
2022-03-31,1937.3,1955.0,1923.0,1954.0,155299.0
2022-04-01,1942.4,1944.5,1921.4,1923.7,135154.0
2022-04-04,1927.1,1941.6,1918.2,1934.0,108435.0
2022-04-05,1937.3,1948.9,1920.9,1927.5,147256.0
2022-04-06,1927.6,1937.6,1916.2,1923.1,153971.0
2022-04-07,1928.1,1941.7,1923.3,1937.8,122809.0
2022-04-08,1934.3,1952.2,1930.4,1945.6,142498.0
2022-04-11,1949.6,1974.6,1942.9,1948.2,184385.0
2022-04-12,1957.4,1982.7,1953.0,1976.1,172386.0
2022-04-13,1970.5,1985.8,1966.3,1984.7,132029.0
2022-04-14,1981.6,1984.0,1962.7,1974.9,139424.0
2022-04-18,1978.5,2003.0,1974.4,1986.4,138130.0
2022-04-19,1981.2,1985.1,1945.5,1959.0,181440.0
2022-04-20,1952.7,1960.9,1941.0,1955.6,139507.0
2022-04-21,1960.0,1960.1,1938.0,1948.2,154919.0
2022-04-22,1953.1,1957.8,1928.0,1934.3,176681.0
2022-04-25,1931.9,1935.5,1891.8,1896.0,231494.0
2022-04-26,1899.8,1912.2,1896.3,1904.1,166199.0
2022-04-27,1907.4,1908.1,1881.6,1888.7,178197.0
2022-04-28,1886.8,1897.8,1870.9,1891.3,170910.0
2022-04-29,1895.8,1921.3,1893.5,1911.7,177136.0
2022-05-02,1896.2,1900.4,1853.4,1863.6,193825.0
2022-05-03,1863.6,1878.4,1849.7,1870.6,167434.0
2022-05-04,1868.3,1892.0,1861.1,1868.8,161479.0
2022-05-05,1884.1,1910.7,1872.3,1875.7,218392.0
2022-05-06,1877.5,1894.0,1865.0,1882.8,194279.0
2022-05-09,1883.7,1885.6,1851.0,1858.6,218821.0
2022-05-10,1853.9,1864.7,1834.5,1841.0,260811.0
2022-05-11,1836.6,1857.8,1830.6,1853.7,243561.0
2022-05-12,1852.3,1858.8,1820.1,1824.6,255608.0
2022-05-13,1821.4,1827.6,1797.2,1808.2,179483.0
2022-05-16,1809.4,1826.0,1785.0,1814.0,159493.0
2022-05-17,1823.9,1834.8,1811.0,1818.9,137288.0
2022-05-18,1813.2,1822.9,1805.0,1815.9,150353.0
2022-05-19,1815.1,1848.2,1808.4,1841.2,175242.0
2022-05-20,1839.6,1847.8,1830.6,1842.1,143045.0
2022-05-23,1844.4,1864.3,1843.3,1847.8,163266.0
2022-05-24,1852.3,1869.1,1847.6,1865.4,174762.0
2022-05-25,1865.4,1866.7,1838.7,1846.3,182823.0
2022-05-26,1851.8,1852.8,1836.3,1847.6,123355.0
2022-05-27,1855.1,1866.9,1851.9,1857.3,123764.0
2022-05-30,1856.5,1867.9,1837.6,1848.4,201803.0
2022-05-31,1850.30005,1862.09998,1832.80005,1842.69995,4073.0
2022-06-01,1840.0,1853.0,1830.2,1848.7,158036.0
2022-06-02,1849.9,1874.4,1846.5,1871.4,127471.0
2022-06-03,1872.6,1878.6,1849.7,1850.2,115343.0
2022-06-06,1853.7,1861.2,1843.0,1843.7,103179.0
2022-06-07,1843.5,1858.2,1838.5,1852.1,119211.0
2022-06-08,1855.0,1862.4,1846.6,1856.5,114141.0
2022-06-09,1855.1,1857.8,1841.9,1852.8,131293.0
2022-06-10,1850.4,1879.6,1826.5,1875.5,267204.0
2022-06-13,1879.0,1882.5,1819.0,1831.8,252543.0
2022-06-14,1820.9,1833.3,1806.1,1813.5,165146.0
2022-06-15,1809.7,1845.4,1808.4,1819.6,203421.0
2022-06-16,1835.8,1860.2,1816.3,1849.9,180893.0
2022-06-17,1859.3,1861.5,1836.1,1840.6,141718.0
2022-06-20,1840.6,1848.4,1830.7,1838.8,176299.0
2022-06-21,1835.30005,1838.59998,1830.09998,1834.59998,216.0
2022-06-22,1834.9,1850.3,1824.5,1838.4,149553.0
2022-06-23,1839.7,1848.9,1823.5,1829.8,167071.0
2022-06-24,1824.2,1833.7,1817.7,1830.3,139723.0
2022-06-27,1839.6,1842.8,1821.8,1824.8,143820.0
2022-06-28,1823.6,1830.9,1819.1,1821.2,111397.0
2022-06-29,1821.4,1834.9,1810.7,1817.5,155542.0
2022-06-30,1819.2,1826.8,1802.5,1807.3,208898.0
2022-07-01,1808.1,1813.6,1783.4,1801.5,249489.0
2022-07-04,1814.4,1815.2,1763.0,1763.9,310369.0
2022-07-05,1805.40002,1805.40002,1761.80005,1761.80005,64.0
2022-07-06,1764.2,1771.5,1730.7,1736.5,258824.0
2022-07-07,1737.2,1748.2,1734.7,1739.7,151256.0
2022-07-08,1738.7,1751.7,1726.0,1742.3,189178.0
2022-07-11,1741.5,1743.0,1729.0,1731.7,171902.0
2022-07-12,1731.3,1742.2,1721.6,1724.8,255170.0
2022-07-13,1723.6,1744.3,1704.5,1735.5,300550.0
2022-07-14,1733.6,1734.8,1695.0,1705.8,266354.0
2022-07-15,1708.2,1714.2,1696.6,1703.6,176797.0
2022-07-18,1706.4,1722.0,1704.4,1710.2,157535.0
2022-07-19,1707.2,1716.5,1702.6,1710.7,131771.0
2022-07-20,1709.5,1712.7,1690.1,1700.2,174466.0
2022-07-21,1693.7,1719.5,1678.4,1713.4,248875.0
2022-07-22,1717.2,1738.3,1711.7,1727.4,200622.0
2022-07-25,1726.3,1734.6,1712.9,1719.1,160719.0
2022-07-26,1717.9,1726.4,1711.5,1717.7,147367.0
2022-07-27,1715.2,1739.6,1709.1,1719.1,144865.0
2022-07-28,1751.4,1774.4,1750.4,1769.2,192863.0
2022-07-29,1773.1,1784.6,1768.4,1781.8,140666.0
2022-08-01,1782.5,1792.5,1774.3,1787.7,133742.0
2022-08-02,1789.2,1805.0,1776.0,1789.7,174165.0
2022-08-03,1777.3,1789.4,1770.0,1776.4,151734.0
2022-08-04,1782.1,1812.0,1779.4,1806.9,153292.0
2022-08-05,1807.7,1811.6,1780.2,1791.2,168901.0
2022-08-08,1790.3,1806.4,1786.9,1805.2,103683.0
2022-08-09,1805.5,1817.0,1799.4,1812.3,120510.0
2022-08-10,1811.5,1824.6,1803.3,1813.7,154592.0
2022-08-11,1807.9,1814.9,1798.6,1807.2,121259.0
2022-08-12,1805.2,1819.1,1799.6,1815.5,118649.0
2022-08-15,1818.9,1818.9,1787.6,1798.1,137765.0
2022-08-16,1795.5,1798.0,1785.4,1789.7,94403.0
2022-08-17,1790.8,1796.6,1773.9,1776.7,137832.0
2022-08-18,1777.1,1786.3,1768.8,1771.2,124319.0
2022-08-19,1773.1,1773.3,1759.1,1762.9,138699.0
2022-08-22,1760.6,1762.1,1740.2,1748.4,142857.0
2022-08-23,1750.0,1767.5,1743.1,1761.2,145260.0
2022-08-24,1761.3,1769.5,1754.8,1761.5,112645.0
2022-08-25,1764.4,1778.8,1763.0,1771.4,117570.0
2022-08-26,1771.8,1772.3,1746.2,1749.8,176904.0
2022-08-29,1748.4,1757.9,1731.4,1749.7,156220.0
2022-08-30,1749.8,1752.8,1732.9,1736.3,130664.0
2022-08-31,1735.5,1738.0,1720.6,1726.2,176731.0
2022-09-01,1723.0,1723.0,1699.1,1709.3,198618.0
2022-09-02,1707.8,1729.5,1705.9,1722.6,174684.0
2022-09-05,1724.2,1737.4,1710.6,1712.9,206268.0
2022-09-06,1709.69995,1717.40002,1699.69995,1700.40002,697.0
2022-09-07,1712.9,1731.2,1701.7,1727.8,173624.0
2022-09-08,1729.5,1739.4,1713.7,1720.2,184176.0
2022-09-09,1719.6,1740.5,1719.4,1728.6,154706.0
2022-09-12,1728.4,1746.4,1722.3,1740.6,154374.0
2022-09-13,1736.0,1742.9,1706.7,1717.4,232696.0
2022-09-14,1711.6,1717.3,1703.3,1709.1,163288.0
2022-09-15,1707.2,1707.8,1668.9,1677.3,268094.0
2022-09-16,1673.7,1689.9,1661.9,1683.5,217226.0
2022-09-19,1685.4,1688.8,1667.6,1678.2,141171.0
2022-09-20,1684.9,1688.8,1668.1,1671.1,143933.0
2022-09-21,1673.2,1696.9,1661.3,1675.7,227938.0
2022-09-22,1682.8,1693.5,1663.3,1681.1,241279.0
2022-09-23,1680.1,1685.0,1646.6,1655.6,243045.0
2022-09-26,1651.0,1657.2,1627.7,1633.4,219861.0
2022-09-27,1629.2,1650.1,1628.7,1636.2,197058.0
2022-09-28,1636.5,1671.6,1622.2,1670.0,279817.0
2022-09-29,1669.0,1673.1,1649.3,1668.6,201961.0
2022-09-30,1669.5,1684.4,1667.5,1672.0,179989.0
2022-10-03,1670.5,1710.4,1666.5,1702.0,215493.0
2022-10-04,1708.4,1738.7,1704.0,1730.5,205084.0
2022-10-05,1734.4,1736.6,1708.8,1720.8,173222.0
2022-10-06,1725.5,1734.2,1714.8,1720.8,139443.0
2022-10-07,1721.0,1722.8,1698.4,1709.3,157445.0
2022-10-10,1703.4,1707.4,1672.5,1675.2,157149.0
2022-10-11,1675.6,1691.3,1667.5,1686.0,171814.0
2022-10-12,1673.4,1685.1,1668.0,1677.5,131769.0
2022-10-13,1680.2,1688.9,1648.3,1677.0,237007.0
2022-10-14,1672.8,1677.8,1645.6,1648.9,183170.0
2022-10-17,1649.9,1674.3,1649.1,1664.0,148889.0
2022-10-18,1655.9,1666.0,1650.6,1655.8,163168.0
2022-10-19,1657.2,1659.8,1632.2,1634.2,179246.0
2022-10-20,1634.6,1650.3,1626.3,1636.8,163734.0
2022-10-21,1632.4,1663.1,1621.1,1656.3,271095.0
2022-10-24,1662.9,1675.5,1648.0,1654.1,171022.0
2022-10-25,1654.5,1666.8,1641.2,1658.0,182795.0
2022-10-26,1657.7,1679.4,1653.8,1669.2,186926.0
2022-10-27,1668.8,1674.8,1658.5,1665.6,189287.0
2022-10-28,1667.2,1670.9,1640.7,1644.8,196363.0
2022-10-31,1647.2,1648.5,1634.5,1640.7,128413.0
2022-11-01,1636.1,1660.3,1633.6,1649.7,197976.0
2022-11-02,1651.4,1673.1,1637.4,1650.0,220926.0
2022-11-03,1639.1,1643.2,1618.3,1630.9,254699.0
2022-11-04,1631.7,1686.4,1631.1,1676.6,293521.0
2022-11-07,1678.6,1685.6,1670.0,1680.5,187589.0
2022-11-08,1678.0,1720.4,1667.1,1716.0,297618.0
2022-11-09,1715.2,1725.8,1705.1,1713.7,239645.0
2022-11-10,1709.7,1760.6,1705.5,1753.7,305717.0
2022-11-11,1758.3,1775.6,1750.3,1769.4,227044.0
2022-11-14,1769.4,1778.4,1755.8,1776.9,191347.0
2022-11-15,1774.0,1791.8,1770.2,1776.8,283019.0
2022-11-16,1782.0,1788.2,1773.4,1775.8,200755.0
2022-11-17,1777.0,1777.6,1756.6,1763.0,169097.0
2022-11-18,1763.1,1769.9,1749.2,1754.4,137327.0
2022-11-21,1752.0,1755.0,1733.9,1739.6,166082.0
2022-11-22,1739.7,1751.0,1737.6,1739.9,153092.0
2022-11-23,1740.8,1754.9,1719.0,1745.6,167770.0
2022-11-24,1751.0,1761.2,1745.9,1754.0,134299.0
2022-11-25,1753.0,1757.90002,1749.19995,1753.30005,216.0
2022-11-28,1755.0,1763.5,1738.2,1740.3,132767.0
2022-11-29,1754.6,1773.4,1752.9,1763.7,127320.0
2022-11-30,1763.4,1784.2,1758.2,1759.9,192239.0
2022-12-01,1783.1,1818.4,1782.9,1815.2,226148.0
2022-12-02,1817.0,1818.7,1791.8,1809.6,183724.0
2022-12-05,1810.5,1822.9,1778.1,1781.3,179818.0
2022-12-06,1780.8,1793.2,1779.1,1782.4,127856.0
2022-12-07,1783.3,1803.2,1780.5,1798.0,155568.0
2022-12-08,1799.5,1806.9,1793.2,1801.5,116274.0
2022-12-09,1801.9,1819.0,1800.1,1810.7,150938.0
2022-12-12,1808.0,1809.3,1789.0,1792.3,107782.0
2022-12-13,1792.3,1836.9,1791.8,1825.5,230911.0
2022-12-14,1822.6,1825.4,1806.2,1818.7,143804.0
2022-12-15,1818.7,1819.7,1782.0,1787.8,185317.0
2022-12-16,1786.9,1804.2,1783.9,1800.2,128751.0
2022-12-19,1801.6,1808.6,1793.2,1797.7,86090.0
2022-12-20,1796.8,1832.4,1793.7,1825.4,197496.0
2022-12-21,1827.9,1833.8,1821.3,1825.4,110177.0
2022-12-22,1823.8,1829.3,1792.7,1795.3,175774.0
2022-12-23,1801.0,1812.2,1798.9,1804.2,105457.0
2022-12-27,1808.2,1841.9,1808.0,1823.1,159616.0
2022-12-28,1822.4,1822.8,1804.2,1815.8,118076.0
2022-12-29,1812.3,1827.3,1811.2,1826.0,105992.0
2022-12-30,1821.8,1832.4,1819.8,1826.2,107496.0
2023-01-03,1831.8,1856.6,1831.3,1846.1,212272.0
2023-01-04,1845.2,1871.3,1842.0,1859.0,198354.0
2023-01-05,1861.2,1864.3,1829.9,1840.6,188603.0
2023-01-06,1835.9,1875.2,1835.2,1869.7,215367.0
2023-01-09,1872.8,1886.4,1869.3,1877.8,204550.0
2023-01-10,1875.7,1885.2,1872.0,1876.5,170514.0
2023-01-11,1881.3,1890.9,1870.9,1878.9,222250.0
2023-01-12,1879.7,1906.5,1872.4,1898.8,265174.0
2023-01-13,1898.8,1925.3,1895.1,1921.7,247878.0
2023-01-16,1923.8,1931.8,1906.2,1909.9,268368.0
2023-01-17,1920.09998,1920.09998,1905.19995,1907.19995,706.0
2023-01-18,1911.1,1929.8,1898.6,1907.0,218967.0
2023-01-19,1907.0,1936.9,1902.0,1923.9,214246.0
2023-01-20,1933.7,1939.0,1922.0,1928.2,165272.0
2023-01-23,1928.4,1936.7,1912.5,1928.6,190094.0
2023-01-24,1932.0,1943.8,1918.2,1935.4,201713.0
2023-01-25,1938.7,1949.5,1920.6,1942.6,190302.0
2023-01-26,1948.0,1949.8,1918.4,1930.0,223255.0
2023-01-27,1929.3,1935.4,1916.5,1929.4,150902.0
2023-01-30,1944.0,1950.1,1936.2,1939.2,138071.0
2023-01-31,1938.6,1946.9,1915.5,1945.3,194077.0
2023-02-01,1944.0,1970.8,1936.1,1942.8,210613.0
2023-02-02,1967.1,1975.2,1925.6,1930.8,259844.0
2023-02-03,1926.3,1932.4,1874.5,1876.6,310612.0
2023-02-06,1878.0,1894.0,1873.2,1879.5,164540.0
2023-02-07,1880.3,1897.2,1877.5,1884.8,179673.0
2023-02-08,1885.1,1898.9,1881.4,1890.7,131904.0
2023-02-09,1888.3,1902.3,1870.2,1878.5,183551.0
2023-02-10,1873.5,1883.5,1863.5,1874.5,155270.0
2023-02-13,1876.7,1877.2,1860.8,1863.5,131217.0
2023-02-14,1864.1,1881.6,1852.5,1865.4,217012.0
2023-02-15,1865.1,1870.9,1839.3,1845.3,169531.0
2023-02-16,1846.5,1854.9,1836.6,1851.8,168509.0
2023-02-17,1845.7,1853.1,1827.7,1850.2,165081.0
2023-02-20,1850.5,1856.4,1839.0,1842.5,210165.0
2023-02-21,1842.59998,1843.0,1833.0,1833.0,862.0
2023-02-22,1843.7,1855.0,1831.9,1841.5,141500.0
2023-02-23,1834.7,1841.2,1824.8,1826.8,179972.0
2023-02-24,1829.7,1835.1,1815.5,1817.1,169473.0
2023-02-27,1818.0,1827.3,1812.0,1824.9,130427.0
2023-02-28,1823.9,1838.6,1810.8,1836.7,184507.0
2023-03-01,1834.0,1852.5,1829.6,1845.4,182583.0
2023-03-02,1843.8,1845.3,1835.9,1840.5,139755.0
2023-03-03,1842.1,1864.4,1842.0,1854.6,158961.0
2023-03-06,1861.0,1864.3,1850.6,1854.6,136224.0
2023-03-07,1852.6,1856.9,1817.1,1820.0,248226.0
2023-03-08,1818.0,1828.7,1813.4,1818.6,208292.0
2023-03-09,1818.0,1839.4,1815.4,1834.6,228473.0
2023-03-10,1835.1,1874.3,1830.0,1867.2,345814.0
2023-03-13,1877.1,1919.5,1875.7,1916.5,452332.0
2023-03-14,1919.4,1919.4,1899.8,1910.9,261275.0
2023-03-15,1908.2,1942.5,1889.5,1931.3,385454.0
2023-03-16,1922.8,1938.0,1911.5,1923.0,248084.0
2023-03-17,1925.9,1993.7,1922.3,1973.5,351092.0
2023-03-20,1989.7,2014.9,1970.0,1982.8,338016.0
2023-03-21,1983.1,1988.7,1938.6,1941.1,248934.0
2023-03-22,1943.5,1982.3,1936.5,1949.6,245031.0
2023-03-23,1974.0,2006.1,1967.3,1995.9,262247.0
2023-03-24,1996.1,2006.5,1977.7,1983.8,285442.0
2023-03-27,1982.6,1984.0,1945.0,1953.8,206630.0
2023-03-28,1957.8,1977.1,1949.9,1973.5,183582.0
2023-03-29,1975.4,1976.0,1959.5,1966.9,88563.0
2023-03-30,1982.7,2002.4,1971.6,1997.7,171701.0
2023-03-31,1998.0,2005.5,1984.2,1986.2,162212.0
2023-04-03,1990.0,2008.0,1965.9,2000.4,187986.0
2023-04-04,2001.3,2043.4,1994.0,2038.2,233301.0
2023-04-05,2038.2,2049.2,2026.1,2035.6,197371.0
2023-04-06,2037.1,2037.7,2016.5,2026.4,149129.0
2023-04-10,2008.6,2021.5,1996.5,2003.8,136231.0
2023-04-11,2007.0,2022.5,2003.7,2019.0,126376.0
2023-04-12,2019.1,2043.9,2015.7,2024.9,228494.0
2023-04-13,2029.5,2063.4,2028.3,2055.3,198461.0
2023-04-14,2054.7,2061.6,2006.0,2015.8,262825.0
2023-04-17,2014.1,2028.0,1993.4,2007.0,183425.0
2023-04-18,2007.9,2024.6,2003.3,2019.7,164975.0
2023-04-19,2017.9,2020.3,1980.9,2007.3,218808.0
2023-04-20,2007.7,2024.2,2002.2,2019.1,162840.0
2023-04-21,2016.1,2016.8,1982.3,1990.5,210502.0
2023-04-24,1992.0,2001.5,1984.4,1999.8,139878.0
2023-04-25,1999.4,2014.5,1986.2,2004.5,222551.0
2023-04-26,2007.7,2020.2,1993.7,1996.0,241399.0
2023-04-27,1999.8,2013.3,1982.0,1999.0,203898.0
2023-04-28,1997.2,2004.1,1984.4,1999.1,172445.0
2023-05-01,2000.2,2015.4,1985.7,1992.2,173016.0
2023-05-02,1990.5,2028.8,1986.9,2023.3,245637.0
2023-05-03,2026.4,2050.0,2016.0,2037.0,229674.0
2023-05-04,2054.7,2085.4,2038.5,2055.7,311003.0
2023-05-05,2058.0,2061.3,2007.0,2024.8,283299.0
2023-05-08,2024.6,2037.1,2022.0,2033.2,182213.0
2023-05-09,2028.4,2045.1,2026.4,2042.9,199701.0
2023-05-10,2041.6,2056.0,2028.3,2037.1,260807.0
2023-05-11,2036.8,2047.6,2016.7,2020.5,296976.0
2023-05-12,2020.5,2027.8,2005.7,2019.8,220500.0
2023-05-15,2013.4,2027.5,2011.2,2022.7,163251.0
2023-05-16,2021.3,2022.7,1989.1,1993.0,229938.0
2023-05-17,1993.0,1997.0,1978.1,1984.9,206552.0
2023-05-18,1985.6,1988.8,1954.4,1959.8,227733.0
2023-05-19,1960.5,1987.4,1956.3,1981.6,234604.0
2023-05-22,1979.4,1984.8,1970.7,1977.2,165768.0
2023-05-23,1973.9,1980.0,1955.8,1974.5,214358.0
2023-05-24,1977.3,1987.9,1958.4,1964.6,229885.0
2023-05-25,1959.5,1965.4,1939.0,1943.7,253875.0
2023-05-26,1941.7,1957.1,1936.0,1944.3,166036.0
2023-05-29,1961.3,1981.9,1949.6,1977.1,264373.0
2023-05-30,1942.69995,1962.59998,1931.0,1958.0,37838.0
2023-05-31,1977.5,1993.1,1971.8,1982.1,207753.0
2023-06-01,1981.3,2000.7,1970.1,1995.5,176911.0
2023-06-02,1994.6,2000.5,1963.7,1969.6,209694.0
2023-06-05,1962.3,1980.4,1953.8,1974.3,179985.0
2023-06-06,1978.0,1982.9,1970.3,1981.5,135995.0
2023-06-07,1980.0,1986.5,1955.4,1958.4,189529.0
2023-06-08,1956.2,1985.7,1955.2,1978.6,191843.0
2023-06-09,1980.5,1987.8,1971.0,1977.2,130408.0
2023-06-12,1975.6,1981.4,1963.1,1969.7,122542.0
2023-06-13,1971.4,1985.9,1953.0,1958.6,198397.0
2023-06-14,1957.2,1973.9,1952.5,1968.9,199710.0
2023-06-15,1955.7,1972.8,1936.1,1970.7,266353.0
2023-06-16,1970.3,1980.4,1965.4,1971.2,160514.0
2023-06-19,1970.7,1971.8,1940.8,1947.7,250140.0
2023-06-20,1958.59998,1958.59998,1931.30005,1935.5,193.0
2023-06-21,1948.0,1950.4,1929.3,1944.9,182021.0
2023-06-22,1943.3,1945.1,1922.0,1923.7,171779.0
2023-06-23,1923.5,1949.0,1919.5,1929.6,186861.0
2023-06-26,1936.3,1943.4,1931.1,1933.8,147769.0
2023-06-27,1932.7,1940.3,1919.8,1923.8,180436.0
2023-06-28,1923.1,1926.1,1911.4,1922.2,162493.0
2023-06-29,1916.5,1921.3,1900.6,1917.9,205252.0
2023-06-30,1916.4,1930.8,1908.1,1929.4,180688.0
2023-07-03,1927.8,1939.9,1917.7,1929.5,152959.0
2023-07-04,1929.1,1942.9,1922.1,1927.1,245932.0
2023-07-05,1923.5,1933.90002,1914.69995,1919.59998,193.0
2023-07-06,1922.4,1934.0,1908.5,1915.4,231513.0
2023-07-07,1916.6,1941.1,1915.4,1932.5,214272.0
2023-07-10,1930.7,1933.7,1918.0,1931.0,208085.0
2023-07-11,1930.8,1944.5,1929.8,1937.1,189372.0
2023-07-12,1938.0,1965.1,1937.5,1961.7,270869.0
2023-07-13,1962.7,1968.5,1956.6,1963.8,241215.0
2023-07-14,1965.2,1967.8,1954.7,1964.4,209306.0
2023-07-17,1958.6,1963.6,1949.0,1956.4,165833.0
2023-07-18,1958.3,1988.3,1958.1,1980.8,264086.0
2023-07-19,1982.5,1984.6,1973.3,1980.8,159409.0
2023-07-20,1980.0,1989.8,1967.7,1970.9,189926.0
2023-07-21,1972.1,1975.9,1958.8,1966.6,156540.0
2023-07-24,1963.6,1969.8,1955.3,1962.2,197213.0
2023-07-25,1957.0,1967.1,1951.6,1963.7,188848.0
2023-07-26,1966.3,1979.9,1963.2,1970.1,208106.0
2023-07-27,1973.3,1982.6,1941.7,1945.7,194253.0
2023-07-28,1985.3,2002.0,1983.9,1999.9,159597.0
2023-07-31,1997.9,2010.9,1986.7,2009.2,139955.0
2023-08-01,2004.2,2004.4,1978.3,1978.8,167756.0
2023-08-02,1988.9,1992.2,1969.1,1975.0,169658.0
2023-08-03,1970.8,1974.5,1964.5,1968.8,141345.0
2023-08-04,1969.6,1984.2,1954.5,1976.1,156416.0
2023-08-07,1977.6,1981.7,1966.1,1970.0,104407.0
2023-08-08,1971.5,1972.8,1956.5,1959.9,142336.0
2023-08-09,1959.3,1966.1,1947.2,1950.6,139259.0
2023-08-10,1947.7,1963.5,1944.4,1948.9,168264.0
2023-08-11,1944.9,1953.6,1942.7,1946.6,122320.0
2023-08-14,1945.6,1948.2,1934.2,1944.0,120983.0
2023-08-15,1939.4,1944.3,1927.5,1935.2,167153.0
2023-08-16,1933.1,1938.2,1922.0,1928.3,128612.0
2023-08-17,1922.4,1933.5,1914.2,1915.2,152329.0
2023-08-18,1919.2,1926.0,1915.9,1916.5,114737.0
2023-08-21,1918.4,1927.9,1913.6,1923.0,138109.0
2023-08-22,1924.0,1933.2,1917.5,1926.0,131088.0
2023-08-23,1926.8,1949.7,1926.2,1948.1,170040.0
2023-08-24,1944.9,1951.3,1939.2,1947.1,137393.0
2023-08-25,1944.9,1950.4,1931.0,1939.9,166988.0
2023-08-28,1944.0,1954.2,1940.1,1946.8,115553.0
2023-08-29,1948.1,1966.5,1941.7,1965.1,174220.0
2023-08-30,1966.0,1977.1,1962.8,1973.0,142380.0
2023-08-31,1970.2,1974.9,1965.5,1965.9,133712.0
2023-09-01,1966.4,1980.2,1960.7,1967.1,160725.0
2023-09-04,1966.7,1972.6,1950.6,1952.6,192789.0
2023-09-05,1934.40002,1934.40002,1924.69995,1926.19995,113.0
2023-09-06,1951.5,1954.5,1940.0,1944.2,148775.0
2023-09-07,1942.2,1947.9,1940.3,1942.5,117168.0
2023-09-08,1943.8,1954.0,1940.8,1942.7,138694.0
2023-09-11,1943.3,1954.6,1939.5,1947.2,131076.0
2023-09-12,1945.6,1947.5,1929.9,1935.1,161993.0
2023-09-13,1935.2,1938.4,1927.2,1932.5,161003.0
2023-09-14,1930.7,1934.5,1921.7,1932.8,201744.0
2023-09-15,1932.5,1952.4,1931.2,1946.2,199773.0
2023-09-18,1945.7,1955.7,1943.8,1953.4,138031.0
2023-09-19,1955.3,1958.9,1950.9,1953.7,131097.0
2023-09-20,1953.0,1968.9,1948.6,1967.1,220980.0
2023-09-21,1952.0,1952.2,1933.1,1939.6,225908.0
2023-09-22,1939.6,1949.1,1939.6,1945.6,139926.0
2023-09-25,1944.7,1946.8,1933.8,1936.6,164259.0
2023-09-26,1935.1,1935.5,1917.2,1919.8,212263.0
2023-09-27,1918.8,1921.7,1890.3,1890.9,238525.0
2023-09-28,1893.3,1896.8,1874.5,1878.6,231419.0
2023-09-29,1882.3,1896.7,1862.3,1866.1,245131.0
2023-10-02,1864.4,1864.7,1842.7,1847.2,202147.0
2023-10-03,1844.9,1849.3,1830.9,1841.5,216784.0
2023-10-04,1838.7,1846.8,1831.6,1834.8,195048.0
2023-10-05,1837.6,1843.5,1826.2,1831.8,172464.0
2023-10-06,1834.3,1849.0,1823.5,1845.2,231024.0
2023-10-09,1861.0,1877.3,1857.5,1864.3,187802.0
2023-10-10,1875.4,1879.1,1866.1,1875.3,157340.0
2023-10-11,1873.7,1890.9,1871.7,1887.3,169964.0
2023-10-12,1888.1,1898.3,1880.6,1883.0,163475.0
2023-10-13,1881.7,1946.2,1881.5,1941.5,312994.0
2023-10-16,1941.3,1943.0,1921.2,1934.3,182823.0
2023-10-17,1933.3,1944.5,1924.6,1935.7,165063.0
2023-10-18,1936.7,1975.8,1935.9,1968.3,270045.0
2023-10-19,1960.1,1990.2,1957.0,1980.5,264821.0
2023-10-20,1988.0,2009.2,1983.7,1994.4,289109.0
2023-10-23,1987.7,1994.3,1971.0,1987.8,212290.0
2023-10-24,1984.1,1992.0,1964.6,1986.1,200943.0
2023-10-25,1982.7,1998.6,1973.6,1994.9,240655.0
2023-10-26,1991.2,2003.7,1981.6,1997.4,214053.0
2023-10-27,1995.0,2019.7,1986.4,1998.5,213757.0
2023-10-30,2013.5,2016.8,1999.7,2005.6,181339.0
2023-10-31,2005.6,2017.7,1987.4,1994.3,214776.0
2023-11-01,1993.3,2005.9,1978.2,1987.5,197629.0
2023-11-02,1992.0,1999.2,1986.3,1993.5,158650.0
2023-11-03,1993.5,2011.9,1989.3,1999.2,222189.0
2023-11-06,1999.4,2000.1,1984.2,1988.6,146279.0
2023-11-07,1984.8,1985.2,1962.8,1973.5,218948.0
2023-11-08,1975.3,1977.5,1953.2,1957.8,189359.0
2023-11-09,1955.5,1971.5,1948.3,1969.8,214077.0
2023-11-10,1964.1,1965.6,1936.9,1937.7,229637.0
2023-11-13,1943.4,1953.5,1935.6,1950.2,183702.0
2023-11-14,1950.3,1975.3,1938.8,1966.5,180741.0
2023-11-15,1966.9,1979.2,1958.8,1964.3,142924.0
2023-11-16,1963.0,1991.1,1959.0,1987.3,186810.0
2023-11-17,1984.2,1996.4,1981.1,1984.7,133120.0
2023-11-20,1980.9,1987.8,1967.2,1980.3,177887.0
2023-11-21,1980.0,2009.8,1979.9,2001.6,230024.0
2023-11-22,2000.3,2008.3,1988.6,1992.8,199370.0
2023-11-23,1991.2,2004.5,1990.9,2003.0,214880.0
2023-11-24,1991.90002,2002.19995,1991.5,2002.19995,63.0
2023-11-27,2002.5,2018.9,2001.4,2012.4,251250.0
2023-11-28,2014.3,2044.1,2011.5,2040.0,174665.0
2023-11-29,2062.0,2072.7,2055.9,2067.1,197789.0
2023-11-30,2065.4,2067.4,2051.2,2057.2,151918.0
2023-12-01,2056.5,2095.7,2052.6,2089.7,241615.0
2023-12-04,2094.4,2152.3,2038.4,2042.2,378224.0
2023-12-05,2049.0,2059.6,2027.6,2036.3,209549.0
2023-12-06,2037.8,2053.4,2035.3,2047.9,154219.0
2023-12-07,2043.4,2057.2,2036.6,2046.4,173977.0
2023-12-08,2045.7,2050.4,2010.6,2014.5,237289.0
2023-12-11,2020.0,2023.7,1991.2,1993.7,160072.0
2023-12-12,1997.8,2012.5,1992.3,1993.2,148532.0
2023-12-13,1995.1,2043.3,1987.9,1997.3,192679.0
2023-12-14,2043.2,2062.9,2039.1,2044.9,231095.0
2023-12-15,2051.3,2059.6,2029.2,2035.7,172147.0
2023-12-18,2033.3,2048.0,2029.5,2040.5,141406.0
2023-12-19,2041.1,2061.0,2034.8,2052.1,134781.0
2023-12-20,2053.8,2056.9,2040.6,2047.7,122567.0
2023-12-21,2044.4,2058.0,2043.3,2051.3,119952.0
2023-12-22,2061.2,2083.0,2058.2,2069.1,170150.0
2023-12-26,2066.0,2080.5,2065.1,2069.8,79573.0
2023-12-27,2079.3,2095.8,2072.8,2093.1,128179.0
2023-12-28,2089.5,2098.2,2074.6,2083.5,129544.0
2023-12-29,2076.1,2084.1,2067.6,2071.8,105724.0
2024-01-02,2072.7,2088.1,2064.3,2073.4,157555.0
2024-01-03,2067.9,2074.3,2038.3,2042.8,221680.0
2024-01-04,2049.3,2058.1,2043.3,2050.0,130263.0
2024-01-05,2051.4,2071.1,2030.8,2049.8,214684.0
2024-01-08,2052.6,2053.3,2022.7,2033.5,220988.0
2024-01-09,2034.5,2048.6,2031.9,2033.0,218745.0
2024-01-10,2036.0,2046.2,2025.9,2027.8,205007.0
2024-01-11,2029.4,2056.1,2017.3,2019.2,301337.0
2024-01-12,2033.2,2067.3,2033.1,2051.6,272352.0
2024-01-15,2053.4,2062.8,2027.6,2030.2,285254.0
2024-01-16,2051.69995,2054.80005,2026.0,2026.0,46.0
2024-01-17,2031.7,2036.1,2004.6,2006.5,254292.0
2024-01-18,2009.1,2025.6,2007.7,2021.6,171928.0
2024-01-19,2027.4,2041.9,2022.2,2029.3,172805.0
2024-01-22,2031.8,2034.1,2017.4,2022.2,152756.0
2024-01-23,2023.2,2039.3,2020.8,2025.8,156699.0
2024-01-24,2030.7,2037.9,2011.7,2016.0,234459.0
2024-01-25,2014.8,2025.6,2004.0,2017.8,196670.0
2024-01-26,2021.0,2028.1,2015.6,2017.3,119588.0
2024-01-29,2024.4,2037.2,2018.8,2025.4,150708.0
2024-01-30,2051.5,2068.0,2047.1,2050.9,214593.0
2024-01-31,2055.3,2074.6,2048.8,2067.4,238373.0
2024-02-01,2057.9,2083.2,2046.4,2071.1,260921.0
2024-02-02,2072.0,2074.7,2044.2,2053.7,219800.0
2024-02-05,2057.9,2059.1,2030.8,2042.9,170431.0
2024-02-06,2041.4,2055.3,2038.8,2051.4,126384.0
2024-02-07,2052.6,2061.3,2046.4,2051.7,125631.0
2024-02-08,2051.0,2053.8,2034.6,2047.9,137076.0
2024-02-09,2049.7,2051.9,2034.3,2038.7,116031.0
2024-02-12,2038.2,2041.8,2025.4,2033.0,116025.0
2024-02-13,2033.7,2047.3,2002.8,2007.2,217571.0
2024-02-14,2006.3,2008.8,1996.4,2004.3,193607.0
2024-02-15,2004.8,2020.2,2001.8,2014.9,204249.0
2024-02-16,2016.1,2027.2,2006.6,2024.1,162356.0
2024-02-19,2027.7,2042.7,2023.9,2039.8,202432.0
2024-02-20,2015.59998,2029.0,2015.59998,2027.5,1326.0
2024-02-21,2036.2,2043.5,2030.9,2034.3,120599.0
2024-02-22,2036.5,2045.5,2029.3,2030.7,147947.0
2024-02-23,2034.1,2053.2,2025.4,2049.4,212029.0
2024-02-26,2044.2,2046.8,2034.1,2038.9,129021.0
2024-02-27,2041.2,2049.1,2038.1,2044.1,148780.0
2024-02-28,2039.7,2047.4,2033.4,2042.7,137077.0
2024-02-29,2043.8,2059.4,2036.0,2054.7,227074.0
2024-03-01,2052.8,2097.1,2047.0,2095.7,330592.0
2024-03-04,2091.6,2128.4,2088.1,2126.3,328253.0
2024-03-05,2123.3,2150.5,2118.5,2141.9,283148.0
2024-03-06,2136.4,2160.7,2131.9,2158.2,319763.0
2024-03-07,2156.7,2172.2,2151.7,2165.2,267795.0
2024-03-08,2166.6,2203.0,2161.2,2185.5,389682.0
2024-03-11,2187.6,2195.5,2180.9,2188.6,242418.0
2024-03-12,2189.1,2190.8,2156.2,2166.1,316254.0
2024-03-13,2163.6,2185.6,2161.3,2180.8,232273.0
2024-03-14,2179.5,2181.3,2157.0,2167.5,207225.0
2024-03-15,2166.2,2176.9,2158.7,2161.5,187847.0
2024-03-18,2159.9,2167.2,2149.2,2164.3,211858.0
2024-03-19,2164.0,2166.3,2150.2,2159.7,178162.0
2024-03-20,2161.4,2192.2,2152.3,2161.0,233572.0
2024-03-21,2190.2,2225.3,2168.2,2184.7,391750.0
2024-03-22,2183.4,2188.0,2158.4,2160.0,205808.0
2024-03-25,2166.6,2182.5,2164.4,2176.4,211610.0
2024-03-26,2173.0,2200.6,2168.3,2177.2,202373.0
2024-03-27,2200.5,2218.3,2193.7,2212.7,191456.0
2024-03-28,2215.7,2256.9,2207.5,2238.4,250248.0
2024-04-01,2259.2,2286.4,2249.1,2257.1,220767.0
2024-04-02,2272.7,2301.9,2267.1,2281.8,277228.0
2024-04-03,2301.7,2321.8,2285.7,2315.0,254574.0
2024-04-04,2321.0,2325.3,2298.7,2308.5,236227.0
2024-04-05,2309.5,2350.0,2286.2,2345.4,293212.0
2024-04-08,2343.6,2372.5,2321.7,2351.0,285570.0
2024-04-09,2358.1,2384.5,2355.7,2362.4,279608.0
2024-04-10,2372.4,2378.1,2337.1,2348.4,353847.0
2024-04-11,2351.7,2395.6,2343.1,2372.7,260415.0
2024-04-12,2389.4,2448.8,2350.6,2374.1,479894.0
2024-04-15,2369.4,2404.3,2340.2,2383.0,343730.0
2024-04-16,2399.1,2414.8,2379.2,2407.8,297592.0
2024-04-17,2398.0,2412.0,2370.7,2388.4,284352.0
2024-04-18,2377.9,2408.0,2377.2,2398.0,200546.0
2024-04-19,2394.0,2433.3,2386.8,2413.8,275405.0
2024-04-22,2403.7,2404.3,2338.2,2346.4,262673.0
2024-04-23,2342.3,2347.9,2304.6,2342.1,270225.0
2024-04-24,2335.7,2350.9,2324.8,2338.4,187699.0
2024-04-25,2327.4,2357.6,2316.4,2342.5,224471.0
2024-04-26,2344.2,2364.4,2338.0,2347.2,171011.0
2024-04-29,2347.6,2358.9,2331.0,2357.7,187309.0
2024-04-30,2347.0,2347.6,2296.2,2302.9,229064.0
2024-05-01,2298.2,2339.5,2291.7,2311.0,227384.0
2024-05-02,2329.9,2336.1,2294.3,2309.6,193658.0
2024-05-03,2313.5,2330.7,2285.2,2308.6,231400.0
2024-05-06,2312.8,2341.9,2300.6,2331.2,191895.0
2024-05-07,2334.8,2338.7,2318.2,2324.2,204623.0
2024-05-08,2322.0,2329.6,2311.4,2322.3,214693.0
2024-05-09,2316.5,2354.2,2312.9,2340.3,249092.0
2024-05-10,2353.5,2385.3,2352.0,2375.0,275241.0
2024-05-13,2369.1,2370.8,2337.6,2343.0,221846.0
2024-05-14,2342.3,2365.2,2340.5,2359.9,184158.0
2024-05-15,2362.9,2396.1,2357.1,2394.9,249843.0
2024-05-16,2391.5,2402.7,2375.2,2385.5,191026.0
2024-05-17,2381.4,2427.4,2377.8,2417.4,218553.0
2024-05-20,2422.2,2454.2,2411.1,2438.5,281430.0
2024-05-21,2431.5,2438.2,2408.5,2425.9,229421.0
2024-05-22,2425.4,2430.5,2378.0,2392.9,253852.0
2024-05-23,2383.0,2385.7,2328.1,2337.2,273658.0
2024-05-24,2330.4,2349.0,2326.3,2334.5,178343.0
2024-05-27,2338.0,2365.5,2333.8,2356.5,316223.0
2024-05-28,2336.8999,2359.69995,2336.8999,2355.19995,26.0
2024-05-29,2362.5,2363.7,2334.2,2341.2,119317.0
2024-05-30,2361.0,2373.7,2343.3,2366.5,188892.0
2024-05-31,2364.5,2381.2,2341.1,2345.8,183406.0
2024-06-03,2348.0,2375.5,2334.8,2369.3,173149.0
2024-06-04,2371.3,2373.1,2335.1,2347.4,171547.0
2024-06-05,2347.1,2377.6,2345.3,2375.5,171862.0
2024-06-06,2375.3,2397.8,2372.2,2390.9,172202.0
2024-06-07,2395.7,2406.7,2304.2,2325.0,314551.0
2024-06-10,2311.0,2331.3,2304.5,2327.0,142888.0
2024-06-11,2329.5,2337.3,2314.5,2326.6,145501.0
2024-06-12,2334.0,2358.8,2327.2,2354.8,241670.0
2024-06-13,2340.9,2342.4,2310.9,2318.0,182657.0
2024-06-14,2319.6,2352.3,2316.7,2349.1,163367.0
2024-06-17,2348.5,2348.7,2324.3,2329.0,122702.0
2024-06-18,2333.7,2348.2,2320.2,2346.9,154251.0
2024-06-19,2344.2,2379.5,2338.5,2369.0,252687.0
2024-06-20,2373.8,2379.5,2338.5,2374.8,161150.0
2024-06-21,2373.8,2382.6,2329.2,2331.2,194824.0
2024-06-24,2333.5,2347.5,2329.5,2344.4,117625.0
2024-06-25,2346.8,2349.7,2327.1,2330.8,144271.0
2024-06-26,2331.8,2335.8,2304.7,2313.2,191628.0
2024-06-27,2309.4,2342.0,2306.8,2336.6,140228.0
2024-06-28,2338.6,2350.6,2329.7,2339.6,135383.0
2024-07-01,2336.2,2348.8,2328.2,2338.9,136861.0
2024-07-02,2341.6,2346.1,2327.4,2333.4,153709.0
2024-07-03,2338.6,2374.5,2335.7,2369.4,193642.0
2024-07-04,2365.8,2401.5,2356.0,2397.7,293254.0
2024-07-05,2365.8,2408.2,2356.0,2399.8,93766.0
2024-07-08,2396.2,2399.3,2358.3,2363.5,240781.0
2024-07-09,2366.5,2378.3,2356.0,2367.9,252489.0
2024-07-10,2371.0,2393.4,2369.7,2379.7,163900.0
2024-07-11,2377.4,2430.4,2376.8,2421.9,303520.0
2024-07-12,2421.0,2423.2,2396.1,2420.7,220933.0
2024-07-15,2419.3,2445.0,2406.1,2428.9,193535.0
2024-07-16,2427.1,2474.5,2424.5,2467.8,246085.0
2024-07-17,2473.2,2488.4,2455.5,2459.9,259540.0
2024-07-18,2462.5,2478.5,2442.9,2456.4,192770.0
2024-07-19,2448.0,2448.4,2395.7,2399.1,254408.0
2024-07-22,2403.7,2414.4,2385.2,2394.7,197562.0
2024-07-23,2398.0,2413.5,2389.2,2407.3,171191.0
2024-07-24,2410.7,2433.0,2397.0,2415.7,245884.0
2024-07-25,2398.1,2400.8,2351.9,2353.5,294897.0
2024-07-26,2363.8,2389.7,2354.6,2381.0,154523.0
2024-07-29,2386.9,2402.1,2367.3,2377.8,126409.0
2024-07-30,2429.0,2458.3,2421.5,2451.9,172970.0
2024-07-31,2455.6,2496.6,2449.2,2473.0,176268.0
2024-08-01,2493.4,2506.6,2474.0,2480.8,219834.0
2024-08-02,2490.8,2522.5,2453.1,2469.8,309937.0
2024-08-05,2490.3,2500.8,2403.8,2444.4,352229.0
2024-08-06,2451.7,2459.5,2421.8,2431.6,186107.0
2024-08-07,2432.6,2447.3,2418.8,2432.4,166078.0
2024-08-08,2422.8,2467.9,2420.2,2463.3,178509.0
2024-08-09,2467.3,2476.5,2456.1,2473.4,152173.0
2024-08-12,2470.1,2513.4,2462.7,2504.0,171204.0
2024-08-13,2512.6,2517.3,2498.2,2507.8,155078.0
2024-08-14,2506.3,2519.7,2476.2,2479.7,187384.0
2024-08-15,2486.2,2508.0,2469.2,2492.4,169322.0
2024-08-16,2494.4,2548.3,2488.2,2537.8,223934.0
2024-08-19,2549.7,2549.9,2523.7,2541.3,155994.0
2024-08-20,2542.4,2570.4,2535.1,2550.6,191196.0
2024-08-21,2552.2,2558.0,2528.2,2547.5,148894.0
2024-08-22,2549.9,2551.4,2506.4,2516.7,177369.0
2024-08-23,2521.1,2554.5,2519.8,2546.3,164613.0
2024-08-26,2545.1,2563.2,2544.0,2555.2,127485.0
2024-08-27,2553.8,2561.4,2538.5,2552.9,146222.0
2024-08-28,2559.8,2564.3,2527.8,2537.8,165123.0
2024-08-29,2539.2,2562.2,2536.5,2560.3,159965.0
2024-08-30,2553.6,2560.1,2526.6,2527.6,175644.0
2024-09-02,2536.0,2539.5,2504.4,2523.0,273539.0
2024-09-03,2501.6001,2501.80005,2476.30005,2489.8999,263162.0
2024-09-04,2524.6,2531.5,2502.7,2526.0,167957.0
2024-09-05,2526.4,2554.0,2523.7,2543.1,152709.0
2024-09-06,2547.1,2559.8,2513.9,2524.6,228117.0
2024-09-09,2526.5,2536.5,2514.2,2532.7,140583.0
2024-09-10,2536.0,2547.5,2528.9,2543.1,156108.0
2024-09-11,2545.7,2558.0,2529.0,2542.4,194085.0
2024-09-12,2540.6,2588.5,2538.7,2580.6,233679.0
2024-09-13,2587.5,2614.6,2585.0,2610.7,174674.0
2024-09-16,2608.0,2617.4,2602.5,2608.9,127576.0
2024-09-17,2609.8,2613.7,2587.3,2592.4,159525.0
2024-09-18,2596.0,2627.2,2572.5,2598.6,233128.0
2024-09-19,2585.1,2620.5,2575.3,2614.6,204475.0
2024-09-20,2611.2,2651.0,2608.7,2646.2,207209.0
2024-09-23,2646.2,2659.8,2638.6,2652.5,170494.0
2024-09-24,2653.3,2689.4,2647.1,2677.0,216553.0
2024-09-25,2682.8,2694.9,2673.4,2684.7,189943.0
2024-09-26,2681.2,2708.7,2677.5,2694.9,217643.0
2024-09-27,2695.1,2696.9,2665.3,2668.1,196732.0
2024-09-30,2680.5,2687.7,2646.2,2659.4,173252.0
2024-10-01,2656.1,2694.7,2653.8,2690.3,202756.0
2024-10-02,2684.6,2684.8,2662.1,2669.7,128680.0
2024-10-03,2679.9,2683.4,2657.8,2679.2,138551.0
2024-10-04,2675.7,2690.6,2651.6,2667.8,192656.0
2024-10-07,2671.7,2679.2,2657.3,2666.0,130705.0
2024-10-08,2662.8,2672.4,2623.4,2635.4,233849.0
2024-10-09,2640.7,2642.9,2622.8,2626.0,143000.0
2024-10-10,2625.8,2648.9,2618.8,2639.3,195581.0
2024-10-11,2647.4,2679.0,2645.3,2676.3,168597.0
2024-10-14,2673.1,2684.2,2660.0,2665.6,123361.0
2024-10-15,2663.5,2685.9,2654.4,2678.9,160564.0
2024-10-16,2679.5,2702.5,2674.9,2691.3,156877.0
2024-10-17,2690.4,2712.7,2688.2,2707.5,181816.0
2024-10-18,2707.8,2737.8,2707.3,2730.0,178959.0
2024-10-21,2736.3,2755.4,2728.5,2738.9,210450.0
2024-10-22,2734.7,2763.3,2733.5,2759.8,173695.0
2024-10-23,2762.6,2772.6,2722.1,2729.4,214515.0
2024-10-24,2729.2,2756.3,2728.7,2748.9,175872.0
2024-10-25,2748.6,2760.9,2729.1,2754.6,153487.0
2024-10-28,2749.2,2758.3,2736.9,2755.9,161907.0
2024-10-29,2754.3,2787.7,2752.0,2781.1,207424.0
2024-10-30,2786.9,2801.8,2782.4,2800.8,191549.0
2024-10-31,2799.1,2801.2,2741.8,2749.3,242571.0
2024-11-01,2754.0,2772.4,2742.6,2749.2,180660.0
2024-11-04,2743.5,2757.5,2739.4,2746.2,145248.0
2024-11-05,2746.0,2759.5,2733.4,2749.7,151434.0
2024-11-06,2752.6,2758.8,2660.7,2676.3,361313.0
2024-11-07,2667.7,2718.3,2650.3,2705.8,292924.0
2024-11-08,2713.6,2717.8,2687.3,2694.8,233110.0
2024-11-11,2692.1,2693.4,2617.1,2617.7,281919.0
2024-11-12,2625.7,2633.4,2595.7,2606.3,282766.0
2024-11-13,2604.7,2625.0,2578.1,2586.5,262752.0
2024-11-14,2578.1,2585.8,2541.5,2572.9,266162.0
2024-11-15,2570.4,2580.8,2558.9,2570.1,179892.0
2024-11-18,2571.5,2619.5,2568.5,2614.6,195294.0
2024-11-19,2616.3,2643.4,2614.2,2631.0,202241.0
2024-11-20,2635.8,2659.0,2621.9,2651.7,182012.0
2024-11-21,2653.5,2676.5,2651.6,2674.9,186297.0
2024-11-22,2672.0,2718.5,2670.1,2712.2,220554.0
2024-11-25,2716.9,2723.2,2616.6,2618.5,305339.0
2024-11-26,2626.2,2642.7,2605.3,2621.3,177858.0
2024-11-27,2658.3,2683.4,2652.2,2664.8,177858.0
2024-11-28,2660.6,2690.5,2644.1,2681.0,180756.0
2024-11-29,2636.3999,2664.30005,2620.69995,2657.0,173201.0
2024-12-02,2673.8,2678.5,2644.5,2658.5,163543.0
2024-12-03,2662.0,2678.4,2656.6,2667.9,140965.0
2024-12-04,2665.8,2682.0,2654.2,2676.2,171792.0
2024-12-05,2674.2,2680.0,2646.3,2648.4,156116.0
2024-12-06,2655.0,2667.9,2635.6,2659.6,167166.0
2024-12-09,2665.0,2700.0,2649.7,2685.8,182150.0
2024-12-10,2684.4,2721.7,2680.7,2718.4,181509.0
2024-12-11,2721.2,2759.7,2719.1,2756.7,264985.0
2024-12-12,2753.6,2761.3,2696.7,2709.4,219468.0
2024-12-13,2704.9,2716.4,2663.3,2675.8,178685.0
2024-12-16,2668.0,2683.4,2661.4,2670.0,115996.0
2024-12-17,2670.2,2675.8,2646.1,2662.0,147053.0
2024-12-18,2663.3,2667.6,2598.1,2653.3,156334.0
2024-12-19,2600.6,2640.9,2596.7,2608.1,191587.0
2024-12-20,2609.7,2653.8,2603.7,2645.1,153567.0
2024-12-23,2639.1,2646.8,2623.2,2628.2,105131.0
2024-12-24,2629.4,2635.8,2624.2,2635.5,53366.0
2024-12-25,2638.0,2638.0,2634.3999,2634.5,52221.0
2024-12-26,2638.0,2655.7,2634.1,2653.9,79265.0
2024-12-27,2653.7,2654.6,2625.2,2631.9,93897.0
2024-12-30,2636.1,2640.7,2608.4,2618.1,110915.0
2024-12-31,2620.0,2642.0,2614.3,2641.0,86292.0
2025-01-01,2641.0,2641.3999,2639.5,2640.1001,81781.0
2025-01-02,2641.0,2674.2,2636.1,2669.0,144517.0
2025-01-03,2671.1,2681.0,2649.7,2654.7,121173.0
2025-01-06,2652.8,2663.8,2624.6,2647.4,169923.0
2025-01-07,2647.1,2678.5,2643.5,2665.4,161617.0
2025-01-08,2662.9,2687.0,2658.4,2672.4,197370.0
2025-01-09,2679.9,2696.8,2673.7,2690.8,156645.0
2025-01-10,2692.9,2735.0,2686.9,2715.0,298408.0
2025-01-13,2716.8,2723.8,2675.2,2678.6,211094.0
2025-01-14,2682.0,2693.7,2672.0,2682.3,179414.0
2025-01-15,2693.3,2722.7,2685.4,2717.8,193720.0
2025-01-16,2722.3,2757.9,2720.4,2750.9,186543.0
2025-01-17,2746.8,2759.2,2729.2,2748.7,156868.0
2025-01-20,2739.6,2762.0,2715.6,2759.2,294121.0
2025-01-21,2746.0,2755.0,2724.80005,2755.0,280375.0
2025-01-22,2758.7,2774.4,2756.2,2770.9,158141.0
2025-01-23,2765.9,2767.1,2741.0,2765.0,194742.0
2025-01-24,2761.8,2794.8,2761.0,2778.9,199562.0
2025-01-27,2778.1,2778.1,2732.0,2738.4,215514.0
2025-01-28,2742.4,2774.0,2737.4,2767.5,171359.0
2025-01-29,2771.6,2778.1,2761.0,2769.8,125692.0
2025-01-30,2796.2,2853.2,2794.9,2845.2,188341.0
2025-01-31,2851.9,2862.9,2826.0,2835.0,165676.0
2025-02-03,2846.5,2872.0,2802.2,2857.1,181344.0
2025-02-04,2850.4,2877.1,2837.4,2875.8,145862.0
2025-02-05,2873.7,2906.0,2870.1,2893.0,167383.0
2025-02-06,2885.0,2894.2,2855.0,2876.7,167701.0
2025-02-07,2880.2,2910.6,2876.1,2887.6,192551.0
2025-02-10,2884.8,2938.1,2879.9,2934.4,167232.0
2025-02-11,2937.0,2968.5,2907.0,2932.6,218478.0
2025-02-12,2927.0,2936.5,2886.5,2928.7,204625.0
2025-02-13,2928.8,2958.8,2925.8,2945.4,169496.0
2025-02-14,2957.3,2964.1,2889.9,2900.7,228078.0
2025-02-17,2895.1,2956.5,2887.6,2949.0,218757.0
2025-02-18,2879.19995,2936.3999,2873.80005,2931.6001,84402.0
2025-02-19,2954.1,2964.4,2933.7,2936.1,159341.0
2025-02-20,2949.5,2973.4,2939.3,2956.1,172197.0
2025-02-21,2955.7,2964.7,2930.1,2953.2,163686.0
2025-02-24,2950.4,2974.0,2936.8,2963.2,162775.0
2025-02-25,2968.5,2970.4,2897.0,2918.8,234850.0
2025-02-26,2929.0,2942.0,2903.3,2930.6,163371.0
2025-02-27,2931.4,2935.8,2879.0,2895.9,207650.0
2025-02-28,2889.0,2896.1,2844.1,2848.5,210560.0
2025-03-03,2872.0,2906.4,2866.3,2901.1,177018.0
2025-03-04,2904.2,2939.8,2892.5,2920.6,188515.0
2025-03-05,2929.0,2941.3,2903.4,2926.0,183016.0
2025-03-06,2929.5,2935.9,2897.6,2926.6,166364.0
2025-03-07,2919.2,2938.8,2905.3,2914.1,237577.0
2025-03-10,2919.6,2926.4,2885.2,2899.4,221609.0
2025-03-11,2893.2,2929.0,2882.5,2920.9,194119.0
2025-03-12,2922.3,2948.9,2911.0,2946.8,209823.0
2025-03-13,2943.3,3001.5,2942.2,2991.3,256564.0
2025-03-14,3001.4,3017.1,2988.6,3001.1,181492.0
2025-03-17,2994.8,3010.9,2991.4,3006.1,142155.0
2025-03-18,3009.4,3047.5,3008.2,3040.8,177098.0
2025-03-19,3041.4,3061.6,3031.3,3041.2,145404.0
2025-03-20,3058.0,3065.2,3032.8,3043.8,141231.0
2025-03-21,3052.6,3055.0,3004.1,3021.4,190470.0
2025-03-24,3027.6,3038.4,3007.7,3015.6,202822.0
2025-03-25,3017.5,3042.4,3010.8,3025.9,172592.0
2025-03-26,3025.8,3036.1,3017.8,3022.5,172002.0
2025-03-27,3025.6,3071.3,3022.3,3061.0,124359.0
2025-03-28,3099.3,3124.4,3096.3,3114.3,210491.0
2025-03-31,3118.8,3162.0,3112.4,3150.3,228393.0
2025-04-01,3157.3,3177.0,3130.5,3146.0,197314.0
2025-04-02,3147.5,3201.6,3135.7,3166.2,223124.0
2025-04-03,3196.6,3196.6,3073.5,3121.7,382860.0
2025-04-04,3138.0,3160.2,3032.7,3035.4,341150.0
2025-04-07,3055.1,3084.4,2970.4,2973.6,341150.0
2025-04-08,2997.5,3037.9,2988.6,2990.2,328515.0
2025-04-09,2998.3,3118.5,2983.3,3079.4,298325.0
2025-04-10,3099.1,3195.0,3086.1,3177.5,298325.0
2025-04-11,3194.2,3263.0,3193.4,3244.6,247317.0
2025-04-14,3246.0,3261.6,3208.7,3226.3,247317.0
2025-04-15,3226.1,3250.9,3225.5,3240.4,189619.0
2025-04-16,3248.4,3358.4,3245.2,3346.4,258376.0
2025-04-17,3357.5,3371.9,3296.4,3328.4,258376.0
2025-04-21,3347.0,3442.3,3344.0,3425.3,243457.0
2025-04-22,3435.1,3509.9,3379.1,3419.4,423078.0
2025-04-23,3367.7,3396.0,3270.8,3294.1,423078.0
2025-04-24,3301.8,3377.0,3301.3,3348.6,377411.0
2025-04-25,3362.0,3384.1,3274.8,3298.4,241249.0
2025-04-28,3336.5,3363.8,3278.0,3347.7,241249.0
2025-04-29,3354.9,3359.3,3309.2,3333.6,217995.0
2025-04-30,3324.5,3337.6,3275.6,3319.1,207722.0
2025-05-01,3299.0,3300.6,3209.4,3222.2,214691.0
2025-05-02,3247.6,3277.0,3229.5,3243.3,210994.0
2025-05-05,3247.1,3346.7,3243.1,3322.3,210994.0
2025-05-06,3345.7,3444.5,3332.1,3422.8,268098.0
2025-05-07,3448.1,3448.2,3367.0,3391.9,304244.0
2025-05-08,3373.1,3422.0,3293.3,3306.0,327126.0
2025-05-09,3310.2,3352.7,3278.9,3344.0,232464.0
2025-05-12,3281.0,3295.5,3211.2,3228.0,308534.0
2025-05-13,3240.7,3270.4,3220.1,3247.8,214423.0
2025-05-14,3254.1,3261.3,3170.7,3188.3,233929.0
2025-05-15,3180.8,3244.3,3123.3,3226.6,253064.0
2025-05-16,3243.5,3255.8,3156.4,3187.2,245486.0
2025-05-19,3220.0,3252.9,3209.1,3233.5,245486.0
2025-05-20,3233.0,3298.5,3207.4,3284.6,224088.0
2025-05-21,3293.0,3327.2,3287.0,3313.5,229503.0
2025-05-22,3318.0,3346.8,3277.8,3295.0,234658.0
2025-05-23,3295.1,3366.5,3285.5,3365.8,247200.0
2025-05-26,3355.6,3356.0,3283.0,3300.4,297309.0
2025-05-27,3332.5,3341.0,3296.30005,3299.1001,16163.0
2025-05-28,3300.9,3324.5,3273.5,3294.9,127758.0
2025-05-29,3311.8,3356.3,3269.1,3343.9,227943.0
2025-05-30,3343.2,3347.0,3294.8,3315.4,184770.0
2025-06-02,3323.0,3408.1,3319.4,3397.2,180995.0
2025-06-03,3406.5,3417.8,3357.2,3377.1,168220.0
2025-06-04,3377.8,3409.7,3366.9,3399.2,167220.0
2025-06-05,3398.0,3427.7,3362.3,3375.1,224859.0
2025-06-06,3377.4,3398.3,3328.8,3346.6,185366.0
2025-06-09,3333.4,3359.0,3313.1,3354.9,142005.0
2025-06-10,3346.3,3370.4,3321.3,3343.4,158897.0
2025-06-11,3344.3,3382.3,3335.4,3343.7,201534.0
2025-06-12,3377.5,3419.8,3358.5,3402.4,230166.0
2025-06-13,3406.7,3468.0,3399.6,3452.8,270627.0
2025-06-16,3473.0,3476.3,3400.9,3417.3,192505.0
2025-06-17,3404.2,3422.7,3384.4,3406.9,209083.0
2025-06-18,3409.0,3419.0,3380.1,3408.1,178282.0
2025-06-19,3387.1,3405.2,3356.2,3385.7,280833.0
2025-06-20,3350.0,3372.8999,3341.0,3368.1001,277314.0
2025-06-23,3400.7,3413.8,3361.4,3395.0,193872.0
2025-06-24,3383.8,3385.0,3308.3,3333.9,227429.0
2025-06-25,3338.1,3351.3,3325.5,3343.1,130010.0
2025-06-26,3347.5,3363.9,3322.5,3348.0,155584.0
2025-06-27,3341.3,3341.4,3266.5,3287.6,218869.0
2025-06-30,3284.3,3321.6,3250.5,3307.7,144201.0
2025-07-01,3315.7,3370.5,3313.7,3349.8,168854.0
2025-07-02,3350.0,3371.0,3337.2,3359.7,132187.0
2025-07-03,3369.0,3376.9,3321.4,3342.9,153232.0
2025-07-04,3344.5,3352.9,3304.4,3342.8,235762.0
2025-07-07,3305.5,3333.30005,3299.19995,3332.19995,20051.0
2025-07-08,3348.9,3355.6,3295.4,3316.9,218029.0
2025-07-09,3310.6,3325.6,3290.2,3321.0,167968.0
2025-07-10,3322.2,3339.4,3319.2,3325.7,168190.0
2025-07-11,3333.1,3381.6,3332.3,3364.0,216883.0
2025-07-14,3376.5,3389.3,3348.5,3359.1,195336.0
2025-07-15,3352.0,3375.4,3327.3,3336.7,179884.0
2025-07-16,3330.5,3385.8,3326.1,3359.1,235160.0
2025-07-17,3354.7,3358.2,3314.3,3345.3,161740.0
2025-07-18,3347.5,3368.0,3337.2,3358.3,115413.0
2025-07-21,3355.6,3416.9,3351.0,3406.4,191195.0
2025-07-22,3410.7,3447.5,3394.9,3443.7,227372.0
2025-07-23,3444.3,3451.7,3390.6,3397.6,263025.0
2025-07-24,3398.6,3401.1,3355.2,3373.5,215271.0
2025-07-25,3372.1,3376.6,3325.5,3335.6,196380.0
2025-07-28,3321.1,3345.4,3300.0,3310.0,180215.0
2025-07-29,3313.4,3332.3,3305.8,3324.0,113144.0
2025-07-30,3383.1,3389.3,3319.2,3352.8,203086.0
2025-07-31,3327.5,3366.7,3324.4,3348.6,158029.0
2025-08-01,3342.7,3416.9,3331.4,3399.8,229954.0
2025-08-04,3416.6,3439.5,3397.9,3426.4,138229.0
2025-08-05,3428.9,3444.9,3403.3,3434.7,154163.0
2025-08-06,3434.9,3440.5,3411.7,3433.4,151580.0
2025-08-07,3431.8,3483.8,3430.0,3453.7,249091.0
2025-08-08,3487.9,3534.1,3445.0,3491.3,321346.0
2025-08-11,3458.1,3466.3,3393.0,3404.7,224513.0
2025-08-12,3393.6,3410.8,3379.1,3399.0,193820.0
2025-08-13,3399.6,3422.6,3392.7,3408.3,135846.0
2025-08-14,3407.2,3423.8,3375.5,3383.2,165697.0
2025-08-15,3383.2,3394.8,3377.7,3382.6,118486.0
2025-08-18,3382.4,3403.6,3368.0,3378.0,119141.0
2025-08-19,3378.3,3389.7,3358.1,3358.7,133497.0
2025-08-20,3359.0,3394.3,3353.4,3388.5,135521.0
2025-08-21,3392.2,3394.4,3367.4,3381.6,123500.0
2025-08-22,3383.3,3423.4,3362.8,3418.5,186037.0
2025-08-25,3417.6,3421.5,3405.5,3417.5,97780.0
2025-08-26,3410.8,3443.3,3396.1,3433.0,176297.0
2025-08-27,3443.0,3452.5,3422.2,3448.6,153806.0
2025-08-28,3452.6,3478.7,3442.5,3474.3,156602.0
2025-08-29,3477.2,3518.5,3463.0,3516.1,188546.0
2025-09-01,3517.9,3602.4,3506.0,3592.2,374141.0
2025-09-02,3485.69995,3559.19995,3485.69995,3549.3999,33847.0
2025-09-03,3600.0,3640.1,3592.4,3635.5,220786.0
2025-09-04,3619.8,3621.6,3573.7,3606.7,232579.0
2025-09-05,3602.0,3655.5,3595.4,3653.3,237651.0
2025-09-08,3635.0,3685.7,3621.7,3677.4,227640.0
2025-09-09,3676.6,3715.2,3663.7,3682.2,262656.0
2025-09-10,3662.0,3697.5,3651.4,3682.0,182028.0
2025-09-11,3680.6,3687.5,3651.0,3673.6,214612.0
2025-09-12,3672.8,3695.5,3667.3,3686.4,154559.0
2025-09-15,3680.2,3724.9,3662.8,3719.0,189452.0
2025-09-16,3720.3,3739.9,3711.8,3725.1,192295.0
2025-09-17,3727.3,3744.0,3679.5,3717.8,256047.0
2025-09-18,3692.5,3707.3,3660.5,3678.3,224128.0
2025-09-19,3677.7,3719.6,3664.4,3705.8,186954.0
2025-09-22,3721.3,3783.3,3718.1,3775.1,219170.0
2025-09-23,3781.2,3824.6,3772.4,3815.7,291564.0
2025-09-24,3796.9,3812.6,3749.7,3768.1,236560.0
2025-09-25,3768.3,3792.3,3751.9,3771.1,262183.0
2025-09-26,3781.5,3814.4,3764.0,3809.0,214083.0
2025-09-29,3788.8,3863.7,3785.5,3855.2,258145.0
2025-09-30,3863.1,3899.2,3820.6,3873.2,312257.0
2025-10-01,3887.7,3922.7,3880.3,3897.5,290470.0
2025-10-02,3892.7,3923.3,3842.8,3868.1,284217.0
2025-10-03,3880.4,3916.8,3861.1,3908.9,218284.0
2025-10-06,3913.5,3994.5,3909.2,3976.3,278143.0
2025-10-07,3983.0,4014.6,3963.4,4004.4,297512.0
2025-10-08,4007.1,4081.0,4005.6,4070.5,348778.0
2025-10-09,4061.8,4077.9,3957.9,3972.6,461023.0
2025-10-10,3990.1,4038.6,3961.2,4000.4,357542.0
2025-10-13,4018.3,4137.2,4011.3,4133.0,357542.0
2025-10-14,4130.9,4190.9,4105.0,4163.4,405991.0
2025-10-15,4160.1,4235.8,4157.3,4201.6,309914.0
2025-10-16,4225.1,4346.7,4214.5,4304.6,375196.0
2025-10-17,4348.1,4392.0,4196.0,4213.3,569847.0
2025-10-20,4269.0,4398.0,4229.7,4359.4,338235.0
2025-10-21,4371.0,4393.6,4093.0,4109.1,535325.0
2025-10-22,4137.0,4175.0,4021.2,4065.4,468711.0
2025-10-23,4114.8,4171.5,4079.6,4145.6,271973.0
2025-10-24,4144.0,4159.0,4055.7,4137.8,297599.0
2025-10-27,4103.2,4123.8,3985.9,4019.7,330749.0
2025-10-28,3999.9,4034.2,3901.3,3983.1,338428.0
2025-10-29,3967.2,4046.2,3930.0,4000.7,288266.0
2025-10-30,3942.8,4041.5,3925.1,4015.9,246321.0
2025-10-31,4038.2,4059.9,3982.3,3996.5,237172.0
2025-11-03,4001.0,4043.1,3971.3,4014.0,227073.0
2025-11-04,4013.7,4018.0,3937.1,3960.5,250259.0
2025-11-05,3939.5,4000.7,3935.7,3992.9,175161.0
2025-11-06,3992.4,4028.7,3973.2,3991.0,188688.0
2025-11-07,3986.9,4035.8,3981.6,4009.8,208649.0
2025-11-09,4007.2,4065.9,4004.2,4062.5,51476.0
2025-11-10,4007.2,4124.0,4004.2,4122.0,253812.0
2025-11-11,4124.0,4155.0,4102.8,4116.3,252249.0
2025-11-12,4132.2,4218.5,4104.4,4213.6,296796.0
2025-11-13,4202.4,4250.0,4148.5,4194.5,319216.0
2025-11-14,4174.9,4215.1,4032.6,4094.2,342176.0
2025-11-16,4084.4,4107.6,4063.6,4081.1,41342.0
2025-11-17,4084.4,4107.6,4006.8,4074.5,235352.0
2025-11-18,4045.6,4083.7,3997.4,4066.5,233302.0
2025-11-19,4067.8,4134.3,4055.6,4082.8,233696.0
2025-11-20,4079.9,4109.6,4034.0,4060.0,272355.0
2025-11-21,4074.9,4101.0,4018.1,4079.5,257813.0
2025-11-23,4069.2,4074.4,4037.2,4041.0,31444.0
2025-11-24,4069.2,4138.2,4036.4,4094.2,223055.0
2025-11-25,4133.5,4156.3,4106.7,4140.0,132704.0
2025-11-26,4167.0,4209.0,4163.6,4202.3,187965.0
2025-11-27,4198.6,4263.1,4174.6,4254.9,154806.0
2025-11-28,4163.3999,4223.8999,4140.0,4218.2998,150009.0
2025-11-30,4258.5,4291.8,4241.1,4279.0,52734.0
2025-12-01,4258.5,4299.6,4241.1,4274.8,227572.0
2025-12-02,4265.3,4269.2,4194.0,4220.8,215921.0
2025-12-03,4241.6,4273.3,4225.1,4232.5,176443.0
2025-12-04,4234.5,4251.1,4203.3,4243.0,161251.0
2025-12-05,4239.5,4290.5,4221.4,4243.0,193599.0
2025-12-07,4228.1,4241.8,4224.5,4237.0,22487.0
2025-12-08,4228.1,4247.9,4204.0,4217.7,149813.0
2025-12-09,4219.6,4251.7,4197.8,4236.2,177366.0
2025-12-10,4237.5,4268.8,4207.8,4224.7,186178.0
2025-12-11,4258.3,4317.3,4231.2,4313.0,228282.0
2025-12-12,4309.1,4387.8,4286.0,4328.3,292175.0
2025-12-14,4330.0,4362.8,4324.4,4359.2,25956.0
2025-12-15,4330.0,4384.3,4315.9,4335.2,207700.0
2025-12-16,4334.3,4367.9,4297.4,4332.3,212277.0
2025-12-17,4333.5,4383.6,4330.7,4373.9,212413.0
2025-12-18,4371.5,4409.5,4338.0,4364.5,234460.0
2025-12-19,4363.6,4389.0,4336.3,4387.3,165214.0
2025-12-21,4369.9,4432.5,4367.9,4431.0,42831.0
2025-12-22,4369.9,4484.5,4367.9,4469.4,203043.0
2025-12-23,4481.8,4530.8,4457.7,4505.7,248418.0
2025-12-24,4516.7,4555.1,4474.3,4502.8,151576.0
2025-12-25,4523.5,4561.6,4518.0,4539.3,39423.0
2025-12-26,4523.5,4584.0,4518.0,4552.7,181246.0
2025-12-28,4568.0,4581.3,4490.3,4538.2,58880.0
2025-12-29,4568.0,4581.3,4316.0,4343.6,316961.0
2025-12-30,4350.3,4420.5,4338.8,4386.3,189751.0
2025-12-31,4353.0,4384.9,4284.3,4341.1,161782.0
2026-01-01,4340.0,4390.5,4337.3,4386.8,21736.0
2026-01-02,4340.0,4414.8,4319.7,4329.6,154807.0
2026-01-04,4368.3,4430.7,4354.6,4416.2,49775.0
2026-01-05,4368.3,4467.6,4354.6,4451.5,211711.0
2026-01-06,4459.8,4508.3,4437.9,4496.1,176584.0
2026-01-07,4505.4,4512.4,4432.9,4462.5,202783.0
2026-01-08,4467.1,4489.3,4415.0,4460.7,208958.0
2026-01-09,4489.3,4527.0,4461.8,4500.9,217946.0
2026-01-11,4529.1,4612.7,4520.8,4580.8,69381.0
2026-01-12,4529.1,4640.5,4520.8,4614.7,307991.0
2026-01-13,4610.0,4644.0,4576.7,4599.1,267451.0
2026-01-14,4594.3,4650.5,4594.3,4635.7,306299.0
2026-01-15,4635.7,4637.2,4584.0,4623.7,226481.0
2026-01-16,4621.6,4625.5,4539.1,4595.4,246155.0
2026-01-18,4633.7,4698.0,4622.2,4670.6,64605.0
2026-01-19,4633.7,4771.5,4622.2,4765.8,414495.0
2026-01-20,4662.2002,4764.0,4661.7998,4759.6001,71638.0
2026-01-21,4767.5,4891.1,4757.1,4837.5,400518.0
2026-01-22,4836.2,4944.3,4772.7,4913.4,265088.0
2026-01-23,4940.0,4991.4,4901.2,4979.7,276594.0
2026-01-25,5013.4,5091.5,5002.0,5061.7,77162.0
2026-01-26,5013.4,5107.9,4983.6,5082.5,433111.0
2026-01-27,5005.5,5190.8,5004.5,5082.6,325759.0
2026-01-28,5179.0,5415.2,5154.8,5303.6,125150.0
2026-01-29,5449.9,5626.8,5126.0,5354.8,570055.0
2026-01-30,5410.0,5480.2,4700.4,4745.1,508003.0
2026-02-01,4816.0,4905.6,4604.3,4699.3,104787.0
2026-02-02,4816.0,4905.6,4423.2,4652.6,385977.0
2026-02-03,4691.0,5018.1,4690.2,4935.0,260114.0
2026-02-04,4966.1,5113.9,4867.7,4950.8,245957.0
2026-02-05,4986.6,5045.0,4779.6,4889.5,234592.0
2026-02-06,4800.0,4995.6,4670.0,4979.8,177809.0
2026-02-08,5003.6,5069.0,4988.6,5035.0,29131.0
2026-02-09,5003.6,5111.1,4988.6,5079.4,124150.0
2026-02-10,5084.3,5102.7,5011.0,5031.0,105658.0
2026-02-11,5048.0,5144.5,5036.3,5098.5,129968.0
2026-02-12,5107.3,5122.8,4900.0,4948.4,161618.0
2026-02-13,4950.0,5069.1,4907.1,5046.3,123016.0
2026-02-15,5050.0,5074.4,4986.0,4997.7,13376.0
2026-02-16,5050.0,5074.4,4854.2,4905.9,166706.0
2026-02-17,5020.0,5020.0,4847.7998,4882.8999,11277.0
2026-02-18,4898.5,5031.9,4868.5,5009.5,166706.0
2026-02-19,4993.7,5042.8,4971.5,4997.4,87026.0
2026-02-20,5015.0,5131.0,4999.3,5080.9,136737.0
2026-02-22,5128.8,5198.8,5120.4,5182.0,28681.0
2026-02-23,5128.8,5257.3,5120.4,5225.6,140957.0
2026-02-24,5247.5,5269.4,5109.5,5176.3,145961.0
2026-02-25,5160.0,5237.3,5135.9,5226.2,145961.0
2026-02-26,5175.3,5221.9,5144.8,5194.2,131633.0
2026-02-27,5201.9,5299.0,5182.9,5247.9,151664.0
2026-03-01,5360.0,5409.7,5315.3,5366.5,54194.0
2026-03-02,5360.0,5434.1,5272.9,5311.6,227839.0
2026-03-03,5335.7,5394.2,5005.0,5123.7,273216.0
2026-03-04,5110.0,5218.3,5092.8,5134.7,273216.0
2026-03-05,5155.7,5204.3,5058.9,5078.7,151852.0
2026-03-06,5099.7,5185.0,5071.0,5158.7,160268.0
2026-03-08,5186.7,5210.4,5021.2,5097.3,47647.0
2026-03-09,5186.7,5210.4,5021.2,5103.7,181749.0
2026-03-10,5152.4,5248.7,5127.1,5242.1,181749.0
2026-03-11,5194.0,5230.9,5155.9,5179.1,140336.0
2026-03-12,5185.4,5197.8,5058.2,5125.8,153533.0
2026-03-13,5084.0,5132.4,5014.1,5061.7,160333.0
2026-03-15,5010.0,5035.4,4970.1,5022.4,28677.0
2026-03-16,5010.0,5044.5,4970.1,5002.2,170909.0
2026-03-17,5012.2,5049.4,4977.0,5008.2,170909.0
2026-03-18,5010.6,5022.0,4809.3,4896.2,217316.0
2026-03-19,4828.0,4868.7,4505.0,4605.7,303828.0
2026-03-20,4653.9,4738.2,4478.4,4574.9,226870.0
2026-03-22,4450.0,4537.1,4322.0,4353.6,77812.0
2026-03-23,4450.0,4537.1,4100.0,4407.3,398666.0
2026-03-24,4414.8,4485.6,4306.3,4402.0,209745.0
2026-03-25,4473.5,4601.0,4458.2,4552.3,245178.0
2026-03-26,4508.9,4541.6,4348.2,4376.3,247440.0
2026-03-27,4371.8,4552.1,4369.1,4492.5,74348.0
2026-03-29,4520.0,4547.6,4444.7,4535.5,38201.0
2026-03-30,4520.0,4611.4,4444.7,4557.5,157752.0
2026-03-31,4538.9,4717.6,4510.0,4678.6,176389.0
2026-04-01,4698.4,4821.0,4690.0,4813.1,166758.0
2026-04-02,4783.0,4825.9,4580.4,4679.7,190440.0
2026-04-05,4675.0,4699.3,4626.2,4659.3,24459.0
2026-04-06,4675.0,4733.1,4626.2,4684.7,89405.0
2026-04-07,4678.6,4745.7,4631.9,4684.7,145711.0
2026-04-08,4747.2,4888.0,4720.6,4777.2,215119.0
2026-04-09,4744.8,4826.0,4718.6,4818.0,133629.0
2026-04-10,4790.5,4820.0,4752.7,4787.4,121566.0
2026-04-12,4710.0,4749.5,4626.0,4741.5,30724.0
2026-04-13,4710.0,4774.4,4626.0,4767.4,127322.0
2026-04-14,4769.3,4870.3,4767.6,4850.1,129586.0
2026-04-15,4862.7,4895.4,4807.9,4823.6,106707.0
2026-04-16,4813.6,4861.3,4792.1,4808.3,108864.0
2026-04-17,4811.8,4917.7,4785.9,4879.6,135440.0
2026-04-19,4811.8,4834.5,4752.0,4812.5,35534.0
2026-04-20,4811.8,4847.9,4752.0,4828.8,123214.0
2026-04-21,4842.4,4854.8,4685.8,4719.6,177092.0
2026-04-22,4738.7,4790.8,4733.1,4753.0,100063.0
2026-04-23,4759.2,4771.3,4680.1,4724.0,153536.0
2026-04-24,4715.6,4757.1,4672.2,4740.9,103218.0
2026-04-26,4713.1,4744.6,4686.6,4740.2,18699.0
2026-04-27,4713.1,4745.8,4681.2,4693.7,85748.0
2026-04-28,4697.5,4716.5,4567.6,4608.4,144757.0
2026-04-29,4611.4,4624.3,4522.2,4561.5,126415.0
2026-04-30,4557.0,4658.8,4550.8,4629.6,119642.0
2026-05-01,4636.9,4673.0,4570.0,4644.5,93230.0
2026-05-03,4644.0,4650.6,4602.0,4620.9,12850.0
2026-05-04,4644.0,4650.6,4510.1,4533.3,117006.0
2026-05-05,4534.0,4597.5,4522.7,4568.5,88281.0
2026-05-06,4569.3,4734.6,4556.1,4694.3,160439.0
2026-05-07,4702.2,4775.2,4693.3,4710.9,159525.0
2026-05-08,4682.5,4760.4,4671.0,4730.7,122010.0
2026-05-10,4690.0,4714.1,4678.4,4689.4,24265.0
2026-05-11,4690.0,4758.4,4655.1,4728.7,147404.0
2026-05-12,4745.3,4783.4,4645.2,4686.7,146315.0
2026-05-13,4722.3,4734.8,4676.0,4706.7,120048.0
2026-05-14,4696.8,4725.8,4649.3,4685.3,102965.0
2026-05-15,4654.5,4670.1,4513.8,4561.9,169760.0
2026-05-17,4547.6,4559.0,4483.5,4545.0,32360.0
2026-05-18,4547.6,4588.6,4483.5,4558.0,151971.0
2026-05-19,4570.6,4593.2,4467.1,4511.2,140957.0
2026-05-20,4486.6,4558.4,4455.0,4535.3,152270.0
2026-05-21,4548.0,4572.4,4488.3,4542.5,153243.0
2026-05-22,4544.2,4547.0,4488.0,4523.2,108508.0
2026-05-24,4532.0,4582.6,4531.3,4559.2,19612.0
2026-05-25,4532.0,4583.3,4480.0,4502.3,254516.0
2026-05-26,4572.7998,4572.7998,4500.3999,4500.3999,5202.0
2026-05-27,4507.4,4528.1,4398.5,4448.4,81062.0
2026-05-28,4488.0,4547.1,4395.6,4532.4,153472.0
2026-05-29,4527.6,4627.1,4519.5,4593.0,133439.0
2026-05-31,4575.2,4577.3,4540.4,4542.8,15196.0
2026-06-01,4575.2,4577.3,4476.0,4506.3,116787.0
2026-06-02,4515.8,4571.3,4492.3,4519.9,100306.0
2026-06-03,4520.0,4525.1,4454.0,4466.9,106691.0
2026-06-04,4462.6,4543.2,4450.1,4505.0,109643.0
2026-06-05,4503.0,4508.7,4336.6,4365.3,179306.0
2026-06-07,4354.0,4377.5,4323.6,4336.2,27414.0
2026-06-08,4354.0,4377.5,4293.0,4363.4,144089.0
2026-06-09,4354.7,4388.6,4259.9,4286.4,138100.0
2026-06-10,4276.1,4281.1,4090.1,4133.3,206026.0
2026-06-11,4094.4,4241.3,4046.2,4114.0,206270.0
2026-06-12,4234.9,4267.8,4191.1,4238.8,136146.0
2026-06-14,4289.4,4356.8,4283.4,4345.9,31951.0
2026-06-15,4289.4,4391.5,4283.4,4351.6,132136.0
2026-06-16,4331.3,4376.5,4326.7,4354.4,89925.0
2026-06-17,4352.6,4403.6,4237.4,4381.4,160543.0
2026-06-18,4275.1,4350.2,4220.3,4245.9,139534.0
2026-06-19,4163.9,4238.1,4151.4,4202.7,177657.0
2026-06-21,4163.9,4238.1,4138.7,4194.0,99306.0
2026-06-22,4138.7998,4216.3999,4134.7998,4181.8999,18776.0
2026-06-23,4210.8,4216.0,4108.2,4149.4,118495.0
2026-06-24,4130.0,4132.4,3975.7,4008.8,189386.0
2026-06-25,4019.0,4060.0,3976.3,4047.6,147347.0
2026-06-26,4044.4,4111.5,3998.1,4096.3,118966.0
2026-06-28,4101.1,4102.9,4062.6,4083.2,17825.0
2026-06-29,4101.1,4102.9,4012.0,4038.9,107421.0
2026-06-30,4032.5,4078.1,3955.4,4038.5,125413.0
2026-07-01,4025.0,4131.0,3973.0,4082.4,146949.0
2026-07-02,4049.2,4157.1,4042.8,4125.7,125511.0
2026-07-03,4187.5,4215.5,4140.6,4167.5,147556.0
2026-07-05,4187.5,4214.1001,4133.7998,4209.0,59985.0
2026-07-06,4175.3999,4199.7002,4134.2002,4155.1001,142410.0
2026-07-07,4176.4,4192.4,4102.7,4157.4,110330.0
2026-07-08,4106.5,4144.7,4032.5,4082.4,170826.0
2026-07-09,4087.6,4148.4,4063.4,4140.8,125061.0
2026-07-10,4135.4,4144.6,4081.7,4113.7,98745.0
2026-07-12,4106.6001,4111.6001,4076.80005,4080.3999,4964.0
2026-07-13,4106.6,4111.6,3992.9,4005.7,154814.0
2026-07-14,4005.9,4112.5,3990.4,4069.7,151122.0
2026-07-15,4059.8,4089.1,4023.3,4051.8,113034.0
2026-07-16,4068.9,4071.9,3973.4,3992.1,125063.0
2026-07-17,3980.1,4028.9,3963.0,4018.8,112279.0
2026-07-20,4005.6,4046.0,3986.5,4015.9,102847.0
2026-07-21,4013.4,4092.5,4003.3,4076.4,119957.0
2026-07-22,4084.7,4171.4,4081.0,4151.9,132783.0
2026-07-23,4126.0,4144.0,4042.5,4050.2,159889.0
2026-07-24,4053.4,4085.2,4024.0,4070.8,120072.0
2026-07-27,4097.5,4119.3,4067.1,4077.0,135087.0
2026-07-28,4083.0,4085.7,4011.1,4038.7,167757.0
2026-07-29,4020.9,4115.2,3993.8,4036.3,89664.0
2026-07-30,4126.7,4180.2,4085.0,4160.6,149370.0
2026-07-31,4163.9,4170.7,4076.4,4107.0,110633.0
2026-08-03,4135.2,4145.5,4074.0,4090.5,93289.0
2026-08-04,4109.6,4163.8,4098.2,4152.6,118831.0
2026-08-05,4133.8,4328.2,4121.6,4305.2,211902.0
2026-08-06,4307.0,4363.7,4281.2,4299.6,167624.0
2026-08-07,4298.3,4432.3,4288.0,4399.7,190635.0
2026-08-10,4400.0,4453.8,4373.9,4419.7,118606.0
2026-08-11,4446.9,4495.0,4415.7,4441.1,138129.0
2026-08-12,4430.0,4502.7,4421.4,4467.5,153093.0
2026-08-13,4468.8,4509.1,4400.0,4420.4,139219.0
2026-08-14,4408.2,4454.6,4365.5,4437.3,126955.0
2026-08-17,4440.0,4486.5,4422.3,4473.7,121052.0
2026-08-18,4473.4,4493.1,4383.3,4420.6,131150.0
2026-08-19,4391.4,4582.8,4378.0,4545.3,250482.0
2026-08-20,4580.0,4597.1,4506.0,4571.4,186475.0
2026-08-21,4577.0,4690.4,4565.5,4680.6,195566.0
2026-08-24,4673.4,4738.5,4651.8,4697.8,206802.0
2026-08-25,4710.1,4755.0,4659.5,4694.5,176784.0
2026-08-26,4715.7,4730.9,4638.2,4653.3,151459.0
2026-08-27,4650.0,4697.7,4616.0,4664.0,140302.0
2026-08-28,4656.0,4688.0,4495.0,4529.9,274603.0
2026-08-31,4483.2,4521.5,4445.6,4481.5,152216.0
2026-09-01,4498.7,4510.5,4369.7,4396.4,198560.0
2026-09-02,4377.2,4444.4,4329.2,4414.6,187568.0
2026-09-03,4436.4,4558.5,4426.7,4539.9,209167.0
2026-09-04,4522.0,4537.8,4412.0,4476.6,189656.0
2026-09-07,4466.5,4488.8,4381.0,4439.0,217162.0
2026-09-08,4391.8999,4406.1001,4384.3999,4393.8999,214508.0
2026-09-09,4399.0,4479.0,4384.1,4460.7,164390.0
2026-09-10,4448.0,4479.9,4354.7,4407.3,201300.0
2026-09-11,4359.4,4444.9,4333.0,4408.9,201300.0
2026-09-14,4375.0,4396.8,4293.0,4351.9,187975.0
2026-09-15,4340.3,4358.2,4323.8,4338.1,32364.0
