date,open,high,low,close,volume
2006-10-26,59.029999,59.45,58.98,59.29,5241100.0
2006-10-27,59.43,59.57,59.040001,59.4,3080700.0
2006-10-30,60.049999,60.65,59.88,59.9,4675700.0
2006-10-31,59.59,60.36,59.57,60.24,4603000.0
2006-11-01,61.029999,61.55,60.68,61.36,8172300.0
2006-11-02,61.47,62.19,61.47,61.92,6680500.0
2006-11-03,61.81,62.5,61.65,62.3,7359200.0
2006-11-06,62.17,62.34,61.85,61.89,4078400.0
2006-11-07,62.35,62.48,61.97,62.040001,5332400.0
2006-11-08,61.94,62.080002,60.87,61.11,5319300.0
2006-11-09,62.12,63.13,61.94,62.95,6634800.0
2006-11-10,62.7,62.82,62.060001,62.49,4437000.0
2006-11-13,61.93,62.25,61.77,62.19,3408800.0
2006-11-14,62.31,62.52,61.46,61.63,5706200.0
2006-11-15,61.34,62.07,61.25,61.84,3760500.0
2006-11-16,62.16,62.3,61.27,61.31,4347500.0
2006-11-17,61.4,61.78,61.34,61.78,3390900.0
2006-11-20,62.060001,62.25,61.56,61.77,2947200.0
2006-11-21,62.25,62.52,62.029999,62.27,2930400.0
2006-11-22,62.64,63.07,62.25,62.5,4863600.0
2006-11-24,63.48,63.68,63.31,63.5,6886100.0
2006-11-27,63.46,63.74,63.32,63.7,5249800.0
2006-11-28,63.6,63.71,62.82,63.57,6057400.0
2006-11-29,63.37,63.39,63.080002,63.16,4006500.0
2006-11-30,64.07,64.43,63.9,64.39,6362700.0
2006-12-01,64.2,64.55,63.99,64.12,6363800.0
2006-12-04,64.029999,64.14,63.56,64.12,3469100.0
2006-12-05,64.25,64.42,63.36,63.81,5254600.0
2006-12-06,63.080002,63.45,62.29,62.69,6386500.0
2006-12-07,62.64,62.78,61.99,62.73,5384600.0
2006-12-08,63.080002,63.34,61.87,62.049999,6080900.0
2006-12-11,62.18,62.6,62.07,62.57,3163800.0
2006-12-12,62.41,62.56,62.17,62.52,3017900.0
2006-12-13,62.099998,62.57,61.88,62.48,3595400.0
2006-12-14,62.29,62.47,62.040001,62.12,2237300.0
2006-12-15,62.21,62.22,60.93,61.0,7427800.0
2006-12-18,60.85,61.11,60.65,61.040001,3880800.0
2006-12-19,61.2,61.83,61.18,61.8,4254900.0
2006-12-20,61.64,61.8,61.45,61.62,2979300.0
2006-12-21,61.58,61.7,61.27,61.38,2483300.0
2006-12-22,61.45,61.8,61.32,61.65,1367400.0
2006-12-26,62.24,62.45,61.87,61.98,1975200.0
2006-12-27,62.3,62.46,62.17,62.22,3063500.0
2006-12-28,62.97,63.049999,62.69,62.9,2538900.0
2006-12-29,62.91,63.25,62.88,63.21,2117200.0
2007-01-03,63.58,64.019997,62.0,62.28,8061900.0
2007-01-04,62.07,62.5,61.52,61.65,4858600.0
2007-01-05,60.75,60.78,59.66,60.17,12500100.0
2007-01-08,60.38,60.54,59.85,60.48,3478700.0
2007-01-09,60.14,61.09,60.060001,60.85,4170400.0
2007-01-10,60.46,60.82,60.060001,60.59,3766000.0
2007-01-11,60.7,61.07,60.53,60.63,4640000.0
2007-01-12,61.0,62.28,60.9,62.17,5840200.0
2007-01-16,62.2,62.3,61.74,61.97,3201000.0
2007-01-17,61.97,62.9,61.97,62.64,4516200.0
2007-01-18,62.99,63.16,62.15,62.26,4460100.0
2007-01-19,62.52,63.13,62.27,63.0,3258400.0
2007-01-22,63.0099983,63.48,62.65,62.72,3941200.0
2007-01-23,63.68,64.29,63.67,64.23,6322000.0
2007-01-24,63.71,64.41,63.37,64.33,5241200.0
2007-01-25,64.8,64.88,63.98,64.059998,5985700.0
2007-01-26,64.16,64.31,63.76,64.17,3493900.0
2007-01-29,63.85,64.29,63.66,63.77,3487300.0
2007-01-30,63.92,64.23,63.83,64.22,3094200.0
2007-01-31,63.99,64.98,63.95,64.83,5900900.0
2007-02-01,65.45,65.63,65.059998,65.22,6284700.0
2007-02-02,64.76,64.8,63.8,64.28,9078500.0
2007-02-05,64.68,64.69,64.24,64.31,2553500.0
2007-02-06,65.050003,65.099998,64.53,64.79,2928800.0
2007-02-07,64.78,65.15,64.48,64.63,3075300.0
2007-02-08,64.92,65.61,64.83,65.52,4769900.0
2007-02-09,65.27,66.38,65.22,66.12,6816500.0
2007-02-12,66.0,66.11,65.41,65.67,4113500.0
2007-02-13,66.13,66.34,65.55,65.84,4143300.0
2007-02-14,66.23,66.66,65.97,66.37,4174600.0
2007-02-15,66.22,66.53,65.71,66.41,7673400.0
2007-02-16,65.94,66.39,65.76,66.36,3200400.0
2007-02-20,66.099998,66.099998,65.0,65.31,4810700.0
2007-02-21,65.31,67.71,65.2,67.35,11076700.0
2007-02-22,67.44,67.56,66.97,67.15,6562800.0
2007-02-23,67.35,68.29,67.35,67.72,8126200.0
2007-02-26,67.97,68.23,67.63,68.099998,5254200.0
2007-02-27,67.34,68.33,65.07,65.41,15208600.0
2007-02-28,66.73,66.93,65.54,66.48,8924200.0
2007-03-01,66.23,66.75,65.58,65.82,7108000.0
2007-03-02,64.59,65.0,63.34,63.71,13732200.0
2007-03-05,63.12,63.78,62.62,62.93,9829800.0
2007-03-06,63.66,64.37,63.46,64.15,6992700.0
2007-03-07,64.14,64.64,63.55,64.3,6131800.0
2007-03-08,64.79,65.040001,64.43,64.48,4285000.0
2007-03-09,64.82,65.22,64.15,64.25,9025500.0
2007-03-12,64.54,64.74,63.96,64.37,4558800.0
2007-03-13,64.29,64.69,63.57,63.72,4332100.0
2007-03-14,63.34,64.059998,63.09,63.94,7417000.0
2007-03-15,64.029999,64.46,63.88,63.98,7037700.0
2007-03-16,64.54,64.99,64.38,64.62,5040100.0
2007-03-19,64.88,64.94,64.63,64.74,2990500.0
2007-03-20,64.93,65.54,64.93,65.27,4416300.0
2007-03-21,65.54,65.9,65.12,65.82,5059000.0
2007-03-22,65.78,66.13,65.6,65.76,4719700.0
2007-03-23,65.79,65.9,64.9,65.15,5593000.0
2007-03-26,65.36,65.97,65.36,65.84,3928800.0
2007-03-27,65.88,65.97,65.5,65.7,3261700.0
2007-03-28,66.14,66.48,65.77,66.050003,6310000.0
2007-03-29,65.97,66.0,64.93,65.65,5448300.0
2007-03-30,65.74,66.21,65.49,65.74,4290200.0
2007-04-02,65.74,66.14,65.029999,65.85,5378100.0
2007-04-03,65.67,66.22,65.65,65.83,4141700.0
2007-04-04,66.089996,66.98,66.0,66.81,7126100.0
2007-04-05,66.7,66.96,66.59,66.86,3592700.0
2007-04-09,66.88,67.2,66.46,66.53,3297300.0
2007-04-10,67.16,67.55,66.98,67.16,2741900.0
2007-04-11,67.26,67.5,66.81,67.080002,4357100.0
2007-04-12,67.059998,67.25,66.48,66.99,6021900.0
2007-04-13,67.49,67.97,67.19,67.84,5062700.0
2007-04-16,68.14,68.5,67.68,68.4,7912300.0
2007-04-17,68.31,68.48,67.98,68.0,4159000.0
2007-04-18,68.099998,68.45,67.95,68.38,4933500.0
2007-04-19,68.0,68.040001,67.25,67.53,5344600.0
2007-04-20,68.58,68.73,68.35,68.7,3358100.0
2007-04-23,68.41,68.65,68.040001,68.26,2487500.0
2007-04-24,68.45,68.5,67.43,67.73,5073700.0
2007-04-25,67.85,68.059998,67.66,67.89,2614100.0
2007-04-26,67.43,67.43,66.5,66.87,4668000.0
2007-04-27,66.84,67.57,66.84,67.56,5231700.0
2007-04-30,67.2,67.52,67.040001,67.089996,2605400.0
2007-05-01,66.98,67.0,66.54,66.69,3946300.0
2007-05-02,66.34,66.75,66.11,66.66,4499300.0
2007-05-03,66.87,67.62,66.68,67.49,3936200.0
2007-05-04,67.74,68.43,67.74,68.19,3313800.0
2007-05-07,68.42,68.46,68.019997,68.25,1995100.0
2007-05-08,67.95,68.019997,67.53,67.88,2475300.0
2007-05-09,67.81,67.84,66.92,67.45,4647500.0
2007-05-10,67.040001,67.11,65.8,66.0,5536000.0
2007-05-11,66.13,66.66,66.13,66.45,2937300.0
2007-05-14,66.63,66.65,66.0,66.28,3597600.0
2007-05-15,65.89,66.73,65.88,66.54,2566600.0
2007-05-16,66.37,66.37,65.32,65.6,7268500.0
2007-05-17,65.44,65.6,64.72,65.059998,8707000.0
2007-05-18,65.07,65.67,64.85,65.52,3158200.0
2007-05-21,65.29,65.76,65.059998,65.67,10954300.0
2007-05-22,65.7,65.82,65.16,65.2,5886700.0
2007-05-23,65.52,65.89,65.45,65.54,6441800.0
2007-05-24,65.46,65.46,64.52,64.75,6228000.0
2007-05-25,64.96,65.080002,64.73,64.94,4217600.0
2007-05-29,65.12,65.57,64.94,65.07,3343100.0
2007-05-30,64.86,64.86,64.6,64.72,2742800.0
2007-05-31,65.16,65.58,65.07,65.54,7530700.0
2007-06-01,65.7,66.54,65.7,66.44,5634800.0
2007-06-04,66.61,66.76,66.3,66.54,2626300.0
2007-06-05,66.7,66.7,66.23,66.37,3728100.0
2007-06-06,66.11,66.55,65.88,66.41,3596600.0
2007-06-07,66.27,66.4,65.16,65.26,6394300.0
2007-06-08,64.88,65.019997,63.74,64.22,7313100.0
2007-06-11,64.34,64.87,64.34,64.7,4606600.0
2007-06-12,64.52,64.53,63.91,64.099998,4073200.0
2007-06-13,63.95,64.65,63.9,64.53,2803300.0
2007-06-14,64.16,64.8,63.95,64.6,2765400.0
2007-06-15,64.43,64.94,64.4,64.85,3032900.0
2007-06-18,65.19,65.25,64.82,64.95,1791000.0
2007-06-19,64.79,65.56,64.75,65.48,2700900.0
2007-06-20,65.42,65.51,64.6,64.71,2591600.0
2007-06-21,64.73,65.019997,64.13,64.56,2709200.0
2007-06-22,64.9,64.98,64.43,64.78,1890800.0
2007-06-25,64.48,64.74,64.22,64.43,3424900.0
2007-06-26,64.2,64.25,63.39,63.62,8276400.0
2007-06-27,63.54,63.89,63.43,63.67,4689400.0
2007-06-28,63.98,64.38,63.91,64.26,4231700.0
2007-06-29,64.29,64.64,64.15,64.27,2756400.0
2007-07-02,64.51,65.23,64.51,65.019997,2706200.0
2007-07-03,65.059998,65.059998,64.58,64.74,1835300.0
2007-07-05,64.99,65.0,63.92,64.42,4333200.0
2007-07-06,64.18,64.97,63.88,64.96,8080700.0
2007-07-09,65.0,65.68,64.99,65.38,5280800.0
2007-07-10,65.7,65.86,65.36,65.61,4016200.0
2007-07-11,65.82,65.82,65.34,65.44,3647000.0
2007-07-12,65.89,66.29,65.45,66.019997,5870600.0
2007-07-13,66.080002,66.23,65.67,66.029999,3817800.0
2007-07-16,66.19,66.19,65.67,65.82,4579600.0
2007-07-17,65.66,66.080002,65.65,65.75,1878600.0
2007-07-18,66.11,66.8,65.9,66.62,5238700.0
2007-07-19,66.7,67.12,66.61,67.010002,4607900.0
2007-07-20,67.13,68.0,67.12,67.58,5408600.0
2007-07-23,67.8,67.8,67.31,67.47,3892400.0
2007-07-24,67.72,68.0,67.3,67.47,3763000.0
2007-07-25,67.19,67.22,66.35,66.9,7530500.0
2007-07-26,66.46,66.8,64.73,65.65,10704100.0
2007-07-27,65.28,65.61,64.97,65.41,5341900.0
2007-07-30,65.37,65.92,65.07,65.77,3046800.0
2007-07-31,66.18,66.39,65.12,65.79,4006500.0
2007-08-01,65.5,66.059998,65.38,65.93,6364400.0
2007-08-02,65.96,66.010002,65.55,65.89,5331500.0
2007-08-03,65.85,66.92,65.85,66.69,10736000.0
2007-08-06,66.66,66.67,66.21,66.52,2973200.0
2007-08-07,66.089996,66.58,65.91,66.48,4147200.0
2007-08-08,66.73,67.54,66.18,66.77,4252100.0
2007-08-09,65.95,65.95,65.24,65.46,9407200.0
2007-08-10,65.44,66.96,65.44,66.57,8831700.0
2007-08-13,66.45,66.52,66.18,66.26,3644000.0
2007-08-14,66.25,66.5,65.95,66.29,4749600.0
2007-08-15,65.78,66.43,65.57,66.13,5886400.0
2007-08-16,65.49,65.81,63.47,64.68,18367500.0
2007-08-17,64.56,65.73,64.56,65.010002,6374300.0
2007-08-20,65.059998,65.4,64.78,65.12,4475200.0
2007-08-21,65.18,65.3,64.73,65.07,4478600.0
2007-08-22,65.22,65.53,65.17,65.4,4251100.0
2007-08-23,65.64,65.8,65.13,65.31,3027400.0
2007-08-24,65.42,66.21,65.31,66.11,3648300.0
2007-08-27,66.010002,66.050003,65.86,65.98,1865700.0
2007-08-28,65.95,66.099998,65.48,65.59,3473100.0
2007-08-29,65.89,66.2,65.73,66.07,4469800.0
2007-08-30,65.87,66.099998,65.63,65.8,3027700.0
2007-08-31,66.61,66.77,66.46,66.52,4089900.0
2007-09-04,66.74,67.66,66.59,67.44,6640300.0
2007-09-05,67.35,67.62,67.18,67.56,6268300.0
2007-09-06,67.92,69.080002,67.89,68.86,15880800.0
2007-09-07,69.26,70.0,69.0,69.39,14960000.0
2007-09-10,69.96,69.96,68.73,69.62,7598500.0
2007-09-11,69.86,70.7,69.52,70.52,11182400.0
2007-09-12,70.5,70.63,69.83,70.46,8032800.0
2007-09-13,70.07,70.26,69.61,70.080002,4612400.0
2007-09-14,69.9,70.97,69.86,69.99,7733200.0
2007-09-17,70.4,71.24,70.35,70.97,7457800.0
2007-09-18,71.2,72.0,70.4,71.7,14253100.0
2007-09-19,71.74,71.8,71.25,71.43,10937800.0
2007-09-20,72.15,73.099998,71.95,72.72,11945000.0
2007-09-21,72.65,73.0,71.47,72.34,9937400.0
2007-09-24,72.57,72.63,71.82,72.28,6475100.0
2007-09-25,71.82,72.59,71.64,72.33,5503500.0
2007-09-26,72.25,72.93,71.85,72.0,9418300.0
2007-09-27,72.65,72.8,72.17,72.7,5728200.0
2007-09-28,73.19,73.8,72.74,73.51,8837600.0
2007-10-01,73.49,73.98,73.29,73.9,4823700.0
2007-10-02,72.45,72.68,71.63,72.35,10720000.0
2007-10-03,72.25,72.65,71.35,71.9,8186000.0
2007-10-04,71.8,73.059998,71.24,72.87,9178500.0
2007-10-05,72.8,73.64,71.88,73.4,10597200.0
2007-10-08,72.66,72.89,72.28,72.53,3447600.0
2007-10-09,72.29,73.3,72.099998,73.089996,7416100.0
2007-10-10,73.6,73.82,72.63,73.36,4615000.0
2007-10-11,73.98,74.59,73.28,73.91,10291400.0
2007-10-12,73.93,74.59,73.75,74.59,3604200.0
2007-10-15,74.99,75.2,74.49,75.14,6705300.0
2007-10-16,74.87,75.45,73.78,75.12,6622900.0
2007-10-17,75.31,75.66,74.31,74.5,9355300.0
2007-10-18,75.38,76.0,75.33,76.0,5646900.0
2007-10-19,76.089996,76.29,74.54,75.7,9507800.0
2007-10-22,74.089996,74.77,73.84,74.6,8636500.0
2007-10-23,75.11,75.26,74.63,75.23,3096400.0
2007-10-24,74.84,75.59,74.79,75.52,5660600.0
2007-10-25,75.94,76.17,75.66,76.029999,6487800.0
2007-10-26,76.87,77.74,76.67,77.69,8544200.0
2007-10-29,78.27,78.32,77.65,78.12,6881000.0
2007-10-30,77.66,77.66,77.010002,77.35,5608600.0
2007-10-31,77.78,78.95,76.89,78.62,8872900.0
2007-11-01,78.4,78.9,77.5,77.93,7545500.0
2007-11-02,78.55,79.9,77.48,79.83,9911400.0
2007-11-05,79.68,80.24,79.11,79.75,5025300.0
2007-11-06,81.029999,81.52,80.7,81.43,7692500.0
2007-11-07,83.21,83.24,81.33,82.24,16512900.0
2007-11-08,82.43,83.63,81.73,82.23,17356200.0
2007-11-09,81.79,82.63,81.22,82.18,6947800.0
2007-11-12,80.41,80.44,78.25,78.3,17297000.0
2007-11-13,79.4,79.93,77.86,79.12,11438200.0
2007-11-14,80.21,80.68,79.91,80.28,5703700.0
2007-11-15,79.18,79.5,77.3,77.95,10908200.0
2007-11-16,78.34,78.85,77.17,77.75,8078000.0
2007-11-19,77.84,78.0,76.11,77.24,6088600.0
2007-11-20,78.029999,80.040001,77.3,79.47,12081600.0
2007-11-21,79.3,79.55,78.56,79.36,7264100.0
2007-11-23,80.040001,81.61,80.019997,81.25,5259700.0
2007-11-26,82.25,82.25,81.13,81.3,7440200.0
2007-11-27,80.7,80.89,79.81,80.099998,7229900.0
2007-11-28,79.42,79.87,78.76,79.57,9706700.0
2007-11-29,79.28,79.33,78.28,78.28,9306700.0
2007-11-30,78.35,78.6,76.98,77.32,9509100.0
2007-12-03,77.39,78.3,77.3,78.28,6265700.0
2007-12-04,78.63,79.62,78.57,79.4,7721900.0
2007-12-05,79.25,79.25,78.19,78.63,7685300.0
2007-12-06,77.92,79.65,77.8,79.37,6840200.0
2007-12-07,79.010002,79.6,78.19,78.6,8328500.0
2007-12-10,79.15,80.3,79.13,80.0,4850900.0
2007-12-11,79.75,80.46,78.68,78.84,9579200.0
2007-12-12,80.050003,80.92,79.94,80.49,9702500.0
2007-12-13,79.59,79.62,78.3,78.5,9552200.0
2007-12-14,78.41,78.57,77.82,78.52,6827000.0
2007-12-17,78.13,78.79,77.81,78.13,6495900.0
2007-12-18,79.59,79.59,78.82,79.25,6757700.0
2007-12-19,79.23,79.57,78.98,79.24,5638500.0
2007-12-20,78.91,79.11,78.36,78.67,6345600.0
2007-12-21,80.16,80.32,79.92,80.099998,4603300.0
2007-12-24,80.21,80.63,80.14,80.14,2863500.0
2007-12-26,81.059998,81.67,81.0,81.52,5896700.0
2007-12-27,81.88,82.17,81.37,81.56,5050300.0
2007-12-28,82.38,83.019997,82.35,83.0,5134700.0
2007-12-31,82.74,82.83,81.98,82.46,3815600.0
2008-01-02,83.56,85.14,83.44,84.86,12291100.0
2008-01-03,84.87,85.94,84.6,85.57,9553900.0
2008-01-04,85.34,85.55,84.43,85.13,8402200.0
2008-01-07,85.24,85.26,84.57,84.77,6944300.0
2008-01-08,86.28,87.13,86.16,86.78,9567900.0
2008-01-09,86.56,87.2,86.3,86.55,10080200.0
2008-01-10,86.42,88.46,86.41,88.25,12916300.0
2008-01-11,88.040001,88.76,87.85,88.58,6978800.0
2008-01-14,89.45,89.94,89.0,89.54,10085000.0
2008-01-15,89.6,90.35,87.91,87.99,23853900.0
2008-01-16,88.17,88.66,86.32,86.7,26919000.0
2008-01-17,87.5,87.98,86.47,86.5,13592300.0
2008-01-18,87.17,87.46,86.51,87.42,9094500.0
2008-01-22,86.14,88.44,85.77,88.17,20679600.0
2008-01-23,87.16,88.67,86.73,87.89,14282000.0
2008-01-24,89.72,90.25,89.13,90.080002,10627200.0
2008-01-25,90.93,91.080002,89.5,90.3,9703900.0
2008-01-28,90.96,91.89,90.75,91.75,8533200.0
2008-01-29,91.36,91.72,90.81,91.15,9091600.0
2008-01-30,90.71,92.58,90.45,92.059998,14378100.0
2008-01-31,90.92,91.66,90.74,91.4,7791500.0
2008-02-01,91.75,91.87,89.22,89.35,19635600.0
2008-02-04,88.51,89.52,88.050003,89.099998,10285000.0
2008-02-05,87.9,88.69,87.3,87.68,11170100.0
2008-02-06,89.0,89.65,88.75,88.95,8787200.0
2008-02-07,88.95,89.94,88.81,89.85,8971300.0
2008-02-08,90.0,91.0,89.99,91.0,9128200.0
2008-02-11,91.040001,91.46,90.44,91.33,6832200.0
2008-02-12,90.83,91.4,89.099998,89.33,10225900.0
2008-02-13,88.88,89.99,88.67,89.44,10038800.0
2008-02-14,89.37,90.11,89.35,89.71,6882500.0
2008-02-15,90.3,90.32,88.63,89.15,5586100.0
2008-02-19,91.23,91.94,90.98,91.58,8371600.0
2008-02-20,90.84,93.31,90.75,93.24,10632400.0
2008-02-21,93.44,94.22,93.019997,93.25,12952200.0
2008-02-22,93.56,93.72,92.35,93.39,7576900.0
2008-02-25,93.71,93.71,92.11,92.74,11954500.0
2008-02-26,92.43,93.97,92.18,93.71,8452200.0
2008-02-27,94.56,94.94,93.97,94.78,9926500.0
2008-02-28,94.92,96.080002,94.47,95.99,11211200.0
2008-02-29,95.82,96.24,95.22,96.18,9347800.0
2008-03-03,97.52,97.74,96.68,97.24,11479000.0
2008-03-04,97.28,97.45,94.39,95.18,21356500.0
2008-03-05,96.099998,98.15,95.93,97.72,15354300.0
2008-03-06,96.98,97.29,95.26,96.5,18543500.0
2008-03-07,96.6,96.68,95.72,96.089996,10066900.0
2008-03-10,95.0,96.34,94.88,95.87,10868400.0
2008-03-11,96.52,96.98,95.19,95.99,14343300.0
2008-03-12,96.58,97.38,96.24,97.010002,8178200.0
2008-03-13,98.5,98.73,97.73,98.34,14681500.0
2008-03-14,98.029999,99.53,98.010002,98.71,17565100.0
2008-03-17,99.32,100.44,98.0,99.17,26505900.0
2008-03-18,99.35,99.51,96.35,96.5,20966100.0
2008-03-19,95.65,96.0,92.5,93.040001,37594300.0
2008-03-20,90.73,91.65,89.8,89.91,28830000.0
2008-03-24,90.65,91.51,89.78,90.099998,14325700.0
2008-03-25,91.91,92.79,91.28,92.73,15839900.0
2008-03-26,93.11,94.0,93.059998,93.8,12389000.0
2008-03-27,93.51,94.089996,92.95,93.46,7560500.0
2008-03-28,91.96,92.45,91.11,91.88,8786600.0
2008-03-31,92.56,92.65,89.96,90.41,11165000.0
2008-04-01,87.86,88.31,86.050003,86.86,23673200.0
2008-04-02,87.28,89.76,87.22,89.27,13537500.0
2008-04-03,88.59,89.75,87.64,89.42,9324800.0
2008-04-04,89.48,90.34,89.31,90.25,7228200.0
2008-04-07,90.73,91.75,90.6,91.17,8196200.0
2008-04-08,90.040001,90.49,89.72,90.35,5773000.0
2008-04-09,90.3,92.37,90.24,92.29,10572400.0
2008-04-10,92.32,92.56,90.97,91.77,7758500.0
2008-04-11,91.41,91.83,90.55,91.3,6545700.0
2008-04-14,91.32,91.98,91.059998,91.11,4697000.0
2008-04-15,91.73,91.91,91.38,91.66,6635400.0
2008-04-16,93.19,93.71,93.010002,93.27,8469200.0
2008-04-17,93.31,93.51,92.48,92.56,6875300.0
2008-04-18,89.72,90.7,88.96,90.62,11390700.0
2008-04-21,90.79,90.87,89.89,90.25,11927500.0
2008-04-22,90.42,91.35,90.12,90.27,14043600.0
2008-04-23,89.0,89.55,88.44,89.22,18170500.0
2008-04-24,88.26,89.91,87.099998,87.22,22846600.0
2008-04-25,88.33,88.42,87.19,87.27,11179900.0
2008-04-28,87.88,88.4,87.67,87.69,8071700.0
2008-04-29,86.73,86.9,85.54,85.81,14689000.0
2008-04-30,86.099998,86.79,85.11,86.65,17701500.0
2008-05-01,84.51,84.56,83.57,83.99,17664500.0
2008-05-02,83.96,84.79,83.96,84.58,8744400.0
2008-05-05,85.68,86.29,85.29,86.27,7381300.0
2008-05-06,86.33,87.15,86.33,86.63,10760400.0
2008-05-07,85.47,86.099998,85.2,85.82,7218400.0
2008-05-08,86.76,87.4,86.42,87.24,8628600.0
2008-05-09,87.37,87.59,85.84,87.42,9926600.0
2008-05-12,86.92,87.64,86.79,86.99,5010000.0
2008-05-13,85.12,86.14,84.92,85.39,7359800.0
2008-05-14,85.73,85.81,85.099998,85.2,8650600.0
2008-05-15,87.13,87.6,86.23,87.0,9437900.0
2008-05-16,88.52,89.3,88.019997,89.099998,12075300.0
2008-05-19,89.57,89.7,88.87,89.39,5931200.0
2008-05-20,89.61,91.17,89.56,90.9,10683000.0
2008-05-21,90.61,92.11,90.61,91.96,11346200.0
2008-05-22,91.2,91.63,90.5,90.98,8864400.0
2008-05-23,91.33,92.0,90.96,91.23,6062800.0
2008-05-27,89.84,89.87,89.16,89.36,7601700.0
2008-05-28,88.49,89.19,88.35,89.14,8104100.0
2008-05-29,86.94,87.6,86.099998,86.51,12696700.0
2008-05-30,87.34,87.69,86.96,87.45,4944200.0
2008-06-02,87.47,88.55,87.44,87.96,5277100.0
2008-06-03,86.65,87.35,86.52,86.88,8396000.0
2008-06-04,87.089996,87.42,86.56,86.65,7157500.0
2008-06-05,85.97,86.81,85.66,86.45,14130900.0
2008-06-06,87.79,89.059998,87.69,89.059998,17431700.0
2008-06-09,88.54,89.24,87.84,87.99,9172100.0
2008-06-10,86.28,86.76,85.11,85.55,13903800.0
2008-06-11,86.57,87.099998,86.35,87.019997,10153600.0
2008-06-12,85.19,86.07,84.83,85.6,9826200.0
2008-06-13,85.33,86.019997,85.040001,85.83,8429000.0
2008-06-16,88.2,88.2,86.97,87.010002,6993700.0
2008-06-17,86.72,87.52,86.7,87.25,5285800.0
2008-06-18,87.66,88.41,87.13,88.28,7818800.0
2008-06-19,89.37,89.5,88.39,88.42,10520500.0
2008-06-20,88.82,89.61,88.77,88.95,10057800.0
2008-06-23,87.010002,87.4,86.74,87.089996,12784300.0
2008-06-24,87.3,88.24,87.24,87.47,7398500.0
2008-06-25,87.43,87.58,86.13,87.42,10897700.0
2008-06-26,89.5,90.86,89.5,90.61,18407600.0
2008-06-27,90.98,91.82,90.65,91.47,14490300.0
2008-06-30,91.89,91.9,90.53,91.4,7289000.0
2008-07-01,92.53,93.35,92.34,92.66,15479800.0
2008-07-02,92.28,93.33,92.13,93.17,11460400.0
2008-07-03,92.17,92.68,91.68,92.059998,9609500.0
2008-07-07,90.57,91.65,90.16,91.23,12300200.0
2008-07-08,90.55,91.15,89.93,90.86,11215600.0
2008-07-09,90.88,91.64,90.86,91.5,11362800.0
2008-07-10,92.4,93.6,92.35,93.53,16817000.0
2008-07-11,95.029999,95.5,94.25,95.16,25994600.0
2008-07-14,95.089996,96.2,94.92,95.91,21242900.0
2008-07-15,96.55,97.5,95.43,96.17,30347100.0
2008-07-16,96.27,96.5,94.34,94.44,19897400.0
2008-07-17,94.7,96.51,94.07,94.22,25185100.0
2008-07-18,94.22,94.93,94.019997,94.17,8585100.0
2008-07-21,94.75,95.15,94.45,95.12,7323800.0
2008-07-22,95.73,95.86,92.94,93.059998,17553700.0
2008-07-23,92.64,92.79,90.44,90.57,25791800.0
2008-07-24,91.080002,91.62,90.25,91.33,13072100.0
2008-07-25,91.029999,91.73,90.53,91.69,7599500.0
2008-07-28,91.39,92.0,90.94,91.73,8809600.0
2008-07-29,91.23,91.27,90.089996,90.59,12992200.0
2008-07-30,88.86,89.72,88.080002,89.52,17379900.0
2008-07-31,91.050003,91.14,89.87,90.080002,10976400.0
2008-08-01,89.5,90.45,89.37,89.57,10893500.0
2008-08-04,89.080002,89.68,88.040001,88.14,14979800.0
2008-08-05,87.28,87.41,85.94,86.080002,20185400.0
2008-08-06,86.8,87.0,86.010002,86.64,12404200.0
2008-08-07,86.64,86.78,85.51,86.089996,9961700.0
2008-08-08,84.35,84.68,83.83,84.43,13513900.0
2008-08-11,84.46,84.49,80.6,81.13,23567000.0
2008-08-12,80.74,81.010002,79.55,80.52,20131800.0
2008-08-13,80.59,81.85,80.39,81.56,17007500.0
2008-08-14,80.71,81.099998,79.28,79.35,15542600.0
2008-08-15,78.0,78.32,76.61,77.63,29754000.0
2008-08-18,78.53,79.17,77.81,78.8,14071900.0
2008-08-19,77.92,80.52,77.7,80.43,16757100.0
2008-08-20,80.15,80.66,78.81,80.059998,14714000.0
2008-08-21,82.010002,84.54,81.75,82.3,17031100.0
2008-08-22,81.49,81.96,80.94,81.080002,7854700.0
2008-08-25,81.099998,81.34,80.56,80.93,6512800.0
2008-08-26,80.61,81.85,80.6,81.23,8578700.0
2008-08-27,81.89,82.050003,81.0,81.36,7097500.0
2008-08-28,83.059998,83.13,81.27,82.18,9351600.0
2008-08-29,82.31,82.47,81.58,81.71,5124800.0
2008-09-02,78.16,79.79,77.98,79.2,12680900.0
2008-09-03,79.19,79.69,78.34,78.89,10707700.0
2008-09-04,79.7,79.78,78.14,78.39,10869900.0
2008-09-05,80.080002,80.27,78.17,78.98,10738700.0
2008-09-08,80.099998,80.35,78.47,78.86,10016900.0
2008-09-09,77.39,77.82,76.24,76.49,20197500.0
2008-09-10,76.88,76.93,74.099998,74.22,29365500.0
2008-09-11,73.61,73.93,72.51,73.080002,23774700.0
2008-09-12,74.26,75.58,73.48,75.55,17595400.0
2008-09-15,76.64,77.73,76.0,77.56,17004100.0
2008-09-16,76.69,77.29,76.3,76.79,17192100.0
2008-09-17,77.11,85.6,77.089996,85.46,65774700.0
2008-09-18,85.49,90.78,81.9,82.8,60589200.0
2008-09-19,85.58,86.44,84.0,85.98,25484700.0
2008-09-22,86.85,89.54,86.81,89.18,35324400.0
2008-09-23,88.87,89.099998,86.72,88.32,22342900.0
2008-09-24,88.68,88.76,86.7,86.71,17238600.0
2008-09-25,87.12,87.8,85.010002,86.45,20692000.0
2008-09-26,87.029999,90.17,86.59,86.64,21980100.0
2008-09-29,87.059998,92.0,86.97,89.57,40569700.0
2008-09-30,87.31,87.36,84.21,85.07,20437900.0
2008-10-01,86.23,88.050003,85.18,85.97,16785400.0
2008-10-02,84.56,84.66,81.62,82.33,22651000.0
2008-10-03,81.23,83.44,81.050003,82.59,24055400.0
2008-10-06,85.84,86.45,84.25,84.28,21675700.0
2008-10-07,87.18,87.7,85.53,87.27,20282100.0
2008-10-08,90.69,90.84,88.050003,89.42,31204900.0
2008-10-09,87.29,90.58,86.54,89.9,19981800.0
2008-10-10,89.59,90.72,81.38,83.22,45067300.0
2008-10-13,83.61,83.9,80.92,81.99,17028700.0
2008-10-14,82.4,83.31,81.61,82.2,12383200.0
2008-10-15,82.2,84.39,82.080002,83.31,16906100.0
2008-10-16,82.4,82.5,77.22,79.29,30645600.0
2008-10-17,77.12,80.78,75.0,77.21,15336700.0
2008-10-20,77.77,78.56,77.27,78.5,9331900.0
2008-10-21,75.9,76.94,74.89,76.029999,10859600.0
2008-10-22,74.44,74.45,66.0,71.71,23283700.0
2008-10-23,69.64,72.19,69.5,70.65,16651600.0
2008-10-24,69.3,73.93,69.07,72.21,22471800.0
2008-10-27,71.13,73.61,70.72,72.18,12150600.0
2008-10-28,73.029999,73.8,71.7,73.79,8468100.0
2008-10-29,75.050003,76.36,73.61,74.0,16121400.0
2008-10-30,74.89,75.25,72.13,72.71,10891900.0
2008-10-31,72.62,72.87,70.6,71.34,9517800.0
2008-11-03,71.55,72.17,71.059998,71.099998,6799400.0
2008-11-04,73.15,75.69,72.85,75.48,11434600.0
2008-11-05,74.32,75.18,72.38,72.8,10316500.0
2008-11-06,74.36,74.98,71.67,72.22,10687500.0
2008-11-07,72.59,73.089996,72.050003,72.5,6052700.0
2008-11-10,74.8,74.92,72.96,73.58,6092700.0
2008-11-11,72.56,72.66,71.55,72.050003,8354800.0
2008-11-12,71.45,71.89,69.77,70.0,10033400.0
2008-11-13,70.49,72.36,68.81,72.15,16826600.0
2008-11-14,73.39,74.26,72.76,73.3,12808600.0
2008-11-17,72.43,73.8,72.15,72.65,7708600.0
2008-11-18,72.38,73.46,72.13,72.51,8134900.0
2008-11-19,73.42,75.19,72.0,72.26,13963100.0
2008-11-20,73.15,74.2,72.43,73.45,13584200.0
2008-11-21,76.0,79.0,75.45,78.85,30467400.0
2008-11-24,80.45,81.72,80.38,80.91,19885200.0
2008-11-25,81.34,81.38,79.28,80.87,17522100.0
2008-11-26,80.52,80.77,79.33,80.38,9141600.0
2008-11-28,80.040001,80.75,79.8,80.31,3658700.0
2008-12-01,77.15,77.34,75.57,75.65,13134700.0
2008-12-02,76.9,77.32,76.26,76.95,6944000.0
2008-12-03,76.0,77.14,75.14,76.18,10685000.0
2008-12-04,75.59,77.63,75.07,75.5,11827500.0
2008-12-05,74.3,74.81,72.91,74.52,13392300.0
2008-12-08,76.48,76.62,75.4,76.2,7267700.0
2008-12-09,75.56,76.85,75.3,76.33,9618300.0
2008-12-10,79.2,80.11,78.56,79.75,16050600.0
2008-12-11,81.58,81.94,80.49,80.65,13980200.0
2008-12-12,80.55,81.63,80.0,80.81,12538500.0
2008-12-15,81.33,83.029999,81.23,82.6,15008800.0
2008-12-16,82.38,84.64,81.93,84.46,18666400.0
2008-12-17,85.26,86.91,84.8,85.43,21988500.0
2008-12-18,84.85,85.12,83.46,83.87,17234500.0
2008-12-19,82.65,82.87,82.010002,82.63,9139500.0
2008-12-22,83.57,83.81,82.79,83.46,6690500.0
2008-12-23,82.93,83.39,81.59,82.63,6322200.0
2008-12-24,82.47,83.57,82.47,83.46,2069600.0
2008-12-26,83.52,85.97,83.12,85.6,5080800.0
2008-12-29,86.5,87.0,85.95,86.35,9073100.0
2008-12-30,85.94,86.15,85.28,85.9,7123000.0
2008-12-31,84.98,87.099998,84.28,86.52,7837100.0
2009-01-02,85.93,86.61,85.84,86.23,6411600.0
2009-01-05,83.62,84.68,83.24,84.48,9534700.0
2009-01-06,83.37,85.7,83.0,85.13,12864600.0
2009-01-07,84.56,84.58,82.21,82.75,13360000.0
2009-01-08,84.4,84.89,83.75,84.46,10715700.0
2009-01-09,83.34,85.5,83.089996,83.92,8861900.0
2009-01-12,81.72,82.040001,80.26,80.76,14755500.0
2009-01-13,80.94,81.82,80.62,80.88,10019100.0
2009-01-14,80.57,81.089996,79.36,79.79,15600000.0
2009-01-15,79.97,80.7,78.87,80.39,16714700.0
2009-01-16,82.2,83.0,81.74,82.71,16470300.0
2009-01-20,84.17,85.29,83.57,84.52,16743000.0
2009-01-21,84.050003,84.39,82.98,84.15,12272100.0
2009-01-22,84.029999,84.97,83.83,84.58,18569600.0
2009-01-23,86.57,88.94,86.07,88.53,34010700.0
2009-01-26,89.22,90.19,88.68,88.95,19129500.0
2009-01-27,88.4,88.84,88.010002,88.38,11787400.0
2009-01-28,88.27,88.38,86.84,87.42,18449600.0
2009-01-29,86.68,89.55,86.28,89.5,21175600.0
2009-01-30,90.7,91.49,89.65,91.31,21279300.0
2009-02-02,89.88,92.58,88.62,88.84,16983300.0
2009-02-03,89.34,89.73,86.0,88.47,17521400.0
2009-02-04,88.89,89.5,88.52,89.18,14271100.0
2009-02-05,90.75,90.82,89.3,90.12,17196300.0
2009-02-06,89.15,90.14,89.15,89.59,12554300.0
2009-02-09,88.35,88.65,87.6,88.32,21263800.0
2009-02-10,89.66,90.37,89.18,90.21,25445100.0
2009-02-11,90.93,93.25,90.8,92.29,55582400.0
2009-02-12,93.040001,93.74,92.52,93.17,38786800.0
2009-02-13,92.5,92.77,91.69,92.55,14715500.0
2009-02-17,95.23,95.85,94.89,95.45,27085200.0
2009-02-18,95.23,97.15,94.67,96.91,29346300.0
2009-02-19,95.91,96.57,95.43,95.77,21305400.0
2009-02-20,98.0,98.99,97.14,97.8,43854800.0
2009-02-23,96.59,98.22,95.89,97.73,24542700.0
2009-02-24,97.59,97.59,94.27,94.73,37460500.0
2009-02-25,94.73,96.41,92.81,93.15,26142800.0
2009-02-26,92.71,93.14,91.57,93.059998,28789800.0
2009-02-27,94.31,94.53,91.029999,92.63,30588700.0
2009-03-02,93.4,93.61,90.62,90.93,24269300.0
2009-03-03,90.85,91.040001,88.94,90.040001,28082900.0
2009-03-04,90.25,90.35,88.45,88.99,19875100.0
2009-03-05,89.92,92.17,89.23,91.99,23995500.0
2009-03-06,91.81,92.95,91.2,92.29,22395300.0
2009-03-09,92.29,92.33,89.57,90.57,18311100.0
2009-03-10,89.54,89.61,87.47,88.14,25924900.0
2009-03-11,88.49,89.83,87.78,89.22,16680500.0
2009-03-12,90.37,91.57,90.14,91.099998,20128600.0
2009-03-13,91.87,91.89,90.5,91.3,11693100.0
2009-03-16,90.29,90.96,90.029999,90.8,11782500.0
2009-03-17,90.26,90.59,89.75,90.040001,10052400.0
2009-03-18,88.75,93.39,86.83,93.089996,59424700.0
2009-03-19,93.41,94.77,92.91,94.35,35006600.0
2009-03-20,93.48,94.37,93.13,93.59,18072300.0
2009-03-23,93.44,93.91,91.95,92.080002,17652600.0
2009-03-24,90.76,91.66,90.25,90.95,16979800.0
2009-03-25,90.87,92.63,90.34,91.98,24788700.0
2009-03-26,92.72,92.72,91.84,91.93,12365300.0
2009-03-27,90.83,91.26,90.41,90.69,11596000.0
2009-03-30,89.97,91.81,89.75,89.98,16425900.0
2009-03-31,90.38,90.85,89.58,90.28,14400500.0
2009-04-01,91.34,91.38,90.21,91.029999,12298700.0
2009-04-02,88.75,89.36,87.92,88.8,24829000.0
2009-04-03,88.96,89.44,87.52,87.59,16343600.0
2009-04-06,86.4,86.44,84.97,85.27,22909600.0
2009-04-07,86.27,88.26,86.17,86.74,11004600.0
2009-04-08,87.18,87.52,86.26,86.61,12226200.0
2009-04-09,86.33,86.88,86.099998,86.31,9607100.0
2009-04-13,88.029999,88.45,87.6,87.88,7283700.0
2009-04-14,87.78,87.81,87.040001,87.37,7167400.0
2009-04-15,87.42,87.94,87.23,87.5,6857000.0
2009-04-16,87.38,87.45,85.68,85.81,21033600.0
2009-04-17,85.75,86.37,84.92,85.22,22332700.0
2009-04-20,86.029999,87.34,86.0,86.95,12674400.0
2009-04-21,87.85,87.88,86.33,86.89,10655900.0
2009-04-22,87.029999,87.82,86.8,87.38,10085900.0
2009-04-23,87.71,89.37,87.62,88.8,16621000.0
2009-04-24,89.099998,89.84,88.83,89.72,11425800.0
2009-04-27,89.33,89.79,88.94,89.010002,7147600.0
2009-04-28,87.33,87.95,87.11,87.75,8570100.0
2009-04-29,88.31,88.78,87.67,88.33,8098300.0
2009-04-30,86.83,87.78,86.54,87.27,9713800.0
2009-05-01,86.75,87.49,86.69,86.95,6122400.0
2009-05-04,87.55,89.18,87.55,88.64,10813100.0
2009-05-05,89.71,89.73,87.88,88.25,9953800.0
2009-05-06,89.46,89.69,88.84,89.54,11334900.0
2009-05-07,90.13,90.3,89.24,89.44,14808900.0
2009-05-08,89.71,90.089996,88.91,89.98,10939800.0
2009-05-11,89.64,90.010002,89.5,89.69,12211600.0
2009-05-12,90.4,90.84,89.95,90.7,15764900.0
2009-05-13,90.44,91.5,90.31,91.089996,17445900.0
2009-05-14,90.9,91.26,90.7,91.029999,8023400.0
2009-05-15,91.15,91.81,91.099998,91.55,11705800.0
2009-05-18,91.53,91.57,90.14,90.36,17353900.0
2009-05-19,90.64,91.35,90.57,90.96,9630300.0
2009-05-20,91.54,92.44,91.52,92.25,18272500.0
2009-05-21,92.35,93.86,91.93,93.85,21830200.0
2009-05-22,94.25,94.42,93.8,94.15,15407200.0
2009-05-26,92.95,93.84,92.85,93.76,12356100.0
2009-05-27,93.73,94.28,93.099998,93.45,13688100.0
2009-05-28,94.14,94.83,93.8,94.24,14973200.0
2009-05-29,95.7,96.35,95.58,96.2,18137800.0
2009-06-01,96.47,96.76,95.63,95.73,17921200.0
2009-06-02,96.19,96.97,96.099998,96.36,14532700.0
2009-06-03,95.9,96.21,94.31,94.41,18204700.0
2009-06-04,95.24,96.49,95.2,96.23,13629500.0
2009-06-05,94.24,94.79,93.57,93.71,18600800.0
2009-06-08,93.26,93.7,92.58,93.56,11551100.0
2009-06-09,94.27,94.39,93.44,93.83,9477700.0
2009-06-10,94.5,94.53,92.9,93.86,14441800.0
2009-06-11,93.13,94.53,93.0,93.7,14777600.0
2009-06-12,92.41,92.76,92.0,92.17,13809400.0
2009-06-15,91.9,91.9,90.9,91.099998,13116700.0
2009-06-16,91.87,92.12,91.35,91.93,9834200.0
2009-06-17,91.61,92.39,90.15,92.35,12130100.0
2009-06-18,92.24,92.5,91.3,91.61,16239200.0
2009-06-19,91.81,92.23,91.58,91.9,11812300.0
2009-06-22,90.41,90.64,90.13,90.54,12956300.0
2009-06-23,90.66,91.029999,89.95,90.92,11958500.0
2009-06-24,92.089996,92.33,91.040001,91.45,12113800.0
2009-06-25,92.12,92.33,91.72,92.31,11444800.0
2009-06-26,92.81,92.93,91.93,92.29,10418500.0
2009-06-29,92.32,92.4,91.71,92.040001,6528700.0
2009-06-30,91.85,91.96,90.53,91.18,24189500.0
2009-07-01,92.31,93.0,92.0,92.39,10743200.0
2009-07-02,91.47,91.58,91.080002,91.25,7365200.0
2009-07-06,90.48,90.93,90.36,90.76,6286200.0
2009-07-07,90.89,91.38,90.5,90.71,7690200.0
2009-07-08,90.11,91.040001,88.82,89.27,21958200.0
2009-07-09,89.63,90.26,89.33,89.51,13688100.0
2009-07-10,89.3,89.77,89.16,89.58,5040100.0
2009-07-13,89.45,90.69,89.099998,90.19,8809500.0
2009-07-14,90.86,91.11,90.59,90.81,5720900.0
2009-07-15,92.17,92.52,92.029999,92.24,9863800.0
2009-07-16,92.0,92.12,91.55,91.98,4604600.0
2009-07-17,92.15,92.3,91.84,91.93,8748400.0
2009-07-20,93.61,93.8,92.91,93.28,13172100.0
2009-07-21,93.52,93.53,92.69,93.13,9343800.0
2009-07-22,92.82,93.82,92.73,93.44,10241300.0
2009-07-23,93.2,94.0,93.11,93.26,9763900.0
2009-07-24,93.48,93.71,93.33,93.41,4734000.0
2009-07-27,93.9,93.95,93.36,93.71,5167300.0
2009-07-28,92.74,92.82,91.65,92.11,10881200.0
2009-07-29,91.67,91.75,90.81,91.2,9676100.0
2009-07-30,91.55,92.0,91.44,91.62,6246700.0
2009-07-31,91.86,94.029999,91.83,93.35,14385900.0
2009-08-03,94.14,94.49,93.65,93.87,10007600.0
2009-08-04,94.18,95.25,93.99,94.68,11548600.0
2009-08-05,94.88,95.050003,94.010002,94.78,8987000.0
2009-08-06,95.010002,95.19,93.76,94.6,13661000.0
2009-08-07,94.32,94.64,93.6,93.75,8042000.0
2009-08-10,92.91,93.14,92.6,92.93,6420500.0
2009-08-11,92.68,92.97,92.41,92.79,5029900.0
2009-08-12,92.6,93.49,92.47,92.95,7906400.0
2009-08-13,93.85,94.050003,93.45,93.72,6756000.0
2009-08-14,93.84,93.91,92.4,93.0,6189400.0
2009-08-17,91.49,91.86,91.28,91.61,6830800.0
2009-08-18,91.81,92.2,91.76,92.059998,4354600.0
2009-08-19,91.68,92.78,91.66,92.53,7119800.0
2009-08-20,92.31,92.55,92.12,92.27,3973000.0
2009-08-21,93.63,93.8,93.4,93.65,7285300.0
2009-08-24,93.64,93.7,91.64,92.34,8548000.0
2009-08-25,93.4,93.46,92.49,92.76,8280500.0
2009-08-26,92.67,92.85,92.21,92.79,5224300.0
2009-08-27,92.8,93.31,92.38,93.19,6870300.0
2009-08-28,94.07,94.15,93.63,93.87,6757700.0
2009-08-31,93.14,93.5,92.92,93.4,4952900.0
2009-09-01,93.41,93.96,93.059998,93.9,8002400.0
2009-09-02,94.7,96.26,94.57,96.19,27673700.0
2009-09-03,96.52,97.94,96.2,97.46,26443600.0
2009-09-04,97.14,97.83,96.0,97.53,14911000.0
2009-09-08,98.57,98.64,97.39,97.43,22938800.0
2009-09-09,97.98,98.36,96.85,97.080002,20439900.0
2009-09-10,97.029999,98.029999,96.88,97.7,12249000.0
2009-09-11,98.96,99.33,98.27,98.78,19499400.0
2009-09-14,98.16,98.43,97.73,97.96,9631500.0
2009-09-15,97.75,99.099998,97.56,98.9,16247000.0
2009-09-16,100.010002,100.019997,99.5,99.91,16588200.0
2009-09-17,99.66,100.080002,99.040001,99.34,12493600.0
2009-09-18,99.73,99.87,98.67,98.67,13937800.0
2009-09-21,97.95,98.62,97.73,98.36,11113200.0
2009-09-22,99.84,99.84,99.37,99.67,10879500.0
2009-09-23,99.16,99.89,98.68,98.83,14688000.0
2009-09-24,99.36,99.44,97.14,97.55,23350200.0
2009-09-25,97.07,97.5,96.77,97.0,10724500.0
2009-09-28,97.21,97.81,97.0,97.050003,7791200.0
2009-09-29,97.19,97.73,96.95,97.43,9262100.0
2009-09-30,98.31,99.059998,97.56,98.85,18664200.0
2009-10-01,98.84,98.86,97.88,97.89,11049400.0
2009-10-02,97.84,98.86,97.74,98.37,10475800.0
2009-10-05,98.48,99.84,98.36,99.82,11709400.0
2009-10-06,101.33,102.42,100.54,102.28,33537500.0
2009-10-07,102.29,102.52,101.83,102.36,16194200.0
2009-10-08,102.62,104.15,102.3,103.64,24250200.0
2009-10-09,103.059998,103.25,102.37,102.84,15177500.0
2009-10-12,103.39,103.92,103.22,103.56,9179000.0
2009-10-13,103.7,104.5,103.46,104.26,17358800.0
2009-10-14,104.29,104.7,103.76,104.18,17871100.0
2009-10-15,103.27,103.95,102.6,102.86,15781300.0
2009-10-16,102.7,103.68,102.53,103.18,14320600.0
2009-10-19,103.16,104.26,102.75,104.23,13936600.0
2009-10-20,104.34,104.35,102.79,103.42,18250000.0
2009-10-21,103.38,104.46,103.24,103.75,16004800.0
2009-10-22,103.46,104.089996,103.099998,103.92,11575600.0
2009-10-23,104.5,104.58,102.96,103.49,11423000.0
2009-10-26,103.41,103.97,101.74,101.86,21519400.0
2009-10-27,101.89,102.059998,101.22,101.85,18398400.0
2009-10-28,101.5,102.029999,100.65,100.73,19344900.0
2009-10-29,101.72,102.76,101.5,102.69,15322600.0
2009-10-30,102.33,102.66,101.48,102.53,15244500.0
2009-11-02,103.5,104.25,103.25,103.95,15440900.0
2009-11-03,103.74,106.7,103.72,106.46,33610400.0
2009-11-04,107.11,107.68,106.43,107.099998,27197500.0
2009-11-05,106.81,107.2,106.6,106.98,10189000.0
2009-11-06,107.38,108.040001,107.059998,107.43,14789000.0
2009-11-09,108.69,108.75,107.91,108.19,18444800.0
2009-11-10,108.029999,108.78,107.7,108.39,15973300.0
2009-11-11,109.49,109.71,109.0,109.6,17670800.0
2009-11-12,109.16,109.56,108.12,108.21,17859900.0
2009-11-13,108.32,109.8,108.14,109.74,17246000.0
2009-11-16,110.7,112.16,110.65,111.63,25002300.0
2009-11-17,111.089996,111.99,110.9,111.97,19831100.0
2009-11-18,112.69,113.089996,111.8,112.25,22336900.0
2009-11-19,111.85,112.4,110.76,112.3,21249900.0
2009-11-20,111.74,112.94,111.54,112.94,17302500.0
2009-11-23,114.67,115.12,113.99,114.29,24457700.0
2009-11-24,114.73,114.81,113.97,114.73,22618000.0
2009-11-25,115.69,116.88,115.53,116.62,24569900.0
2009-11-27,113.080002,115.81,113.019997,115.059998,21234400.0
2009-11-30,114.48,115.89,114.27,115.64,16421000.0
2009-12-01,117.3,117.93,116.78,117.38,27721300.0
2009-12-02,118.8,119.27,118.3,119.18,31109300.0
2009-12-03,118.57,119.54,118.029999,118.7,28864000.0
2009-12-04,117.15,117.26,112.41,113.75,79182600.0
2009-12-07,111.51,114.22,111.44,113.11,42538700.0
2009-12-08,112.76,113.059998,110.21,110.95,37655000.0
2009-12-09,111.6,112.48,109.38,110.84,37125900.0
2009-12-10,110.66,111.029999,110.040001,110.82,20531800.0
2009-12-11,110.6,110.82,108.72,109.32,28983100.0
2009-12-14,110.010002,110.7,109.5,110.24,16339100.0
2009-12-15,109.94,110.57,109.39,110.21,20059500.0
2009-12-16,110.83,111.91,110.63,111.59,22850300.0
2009-12-17,109.47,109.98,107.28,107.34,35016800.0
2009-12-18,108.0,109.5,107.040001,108.95,25591700.0
2009-12-21,109.17,109.3,106.82,106.95,23314200.0
2009-12-22,106.79,107.089996,105.31,106.17,28702900.0
2009-12-23,106.65,107.45,106.3,106.55,16941900.0
2009-12-24,107.9,108.37,107.77,108.36,7991600.0
2009-12-28,108.64,108.78,107.91,108.55,9637500.0
2009-12-29,108.5,108.5,107.45,107.47,11043700.0
2009-12-30,106.64,107.44,106.4,106.93,9399600.0
2009-12-31,107.98,108.11,107.24,107.31,9124700.0
2010-01-04,109.82,110.14,109.31,109.8,16224100.0
2010-01-05,109.88,110.39,109.26,109.7,14213100.0
2010-01-06,110.71,111.77,110.41,111.51,24981900.0
2010-01-07,111.07,111.29,110.62,110.82,13609800.0
2010-01-08,111.52,111.58,110.26,111.37,15894600.0
2010-01-11,113.34,113.59,112.52,112.85,17253000.0
2010-01-12,112.38,113.050003,110.14,110.49,29182600.0
2010-01-13,110.92,111.57,109.57,111.54,20014000.0
2010-01-14,111.51,112.37,110.79,112.029999,18305300.0
2010-01-15,111.35,112.010002,110.38,110.86,18002700.0
2010-01-19,110.95,111.75,110.83,111.52,10468200.0
2010-01-20,109.97,110.050003,108.46,108.94,17535000.0
2010-01-21,108.48,108.78,106.61,107.37,25748400.0
2010-01-22,106.93,107.68,106.010002,107.17,24210100.0
2010-01-25,107.44,107.72,107.07,107.48,13200500.0
2010-01-26,106.87,107.99,106.75,107.56,12297100.0
2010-01-27,107.53,108.8,106.16,106.53,19005100.0
2010-01-28,107.18,107.23,105.18,106.48,16793900.0
2010-01-29,105.88,106.3,105.27,105.96,20278800.0
2010-02-01,106.64,108.48,106.37,108.35,14901900.0
2010-02-02,109.16,109.6,108.61,109.13,14292200.0
2010-02-03,109.099998,109.54,108.43,108.7,13393200.0
2010-02-04,106.79,106.8,103.75,104.37,39991900.0
2010-02-05,103.76,104.68,102.28,104.68,32656700.0
2010-02-08,104.41,105.14,104.0,104.040001,17176600.0
2010-02-09,105.18,106.15,104.87,105.41,25959200.0
2010-02-10,105.13,105.5,104.11,105.12,16215200.0
2010-02-11,105.58,107.56,105.27,107.13,19350100.0
2010-02-12,106.080002,107.099998,105.57,107.040001,14464200.0
2010-02-16,109.45,109.87,109.099998,109.62,20895700.0
2010-02-17,109.66,110.010002,108.87,109.25,19593400.0
2010-02-18,109.61,110.11,109.19,109.98,19177400.0
2010-02-19,109.32,110.39,108.81,109.47,21928700.0
2010-02-22,109.86,109.97,108.66,109.07,10742800.0
2010-02-23,108.84,108.91,107.65,107.89,13629600.0
2010-02-24,107.33,108.16,107.099998,107.36,17207400.0
2010-02-25,106.7,108.7,106.6,108.31,23400400.0
2010-02-26,108.89,109.6,108.41,109.43,13033900.0
2010-03-01,109.48,109.9,108.97,109.43,12830900.0
2010-03-02,109.86,111.45,109.86,111.019997,20102200.0
2010-03-03,111.46,112.18,111.18,111.63,16222100.0
2010-03-04,111.25,111.37,110.22,110.83,12944800.0
2010-03-05,111.13,111.75,110.8,110.81,11091400.0
2010-03-08,111.22,111.3,109.52,109.88,12753800.0
2010-03-09,109.16,110.16,109.040001,109.72,12650800.0
2010-03-10,109.94,110.5,108.019997,108.47,21982100.0
2010-03-11,108.28,108.65,107.86,108.6,9513300.0
2010-03-12,108.56,108.77,107.45,107.95,11849000.0
2010-03-15,108.16,108.56,107.82,108.36,7698600.0
2010-03-16,110.019997,110.57,109.7,110.4,17749300.0
2010-03-17,110.18,110.46,109.55,109.59,13784300.0
2010-03-18,110.099998,110.61,109.5,110.34,13848400.0
2010-03-19,108.28,110.29,107.85,108.28,24329100.0
2010-03-22,107.31,108.0,106.95,107.75,11579400.0
2010-03-23,107.5,108.5,107.34,108.32,11274400.0
2010-03-24,106.94,107.07,106.24,106.3,14236700.0
2010-03-25,107.0,107.25,106.48,106.78,16866700.0
2010-03-26,107.16,108.7,106.82,108.59,17433600.0
2010-03-29,108.87,109.17,108.4,108.75,11527000.0
2010-03-30,108.57,108.66,107.87,107.97,9817700.0
2010-03-31,109.44,109.5,108.85,108.95,14006800.0
2010-04-01,109.97,110.47,109.92,110.26,11370500.0
2010-04-05,110.56,110.98,110.27,110.89,8207900.0
2010-04-06,110.89,111.51,110.83,111.029999,10322300.0
2010-04-07,111.85,112.93,111.77,112.49,19139500.0
2010-04-08,112.47,112.98,112.13,112.65,12445400.0
2010-04-09,113.089996,114.07,112.74,113.64,16427800.0
2010-04-12,113.64,114.13,112.98,113.010002,11118900.0
2010-04-13,113.12,113.16,112.059998,112.69,11261100.0
2010-04-14,113.23,113.66,112.78,113.029999,10572100.0
2010-04-15,112.9,113.71,112.85,113.65,10952100.0
2010-04-16,112.5,113.07,110.54,111.24,24572600.0
2010-04-19,110.88,111.36,110.67,111.15,7993700.0
2010-04-20,111.73,112.21,111.33,111.46,7019800.0
2010-04-21,111.82,112.64,111.48,112.31,6842900.0
2010-04-22,111.79,112.010002,110.76,111.84,9598900.0
2010-04-23,111.26,113.3,111.089996,113.19,12505800.0
2010-04-26,112.88,113.2,112.63,112.75,8335400.0
2010-04-27,112.43,114.82,112.34,114.63,25057100.0
2010-04-28,114.029999,114.99,113.63,114.31,26891900.0
2010-04-29,113.85,114.52,113.84,114.28,10374300.0
2010-04-30,115.26,115.7,115.21,115.36,13403100.0
2010-05-03,115.91,116.28,115.53,115.73,13570800.0
2010-05-04,116.39,116.43,114.17,114.87,21512100.0
2010-05-05,113.58,115.24,113.31,115.089996,21616700.0
2010-05-06,115.62,118.62,115.57,118.49,50546300.0
2010-05-07,117.64,118.88,116.74,118.27,34272700.0
2010-05-10,117.5,117.9,116.81,117.57,28433800.0
2010-05-11,119.46,120.87,118.97,120.66,36731800.0
2010-05-12,121.28,122.24,120.77,121.4,32703600.0
2010-05-13,121.29,121.71,120.099998,120.56,22340400.0
2010-05-14,121.88,122.019997,119.12,120.37,34643200.0
2010-05-17,120.55,121.12,119.29,119.36,27898000.0
2010-05-18,118.86,120.32,118.5,119.49,26595300.0
2010-05-19,118.19,118.43,116.080002,116.63,34412400.0
2010-05-20,116.14,116.95,115.18,115.84,28908200.0
2010-05-21,115.050003,116.24,114.51,115.22,20098300.0
2010-05-24,116.34,117.17,116.040001,116.84,14300500.0
2010-05-25,117.16,117.52,116.82,117.36,21232700.0
2010-05-26,118.58,119.080002,118.32,118.47,13153500.0
2010-05-27,118.16,119.040001,118.14,118.69,10418500.0
2010-05-28,118.48,118.9,117.63,118.88,11579400.0
2010-06-01,119.88,120.25,119.63,119.91,12207800.0
2010-06-02,119.35,119.88,118.72,119.78,10339300.0
2010-06-03,119.16,119.39,117.48,117.96,13855200.0
2010-06-04,117.96,119.39,117.050003,119.19,16532500.0
2010-06-07,118.73,121.8,118.62,121.49,20238600.0
2010-06-08,121.61,122.45,120.66,121.0,23404800.0
2010-06-09,120.48,120.99,119.51,120.56,12884600.0
2010-06-10,119.36,120.040001,118.83,118.97,13687900.0
2010-06-11,119.88,120.41,119.33,120.010002,7829400.0
2010-06-14,119.63,120.26,118.96,119.6,11002800.0
2010-06-15,119.71,121.029999,119.48,120.99,15073000.0
2010-06-16,120.68,120.89,120.040001,120.33,10500500.0
2010-06-17,121.64,122.41,121.49,121.9,19792200.0
2010-06-18,123.040001,123.5,122.81,122.83,19429900.0
2010-06-21,123.089996,123.11,120.36,120.39,20041700.0
2010-06-22,121.16,121.59,120.87,121.45,12940900.0
2010-06-23,120.89,121.019997,119.77,120.95,14120400.0
2010-06-24,120.76,122.16,120.67,121.3,13137700.0
2010-06-25,122.75,123.13,122.49,122.76,9986700.0
2010-06-28,122.79,123.56,120.81,121.089996,19650700.0
2010-06-29,121.050003,121.82,120.019997,121.27,17334700.0
2010-06-30,121.07,122.089996,120.88,121.68,12016300.0
2010-07-01,120.91,121.029999,116.98,117.040001,33248900.0
2010-07-02,118.21,118.5,117.41,118.49,14732800.0
2010-07-06,117.67,117.72,116.3,116.51,16846900.0
2010-07-07,116.57,117.78,116.5,117.73,10930100.0
2010-07-08,117.39,117.41,116.099998,117.21,11315100.0
2010-07-09,118.14,118.73,118.0,118.36,9596800.0
2010-07-12,117.83,118.2,116.97,117.34,7506700.0
2010-07-13,118.98,119.099998,118.36,118.36,8423700.0
2010-07-14,118.26,119.13,117.59,118.3,9574800.0
2010-07-15,118.59,118.7,117.73,118.23,8586900.0
2010-07-16,116.69,116.79,115.95,116.67,17494400.0
2010-07-19,115.57,115.8,115.11,115.73,15723900.0
2010-07-20,115.75,116.74,115.48,116.65,9263100.0
2010-07-21,116.8,117.0,115.71,115.85,9396200.0
2010-07-22,115.95,117.5,115.91,116.86,8161000.0
2010-07-23,117.12,117.47,115.79,116.089996,8337000.0
2010-07-26,116.38,116.47,115.3,115.52,11219000.0
2010-07-27,114.95,114.99,113.21,113.51,29524800.0
2010-07-28,113.48,113.93,113.080002,113.78,16071500.0
2010-07-29,113.54,114.35,113.34,114.29,9476300.0
2010-07-30,114.36,115.73,114.080002,115.49,10093200.0
2010-08-02,116.12,116.39,115.2,115.54,8473400.0
2010-08-03,115.88,116.44,115.81,115.99,5579400.0
2010-08-04,117.41,117.65,116.65,116.72,10323200.0
2010-08-05,117.010002,117.099998,116.35,116.98,7023000.0
2010-08-06,117.99,118.42,117.49,117.84,10001700.0
2010-08-09,117.76,117.85,117.23,117.4,6751400.0
2010-08-10,116.59,118.089996,116.4,117.73,10444900.0
2010-08-11,117.74,118.14,116.58,117.34,12436900.0
2010-08-12,118.56,118.86,118.46,118.77,12327000.0
2010-08-13,118.82,118.89,118.36,118.74,10213200.0
2010-08-16,119.7,119.82,119.46,119.73,8948300.0
2010-08-17,119.75,119.97,119.6,119.75,9145400.0
2010-08-18,119.23,120.51,119.0,120.22,12102500.0
2010-08-19,120.65,120.99,120.11,120.39,10014500.0
2010-08-20,119.97,120.07,119.45,119.97,10682100.0
2010-08-23,119.91,120.07,119.42,119.78,4857800.0
2010-08-24,118.77,120.8,118.71,120.36,14811400.0
2010-08-25,121.12,121.38,120.67,121.36,13987100.0
2010-08-26,121.089996,122.95,120.5,120.96,8886600.0
2010-08-27,121.2,121.45,120.42,121.010002,11155400.0
2010-08-30,120.85,121.059998,120.58,120.91,4390900.0
2010-08-31,121.77,122.19,121.46,122.080002,12249700.0
2010-09-01,122.15,122.21,121.43,121.69,11873500.0
2010-09-02,122.38,122.48,121.89,122.29,7002100.0
2010-09-03,121.39,122.39,121.15,121.86,9074500.0
2010-09-07,122.91,123.059998,122.63,122.7,8777500.0
2010-09-08,122.82,123.42,122.6,122.71,9788900.0
2010-09-09,122.44,122.88,121.38,121.56,13745000.0
2010-09-10,121.4,122.3,121.39,121.73,12510000.0
2010-09-13,121.63,122.11,121.39,121.62,9693300.0
2010-09-14,122.92,124.59,121.55,124.019997,26588900.0
2010-09-15,123.97,124.29,123.43,123.94,11689100.0
2010-09-16,124.5,124.77,124.19,124.63,12672800.0
2010-09-17,125.029999,125.029999,124.27,124.54,13819200.0
2010-09-20,125.089996,125.45,124.78,124.87,8475800.0
2010-09-21,124.77,126.17,124.16,126.010002,20408400.0
2010-09-22,126.58,126.63,125.7,126.2,11046900.0
2010-09-23,126.2,126.66,125.81,126.3,9325200.0
2010-09-24,126.91,127.0,126.3,126.69,14945000.0
2010-09-27,126.9,126.91,126.48,126.72,6679700.0
2010-09-28,126.42,128.029999,126.11,127.85,19857200.0
2010-09-29,127.93,128.24001,127.52,127.95,12328900.0
2010-09-30,128.14999,128.28,126.61,127.91,19213400.0
2010-10-01,127.91,129.070007,127.91,128.91,17211900.0
2010-10-04,128.52,128.62,128.22,128.46001,8368000.0
2010-10-05,130.11,131.12,129.87,130.99001,17489600.0
2010-10-06,131.45,131.86,131.34,131.81,16142200.0
2010-10-07,132.60001,132.67,129.50999,130.37,38676800.0
2010-10-08,130.78,131.88,130.47,131.66,18693300.0
2010-10-11,131.28,132.33,130.98,132.28999,10621300.0
2010-10-12,132.059998,132.21001,131.36,131.96001,13289200.0
2010-10-13,132.73,134.31,132.63,134.070007,18398500.0
2010-10-14,134.059998,134.85001,133.89999,134.75,26890500.0
2010-10-15,134.24001,134.46001,133.070007,133.67999,26168600.0
2010-10-18,133.46001,134.34,133.16,134.28,12289500.0
2010-10-19,130.46001,131.59,129.75,130.11,25327200.0
2010-10-20,130.36,131.64999,130.32001,131.32001,12556600.0
2010-10-21,131.080002,131.59,128.72,129.47,21804200.0
2010-10-22,129.47,129.75,128.97,129.73,11885300.0
2010-10-25,131.16,131.38,130.21001,130.85001,12154900.0
2010-10-26,129.99001,131.14,129.73,130.88,10710900.0
2010-10-27,129.92999,130.0,128.78999,129.52,16132100.0
2010-10-28,130.36,131.5,129.84,131.24001,15889600.0
2010-10-29,131.48,132.82001,131.059998,132.62,14334900.0
2010-11-01,132.85001,133.070007,131.75999,131.92,12403600.0
2010-11-02,132.44,132.59,131.88,132.49001,9396900.0
2010-11-03,132.28,132.52,129.48,131.57001,31702100.0
2010-11-04,134.64,136.13,134.24001,136.029999,23464700.0
2010-11-05,135.14,136.61,134.95,136.38,20342500.0
2010-11-08,135.92,137.78999,135.53,137.78,17367400.0
2010-11-09,138.7,139.14999,135.050003,135.59,39445200.0
2010-11-10,137.029999,137.28,135.14999,137.24001,28484700.0
2010-11-11,137.62,137.75,136.45,137.66,15447500.0
2010-11-12,135.89,136.31,132.82001,133.69,35885900.0
2010-11-15,133.86,134.49001,132.39,132.42,15096800.0
2010-11-16,132.24001,132.38,129.83,130.97,32478100.0
2010-11-17,130.77,131.37,130.13,130.38,16432100.0
2010-11-18,131.82001,132.78,131.55,132.089996,16009400.0
2010-11-19,131.48,132.35001,131.0099945,132.2,14146400.0
2010-11-22,132.13,133.60001,131.69,133.48,13093400.0
2010-11-23,133.60001,135.070007,133.46001,134.41,18215200.0
2010-11-24,134.36,134.7,133.74001,134.17999,8858100.0
2010-11-26,132.38,133.16,131.92999,133.11,7822400.0
2010-11-29,133.19,133.75,132.33,133.50999,13983800.0
2010-11-30,135.21001,135.75,134.78,135.42,17473100.0
2010-12-01,135.71001,136.14,134.96001,135.38,16831100.0
2010-12-02,135.62,136.59,135.14999,135.2,17583800.0
2010-12-03,136.62,138.11,136.48,138.070007,16517200.0
2010-12-06,138.14,139.46001,137.73,139.11,15640800.0
2010-12-07,139.46001,139.53999,136.46001,136.5,26490400.0
2010-12-08,135.91,136.28999,133.88,134.78999,23483300.0
2010-12-09,135.69,136.16,134.88,135.37,14157600.0
2010-12-10,134.94,135.48,133.95,135.41,11937900.0
2010-12-13,136.25999,136.64,135.86,136.050003,13352400.0
2010-12-14,136.27,137.21001,135.86,136.17999,17430800.0
2010-12-15,135.34,135.92999,134.67999,134.7,15089500.0
2010-12-16,134.21001,134.23,132.86,133.81,23463000.0
2010-12-17,133.97,134.63,133.22,134.2,17213000.0
2010-12-20,135.13,135.44,134.33,135.11,13142300.0
2010-12-21,135.17,135.78,134.78999,135.32001,10235600.0
2010-12-22,135.60001,135.7,134.97,135.050003,7300600.0
2010-12-23,134.25999,134.89999,133.92999,134.66,8700800.0
2010-12-27,134.96001,135.059998,134.49001,135.020004,3436400.0
2010-12-28,136.85001,137.34,136.62,137.22,10111800.0
2010-12-29,137.38,138.050003,137.19,137.71001,8442300.0
2010-12-30,137.58,137.71001,136.94,137.029999,5749400.0
2010-12-31,137.78,138.77,137.72,138.72,9219800.0
2011-01-03,138.67,139.0,137.88,138.0,11510200.0
2011-01-04,136.24001,136.28,134.16,134.75,26154300.0
2011-01-05,133.5,134.67999,133.10001,134.37,16700900.0
2011-01-06,134.050003,134.38,133.14,133.83,15965300.0
2011-01-07,133.38,134.61,133.17999,133.58,16761400.0
2011-01-10,133.85001,134.2,133.24001,134.12,8429900.0
2011-01-11,134.78999,135.16,133.96001,134.91,10268400.0
2011-01-12,134.78999,135.58,134.35001,135.46001,10785100.0
2011-01-13,135.66,135.67999,133.63,134.050003,14294600.0
2011-01-14,133.17,133.60001,132.22,132.69,21224900.0
2011-01-18,133.63,134.0,133.17,133.42999,11592900.0
2011-01-19,134.34,134.39999,133.39999,133.72,11788100.0
2011-01-20,131.75999,132.10001,131.039993,131.2,24362900.0
2011-01-21,130.75999,131.42999,130.53,131.029999,19488400.0
2011-01-24,131.0099945,131.63,130.14,130.36,15127200.0
2011-01-25,129.64999,130.27,129.070007,130.10001,22219700.0
2011-01-26,129.83,131.17,129.28,131.16,20543000.0
2011-01-27,130.28999,130.49001,127.8,127.93,33047000.0
2011-01-28,127.97,131.48,127.95,130.28,28091500.0
2011-01-31,129.27,130.50999,129.25,129.87,14664100.0
2011-02-01,130.52,131.080002,129.33,130.8,15363700.0
2011-02-02,130.37,130.60001,129.45,130.45,10082000.0
2011-02-03,130.070007,132.32001,129.28,132.2,17374700.0
2011-02-04,131.84,132.7,131.23,131.66,15214300.0
2011-02-07,131.67,131.95,131.23,131.67999,7176300.0
2011-02-08,132.96001,133.5,132.8,133.14,16220900.0
2011-02-09,133.19,133.39,132.49001,133.070007,10178400.0
2011-02-10,132.11,133.31,132.0,132.85001,8105200.0
2011-02-11,133.0099945,133.44,132.089996,132.32001,9888600.0
2011-02-14,132.95,133.38,132.7,132.95,8694200.0
2011-02-15,133.86,134.17,133.63,133.97,10111200.0
2011-02-16,134.23,134.86,133.45,134.10001,12822800.0
2011-02-17,134.74001,135.16,134.47,135.039993,11322200.0
2011-02-18,135.17,135.8,134.88,135.41,15890100.0
2011-02-22,136.92,137.22,136.19,136.28999,16676100.0
2011-02-23,136.97,138.2,136.92,137.50999,15685700.0
2011-02-24,138.039993,138.14,135.73,136.48,18781700.0
2011-02-25,137.22,137.74001,136.77,137.38,10351400.0
2011-02-28,137.64999,138.14,137.029999,137.66,8847000.0
2011-03-01,138.57001,140.029999,138.49001,140.029999,17438100.0
2011-03-02,140.24001,140.55,139.48,139.92,15719800.0
2011-03-03,138.81,139.13,137.57001,138.089996,16485000.0
2011-03-04,138.63,139.75,138.61,139.35001,17454600.0
2011-03-07,140.28999,140.61,139.28,139.72,14068900.0
2011-03-08,139.64999,139.66,138.83,139.36,10730500.0
2011-03-09,139.92,139.95,138.94,139.41,8736400.0
2011-03-10,138.5,138.5,136.85001,137.77,15559100.0
2011-03-11,137.28999,138.92999,137.17999,138.22,10416900.0
2011-03-14,139.33,139.55,138.61,138.86,10239300.0
2011-03-15,135.35001,136.94,135.23,136.27,23465100.0
2011-03-16,136.52,137.2,135.8,136.24001,13392500.0
2011-03-17,136.56,137.080002,136.25,136.97,9117400.0
2011-03-18,138.14,138.83,137.75999,138.37,18602000.0
2011-03-21,139.5,139.91,138.97,139.14,13742500.0
2011-03-22,138.88,139.36,138.67,139.050003,9553700.0
2011-03-23,139.61,140.55,139.55,140.34,11541000.0
2011-03-24,140.27,141.28,138.83,139.22,17016600.0
2011-03-25,140.0,140.24001,138.66,139.25999,13191100.0
2011-03-28,137.82001,138.83,137.78,138.53999,7656000.0
2011-03-29,138.21001,138.82001,137.94,138.21001,6345200.0
2011-03-30,139.070007,139.17999,137.67999,138.67,10749400.0
2011-03-31,140.080002,140.39999,139.78,139.86,15227300.0
2011-04-01,138.64999,139.55,137.72,139.2,15738300.0
2011-04-04,140.13,140.25999,139.45,139.84,9685100.0
2011-04-05,139.58,142.089996,139.52,142.050003,18295300.0
2011-04-06,142.39999,142.62,141.77,142.38,10710300.0
2011-04-07,142.23,142.89,141.8,142.50999,9486800.0
2011-04-08,143.34,143.84,142.97,143.66,13128200.0
2011-04-11,143.28,143.49001,142.28,142.64,10105600.0
2011-04-12,142.74001,142.82001,140.75,141.61,14948100.0
2011-04-13,142.39,142.53,141.48,141.89999,13884200.0
2011-04-14,142.35001,143.83,142.23,143.81,14174100.0
2011-04-15,143.85001,145.12,143.57001,145.050003,19121600.0
2011-04-18,145.21001,146.070007,144.63,145.92999,17340100.0
2011-04-19,145.73,146.24001,145.17999,145.92999,10950100.0
2011-04-20,146.37,146.84,145.74001,146.5,13716800.0
2011-04-21,146.57001,147.059998,146.32001,146.74001,10109400.0
2011-04-25,147.57001,147.58,146.42,146.87,15596400.0
2011-04-26,146.47,146.62,145.48,146.38,16200000.0
2011-04-27,147.38,149.21001,146.52,149.2,21945900.0
2011-04-28,149.3,150.0,148.60001,149.82001,20754000.0
2011-04-29,149.89999,153.029999,149.75,152.37,27600000.0
2011-05-02,151.46001,153.61,150.36,150.41,24094100.0
2011-05-03,150.42999,150.97,148.85001,149.88,24215600.0
2011-05-04,149.86,150.34,146.75999,147.73,35107000.0
2011-05-05,146.82001,147.58,142.55,143.47,51284000.0
2011-05-06,145.24001,146.089996,144.39999,145.3,24182200.0
2011-05-09,146.67,147.58,146.34,147.38,13854800.0
2011-05-10,147.19,148.19,146.92999,147.89999,11285200.0
2011-05-11,147.24001,147.35001,145.77,146.53999,21378300.0
2011-05-12,145.88,147.12,144.96001,146.59,18730400.0
2011-05-13,146.72,147.28,144.49001,145.63,17268700.0
2011-05-16,145.88,146.67,145.19,145.37,10066800.0
2011-05-17,144.23,144.78,143.42,144.74001,17192100.0
2011-05-18,145.55,146.22,145.14,145.60001,10502900.0
2011-05-19,145.12,145.85001,144.86,145.64999,8098100.0
2011-05-20,145.82001,147.78,144.89999,147.49001,23187900.0
2011-05-23,147.039993,147.95,146.97,147.83,15937600.0
2011-05-24,148.48,149.050003,148.17999,148.59,14948000.0
2011-05-25,148.72,149.37,148.52,148.58,10973800.0
2011-05-26,148.45,148.61,147.59,148.22,9785500.0
2011-05-27,149.020004,149.92,148.96001,149.7,10186200.0
2011-05-31,149.88,150.16,149.41,149.64,10499300.0
2011-06-01,149.66,151.13,149.42999,149.91,18365400.0
2011-06-02,150.14999,150.38,148.070007,149.5,13552700.0
2011-06-03,150.28,150.66,149.62,150.22,12606400.0
2011-06-06,150.82001,151.45,150.21001,150.48,11472600.0
2011-06-07,150.67,150.85001,149.67999,150.42,10140500.0
2011-06-08,150.020004,150.38,149.3,149.81,9612500.0
2011-06-09,150.0099945,151.020004,149.75,150.56,7643200.0
2011-06-10,149.039993,149.78,148.69,149.24001,12344900.0
2011-06-13,148.66,149.039993,147.19,147.77,12989300.0
2011-06-14,147.7,148.73,147.48,148.67,10938500.0
2011-06-15,148.16,149.55,147.92,149.12,14550700.0
2011-06-16,148.83,149.49001,148.22,148.97,11035000.0
2011-06-17,148.87,150.28999,148.83,149.94,19205100.0
2011-06-20,150.080002,150.78999,149.58,150.029999,10463400.0
2011-06-21,150.25999,150.87,150.17999,150.75999,12439200.0
2011-06-22,151.0099945,151.86,150.56,150.99001,14109700.0
2011-06-23,148.67,148.84,147.25999,148.34,24869600.0
2011-06-24,147.86,148.020004,145.97,146.25999,19301400.0
2011-06-27,145.92999,146.39999,145.2,145.73,11602500.0
2011-06-28,146.16,146.77,145.67,146.24001,8813800.0
2011-06-29,146.77,147.42,146.44,147.17999,12624600.0
2011-06-30,147.17999,147.41,145.98,146.0,12657100.0
2011-07-01,144.75999,145.070007,143.97,144.92999,16366500.0
2011-07-05,146.96001,147.82001,146.85001,147.63,11278200.0
2011-07-06,148.7,149.44,148.58,148.91,14502500.0
2011-07-07,148.97,149.35001,148.28999,149.14999,9520900.0
2011-07-08,150.32001,150.5,149.99001,150.25,13662300.0
2011-07-11,151.33,151.69,150.2,151.59,20447200.0
2011-07-12,151.24001,153.32001,150.77,152.77,24033700.0
2011-07-13,153.75999,154.71001,153.58,154.14,26351000.0
2011-07-14,154.81,155.24001,153.95,154.53999,17613600.0
2011-07-15,154.34,155.28999,154.22,155.2,18448400.0
2011-07-18,155.75999,156.58,155.67,156.57001,17133400.0
2011-07-19,156.32001,156.32001,154.10001,154.66,22871500.0
2011-07-20,154.22,156.020004,154.11,156.020004,14559300.0
2011-07-21,155.91,156.039993,154.33,154.83,18422800.0
2011-07-22,156.0,156.56,155.67999,156.12,11378700.0
2011-07-25,157.60001,157.8,156.72,157.34,13036200.0
2011-07-26,156.97,157.78999,156.60001,157.77,11735500.0
2011-07-27,158.47,158.64,156.69,157.19,18296600.0
2011-07-28,157.53999,157.60001,156.11,157.32001,11369100.0
2011-07-29,158.42999,159.25,157.67999,158.28999,17122800.0
2011-08-01,157.47,158.97,156.78,157.72,14825700.0
2011-08-02,159.33,161.62,158.97,161.52,24284500.0
2011-08-03,162.36,162.86,161.34,161.49001,27823700.0
2011-08-04,163.61,163.87,159.67999,160.64,40380300.0
2011-08-05,161.64,162.37,160.48,161.75,24554700.0
2011-08-08,165.48,167.61,164.75999,167.12,43002400.0
2011-08-09,169.92999,173.14999,167.48,168.61,55765800.0
2011-08-10,172.46001,175.13,171.62,174.58,44797200.0
2011-08-11,172.28,172.34,168.64999,170.75,49888300.0
2011-08-12,169.57001,170.059998,167.77,169.97,29220000.0
2011-08-15,169.32001,171.91,168.95,171.8,17798000.0
2011-08-16,172.60001,174.070007,172.5,173.92,19658000.0
2011-08-17,173.87,174.67999,173.25,174.42,16482000.0
2011-08-18,177.14999,178.10001,176.41,177.72,25512800.0
2011-08-19,181.64,181.67,178.91,179.95,34398100.0
2011-08-22,181.95,184.82001,181.60001,184.59,27482600.0
2011-08-23,182.24001,183.82001,177.5,177.67,55265400.0
2011-08-24,177.89999,178.31,170.31,171.64999,70700300.0
2011-08-25,167.0,172.81,165.88,172.36,43273700.0
2011-08-26,173.57001,177.55,171.75,177.47,38673000.0
2011-08-29,175.95,176.0099945,172.88,173.89,25265500.0
2011-08-30,177.7,179.31,176.66,179.10001,23441000.0
2011-08-31,177.73,179.16,176.33,177.72,16054400.0
2011-09-01,177.44,178.25999,176.55,177.87,13895500.0
2011-09-02,182.82001,183.50999,182.10001,183.24001,19911200.0
2011-09-06,184.58,185.85001,181.31,182.89999,30254500.0
2011-09-07,176.19,178.089996,174.45,177.080002,30760000.0
2011-09-08,181.39,182.12,179.77,181.81,20741300.0
2011-09-09,179.75999,181.95,179.17,180.7,25429600.0
2011-09-12,178.73,178.99001,175.33,176.67,21812800.0
2011-09-13,177.52,179.53999,176.28999,178.53999,17246400.0
2011-09-14,177.55,177.78,176.050003,177.21001,18122800.0
2011-09-15,174.61,174.85001,172.56,174.39999,20897000.0
2011-09-16,173.72,177.39999,173.71001,176.029999,20693700.0
2011-09-19,176.83,176.86,172.2,173.31,18301100.0
2011-09-20,173.17999,176.37,172.84,175.78,12667600.0
2011-09-21,174.78999,176.73,173.14,173.59,16431300.0
2011-09-22,169.3,170.32001,167.48,169.050003,32476300.0
2011-09-23,164.50999,165.72,158.55,159.8,52981400.0
2011-09-26,157.12,158.8,154.19,157.58,42373800.0
2011-09-27,161.61,162.28999,159.91,160.63,25124200.0
2011-09-28,160.73,161.28999,155.56,156.22,21776000.0
2011-09-29,158.12,158.2,156.14,157.7,17340800.0
2011-09-30,157.3,160.0,156.33,158.059998,16770300.0
2011-10-03,161.089996,161.56,159.92999,160.96001,14200400.0
2011-10-04,160.95,161.029999,155.27,157.64,24000000.0
2011-10-05,158.0099945,160.32001,156.44,159.46001,15132300.0
2011-10-06,160.020004,161.11,158.77,160.49001,12389500.0
2011-10-07,161.020004,161.58,158.23,159.17999,12977400.0
2011-10-10,162.050003,163.32001,161.14,163.27,8984500.0
2011-10-11,162.21001,162.50999,161.21001,162.10001,8256900.0
2011-10-12,163.7,164.0,162.5,163.25999,10867900.0
2011-10-13,162.3,162.48,160.82001,162.3,8327900.0
2011-10-14,163.33,163.82001,162.25,163.39999,9737900.0
2011-10-17,164.0,164.16,161.95,162.62,8765700.0
2011-10-18,159.96001,162.029999,158.3,161.84,15390800.0
2011-10-19,161.089996,161.42999,159.55,159.87,8528700.0
2011-10-20,157.62,158.42,156.050003,157.77,17367500.0
2011-10-21,159.99001,160.45,158.94,159.52,13334500.0
2011-10-24,160.55,161.33,160.22,161.020004,10199800.0
2011-10-25,161.24001,166.34,160.41,165.59,22130800.0
2011-10-26,167.029999,168.050003,166.42,167.39999,17116300.0
2011-10-27,167.59,170.28999,166.64999,169.55,15876900.0
2011-10-28,169.64,169.94,168.75,169.62,9362900.0
2011-10-31,167.75999,168.16,166.91,167.34,8437200.0
2011-11-01,164.029999,167.41,163.61,167.38,15335400.0
2011-11-02,168.59,169.74001,167.3,169.059998,14530500.0
2011-11-03,171.17,172.039993,169.89999,171.72,17610400.0
2011-11-04,171.029999,171.34,170.16,170.85001,11060400.0
2011-11-07,172.85001,175.0,172.71001,174.98,20131900.0
2011-11-08,174.35001,175.46001,172.89999,173.53,16054200.0
2011-11-09,174.28,174.81,171.61,172.070007,12313900.0
2011-11-10,172.42999,172.59,168.83,171.14,11848700.0
2011-11-11,172.10001,174.050003,172.070007,173.96001,8727100.0
2011-11-14,173.74001,173.86,172.59,173.2,5886400.0
2011-11-15,173.35001,173.81,171.89999,173.36,9167900.0
2011-11-16,171.63,172.96001,170.57001,171.50999,15093300.0
2011-11-17,170.039993,170.3,166.39,167.10001,28468900.0
2011-11-18,167.23,168.69,166.60001,167.62,14172900.0
2011-11-21,166.61,166.71001,162.070007,163.5,22030700.0
2011-11-22,164.74001,165.92,164.61,165.31,12094400.0
2011-11-23,164.55,165.37,163.12,164.83,11483300.0
2011-11-25,163.33,165.2,163.28999,163.39999,6098000.0
2011-11-28,166.92999,167.14,165.98,166.63,12004000.0
2011-11-29,166.39999,167.33,166.080002,166.88,9198900.0
2011-11-30,169.7,170.3,169.059998,170.13,11821600.0
2011-12-01,169.85001,170.57001,168.59,169.63,11610300.0
2011-12-02,170.64999,170.8,169.36,169.82001,8433200.0
2011-12-05,169.059998,169.95,167.059998,167.32001,10246700.0
2011-12-06,166.31,168.57001,165.53,168.17999,10381900.0
2011-12-07,168.78999,169.52,167.75999,169.39999,10361300.0
2011-12-08,166.96001,167.63,165.73,165.98,11734500.0
2011-12-09,166.42999,167.34,166.12,166.39999,8354000.0
2011-12-12,162.35001,162.41,161.14,161.99001,15339400.0
2011-12-13,161.86,163.19,157.75999,158.45,25040400.0
2011-12-14,156.78999,157.34,152.050003,152.89,42334400.0
2011-12-15,154.74001,154.95,151.71001,152.33,21521900.0
2011-12-16,154.31,155.37,153.89999,155.23,18124300.0
2011-12-19,155.48,155.86,154.36,154.87,12547200.0
2011-12-20,156.82001,157.42999,156.58,156.98,9136300.0
2011-12-21,156.98,157.53,156.13,157.16,11996100.0
2011-12-22,156.35001,156.8,155.33,156.039993,9888400.0
2011-12-23,156.35001,156.49001,155.82001,156.31,3565100.0
2011-12-27,155.080002,155.55,154.53999,154.91,4918600.0
2011-12-28,154.050003,154.25999,150.66,151.029999,16436100.0
2011-12-29,149.089996,150.72,148.27,150.34,19812200.0
2011-12-30,152.14,153.75,151.78999,151.99001,10852700.0
2012-01-03,154.75999,156.3,154.55,155.92,13385800.0
2012-01-04,155.42999,157.38,155.34,156.71001,11549700.0
2012-01-05,155.37,158.029999,155.25,157.78,11621600.0
2012-01-06,158.59,158.63,156.38,157.2,9790500.0
2012-01-09,157.36,157.59,156.19,156.5,8771900.0
2012-01-10,158.97,159.47,158.47,158.64,8371400.0
2012-01-11,159.34,160.050003,158.91,159.67,7968500.0
2012-01-12,161.020004,161.62,159.83,160.38,8602500.0
2012-01-13,159.32001,159.59,158.0099945,159.25999,8910300.0
2012-01-17,161.17,161.64999,160.42,160.5,8313300.0
2012-01-18,159.94,161.64,159.67999,161.60001,9341200.0
2012-01-19,160.96001,161.45,160.33,161.22,8114200.0
2012-01-20,160.5,162.089996,160.0,162.070007,11616700.0
2012-01-23,162.32001,163.47,162.32001,163.16,8832100.0
2012-01-24,161.81,162.37,161.53,162.0099945,7502100.0
2012-01-25,161.070007,166.55,160.28999,166.42,28957700.0
2012-01-26,168.050003,168.31,167.050003,167.27,19143800.0
2012-01-27,167.44,169.0,167.41,168.97,13030100.0
2012-01-30,168.19,168.53999,167.74001,168.029999,8438000.0
2012-01-31,169.77,169.86,167.72,169.31,11192500.0
2012-02-01,169.75,170.17999,169.080002,169.56,7734200.0
2012-02-02,169.96001,171.23,169.67999,171.050003,11509600.0
2012-02-03,169.88,170.14,167.50999,167.64,23355300.0
2012-02-06,166.96001,167.67999,166.61,167.17999,8807400.0
2012-02-07,167.38,170.089996,167.14999,169.7,11614300.0
2012-02-08,169.25999,169.96001,167.5,168.5,10655500.0
2012-02-09,170.0099945,170.37,167.67,168.020004,16085200.0
2012-02-10,166.49001,167.64,166.33,167.14,10326800.0
2012-02-13,167.33,167.94,166.74001,167.50999,7088900.0
2012-02-14,167.64999,167.92999,166.42,167.12,7862500.0
2012-02-15,168.63,168.75,167.19,168.11,11638500.0
2012-02-16,166.33,168.14,166.17,168.0,10734000.0
2012-02-17,168.28999,168.33,166.87,167.35001,7286900.0
2012-02-21,169.64999,171.070007,169.59,171.020004,13611200.0
2012-02-22,170.39999,173.17,170.19,172.94,16676500.0
2012-02-23,172.69,173.77,172.28,173.020004,11654200.0
2012-02-24,172.63,173.039993,172.0,172.23,9293700.0
2012-02-27,172.14,172.92,171.58,171.7,7340900.0
2012-02-28,172.84,174.0,172.60001,173.49001,12413000.0
2012-02-29,173.19,173.59,164.0,164.28999,44149000.0
2012-03-01,166.10001,167.72,165.75,166.61,19200700.0
2012-03-02,166.23,166.83,165.63,166.34,9298100.0
2012-03-05,165.77,165.91,164.55,165.64999,12071400.0
2012-03-06,162.14999,162.81,161.78,162.7,15533200.0
2012-03-07,162.75999,164.020004,162.50999,163.63,9553300.0
2012-03-08,164.74001,165.55,164.050003,165.28,8858200.0
2012-03-09,163.64,166.57001,163.25,166.38,13698200.0
2012-03-12,165.33,165.58,164.39999,165.070007,6523800.0
2012-03-13,163.94,165.41,161.42999,162.3,20047000.0
2012-03-14,159.61,160.58,158.8,159.57001,28822100.0
2012-03-15,159.73,161.98,159.28,161.080002,12689300.0
2012-03-16,160.080002,161.53999,159.92,161.3,12549200.0
2012-03-19,160.85001,162.3,160.72,161.59,9920800.0
2012-03-20,160.2,161.080002,159.77,160.13,11643700.0
2012-03-21,160.63,161.48,160.14999,160.21001,6672700.0
2012-03-22,158.2,159.71001,158.13,159.57001,11107700.0
2012-03-23,160.88,161.88,160.52,161.53,10689000.0
2012-03-26,163.17,164.53999,162.95,164.39999,13226700.0
2012-03-27,164.52,164.89,163.13,163.24001,10908700.0
2012-03-28,162.71001,162.98,160.66,161.50999,11008200.0
2012-03-29,161.14,161.46001,159.81,161.28,11026900.0
2012-03-30,161.67,162.33,161.22,162.12,7534000.0
2012-04-02,161.96001,163.56,161.81,162.94,7541700.0
2012-04-03,163.23,163.23,159.17,159.89,16822300.0
2012-04-04,157.7,158.029999,156.58,157.21001,15975600.0
2012-04-05,157.87,158.67999,157.78,158.31,8967700.0
2012-04-09,159.72,160.0099945,158.91,159.37,8245800.0
2012-04-10,159.66,161.58,158.47,161.10001,14288500.0
2012-04-11,161.2,161.53999,160.74001,161.070007,10005400.0
2012-04-12,160.74001,163.2,160.46001,162.7,9229900.0
2012-04-13,162.45,162.46001,160.17,160.85001,10041000.0
2012-04-16,160.50999,161.17999,159.53,160.46001,6670500.0
2012-04-17,160.53999,160.96001,158.75,160.25,7587100.0
2012-04-18,159.49001,160.12,159.070007,159.31,7463000.0
2012-04-19,160.0,160.64,159.020004,159.42999,9914400.0
2012-04-20,159.25,159.91,159.2,159.53999,9148800.0
2012-04-23,158.2,159.17999,157.88,159.070007,8876800.0
2012-04-24,159.63,160.17999,159.28999,159.3,5200600.0
2012-04-25,159.48,159.96001,157.75999,159.62,15093700.0
2012-04-26,160.46001,161.38,160.10001,161.029999,10918700.0
2012-04-27,161.78,161.97,161.14999,161.38,8906600.0
2012-04-30,160.49001,161.88,160.31,161.88,8007300.0
2012-05-01,162.089996,162.17999,160.89,161.32001,7414800.0
2012-05-02,160.74001,160.78,159.75999,160.59,5632300.0
2012-05-03,159.16,159.48,158.37,158.97,13172000.0
2012-05-04,158.82001,159.98,158.57001,159.47,11389600.0
2012-05-07,159.31,159.34,158.45,159.080002,4927800.0
2012-05-08,156.61,156.73,154.92,156.0,17852300.0
2012-05-09,154.10001,154.98,153.60001,154.47,13864000.0
2012-05-10,155.16,155.57001,154.64,154.77,7460100.0
2012-05-11,153.44,154.47,153.24001,153.56,8285600.0
2012-05-14,151.58,152.029999,151.0,151.33,13388200.0
2012-05-15,151.16,151.44,149.63,149.74001,13354500.0
2012-05-16,149.48,150.7,148.60001,149.46001,16750700.0
2012-05-17,150.83,153.39999,150.38,152.8,18080700.0
2012-05-18,154.46001,155.13,153.97,154.55,12994200.0
2012-05-21,154.11,154.95,153.86,154.64999,7542400.0
2012-05-22,153.59,154.42,151.55,152.080002,11302700.0
2012-05-23,151.5,151.84,148.84,151.62,18854500.0
2012-05-24,152.71001,152.91,150.62,151.41,9697100.0
2012-05-25,151.89,152.85001,151.63,152.67999,6212900.0
2012-05-29,153.47,153.62,150.25,151.020004,11243100.0
2012-05-30,149.74001,152.38,148.53,151.91,16764800.0
2012-05-31,152.029999,152.71001,150.62,151.62,10114300.0
2012-06-01,155.41,158.31,154.87,157.5,27399400.0
2012-06-04,157.25999,157.44,156.16,157.32001,11462100.0
2012-06-05,156.92,157.27,156.42,157.14,8095300.0
2012-06-06,158.89999,159.2,156.59,157.21001,15771600.0
2012-06-07,157.82001,157.84,153.19,154.5,18921600.0
2012-06-08,153.020004,154.83,153.0,154.73,11074800.0
2012-06-11,154.83,155.39999,153.55,155.36,9166600.0
2012-06-12,155.49001,157.039993,155.45,156.46001,13241100.0
2012-06-13,157.61,157.64999,156.42,157.12,10109800.0
2012-06-14,157.64,157.94,156.24001,157.75,11502400.0
2012-06-15,157.75,158.46001,157.42,157.84,13099300.0
2012-06-18,157.46001,158.21001,156.53999,157.92999,6733000.0
2012-06-19,158.0,158.14,156.97,157.16,6945900.0
2012-06-20,156.0,157.37,154.25999,155.97,16970200.0
2012-06-21,153.73,154.23,151.8,152.020004,14447500.0
2012-06-22,152.039993,152.7,151.21001,152.64,6755200.0
2012-06-25,152.58,154.16,152.25,153.75999,6183600.0
2012-06-26,153.029999,153.3,152.13,152.62,6123400.0
2012-06-27,153.3,153.45,152.14999,152.83,4840700.0
2012-06-28,151.89999,152.16,150.14999,151.050003,8755600.0
2012-06-29,155.13,155.95,154.52,155.19,10378200.0
2012-07-02,154.67,155.55,154.34,155.089996,3654200.0
2012-07-03,156.97,157.72,156.77,157.46001,5037700.0
2012-07-05,155.44,156.39999,154.45,155.67999,5359900.0
2012-07-06,154.23,154.49001,152.95,153.71001,7045700.0
2012-07-09,153.61,154.58,153.42999,154.039993,4468500.0
2012-07-10,155.13,155.17999,151.78,152.14999,9747900.0
2012-07-11,152.58,153.45,152.020004,152.99001,6838500.0
2012-07-12,151.25999,153.070007,150.85001,152.59,11394800.0
2012-07-13,153.45,154.94,153.44,154.14,5080300.0
2012-07-16,154.42999,154.75,153.98,154.21001,5710900.0
2012-07-17,154.0099945,154.5,152.45,153.47,13021800.0
2012-07-18,152.67,153.60001,152.39999,153.050003,6807600.0
2012-07-19,153.73,154.32001,152.92999,153.38,6070000.0
2012-07-20,152.97,154.0,152.75,153.67,8583800.0
2012-07-23,152.5,153.33,152.28999,153.029999,5256700.0
2012-07-24,153.63,153.8,152.2,153.52,6538900.0
2012-07-25,155.33,156.28999,155.050003,155.67,9355900.0
2012-07-26,156.7,157.25999,156.050003,156.77,7343500.0
2012-07-27,157.64,157.96001,156.66,157.53999,9772600.0
2012-07-30,156.84,157.66,154.81,157.42999,7212100.0
2012-07-31,157.60001,157.72,156.25999,156.49001,10919700.0
2012-08-01,155.17999,155.78999,154.41,155.14,12714500.0
2012-08-02,154.66,155.14,153.61,154.13,11538800.0
2012-08-03,154.64999,155.89,154.42,155.55,10670700.0
2012-08-06,155.92,156.73,155.74001,156.3,4610800.0
2012-08-07,156.37,156.63,156.0099945,156.28,5923300.0
2012-08-08,156.49001,156.86,156.25999,156.48,3620500.0
2012-08-09,156.36,157.0,156.28,156.99001,3177800.0
2012-08-10,156.89999,157.82001,156.64999,157.17999,4608000.0
2012-08-13,157.050003,157.45,155.89999,155.99001,4573300.0
2012-08-14,155.059998,155.58,154.83,155.13,5075200.0
2012-08-15,155.32001,155.82001,155.27,155.63,4993900.0
2012-08-16,155.85001,157.089996,155.5,156.56,8838300.0
2012-08-17,157.059998,157.070007,156.22,156.72,7812100.0
2012-08-20,156.52,157.39999,156.47,157.25999,7846200.0
2012-08-21,158.81,159.2,158.69,158.83,11833100.0
2012-08-22,159.19,160.63,158.50999,160.53999,13605900.0
2012-08-23,161.41,162.45,161.23,161.89,17237600.0
2012-08-24,161.87,162.35001,161.33,161.97,8497200.0
2012-08-27,161.77,162.28999,161.34,161.36,5380200.0
2012-08-28,161.63,162.19,161.3,161.64,5074200.0
2012-08-29,161.60001,161.67999,160.17999,160.59,9287700.0
2012-08-30,161.25999,161.31,160.0099945,160.52,5813700.0
2012-08-31,161.14,164.22,159.56,164.22,18024200.0
2012-09-04,164.11,164.77,163.66,164.48,12034800.0
2012-09-05,164.12,164.39,163.81,164.31,8401900.0
2012-09-06,165.16,165.78,164.8,164.89,12961100.0
2012-09-07,167.77,169.0,167.37,168.44,19138600.0
2012-09-10,167.84,168.14,167.23,167.28999,7760600.0
2012-09-11,168.22,168.53,167.78999,167.89999,7522900.0
2012-09-12,168.84,168.87,167.25,167.92,9945400.0
2012-09-13,167.87,171.91,166.3,171.31,28336900.0
2012-09-14,171.89,172.23,171.31,171.8,16847500.0
2012-09-17,171.77,171.96001,170.059998,170.39999,11281600.0
2012-09-18,170.81,171.95,170.67,171.72,12486600.0
2012-09-19,171.88,172.029999,171.19,171.74001,9125800.0
2012-09-20,171.029999,171.69,170.23,171.47,8703000.0
2012-09-21,172.92999,173.17999,171.53999,171.96001,13361300.0
2012-09-24,170.63,171.39,170.57001,171.050003,9177900.0
2012-09-25,171.75999,172.11,170.5,170.77,10365300.0
2012-09-26,169.46001,170.050003,168.34,169.81,12064800.0
2012-09-27,171.020004,172.60001,170.75999,172.34,10539500.0
2012-09-28,172.029999,172.48,171.34,171.89,9681200.0
2012-10-01,172.83,173.62,171.77,172.28999,10676400.0
2012-10-02,172.47,172.7,171.59,172.10001,7053900.0
2012-10-03,172.50999,172.61,171.89,172.41,5647600.0
2012-10-04,173.2,174.070007,172.92,173.61,10376800.0
2012-10-05,172.87,173.37,172.0099945,172.62,8871000.0
2012-10-08,171.75,172.28,171.67999,172.050003,3749300.0
2012-10-09,171.86,172.17,170.56,170.99001,7750700.0
2012-10-10,170.53999,171.34,170.3,170.84,7361300.0
2012-10-11,171.3,171.95,171.13,171.32001,5714900.0
2012-10-12,171.14999,171.41,169.81,170.059998,8266000.0
2012-10-15,169.0099945,169.10001,167.53,168.35001,10704900.0
2012-10-16,168.87,169.45,168.67,169.42,6204000.0
2012-10-17,169.21001,169.95,168.92,169.53999,5203400.0
2012-10-18,168.8,169.31,168.59,168.78999,6607100.0
2012-10-19,168.42,168.45,166.23,166.97,13860400.0
2012-10-22,167.080002,167.63,167.029999,167.58,6366200.0
2012-10-23,166.039993,166.059998,165.12,165.42999,11892500.0
2012-10-24,165.78,165.83,164.60001,164.86,10794600.0
2012-10-25,166.28999,166.53,165.77,166.020004,7013800.0
2012-10-26,166.23,166.60001,165.77,165.92999,6441300.0
2012-10-31,166.47,167.28,166.38,166.83,4681500.0
2012-11-01,167.020004,167.039993,166.039993,166.070007,6018000.0
2012-11-02,164.45,164.47,162.3,162.60001,14763100.0
2012-11-05,163.12,163.42,162.81,163.23,6156200.0
2012-11-06,163.91,166.77,163.61,166.3,16051800.0
2012-11-07,166.87,167.13,165.039993,166.49001,13195200.0
2012-11-08,166.14,168.16,166.12,167.99001,8829000.0
2012-11-09,168.21001,168.53999,167.55,167.82001,7361000.0
2012-11-12,168.10001,168.28,167.21001,167.45,5647600.0
2012-11-13,166.66,167.94,166.63,167.10001,6463300.0
2012-11-14,167.46001,168.039993,166.78,167.14,8510500.0
2012-11-15,167.0,167.050003,165.17999,166.089996,10023200.0
2012-11-16,165.74001,166.36,165.47,165.88,6944000.0
2012-11-19,167.75,168.16,167.38,167.87,6764500.0
2012-11-20,167.75,168.020004,166.84,167.39,5496100.0
2012-11-21,167.19,167.82001,166.97,167.56,3810700.0
2012-11-23,167.97,170.0099945,167.8,169.61,6110100.0
2012-11-26,169.56,169.73,169.25,169.42999,5377700.0
2012-11-27,169.14,169.39999,168.62,168.71001,7314400.0
2012-11-28,165.42999,166.84,165.38,166.55,12880100.0
2012-11-29,167.14,167.5,166.85001,167.17999,7446800.0
2012-11-30,166.94,167.22,165.53,166.050003,8412300.0
2012-12-03,166.11,166.92,166.039993,166.13,6363400.0
2012-12-04,164.059998,164.83,163.87,164.42,10208900.0
2012-12-05,164.22,164.5,163.2,164.12,10646800.0
2012-12-06,163.72,165.0,163.53,164.5,7301600.0
2012-12-07,164.88,165.22,164.60001,165.16,7289500.0
2012-12-10,166.11,166.16,165.71001,165.8,4646600.0
2012-12-11,165.45,165.66,165.12,165.64999,4724000.0
2012-12-12,166.2,166.94,165.36,165.77,14164700.0
2012-12-13,163.87,164.89999,163.78,164.37,9332800.0
2012-12-14,164.17,164.48,164.020004,164.13,5351700.0
2012-12-17,164.16,164.62,164.13,164.44,8173300.0
2012-12-18,164.35001,164.42999,160.89999,162.080002,23995000.0
2012-12-19,161.31,162.22,161.11,161.69,12991600.0
2012-12-20,159.87,160.12,158.39,159.73,25148400.0
2012-12-21,159.82001,160.75999,159.78,160.33,13445400.0
2012-12-24,160.88,160.96001,160.47,160.62,3699400.0
2012-12-26,161.36,161.49001,160.64,160.78,4961800.0
2012-12-27,160.23,161.31,160.050003,161.16,8937700.0
2012-12-28,160.94,160.97,160.14999,160.53999,6852900.0
2012-12-31,160.89999,162.75,160.77,162.020004,11786200.0
2013-01-02,163.49001,164.14,163.14,163.17,10431800.0
2013-01-03,162.48,162.88,160.83,161.2,16117500.0
2013-01-04,159.52,160.63,158.89,160.44,19179800.0
2013-01-07,159.36,159.96001,159.14999,159.42999,9361800.0
2013-01-08,160.46001,160.99001,160.0099945,160.56,7694800.0
2013-01-09,160.77,160.83,159.89999,160.49001,8334200.0
2013-01-10,161.61,162.56,161.61,161.98,11432600.0
2013-01-11,161.86,161.89999,160.11,161.059998,13675600.0
2013-01-14,161.88,161.97,161.13,161.53999,7289000.0
2013-01-15,162.8,163.17,162.35001,162.56,10077800.0
2013-01-16,162.42,163.029999,162.14999,162.64999,9214700.0
2013-01-17,161.94,164.39999,161.83,163.35001,14911400.0
2013-01-18,163.95,163.97,163.020004,163.089996,10038100.0
2013-01-22,163.48,164.22,163.37,163.67,8587900.0
2013-01-23,163.92,163.95,163.0,163.21001,6697000.0
2013-01-24,161.98,162.27,161.17999,161.42,13188300.0
2013-01-25,160.56,161.039993,160.31,160.64999,9037400.0
2013-01-28,160.24001,160.73,160.020004,160.28999,8491600.0
2013-01-29,161.0099945,161.31,160.69,160.99001,7364900.0
2013-01-30,162.67999,163.039993,162.029999,162.19,12010000.0
2013-01-31,161.62,161.81,160.47,161.2,9334000.0
2013-02-01,162.66,162.77,160.87,161.45,12904300.0
2013-02-04,161.19,162.42,161.14999,162.0,7354900.0
2013-02-05,162.75,162.78999,161.33,161.96001,8979400.0
2013-02-06,162.13,162.63,161.99001,162.39,6138700.0
2013-02-07,161.24001,162.96001,161.13,161.84,12827200.0
2013-02-08,161.46001,162.020004,161.2,161.57001,6085900.0
2013-02-11,159.78,159.98,159.25,159.7,12083500.0
2013-02-12,159.35001,160.050003,158.88,159.89,7632300.0
2013-02-13,159.60001,159.64,158.77,159.050003,8961300.0
2013-02-14,159.31,159.64999,158.039993,158.35001,12410200.0
2013-02-15,156.42,156.58,154.56,155.75999,23374100.0
2013-02-19,155.8,155.84,154.92999,155.33,11803900.0
2013-02-20,153.89999,153.92999,150.84,151.44,30924000.0
2013-02-21,152.0,153.41,151.89999,152.62,17964800.0
2013-02-22,152.25999,152.99001,151.92999,152.97,10093200.0
2013-02-25,153.52,154.56,153.31,154.34,9488200.0
2013-02-26,154.39,156.8,153.32001,156.22,18182300.0
2013-02-27,155.46001,155.60001,154.080002,154.57001,9596100.0
2013-02-28,154.089996,154.16,152.39,153.0,14864400.0
2013-03-01,153.16,153.61,152.14,152.44,11178800.0
2013-03-04,152.45,152.74001,151.87,152.3,6643800.0
2013-03-05,153.10001,153.39,152.11,152.38,10804200.0
2013-03-06,152.17,153.38,151.64999,153.23,10856000.0
2013-03-07,153.020004,153.21001,152.39999,152.69,6586700.0
2013-03-08,151.61,153.28999,151.39999,152.71001,11859500.0
2013-03-11,152.82001,153.059998,152.64999,152.99001,4810700.0
2013-03-12,154.070007,154.69,153.89999,154.19,7265700.0
2013-03-13,154.25999,154.60001,153.42,153.66,7436400.0
2013-03-14,153.020004,154.17,153.0099945,153.67999,11410400.0
2013-03-15,154.12,154.72,153.97,154.0,5701300.0
2013-03-18,155.7,155.92999,155.0,155.38,9302400.0
2013-03-19,155.22,156.34,155.10001,156.080002,11023400.0
2013-03-20,155.53,155.83,154.88,155.37,8221500.0
2013-03-21,156.17,156.42999,155.88,156.25,4992000.0
2013-03-22,155.45,155.99001,155.42,155.55,4746300.0
2013-03-25,154.71001,155.57001,154.36,155.24001,6819100.0
2013-03-26,154.47,154.91,154.28,154.72,7388700.0
2013-03-27,154.67,155.62,154.50999,155.36,6717000.0
2013-03-28,154.5,154.8,154.22,154.45,6851200.0
2013-04-01,154.57001,154.92999,154.3,154.67,4288100.0
2013-04-02,153.089996,153.31,152.25999,152.42999,9398300.0
2013-04-03,152.020004,152.53,149.92,150.73,15740800.0
2013-04-04,149.64999,150.60001,149.44,150.28999,12429000.0
2013-04-05,151.53999,152.96001,151.070007,152.81,14491800.0
2013-04-08,152.39,152.59,151.60001,152.16,6246000.0
2013-04-09,152.32001,153.85001,152.28,153.34,7042200.0
2013-04-10,152.67,152.71001,150.58,150.75,18507400.0
2013-04-11,150.75999,151.71001,150.63,151.050003,8063200.0
2013-04-12,148.64999,148.85001,143.42999,143.95,55601800.0
2013-04-15,136.0,136.75,130.50999,131.31,93804200.0
2013-04-16,134.89999,135.11,131.75999,132.8,45650800.0
2013-04-17,133.81,134.95,132.32001,132.87,25444100.0
2013-04-18,134.12,135.31,133.62,134.3,20040500.0
2013-04-19,136.0,136.020004,134.60001,135.47,15659300.0
2013-04-22,138.14999,138.27,137.22,137.89999,16568500.0
2013-04-23,137.22,137.24001,135.85001,136.88,14644900.0
2013-04-24,138.089996,138.55,137.45,138.37,10369300.0
2013-04-25,140.0,142.080002,139.78999,141.63,18886900.0
2013-04-26,142.3,143.42999,140.039993,140.91,19307800.0
2013-04-29,142.13,142.66,141.49001,142.3,11004500.0
2013-04-30,142.27,142.83,141.55,142.77,11284400.0
2013-05-01,140.59,141.55,139.3,141.11,13931100.0
2013-05-02,142.0,142.47,141.64,141.92,11502200.0
2013-05-03,141.7,142.71001,141.39999,142.089996,11667100.0
2013-05-06,142.33,142.46001,141.63,142.14999,7730300.0
2013-05-07,140.38,140.64,139.37,140.38,13627400.0
2013-05-08,141.78,142.81,141.49001,142.46001,11161100.0
2013-05-09,141.33,142.36,140.50999,140.81,8263000.0
2013-05-10,138.22,139.75,137.25999,139.60001,14650600.0
2013-05-13,138.46001,138.97,138.16,138.42999,6714100.0
2013-05-14,137.95,139.16,137.64,137.81,9895700.0
2013-05-15,136.59,136.98,134.23,134.63,19062400.0
2013-05-16,133.17999,134.48,133.0,134.089996,12759200.0
2013-05-17,133.17,133.48,131.020004,131.070007,20346500.0
2013-05-20,130.88,135.32001,130.85001,135.12,21594000.0
2013-05-21,132.17,133.64999,131.45,132.88,14542500.0
2013-05-22,134.17999,136.77,130.95,131.94,25975200.0
2013-05-23,134.50999,134.84,133.12,134.61,10267600.0
2013-05-24,134.11,134.50999,133.64,133.75999,5522600.0
2013-05-28,133.67999,135.57001,132.8,133.49001,12466400.0
2013-05-29,134.089996,134.91,133.64,134.83,8762200.0
2013-05-30,136.67,137.11,136.25999,136.7,8611700.0
2013-05-31,135.71001,136.050003,133.89,133.92,9726600.0
2013-06-03,134.77,136.98,134.42999,136.50999,9173000.0
2013-06-04,135.21001,135.44,134.27,135.23,5505200.0
2013-06-05,135.47,136.37,135.0099945,135.52,7444900.0
2013-06-06,135.39,137.62,134.98,136.53,9847700.0
2013-06-07,134.11,134.62,133.17999,133.28,11054400.0
2013-06-10,133.3,134.28,132.99001,133.94,6142800.0
2013-06-11,132.31,133.50999,132.24001,133.25,7199300.0
2013-06-12,132.95,134.83,132.83,134.25,6550600.0
2013-06-13,133.31,134.2,132.82001,133.74001,7161800.0
2013-06-14,134.0,134.60001,133.88,134.42999,4278700.0
2013-06-17,133.89,134.059998,133.52,133.77,4072300.0
2013-06-18,132.72,132.96001,131.53,132.13,7379300.0
2013-06-19,132.58,133.14999,130.38,130.59,13017800.0
2013-06-20,125.22,126.38,123.33,123.6,28872100.0
2013-06-21,125.16,125.57,124.46,125.050003,16600000.0
2013-06-24,124.31,124.7,123.31,123.93,12749300.0
2013-06-25,123.65,123.9,122.88,123.47,9369200.0
2013-06-26,119.88,119.9,118.059998,118.28,24748800.0
2013-06-27,119.099998,119.51,115.65,115.94,30001900.0
2013-06-28,115.22,119.33,114.68,119.11,32981900.0
2013-07-01,119.94,121.95,119.38,121.13,15945200.0
2013-07-02,121.34,121.47,119.78,120.050003,10550300.0
2013-07-03,120.7,121.77,120.54,120.74,6750300.0
2013-07-05,118.080002,118.18,116.74,118.089996,11592500.0
2013-07-08,119.089996,119.66,118.93,119.51,8652200.0
2013-07-09,120.84,121.51,120.050003,120.62,8201400.0
2013-07-10,121.15,122.35,120.59,120.95,14697100.0
2013-07-11,124.26,124.36,123.47,124.24,11279400.0
2013-07-12,123.52,124.3,123.32,124.13,6583800.0
2013-07-15,124.080002,124.39,123.84,124.18,4133200.0
2013-07-16,124.76,125.21,124.33,124.89,5577300.0
2013-07-17,125.040001,125.7,122.73,123.32,10882400.0
2013-07-18,124.11,124.52,123.78,124.010002,6150900.0
2013-07-19,124.89,125.42,124.65,125.11,5767800.0
2013-07-22,127.65,129.46001,127.59,128.84,10851900.0
2013-07-23,128.7,130.14,128.35001,129.71001,8820100.0
2013-07-24,129.17,129.39999,126.87,127.48,9979100.0
2013-07-25,127.7,128.87,127.64,128.67,4702400.0
2013-07-26,128.11,128.97,126.78,128.78,6148500.0
2013-07-29,128.45,128.78,128.25,128.47,3554100.0
2013-07-30,127.95,128.31,127.22,128.12,4487700.0
2013-07-31,127.76,128.92,126.13,127.96,16015300.0
2013-08-01,127.84,127.89,126.33,126.61,10564300.0
2013-08-02,126.74,127.25,126.32,126.36,6466300.0
2013-08-05,126.51,126.64,125.34,125.7,4003900.0
2013-08-06,124.33,124.55,123.55,123.97,6016200.0
2013-08-07,124.0,124.6,123.85,124.15,5304700.0
2013-08-08,124.78,126.99,124.77,126.86,8653600.0
2013-08-09,126.51,127.27,126.3,126.86,6192000.0
2013-08-12,129.57001,129.71001,128.88,129.13,7414300.0
2013-08-13,128.49001,128.64999,127.38,127.74,7336100.0
2013-08-14,127.66,129.070007,127.57,129.0,8713200.0
2013-08-15,128.059998,132.36,127.98,131.69,17226300.0
2013-08-16,132.56,133.27,131.39,132.58,14447100.0
2013-08-19,132.33,132.5,131.59,132.0099945,8118400.0
2013-08-20,132.029999,133.13,132.020004,132.45,7809100.0
2013-08-21,131.74001,133.23,131.50999,132.070007,10720200.0
2013-08-22,132.56,133.46001,132.27,132.81,5741800.0
2013-08-23,132.58,135.24001,132.5,134.89999,11623400.0
2013-08-26,134.88,135.60001,134.14999,135.45,7692100.0
2013-08-27,136.94,137.55,136.52,136.75,11283300.0
2013-08-28,137.21001,137.46001,136.66,136.71001,13650400.0
2013-08-29,136.12,136.55,135.42,135.87,7939400.0
2013-08-30,134.64999,135.71001,134.44,134.62,7680000.0
2013-09-03,135.46001,136.78999,135.029999,136.42,8100700.0
2013-09-04,134.61,134.84,133.72,134.66,7785400.0
2013-09-05,134.13,134.35001,131.8,132.2,11118600.0
2013-09-06,133.42,134.39999,133.33,134.14999,8448700.0
2013-09-09,134.13,134.32001,133.67,133.91,5090500.0
2013-09-10,131.82001,132.0,131.11,131.74001,8433100.0
2013-09-11,131.58,131.81,131.25999,131.7,5046600.0
2013-09-12,128.62,128.78,127.61,127.67,12944000.0
2013-09-13,127.16,127.96,126.21,127.82,12060400.0
2013-09-16,127.48,128.020004,126.33,126.45,9829100.0
2013-09-17,126.81,126.99,126.11,126.5,8135500.0
2013-09-18,125.32,132.16,125.15,132.0099945,24780000.0
2013-09-19,132.0,132.78,131.22,131.75,14353900.0
2013-09-20,130.60001,130.91,127.9,127.96,19558200.0
2013-09-23,127.52,128.44,127.33,127.55,7421800.0
2013-09-24,126.4,128.21001,126.34,127.66,7349700.0
2013-09-25,127.57,129.21001,127.52,128.78999,7519100.0
2013-09-26,128.61,128.99001,127.32,127.79,9491300.0
2013-09-27,128.86,129.58,128.84,128.97,7430200.0
2013-09-30,127.95,129.14,127.7,128.17999,8979000.0
2013-10-01,125.25,125.26,123.81,124.59,16721100.0
2013-10-02,125.37,127.81,125.34,127.059998,11994200.0
2013-10-03,126.77,127.69,126.22,127.18,11632900.0
2013-10-04,127.050003,127.15,126.0,126.53,6923700.0
2013-10-07,127.25,128.33,127.12,127.64,6732800.0
2013-10-08,127.79,128.45,127.21,127.4,6999700.0
2013-10-09,126.21,126.89,124.97,126.11,10705100.0
2013-10-10,125.34,125.83,124.099998,124.27,10523600.0
2013-10-11,122.37,122.81,121.85,122.6,15972600.0
2013-10-14,123.9,124.24,122.81,122.83,6118200.0
2013-10-15,122.28,124.36,122.22,123.73,8384200.0
2013-10-16,123.52,123.89,122.51,123.54,8523400.0
2013-10-17,127.010002,127.86,126.81,127.42,11785100.0
2013-10-18,126.87,127.33,126.6,126.85,5350500.0
2013-10-21,127.13,127.34,126.79,126.98,3395200.0
2013-10-22,128.25,129.81,128.22,129.34,8849000.0
2013-10-23,128.55,129.089996,128.35001,128.69,5092200.0
2013-10-24,129.41,130.53,129.41,129.89999,10221400.0
2013-10-25,129.53,130.92,129.46001,130.46001,8767900.0
2013-10-28,130.41,131.44,130.10001,130.56,6807800.0
2013-10-29,130.16,130.59,129.57001,129.77,5328500.0
2013-10-30,130.83,131.22,128.81,129.60001,8896000.0
2013-10-31,128.039993,128.49001,127.3,127.74,7753300.0
2013-11-01,126.86,127.17,126.050003,126.95,9566200.0
2013-11-04,127.18,127.52,126.74,126.81,3819300.0
2013-11-05,126.71,126.86,126.0,126.56,4941200.0
2013-11-06,127.11,127.36,126.92,127.2,3544900.0
2013-11-07,126.14,126.85,125.86,126.16,7700100.0
2013-11-08,124.46,124.46,123.62,124.28,8427300.0
2013-11-11,123.92,123.97,123.66,123.87,3277700.0
2013-11-12,123.51,123.87,121.73,122.45,7705600.0
2013-11-13,122.97,123.24,122.39,122.85,5967000.0
2013-11-14,123.92,124.91,123.88,124.27,7669700.0
2013-11-15,124.16,124.52,124.07,124.32,4660700.0
2013-11-18,123.7,123.96,122.55,122.9,6241300.0
2013-11-19,122.97,123.4,122.83,122.95,3666500.0
2013-11-20,121.67,122.44,119.76,120.12,14281000.0
2013-11-21,119.81,120.35,119.31,119.94,7557500.0
2013-11-22,120.24,120.4,119.82,119.92,6774400.0
2013-11-25,119.18,121.0,119.13,120.46,7266300.0
2013-11-26,119.84,120.4,119.59,119.82,9053300.0
2013-11-27,120.49,120.69,119.25,119.46,6144600.0
2013-11-29,120.67,121.050003,120.62,120.7,2364700.0
2013-12-02,119.2,119.29,117.5,117.58,10297100.0
2013-12-03,117.58,118.31,117.23,117.96,7004800.0
2013-12-04,118.33,120.76,118.16,119.96,9110700.0
2013-12-05,118.2,119.24,117.41,118.3,10254700.0
2013-12-06,118.86,119.26,118.010002,118.55,7909500.0
2013-12-09,118.99,119.92,118.95,119.72,5510400.0
2013-12-10,122.14,122.32,121.47,121.82,9155600.0
2013-12-11,121.49,121.81,120.76,120.86,9934900.0
2013-12-12,118.61,118.82,118.029999,118.29,8810800.0
2013-12-13,118.89,119.49,118.76,119.38,6482100.0
2013-12-16,119.26,120.77,118.97,119.69,8189500.0
2013-12-17,118.96,119.9,118.37,118.65,8589100.0
2013-12-18,119.0,120.050003,117.29,117.61,16265000.0
2013-12-19,115.97,116.059998,114.5,114.82,15955400.0
2013-12-20,115.37,116.47,115.059998,115.94,14693700.0
2013-12-23,115.61,116.12,115.43,115.57,6237300.0
2013-12-24,115.79,116.29,115.71,116.099998,3353900.0
2013-12-26,117.23,117.23,116.65,116.74,3868400.0
2013-12-27,117.31,117.38,116.85,117.12,4206200.0
2013-12-30,116.37,116.4,115.18,115.39,6703200.0
2013-12-31,114.61,117.13,114.46,116.12,12835900.0
2014-01-02,117.93,118.73,117.75,118.0,7551000.0
2014-01-03,118.64,119.62,118.59,119.29,5874400.0
2014-01-06,119.76,120.39,117.11,119.5,10106500.0
2014-01-07,118.46,118.92,118.13,118.82,6433700.0
2014-01-08,117.99,118.52,117.5,118.12,7428500.0
2014-01-09,118.11,118.69,117.99,118.46,3972800.0
2014-01-10,119.72,120.43,119.58,120.26,7993200.0
2014-01-13,120.27,121.040001,120.2,121.019997,5872700.0
2014-01-14,120.54,121.059998,119.72,119.89,7505400.0
2014-01-15,119.19,119.81,119.11,119.66,5474300.0
2014-01-16,119.84,119.96,119.57,119.79,3949500.0
2014-01-17,120.35,121.019997,120.2,120.93,7923400.0
2014-01-21,119.23,119.97,119.23,119.7,6763500.0
2014-01-22,119.65,119.77,119.17,119.19,4891800.0
2014-01-23,120.97,122.019997,120.97,121.79,11028200.0
2014-01-24,122.059998,122.5,121.55,122.29,8515700.0
2014-01-27,121.65,122.059998,120.72,120.96,7528600.0
2014-01-28,121.32,121.4,120.41,120.95,5149500.0
2014-01-29,122.19,122.51,121.13,122.47,12257500.0
2014-01-30,119.67,120.22,119.6,119.77,8746500.0
2014-01-31,120.65,120.86,119.46,120.089996,7983100.0
2014-02-03,120.47,122.11,120.32,121.32,9267300.0
2014-02-04,120.41,121.089996,120.39,120.99,7027400.0
2014-02-05,121.76,121.88,120.73,121.29,6800000.0
2014-02-06,121.38,121.51,120.78,121.24,4745800.0
2014-02-07,121.24,122.24,121.23,122.17,6674700.0
2014-02-10,122.8,123.16,122.72,122.92,7931200.0
2014-02-11,123.38,124.75,123.36,124.36,11546000.0
2014-02-12,124.4,124.98,124.13,124.43,6651900.0
2014-02-13,124.7,125.6,124.66,125.49,9167900.0
2014-02-14,126.99,127.38,126.75,127.15,11147900.0
2014-02-18,127.42,127.75,127.089996,127.4,7685800.0
2014-02-19,127.26,127.45,126.16,126.27,9384100.0
2014-02-20,126.75,127.75,126.4,127.6,10572900.0
2014-02-21,127.57,128.070007,127.15,127.58,7298200.0
2014-02-24,128.50999,129.070007,128.34,128.99001,12114200.0
2014-02-25,128.62,129.53,128.57001,129.21001,5786000.0
2014-02-26,128.49001,128.75999,127.42,128.11,7052900.0
2014-02-27,128.39999,128.8,127.89,128.2,5066500.0
2014-02-28,128.27,128.35001,127.15,127.62,10584100.0
2014-03-03,130.0,130.59,129.81,130.28999,11741100.0
2014-03-04,128.53999,129.24001,128.32001,128.67999,6341700.0
2014-03-05,128.71001,129.34,128.58,128.89,4878500.0
2014-03-06,129.71001,130.47,129.47,130.17,5408900.0
2014-03-07,128.25,129.23,128.21001,129.089996,7575000.0
2014-03-10,128.88,129.61,128.78,129.13,4169900.0
2014-03-11,130.0099945,130.14999,128.92999,129.86,7289800.0
2014-03-12,131.56,132.12,131.39,131.75999,11094200.0
2014-03-13,131.69,132.53999,131.56,132.21001,8007700.0
2014-03-14,133.67999,133.69,132.35001,133.10001,11939600.0
2014-03-17,132.73,133.22,131.22,131.64,14626800.0
2014-03-18,130.39,131.27,130.33,130.62,6424400.0
2014-03-19,129.55,129.67999,127.94,128.089996,12932900.0
2014-03-20,127.78,128.41,127.58,127.86,7690800.0
2014-03-21,129.039993,129.089996,128.41,128.47,7237300.0
2014-03-24,126.87,127.14,126.029999,126.18,13076500.0
2014-03-25,126.44,126.82,126.24,126.41,6566900.0
2014-03-26,126.27,126.38,125.13,125.41,8575400.0
2014-03-27,125.059998,125.29,124.21,124.59,7312300.0
2014-03-28,124.23,124.96,123.88,124.56,7253700.0
2014-03-31,124.52,124.79,123.57,123.61,12379200.0
2014-04-01,123.71,123.85,123.11,123.39,5992000.0
2014-04-02,124.41,124.75,124.19,124.32,4907800.0
2014-04-03,123.75,124.26,123.59,123.92,3658800.0
2014-04-04,125.2,125.96,124.86,125.57,7278400.0
2014-04-07,125.07,125.47,124.84,124.91,3967200.0
2014-04-08,126.34,126.34,125.9,126.089996,6939100.0
2014-04-09,125.46,126.72,125.33,126.32,5305600.0
2014-04-10,126.95,127.37,126.82,127.010002,5003200.0
2014-04-11,127.040001,127.31,126.73,126.93,4697200.0
2014-04-14,127.8,128.25,127.62,127.85,6677400.0
2014-04-15,124.79,125.7,124.6,125.49,9967600.0
2014-04-16,125.37,125.57,125.029999,125.54,4071300.0
2014-04-17,125.38,125.53,124.57,124.75,5901900.0
2014-04-21,124.07,124.33,123.76,124.24,6579200.0
2014-04-22,124.15,124.16,122.92,123.78,6898100.0
2014-04-23,123.7,123.94,123.38,123.76,3736600.0
2014-04-24,122.87,125.12,122.84,124.56,8754200.0
2014-04-25,125.17,125.71,125.07,125.43,7023700.0
2014-04-28,125.3,125.34,124.45,124.88,4897900.0
2014-04-29,124.95,125.38,124.65,124.86,5241600.0
2014-04-30,124.19,125.050003,123.82,124.22,10352900.0
2014-05-01,123.17,123.83,123.059998,123.8,6687300.0
2014-05-02,123.69,125.67,123.33,125.059998,9912900.0
2014-05-05,126.47,126.63,126.0,126.22,5196500.0
2014-05-06,126.019997,126.11,125.63,125.98,3488000.0
2014-05-07,125.52,125.57,123.92,124.17,8469900.0
2014-05-08,124.19,124.47,123.89,124.17,3695500.0
2014-05-09,124.39,124.47,123.82,124.099998,3120000.0
2014-05-12,125.4,125.42,124.69,124.94,4025500.0
2014-05-13,124.79,125.099998,124.5,124.6,2643500.0
2014-05-14,125.8,125.96,125.44,125.81,4015900.0
2014-05-15,124.77,125.51,124.54,124.77,5861100.0
2014-05-16,124.35,124.77,124.29,124.5,4052100.0
2014-05-19,125.28,125.47,124.48,124.58,3902600.0
2014-05-20,124.12,124.91,124.089996,124.69,3770800.0
2014-05-21,124.25,124.55,123.53,124.39,6846500.0
2014-05-22,125.14,125.24,124.54,124.67,3458800.0
2014-05-23,124.6,124.66,124.19,124.51,2205900.0
2014-05-27,122.98,123.07,121.75,121.85,10895800.0
2014-05-28,121.47,121.7,120.92,121.2,6736800.0
2014-05-29,120.78,121.46,120.77,120.94,5551900.0
2014-05-30,120.76,120.81,119.62,120.43,8749600.0
2014-06-02,119.93,120.46,119.61,119.7,5916100.0
2014-06-03,119.73,120.089996,119.42,120.010002,5008300.0
2014-06-04,120.099998,120.16,119.68,119.76,3859500.0
2014-06-05,120.55,120.88,120.43,120.66,4180400.0
2014-06-06,120.68,120.77,119.94,120.61,4807700.0
2014-06-09,120.79,120.85,120.57,120.65,2788000.0
2014-06-10,121.29,121.47,121.21,121.39,3556600.0
2014-06-11,121.51,121.61,121.18,121.41,3572300.0
2014-06-12,121.92,122.75,121.83,122.64,7388500.0
2014-06-13,122.57,123.040001,122.51,122.96,4026600.0
2014-06-16,122.88,123.010002,122.3,122.42,5832800.0
2014-06-17,121.85,122.5,121.82,122.28,4032800.0
2014-06-18,122.22,122.8,122.089996,122.67,4601700.0
2014-06-19,124.33,127.23,124.32,126.94,24374800.0
2014-06-20,126.32,127.07,126.21,126.5,9954700.0
2014-06-23,126.65,126.94,126.37,126.85,5142800.0
2014-06-24,127.22,127.32,126.73,126.98,6350200.0
2014-06-25,126.78,127.55,126.66,126.99,6692300.0
2014-06-26,126.53,126.92,126.2,126.73,5529800.0
2014-06-27,126.88,127.17,126.65,126.66,4200300.0
2014-06-30,126.53,128.039993,126.37,128.039993,18123400.0
2014-07-01,127.99,128.12,127.49,127.7,8145900.0
2014-07-02,127.76,128.24001,127.64,127.7,5738900.0
2014-07-03,126.79,127.29,126.61,127.16,4922500.0
2014-07-07,126.63,127.029999,126.23,127.019997,4630200.0
2014-07-08,127.29,127.53,126.43,127.07,6216600.0
2014-07-09,127.54,128.25999,127.18,127.84,8362700.0
2014-07-10,129.11,129.21001,128.49001,128.53999,6313300.0
2014-07-11,128.41,128.83,128.38,128.78,4322100.0
2014-07-14,125.5,126.099998,125.45,125.72,11465500.0
2014-07-15,125.89,126.32,124.36,124.53,10541700.0
2014-07-16,125.019997,125.47,124.78,124.97,4099800.0
2014-07-17,125.52,127.55,125.11,127.089996,11423900.0
2014-07-18,125.79,126.21,125.67,126.13,6460900.0
2014-07-21,126.53,126.55,126.11,126.34,3296300.0
2014-07-22,126.33,126.43,125.47,125.74,3882000.0
2014-07-23,125.72,126.040001,125.4,125.62,3041400.0
2014-07-24,124.85,124.87,123.9,124.35,8111600.0
2014-07-25,124.48,125.93,124.43,125.79,5638800.0
2014-07-28,125.44,125.67,125.3,125.58,3212900.0
2014-07-29,125.79,125.88,124.72,125.2,5267700.0
2014-07-30,124.89,124.93,124.41,124.83,5614800.0
2014-07-31,123.85,124.07,123.23,123.39,9896500.0
2014-08-01,124.54,124.81,124.23,124.38,7397000.0
2014-08-04,124.36,124.47,123.73,123.99,6499400.0
2014-08-05,123.74,124.52,123.4,123.87,8342500.0
2014-08-06,125.71,126.0,125.52,125.67,9327800.0
2014-08-07,125.47,126.51,125.37,126.18,7298900.0
2014-08-08,126.080002,126.41,125.89,126.19,5728200.0
2014-08-11,125.84,126.040001,125.64,125.96,3163500.0
2014-08-12,126.42,126.81,125.87,125.99,4609700.0
2014-08-13,126.35,126.53,125.9,126.2,3967500.0
2014-08-14,126.24,126.53,126.13,126.31,3348500.0
2014-08-15,124.52,126.07,124.41,125.48,13070500.0
2014-08-18,124.78,125.080002,124.65,124.96,4952500.0
2014-08-19,125.0,125.0,124.48,124.68,4878400.0
2014-08-20,124.82,124.82,123.88,124.22,4395600.0
2014-08-21,122.72,123.24,122.45,122.88,8008800.0
2014-08-22,123.089996,123.33,122.57,123.19,4739200.0
2014-08-25,122.92,123.040001,122.72,122.74,5012400.0
2014-08-26,123.92,123.97,123.28,123.35,3882300.0
2014-08-27,123.6,123.71,123.25,123.32,2576800.0
2014-08-28,124.15,124.33,123.81,124.0,3296700.0
2014-08-29,123.75,124.22,123.62,123.86,3683500.0
2014-09-02,121.97,122.080002,121.43,121.65,10128600.0
2014-09-03,121.7,122.2,121.66,122.15,3414600.0
2014-09-04,122.48,122.66,121.25,121.48,7310600.0
2014-09-05,121.83,122.059998,121.63,122.059998,3490100.0
2014-09-08,121.58,121.61,120.37,120.73,7506500.0
2014-09-09,120.57,120.94,120.0,120.87,6157300.0
2014-09-10,120.13,120.54,119.64,120.26,7021500.0
2014-09-11,119.61,119.7,118.77,119.47,7612000.0
2014-09-12,118.63,118.9,118.07,118.38,8126500.0
2014-09-15,118.79,118.86,118.46,118.64,4775400.0
2014-09-16,118.85,119.43,118.44,118.83,6544500.0
2014-09-17,118.95,119.24,117.5,117.54,8328700.0
2014-09-18,117.41,118.089996,117.19,117.78,5368700.0
2014-09-19,117.51,117.57,116.72,117.089996,10930200.0
2014-09-22,116.72,117.37,116.58,116.85,7601600.0
2014-09-23,117.99,117.99,117.31,117.6,4664800.0
2014-09-24,117.12,117.72,116.9,117.050003,5515000.0
2014-09-25,116.3,117.76,116.2,117.39,7631700.0
2014-09-26,117.019997,117.099998,116.58,117.059998,4185200.0
2014-09-29,117.27,117.4,116.9,117.029999,4049500.0
2014-09-30,116.54,117.35,115.85,116.21,10170100.0
2014-10-01,116.61,117.26,116.59,116.77,7018800.0
2014-10-02,116.86,117.21,116.33,116.74,6349900.0
2014-10-03,115.17,115.51,114.42,114.61,11301300.0
2014-10-06,115.16,116.31,114.94,116.029999,7644100.0
2014-10-07,116.31,116.63,116.089996,116.36,5274700.0
2014-10-08,117.029999,117.71,115.85,117.47,10670900.0
2014-10-09,117.86,118.26,117.49,117.64,6610500.0
2014-10-10,117.7,117.74,117.19,117.59,4651400.0
2014-10-13,118.14,118.67,117.93,118.52,5396300.0
2014-10-14,118.58,118.82,118.35,118.59,5174800.0
2014-10-15,119.23,120.18,118.59,118.99,9453800.0
2014-10-16,119.019997,119.65,118.88,119.22,6545400.0
2014-10-17,119.059998,119.23,118.42,118.99,8059000.0
2014-10-20,119.68,119.86,119.54,119.8,3033700.0
2014-10-21,120.27,120.5,119.91,120.019997,4566100.0
2014-10-22,119.69,119.79,119.25,119.34,3740200.0
2014-10-23,118.71,118.82,117.88,118.52,6417500.0
2014-10-24,118.62,118.63,118.12,118.35,3610600.0
2014-10-27,118.18,118.37,118.010002,118.059998,2443600.0
2014-10-28,118.48,118.48,118.010002,118.099998,3260100.0
2014-10-29,117.65,117.91,116.14,116.41,7900800.0
2014-10-30,115.8,115.83,114.94,115.19,7852200.0
2014-10-31,111.83,112.88,111.66,112.66,18208200.0
2014-11-03,112.39,112.68,112.0,112.15,6589800.0
2014-11-04,112.12,112.71,112.080002,112.22,6430100.0
2014-11-05,109.92,110.84,109.67,109.79,13560100.0
2014-11-06,109.92,110.49,109.75,109.88,7019900.0
2014-11-07,110.78,113.15,110.73,112.97,10916500.0
2014-11-10,112.24,112.24,110.28,110.46,8548500.0
2014-11-11,111.080002,112.76,110.87,112.040001,8603200.0
2014-11-12,112.050003,112.17,111.23,111.5,5133300.0
2014-11-13,111.89,112.26,111.22,111.67,4874600.0
2014-11-14,110.76,114.72,110.65,114.47,14173600.0
2014-11-17,113.97,114.27,113.56,114.050003,5441000.0
2014-11-18,114.86,115.17,114.55,115.050003,5586700.0
2014-11-19,114.93,115.35,112.88,113.68,11997700.0
2014-11-20,114.57,115.019997,114.089996,114.86,5607800.0
2014-11-21,115.58,115.96,114.47,115.39,6564300.0
2014-11-24,115.15,115.37,114.79,115.11,4695000.0
2014-11-25,115.099998,115.47,114.9,115.38,9051800.0
2014-11-26,115.25,115.34,114.98,115.16,3184000.0
2014-11-28,113.53,113.83,111.95,112.11,9616300.0
2014-12-01,113.8,117.36,113.74,116.58,15644000.0
2014-12-02,115.13,115.71,114.72,115.14,6378100.0
2014-12-03,115.68,116.76,115.56,116.33,5758800.0
2014-12-04,116.010002,116.34,115.61,115.88,3623600.0
2014-12-05,115.16,115.18,114.24,114.43,6331000.0
2014-12-08,114.97,116.16,114.46,115.78,5224500.0
2014-12-09,117.040001,118.99,116.98,118.19,10467200.0
2014-12-10,118.15,118.47,117.81,117.96,4277400.0
2014-12-11,116.98,118.38,116.82,117.69,5214500.0
2014-12-12,117.39,117.8,116.68,117.41,4736500.0
2014-12-15,116.22,116.97,114.36,114.39,8796000.0
2014-12-16,116.28,116.5,114.07,114.95,9174000.0
2014-12-17,115.099998,115.48,113.58,114.27,9097300.0
2014-12-18,115.59,115.81,114.58,115.15,5258100.0
2014-12-19,115.059998,115.22,114.77,114.77,4652300.0
2014-12-22,114.81,114.97,112.41,112.55,7483200.0
2014-12-23,112.88,113.32,112.61,112.74,7763300.0
2014-12-24,112.83,112.92,112.66,112.77,1501600.0
2014-12-26,114.82,114.98,114.53,114.83,3765600.0
2014-12-29,114.61,114.64,113.23,113.67,12963700.0
2014-12-30,114.99,116.26,114.9,115.2,7987300.0
2014-12-31,114.89,115.0,113.28,113.58,7624200.0
2015-01-02,112.49,114.8,112.32,114.080002,7109600.0
2015-01-05,114.78,116.0,114.73,115.8,8177400.0
2015-01-06,116.22,117.5,115.8,117.12,11238300.0
2015-01-07,116.47,116.88,116.17,116.43,6434200.0
2015-01-08,116.45,116.87,115.85,115.94,7033700.0
2015-01-09,116.51,117.34,116.5,117.26,7962900.0
2015-01-12,117.46,118.71,117.32,118.56,8318200.0
2015-01-13,118.96,119.19,117.87,118.16,7693200.0
2015-01-14,119.080002,119.32,117.9,117.97,7727400.0
2015-01-15,120.41,121.7,120.34,120.94,17692500.0
2015-01-16,121.73,123.15,121.71,122.52,14428200.0
2015-01-20,123.63,124.6,123.49,124.2,14968600.0
2015-01-21,125.18,125.34,123.37,124.23,11082700.0
2015-01-22,125.07,125.58,124.15,125.23,10518400.0
2015-01-23,124.43,124.5,123.35,124.23,6270900.0
2015-01-26,123.33,123.34,122.52,122.99,6768600.0
2015-01-27,123.56,124.64,123.51,124.4,9584800.0
2015-01-28,123.52,123.89,122.94,123.42,8470600.0
2015-01-29,121.99,122.29,120.26,120.76,11998000.0
2015-01-30,121.3,123.55,120.92,123.45,14555900.0
2015-02-02,121.84,123.16,121.82,122.42,8885200.0
2015-02-03,121.74,121.76,120.56,121.050003,8255900.0
2015-02-04,121.63,122.22,120.92,121.58,5386700.0
2015-02-05,120.98,121.83,120.61,121.79,6879900.0
2015-02-06,119.15,119.52,117.95,118.64,13206900.0
2015-02-09,118.83,119.4,118.77,119.17,5237200.0
2015-02-10,118.63,119.059998,118.21,118.47,4086300.0
2015-02-11,118.49,118.57,117.0,117.07,6784400.0
2015-02-12,117.68,117.82,117.089996,117.34,4344400.0
2015-02-13,118.050003,118.58,117.79,117.98,4108900.0
2015-02-17,116.4,116.54,115.58,116.010002,7225200.0
2015-02-18,115.99,116.53,114.99,116.34,8336000.0
2015-02-19,116.4,116.54,115.74,115.94,6528700.0
2015-02-20,116.099998,116.46,115.050003,115.28,6681700.0
2015-02-23,115.11,116.22,115.07,115.43,4812400.0
2015-02-24,115.0,115.55,114.29,115.26,7612900.0
2015-02-25,115.83,115.89,115.33,115.7,5032500.0
2015-02-26,116.54,116.55,115.83,116.07,4025400.0
2015-02-27,116.74,117.07,116.16,116.16,8255600.0
2015-03-02,116.5,116.64,115.62,115.68,7993300.0
2015-03-03,116.040001,116.61,115.35,115.47,4738300.0
2015-03-04,115.7,115.79,115.019997,115.11,4762400.0
2015-03-05,115.43,116.12,114.84,115.0,5872200.0
2015-03-06,113.17,113.26,111.7,111.86,11190800.0
2015-03-09,112.42,112.62,111.95,111.97,5534000.0
2015-03-10,112.089996,112.35,111.22,111.42,7019800.0
2015-03-11,111.23,111.25,110.16,110.75,6550400.0
2015-03-12,111.15,111.2,110.25,110.72,6631500.0
2015-03-13,111.099998,111.28,110.51,110.88,4557600.0
2015-03-16,111.089996,111.21,110.42,110.81,3265300.0
2015-03-17,109.92,111.35,109.77,110.21,8923300.0
2015-03-18,110.33,112.87,110.089996,112.37,12448000.0
2015-03-19,111.85,112.58,111.58,112.29,6537700.0
2015-03-20,112.71,114.0,112.67,113.57,8033400.0
2015-03-23,113.7,114.37,113.49,114.29,4240300.0
2015-03-24,114.35,114.65,113.82,114.57,2979300.0
2015-03-25,115.11,115.14,114.65,114.73,3021400.0
2015-03-26,115.73,115.84,115.34,115.48,5495200.0
2015-03-27,115.14,115.36,114.45,115.059998,4921700.0
2015-03-30,113.9,114.010002,113.54,113.75,4383900.0
2015-03-31,113.84,114.28,113.41,113.66,4383300.0
2015-04-01,114.56,115.99,114.54,115.6,7324000.0
2015-04-02,115.47,115.72,114.68,115.28,3884100.0
2015-04-06,117.32,117.47,116.52,116.69,5914200.0
2015-04-07,116.27,116.51,115.94,116.11,2468500.0
2015-04-08,115.98,116.029999,114.9,115.47,5568500.0
2015-04-09,114.8,114.85,114.48,114.67,4707000.0
2015-04-10,116.0,116.19,115.5,115.97,3932400.0
2015-04-13,115.35,115.39,114.8,115.14,3190100.0
2015-04-14,114.69,115.07,114.39,114.44,3651500.0
2015-04-15,114.8,115.6,114.47,115.43,3656000.0
2015-04-16,115.55,115.66,114.64,115.029999,3132300.0
2015-04-17,115.38,115.79,115.23,115.6,3496300.0
2015-04-20,114.82,114.95,114.32,114.72,3932800.0
2015-04-21,114.72,115.56,114.65,115.38,3317700.0
2015-04-22,114.83,114.96,113.77,113.83,5696000.0
2015-04-23,113.9,114.96,113.81,114.66,3459500.0
2015-04-24,113.96,114.07,112.77,113.050003,7152900.0
2015-04-27,113.87,115.82,113.67,115.33,7487600.0
2015-04-28,115.36,116.62,115.34,116.33,8054400.0
2015-04-29,116.059998,116.39,115.28,115.51,7170500.0
2015-04-30,113.88,113.88,112.96,113.47,9440300.0
2015-05-01,112.42,113.31,112.28,113.080002,7597000.0
2015-05-04,114.18,114.44,113.88,114.099998,3648100.0
2015-05-05,114.89,115.11,114.39,114.42,3856500.0
2015-05-06,114.59,114.75,114.019997,114.36,3280700.0
2015-05-07,113.84,114.010002,113.32,113.42,5455100.0
2015-05-08,114.34,114.43,113.59,113.97,9964100.0
2015-05-11,114.089996,114.31,113.080002,113.53,2916700.0
2015-05-12,114.099998,114.67,114.059998,114.5,3256700.0
2015-05-13,115.74,116.93,115.68,116.55,11768200.0
2015-05-14,117.28,117.75,117.029999,117.18,6923000.0
2015-05-15,116.8,117.63,116.68,117.53,4447300.0
2015-05-18,117.78,117.88,117.27,117.52,5079900.0
2015-05-19,116.55,116.73,115.65,115.89,5052100.0
2015-05-20,116.029999,116.38,115.76,116.080002,4432600.0
2015-05-21,115.53,116.0,115.47,115.69,2514700.0
2015-05-22,115.51,115.93,115.32,115.6,1780200.0
2015-05-26,113.84,114.23,113.7,113.91,5769600.0
2015-05-27,113.78,114.010002,113.63,113.89,2681100.0
2015-05-28,113.85,114.16,113.21,114.019997,5266000.0
2015-05-29,114.14,114.48,114.0,114.099998,3407500.0
2015-06-01,115.019997,115.5,113.9,114.0,8254000.0
2015-06-02,114.36,114.65,114.17,114.46,3988600.0
2015-06-03,114.13,114.37,113.080002,113.64,4885200.0
2015-06-04,112.98,113.15,112.48,112.84,5566600.0
2015-06-05,111.6,112.39,111.57,112.24,5561300.0
2015-06-08,112.39,112.66,112.13,112.57,3122100.0
2015-06-09,113.15,113.23,112.71,112.82,3529900.0
2015-06-10,114.14,114.14,113.69,113.78,5452900.0
2015-06-11,113.27,113.41,112.92,113.26,4434700.0
2015-06-12,113.059998,113.5,112.96,113.23,2998500.0
2015-06-15,113.28,114.15,113.21,113.73,5055100.0
2015-06-16,113.080002,113.45,112.79,113.32,4033300.0
2015-06-17,113.07,114.040001,112.63,113.85,6456000.0
2015-06-18,115.19,115.61,114.89,115.32,8041300.0
2015-06-19,115.34,115.46,114.95,115.12,4611600.0
2015-06-22,113.79,113.94,113.34,113.64,5763700.0
2015-06-23,112.96,113.17,112.79,112.89,4522800.0
2015-06-24,112.48,112.74,112.31,112.59,2975500.0
2015-06-25,112.43,112.71,112.32,112.44,2904700.0
2015-06-26,112.2,112.68,112.13,112.56,4392600.0
2015-06-29,112.81,113.23,112.53,113.07,5820200.0
2015-06-30,112.24,113.050003,111.84,112.37,7897000.0
2015-07-01,112.12,112.51,111.94,111.98,4409000.0
2015-07-02,111.66,111.84,111.41,111.76,3838600.0
2015-07-06,111.71,112.58,111.63,112.059998,4259800.0
2015-07-07,111.080002,111.14,110.050003,110.76,9073400.0
2015-07-08,111.38,111.65,111.080002,111.089996,5694900.0
2015-07-09,111.8,111.93,111.15,111.36,3802900.0
2015-07-10,111.18,111.71,111.029999,111.49,3594900.0
2015-07-13,110.43,111.14,110.36,110.99,4279300.0
2015-07-14,111.0,111.080002,110.63,110.74,2601000.0
2015-07-15,110.0,110.19,109.58,110.16,9286200.0
2015-07-16,109.67,110.010002,109.6,109.76,4629700.0
2015-07-17,109.11,109.16,108.4,108.65,14858300.0
2015-07-20,106.6,106.65,105.62,105.7,15751700.0
2015-07-21,105.81,106.32,105.25,105.37,10519800.0
2015-07-22,104.39,105.089996,104.18,104.8,8349200.0
2015-07-23,104.98,105.3,104.2,104.33,5779300.0
2015-07-24,103.61,105.59,103.43,105.35,11572700.0
2015-07-27,104.94,105.68,104.66,104.86,10690100.0
2015-07-28,105.089996,105.33,104.83,105.019997,5549200.0
2015-07-29,104.93,105.63,104.49,105.17,5616900.0
2015-07-30,104.029999,104.97,103.86,104.27,6652000.0
2015-07-31,105.41,105.75,104.69,104.93,6689200.0
2015-08-03,104.59,104.82,104.050003,104.099998,3528600.0
2015-08-04,104.56,104.75,103.95,104.31,3241000.0
2015-08-05,104.42,104.5,103.78,103.93,5041000.0
2015-08-06,104.15,104.86,104.14,104.39,3908100.0
2015-08-07,104.56,105.38,104.55,104.65,4400900.0
2015-08-10,105.029999,106.27,104.92,105.72,5892600.0
2015-08-11,106.49,106.63,105.77,106.26,4060900.0
2015-08-12,106.99,107.91,106.93,107.75,10022500.0
2015-08-13,106.95,107.18,106.71,106.86,4761700.0
2015-08-14,107.07,107.41,106.54,106.85,3509200.0
2015-08-17,107.37,107.51,107.0,107.13,5769100.0
2015-08-18,106.67,107.33,106.31,107.11,4121800.0
2015-08-19,107.63,108.67,107.63,108.55,7035100.0
2015-08-20,109.81,110.61,109.7,110.44,12549000.0
2015-08-21,110.93,111.33,110.12,111.13,13917600.0
2015-08-24,111.54,112.12,109.77,110.53,18388700.0
2015-08-25,110.010002,110.050003,108.72,109.16,9974200.0
2015-08-26,107.72,108.059998,107.080002,107.67,10856600.0
2015-08-27,107.33,108.040001,107.11,107.73,8102100.0
2015-08-28,108.17,109.3,108.12,108.7,7558900.0
2015-08-31,108.19,108.92,108.029999,108.82,4532100.0
2015-09-01,109.63,109.77,108.94,109.2,7077800.0
2015-09-02,109.010002,109.34,108.46,108.62,4115700.0
2015-09-03,107.77,108.32,107.56,107.84,3913100.0
2015-09-04,107.14,107.56,107.07,107.49,4025000.0
2015-09-08,107.6,107.94,107.31,107.52,5982100.0
2015-09-09,106.64,106.71,105.48,106.13,8855100.0
2015-09-10,106.61,106.7,106.18,106.38,6204000.0
2015-09-11,105.65,106.2,105.27,106.16,4023900.0
2015-09-14,105.86,106.39,105.78,106.22,2350800.0
2015-09-15,105.83,106.059998,105.68,105.9,2905000.0
2015-09-16,106.6,107.71,106.56,107.31,5315600.0
2015-09-17,107.07,108.58,106.96,108.41,8403800.0
2015-09-18,109.099998,109.38,108.82,109.21,6794300.0
2015-09-21,108.49,108.66,108.33,108.53,4104800.0
2015-09-22,107.58,107.96,107.44,107.79,5483300.0
2015-09-23,108.54,108.64,108.2,108.22,2744200.0
2015-09-24,109.67,110.82,109.63,110.49,11024300.0
2015-09-25,109.87,110.029999,109.55,109.81,5209500.0
2015-09-28,108.37,108.91,108.27,108.42,3809600.0
2015-09-29,108.24,108.69,107.88,107.98,4043600.0
2015-09-30,106.78,107.080002,106.47,106.86,7405600.0
2015-10-01,106.98,107.21,106.63,106.73,4278600.0
2015-10-02,108.54,109.32,108.54,108.99,7730600.0
2015-10-05,109.14,109.38,108.46,108.77,5490200.0
2015-10-06,109.8,110.26,109.63,109.86,7513900.0
2015-10-07,109.75,110.14,109.34,109.7,5355500.0
2015-10-08,109.16,110.27,109.059998,109.14,5038200.0
2015-10-09,110.54,111.050003,110.23,110.87,7907300.0
2015-10-12,111.67,111.73,111.010002,111.31,6257900.0
2015-10-13,111.36,111.87,111.28,111.86,5149600.0
2015-10-14,112.63,113.95,112.3,113.81,10207800.0
2015-10-15,113.2,113.99,112.94,113.29,14083900.0
2015-10-16,113.24,113.44,112.43,112.49,7328000.0
2015-10-19,112.64,112.69,111.89,112.019997,3959400.0
2015-10-20,112.38,113.089996,112.38,112.73,4903200.0
2015-10-21,112.37,112.37,111.41,111.73,3908800.0
2015-10-22,111.52,112.21,111.43,111.69,3436400.0
2015-10-23,111.81,111.84,110.96,111.5,4868400.0
2015-10-26,111.73,111.98,111.33,111.43,2573500.0
2015-10-27,111.31,111.81,111.29,111.68,2646100.0
2015-10-28,112.68,113.25,110.31,110.78,8201200.0
2015-10-29,110.23,110.6,109.66,109.72,5150800.0
2015-10-30,109.5,109.58,109.059998,109.3,5543200.0
2015-11-02,108.64,108.84,108.46,108.59,5843300.0
2015-11-03,107.79,107.81,106.68,106.98,7145300.0
2015-11-04,107.019997,107.089996,105.92,105.97,7617800.0
2015-11-05,106.010002,106.099998,105.58,105.64,5931100.0
2015-11-06,104.17,104.42,104.019997,104.099998,8831900.0
2015-11-09,104.29,104.58,104.19,104.4,4129200.0
2015-11-10,104.089996,104.65,103.87,104.18,4450800.0
2015-11-11,104.089996,104.23,103.78,103.83,3527600.0
2015-11-12,103.089996,104.32,103.040001,103.85,6300500.0
2015-11-13,103.54,103.74,103.45,103.56,3224200.0
2015-11-16,103.98,104.029999,103.52,103.71,2951200.0
2015-11-17,103.38,103.4,101.98,102.34,8593100.0
2015-11-18,102.39,102.95,102.040001,102.43,5043800.0
2015-11-19,103.07,104.089996,103.07,103.56,5087600.0
2015-11-20,103.58,103.66,102.97,103.089996,5971600.0
2015-11-23,102.48,102.75,102.16,102.26,4042500.0
2015-11-24,103.12,103.25,102.69,102.94,3479600.0
2015-11-25,102.47,102.69,102.21,102.46,2931300.0
2015-11-27,101.010002,101.62,100.99,101.25,4993600.0
2015-11-30,101.53,102.38,101.52,101.92,6773000.0
2015-12-01,102.3,102.43,101.81,102.28,4645900.0
2015-12-02,101.35,101.35,100.53,100.69,10223500.0
2015-12-03,101.23,101.97,100.85,101.76,6499900.0
2015-12-04,102.74,104.21,102.65,104.019997,10670200.0
2015-12-07,103.32,103.37,102.5,102.67,4393500.0
2015-12-08,103.13,103.26,102.53,102.84,3412300.0
2015-12-09,103.63,103.66,102.32,102.64,6026300.0
2015-12-10,102.51,102.83,102.34,102.55,3853500.0
2015-12-11,101.91,103.32,101.85,103.11,6798400.0
2015-12-14,102.58,102.72,101.74,101.79,5563800.0
2015-12-15,101.71,102.059998,101.41,101.52,6831100.0
2015-12-16,102.59,103.2,101.66,102.75,8292200.0
2015-12-17,100.92,100.99,100.23,100.5,10156200.0
2015-12-18,101.35,102.53,101.3,102.040001,8345900.0
2015-12-21,102.95,103.52,102.83,103.15,6378900.0
2015-12-22,103.089996,103.2,102.56,102.61,4123500.0
2015-12-23,102.4,102.59,102.21,102.31,2821400.0
2015-12-24,102.82,103.050003,102.77,103.050003,1710200.0
2015-12-28,102.48,102.6,102.029999,102.27,3356200.0
2015-12-29,102.52,102.58,102.11,102.2,2832200.0
2015-12-30,101.47,101.6,101.35,101.42,3745000.0
2015-12-31,101.48,101.72,101.31,101.46,3823600.0
2016-01-04,103.13,103.67,102.49,102.89,6440000.0
2016-01-05,103.13,103.46,102.93,103.18,3500300.0
2016-01-06,104.37,104.8,103.93,104.67,9316600.0
2016-01-07,105.83,106.24,105.19,106.15,11730400.0
2016-01-08,105.48,105.8,105.040001,105.68,7678200.0
2016-01-11,105.47,105.57,104.71,104.74,6272400.0
2016-01-12,104.089996,104.59,103.65,104.21,5540200.0
2016-01-13,103.89,104.82,103.78,104.72,7324200.0
2016-01-14,103.75,104.18,102.5,103.019997,9989100.0
2016-01-15,104.92,104.96,103.97,104.080002,10052700.0
2016-01-19,104.059998,104.45,103.65,103.98,4588400.0
2016-01-20,105.17,106.16,104.94,105.37,10120900.0
2016-01-21,104.99,105.49,104.52,105.49,5425000.0
2016-01-22,104.93,105.51,104.76,105.0,4185300.0
2016-01-25,105.76,106.089996,105.6,106.080002,6819400.0
2016-01-26,106.32,107.43,106.26,107.29,8443400.0
2016-01-27,106.86,107.93,106.65,107.69,8273400.0
2016-01-28,106.55,106.86,106.48,106.54,5914200.0
2016-01-29,106.61,107.0,106.26,106.95,8098700.0
2016-02-01,107.54,108.15,107.53,108.050003,10471800.0
2016-02-02,107.92,108.18,107.35,108.089996,6656000.0
2016-02-03,107.91,109.58,107.9,109.25,15785200.0
2016-02-04,110.45,110.7,109.92,110.57,13213700.0
2016-02-05,109.79,112.35,109.58,112.32,14777300.0
2016-02-08,113.67,114.87,113.39,113.83,28341200.0
2016-02-09,114.43,114.69,113.55,113.58,18156700.0
2016-02-10,113.92,114.52,112.98,114.46,13311100.0
2016-02-11,118.59,120.84,117.77,119.059998,49139000.0
2016-02-12,118.12,118.74,117.88,118.36,16981200.0
2016-02-16,116.0,116.31,114.74,114.77,14601700.0
2016-02-17,115.47,116.07,114.89,115.48,10582400.0
2016-02-18,115.3,118.6,115.29,118.29,13586500.0
2016-02-19,117.26,117.97,117.099998,117.58,15192000.0
2016-02-22,115.44,116.19,115.41,115.49,10677800.0
2016-02-23,116.68,117.42,116.52,117.22,9033400.0
2016-02-24,119.0,119.86,117.35,117.61,17938800.0
2016-02-25,117.62,118.91,117.54,117.92,12500300.0
2016-02-26,117.43,117.72,115.86,117.11,12505100.0
2016-02-29,117.59,118.7,117.53,118.64,11517500.0
2016-03-01,118.74,119.11,117.34,117.77,14139300.0
2016-03-02,118.34,118.97,118.07,118.68,8903000.0
2016-03-03,118.86,121.3,118.81,120.73,18724100.0
2016-03-04,121.13,122.37,120.22,120.54,16261100.0
2016-03-07,121.18,121.58,120.41,121.14,9358600.0
2016-03-08,121.79,121.88,120.47,120.58,11531000.0
2016-03-09,119.2,120.39,118.84,119.58,8672900.0
2016-03-10,120.5,121.76,120.42,121.5,18104900.0
2016-03-11,121.19,121.39,119.36,119.41,10812300.0
2016-03-14,120.27,120.31,117.5,117.87,14236200.0
2016-03-15,117.78,118.040001,117.36,117.96,9941800.0
2016-03-16,117.42,120.76,117.34,120.59,17334000.0
2016-03-17,121.16,121.18,120.029999,120.13,9914300.0
2016-03-18,119.59,120.34,119.51,119.8,16965900.0
2016-03-21,119.0,119.33,118.73,118.96,7240600.0
2016-03-22,119.73,120.16,118.96,119.31,6786800.0
2016-03-23,116.74,117.12,116.16,116.61,15993700.0
2016-03-24,116.77,116.94,116.3,116.33,6280900.0
2016-03-28,116.73,116.91,116.27,116.6,3879100.0
2016-03-29,117.36,118.81,116.8,118.76,14472400.0
2016-03-30,117.88,118.2,116.91,117.099998,10769100.0
2016-03-31,118.16,118.39,117.6,117.64,9348200.0
2016-04-01,116.080002,116.98,115.55,116.93,10405400.0
2016-04-04,116.67,116.73,116.07,116.15,7643700.0
2016-04-05,117.76,117.93,117.15,117.66,8865900.0
2016-04-06,116.7,117.39,116.26,116.94,7549400.0
2016-04-07,118.65,118.85,115.0,118.61,11900500.0
2016-04-08,118.07,118.77,117.98,118.43,9078900.0
2016-04-11,119.47,120.3,119.42,120.029999,9846000.0
2016-04-12,120.23,120.35,119.55,120.050003,9689500.0
2016-04-13,119.37,119.43,118.56,118.77,8841500.0
2016-04-14,118.089996,118.19,116.95,117.11,13165800.0
2016-04-15,117.33,118.12,117.19,117.92,7838100.0
2016-04-18,118.53,118.56,117.63,117.74,5809800.0
2016-04-19,119.87,120.089996,119.37,119.58,21031500.0
2016-04-20,119.67,120.080002,118.72,118.97,10233200.0
2016-04-21,120.42,120.55,119.13,119.42,14612800.0
2016-04-22,118.71,119.019997,117.28,117.89,10047000.0
2016-04-25,118.14,118.71,118.11,118.23,4369400.0
2016-04-26,118.79,118.89,118.45,118.7,9906800.0
2016-04-27,118.97,119.7,118.43,119.040001,7976400.0
2016-04-28,119.92,121.42,119.73,121.29,15133600.0
2016-04-29,122.43,123.93,122.34,123.65,19043900.0
2016-05-02,123.78,123.96,123.050003,123.24,12137500.0
2016-05-03,123.73,123.82,122.51,122.96,9063600.0
2016-05-04,122.85,123.23,121.51,122.21,9398200.0
2016-05-05,122.63,122.73,121.25,122.07,8846900.0
2016-05-06,122.83,123.81,122.59,123.18,11366800.0
2016-05-09,121.2,121.29,120.59,120.65,9236200.0
2016-05-10,120.74,121.38,120.080002,120.98,9845000.0
2016-05-11,121.85,122.16,121.38,122.12,7590100.0
2016-05-12,122.019997,122.39,121.0,121.16,7447100.0
2016-05-13,121.089996,121.86,120.66,121.71,7672800.0
2016-05-16,122.93,122.97,121.38,121.8,7103000.0
2016-05-17,121.58,122.52,121.48,122.22,8619800.0
2016-05-18,121.22,121.92,119.88,120.099998,13381700.0
2016-05-19,119.0,119.98,118.92,119.87,14339700.0
2016-05-20,120.19,120.32,119.31,119.71,10379400.0
2016-05-23,118.86,119.6,118.75,119.37,8628200.0
2016-05-24,118.17,118.23,117.25,117.3,12772000.0
2016-05-25,116.59,117.059998,116.32,116.98,10487300.0
2016-05-26,117.57,117.63,116.39,116.58,5893500.0
2016-05-27,116.27,116.36,115.29,115.62,8686700.0
2016-05-31,115.76,116.4,115.5,116.059998,8187600.0
2016-06-01,115.97,116.14,115.2,115.94,8399600.0
2016-06-02,115.78,115.97,115.58,115.67,4591600.0
2016-06-03,118.25,118.89,118.23,118.88,14605100.0
2016-06-06,118.89,119.17,118.46,118.92,9887900.0
2016-06-07,118.5,119.019997,118.41,118.82,4602900.0
2016-06-08,120.3,120.78,120.23,120.58,11661700.0
2016-06-09,120.61,121.48,120.55,121.25,12174000.0
2016-06-10,121.55,122.099998,121.18,121.74,13940000.0
2016-06-13,122.8,122.83,122.029999,122.64,12594200.0
2016-06-14,123.0,123.059998,122.3,122.77,11651700.0
2016-06-15,122.52,123.87,122.38,123.68,15053000.0
2016-06-16,125.17,125.67,122.23,122.38,26635000.0
2016-06-17,123.26,124.099998,122.69,123.95,15573800.0
2016-06-20,122.26,123.33,122.13,123.21,11866200.0
2016-06-21,121.65,121.86,120.77,120.84,14585600.0
2016-06-22,120.83,121.25,120.68,120.9,7861000.0
2016-06-23,120.49,121.029999,120.059998,120.11,10704900.0
2016-06-24,126.62,126.82,125.0,126.0,35782900.0
2016-06-27,126.44,127.050003,125.83,126.68,21228800.0
2016-06-28,125.56,126.019997,125.059998,125.32,16001500.0
2016-06-29,125.91,126.81,125.7,125.84,12218400.0
2016-06-30,125.95,126.52,125.5,126.47,15981600.0
2016-07-01,127.66,128.42,127.44,128.41,14940700.0
2016-07-05,128.8,129.59,128.17,129.47,19026200.0
2016-07-06,130.5,131.14999,129.82001,130.23,17376700.0
2016-07-07,129.82001,130.12,128.98,129.74001,16508500.0
2016-07-08,129.85001,130.52,128.97,130.52,17634200.0
2016-07-11,129.49001,129.89999,129.16,129.28999,10855600.0
2016-07-12,128.52,128.53999,126.99,127.15,26459600.0
2016-07-13,128.0,128.42999,127.61,128.32001,7377700.0
2016-07-14,126.31,127.37,126.029999,127.33,12132400.0
2016-07-15,126.38,127.19,126.33,126.84,13892100.0
2016-07-18,127.019997,127.5,126.63,127.040001,8489700.0
2016-07-19,126.95,127.35,126.82,127.21,5170700.0
2016-07-20,125.5,126.12,125.31,125.39,11777700.0
2016-07-21,125.66,127.37,125.6,127.3,9399200.0
2016-07-22,126.43,126.52,126.010002,126.35,7716000.0
2016-07-25,125.53,126.21,125.11,125.47,13139400.0
2016-07-26,126.089996,126.14,125.75,126.0,7613200.0
2016-07-27,126.79,128.12,126.040001,128.029999,17066400.0
2016-07-28,128.089996,128.2,127.21,127.66,9261800.0
2016-07-29,128.42,129.41,127.88,128.98,13708200.0
2016-08-01,128.57001,129.34,128.56,129.22,7109900.0
2016-08-02,130.039993,130.55,129.94,130.27,7652800.0
2016-08-03,129.95,129.96001,129.27,129.64999,5010700.0
2016-08-04,130.0099945,130.28,129.82001,129.87,4908100.0
2016-08-05,128.46001,128.55,127.39,127.55,16205100.0
2016-08-08,127.29,127.7,127.27,127.44,6773800.0
2016-08-09,127.94,128.14,127.75,127.96,7500400.0
2016-08-10,129.12,129.2,128.14999,128.56,6196200.0
2016-08-11,128.61,129.19,127.48,127.67,9763800.0
2016-08-12,127.67,129.25999,127.2,127.4,15395800.0
2016-08-15,127.62,128.25,127.6,127.84,4530800.0
2016-08-16,128.12,129.039993,128.0,128.47,8678100.0
2016-08-17,128.17,128.99001,127.46,128.5,12034800.0
2016-08-18,128.89,129.17,128.58,129.11,9500600.0
2016-08-19,128.080002,128.67,127.86,127.97,10660100.0
2016-08-22,127.63,127.92,127.45,127.78,8627200.0
2016-08-23,128.14,128.22,127.61,127.76,9038500.0
2016-08-24,126.92,126.97,126.3,126.34,13539700.0
2016-08-25,125.98,126.31,125.96,126.23,5926300.0
2016-08-26,126.88,128.11,125.82,126.050003,17967700.0
2016-08-29,126.0,126.48,125.93,126.3,5562400.0
2016-08-30,125.73,125.95,124.88,125.029999,9877000.0
2016-08-31,124.73,125.11,124.64,124.78,13324100.0
2016-09-01,124.67,125.51,124.55,125.29,12877700.0
2016-09-02,126.29,126.57,125.58,126.57,11318600.0
2016-09-06,127.4,129.080002,127.27,128.71001,15115300.0
2016-09-07,128.78999,128.86,128.12,128.27,8859800.0
2016-09-08,128.16,128.52,127.4,127.59,10561800.0
2016-09-09,127.24,127.51,126.7,126.75,12485600.0
2016-09-12,126.31,126.92,125.97,126.59,11140300.0
2016-09-13,126.47,126.6,125.53,125.75,8866400.0
2016-09-14,126.099998,126.54,126.029999,126.18,5820700.0
2016-09-15,125.73,126.099998,124.91,125.37,12790400.0
2016-09-16,124.81,125.25,124.67,125.059998,18995100.0
2016-09-19,125.61,125.62,125.25,125.32,4959600.0
2016-09-20,125.31,125.59,125.17,125.44,5672000.0
2016-09-21,126.33,127.42,125.96,127.27,13646400.0
2016-09-22,127.57,128.2,127.5,127.57,15188000.0
2016-09-23,127.6,127.86,127.43,127.65,7702300.0
2016-09-26,127.96,128.039993,127.42,127.55,5842700.0
2016-09-27,126.86,126.9,126.34,126.62,6220700.0
2016-09-28,126.25,126.4,125.73,126.22,6757700.0
2016-09-29,125.84,126.34,125.54,126.07,7448400.0
2016-09-30,126.52,126.55,125.24,125.64,11204300.0
2016-10-03,125.32,125.46,124.9,125.32,9044100.0
2016-10-04,123.16,123.18,120.86,120.97,24372700.0
2016-10-05,121.33,121.59,120.4,120.78,14718100.0
2016-10-06,119.69,119.98,119.24,119.66,17917700.0
2016-10-07,120.49,120.58,118.42,119.74,17907300.0
2016-10-10,119.74,120.42,119.74,120.16,4514400.0
2016-10-11,119.92,120.16,119.53,119.55,6065300.0
2016-10-12,119.72,120.07,119.29,119.74,4848600.0
2016-10-13,120.0,120.42,119.8,120.029999,7184600.0
2016-10-14,119.37,120.16,119.29,119.36,6577300.0
2016-10-17,119.7,119.92,119.58,119.68,4777900.0
2016-10-18,120.080002,120.64,119.82,120.42,4919700.0
2016-10-19,121.13,121.46,120.89,121.11,6019800.0
2016-10-20,121.39,121.59,120.63,120.74,6496700.0
2016-10-21,120.9,120.93,120.55,120.83,6707800.0
2016-10-24,121.28,121.3,120.16,120.56,5481100.0
2016-10-25,120.89,121.76,120.86,121.47,6141100.0
2016-10-26,121.37,121.53,120.61,120.79,3905900.0
2016-10-27,121.11,121.18,120.75,121.010002,4336000.0
2016-10-28,121.2,122.48,120.81,121.58,11639900.0
2016-10-31,121.51,122.0,121.23,121.94,7722100.0
2016-11-01,122.8,123.21,122.57,122.73,13384300.0
2016-11-02,123.76,124.76,123.56,123.64,15692400.0
2016-11-03,123.36,124.33,123.35,124.3,10093100.0
2016-11-04,124.4,124.54,124.040001,124.39,8594600.0
2016-11-07,122.66,122.71,121.88,122.15,10015000.0
2016-11-08,122.12,123.089996,121.36,121.64,9480600.0
2016-11-09,124.3,124.35,121.11,121.56,18236500.0
2016-11-10,121.52,121.54,119.38,119.75,22268000.0
2016-11-11,119.65,119.69,116.23,117.099998,20381800.0
2016-11-14,116.12,117.14,115.49,116.11,20729400.0
2016-11-15,116.46,117.24,116.29,117.12,9348600.0
2016-11-16,117.27,117.27,116.58,116.77,5486100.0
2016-11-17,116.91,117.22,115.44,116.17,10342300.0
2016-11-18,115.52,115.77,114.96,115.15,10444300.0
2016-11-21,115.72,115.94,115.29,115.58,6654200.0
2016-11-22,115.72,115.79,114.98,115.54,6391900.0
2016-11-23,113.87,113.88,112.65,113.25,20982100.0
2016-11-25,113.42,113.51,112.35,112.61,5345900.0
2016-11-28,113.23,113.84,112.77,113.8,5655400.0
2016-11-29,112.76,113.48,112.69,113.27,7438600.0
2016-11-30,112.69,112.79,111.5,111.75,10925500.0
2016-12-01,111.11,111.99,110.63,111.54,10237000.0
2016-12-02,111.89,112.32,111.78,112.14,7416500.0
2016-12-05,111.15,112.11,110.31,111.54,10187900.0
2016-12-06,111.69,112.029999,111.19,111.43,5533700.0
2016-12-07,112.13,112.5,111.77,111.83,4901800.0
2016-12-08,111.72,111.87,111.46,111.57,5977800.0
2016-12-09,111.18,111.25,110.19,110.4,10507700.0
2016-12-12,110.59,111.11,110.27,110.82,6156700.0
2016-12-13,110.57,110.79,110.059998,110.45,7961600.0
2016-12-14,110.95,110.98,108.52,108.83,12933600.0
2016-12-15,107.85,107.99,107.0,107.34,14427500.0
2016-12-16,107.95,108.78,107.48,108.050003,10602800.0
2016-12-19,108.6,108.88,108.34,108.59,5339100.0
2016-12-20,107.47,108.0,107.29,107.79,7321100.0
2016-12-21,108.25,108.31,107.68,107.85,5188700.0
2016-12-22,107.68,108.099998,107.49,107.59,4942800.0
2016-12-23,107.84,108.25,107.8,107.93,5012200.0
2016-12-27,108.61,108.67,108.24,108.56,3685500.0
2016-12-28,108.4,108.91,108.29,108.86,5091200.0
2016-12-29,109.23,110.53,109.16,110.29,7563900.0
2016-12-30,110.38,110.62,109.53,109.61,8873700.0
2017-01-03,109.62,111.0,109.37,110.47,7527400.0
2017-01-04,111.059998,111.22,110.61,110.86,4904100.0
2017-01-05,112.16,112.94,112.07,112.58,9606800.0
2017-01-06,111.81,112.38,111.57,111.75,7686100.0
2017-01-09,112.39,113.040001,112.18,112.67,5674600.0
2017-01-10,112.94,113.45,112.64,113.15,6093400.0
2017-01-11,112.87,114.19,112.17,113.5,9918700.0
2017-01-12,114.52,114.93,113.81,113.91,8457300.0
2017-01-13,113.65,114.31,113.19,114.21,7261500.0
2017-01-17,115.89,115.96,115.5,115.85,9142400.0
2017-01-18,115.74,115.92,114.56,114.87,6498100.0
2017-01-19,114.32,114.96,113.94,114.77,6437000.0
2017-01-20,114.65,115.76,114.32,115.050003,12261500.0
2017-01-23,115.51,116.17,115.2,115.79,6373100.0
2017-01-24,115.69,116.019997,114.94,115.27,5798800.0
2017-01-25,114.14,114.44,113.68,114.32,6697500.0
2017-01-26,113.24,113.51,112.83,113.26,5390500.0
2017-01-27,112.93,113.55,112.81,113.49,6706600.0
2017-01-30,113.61,114.3,113.54,113.97,7687800.0
2017-01-31,115.27,115.82,115.18,115.55,10421900.0
2017-02-01,114.66,115.45,114.14,115.2,6932900.0
2017-02-02,116.26,116.57,115.63,115.84,7189500.0
2017-02-03,115.73,116.37,115.71,116.13,9455500.0
2017-02-06,117.07,117.74,116.74,117.7,8547800.0
2017-02-07,117.31,117.74,117.2,117.46,8621000.0
2017-02-08,118.089996,118.59,117.81,118.19,9633400.0
2017-02-09,118.19,118.58,117.2,117.29,8177200.0
2017-02-10,116.68,117.86,116.67,117.6,9072100.0
2017-02-13,116.73,116.95,116.15,116.8,7354900.0
2017-02-14,117.51,117.56,116.38,116.93,6927800.0
2017-02-15,116.33,117.48,116.25,117.45,7088400.0
2017-02-16,117.93,118.35,117.83,118.080002,6378700.0
2017-02-17,118.19,118.4,117.62,117.68,7338100.0
2017-02-21,117.040001,118.0,116.77,117.75,6166900.0
2017-02-22,117.86,118.019997,117.24,117.91,6057200.0
2017-02-23,118.76,119.16,118.68,118.94,7523300.0
2017-02-24,119.74,119.88,119.25,119.7,9809000.0
2017-02-27,119.73,120.4,119.12,119.12,9263500.0
2017-02-28,119.71,119.84,118.82,119.23,8727800.0
2017-03-01,117.98,119.12,117.95,119.059998,8679600.0
2017-03-02,117.76,118.34,117.23,117.58,10986300.0
2017-03-03,116.95,117.73,116.44,117.51,10665800.0
2017-03-06,117.35,117.35,116.63,116.72,4883500.0
2017-03-07,116.13,116.25,115.62,115.78,6846300.0
2017-03-08,114.99,115.36,114.95,115.059998,7620900.0
2017-03-09,114.78,115.029999,114.41,114.47,6410900.0
2017-03-10,114.45,114.73,114.13,114.72,7929500.0
2017-03-13,114.63,114.91,114.51,114.74,5807400.0
2017-03-14,114.54,115.010002,114.029999,114.12,5301800.0
2017-03-15,114.29,116.25,114.019997,116.25,13524100.0
2017-03-16,117.27,117.29,116.69,116.73,9322000.0
2017-03-17,117.040001,117.27,116.91,116.99,4683000.0
2017-03-20,117.31,117.6,117.21,117.51,4000200.0
2017-03-21,117.77,118.8,117.76,118.54,9567900.0
2017-03-22,118.87,119.15,118.68,118.83,7287400.0
2017-03-23,119.15,119.25,118.32,118.67,6201100.0
2017-03-24,118.5,119.21,118.39,118.86,6879600.0
2017-03-27,119.93,120.080002,119.27,119.53,8519600.0
2017-03-28,119.74,119.83,118.78,119.040001,7112800.0
2017-03-29,119.22,119.45,119.050003,119.33,4911000.0
2017-03-30,118.77,119.12,118.32,118.47,6894600.0
2017-03-31,118.61,119.080002,118.46,118.72,8520800.0
2017-04-03,118.69,119.37,118.67,119.35,6105700.0
2017-04-04,119.59,119.77,119.38,119.62,4687300.0
2017-04-05,118.62,119.63,118.4,119.62,8106000.0
2017-04-06,119.22,119.42,118.98,119.18,4633500.0
2017-04-07,120.3,120.67,119.14,119.46,12351100.0
2017-04-10,119.040001,119.69,118.85,119.46,4623700.0
2017-04-11,120.33,121.4,120.29,121.19,12455300.0
2017-04-12,121.38,122.22,121.14,122.019997,9502500.0
2017-04-13,122.54,122.65,122.029999,122.6,9892600.0
2017-04-17,122.55,123.07,121.99,122.24,8469600.0
2017-04-18,122.43,123.029999,121.73,122.82,10903700.0
2017-04-19,122.25,122.26,121.28,121.73,8472700.0
2017-04-20,121.82,122.17,121.5,121.96,11787300.0
2017-04-21,122.14,122.61,121.73,122.31,15608000.0
2017-04-24,120.77,121.51,120.66,121.48,11053600.0
2017-04-25,120.53,120.87,120.050003,120.25,10344800.0
2017-04-26,120.21,120.96,119.87,120.84,9758800.0
2017-04-27,120.42,120.6,119.97,120.39,8267000.0
2017-04-28,120.34,120.77,120.27,120.77,9134200.0
2017-05-01,120.21,120.75,119.35,119.67,9331800.0
2017-05-02,119.3,119.65,119.24,119.65,4900800.0
2017-05-03,119.18,119.34,117.92,117.98,10811100.0
2017-05-04,116.81,117.28,116.63,116.79,12406900.0
2017-05-05,116.86,117.07,116.68,117.010002,7127200.0
2017-05-08,117.029999,117.14,116.68,116.75,5438400.0
2017-05-09,116.18,116.24,115.56,116.050003,6801300.0
2017-05-10,116.42,116.5,115.86,116.040001,4290500.0
2017-05-11,116.21,116.85,116.19,116.5,6274400.0
2017-05-12,117.07,117.16,116.73,116.83,5434500.0
2017-05-15,117.52,117.54,116.99,117.14,5019600.0
2017-05-16,117.45,117.91,117.4,117.65,4942800.0
2017-05-17,119.36,120.019997,119.27,119.79,13936900.0
2017-05-18,119.77,119.84,118.56,118.81,10341100.0
2017-05-19,119.39,119.55,118.88,119.4,6787300.0
2017-05-22,119.63,120.14,119.58,119.9,5132500.0
2017-05-23,120.13,120.19,118.98,119.14,8305400.0
2017-05-24,119.07,119.74,118.92,119.61,7025000.0
2017-05-25,119.52,119.7,119.29,119.48,4105100.0
2017-05-26,120.49,120.79,120.33,120.54,6791600.0
2017-05-30,120.24,120.33,119.95,120.14,4507500.0
2017-05-31,120.31,121.23,120.26,120.62,10360700.0
2017-06-01,120.17,120.74,120.059998,120.72,8702500.0
2017-06-02,121.31,121.71,121.19,121.61,7268100.0
2017-06-05,121.91,121.94,121.58,121.73,3979200.0
2017-06-06,123.089996,123.31,122.77,123.099998,10798500.0
2017-06-07,122.79,123.16,122.019997,122.45,9039200.0
2017-06-08,122.07,122.080002,120.95,121.65,8169800.0
2017-06-09,120.46,120.91,120.4,120.54,7054700.0
2017-06-12,120.33,120.69,120.27,120.36,4927400.0
2017-06-13,119.95,120.71,119.92,120.48,3786600.0
2017-06-14,121.51,121.88,119.57,119.82,21124800.0
2017-06-15,119.22,119.5,119.13,119.32,6796700.0
2017-06-16,119.35,119.5,119.24,119.34,6435700.0
2017-06-19,118.74,118.84,118.33,118.43,6787000.0
2017-06-20,118.42,118.46,118.07,118.18,4617400.0
2017-06-21,118.15,118.66,118.15,118.52,4723700.0
2017-06-22,119.13,119.2,118.6,118.92,5811900.0
2017-06-23,119.65,119.66,119.31,119.43,9258600.0
2017-06-26,118.29,118.54,118.17,118.36,6593400.0
2017-06-27,118.87,119.050003,118.48,118.81,5759300.0
2017-06-28,119.059998,119.059998,118.69,118.9,4220100.0
2017-06-29,117.97,118.64,117.91,118.32,7705200.0
2017-06-30,118.080002,118.41,117.95,118.019997,7272600.0
2017-07-03,116.54,116.85,115.94,116.089996,12145000.0
2017-07-05,115.91,116.67,115.87,116.52,7223300.0
2017-07-06,116.58,116.61,116.24,116.47,4443400.0
2017-07-07,115.78,115.79,114.8,115.28,11153600.0
2017-07-10,115.019997,115.57,114.83,115.47,4970900.0
2017-07-11,115.26,115.77,114.88,115.62,6637900.0
2017-07-12,116.21,116.33,115.87,116.029999,4654400.0
2017-07-13,116.040001,116.040001,115.67,115.82,4148900.0
2017-07-14,117.040001,117.25,116.64,116.77,5788200.0
2017-07-17,117.42,117.53,117.23,117.29,5170800.0
2017-07-18,117.99,118.33,117.88,118.11,7158600.0
2017-07-19,118.18,118.27,117.84,118.080002,3205100.0
2017-07-20,117.92,118.62,117.66,118.24,5571600.0
2017-07-21,119.0,119.39,118.75,119.26,10135900.0
2017-07-24,119.52,119.58,119.18,119.31,3654300.0
2017-07-25,118.99,119.32,118.79,118.92,6203000.0
2017-07-26,118.57,120.15,118.55,119.88,8527900.0
2017-07-27,120.099998,120.14,119.28,119.79,6385200.0
2017-07-28,120.15,120.86,120.14,120.69,7393600.0
2017-07-31,120.5,120.81,120.45,120.75,3944600.0
2017-08-01,120.44,121.14,120.44,120.65,7365100.0
2017-08-02,120.51,121.019997,120.34,120.4,5945300.0
2017-08-03,120.31,120.83,120.31,120.59,4275600.0
2017-08-04,119.97,120.040001,119.22,119.65,8644800.0
2017-08-07,119.43,119.79,119.43,119.51,3010100.0
2017-08-08,120.019997,120.12,118.97,119.86,7227200.0
2017-08-09,121.019997,121.55,120.76,121.31,9186200.0
2017-08-10,122.080002,122.44,122.029999,122.21,9817900.0
2017-08-11,122.24,122.83,122.029999,122.79,8019500.0
2017-08-14,121.98,122.24,121.68,121.92,6035300.0
2017-08-15,120.6,121.23,120.58,120.98,6731300.0
2017-08-16,120.66,122.059998,120.66,121.87,8267300.0
2017-08-17,122.29,122.61,121.76,122.49,8183800.0
2017-08-18,123.37,123.54,122.0,122.3,13654200.0
2017-08-21,122.54,122.98,122.5,122.76,5549700.0
2017-08-22,122.56,122.56,121.85,122.21,6493900.0
2017-08-23,122.58,122.69,122.31,122.67,5038400.0
2017-08-24,122.39,122.64,122.13,122.29,4193400.0
2017-08-25,122.77,123.019997,121.29,122.74,12398200.0
2017-08-28,123.33,124.73,123.33,124.69,11578300.0
2017-08-29,125.81,125.87,124.050003,124.42,9861500.0
2017-08-30,124.33,124.62,124.16,124.36,6328400.0
2017-08-31,124.58,125.84,124.55,125.82,11775500.0
2017-09-01,126.010002,126.17,125.12,126.059998,11567400.0
2017-09-05,126.65,127.78,126.57,127.46,11813100.0
2017-09-06,127.34,127.44,126.55,126.81,10059300.0
2017-09-07,127.56,128.32001,127.39,128.13,10219700.0
2017-09-08,128.21001,128.3,127.59,127.97,9020000.0
2017-09-11,126.74,126.94,126.050003,126.19,9126600.0
2017-09-12,126.029999,126.59,125.94,126.56,8349000.0
2017-09-13,126.4,126.45,125.5,125.61,8491000.0
2017-09-14,125.66,126.44,125.62,126.16,5330700.0
2017-09-15,125.99,125.99,125.41,125.53,8375100.0
2017-09-18,124.71,124.76,123.97,124.36,8859800.0
2017-09-19,124.49,124.65,124.029999,124.62,5826500.0
2017-09-20,124.68,125.059998,123.15,123.62,11415400.0
2017-09-21,122.56,123.07,122.49,122.68,7757900.0
2017-09-22,123.029999,123.39,122.93,123.24,6011900.0
2017-09-25,122.78,124.66,122.71,124.53,10257200.0
2017-09-26,123.57,123.81,122.9,123.14,8673600.0
2017-09-27,122.040001,122.51,121.88,121.98,6903900.0
2017-09-28,122.040001,122.48,121.83,122.21,5968200.0
2017-09-29,122.29,122.3,121.55,121.58,10208000.0
2017-10-02,121.17,121.34,120.74,120.77,11755400.0
2017-10-03,120.72,121.099998,120.7,120.83,3728700.0
2017-10-04,121.21,121.27,120.71,121.17,6475200.0
2017-10-05,121.15,121.24,120.4,120.52,6205400.0
2017-10-06,120.26,121.21,119.78,121.089996,10013300.0
2017-10-09,121.64,122.11,121.55,122.080002,5264100.0
2017-10-10,122.62,122.97,122.36,122.4,9315500.0
2017-10-11,122.57,122.88,122.029999,122.79,5649400.0
2017-10-12,122.84,123.040001,122.5,122.89,3037600.0
2017-10-13,123.66,123.86,123.34,123.82,6820300.0
2017-10-16,123.82,123.97,122.57,122.97,8202000.0
2017-10-17,122.029999,122.32,121.73,122.13,7041300.0
2017-10-18,121.71,121.94,121.55,121.67,3666400.0
2017-10-19,122.2,122.55,122.11,122.39,5567300.0
2017-10-20,121.68,121.98,121.39,121.61,8481100.0
2017-10-23,120.98,121.9,120.96,121.8,5069700.0
2017-10-24,121.26,121.71,120.98,121.33,5114100.0
2017-10-25,121.31,121.59,120.84,121.35,4282400.0
2017-10-26,121.16,121.16,120.22,120.33,6438800.0
2017-10-27,120.38,120.99,120.21,120.9,6664200.0
2017-10-30,120.38,121.47,120.38,121.13,5119200.0
2017-10-31,120.82,120.84,120.38,120.67,3910500.0
2017-11-01,120.98,121.55,120.84,121.11,4647800.0
2017-11-02,121.29,121.96,121.050003,121.19,5369500.0
2017-11-03,121.36,121.43,120.18,120.62,6330600.0
2017-11-06,120.72,121.85,120.68,121.65,6953800.0
2017-11-07,121.51,121.56,120.78,121.21,4165900.0
2017-11-08,121.95,122.25,121.59,121.63,5565200.0
2017-11-09,121.85,122.41,121.73,122.13,6072400.0
2017-11-10,121.99,122.11,120.94,121.13,7116200.0
2017-11-13,121.43,121.55,121.27,121.31,6249300.0
2017-11-14,120.9,121.91,120.77,121.56,6189000.0
2017-11-15,122.13,122.36,121.25,121.41,4984800.0
2017-11-16,121.45,121.71,121.29,121.4,2796500.0
2017-11-17,122.15,123.17,121.95,122.86,10614000.0
2017-11-20,122.3,122.41,121.040001,121.31,8356700.0
2017-11-21,121.67,122.0,121.5,121.51,4956500.0
2017-11-22,122.26,122.95,122.17,122.63,5211800.0
2017-11-24,122.36,122.61,122.22,122.32,1779700.0
2017-11-27,123.26,123.33,122.67,122.83,4961200.0
2017-11-28,123.050003,123.17,122.53,122.81,5603100.0
2017-11-29,122.24,122.33,121.74,122.040001,6138900.0
2017-11-30,121.44,121.7,120.64,121.099998,7936300.0
2017-12-01,120.94,122.43,120.74,121.59,13080100.0
2017-12-04,121.15,121.2,120.84,121.18,6943700.0
2017-12-05,120.099998,120.51,119.72,120.32,10041200.0
2017-12-06,120.040001,120.44,119.87,120.07,6643000.0
2017-12-07,119.010002,119.24,118.099998,118.49,12900200.0
2017-12-08,118.49,118.92,118.33,118.48,5231300.0
2017-12-11,118.37,118.54,117.8,118.010002,4522200.0
2017-12-12,117.65,118.17,117.4,118.15,8020100.0
2017-12-13,118.19,119.35,118.010002,119.17,10086700.0
2017-12-14,119.099998,119.29,118.71,118.93,6993600.0
2017-12-15,119.41,119.5,118.97,119.18,7532000.0
2017-12-18,119.63,119.99,119.6,119.73,5452200.0
2017-12-19,119.67,119.9,119.53,119.82,4018900.0
2017-12-20,119.98,120.36,119.81,120.14,5734600.0
2017-12-21,120.07,120.45,120.0,120.31,4823700.0
2017-12-22,120.67,121.14,120.57,120.94,5791300.0
2017-12-26,121.55,121.87,121.51,121.77,8224400.0
2017-12-27,122.0,122.34,121.88,122.23,6232700.0
2017-12-28,122.82,122.92,122.56,122.85,5732700.0
2017-12-29,123.7,124.089996,123.46,123.65,7852100.0
2018-01-02,124.66,125.18,124.39,125.15,11762500.0
2018-01-03,125.050003,125.089996,124.099998,124.82,7904300.0
2018-01-04,124.89,125.85,124.74,125.46,7329700.0
2018-01-05,124.93,125.48,124.83,125.33,5739900.0
2018-01-08,125.2,125.32,124.9,125.31,3566700.0
2018-01-09,124.49,124.86,124.23,124.73,9153600.0
2018-01-10,125.17,125.31,124.72,125.029999,14809300.0
2018-01-11,125.37,125.66,125.25,125.44,5994700.0
2018-01-12,126.010002,127.13,125.81,126.96,9258600.0
2018-01-16,126.6,127.18,126.4,127.17,8083900.0
2018-01-17,126.77,127.22,125.9,126.14,10130500.0
2018-01-18,126.13,126.52,125.8,125.86,6289300.0
2018-01-19,126.57,126.73,126.41,126.42,8773800.0
2018-01-22,126.51,126.75,126.28,126.65,4893500.0
2018-01-23,126.53,127.35,126.34,127.28,6190400.0
2018-01-24,128.39,129.25999,128.23,128.83,11827600.0
2018-01-25,128.69,129.50999,127.36,127.97,15219700.0
2018-01-26,128.24001,128.52,127.97,128.070007,7828700.0
2018-01-29,127.58,127.63,126.92,127.35,6956400.0
2018-01-30,127.91,127.92,126.74,126.8,9736100.0
2018-01-31,127.45,127.85,126.4,127.65,13418900.0
2018-02-01,127.18,128.14999,127.080002,128.070007,10854600.0
2018-02-02,126.81,126.85,125.96,126.39,16789200.0
2018-02-05,126.82,127.31,126.44,126.71,13596300.0
2018-02-06,126.54,126.55,125.22,125.38,17672500.0
2018-02-07,125.48,125.77,124.41,124.79,8558500.0
2018-02-08,124.92,125.44,124.51,124.98,7343600.0
2018-02-09,124.65,125.14,124.39,124.77,14140700.0
2018-02-12,125.19,125.82,125.11,125.37,6984900.0
2018-02-13,125.67,126.18,125.52,126.080002,5321300.0
2018-02-14,126.47,128.59,126.29,128.23,16416400.0
2018-02-15,128.42999,128.57001,127.94,128.38,7276500.0
2018-02-16,128.3,128.7,127.57,127.96,7956900.0
2018-02-20,127.28,127.4,126.040001,126.24,11148700.0
2018-02-21,126.36,126.76,125.44,125.66,7908800.0
2018-02-22,125.92,126.37,125.88,126.3,5346300.0
2018-02-23,126.059998,126.3,125.85,126.14,4239700.0
2018-02-26,126.45,126.62,126.18,126.45,3194300.0
2018-02-27,126.059998,126.15,124.59,125.13,7082300.0
2018-02-28,125.089996,125.46,124.81,125.0,4534900.0
2018-03-01,124.15,125.31,123.58,124.72,12910100.0
2018-03-02,125.67,125.69,124.97,125.39,9994300.0
2018-03-05,125.35,125.48,124.96,125.18,5778300.0
2018-03-06,126.2,126.96,126.13,126.53,8676800.0
2018-03-07,126.22,126.29,125.42,125.72,5158700.0
2018-03-08,125.69,125.7,125.13,125.42,3474900.0
2018-03-09,124.94,125.69,124.78,125.54,5066800.0
2018-03-12,125.040001,125.57,124.84,125.54,2884300.0
2018-03-13,125.67,125.99,125.050003,125.78,4798300.0
2018-03-14,125.49,125.76,125.34,125.7,3777000.0
2018-03-15,125.12,125.21,124.72,124.9,6130100.0
2018-03-16,124.84,124.87,124.21,124.6,7402200.0
2018-03-19,124.57,125.16,124.42,124.87,4335400.0
2018-03-20,124.41,124.55,123.96,124.31,3399400.0
2018-03-21,125.4,126.76,125.029999,126.48,12532000.0
2018-03-22,126.089996,126.34,125.64,125.98,5298700.0
2018-03-23,127.82,128.059998,127.61,127.61,12025900.0
2018-03-26,128.050003,128.58,128.0099945,128.28,6169800.0
2018-03-27,127.23,127.62,127.050003,127.49,6180700.0
2018-03-28,126.48,126.61,125.51,125.73,10254900.0
2018-03-29,125.42,125.81,125.31,125.79,7102000.0
2018-04-02,126.65,127.54,126.38,127.26,11421100.0
2018-04-03,126.54,126.59,126.010002,126.3,6083700.0
2018-04-04,127.5,127.53,126.32,126.45,7488300.0
2018-04-05,125.45,126.080002,125.43,125.8,5333000.0
2018-04-06,126.57,126.6,126.13,126.39,6121200.0
2018-04-09,126.45,126.86,126.23,126.82,4189900.0
2018-04-10,127.019997,127.31,126.67,127.12,5268800.0
2018-04-11,128.089996,129.47,127.78,128.11,12348600.0
2018-04-12,127.25,127.34,126.47,126.62,8141300.0
2018-04-13,127.07,127.75,127.029999,127.45,6821300.0
2018-04-16,127.74,128.050003,127.57,127.63,4600000.0
2018-04-17,127.019997,127.78,127.0,127.75,4184100.0
2018-04-18,128.32001,128.53999,127.75,127.85,6755600.0
2018-04-19,127.81,127.88,127.13,127.6,8736100.0
2018-04-20,126.69,126.97,126.55,126.63,10403100.0
2018-04-23,125.62,125.76,125.34,125.62,6921500.0
2018-04-24,125.78,126.34,125.67,126.23,4733100.0
2018-04-25,125.23,125.51,125.059998,125.41,5985700.0
2018-04-26,125.54,125.57,124.69,124.97,7517100.0
2018-04-27,125.2,125.62,125.17,125.5,5654000.0
2018-04-30,124.41,125.2,124.19,124.59,9830600.0
2018-05-01,123.9,123.98,123.39,123.71,7551600.0
2018-05-02,123.9,124.54,123.58,123.65,7614000.0
2018-05-03,124.66,124.76,124.24,124.28,4857400.0
2018-05-04,124.099998,124.65,124.0,124.54,5883600.0
2018-05-07,124.5,124.7,124.3,124.57,3397500.0
2018-05-08,124.14,124.95,123.79,124.59,5551100.0
2018-05-09,124.45,124.87,124.24,124.33,4405600.0
2018-05-10,125.22,125.37,124.75,125.18,5218400.0
2018-05-11,125.57,125.59,124.94,125.0,4299200.0
2018-05-14,125.16,125.21,124.44,124.49,3753200.0
2018-05-15,122.82,122.82,122.13,122.48,10911900.0
2018-05-16,122.38,122.61,122.029999,122.29,4943300.0
2018-05-17,122.23,122.43,122.040001,122.36,7781300.0
2018-05-18,122.050003,122.65,122.010002,122.41,6837100.0
2018-05-21,122.16,122.53,121.97,122.48,4126700.0
2018-05-22,122.7,122.74,122.34,122.41,4579600.0
2018-05-23,122.14,122.74,122.11,122.54,7007300.0
2018-05-24,123.099998,123.82,123.080002,123.59,8850100.0
2018-05-25,123.66,123.7,123.21,123.21,7920700.0
2018-05-29,122.84,123.64,122.66,123.19,9013200.0
2018-05-30,123.17,123.61,123.17,123.37,4573700.0
2018-05-31,123.26,123.78,123.099998,123.099998,7862500.0
2018-06-01,122.58,123.089996,122.44,122.49,8059100.0
2018-06-04,122.85,122.93,122.37,122.37,4345400.0
2018-06-05,122.55,123.23,122.28,122.85,6864200.0
2018-06-06,123.080002,123.35,122.63,122.92,4083700.0
2018-06-07,122.96,123.15,122.69,122.86,3700700.0
2018-06-08,123.080002,123.12,122.91,123.010002,3865700.0
2018-06-11,123.099998,123.42,123.019997,123.23,3201200.0
2018-06-12,122.95,123.18,122.64,122.82,7279600.0
2018-06-13,122.84,123.34,122.47,123.19,5867700.0
2018-06-14,123.63,123.86,123.32,123.38,8015400.0
2018-06-15,122.18,122.2,120.83,121.34,14537000.0
2018-06-18,121.35,121.44,120.99,121.11,3846000.0
2018-06-19,120.81,121.029999,120.58,120.8,4925800.0
2018-06-20,120.79,120.81,120.16,120.26,4548500.0
2018-06-21,119.92,120.32,119.82,120.050003,5681900.0
2018-06-22,120.21,120.4,120.099998,120.34,4489400.0
2018-06-25,120.0,120.23,119.83,119.89,9300200.0
2018-06-26,119.28,119.59,119.089996,119.26,8674500.0
2018-06-27,118.96,119.050003,118.48,118.58,6480100.0
2018-06-28,118.59,118.67,118.010002,118.22,7760500.0
2018-06-29,118.43,118.94,118.26,118.65,8002800.0
2018-07-02,118.18,118.21,117.4,117.46,12021900.0
2018-07-03,118.41,119.080002,118.38,118.65,8901000.0
2018-07-05,118.92,119.33,118.77,119.050003,4951900.0
2018-07-06,118.97,119.029999,118.73,118.86,2946900.0
2018-07-09,119.65,119.73,119.14,119.15,4074900.0
2018-07-10,118.89,119.0,118.61,118.93,3754800.0
2018-07-11,118.45,118.53,117.62,117.64,6974500.0
2018-07-12,118.0,118.26,117.94,118.13,4585300.0
2018-07-13,117.62,117.75,117.45,117.61,5444300.0
2018-07-16,117.51,117.63,117.28,117.55,3670700.0
2018-07-17,116.72,116.93,116.12,116.28,7939600.0
2018-07-18,116.029999,116.35,115.83,116.31,5391800.0
2018-07-19,115.13,116.47,115.12,115.81,14227600.0
2018-07-20,116.4,116.71,116.24,116.56,7892000.0
2018-07-23,116.25,116.31,115.76,116.0,6247100.0
2018-07-24,116.22,116.43,115.91,116.040001,4801000.0
2018-07-25,116.79,116.84,116.27,116.68,5479600.0
2018-07-26,116.24,116.51,115.77,115.77,6382700.0
2018-07-27,115.92,116.24,115.77,115.83,5242000.0
2018-07-30,115.8,116.019997,115.64,115.65,4157400.0
2018-07-31,115.47,116.35,115.39,115.99,5508500.0
2018-08-01,115.63,115.7,115.13,115.14,7941700.0
2018-08-02,115.17,115.23,114.42,114.52,6204200.0
2018-08-03,115.089996,115.53,114.86,114.92,5953200.0
2018-08-06,114.56,114.72,114.31,114.33,5811600.0
2018-08-07,114.85,114.94,114.42,114.59,5188000.0
2018-08-08,114.75,114.95,114.41,114.91,3808000.0
2018-08-09,115.019997,115.12,114.69,114.74,4253000.0
2018-08-10,114.81,115.23,114.61,114.69,6757900.0
2018-08-13,113.81,113.81,112.83,112.96,9150900.0
2018-08-14,113.25,113.48,112.84,113.07,7085900.0
2018-08-15,112.17,112.18,111.059998,111.19,12398400.0
2018-08-16,111.46,111.88,111.099998,111.099998,7484600.0
2018-08-17,111.69,112.15,111.38,112.13,8471000.0
2018-08-20,112.38,112.74,112.16,112.69,5313400.0
2018-08-21,112.77,113.099998,112.44,113.019997,5042400.0
2018-08-22,113.39,113.49,113.07,113.27,6215600.0
2018-08-23,112.68,112.88,112.059998,112.2,5500100.0
2018-08-24,113.25,114.42,113.21,114.16,9214700.0
2018-08-27,114.12,114.78,114.12,114.59,4364000.0
2018-08-28,114.76,114.87,113.55,113.68,6101400.0
2018-08-29,114.16,114.21,113.85,114.2,5616300.0
2018-08-30,113.92,113.93,113.24,113.64,5431600.0
2018-08-31,113.72,114.059998,113.44,113.51,5048700.0
2018-09-04,112.75,113.07,112.61,112.93,6617500.0
2018-09-05,113.36,113.44,113.12,113.32,4459200.0
2018-09-06,113.89,114.26,113.28,113.54,4784700.0
2018-09-07,113.26,113.6,112.97,113.23,3714000.0
2018-09-10,113.26,113.43,113.0,113.15,2316500.0
2018-09-11,112.65,113.37,112.42,113.22,3791300.0
2018-09-12,113.12,114.39,113.059998,114.17,6315900.0
2018-09-13,114.72,114.78,113.58,113.76,5635900.0
2018-09-14,113.79,113.9,112.91,113.019997,5375600.0
2018-09-17,113.6,114.029999,113.55,113.61,4727300.0
2018-09-18,113.79,113.91,113.28,113.44,4737800.0
2018-09-19,113.94,114.15,113.68,113.88,4223200.0
2018-09-20,114.21,114.37,113.86,114.27,4384200.0
2018-09-21,112.87,113.68,112.79,113.49,6831400.0
2018-09-24,113.68,113.96,113.43,113.47,4435300.0
2018-09-25,113.75,113.89,113.57,113.65,3004800.0
2018-09-26,113.11,113.6,112.66,113.050003,8297300.0
2018-09-27,112.099998,112.42,111.85,112.050003,7683400.0
2018-09-28,112.16,113.0,112.07,112.76,6020600.0
2018-10-01,112.4,112.62,112.15,112.57,3892600.0
2018-10-02,113.7,114.33,113.61,113.87,10776700.0
2018-10-03,113.87,114.050003,113.26,113.42,6674500.0
2018-10-04,113.83,114.19,113.26,113.48,6616200.0
2018-10-05,113.81,114.099998,113.57,113.8,7994400.0
2018-10-08,112.25,112.59,111.9,112.54,12111600.0
2018-10-09,112.37,112.67,111.97,112.6,8352300.0
2018-10-10,112.47,112.96,112.25,112.88,10571300.0
2018-10-11,114.2,116.040001,114.089996,115.78,26810900.0
2018-10-12,115.58,115.71,115.080002,115.23,12939300.0
2018-10-15,116.12,116.53,115.89,116.0,11828400.0
2018-10-16,116.49,116.6,115.8,115.8,9531800.0
2018-10-17,115.89,116.33,115.68,115.79,7078600.0
2018-10-18,115.83,116.41,115.63,115.92,7964100.0
2018-10-19,116.23,116.24,115.96,116.010002,7453900.0
2018-10-22,115.57,115.78,115.43,115.71,5200500.0
2018-10-23,117.16,117.25,116.33,116.39,12704200.0
2018-10-24,116.38,116.72,116.11,116.66,8563300.0
2018-10-25,116.58,116.73,116.19,116.4,8303500.0
2018-10-26,116.83,117.65,116.46,116.77,15733100.0
2018-10-29,116.41,116.54,115.84,116.31,8732500.0
2018-10-30,115.85,116.040001,115.64,115.8,7233300.0
2018-10-31,114.89,115.17,114.66,115.15,11409300.0
2018-11-01,116.33,117.07,116.18,116.63,13662900.0
2018-11-02,116.61,116.98,116.39,116.65,8796900.0
2018-11-05,116.28,116.67,116.23,116.37,6291500.0
2018-11-06,116.44,116.53,115.74,116.040001,7270800.0
2018-11-07,116.26,116.35,115.9,116.029999,8392100.0
2018-11-08,115.77,116.15,115.5,115.78,7638800.0
2018-11-09,114.6,114.75,114.14,114.48,14159200.0
2018-11-12,114.010002,114.050003,113.58,113.66,7498600.0
2018-11-13,113.72,113.93,113.42,113.7,9309000.0
2018-11-14,113.53,115.059998,113.46,114.64,13950200.0
2018-11-15,114.83,114.99,114.56,114.77,8910600.0
2018-11-16,115.83,115.88,115.37,115.62,8577000.0
2018-11-19,115.45,115.92,115.37,115.67,8508300.0
2018-11-20,115.94,115.95,115.37,115.67,9075100.0
2018-11-21,115.94,116.35,115.86,115.86,8834200.0
2018-11-23,115.76,115.88,115.59,115.77,3726600.0
2018-11-26,115.84,115.87,115.53,115.64,4018600.0
2018-11-27,115.55,115.63,114.6,114.95,9671100.0
2018-11-28,114.76,116.07,114.59,115.38,13788800.0
2018-11-29,115.97,116.24,115.56,115.74,6479300.0
2018-11-30,115.42,115.66,115.040001,115.54,8169600.0
2018-12-03,116.6,116.77,116.3,116.41,8469500.0
2018-12-04,117.37,117.39,116.93,117.12,7186100.0
2018-12-06,117.38,117.69,116.92,117.14,9267600.0
2018-12-07,117.62,118.23,117.54,118.089996,10402900.0
2018-12-10,117.7,117.94,117.42,117.68,8117900.0
2018-12-11,117.67,117.89,117.35,117.54,6395400.0
2018-12-12,117.7,117.95,117.61,117.79,4136800.0
2018-12-13,117.54,117.62,117.26,117.53,4131800.0
2018-12-14,116.63,117.3,116.58,117.059998,7501700.0
2018-12-17,117.37,118.029999,117.35,117.87,8454900.0
2018-12-18,117.85,118.2,117.81,118.15,7542900.0
2018-12-19,118.24,118.96,117.4,117.43,13827500.0
2018-12-20,119.11,119.74,118.68,119.24,18615100.0
2018-12-21,119.19,119.25,118.57,118.72,13629800.0
2018-12-24,119.57,120.14,119.57,120.019997,9736400.0
2018-12-26,120.62,121.0,119.57,119.66,14293500.0
2018-12-27,120.57,120.9,120.14,120.57,11874400.0
2018-12-28,120.8,121.080002,120.72,121.059998,6864700.0
2018-12-31,120.98,121.26,120.83,121.25,8449400.0
2019-01-02,121.35,121.75,120.88,121.33,12776200.0
2019-01-03,121.78,122.46,121.73,122.43,15440800.0
2019-01-04,121.32,121.6,120.69,121.44,13334000.0
2019-01-07,122.16,122.22,121.57,121.86,7473600.0
2019-01-08,121.15,121.71,121.059998,121.53,7643100.0
2019-01-09,121.45,122.34,121.44,122.31,10555900.0
2019-01-10,121.98,122.18,121.57,121.59,6672000.0
2019-01-11,121.74,122.050003,121.66,121.8,8622400.0
2019-01-14,122.15,122.24,121.87,122.089996,6477100.0
2019-01-15,122.28,122.38,121.62,121.88,7512500.0
2019-01-16,122.040001,122.44,122.019997,122.27,6878100.0
2019-01-17,122.029999,122.26,121.81,122.11,8558500.0
2019-01-18,121.23,121.52,121.019997,121.019997,10896000.0
2019-01-22,121.18,121.5,120.9,121.45,7896500.0
2019-01-23,120.96,121.54,120.86,121.28,5224900.0
2019-01-24,121.16,121.36,120.92,121.089996,5662500.0
2019-01-25,122.019997,122.91,122.019997,122.86,11103300.0
2019-01-28,122.75,123.29,122.72,123.29,8522200.0
2019-01-29,123.71,124.0,123.46,123.98,11610200.0
2019-01-30,123.91,125.07,123.7,124.69,12104000.0
2019-01-31,125.18,125.23,124.62,124.75,10209500.0
2019-02-01,124.89,125.050003,124.37,124.5,12485500.0
2019-02-04,123.99,124.29,123.82,123.96,6878900.0
2019-02-05,124.29,124.42,124.050003,124.28,6291100.0
2019-02-06,124.16,124.19,123.4,123.44,6595100.0
2019-02-07,123.8,123.95,123.44,123.74,5935500.0
2019-02-08,124.050003,124.33,123.98,124.21,4235200.0
2019-02-11,123.19,123.82,123.19,123.6,4821800.0
2019-02-12,123.96,124.029999,123.61,123.86,4271900.0
2019-02-13,123.84,124.55,123.31,123.37,7640500.0
2019-02-14,123.84,124.2,123.53,124.059998,6276500.0
2019-02-15,124.59,125.0,124.18,124.8,12190100.0
2019-02-19,125.98,126.79,125.93,126.7,15614000.0
2019-02-20,127.0,127.21,126.31,126.48,8889700.0
2019-02-21,126.15,126.22,125.050003,125.050003,8634600.0
2019-02-22,125.53,125.95,125.39,125.5,5439400.0
2019-02-25,125.78,125.9,125.23,125.37,4882600.0
2019-02-26,125.33,125.62,125.050003,125.58,5153200.0
2019-02-27,125.17,125.23,124.4,124.69,7935600.0
2019-02-28,124.71,124.71,123.98,123.99,7811700.0
2019-03-01,123.48,123.96,121.87,121.88,16411700.0
2019-03-04,121.56,121.85,121.18,121.56,10272600.0
2019-03-05,121.38,121.73,121.029999,121.72,7120100.0
2019-03-06,121.43,121.64,121.26,121.61,4820400.0
2019-03-07,121.27,121.71,121.18,121.51,6088800.0
2019-03-08,122.7,122.89,122.37,122.84,10427700.0
2019-03-11,122.52,122.54,121.92,122.24,6708700.0
2019-03-12,122.54,123.029999,122.4,122.98,6289900.0
2019-03-13,123.56,123.88,123.43,123.84,7377300.0
2019-03-14,122.33,122.55,122.12,122.41,6778200.0
2019-03-15,123.059998,123.4,122.91,122.97,9412000.0
2019-03-18,123.3,123.4,122.89,123.040001,7783200.0
2019-03-19,123.72,123.79,123.34,123.38,6558700.0
2019-03-20,123.66,124.42,122.65,124.18,11304900.0
2019-03-21,124.36,124.37,123.11,123.68,7739800.0
2019-03-22,123.93,124.22,123.73,123.97,5874000.0
2019-03-25,124.56,125.11,124.48,124.92,7288300.0
2019-03-26,124.48,124.51,124.07,124.3,5056100.0
2019-03-27,124.35,124.38,123.56,123.65,6595000.0
2019-03-28,122.28,122.36,121.71,121.9,11878300.0
2019-03-29,122.64,122.75,122.010002,122.010002,7093900.0
2019-04-01,122.4,122.43,121.46,121.53,13560000.0
2019-04-02,121.72,122.010002,121.68,121.98,4475000.0
2019-04-03,121.73,122.010002,121.68,121.8,6152200.0
2019-04-04,121.099998,122.24,120.96,122.11,7508400.0
2019-04-05,121.88,122.13,121.66,121.98,5114500.0
2019-04-08,122.97,123.019997,122.4,122.51,4270800.0
2019-04-09,123.26,123.35,123.029999,123.15,4648400.0
2019-04-10,123.22,123.77,123.19,123.53,6344800.0
2019-04-11,122.54,122.75,121.79,121.95,11694500.0
2019-04-12,121.96,122.31,121.8,121.83,5272800.0
2019-04-15,121.2,121.82,121.099998,121.6,4252400.0
2019-04-16,120.38,120.63,120.19,120.51,10097800.0
2019-04-17,120.46,120.51,120.2,120.28,4693900.0
2019-04-18,120.24,120.54,120.15,120.37,4090400.0
2019-04-22,120.46,120.5,120.27,120.37,2250900.0
2019-04-23,119.67,120.2,119.55,120.12,5574800.0
2019-04-24,120.059998,120.72,120.040001,120.47,4173000.0
2019-04-25,120.72,121.099998,120.5,120.57,4836900.0
2019-04-26,121.26,121.67,121.22,121.37,6022700.0
2019-04-29,120.88,120.91,120.67,120.83,4469300.0
2019-04-30,120.89,121.36,120.85,121.2,4758600.0
2019-05-01,121.029999,121.55,120.18,120.4,12331800.0
2019-05-02,119.69,120.11,119.54,119.94,6759600.0
2019-05-03,120.56,121.080002,120.48,120.65,8414400.0
2019-05-06,120.61,121.12,120.54,120.81,3479600.0
2019-05-07,121.019997,121.42,120.91,121.21,4010700.0
2019-05-08,121.54,121.54,120.77,120.91,4178800.0
2019-05-09,120.96,121.62,120.86,121.2,5015500.0
2019-05-10,121.41,121.73,121.3,121.43,4586000.0
2019-05-13,122.63,122.85,122.33,122.67,11130900.0
2019-05-14,122.6,122.66,122.12,122.46,5556000.0
2019-05-15,122.71,122.77,122.22,122.39,10299000.0
2019-05-16,122.029999,122.07,121.19,121.51,6349400.0
2019-05-17,121.029999,121.059998,120.33,120.65,6589300.0
2019-05-20,120.51,120.74,120.42,120.64,4345800.0
2019-05-21,120.080002,120.36,119.83,120.36,3845600.0
2019-05-22,120.35,120.5,120.19,120.24,3741800.0
2019-05-23,120.82,121.52,120.77,121.17,6054600.0
2019-05-24,121.13,121.31,120.89,121.3,2324700.0
2019-05-28,120.8,120.84,120.46,120.83,4303500.0
2019-05-29,121.11,121.26,120.75,120.87,4133200.0
2019-05-30,120.96,121.69,120.8,121.69,7757000.0
2019-05-31,122.55,123.4,122.32,123.33,15367000.0
2019-06-03,124.089996,125.34,123.9,125.11,14173600.0
2019-06-04,124.88,125.42,124.61,125.15,7997100.0
2019-06-05,126.18,126.37,125.24,125.47,7637900.0
2019-06-06,125.93,126.45,125.8,125.88,5551800.0
2019-06-07,126.79,127.25,126.32,126.59,8145900.0
2019-06-10,125.46,125.53,125.07,125.33,5410000.0
2019-06-11,124.94,125.4,124.88,125.18,4757800.0
2019-06-12,125.6,126.2,125.56,125.83,5756200.0
2019-06-13,126.029999,126.77,125.96,126.6,5374800.0
2019-06-14,127.21,127.63,126.26,126.56,9226100.0
2019-06-17,126.7,126.77,126.17,126.48,4763300.0
2019-06-18,127.58,127.75,126.39,127.12,10309600.0
2019-06-19,126.77,127.99,126.7,127.89,11660600.0
2019-06-20,130.41,131.49001,130.19,131.11,18636300.0
2019-06-21,131.77,132.17,131.070007,131.98,15068000.0
2019-06-24,132.77,134.039993,132.58,133.94,17851800.0
2019-06-25,134.89999,135.55,133.21001,134.2,24772200.0
2019-06-26,132.99001,133.55,132.41,132.97,12016400.0
2019-06-27,132.38,132.97,132.25999,132.84,8412800.0
2019-06-28,133.050003,133.34,132.61,133.2,8077000.0
2019-07-01,131.56,131.75999,130.55,130.62,13317700.0
2019-07-02,131.27,133.63,131.16,133.41,13282100.0
2019-07-03,133.61,134.10001,133.23,133.63,6351500.0
2019-07-05,131.46001,132.32001,130.81,132.14,11536600.0
2019-07-08,132.17999,132.34,131.28,131.28999,8028900.0
2019-07-09,131.42999,132.10001,131.16,131.75,6633400.0
2019-07-10,132.94,133.87,132.35001,133.83,13920600.0
2019-07-11,133.58,133.7,132.41,132.7,7535100.0
2019-07-12,132.89,133.69,132.53,133.53,6309500.0
2019-07-15,133.17999,133.53,132.81,133.53,4026600.0
2019-07-16,133.17999,133.3,132.13,132.39999,7966000.0
2019-07-17,133.0,134.60001,132.89,134.58,11288300.0
2019-07-18,133.83,136.63,133.61,136.48,18448200.0
2019-07-19,135.45,136.029999,133.97,134.47,18079200.0
2019-07-22,134.56,134.82001,134.32001,134.45,7570400.0
2019-07-23,134.42999,134.95,133.56,133.69,9981400.0
2019-07-24,134.59,134.84,133.98,134.37,6715200.0
2019-07-25,134.24001,134.28,133.089996,133.42,11708200.0
2019-07-26,134.24001,134.28999,133.59,133.64,6249900.0
2019-07-29,134.059998,134.73,133.44,134.53,9162400.0
2019-07-30,134.75999,135.17999,134.41,134.98,9458700.0
2019-07-31,135.029999,135.42,133.020004,133.21001,18797200.0
2019-08-01,132.42,136.42999,132.31,136.41,27719800.0
2019-08-02,135.39,136.60001,135.37,135.89,13753200.0
2019-08-05,137.92999,138.64,137.050003,137.78999,17519800.0
2019-08-06,138.33,139.029999,138.0099945,138.91,9471200.0
2019-08-07,141.28,142.47,140.88,141.020004,26671100.0
2019-08-08,140.89999,142.37,140.71001,141.73,13108600.0
2019-08-09,141.28,142.029999,140.96001,141.25999,9485900.0
2019-08-12,141.67,143.38,141.64,142.63,15264000.0
2019-08-13,143.17,143.28999,139.35001,141.78,29842800.0
2019-08-14,142.89999,143.75,142.050003,142.75,20672900.0
2019-08-15,142.96001,144.020004,142.61,143.7,13467800.0
2019-08-16,142.75,143.13,141.8,142.78,11728800.0
2019-08-19,141.33,141.78999,140.85001,141.11,10552700.0
2019-08-20,141.77,142.25999,141.60001,142.21001,7478500.0
2019-08-21,141.62,142.17,141.46001,141.75999,8114700.0
2019-08-22,141.39,141.89999,141.17,141.39999,6846500.0
2019-08-23,141.84,144.33,141.64,144.17,20282200.0
2019-08-26,144.35001,144.97,143.91,144.19,12195800.0
2019-08-27,144.3,145.67999,144.27,145.57001,12844100.0
2019-08-28,145.39,145.67999,144.64,145.16,11452400.0
2019-08-29,145.39999,145.49001,143.28,144.12,14762500.0
2019-08-30,143.84,144.88,143.020004,143.75,9642200.0
2019-09-03,144.96001,146.13,144.74001,145.75,15615200.0
2019-09-04,145.53999,146.82001,145.5,146.66,11285900.0
2019-09-05,144.98,145.0099945,142.0,143.14,20293200.0
2019-09-06,143.64,144.059998,141.86,141.92,14175200.0
2019-09-09,142.37,142.46001,141.17999,141.39,11323800.0
2019-09-10,141.23,141.53,140.16,140.17999,12629200.0
2019-09-11,140.34,141.25999,140.28,141.029999,7453000.0
2019-09-12,142.67999,143.10001,141.11,141.32001,12673700.0
2019-09-13,141.73,141.99001,140.059998,140.14999,13451700.0
2019-09-16,141.60001,142.050003,141.020004,141.32001,8094600.0
2019-09-17,141.82001,142.11,141.22,141.60001,7010200.0
2019-09-18,141.92999,142.53,139.81,140.71001,15026300.0
2019-09-19,141.57001,141.74001,141.089996,141.28,8057400.0
2019-09-20,141.61,143.029999,141.46001,142.95,12110000.0
2019-09-23,143.22,143.94,143.070007,143.75,9006500.0
2019-09-24,143.21001,144.77,142.88,144.50999,10576300.0
2019-09-25,144.080002,144.28999,141.44,141.83,11648400.0
2019-09-26,142.19,142.57001,141.56,141.78999,7984600.0
2019-09-27,140.35001,141.67999,140.16,141.059998,9804200.0
2019-09-30,139.77,140.21001,138.029999,138.87,15459100.0
2019-10-01,138.070007,140.19,137.8,139.63,12476200.0
2019-10-02,140.78999,141.88,140.46001,141.25999,11914300.0
2019-10-03,141.36,143.25,141.28999,141.89999,12396100.0
2019-10-04,141.48,142.31,141.14,141.89999,9651000.0
2019-10-07,141.16,141.77,140.24001,140.69,6127200.0
2019-10-08,142.029999,142.28999,141.17,141.92,10428900.0
2019-10-09,142.16,142.58,141.62,142.050003,6927700.0
2019-10-10,141.59,141.66,140.58,140.81,9301700.0
2019-10-11,139.97,140.19,138.91,140.029999,11333400.0
2019-10-14,140.45,140.82001,140.34,140.59,4006700.0
2019-10-15,140.27,140.3,139.21001,139.61,9128300.0
2019-10-16,140.14,140.53,139.7,140.41,10330300.0
2019-10-17,140.5,141.12,140.42,140.61,6131000.0
2019-10-18,140.5,140.71001,140.32001,140.46001,6416100.0
2019-10-21,140.72,140.75999,139.60001,139.78999,8306200.0
2019-10-22,140.13,140.3,139.72,140.2,3879700.0
2019-10-23,140.59,141.0,140.5,140.53,4155300.0
2019-10-24,141.020004,141.74001,140.92999,141.53,6174800.0
2019-10-25,142.78999,142.83,141.39999,141.86,6011500.0
2019-10-28,141.25,141.25,140.39999,140.64,5442000.0
2019-10-29,140.0,140.63,139.78,140.25,3835400.0
2019-10-30,140.53999,141.039993,139.55,141.020004,6992900.0
2019-10-31,141.98,142.69,141.89,142.42999,7050900.0
2019-11-01,142.21001,142.89999,142.0099945,142.56,8090000.0
2019-11-04,142.25999,142.45,141.74001,142.14999,4740300.0
2019-11-05,140.64999,140.89,139.38,139.85001,11782300.0
2019-11-06,140.12,140.78999,140.0,140.45,6416500.0
2019-11-07,140.11,140.2,137.60001,138.27,15214200.0
2019-11-08,137.73,138.33,137.39,137.39,10377400.0
2019-11-11,137.61,137.78999,136.44,137.059998,7037300.0
2019-11-12,137.029999,137.59,136.19,137.42999,6448600.0
2019-11-13,137.8,138.22,137.64,137.98,8776000.0
2019-11-14,138.39,138.94,137.87,138.56,5220500.0
2019-11-15,138.029999,138.42,137.97,138.21001,10106700.0
2019-11-18,138.44,138.85001,138.3,138.62,5717900.0
2019-11-19,138.13,138.97,138.13,138.69,4824400.0
2019-11-20,138.53,139.0,138.10001,138.75999,6892100.0
2019-11-21,138.39,138.56,137.77,138.0,4197200.0
2019-11-22,138.37,138.46001,137.66,137.74001,3620300.0
2019-11-25,137.32001,137.62,136.99001,137.080002,6415800.0
2019-11-26,136.98,137.8,136.58,137.74001,4724400.0
2019-11-27,137.029999,137.21001,136.83,137.0099945,4111000.0
2019-11-29,137.10001,138.13,137.080002,137.86,4516400.0
2019-12-02,137.32001,138.089996,137.3,137.78999,8274700.0
2019-12-03,139.039993,139.57001,138.97,139.11,8481700.0
2019-12-04,139.16,139.17,138.59,138.92,6322300.0
2019-12-05,138.8,139.45,138.78999,139.0,5671500.0
2019-12-06,137.75999,137.83,137.39999,137.62,8714500.0
2019-12-09,137.8,137.81,137.45,137.58,2711600.0
2019-12-10,138.25,138.33,137.74001,137.97,3240800.0
2019-12-11,138.2,139.3,138.12,138.92,6097500.0
2019-12-12,139.78,139.85001,137.88,138.42999,8815100.0
2019-12-13,138.52,139.21001,137.98,139.050003,6964300.0
2019-12-16,139.2,139.39,138.8,139.039993,4646100.0
2019-12-17,139.020004,139.3,138.85001,139.0099945,4287500.0
2019-12-18,138.86,139.25,138.81,139.020004,3607600.0
2019-12-19,139.039993,139.55,138.87,139.38,4975000.0
2019-12-20,139.37,139.52,138.98,139.52,4463900.0
2019-12-23,139.53,139.96001,139.53,139.95,5180900.0
2019-12-24,140.44,141.33,140.42999,141.27,5303700.0
2019-12-26,142.059998,142.47,141.91,142.38,8342500.0
2019-12-27,142.25999,142.73,142.17,142.33,5119900.0
2019-12-30,142.56,142.8,142.46001,142.63,4810600.0
2019-12-31,143.31,143.60001,142.8,142.89999,5313500.0
2020-01-02,143.86,144.21001,143.39999,143.95,7733800.0
2020-01-03,145.75,146.32001,145.39999,145.86,12272800.0
2020-01-06,148.44,148.48,146.95,147.39,14403300.0
2020-01-07,147.57001,148.14,147.42999,147.97,7978500.0
2020-01-08,148.49001,148.61,146.14,146.86,22248500.0
2020-01-09,146.070007,146.41,145.44,146.029999,10292300.0
2020-01-10,146.22,146.99001,146.17,146.91,6183300.0
2020-01-13,146.35001,146.38,145.78,145.82001,7593800.0
2020-01-14,145.42,145.81,145.080002,145.69,6589700.0
2020-01-15,146.21001,146.73,145.82001,146.53999,6510000.0
2020-01-16,146.27,146.47,145.75999,146.31,6069100.0
2020-01-17,146.50999,146.99001,146.31,146.58,11121100.0
2020-01-21,145.77,146.86,145.55,146.74001,6086100.0
2020-01-22,146.67999,146.81,146.38,146.78999,4778200.0
2020-01-23,147.0,147.62,146.62,147.12,8419800.0
2020-01-24,146.89999,148.38,146.89,147.98,9919900.0
2020-01-27,149.24001,149.32001,148.46001,148.99001,9988100.0
2020-01-28,148.36,148.56,147.53,147.66,7543100.0
2020-01-29,147.7,148.56,147.61,148.46001,5013100.0
2020-01-30,148.69,149.31,148.0099945,148.47,9119500.0
2020-01-31,148.88,149.67999,148.81,149.33,14788300.0
2020-02-03,148.66,148.78,147.67999,148.36,9105300.0
2020-02-04,146.97,147.029999,145.8,146.42999,10525600.0
2020-02-05,146.38,146.81,146.16,146.61,6160700.0
2020-02-06,147.28,147.63,147.0,147.39999,4819800.0
2020-02-07,147.83,148.17999,147.34,147.78999,6379300.0
2020-02-10,148.21001,148.45,147.91,148.17,5793600.0
2020-02-11,148.029999,148.16,147.0099945,147.66,5179400.0
2020-02-12,147.42,147.81,147.16,147.53999,5040600.0
2020-02-13,148.24001,148.58,147.95,148.38,7082100.0
2020-02-14,148.74001,149.13,148.63,149.0,5345400.0
2020-02-18,149.88,151.089996,149.47,150.91,11524900.0
2020-02-19,151.0,151.82001,150.82001,151.78999,9269800.0
2020-02-20,152.0,152.83,151.95,152.41,8457300.0
2020-02-21,154.42999,155.22,154.17999,154.7,16344500.0
2020-02-24,158.5,158.53,155.36,156.089996,27171000.0
2020-02-25,155.12,156.080002,152.91,153.3,28091500.0
2020-02-26,153.82001,155.28,152.89999,153.97,17912500.0
2020-02-27,155.58,156.27,153.89999,154.0,27878500.0
2020-02-28,152.71001,152.77,147.050003,148.38,42699600.0
2020-03-02,150.0,150.73,149.039993,149.2,16295400.0
2020-03-03,150.84,155.24001,150.74001,153.89,28687700.0
2020-03-04,154.39999,154.96001,153.7,154.16,12315500.0
2020-03-05,156.059998,157.62,155.72,157.49001,17973500.0
2020-03-06,158.33,159.25,154.53999,157.55,26973400.0
2020-03-09,158.60001,159.37,156.33,157.81,24868700.0
2020-03-10,156.17999,156.41,154.39,154.48,18811500.0
2020-03-11,156.25,156.5,153.61,153.92999,18159900.0
2020-03-12,151.53,151.55,146.85001,147.78999,32893400.0
2020-03-13,149.42,149.60001,141.58,143.28,35177200.0
2020-03-16,137.56,142.96001,136.12,141.64,24496000.0
2020-03-17,140.17999,146.2,139.92999,143.56,24490300.0
2020-03-18,141.75,142.88,138.5,140.7,21953400.0
2020-03-19,139.080002,140.5,137.85001,138.039993,20828900.0
2020-03-20,140.71001,141.17,139.14,140.11,20056000.0
2020-03-23,142.67999,146.92999,142.28,146.3,28275200.0
2020-03-24,153.5,155.66,152.050003,153.39999,20743500.0
2020-03-25,152.58,152.88,151.0099945,151.3,16457200.0
2020-03-26,153.31,154.81,152.080002,153.24001,12778200.0
2020-03-27,153.0,153.55,152.0,152.25,9824600.0
2020-03-30,152.41,153.080002,151.57001,152.92,12080900.0
2020-03-31,151.36,151.8,147.97,148.050003,13319500.0
2020-04-01,148.2,150.080002,147.85001,149.45,11827400.0
2020-04-02,151.2,152.5,150.7,151.89999,9188300.0
2020-04-03,152.23,153.089996,151.66,152.64999,8469100.0
2020-04-06,154.16,157.22,153.96001,156.88,14739300.0
2020-04-07,155.33,156.14,154.38,156.039993,9195400.0
2020-04-08,155.91,155.94,154.59,154.64999,7600800.0
2020-04-09,158.080002,159.080002,157.21001,158.69,18123000.0
2020-04-13,159.17,162.38,158.63,161.41,20549200.0
2020-04-14,162.73,164.42,161.78,162.67999,17095100.0
2020-04-15,161.8,162.53999,160.81,161.85001,12141900.0
2020-04-16,161.88,163.14999,160.64999,161.71001,9233200.0
2020-04-17,159.72,160.070007,158.12,158.57001,14652700.0
2020-04-20,158.62,160.22,158.46001,159.7,10688700.0
2020-04-21,157.60001,159.21001,157.039993,158.61,12478100.0
2020-04-22,160.5,161.74001,160.42,161.73,12902100.0
2020-04-23,162.39,163.60001,161.84,163.34,14928500.0
2020-04-24,163.13,163.31,160.89,162.64,11199300.0
2020-04-27,161.88,162.0,160.41,161.56,9033500.0
2020-04-28,160.89,160.98,159.16,160.84,10383000.0
2020-04-29,160.10001,161.85001,159.75999,161.73,12232300.0
2020-04-30,160.22,160.82001,158.13,158.8,13633500.0
2020-05-01,158.0,160.45,157.8,159.78,10914300.0
2020-05-04,160.33,160.95,159.91,160.34,7986200.0
2020-05-05,160.16,161.10001,159.33,161.020004,10563100.0
2020-05-06,158.99001,159.81,158.10001,158.95,13352000.0
2020-05-07,159.5,161.96001,159.36,161.39,13691700.0
2020-05-08,161.080002,162.0,160.0,160.42,12240900.0
2020-05-11,160.34,160.71001,158.89,159.42,11209800.0
2020-05-12,160.3,160.95,159.72,160.039993,10406000.0
2020-05-13,160.94,161.62,160.53999,161.58,10950400.0
2020-05-14,161.53,163.34,161.50999,163.0099945,17084400.0
2020-05-15,164.020004,164.8,163.080002,163.92999,13918800.0
2020-05-18,164.33,164.5,162.41,162.69,14133800.0
2020-05-19,163.60001,164.42999,163.039993,164.25999,8535800.0
2020-05-20,164.53999,164.96001,163.89,164.64999,10666100.0
2020-05-21,163.46001,163.58,161.37,162.25,11791000.0
2020-05-22,162.88,163.47,162.74001,163.21001,8540900.0
2020-05-26,162.58,162.58,160.69,160.89,13972000.0
2020-05-27,159.42,161.34,159.2,161.17999,13063500.0
2020-05-28,162.12,162.46001,160.89999,161.72,9758500.0
2020-05-29,162.58,163.39999,162.32001,162.91,12581800.0
2020-06-01,162.92,163.74001,162.39,163.66,8140200.0
2020-06-02,163.89,164.080002,161.86,162.60001,10388900.0
2020-06-03,160.34,160.89999,158.82001,159.60001,17000500.0
2020-06-04,161.14,161.87,159.84,161.28,10094000.0
2020-06-05,158.72,158.72,157.039993,158.0099945,16021200.0
2020-06-08,158.89999,159.86,158.47,159.72,9244400.0
2020-06-09,161.10001,161.78,160.87,161.25999,9045600.0
2020-06-10,162.10001,163.63,160.52,163.57001,13009300.0
2020-06-11,163.35001,164.059998,161.97,162.39,11673900.0
2020-06-12,163.41,163.88,162.56,162.62,6895400.0
2020-06-15,160.52,162.56,160.16,162.33,8532500.0
2020-06-16,161.85001,162.69,161.36,162.25,7964000.0
2020-06-17,162.0,162.62,161.77,162.56,4758200.0
2020-06-18,162.2,162.32001,161.44,162.24001,5397600.0
2020-06-19,162.87,164.089996,162.78,164.029999,12187400.0
2020-06-22,165.059998,165.73,164.41,165.089996,12385600.0
2020-06-23,165.63,166.52,165.52,166.48,12137300.0
2020-06-24,166.0099945,166.99001,165.45,165.89999,10901400.0
2020-06-25,165.89,165.91,165.16,165.8,7093800.0
2020-06-26,164.87,166.56,164.22,166.53999,9753500.0
2020-06-29,166.56,166.8,166.17999,166.63,6735700.0
2020-06-30,166.31,167.99001,166.19,167.37,12762300.0
2020-07-01,167.050003,167.059998,165.34,166.62,13214800.0
2020-07-02,166.2,167.24001,166.020004,166.98,8753500.0
2020-07-06,167.75,168.0,167.19,167.98,7265700.0
2020-07-07,167.41,169.039993,167.38,169.039993,11633100.0
2020-07-08,170.32001,170.86,169.78,170.089996,11662700.0
2020-07-09,170.48,170.64,168.78,169.63,13327400.0
2020-07-10,169.95,170.14999,168.57001,169.19,8218000.0
2020-07-13,170.28999,170.42,169.16,169.39999,11095900.0
2020-07-14,168.97,170.2,168.81,170.19,9812700.0
2020-07-15,169.62,170.42999,169.39,170.34,7533800.0
2020-07-16,169.8,170.0,168.64999,168.73,10242400.0
2020-07-17,169.94,170.27,169.61,170.12,10296000.0
2020-07-20,170.75999,171.070007,170.27,170.94,10095500.0
2020-07-21,172.53,173.25,172.31,173.0,12826100.0
2020-07-22,174.050003,175.77,173.75999,175.63,18712500.0
2020-07-23,176.17,178.41,175.64999,177.17999,23006800.0
2020-07-24,179.14,179.16,178.2,178.7,15601300.0
2020-07-27,181.85001,182.83,181.53,182.23,21115600.0
2020-07-28,182.020004,184.25999,181.42,183.75,21164600.0
2020-07-29,184.0099945,186.14,182.39,185.13,25640100.0
2020-07-30,183.44,184.33,182.13,183.75999,18061200.0
2020-07-31,184.50999,185.75,184.17,185.42999,15876700.0
2020-08-03,185.050003,185.82001,184.2,185.64,12897000.0
2020-08-04,185.61,189.60001,185.21001,189.59,20773200.0
2020-08-05,191.64999,193.13,190.62,191.35001,27078100.0
2020-08-06,193.74001,194.45,192.52,193.89,20640100.0
2020-08-07,192.71001,192.96001,189.33,190.81,24570200.0
2020-08-10,191.2,192.61,189.66,190.14999,19047200.0
2020-08-11,183.57001,183.98,179.42999,179.94,45355000.0
2020-08-12,182.61,183.10001,179.039993,179.10001,28660500.0
2020-08-13,181.56,184.7,181.36,183.33,18596800.0
2020-08-14,183.44,183.72,181.49001,182.53999,11792000.0
2020-08-17,184.69,187.0099945,184.66,186.5,15709800.0
2020-08-18,189.17999,189.39999,185.63,188.17999,16291600.0
2020-08-19,187.21001,187.46001,181.71001,182.24001,24646900.0
2020-08-20,181.19,183.71001,180.92999,183.5,16692200.0
2020-08-21,182.14,182.81,180.47,182.029999,12713700.0
2020-08-24,182.91,182.92999,180.69,181.0,11605800.0
2020-08-25,181.059998,181.25,179.73,181.22,10056100.0
2020-08-26,180.25999,183.58,180.2,183.36,12715800.0
2020-08-27,185.0,185.17,179.37,181.24001,16299200.0
2020-08-28,183.98,185.39999,183.39999,184.39,13200800.0
2020-08-31,184.78999,185.53,184.28,184.83,10251200.0
2020-09-01,186.99001,186.99001,184.33,185.050003,10662100.0
2020-09-02,183.75,183.86,181.5,182.62,11536900.0
2020-09-03,182.3,182.82001,180.49001,181.14,12148100.0
2020-09-04,180.95,182.10001,180.050003,181.64,11567900.0
2020-09-08,179.5,182.27,179.020004,181.28999,13229200.0
2020-09-09,182.5,183.22,182.19,183.050003,8424100.0
2020-09-10,184.23,184.67999,182.28,182.46001,9143600.0
2020-09-11,183.14,183.55,182.0099945,182.45,7662300.0
2020-09-14,183.57001,184.3,183.39,183.89,9709500.0
2020-09-15,184.46001,184.67,182.92,183.45,7993700.0
2020-09-16,184.98,185.0099945,183.33,183.97,12702400.0
2020-09-17,181.92,183.089996,181.48,182.96001,8836200.0
2020-09-18,183.070007,184.089996,182.64,183.2,9959700.0
2020-09-21,179.84,180.28999,176.75,179.52,17436100.0
2020-09-22,179.63,180.020004,178.11,178.64999,7977900.0
2020-09-23,176.98,177.25999,174.10001,174.78999,18134000.0
2020-09-24,174.36,176.24001,173.77,175.44,11759200.0
2020-09-25,174.41,175.3,173.89,174.94,6779200.0
2020-09-28,175.83,176.81,175.089996,176.7,7109700.0
2020-09-29,177.19,178.33,176.95,178.19,8718500.0
2020-09-30,177.71001,178.61,176.66,177.12,8371800.0
2020-10-01,178.71001,179.5,178.039993,178.7,10402800.0
2020-10-02,178.69,179.28999,178.16,178.53999,7488500.0
2020-10-05,179.020004,180.14,178.89999,179.41,6969600.0
2020-10-06,180.16,180.37,177.050003,177.3,8632800.0
2020-10-07,177.089996,177.42,176.42999,177.22,6410900.0
2020-10-08,178.17999,178.45,176.67,177.85001,6530800.0
2020-10-09,180.13,181.17,179.92999,181.080002,15979800.0
2020-10-12,180.57001,180.83,180.19,180.56,4843000.0
2020-10-13,178.56,178.60001,177.10001,177.72,8384300.0
2020-10-14,179.089996,179.59,178.27,178.27,9076600.0
2020-10-15,177.71001,179.14999,177.59,178.92,6815400.0
2020-10-16,179.22,179.32001,178.13,178.3,7260700.0
2020-10-19,179.41,179.48,178.37,178.39,6084400.0
2020-10-20,178.53999,179.67,178.080002,179.25,7121400.0
2020-10-21,180.47,181.31,180.23,180.60001,7548100.0
2020-10-22,178.88,179.029999,177.72,178.83,8377000.0
2020-10-23,179.089996,179.2,177.75999,178.64,5919300.0
2020-10-26,178.75,179.14,178.22,178.55,5105100.0
2020-10-27,178.71001,179.42999,178.50999,179.020004,5826900.0
2020-10-28,176.45,176.85001,175.44,176.13,11734100.0
2020-10-29,175.020004,176.14,174.83,175.39999,8474500.0
2020-10-30,177.17999,177.36,175.95,176.2,7303000.0
2020-11-02,177.45,177.92999,177.13,177.91,6498400.0
2020-11-03,178.95,179.39,178.3,178.92,7577200.0
2020-11-04,178.92999,179.19,177.66,178.82001,11117300.0
2020-11-05,181.0,183.28999,180.97,182.92999,16102800.0
2020-11-06,183.39999,183.53,182.19,183.19,10378300.0
2020-11-09,176.42,176.45,173.64,175.080002,29800700.0
2020-11-10,176.75,176.91,175.66,175.66,11728500.0
2020-11-11,174.7,175.28,174.44,174.89999,9008500.0
2020-11-12,176.039993,176.77,175.84,175.96001,7167900.0
2020-11-13,177.64999,177.8,176.84,177.16,6469800.0
2020-11-16,177.23,177.91,176.87,177.14999,8358500.0
2020-11-17,177.25,177.44,176.089996,176.5,8229100.0
2020-11-18,176.25999,176.86,175.35001,175.49001,7384700.0
2020-11-19,174.3,175.22,174.17,175.16,6965100.0
2020-11-20,176.12,176.38,175.58,175.69,6379400.0
2020-11-23,175.10001,175.24001,171.78,172.23,15510600.0
2020-11-24,169.3,169.69,168.86,169.59,19504000.0
2020-11-25,169.98,170.52,169.24001,169.50999,10286600.0
2020-11-27,166.89999,167.83,166.78,167.78999,10569100.0
2020-11-30,166.67999,167.42999,166.029999,166.67,13210000.0
2020-12-01,169.75999,170.48,169.3,170.17999,13533300.0
2020-12-02,170.57001,171.75999,170.14999,171.46001,9199700.0
2020-12-03,172.64,172.85001,171.080002,172.81,10457300.0
2020-12-04,172.78,173.32001,171.59,172.32001,10098600.0
2020-12-07,172.56,175.28999,172.50999,174.89,10555100.0
2020-12-08,175.50999,175.92999,174.72,175.5,6348400.0
2020-12-09,173.92,174.039993,171.24001,172.5,10743200.0
2020-12-10,172.89999,173.58,171.7,172.17,6564000.0
2020-12-11,172.25,173.32001,172.11,172.49001,6084800.0
2020-12-14,171.91,172.52,170.91,171.53999,7644400.0
2020-12-15,173.42999,173.98,173.059998,173.94,6840500.0
2020-12-16,174.13,175.020004,173.020004,174.89999,8174700.0
2020-12-17,177.14999,177.87,176.58,176.74001,9475800.0
2020-12-18,176.64999,176.98,176.10001,176.44,6789900.0
2020-12-21,176.28999,176.94,175.75999,175.88,8168900.0
2020-12-22,176.2,176.34,174.34,174.49001,9442400.0
2020-12-23,175.10001,176.21001,175.059998,175.64999,6542800.0
2020-12-24,175.55,176.37,175.50999,176.35001,3695400.0
2020-12-28,177.25999,177.91,175.63,175.71001,7778700.0
2020-12-29,176.25,176.97,175.57001,176.35001,5983700.0
2020-12-30,176.44,177.72,176.44,177.7,5914000.0
2020-12-31,178.070007,178.39999,177.32001,178.36,7540800.0
2021-01-04,181.97,182.39999,180.96001,182.33,14331400.0
2021-01-05,182.87,183.21001,181.82001,182.87,12718800.0
2021-01-06,181.49001,181.58,178.24001,179.89999,18453500.0
2021-01-07,179.69,179.92,178.84,179.48,7110200.0
2021-01-08,176.83,176.99001,171.48,173.34,24399900.0
2021-01-11,172.14,173.67999,172.029999,173.0,8571400.0
2021-01-12,173.13,174.17999,172.32001,174.12,9798500.0
2021-01-13,173.67999,174.46001,173.050003,173.37,14110300.0
2021-01-14,173.44,174.22,172.66,173.28,13522700.0
2021-01-15,172.84,173.070007,170.98,171.13,16172500.0
2021-01-19,172.71001,172.85001,171.92,172.58,7485700.0
2021-01-20,174.37,175.47,173.82001,175.39,9456000.0
2021-01-21,175.11,175.50999,174.50999,175.28,7246800.0
2021-01-22,172.89,174.28999,172.35001,173.89999,7269600.0
2021-01-25,174.82001,174.96001,173.19,174.050003,5936800.0
2021-01-26,173.98,174.25999,173.42,173.62,4685600.0
2021-01-27,172.92999,173.52,171.66,172.52,9036500.0
2021-01-28,174.28,174.73,172.039993,172.67999,9392400.0
2021-01-29,174.87,175.16,172.61,172.61,11252800.0
2021-02-01,175.020004,175.25999,174.059998,174.23,9105500.0
2021-02-02,172.49001,172.53,171.50999,172.11,7221700.0
2021-02-03,172.36,172.59,171.5,171.85001,4658100.0
2021-02-04,168.28999,168.39999,167.34,168.14999,13736600.0
2021-02-05,168.99001,170.17999,168.67,169.81,6538500.0
2021-02-08,171.98,172.39999,171.49001,171.52,6887500.0
2021-02-09,172.57001,173.029999,171.75,172.080002,5131800.0
2021-02-10,173.14999,173.22,172.0099945,172.71001,6112800.0
2021-02-11,172.7,172.87,170.71001,171.21001,5994500.0
2021-02-12,170.28999,171.64999,169.88,170.69,6018900.0
2021-02-16,168.14,170.070007,167.73,168.24001,14761100.0
2021-02-17,166.92,167.34,165.85001,166.33,11400700.0
2021-02-18,166.98,167.3,165.73,166.32001,7498200.0
2021-02-19,166.75999,167.94,166.60001,167.0099945,8273500.0
2021-02-22,168.53999,169.89,168.3,169.50999,10072000.0
2021-02-23,169.48,169.74001,168.28,169.12,8616800.0
2021-02-24,167.64999,169.14,167.14999,169.0,8890600.0
2021-02-25,166.92,167.66,165.45,165.82001,16359400.0
2021-02-26,165.0,165.10001,160.95,161.81,23730400.0
2021-03-01,163.029999,163.35001,161.16,161.53,13828300.0
2021-03-02,161.92999,162.92999,161.22,162.41,11424600.0
2021-03-03,160.61,161.69,159.49001,160.62,13059900.0
2021-03-04,160.60001,161.46001,158.42999,159.039993,13870100.0
2021-03-05,159.66,159.82001,158.55,159.14,12821600.0
2021-03-08,158.58,158.74001,157.13,157.49001,12134900.0
2021-03-09,160.75,161.25,160.42,160.84,10382600.0
2021-03-10,161.059998,161.78,160.66,161.66,7962000.0
2021-03-11,161.47,161.98,161.12,161.52,6749200.0
2021-03-12,159.53999,161.69,159.35001,161.49001,8608500.0
2021-03-15,162.31,162.55,161.42999,162.2,8104500.0
2021-03-16,162.36,163.2,161.81,162.35001,7547400.0
2021-03-17,162.27,164.14999,161.48,163.50999,12626700.0
2021-03-18,161.14999,162.82001,161.11,162.56,8711100.0
2021-03-19,162.56,163.42999,162.42999,163.24001,6868900.0
2021-03-22,162.27,163.13,162.16,163.0,5240000.0
2021-03-23,162.45,162.49001,161.59,161.81,6048300.0
2021-03-24,162.21001,162.89,161.94,162.37,6183700.0
2021-03-25,163.059998,163.58,161.32001,161.78,8398600.0
2021-03-26,161.71001,162.73,161.64999,162.24001,6153900.0
2021-03-29,161.46001,161.52,159.83,160.31,8409300.0
2021-03-30,157.94,158.2,157.55,157.57001,8353200.0
2021-03-31,158.059998,160.67999,158.050003,159.96001,10623800.0
2021-04-01,161.56,162.11,161.28,161.98,7105200.0
2021-04-05,161.52,162.39999,161.36,161.92,6163800.0
2021-04-06,162.78999,163.53,162.75,163.22,6761200.0
2021-04-07,162.82001,163.31,162.5,162.75999,5436000.0
2021-04-08,164.17,164.77,164.14,164.50999,6574500.0
2021-04-09,162.75,163.66,162.48,163.27,6657900.0
2021-04-12,162.73,162.8,161.81,162.28,4896700.0
2021-04-13,163.17999,163.85001,163.029999,163.42999,6995900.0
2021-04-14,162.77,163.050003,162.3,162.72,6312300.0
2021-04-15,164.070007,165.78999,164.029999,165.35001,8250600.0
2021-04-16,166.24001,166.81,165.94,166.35001,10057600.0
2021-04-19,165.91,166.44,165.72,165.89,5721700.0
2021-04-20,165.64999,166.81,165.62,166.48,6532000.0
2021-04-21,167.17999,168.39,167.14999,168.13,8380200.0
2021-04-22,167.11,167.53,166.49001,167.039993,7680100.0
2021-04-23,167.37,167.53,165.78,166.39999,7106400.0
2021-04-26,166.63,166.87,166.050003,166.84,4786600.0
2021-04-27,166.92,167.14999,166.28,166.42,5363500.0
2021-04-28,165.75,166.96001,165.49001,166.91,6932200.0
2021-04-29,165.58,166.25999,164.47,166.22,9067600.0
2021-04-30,165.86,166.0,165.24001,165.66,6248700.0
2021-05-03,167.61,168.42999,167.41,167.81,9014700.0
2021-05-04,167.69,168.55,165.5,166.58,10267400.0
2021-05-05,166.63,167.31,166.61,167.27,5950000.0
2021-05-06,167.95,170.28999,167.92,170.059998,13574100.0
2021-05-07,171.53,172.55,171.0,171.59,14748600.0
2021-05-10,172.74001,172.84,171.78,172.11,8276600.0
2021-05-11,170.56,172.17,170.27,172.14,8348200.0
2021-05-12,171.42999,171.84,170.35001,170.42999,12666300.0
2021-05-13,170.35001,171.27,170.23,171.13,8078300.0
2021-05-14,172.050003,172.7,171.82001,172.69,9686800.0
2021-05-17,173.3,175.0,173.28,174.7,11956800.0
2021-05-18,175.17999,175.21001,174.46001,175.039993,7294000.0
2021-05-19,175.14,177.0,174.35001,175.16,20741100.0
2021-05-20,175.32001,176.46001,175.11,175.96001,9802800.0
2021-05-21,176.58,176.86,175.14999,176.039993,7677200.0
2021-05-24,176.14999,176.59,175.87,176.35001,5557300.0
2021-05-25,176.14999,177.95,176.039993,177.95,8986900.0
2021-05-26,178.37,178.61,177.039993,177.64,8495400.0
2021-05-27,177.39,177.82001,176.81,177.71001,7993000.0
2021-05-28,177.46001,178.42999,177.24001,178.38,9967000.0
2021-06-01,178.75999,178.85001,177.19,177.89999,9143300.0
2021-06-02,178.34,178.78,177.97,178.77,6613100.0
2021-06-03,175.83,175.83,174.66,175.27,10153900.0
2021-06-04,176.64999,177.57001,176.61,177.16,8375300.0
2021-06-07,176.96001,177.89999,176.63,177.87,7709100.0
2021-06-08,177.23,177.53999,176.37,177.32001,5905800.0
2021-06-09,177.38,177.8,176.78,176.98,6346100.0
2021-06-10,176.7,177.85001,176.48,177.74001,9896600.0
2021-06-11,176.33,176.57001,175.48,175.74001,7836900.0
2021-06-14,173.16,175.059998,172.95,174.71001,7733600.0
2021-06-15,174.78,174.92,173.34,174.050003,7550200.0
2021-06-16,173.91,174.47,171.029999,171.11,16919700.0
2021-06-17,167.020004,167.62,165.44,165.85001,27232200.0
2021-06-18,166.14,166.72,164.87,164.92999,15744300.0
2021-06-21,166.52,167.22,166.0,166.95,8371000.0
2021-06-22,166.35001,166.92,166.0099945,166.25,7223900.0
2021-06-23,166.97,168.029999,165.97,166.14,8474300.0
2021-06-24,167.0,167.23,166.0099945,166.039993,6903400.0
2021-06-25,167.45,167.53,166.28999,166.59,7473700.0
2021-06-28,166.67999,166.91,166.36,166.58,6508900.0
2021-06-29,164.34,165.28,164.0099945,164.83,7451400.0
2021-06-30,164.57001,166.10001,164.28999,165.63,7955800.0
2021-07-01,166.64999,166.88,165.5,166.2,7430500.0
2021-07-02,167.35001,167.72,166.39999,167.28999,7873600.0
2021-07-06,169.27,169.64999,167.53999,168.12,7932100.0
2021-07-07,168.72,169.23,168.19,168.75999,7108900.0
2021-07-08,169.82001,169.86,167.91,168.64999,7244300.0
2021-07-09,168.84,169.62,168.66,169.21001,4997400.0
2021-07-12,168.7,169.16,167.64,169.0,7315400.0
2021-07-13,169.50999,169.89999,168.92999,169.22,7040300.0
2021-07-14,170.91,171.039993,170.28,171.039993,8830300.0
2021-07-15,170.89,171.3,170.34,171.070007,6520100.0
2021-07-16,170.64999,170.95,169.28,169.41,9460300.0
2021-07-19,169.50999,169.91,168.89,169.61,6707400.0
2021-07-20,170.50999,170.8,168.92,169.39,6540100.0
2021-07-21,168.33,169.0,168.14,168.75999,4622600.0
2021-07-22,168.49001,169.19,168.059998,169.089996,4793600.0
2021-07-23,168.5,168.88,167.95,168.56,5831500.0
2021-07-26,168.58,168.86,168.080002,168.16,5229800.0
2021-07-27,168.73,168.91,167.92999,168.44,6300200.0
2021-07-28,168.25999,169.38,167.72,169.28999,7905800.0
2021-07-29,170.7,171.52,170.67,171.17,8119600.0
2021-07-30,170.72,170.99001,169.38,169.82001,7391700.0
2021-08-02,169.3,170.25,169.10001,169.61,10783200.0
2021-08-03,169.42,169.83,169.21001,169.49001,5402300.0
2021-08-04,171.28,171.39999,168.99001,169.53,9796300.0
2021-08-05,169.37,169.44,168.2,168.86,8015000.0
2021-08-06,165.84,165.92999,164.55,164.64,13547600.0
2021-08-09,163.0099945,163.28999,161.25999,161.72,11547000.0
2021-08-10,161.39,162.11,160.67999,161.77,6870800.0
2021-08-11,163.14999,164.17,162.67999,164.0,7382400.0
2021-08-12,163.64999,164.10001,162.92999,164.039993,5211700.0
2021-08-13,165.020004,166.46001,164.89,166.39,7466900.0
2021-08-16,166.73,167.39,166.59,167.22,7776500.0
2021-08-17,167.28999,167.73,166.56,166.97,7107000.0
2021-08-18,167.24001,167.50999,166.25999,167.10001,7697900.0
2021-08-19,167.24001,167.28999,166.16,166.61,6934300.0
2021-08-20,166.8,167.14,166.36,166.7,7154000.0
2021-08-23,168.82001,168.91,167.96001,168.73,8190500.0
2021-08-24,169.039993,169.27,168.52,168.64999,4519200.0
2021-08-25,167.88,167.92,166.74001,167.48,5588800.0
2021-08-26,167.21001,168.21001,166.83,167.67,4371900.0
2021-08-27,167.58,170.19,166.87,170.19,10036400.0
2021-08-30,169.66,169.84,169.089996,169.35001,3768600.0
2021-08-31,169.23,169.92,168.75,169.69,6336000.0
2021-09-01,169.94,170.0,169.16,169.7,4764900.0
2021-09-02,169.5,169.63,168.82001,169.25,4599800.0
2021-09-03,170.59,171.55,170.14999,171.059998,8353300.0
2021-09-07,169.56,169.78,167.63,167.71001,10004600.0
2021-09-08,168.020004,168.080002,166.7,167.28999,6576000.0
2021-09-09,168.17,168.28,166.83,168.029999,6641400.0
2021-09-10,167.81,168.080002,167.14999,167.17999,7426300.0
2021-09-13,167.45,168.22,167.39999,167.74001,5474300.0
2021-09-14,168.22,169.16,167.48,168.82001,7922900.0
2021-09-15,168.13,168.36,167.45,167.83,5624900.0
2021-09-16,164.38,164.44,163.23,164.029999,11780400.0
2021-09-17,163.86,164.32001,163.39999,163.77,8369700.0
2021-09-20,164.28999,165.28,164.070007,164.94,7566600.0
2021-09-21,165.81,166.63,165.49001,166.039993,7181500.0
2021-09-22,165.89,167.14999,165.029999,165.42,9777800.0
2021-09-23,164.10001,164.2,163.27,163.50999,8451900.0
2021-09-24,163.0,164.0,162.74001,163.3,6937500.0
2021-09-27,163.85001,164.36,163.50999,163.64,4943000.0
2021-09-28,162.73,162.82001,161.73,162.050003,9282800.0
2021-09-29,162.35001,162.74001,160.97,161.32001,8360700.0
2021-09-30,162.66,164.95,162.34,164.22,10572900.0
2021-10-01,164.27,164.96001,163.89,164.59,6654700.0
2021-10-04,163.69,165.53999,163.47,165.36,7651700.0
2021-10-05,163.94,164.85001,163.49001,164.59,5617300.0
2021-10-06,164.23,165.059998,164.14999,165.029999,6067200.0
2021-10-07,164.020004,164.85001,163.96001,164.16,4791500.0
2021-10-08,166.32001,166.42,164.14,164.23,8536100.0
2021-10-11,164.039993,164.58,163.91,163.92,3820100.0
2021-10-12,164.57001,165.44,164.31,164.66,5453000.0
2021-10-13,165.28,167.92,165.28,167.59,11113800.0
2021-10-14,168.19,168.22,167.71001,168.0,5081400.0
2021-10-15,165.39,166.089996,165.10001,165.33,8699200.0
2021-10-18,165.42,165.59,164.81,164.92,4029600.0
2021-10-19,166.5,166.5,165.2,165.45,6588500.0
2021-10-20,166.21001,167.11,165.92999,166.89999,5022000.0
2021-10-21,166.7,166.94,166.24001,166.75,4412400.0
2021-10-22,168.67,169.53999,166.67,167.77,10703900.0
2021-10-25,168.66,169.21001,168.53,168.92999,4881300.0
2021-10-26,167.88,167.91,166.63,167.67999,6658900.0
2021-10-27,167.73,168.2,166.86,168.12,5823100.0
2021-10-28,168.98,169.25,167.53,168.080002,7000700.0
2021-10-29,166.28999,166.73,165.64,166.64999,7531900.0
2021-11-01,167.38,167.84,166.91,167.52,4975600.0
2021-11-02,167.42999,167.63,166.96001,167.16,3760700.0
2021-11-03,165.34,165.95,164.38,165.77,9055200.0
2021-11-04,167.50999,168.14,167.37,167.64999,6656100.0
2021-11-05,168.42,169.94,167.85001,169.84,9368900.0
2021-11-08,170.42999,170.7,170.059998,170.45,4966100.0
2021-11-09,170.73,171.31,170.12,171.28999,5781200.0
2021-11-10,173.67,174.64999,172.11,173.14999,11461800.0
2021-11-11,173.98,174.27,173.74001,174.12,5959600.0
2021-11-12,173.50999,174.67,173.39999,174.45,7894800.0
2021-11-15,174.10001,174.59,173.69,174.17999,5630800.0
2021-11-16,173.97,174.48,172.86,172.92,8667300.0
2021-11-17,174.24001,174.61,173.89,174.5,6523100.0
2021-11-18,173.96001,174.36,173.53,173.94,6252000.0
2021-11-19,173.69,174.10001,172.24001,172.61,8785600.0
2021-11-22,169.89999,170.44,168.42,168.74001,13091900.0
2021-11-23,167.28,167.60001,166.53,167.28,8047800.0
2021-11-24,166.58,167.44,166.32001,167.12,5359500.0
2021-11-26,168.60001,168.64,166.37,166.85001,9605200.0
2021-11-29,166.84,167.25999,166.38,166.62,7394900.0
2021-11-30,167.77,169.0099945,165.37,165.5,12925300.0
2021-12-01,166.84,167.47,166.059998,166.16,7808600.0
2021-12-02,165.89,165.94,164.63,165.24001,9604100.0
2021-12-03,165.49001,166.92999,165.0,166.63,9507900.0
2021-12-06,166.14,166.8,165.92999,166.22,4813600.0
2021-12-07,166.2,167.080002,166.17999,166.81,4900700.0
2021-12-08,166.50999,166.96001,166.28,166.89999,4288900.0
2021-12-09,166.53999,166.58,165.64999,165.88,4913800.0
2021-12-10,166.72,166.92,166.17999,166.58,6450600.0
2021-12-13,166.89999,167.25999,166.67,167.0,6610700.0
2021-12-14,165.34,166.14,165.16,165.44,8637900.0
2021-12-15,165.27,166.39999,163.8,166.14999,14231200.0
2021-12-16,167.0099945,168.17999,166.94,168.16,11186200.0
2021-12-17,168.73,169.13,167.78,167.8,9856900.0
2021-12-20,167.88,168.0,167.059998,167.089996,6973000.0
2021-12-21,167.69,167.78,166.74001,167.020004,4548500.0
2021-12-22,167.58,168.64,167.11,168.59,4672900.0
2021-12-23,168.69,169.16,168.0099945,168.97,4551100.0
2021-12-27,168.96001,169.42,168.78,169.37,4760300.0
2021-12-28,169.33,169.64999,168.62,168.64,4541900.0
2021-12-29,167.36,168.69,167.28,168.59,5889700.0
2021-12-30,168.42999,169.81,168.37,169.8,5426300.0
2021-12-31,170.53,171.039993,170.039993,170.96001,7039300.0
2022-01-03,168.86,169.0099945,168.0,168.33,9014400.0
2022-01-04,168.89999,169.72,168.73,169.57001,6965600.0
2022-01-05,170.62,170.92999,168.89999,169.059998,8715600.0
2022-01-06,167.16,167.75,166.86,166.99001,10902700.0
2022-01-07,167.37,168.0099945,166.86,167.75,8191900.0
2022-01-10,167.36,168.3,167.31,168.25999,7026500.0
2022-01-11,168.44,170.31,168.37,170.28999,8369000.0
2022-01-12,170.19,170.75,170.0099945,170.74001,6280700.0
2022-01-13,170.089996,170.22,169.27,170.16,7034200.0
2022-01-14,170.22,170.56,169.48,169.67,7865900.0
2022-01-18,169.64,170.0099945,169.089996,169.39,9322800.0
2022-01-19,170.39,172.19,170.2,172.080002,15784500.0
2022-01-20,172.31,172.60001,171.59,171.64999,9570500.0
2022-01-21,172.039993,172.12,170.74001,171.089996,10982500.0
2022-01-24,171.78,172.14,170.85001,172.029999,15727700.0
2022-01-25,171.95,173.14999,171.78,172.58,17382100.0
2022-01-26,171.39,171.73,169.48,169.78999,17799400.0
2022-01-27,168.020004,169.089996,167.33,167.60001,15867300.0
2022-01-28,166.56,167.46001,166.37,167.10001,9782500.0
2022-01-31,167.78999,168.14,167.46001,168.089996,8539300.0
2022-02-01,168.57001,168.85001,167.87,168.23,9763900.0
2022-02-02,168.34,169.12,168.16,168.84,9085300.0
2022-02-03,168.31,168.82001,167.029999,168.60001,10650800.0
2022-02-04,168.039993,169.10001,167.99001,168.86,9619600.0
2022-02-07,169.45,170.3,169.19,170.11,7796900.0
2022-02-08,170.10001,170.78,169.95,170.63,5802000.0
2022-02-09,170.67999,171.42,170.55,171.21001,8002800.0
2022-02-10,170.52,171.99001,170.46001,170.56,10693500.0
2022-02-11,170.75,174.2,170.71001,173.81,25741500.0
2022-02-14,173.78,175.0,173.67999,174.74001,13650700.0
2022-02-15,173.10001,173.34,172.39,173.080002,12603600.0
2022-02-16,173.49001,174.86,173.48,174.86,12772100.0
2022-02-17,176.7,177.53,176.39,177.25,18612500.0
2022-02-18,177.070007,177.25,176.50999,177.12,12760700.0
2022-02-22,177.67,178.070007,176.82001,177.49001,14960500.0
2022-02-23,177.39,178.39,177.36,178.28999,11772200.0
2022-02-24,182.59,182.60001,175.27,177.14,32726000.0
2022-02-25,176.42,176.78999,175.78999,176.55,11530900.0
2022-02-28,178.86,178.99001,176.5,178.38,16055800.0
2022-03-01,179.050003,181.75999,179.029999,181.62,21942100.0
2022-03-02,180.13,180.71001,178.78999,179.73,19727200.0
2022-03-03,179.96001,181.3,179.5,180.8,15164400.0
2022-03-04,182.11,183.98,181.36,183.67999,22390100.0
2022-03-07,184.45,186.64,184.22,186.41,27951800.0
2022-03-08,188.35001,193.3,188.25999,191.50999,47347700.0
2022-03-09,186.039993,187.23,184.75999,185.82001,26839700.0
2022-03-10,186.88,187.38,184.99001,186.39999,18455200.0
2022-03-11,183.74001,185.78,183.44,185.089996,14824700.0
2022-03-14,183.029999,183.28999,181.95,182.3,13186400.0
2022-03-15,179.10001,180.27,178.0099945,178.89,16962300.0
2022-03-16,179.13,180.12,176.87,180.0099945,17548100.0
2022-03-17,181.16,182.029999,180.64999,180.89,10954100.0
2022-03-18,179.92999,180.92999,179.039993,179.3,13996500.0
2022-03-21,179.33,181.28999,179.32001,180.67,10582200.0
2022-03-22,179.60001,179.71001,178.32001,179.36,9621800.0
2022-03-23,180.28999,181.89,179.75999,181.81,12557300.0
2022-03-24,182.35001,183.50999,181.77,183.13,10970100.0
2022-03-25,181.81,183.13,181.35001,182.38,7911100.0
2022-03-28,180.38,181.33,178.85001,179.059998,9489700.0
2022-03-29,177.020004,179.33,176.69,179.14,10458900.0
2022-03-30,179.75999,180.92,179.67999,180.58,8361300.0
2022-03-31,180.91,181.96001,180.56,180.64999,9844400.0
2022-04-01,179.55,180.46001,178.98,179.5,13034400.0
2022-04-04,180.24001,180.81,179.58,180.37,7063100.0
2022-04-05,180.91,181.49001,178.92999,179.24001,10828500.0
2022-04-06,179.78,180.31,178.7,179.66,8942100.0
2022-04-07,179.87,180.88,179.8,180.34,10140600.0
2022-04-08,180.52,181.82001,180.52,181.47,10655700.0
2022-04-11,183.17,183.33,181.11,182.37,10071300.0
2022-04-12,184.039993,184.64,182.96001,183.77,12024600.0
2022-04-13,184.5,184.94,184.13,184.64999,8651600.0
2022-04-14,184.28,184.41,182.88,184.039993,11567200.0
2022-04-18,185.95,186.10001,184.39,184.61,8886700.0
2022-04-19,183.19,183.64999,181.33,181.82001,12585600.0
2022-04-20,181.59,182.72,181.35001,182.71001,7038600.0
2022-04-21,181.77,182.32001,180.78,182.059998,9639800.0
2022-04-22,180.72,181.61,179.74001,180.28999,9147000.0
2022-04-25,177.17,177.50999,176.48,177.050003,13073700.0
2022-04-26,177.95,178.3,176.92,177.32001,9042400.0
2022-04-27,176.46001,176.64,175.5,175.98,8854700.0
2022-04-28,175.92,176.97,175.69,176.92999,6381100.0
2022-04-29,178.070007,178.62,176.71001,176.91,7719700.0
2022-05-02,173.61,174.64999,172.98,173.63,14318600.0
2022-05-03,173.89,175.21001,173.85001,174.089996,7214300.0
2022-05-04,174.32001,176.35001,173.67,175.8,10491700.0
2022-05-05,177.56,177.61,174.66,175.13,12794200.0
2022-05-06,175.39,176.56,174.86,175.42,7643300.0
2022-05-09,174.27,174.27,172.78999,172.88,10742400.0
2022-05-10,173.8,173.96001,171.2,171.42,11010400.0
2022-05-11,172.50999,173.32001,172.2,172.82001,9179600.0
2022-05-12,172.070007,172.39999,169.89999,170.17,11626800.0
2022-05-13,168.31,169.62,168.0099945,168.78999,13031100.0
2022-05-16,168.42999,170.42999,168.34,170.39999,7319300.0
2022-05-17,170.44,170.53,169.14,169.33,6441100.0
2022-05-18,169.0099945,170.21001,168.81,169.42,7472900.0
2022-05-19,171.55,172.52,170.89,171.91,10580300.0
2022-05-20,171.71001,172.24001,170.89,172.029999,6578100.0
2022-05-23,173.13,173.38,172.28,172.83,5518500.0
2022-05-24,173.47,174.41,173.35001,174.13,6794000.0
2022-05-25,172.78999,173.16,171.73,173.080002,4595900.0
2022-05-26,172.13,172.92999,171.75999,172.75999,6467000.0
2022-05-27,173.49001,173.52,172.64,172.85001,3847900.0
2022-05-31,172.71001,173.070007,171.080002,171.14,6244000.0
2022-06-01,172.21001,172.53,171.39,172.23,6946500.0
2022-06-02,173.66,174.45,173.49001,174.35001,5623100.0
2022-06-03,173.53,173.97,172.25,172.58,5519400.0
2022-06-06,172.81,172.89,171.64999,171.82001,3766000.0
2022-06-07,172.11,173.050003,171.99001,172.94,3860000.0
2022-06-08,172.89,173.45,172.67,172.78,5140800.0
2022-06-09,172.45,172.59,171.58,172.23,4701100.0
2022-06-10,170.89,174.94,170.46001,174.53999,16856100.0
2022-06-13,171.17999,171.34,169.61,169.92999,13265200.0
2022-06-14,169.61,169.73,168.3,168.57001,7347900.0
2022-06-15,170.39999,171.84,169.080002,170.77,9000300.0
2022-06-16,170.56,172.77,170.17,172.69,8823600.0
2022-06-17,172.14999,172.3,170.97,171.27,7407200.0
2022-06-21,171.059998,171.91,170.47,170.63,5608500.0
2022-06-22,171.61,172.3,171.10001,171.31,6558700.0
2022-06-23,171.39,172.13,169.89999,170.25999,6535300.0
2022-06-24,170.24001,170.74001,169.85001,170.089996,6143100.0
2022-06-27,170.60001,170.67,169.75,169.89999,5719700.0
2022-06-28,170.070007,170.21001,169.50999,169.62,2982700.0
2022-06-29,170.58,170.7,169.17,169.49001,4785600.0
2022-06-30,169.50999,169.96001,168.24001,168.46001,9144400.0
2022-07-01,167.14,168.67999,166.96001,168.32001,11380300.0
2022-07-05,167.17999,167.33,164.41,164.75,14035400.0
2022-07-06,164.32001,164.57001,161.47,162.14,11861100.0
2022-07-07,162.42999,163.039993,162.059998,162.23,4588400.0
2022-07-08,162.35001,163.38,161.84,162.3,4584100.0
2022-07-11,161.92999,162.44,161.38,161.42999,4321700.0
2022-07-12,161.22,161.62,160.72,160.83,5375100.0
2022-07-13,160.10001,162.71001,160.059998,161.60001,8456600.0
2022-07-14,159.020004,159.83,158.22,159.33,12213600.0
2022-07-15,159.0099945,159.25,158.35001,159.0099945,6783800.0
2022-07-18,160.080002,160.42999,159.050003,159.16,5791800.0
2022-07-19,159.47,159.87,159.33,159.53999,3796200.0
2022-07-20,159.71001,159.82001,158.029999,158.039993,4795800.0
2022-07-21,158.31,160.31,158.27,160.27,5863300.0
2022-07-22,160.55,162.13,160.35001,160.67,5733800.0
2022-07-25,160.64,160.7,159.81,160.23,3713400.0
2022-07-26,160.23,160.5,159.78999,160.039993,2672800.0
2022-07-27,160.020004,162.21001,159.50999,161.67,5766100.0
2022-07-28,163.31,163.75999,162.88,163.64,5606400.0
2022-07-29,163.89,164.69,163.28,164.10001,7537300.0
2022-08-01,164.98,165.41,164.41,165.029999,4666900.0
2022-08-02,165.66,166.46001,164.020004,164.050003,5725400.0
2022-08-03,164.77,164.91,163.48,164.45,4417800.0
2022-08-04,165.53,167.31,165.34,167.17,5502000.0
2022-08-05,164.99001,165.84,164.87,165.28999,6023300.0
2022-08-08,166.029999,166.81,165.92999,166.69,3456300.0
2022-08-09,167.48,167.8,166.82001,167.2,3205500.0
2022-08-10,167.39,167.98,166.62,166.78,4077300.0
2022-08-11,167.16,167.66,166.31,166.34,4446000.0
2022-08-12,167.17,167.94,166.83,167.87,5151700.0
2022-08-15,165.99001,166.25,165.44,165.71001,5236100.0
2022-08-16,165.31,165.72,165.17999,165.42,4291500.0
2022-08-17,165.21001,165.23,163.95,164.35001,5569100.0
2022-08-18,164.60001,164.91,163.53999,163.92,3646100.0
2022-08-19,163.64999,163.74001,162.62,162.72,8173000.0
2022-08-22,161.66,162.12,161.36,161.64,4458100.0
2022-08-23,161.96001,163.42999,161.91,162.77,4425100.0
2022-08-24,162.44,163.61,162.37,163.25,3202400.0
2022-08-25,163.97,163.99001,163.24001,163.75,2857500.0
2022-08-26,163.12,163.61,161.55,161.75999,6689300.0
2022-08-29,161.88,162.62,161.7,161.86,4702300.0
2022-08-30,161.27,161.42999,160.34,160.50999,4856600.0
2022-08-31,159.5,160.57001,159.25999,159.27,5438600.0
2022-09-01,158.17,158.39,157.32001,157.87,7390800.0
2022-09-02,159.35001,160.059998,159.14,159.25999,5196900.0
2022-09-06,159.17,159.46001,158.32001,158.33,4863800.0
2022-09-07,158.14999,160.14999,158.080002,159.94,3981400.0
2022-09-08,159.53999,159.86,158.71001,158.98,4607100.0
2022-09-09,159.72,160.24001,159.41,159.82001,3927800.0
2022-09-12,161.039993,161.62,160.55,160.63,4537500.0
2022-09-13,158.47,159.27,158.39,158.53999,6526400.0
2022-09-14,158.67999,158.98,157.73,157.92999,6091100.0
2022-09-15,156.75999,157.49001,154.62,154.98,13181200.0
2022-09-16,154.66,156.56,154.34,155.84,7141200.0
2022-09-19,154.87,156.039993,154.82001,155.96001,5582800.0
2022-09-20,155.029999,155.23,154.59,155.070007,5943700.0
2022-09-21,155.97,157.25,154.0099945,155.78999,7816100.0
2022-09-22,156.25999,156.48,155.31,155.7,5975200.0
2022-09-23,153.89999,154.0,152.64,153.0099945,9598000.0
2022-09-26,153.22,153.50999,151.029999,151.23,8240500.0
2022-09-27,152.25,152.73,151.5,151.53999,7151300.0
2022-09-28,153.2,154.88,152.92999,154.69,8977200.0
2022-09-29,154.14,155.029999,153.16,154.66,6317000.0
2022-09-30,154.94,156.039993,154.57001,154.67,6832400.0
2022-10-03,155.44,158.48,155.23,158.42999,10362200.0
2022-10-04,159.17999,161.080002,158.92,160.7,8024500.0
2022-10-05,159.32001,160.080002,158.38,159.81,5296300.0
2022-10-06,159.41,159.94,158.95,159.63,5712600.0
2022-10-07,158.46001,158.98,157.67999,157.88,5030000.0
2022-10-10,155.94,156.35001,155.12,155.48,6110800.0
2022-10-11,155.49001,156.81,154.92,155.16,5306700.0
2022-10-12,155.50999,156.28999,155.25999,155.99001,3998500.0
2022-10-13,153.48,155.73,152.92,154.91,7083800.0
2022-10-14,154.020004,154.2,152.72,152.98,5471900.0
2022-10-17,154.92,155.33,153.32001,153.42,4348000.0
2022-10-18,154.080002,154.24001,153.24001,153.75,4528400.0
2022-10-19,152.089996,152.49001,151.53999,151.69,8257100.0
2022-10-20,151.92,153.23,151.27,151.45,5019800.0
2022-10-21,151.98,154.31,151.83,154.14999,6898400.0
2022-10-24,153.45,154.059998,153.059998,153.64999,4673300.0
2022-10-25,153.96001,154.78999,153.83,154.0,3434100.0
2022-10-26,154.78,155.73,154.78,154.98,4448200.0
2022-10-27,154.71001,155.089996,154.22,154.74001,3654900.0
2022-10-28,152.96001,153.53999,152.5,153.16,4645400.0
2022-10-31,152.16,152.87,151.89,151.91,6097800.0
2022-11-01,153.82001,153.98,152.87,153.46001,4603600.0
2022-11-02,154.16,155.42,152.25999,152.39,7210900.0
2022-11-03,150.7,151.96001,150.57001,151.81,5378800.0
2022-11-04,154.95,156.60001,154.66,156.47,7692000.0
2022-11-07,156.22,156.57001,155.81,155.85001,4425700.0
2022-11-08,155.99001,159.87,155.98,159.45,11299600.0
2022-11-09,159.36,160.35001,158.45,158.64999,6040600.0
2022-11-10,162.0099945,163.50999,161.66,163.48,9939900.0
2022-11-11,163.91,164.58,163.42,164.56,4622400.0
2022-11-14,164.2,165.24001,164.14999,164.92,6187600.0
2022-11-15,165.27,166.23,164.56,165.5,9903500.0
2022-11-16,165.41,165.71001,164.83,165.12,3645800.0
2022-11-17,163.78999,164.11,163.39999,163.92,4574400.0
2022-11-18,163.38,163.69,162.67999,162.78999,4321100.0
2022-11-21,162.44,162.5,161.28,161.88,4766500.0
2022-11-22,162.3,162.60001,161.72,162.070007,3203800.0
2022-11-23,161.69,163.24001,161.56,163.080002,4167000.0
2022-11-25,162.85001,163.42999,162.75999,163.22,1436500.0
2022-11-28,162.92999,163.059998,161.91,161.92999,4052900.0
2022-11-29,162.7,163.63,162.60001,162.73,2620600.0
2022-11-30,163.69,164.81,162.39999,164.81,4874700.0
2022-12-01,167.48,167.95,166.98,167.84,8625800.0
2022-12-02,166.17999,167.47,165.75999,167.25999,5185900.0
2022-12-05,166.55,166.72,164.32001,164.39,5436200.0
2022-12-06,165.2,165.53999,164.45,164.84,3597800.0
2022-12-07,165.47,166.64,165.32001,166.33,4610700.0
2022-12-08,166.58,167.050003,166.070007,166.47,3217900.0
2022-12-09,167.25999,168.089996,166.60001,167.059998,5431300.0
2022-12-12,166.44,166.60001,165.42999,165.67999,3504400.0
2022-12-13,169.21001,169.78999,168.020004,168.50999,6750200.0
2022-12-14,168.42999,168.81,167.14,168.10001,5643000.0
2022-12-15,165.73,166.21001,165.10001,165.35001,8363000.0
2022-12-16,166.020004,166.98,165.84,166.78999,5372000.0
2022-12-19,166.71001,167.11,165.99001,166.32001,3940500.0
2022-12-20,168.10001,169.53,168.029999,169.080002,7803100.0
2022-12-21,169.039993,169.71001,168.67999,168.8,3990100.0
2022-12-22,167.75999,167.75999,166.059998,166.75999,5672700.0
2022-12-23,166.88,167.8,166.66,167.25999,2912300.0
2022-12-27,167.89,170.61,167.8,168.67,6885700.0
2022-12-28,168.050003,168.34,167.10001,167.91,3662500.0
2022-12-29,168.53999,169.35001,168.52,168.85001,3345900.0
2022-12-30,169.25999,169.89999,168.8,169.64,2864500.0
2023-01-03,171.32001,172.089996,170.020004,171.059998,7992900.0
2023-01-04,172.86,173.089996,171.85001,172.67,7574600.0
2023-01-05,170.82001,171.0,169.78999,170.52,4692600.0
2023-01-06,171.75999,173.96001,171.23,173.71001,7889000.0
2023-01-09,174.50999,175.039993,173.88,174.10001,5134500.0
2023-01-10,174.61,174.98,174.059998,174.74001,4398400.0
2023-01-11,174.75999,174.78999,173.72,174.62,3374200.0
2023-01-12,176.0099945,176.71001,174.88,176.64,6936900.0
2023-01-13,176.96001,178.83,176.89,178.75999,7468800.0
2023-01-17,178.21001,178.24001,177.089996,177.59,6610800.0
2023-01-18,178.92,179.17999,176.89999,177.080002,5384700.0
2023-01-19,178.37,180.029999,178.089996,179.89,6678700.0
2023-01-20,179.059998,179.66,178.64999,179.28999,5754800.0
2023-01-23,178.35001,179.69,177.78,179.63,5265500.0
2023-01-24,179.56,180.32001,178.35001,180.28,4604600.0
2023-01-25,179.35001,181.22,179.28999,181.11,6925300.0
2023-01-26,180.14999,180.27,178.46001,179.47,5860100.0
2023-01-27,179.27,179.72,178.25999,179.22,6052700.0
2023-01-30,179.28999,179.42999,178.64999,178.75999,4210700.0
2023-01-31,178.82001,179.7,178.53999,179.41,5976900.0
2023-02-01,179.75,181.73,178.63,181.67,7996000.0
2023-02-02,181.080002,181.11,177.74001,177.89999,8842400.0
2023-02-03,174.92,175.42999,173.12,173.46001,13674400.0
2023-02-06,174.11,174.46001,173.28,173.82001,8957000.0
2023-02-07,173.72,175.27,173.47,173.98,6794200.0
2023-02-08,174.94,174.99001,173.83,174.41,4075600.0
2023-02-09,175.49001,175.52,172.87,173.029999,5361300.0
2023-02-10,173.63,173.67999,172.63,173.36,2971100.0
2023-02-13,172.7,172.89999,172.070007,172.48,3970800.0
2023-02-14,171.97,173.50999,171.41,172.61,5403100.0
2023-02-15,170.60001,170.99001,170.16,170.89,5423800.0
2023-02-16,170.34,171.60001,169.96001,170.75,4540400.0
2023-02-17,169.87,171.47,169.52,171.25999,4809800.0
2023-02-21,171.2,171.5,170.34,170.62,4035900.0
2023-02-22,170.81,170.96001,169.56,169.66,4105700.0
2023-02-23,169.84,170.13,169.080002,169.57001,5073500.0
2023-02-24,168.42,168.84,168.19,168.35001,6496500.0
2023-02-27,168.88,169.23,168.55,169.0099945,4509200.0
2023-02-28,168.78,170.25,168.59,169.78,6761600.0
2023-03-01,170.95,171.49001,170.47,170.75999,6590500.0
2023-03-02,170.52,170.98,170.36,170.66,3950700.0
2023-03-03,171.45,172.60001,170.98,172.49001,6894500.0
2023-03-06,172.32001,172.37,171.53999,171.62,4264100.0
2023-03-07,170.42,170.47,168.52,168.62,8713300.0
2023-03-08,168.61,169.59,168.52,168.53999,5718600.0
2023-03-09,169.75,170.64999,169.71001,170.2,5583000.0
2023-03-10,171.92999,173.88,171.92,173.87,13803400.0
2023-03-13,176.66,178.020004,176.3,177.86,20554400.0
2023-03-14,177.35001,177.59,176.21001,176.83,10019000.0
2023-03-15,178.86,180.13,177.49001,178.21001,14546100.0
2023-03-16,179.50999,179.64999,177.87,178.57001,10762200.0
2023-03-17,181.020004,184.81,180.77,183.77,24156300.0
2023-03-20,184.19,184.53999,182.74001,183.84,11845700.0
2023-03-21,182.64999,182.73,179.89999,180.37,10734500.0
2023-03-22,180.39999,183.94,180.28,183.44,11969600.0
2023-03-23,183.91,186.24001,183.60001,185.74001,11347100.0
2023-03-24,185.61,185.99001,183.62,183.64999,9245900.0
2023-03-27,181.14999,182.14999,180.69,181.95,6925000.0
2023-03-28,182.31,183.62,182.12,183.44,6202600.0
2023-03-29,182.49001,183.27,182.24001,182.53,4996500.0
2023-03-30,182.75,184.44,182.55,184.17999,6360300.0
2023-03-31,184.11,184.42,182.8,183.22,8003300.0
2023-04-03,183.85001,185.039993,183.32001,184.53999,9206600.0
2023-04-04,184.72,188.23,184.66,187.98,13765400.0
2023-04-05,188.34,188.86,186.78,187.83,11440800.0
2023-04-06,186.89,187.25999,185.95,186.49001,6648400.0
2023-04-10,185.17999,185.36,184.19,185.11,6408100.0
2023-04-11,185.91,186.50999,185.64,186.28,6031500.0
2023-04-12,187.53999,187.66,185.97,187.19,10000900.0
2023-04-13,189.75999,190.41,188.99001,189.72,14060100.0
2023-04-14,188.080002,188.49001,185.17,186.36,13272500.0
2023-04-17,185.89,185.92999,184.10001,185.53,7468100.0
2023-04-18,185.24001,186.99001,185.039993,186.25,8056900.0
2023-04-19,184.35001,185.58,184.28,185.36,7373500.0
2023-04-20,186.14,187.029999,185.78,186.089996,5789900.0
2023-04-21,184.98,185.67999,183.22,184.25,10698700.0
2023-04-24,184.070007,185.029999,183.46001,184.81,8303400.0
2023-04-25,184.84,186.22,184.3,185.75,8451900.0
2023-04-26,186.63,186.64999,184.3,184.74001,8203600.0
2023-04-27,183.89999,184.99001,183.38,184.75,9107400.0
2023-04-28,184.78999,185.38,184.17,184.8,6700400.0
2023-05-01,186.050003,186.22,183.91,183.97,7997700.0
2023-05-02,184.64999,187.64,184.52,187.52,14680600.0
2023-05-03,187.61,189.21001,186.92999,189.11,11133800.0
2023-05-04,188.86,191.36,188.81,190.44,14146800.0
2023-05-05,186.56,187.58,185.77,187.46001,12507000.0
2023-05-08,187.82001,188.67,187.49001,187.69,6075400.0
2023-05-09,188.12,189.33,188.070007,189.020004,7098800.0
2023-05-10,188.98,189.64,187.82001,188.75,9392100.0
2023-05-11,188.44,188.81,186.86,187.13,8245500.0
2023-05-12,187.42999,187.92,186.58,186.81,7084400.0
2023-05-15,187.3,187.88,187.029999,187.21001,5518100.0
2023-05-16,186.58,186.82001,184.46001,184.87,9519500.0
2023-05-17,184.31,184.45,183.48,184.23,7474300.0
2023-05-18,182.10001,182.28,181.34,181.84,8812600.0
2023-05-19,182.25,184.34,181.81,183.64,8432300.0
2023-05-22,183.22,183.84,182.91,183.21001,4834300.0
2023-05-23,182.78,183.75999,182.48,183.42999,6345000.0
2023-05-24,183.53999,183.53999,181.77,181.95,6732900.0
2023-05-25,181.17999,181.31,180.10001,180.2,6919200.0
2023-05-26,181.0099945,181.3,180.089996,180.92,5823700.0
2023-05-30,181.72,182.39999,181.17,182.039993,4906100.0
2023-05-31,182.39,183.45,182.10001,182.32001,8497900.0
2023-06-01,182.81,184.21001,182.72,183.75999,7300500.0
2023-06-02,183.53,183.56,180.96001,181.050003,8724800.0
2023-06-05,180.78999,182.44,180.60001,182.14,5748800.0
2023-06-06,182.36,182.64999,181.52,182.34,4967200.0
2023-06-07,181.94,183.0,180.14999,180.14999,9066500.0
2023-06-08,182.0,183.039993,181.96001,182.53,6394100.0
2023-06-09,182.36,182.78999,181.72,182.039993,4379200.0
2023-06-12,181.8,181.94,181.039993,181.88,4873600.0
2023-06-13,182.10001,182.42999,180.17,180.53999,5126700.0
2023-06-14,181.69,181.96001,180.14,180.64,6807000.0
2023-06-15,180.28,182.050003,180.17999,181.91,6739000.0
2023-06-16,181.92999,182.62,181.41,181.63,8778600.0
2023-06-20,180.059998,180.089996,179.22,179.75,7584200.0
2023-06-21,179.14999,179.95,178.19,179.49001,6702300.0
2023-06-22,178.36,178.99001,177.63,177.71001,7945000.0
2023-06-23,179.60001,179.95,178.089996,178.2,5416800.0
2023-06-26,179.050003,179.080002,178.42,178.50999,3222100.0
2023-06-27,179.070007,179.28999,177.42999,177.69,5036900.0
2023-06-28,177.23,177.69,176.7,177.28,5866700.0
2023-06-29,175.83,177.63,175.78999,177.089996,6862500.0
2023-06-30,177.69,178.53,177.32001,178.27,6420600.0
2023-07-03,178.61,179.34,178.46001,178.47,4085700.0
2023-07-05,179.41,179.42,177.83,177.84,5650600.0
2023-07-06,177.50999,177.8,176.66,177.31,5133000.0
2023-07-07,178.38,179.64999,178.35001,178.64,5200300.0
2023-07-10,178.37,178.92,178.25999,178.78,3320500.0
2023-07-11,179.42999,179.71001,179.13,179.45,2819600.0
2023-07-12,181.17999,181.95,181.10001,181.88,7062000.0
2023-07-13,181.96001,182.14999,181.49001,182.0099945,4527900.0
2023-07-14,181.59,182.17,181.11,181.42999,5389300.0
2023-07-17,180.99001,181.63,180.64,181.56,4152400.0
2023-07-18,182.78999,184.23,182.32001,183.64,8242600.0
2023-07-19,183.45,183.84,182.87,183.67,3911600.0
2023-07-20,183.73,183.77,182.47,182.74001,4972900.0
2023-07-21,182.059998,182.46001,181.67999,182.17999,3843500.0
2023-07-24,182.22,182.53999,181.34,181.39999,4370000.0
2023-07-25,181.72,182.47,181.10001,182.41,4090100.0
2023-07-26,182.66,183.64,182.31,183.3,6158400.0
2023-07-27,181.64,181.64,180.32001,180.42,7592800.0
2023-07-28,181.48,182.27,181.25,181.86,3828800.0
2023-07-31,182.42999,183.089996,182.31,182.35001,5494800.0
2023-08-01,180.85001,181.38,180.19,180.46001,6239700.0
2023-08-02,180.57001,180.78999,179.41,179.60001,6339700.0
2023-08-03,179.44,179.95,179.28,179.53999,4636300.0
2023-08-04,180.25,180.77,179.85001,180.19,5325700.0
2023-08-07,180.14999,180.14999,179.27,179.78,4510400.0
2023-08-08,178.64,179.33,178.46001,178.64,6162900.0
2023-08-09,178.67999,178.92,177.78,177.78999,4644000.0
2023-08-10,178.22,178.7,177.53999,177.60001,5934600.0
2023-08-11,177.7,178.36,177.49001,177.60001,5289400.0
2023-08-14,176.86,177.58,176.58,177.059998,9554500.0
2023-08-15,176.75,177.42999,176.33,176.59,7582700.0
2023-08-16,176.62,176.95,175.56,175.57001,6559400.0
2023-08-17,176.53,176.56,174.92999,175.3,7937700.0
2023-08-18,175.83,176.059998,175.10001,175.33,6251000.0
2023-08-21,175.89999,175.94,174.96001,175.81,4206400.0
2023-08-22,175.83,176.25,175.31,176.10001,5892500.0
2023-08-23,177.32001,178.22,177.070007,177.89,7949100.0
2023-08-24,177.66,178.49001,177.41,177.85001,5526400.0
2023-08-25,177.58,178.38,176.63,177.62,6132800.0
2023-08-28,177.64999,178.73,177.50999,178.13,4740700.0
2023-08-29,178.029999,179.88,177.89999,179.87,7576600.0
2023-08-30,180.58,180.88,180.28999,180.32001,6593700.0
2023-08-31,180.37,180.49001,179.94,180.020004,4795600.0
2023-09-01,180.8,181.12,179.50999,180.11,4969300.0
2023-09-05,179.33,179.44,178.64,178.64,7056800.0
2023-09-06,178.33,179.0099945,177.7,177.83,6427200.0
2023-09-07,178.31,178.37,177.89999,178.020004,3257200.0
2023-09-08,178.36,179.050003,177.89999,178.080002,3292700.0
2023-09-11,178.97,179.070007,178.25999,178.41,3689100.0
2023-09-12,177.11,177.7,177.050003,177.49001,4445400.0
2023-09-13,177.53,177.75,177.039993,177.080002,3874800.0
2023-09-14,176.5,177.39,176.36,177.17,6184400.0
2023-09-15,178.55,179.11,178.34,178.34,5619600.0
2023-09-18,178.82001,179.41,178.38,179.39,5049300.0
2023-09-19,179.53999,179.64999,179.029999,179.22,4224700.0
2023-09-20,179.34,180.66,179.32001,179.35001,9328000.0
2023-09-21,177.86,178.49001,177.69,178.050003,7571900.0
2023-09-22,178.64999,178.95,178.50999,178.62,3634800.0
2023-09-25,178.41,178.71001,177.64,177.7,5582100.0
2023-09-26,176.83,177.14,176.16,176.28,7181100.0
2023-09-27,175.27,175.32001,173.7,174.10001,10919600.0
2023-09-28,173.91,174.14,172.32001,173.23,10061900.0
2023-09-29,173.92,174.029999,171.27,171.45,10424900.0
2023-10-02,170.23,170.46001,169.5,169.64999,12706000.0
2023-10-03,169.14,170.080002,168.75,169.16,11459800.0
2023-10-04,169.21001,169.41,168.5,169.14,10034600.0
2023-10-05,168.74001,169.0,168.3,168.83,6970200.0
2023-10-06,169.17,170.23,168.5,169.7,9942200.0
2023-10-09,171.17999,172.86,171.080002,172.82001,10201500.0
2023-10-10,172.080002,172.8,171.89999,172.53,5844000.0
2023-10-11,173.60001,174.13,173.25999,173.78999,7128000.0
2023-10-12,174.059998,174.23,173.24001,173.25999,5912700.0
2023-10-13,176.89,179.10001,176.72,178.83,18796500.0
2023-10-16,177.84,178.33,177.53999,177.96001,8385400.0
2023-10-17,178.37,179.13,177.98,178.28999,8231900.0
2023-10-18,180.89,182.020004,179.75,180.87,13920800.0
2023-10-19,181.039993,183.42999,180.82001,183.089996,13406600.0
2023-10-20,183.42999,185.23,183.089996,183.59,12782800.0
2023-10-23,183.50999,183.56,182.71001,182.97,9479800.0
2023-10-24,182.070007,183.39999,181.67999,182.95,6594000.0
2023-10-25,183.42,184.3,182.039993,183.72,10087000.0
2023-10-26,183.39999,184.49001,182.87,184.0099945,7671400.0
2023-10-27,183.75999,186.36,183.47,186.14999,14102800.0
2023-10-30,185.53999,185.7,184.73,185.10001,8756400.0
2023-10-31,185.080002,186.21001,183.5,184.089996,10104600.0
2023-11-01,183.91,185.0,182.67,183.50999,9048600.0
2023-11-02,184.13,184.28,183.5,184.12,7343700.0
2023-11-03,184.48,185.47,184.35001,184.78999,8529000.0
2023-11-06,184.14,184.23,183.34,183.35001,8274700.0
2023-11-07,182.25,182.64999,181.75,182.59,6795800.0
2023-11-08,182.0099945,182.070007,180.57001,180.77,6738300.0
2023-11-09,180.98,182.28,180.89,181.49001,6486300.0
2023-11-10,180.50999,180.59,179.25,179.50999,7606600.0
2023-11-13,179.39999,180.73,179.11,180.50999,5385900.0
2023-11-14,181.7,182.75,181.62,182.12,6831600.0
2023-11-15,182.029999,182.17999,181.31,181.64,4909400.0
2023-11-16,182.85001,184.32001,182.8,183.69,8253300.0
2023-11-17,183.96001,184.13,183.45,183.67,4871100.0
2023-11-20,182.32001,183.48,182.23,183.37,5389300.0
2023-11-21,185.57001,186.12,185.070007,185.35001,7322400.0
2023-11-22,185.47,185.72,184.27,184.56,4337700.0
2023-11-24,185.47,185.75,185.16,185.52,2445100.0
2023-11-27,186.56,186.8,185.92999,186.77,6320400.0
2023-11-28,187.89999,189.39999,187.52,189.25999,10901900.0
2023-11-29,189.16,189.99001,189.020004,189.53999,8407300.0
2023-11-30,188.89,189.24001,188.28,188.75,7558100.0
2023-12-01,188.81,192.39999,188.69,192.0099945,16724900.0
2023-12-04,189.60001,190.38,187.25999,187.86,18460500.0
2023-12-05,187.55,187.88,186.3,187.14999,7027700.0
2023-12-06,188.32001,188.46001,187.5,187.84,5778600.0
2023-12-07,188.45,188.59,187.25999,188.14999,5802000.0
2023-12-08,185.92999,186.78,184.89999,185.64,7880300.0
2023-12-11,184.5,184.53,183.14999,183.59,8519500.0
2023-12-12,183.84,183.98,183.25999,183.49001,5056900.0
2023-12-13,183.82001,187.66,183.38,187.63,10635500.0
2023-12-14,188.86,189.82001,188.080002,188.73,9107200.0
2023-12-15,188.52,188.96001,186.82001,187.0,8323800.0
2023-12-18,187.5,188.49001,187.24001,187.85001,5358000.0
2023-12-19,188.23,189.72,188.13,189.13,6025600.0
2023-12-20,188.69,188.96001,188.089996,188.10001,6002400.0
2023-12-21,189.21001,189.62,188.75,189.42999,4620000.0
2023-12-22,191.60001,191.88,190.070007,190.27,7175400.0
2023-12-26,190.97,191.74001,190.39999,191.72,4502700.0
2023-12-27,191.77,193.17999,191.53999,192.59,5813300.0
2023-12-28,192.34,192.89,191.44,191.47,6171500.0
2023-12-29,190.99001,191.64,190.74001,191.17,4610300.0
2024-01-02,191.44,191.89,190.5,190.72,6025600.0
2024-01-03,188.77,189.86,188.16,189.13,8661600.0
2024-01-04,189.080002,189.75,188.69,189.32001,4416700.0
2024-01-05,189.67999,191.25999,189.080002,189.35001,7481200.0
2024-01-08,187.21001,188.74001,187.11,187.87,6215000.0
2024-01-09,188.67999,188.78,187.73,187.92999,4437300.0
2024-01-10,188.14,188.44,187.21001,187.5,4504700.0
2024-01-11,188.020004,188.55,186.56,187.87,6831100.0
2024-01-12,190.67,191.080002,189.16,189.71001,6831400.0
2024-01-16,189.14999,189.25999,187.53999,187.91,6548100.0
2024-01-17,187.31,187.42,185.45,185.84,8643200.0
2024-01-18,186.36,187.39999,186.3,187.37,4685200.0
2024-01-19,188.25999,188.3,187.44,187.92999,5719100.0
2024-01-22,187.23,187.75999,186.85001,187.22,4397500.0
2024-01-23,187.45,188.14999,187.28,187.95,5040800.0
2024-01-24,188.33,188.37,186.32001,186.39999,6085400.0
2024-01-25,187.34,187.64,186.46001,187.14,4651000.0
2024-01-26,187.27,187.38,186.75999,187.0099945,5064800.0
2024-01-29,188.31,188.53999,187.19,188.33,5629700.0
2024-01-30,189.7,189.83,187.98,188.59,4976500.0
2024-01-31,189.37,190.46001,188.13,188.45,7886100.0
2024-02-01,189.71001,191.36,188.99001,190.41,10278100.0
2024-02-02,188.070007,188.87,187.85001,188.61,7337000.0
2024-02-05,186.88,187.82001,186.7,187.57001,5436100.0
2024-02-06,187.94,188.85001,187.74001,188.55,4866100.0
2024-02-07,188.45,189.39,188.28,188.5,6276900.0
2024-02-08,187.91,188.53,187.82001,188.33,3873300.0
2024-02-09,187.56,187.77,187.14,187.60001,4412600.0
2024-02-12,186.60001,187.27,186.36,187.11,4706300.0
2024-02-13,185.35001,185.38,184.33,184.53,9525800.0
2024-02-14,184.27,184.88,183.78,184.42,7031600.0
2024-02-15,185.60001,186.020004,185.10001,185.66,6228900.0
2024-02-16,185.080002,186.67,184.84,186.34,6516800.0
2024-02-20,187.96001,188.029999,187.39999,187.47,5531200.0
2024-02-21,187.88,188.039993,187.10001,187.48,5790000.0
2024-02-22,187.56,187.64,187.050003,187.56,4550800.0
2024-02-23,187.56,189.17999,187.46001,188.62,6827300.0
2024-02-26,187.78999,188.36,187.53,188.2,4491900.0
2024-02-27,188.58,188.72,187.88,188.0,5165400.0
2024-02-28,188.34,188.52,188.029999,188.34,2824100.0
2024-02-29,189.64,189.92,189.23,189.31,6848600.0
2024-03-01,190.27,193.39999,189.44,192.89,13404800.0
2024-03-04,194.14999,196.33,193.88,196.0099945,12216300.0
2024-03-05,197.44,198.14,196.64999,197.19,9672200.0
2024-03-06,198.080002,199.3,197.44,198.81,10459300.0
2024-03-07,199.53999,200.11,198.91,199.94,8403700.0
2024-03-08,200.89,203.3,200.45,201.63,13516800.0
2024-03-11,201.71001,202.41,201.46001,202.0,7329600.0
2024-03-12,200.42,200.63,199.16,199.78999,9436600.0
2024-03-13,200.44,201.86,200.35001,201.19,5930000.0
2024-03-14,200.37,200.47,199.34,200.35001,6865000.0
2024-03-15,199.94,200.63,199.57001,199.71001,4551500.0
2024-03-18,199.66,200.14999,199.50999,200.029999,7206800.0
2024-03-19,199.62,199.81,198.94,199.8,4657500.0
2024-03-20,199.16,202.66,199.12,202.17999,9593800.0
2024-03-21,203.88,203.92,200.60001,201.97,7396500.0
2024-03-22,201.32001,201.86,199.72,200.35001,6913600.0
2024-03-25,201.19,201.95,200.97,200.99001,4034800.0
2024-03-26,202.64999,202.75999,201.070007,201.64,5752700.0
2024-03-27,202.32001,203.22,202.32001,203.10001,6041000.0
2024-03-28,204.53999,206.050003,203.87,205.72,9194500.0
2024-04-01,208.67999,208.73,206.28999,207.82001,13677100.0
2024-04-02,209.070007,211.029999,208.36,210.89,13421100.0
2024-04-03,210.57001,212.83,210.3,212.74001,11416200.0
2024-04-04,212.0,213.45,211.020004,211.52,12307300.0
2024-04-05,212.49001,215.74001,212.22,215.14,13363400.0
2024-04-08,215.98,216.81,214.61,216.48,10331400.0
2024-04-09,217.81,218.86,216.45,217.67,13079300.0
2024-04-10,215.37,217.78,214.67999,215.61,13317500.0
2024-04-11,216.85001,219.84,215.89,219.8,11415200.0
2024-04-12,221.87,225.089996,216.020004,216.89,30876600.0
2024-04-15,217.94,221.029999,215.16,220.95,13239000.0
2024-04-16,220.17999,221.99001,218.78,221.22,10746100.0
2024-04-17,221.050003,221.75999,218.52,219.59,11521100.0
2024-04-18,221.31,221.46001,219.31,220.34,6496900.0
2024-04-19,220.49001,222.36,220.080002,221.029999,8369000.0
2024-04-22,216.35001,216.96001,215.14,215.57001,13404300.0
2024-04-23,213.96001,215.86,213.87,215.039993,10730300.0
2024-04-24,214.75999,216.35001,214.36,214.64,5741100.0
2024-04-25,214.47,217.050003,214.34,215.92,6606500.0
2024-04-26,216.77,217.070007,215.53,216.62,6268500.0
2024-04-29,216.020004,217.22,215.25,216.17999,6409900.0
2024-04-30,213.38,214.13,211.8,211.87,11248600.0
2024-05-01,212.96001,215.5,212.41,213.78999,10373900.0
2024-05-02,211.89999,213.71001,211.49001,213.13,6287000.0
2024-05-03,212.89,213.23,210.71001,212.96001,8679900.0
2024-05-06,215.14,215.91,214.47,215.2,6840500.0
2024-05-07,214.52,214.92999,213.88,214.21001,5660700.0
2024-05-08,213.62,214.8,213.5,213.58,4462700.0
2024-05-09,214.48,216.95,214.44,216.95,7732500.0
2024-05-10,219.22,219.60001,218.080002,218.71001,8700900.0
2024-05-13,217.059998,217.31,215.8,216.25999,4896300.0
2024-05-14,217.31,218.38,216.98,218.089996,4662700.0
2024-05-15,219.059998,221.19,217.64999,220.89,9297700.0
2024-05-16,220.14,220.59,219.41,220.029999,4301700.0
2024-05-17,222.17999,223.85001,221.67,223.66,10481900.0
2024-05-20,223.78999,225.66,223.020004,224.56,5990900.0
2024-05-21,224.77,225.21001,223.7,224.23,4002600.0
2024-05-22,223.089996,223.24001,219.74001,220.11,8903100.0
2024-05-23,218.78,219.23,215.66,215.72,9537900.0
2024-05-24,216.96001,217.21001,215.74001,215.92,4208800.0
2024-05-28,218.42999,218.59,217.21001,218.19,3809700.0
2024-05-29,216.92,217.16,216.12,216.16,4185000.0
2024-05-30,216.69,217.50999,216.41,216.57001,3071300.0
2024-05-31,217.77,217.96001,214.64999,215.3,5617200.0
2024-06-03,215.92,217.82001,215.53999,217.22,6172600.0
2024-06-04,216.24001,216.24001,214.2,215.27,5509400.0
2024-06-05,216.69,218.080002,215.92999,217.82001,5479200.0
2024-06-06,218.36,219.97,218.10001,219.42999,5283900.0
2024-06-07,215.070007,215.19,211.53999,211.60001,12195100.0
2024-06-10,213.13,214.020004,212.75999,213.53999,4219600.0
2024-06-11,213.95,214.38,213.24001,214.14999,4004100.0
2024-06-12,216.47,216.55,214.2,214.72,5911900.0
2024-06-13,214.44,214.96001,212.25999,212.97,5861100.0
2024-06-14,215.34,216.039993,214.98,215.73,7076500.0
2024-06-17,214.89999,215.24001,213.60001,214.61,3877700.0
2024-06-18,214.38,215.83,214.039993,215.47,4921400.0
2024-06-20,216.32001,218.74001,216.14999,218.16,7290500.0
2024-06-21,217.83,217.89999,214.25999,214.78,8935400.0
2024-06-24,215.55,215.94,215.2,215.63,4626900.0
2024-06-25,214.96001,215.31,214.12,214.56,3847700.0
2024-06-26,212.39,213.11,212.12,212.58,4690300.0
2024-06-27,214.71001,215.5,214.45,214.99001,4977800.0
2024-06-28,215.64,215.81,214.82001,215.0099945,3955100.0
2024-07-01,215.25,216.0,214.49001,215.57001,3797900.0
2024-07-02,215.33,216.080002,214.62,215.56,4921700.0
2024-07-03,217.34,218.74001,217.33,217.99001,5055300.0
2024-07-05,219.58,221.28,219.58,220.92999,5950600.0
2024-07-08,219.64,220.039993,217.41,218.19,5790800.0
2024-07-09,218.57001,219.28999,217.27,218.56,3901500.0
2024-07-10,220.14,220.71001,219.16,219.36,5556200.0
2024-07-11,222.64999,224.14999,221.48,223.25,9322000.0
2024-07-12,222.029999,223.62,221.86,223.11,5179300.0
2024-07-15,223.39,225.59,223.020004,223.83,5719300.0
2024-07-16,225.45,228.28999,225.3,228.28999,11070700.0
2024-07-17,228.78999,229.64999,226.67,227.23,8620500.0
2024-07-18,227.71001,228.32001,225.57001,225.78,5485500.0
2024-07-19,221.52,222.67999,221.41,221.73,8666000.0
2024-07-22,221.58,221.92,220.39999,221.8,5334100.0
2024-07-23,222.34,222.75,221.86,222.58,4435700.0
2024-07-24,223.47,224.88,221.74001,221.8,6838800.0
2024-07-25,219.020004,219.25999,217.52,218.33,9777100.0
2024-07-26,219.96001,221.039993,219.7,220.63,6328800.0
2024-07-29,221.25999,221.55,219.050003,220.32001,4665100.0
2024-07-30,221.41,222.92,220.36,222.52,4939500.0
2024-07-31,223.73,226.60001,223.64,226.55,7316600.0
2024-08-01,226.74001,227.57001,225.050003,225.77,7217200.0
2024-08-02,227.95,228.75999,222.87,225.34,11109400.0
2024-08-05,220.56,223.10001,220.24001,222.48,8939000.0
2024-08-06,221.5,222.14,220.11,220.7,14362300.0
2024-08-07,221.94,222.31,220.35001,220.55,5287800.0
2024-08-08,222.73,224.25,222.52,224.0099945,6327100.0
2024-08-09,224.82001,225.28,223.82001,224.56,4441000.0
2024-08-12,226.14,228.53999,225.97,228.41,5561300.0
2024-08-13,228.070007,228.87,227.59,228.059998,6740200.0
2024-08-14,226.55,227.48,225.35001,226.2,5462500.0
2024-08-15,226.50999,227.5,225.12,226.91,5273300.0
2024-08-16,229.99001,232.020004,229.0099945,231.99001,11924500.0
2024-08-19,230.14999,231.78,229.74001,231.61,5164800.0
2024-08-20,233.71001,234.0099945,231.13,232.46001,9073600.0
2024-08-21,231.69,232.87,230.48,232.14999,5337400.0
2024-08-22,230.35001,230.38,228.25999,229.37,5765400.0
2024-08-23,231.039993,232.73,230.52,232.020004,5418200.0
2024-08-26,233.45,233.5,232.059998,232.75999,3151400.0
2024-08-27,231.69,233.47,231.57001,233.39,4435600.0
2024-08-28,232.0,232.020004,230.73,231.75,4961500.0
2024-08-29,231.95,233.61,231.92,232.95,5524200.0
2024-08-30,232.53,232.86,230.55,231.28999,5743000.0
2024-09-03,230.38,230.53999,228.52,230.28999,6417900.0
2024-09-04,229.78999,231.059998,229.38,230.42999,4696000.0
2024-09-05,232.72,232.89,231.33,232.35001,4838100.0
2024-09-06,231.83,232.75999,229.62,230.63,6315800.0
2024-09-09,231.25999,231.62,230.39,231.60001,3548800.0
2024-09-10,232.39,232.74001,231.12,232.62,4378300.0
2024-09-11,231.72,232.87,231.089996,232.25,4637300.0
2024-09-12,234.63,236.45,234.42,236.33,9945000.0
2024-09-13,238.13,238.98,237.75999,238.67999,7455100.0
2024-09-16,238.73,239.28,238.050003,238.66,4713500.0
2024-09-17,238.080002,238.60001,236.61,237.34,5257100.0
2024-09-18,238.19,240.28999,235.3,235.50999,11081100.0
2024-09-19,238.24001,239.52,237.39,239.17,6108200.0
2024-09-20,241.11,242.63,240.47,242.21001,7737400.0
2024-09-23,242.97,243.46001,242.59,242.67999,5426200.0
2024-09-24,243.39,246.19,243.14999,246.070007,8386300.0
2024-09-25,246.19,246.47,244.78999,245.73,7393400.0
2024-09-26,246.44,247.37,245.19,246.98,7041100.0
2024-09-27,246.31,246.75,244.19,245.020004,8329600.0
2024-09-30,243.97,244.080002,242.5,243.059998,6916700.0
2024-10-01,245.2,246.98,245.059998,245.61,10605500.0
2024-10-02,245.61,246.070007,243.99001,245.66,6798800.0
2024-10-03,244.72,245.91,243.69,245.49001,5674500.0
2024-10-04,245.0,246.69,244.050003,245.0,5947800.0
2024-10-07,244.58,244.82001,243.81,244.17,3849000.0
2024-10-08,243.78999,244.039993,240.63,242.37,7669800.0
2024-10-09,241.16,241.84,240.64,241.050003,4120500.0
2024-10-10,241.77,243.020004,241.50999,242.82001,4792700.0
2024-10-11,244.5,245.92,244.47,245.47,5789500.0
2024-10-14,245.16,245.86,244.25999,245.070007,3922900.0
2024-10-15,244.99001,246.55,244.53,245.92,5640800.0
2024-10-16,247.62,248.089996,246.36,247.14999,5431900.0
2024-10-17,247.75,249.059998,247.62,248.63,5176200.0
2024-10-18,250.0,251.37,249.89999,251.27,7833600.0
2024-10-21,252.74001,253.14,250.73,251.22,9258600.0
2024-10-22,253.059998,253.94,252.52,253.92999,5756300.0
2024-10-23,253.080002,253.17999,250.2,250.87,8081000.0
2024-10-24,253.27,253.32001,251.39999,252.8,5962200.0
2024-10-25,252.0,253.55,251.77,253.32001,4424500.0
2024-10-28,253.0099945,253.63,252.95,253.33,4029100.0
2024-10-29,254.49001,256.29001,254.23,256.089996,8875500.0
2024-10-30,256.76001,257.70999,255.91,257.5,6386200.0
2024-10-31,255.52,255.60001,252.2,253.50999,9930800.0
2024-11-01,254.33,254.86,252.44,252.47,6473000.0
2024-11-04,253.32001,253.58,252.27,252.83,4581400.0
2024-11-05,253.78,253.99001,252.41,253.39999,6029900.0
2024-11-06,245.64,247.35001,244.95,245.7,14600200.0
2024-11-07,248.28999,250.24001,248.12,249.64999,8821400.0
2024-11-08,249.070007,249.35001,247.78,247.96001,6267900.0
2024-11-11,242.73,242.73,241.059998,242.14,11653800.0
2024-11-12,241.28999,241.66,239.39,240.050003,10145500.0
2024-11-13,241.31,241.47,237.59,237.63,8431700.0
2024-11-14,236.57001,237.99001,236.13,237.0099945,8262400.0
2024-11-15,237.57001,237.88,236.33,236.59,7299500.0
2024-11-18,240.46001,241.5,240.45,241.089996,6513000.0
2024-11-19,242.75,243.31,242.029999,243.25,6579100.0
2024-11-20,243.74001,245.21001,243.50999,244.62,6630700.0
2024-11-21,246.23,246.81,245.69,246.66,7646400.0
2024-11-22,248.2,250.39,247.86,249.84,7503000.0
2024-11-25,244.27,244.39999,241.48,242.48,10733100.0
2024-11-26,242.71001,243.089996,241.58,242.95,4945900.0
2024-11-27,244.85001,245.17999,243.2,243.49001,6930600.0
2024-11-29,245.25,245.81,244.73,245.59,2708500.0
2024-12-02,244.46001,244.58,243.14,243.44,4765000.0
2024-12-03,244.96001,245.17999,243.3,243.92999,3557800.0
2024-12-04,244.92999,245.34,244.37,244.67,4608600.0
2024-12-05,244.16,244.38,242.14999,242.86,4806200.0
2024-12-06,242.78999,243.86,242.44,242.95,3540700.0
2024-12-09,246.28,247.11,245.25999,245.36,4711500.0
2024-12-10,247.86,248.86,247.83,248.59,4642000.0
2024-12-11,249.35001,251.25999,248.97,250.96001,11033800.0
2024-12-12,247.81,248.24001,246.87,247.28,10149600.0
2024-12-13,245.67,245.94,244.27,244.28999,6602600.0
2024-12-16,245.41,245.53999,244.28999,244.88,3310000.0
2024-12-17,243.8,244.55,243.23,243.94,4421300.0
2024-12-18,243.57001,243.71001,238.82001,239.25999,8015800.0
2024-12-19,239.67,240.050003,238.73,239.60001,8111400.0
2024-12-20,241.41,242.96001,241.17,242.10001,9527800.0
2024-12-23,241.60001,241.67,240.64999,240.96001,5835500.0
2024-12-24,241.49001,241.66,240.82001,241.44,2421000.0
2024-12-26,242.39,243.56,242.2,243.070007,4645100.0
2024-12-27,241.2,241.95,241.050003,241.39999,4728100.0
2024-12-30,241.080002,241.080002,239.58,240.63,3522500.0
2024-12-31,241.050003,242.52,241.050003,242.13,2522100.0
2025-01-02,244.22,245.53,244.080002,245.42,6241900.0
2025-01-03,244.56,244.82001,243.36,243.49001,4872100.0
2025-01-06,242.33,243.78999,242.050003,243.19,3758900.0
2025-01-07,245.52,245.77,243.81,244.56,5090300.0
2025-01-08,245.72,246.45,244.50999,245.86,6303300.0
2025-01-10,248.0099945,249.039993,247.55,248.21001,12380100.0
2025-01-13,246.34,246.78999,245.14999,245.74001,8448600.0
2025-01-14,245.62,247.039993,245.52,247.029999,4914800.0
2025-01-15,248.21001,248.89999,247.0099945,248.88,6345000.0
2025-01-16,250.56,251.39,250.27,250.60001,9236000.0
2025-01-17,249.7,250.81,249.14999,249.27,8312900.0
2025-01-21,251.95,253.36,251.83,253.13,7668100.0
2025-01-22,254.28999,254.67999,253.78,254.42999,5213800.0
2025-01-23,253.19,254.53999,252.82001,254.070007,6511500.0
2025-01-24,255.96001,257.070007,255.61,255.64999,7341300.0
2025-01-27,253.86,254.25999,251.92,252.99001,5799800.0
2025-01-28,254.23,255.25,253.89,255.17999,5332000.0
2025-01-29,254.55,254.82001,253.3,254.2,5671800.0
2025-01-30,257.20001,258.29001,256.45001,258.049988,12981200.0
2025-01-31,259.079987,259.98999,257.85999,258.56,8965600.0
2025-02-03,259.75,261.39001,259.51999,259.94,11521100.0
2025-02-04,261.82999,262.54001,261.35001,262.5,9850400.0
2025-02-05,264.45001,265.98999,263.89001,264.13,12681100.0
2025-02-06,263.66,263.72,261.48999,263.42999,8731400.0
2025-02-07,265.22,266.35001,263.26001,263.89999,9154000.0
2025-02-10,268.0,268.66,267.23999,268.37,13250300.0
2025-02-11,267.70001,268.35999,266.70999,267.39001,7169500.0
2025-02-12,267.14999,268.42999,266.35001,267.67001,9328600.0
2025-02-13,268.39999,270.39001,268.22,270.31,8347500.0
2025-02-14,270.070007,270.20999,265.45001,266.29001,11546700.0
2025-02-18,269.67999,271.01001,269.60001,270.70001,8185900.0
2025-02-19,270.67999,271.32999,269.23999,270.85001,9342500.0
2025-02-20,270.23001,271.84,270.17001,270.98999,7356900.0
2025-02-21,270.79999,271.51001,269.51001,270.73999,8917400.0
2025-02-24,271.45001,272.32001,270.38,272.20999,5374400.0
2025-02-25,271.45999,271.67999,266.45001,268.62,10079800.0
2025-02-26,267.079987,269.079987,266.66,269.029999,7276000.0
2025-02-27,266.48999,266.67001,264.45001,264.92999,9374600.0
2025-02-28,262.56,263.39999,261.25,263.26999,11504500.0
2025-03-03,265.070007,266.88,265.070007,266.73999,7725600.0
2025-03-04,269.01001,269.39999,267.51999,269.059998,8481300.0
2025-03-05,267.97,270.26001,267.95999,269.62,6990400.0
2025-03-06,268.25,269.51001,268.16,268.25,6136400.0
2025-03-07,269.089996,270.34,267.64001,268.39001,10431200.0
2025-03-10,267.62,268.44,265.64001,266.040009,7593900.0
2025-03-11,268.47,269.73001,268.44,269.16,8436600.0
2025-03-12,268.47,271.23001,268.35999,270.32999,7236200.0
2025-03-13,271.57001,275.35001,271.54999,275.13,13741500.0
2025-03-14,276.26999,276.29999,274.66,275.23999,13365000.0
2025-03-17,275.54001,276.79001,275.39001,276.73001,8583400.0
2025-03-18,279.89999,280.20999,278.97,279.95999,9596500.0
2025-03-19,279.85001,281.48001,279.059998,281.10999,8822200.0
2025-03-20,279.48999,280.89999,279.42999,280.75,5863300.0
2025-03-21,279.45999,279.45999,276.59,278.48999,9359300.0
2025-03-24,278.91,279.089996,276.85999,277.25,7870100.0
2025-03-25,278.78,279.95999,278.26999,278.47,5090200.0
2025-03-26,278.92999,279.019989,277.78,278.23999,3717500.0
2025-03-27,280.54999,282.070007,279.59,281.97,8476300.0
2025-03-28,283.82001,284.64001,282.85999,284.059998,9563700.0
2025-03-31,287.53,288.39001,285.85001,288.14001,13925100.0
2025-04-01,288.54001,289.13,285.91,287.57001,15923600.0
2025-04-02,288.28,289.029999,287.35999,288.16,11074800.0
2025-04-03,282.78,289.089996,282.45001,286.42001,20524400.0
2025-04-04,283.64001,284.029999,278.019989,279.72,21517200.0
2025-04-07,278.85999,280.14001,272.57999,273.70999,19807000.0
2025-04-08,277.87,278.32001,274.23999,275.20001,12639500.0
2025-04-09,282.22,285.87,281.040009,285.38,25342200.0
2025-04-10,288.81,292.85999,287.23001,292.35001,19837800.0
2025-04-11,297.95999,299.26999,296.81,297.92999,21080100.0
2025-04-14,295.54001,296.57999,294.53,296.23001,12427600.0
2025-04-15,296.92999,298.019989,296.089996,297.78,7924100.0
2025-04-16,304.64999,308.059998,303.79999,307.47,20778100.0
2025-04-17,306.31,307.13,302.73001,306.12,18081800.0
2025-04-21,315.019989,316.41,313.95001,315.59,20372300.0
2025-04-22,317.48999,317.63,310.35999,311.10999,35242300.0
2025-04-23,304.17999,304.73999,300.59,303.64999,25421500.0
2025-04-24,306.98001,308.5,304.70999,308.070007,10845000.0
2025-04-25,301.78,305.37,301.01001,304.73001,10691600.0
2025-04-28,304.14999,309.10999,302.97,309.070007,9375500.0
2025-04-29,305.81,306.95001,304.0,306.059998,6852100.0
2025-04-30,304.60999,306.070007,303.44,303.76999,8331900.0
2025-05-01,297.41,297.94,295.32001,297.45999,14969100.0
2025-05-02,300.17001,300.85001,297.029999,297.98001,8678400.0
2025-05-05,305.92001,307.64999,304.67999,306.88,8924000.0
2025-05-06,313.12,315.62,311.39999,315.48001,11445300.0
2025-05-07,312.10001,313.26001,310.079987,310.75,7888300.0
2025-05-08,309.76001,310.48001,303.049988,304.63,11927600.0
2025-05-09,307.79001,308.57001,306.01001,306.84,6913100.0
2025-05-12,298.32999,299.47,296.82001,298.19,14375900.0
2025-05-13,299.019989,300.29999,297.23999,299.45999,10233600.0
2025-05-14,293.67001,294.79999,291.95999,293.16,14800600.0
2025-05-15,294.10001,297.89999,293.75,297.84,13497700.0
2025-05-16,292.62,294.57999,291.78,294.23999,14173000.0
2025-05-19,297.85001,298.57999,296.48001,298.029999,11656300.0
2025-05-20,298.35001,303.67999,298.29999,303.57999,12851000.0
2025-05-21,304.54999,306.45999,303.67001,305.82001,12414500.0
2025-05-22,305.089996,305.28,302.10001,303.10999,9704200.0
2025-05-23,308.85999,310.25,307.47,309.75,13339500.0
2025-05-27,303.81,304.88,302.73999,304.5,9578500.0
2025-05-28,304.64001,304.98999,303.059998,303.81,8803300.0
2025-05-29,305.73999,306.89001,304.45999,305.60999,9502400.0
2025-05-30,303.64001,304.019989,301.5,303.60001,9553300.0
2025-06-02,309.20999,311.72,308.72,311.67001,13593200.0
2025-06-03,309.56,309.56,307.14999,308.91,9315100.0
2025-06-04,309.41,311.88,308.73999,310.89999,7462500.0
2025-06-05,311.23999,312.20001,307.64999,309.32999,10817800.0
2025-06-06,309.089996,309.20001,305.10001,305.17999,7787500.0
2025-06-09,305.39001,307.60999,305.059998,306.62,7159000.0
2025-06-10,308.31,308.60001,305.87,306.70999,7071700.0
2025-06-11,307.5,308.62,305.85001,308.37,9248800.0
2025-06-12,311.73999,313.10001,311.14999,312.20001,11531400.0
2025-06-13,317.26001,317.60001,315.040009,316.29001,16592900.0
2025-06-16,314.79999,314.87,311.64999,311.78,12848400.0
2025-06-17,312.66,313.0,310.12,311.94,8234100.0
2025-06-18,312.89001,312.98001,309.85999,310.26001,9370800.0
2025-06-20,309.32999,310.89001,309.25,310.13,8794700.0
2025-06-23,310.34,312.67001,310.31,311.079987,12687900.0
2025-06-24,305.070007,306.34,303.54001,306.19,12035200.0
2025-06-25,305.31,307.35999,305.12,307.12,6733200.0
2025-06-26,305.76999,307.28,304.85999,306.78,6787500.0
2025-06-27,300.029999,302.35999,299.89001,301.22,13301300.0
2025-06-30,302.39001,304.92001,301.95001,304.82999,8192100.0
2025-07-01,308.56,309.0,307.35999,307.54999,9335600.0
2025-07-02,308.040009,309.39999,306.95999,309.25,8316400.0
2025-07-03,307.049988,307.57001,306.14999,307.14001,5275800.0
2025-07-07,305.070007,307.70999,304.53,307.37,7351600.0
2025-07-08,306.29999,306.45001,302.76999,304.16,11840500.0
2025-07-09,303.57999,305.54001,303.23001,305.51999,10644100.0
2025-07-10,306.10999,306.51001,304.82001,306.20001,7053700.0
2025-07-11,308.85999,310.28,308.51999,309.14001,9187300.0
2025-07-14,309.070007,309.38,307.73001,308.01001,5772900.0
2025-07-15,307.73001,308.73999,305.79001,306.73001,8149000.0
2025-07-16,307.10999,311.089996,305.73001,308.26001,17693100.0
2025-07-17,305.5,307.67001,305.12,307.59,6642300.0
2025-07-18,309.23999,309.37,308.32001,308.39001,5574300.0
2025-07-21,311.88,313.31,311.60999,313.13,10995800.0
2025-07-22,314.48001,316.23999,313.62,316.10001,13691800.0
2025-07-23,314.0,314.95999,311.42001,312.17999,10547500.0
2025-07-24,309.29001,310.98999,309.059998,310.26999,7698800.0
2025-07-25,307.82001,308.31,306.20001,307.39999,9376400.0
2025-07-28,306.44,306.57999,304.049988,305.41,9275400.0
2025-07-29,305.79999,307.029999,304.98999,306.25,5741100.0
2025-07-30,304.42001,304.64999,300.95999,300.95999,13459600.0
2025-07-31,304.59,304.60999,302.85999,302.95999,8981000.0
2025-08-01,308.60999,309.54999,307.45001,309.10999,12843400.0
2025-08-04,310.79999,311.73999,310.37,310.91,7639000.0
2025-08-05,310.37,312.23999,310.22,311.16,6997700.0
2025-08-06,310.32001,311.23999,309.84,310.5,7418200.0
2025-08-07,311.72,313.14001,310.70001,313.12,10891500.0
2025-08-08,312.35001,313.53,311.0,313.049988,19886800.0
2025-08-11,308.62,309.66,307.63,308.54999,10326700.0
2025-08-12,308.22,309.31,306.70999,308.26999,9697400.0
2025-08-13,309.10001,310.39001,308.45001,309.20999,4718600.0
2025-08-14,307.92999,308.34,306.51999,307.25,5817700.0
2025-08-15,307.34,308.0,306.87,307.42999,5990100.0
2025-08-18,307.79001,307.89001,306.63,306.95001,6150100.0
2025-08-19,306.76001,307.48001,305.19,305.26999,5029900.0
2025-08-20,307.54001,308.47,307.39999,308.35999,6515400.0
2025-08-21,307.85999,308.14999,307.029999,307.29001,4809000.0
2025-08-22,306.51999,311.019989,306.42999,310.57999,8526500.0
2025-08-25,309.67001,310.84,309.67001,309.82999,4044400.0
2025-08-26,310.62,312.20999,310.31,312.079987,11698500.0
2025-08-27,311.39001,312.91,310.76999,312.70999,4320100.0
2025-08-28,313.32001,315.079987,313.070007,315.029999,9610200.0
2025-08-29,314.72,318.089996,314.64001,318.070007,15642600.0
2025-09-02,320.82001,325.92001,320.23999,325.59,21247500.0
2025-09-03,327.76001,329.45001,326.73001,328.14001,16062200.0
2025-09-04,327.029999,327.56,325.35001,326.69,11703100.0
2025-09-05,329.53,331.44,328.92999,331.049988,16065200.0
2025-09-08,333.66,335.67001,333.23001,334.82001,18617300.0
2025-09-09,337.029999,338.31,333.85001,334.059998,21641900.0
2025-09-10,335.73001,336.5,326.19,335.26001,11945700.0
2025-09-11,333.37,335.16,332.97,334.76001,9082600.0
2025-09-12,335.88,336.39001,335.23001,335.42001,9619700.0
2025-09-15,336.31,339.28,336.23001,338.91,10569900.0
2025-09-16,340.089996,340.88,338.62,339.59,12161500.0
2025-09-17,338.53,341.23999,335.51999,336.97,16535300.0
2025-09-18,336.22,336.32001,333.81,335.62,14913300.0
2025-09-19,336.51001,339.23001,336.31,339.17999,14982600.0
2025-09-22,342.75,345.070007,341.84,345.049988,12386400.0
2025-09-23,348.23001,348.75,345.32001,346.45999,18384000.0
2025-09-24,346.70001,346.82999,342.14001,343.32001,12709100.0
2025-09-25,344.39001,345.82999,342.47,344.75,12639600.0
2025-09-26,345.82999,348.25,345.31,346.73999,11698200.0
2025-09-29,351.79001,352.82999,351.28,352.45999,15719600.0
2025-09-30,351.13,355.57001,350.87,355.47,13312400.0
2025-10-01,356.17001,356.97,354.79001,356.029999,15573600.0
2025-10-02,358.26001,358.67001,351.39999,354.79001,16162100.0
2025-10-03,357.12,358.14001,355.79999,357.64001,14464000.0
2025-10-06,362.16,365.29999,361.37,364.38,17093700.0
2025-10-07,366.51001,367.26999,364.54999,366.26001,16836800.0
2025-10-08,371.64999,373.57001,370.5,372.29999,28052300.0
2025-10-09,373.14001,373.22,362.82999,365.42999,33674800.0
2025-10-10,367.54001,370.31,365.44,369.12,24192800.0
2025-10-13,376.5,378.85999,375.57999,378.089996,18514400.0
2025-10-14,378.20999,382.38,377.89999,380.79001,18409600.0
2025-10-15,385.92999,387.76001,384.59,387.39001,20598300.0
2025-10-16,391.14999,396.87,390.39999,396.45001,33621400.0
2025-10-17,397.14001,397.28,385.22,388.98999,62025000.0
2025-10-20,397.45001,403.29999,394.20001,403.14999,34523000.0
2025-10-21,386.54001,388.89001,375.64999,377.23999,54101400.0
2025-10-22,372.75,378.47,368.92999,377.28,30524100.0
2025-10-23,381.45999,382.25,378.64999,378.79001,13695500.0
2025-10-24,378.51001,380.76999,376.81,377.51999,13263800.0
2025-10-27,371.13,371.59,365.34,367.01001,23657600.0
2025-10-28,361.81,365.29999,360.12,364.38,19257600.0
2025-10-29,369.64999,370.079987,361.35999,363.0,18891800.0
2025-10-30,365.089996,370.35999,364.5,370.13,14812800.0
2025-10-31,370.47,370.66,365.5,368.12,11077900.0
2025-11-03,368.91,370.84,367.54001,368.78,7254300.0
2025-11-04,363.48001,365.73999,361.39001,362.32001,11540100.0
2025-11-05,366.39001,367.10001,364.64999,366.51001,8357300.0
2025-11-06,367.16,368.17999,364.70001,366.070007,6891100.0
2025-11-07,367.94,370.42001,366.42001,368.31,11060400.0
2025-11-10,375.92999,378.66,374.78,378.38,13456200.0
2025-11-11,379.98001,380.39999,376.87,379.87,10753200.0
2025-11-12,380.070007,387.45999,379.44,385.98999,16203700.0
2025-11-13,387.29001,388.17999,381.20999,382.87,15867900.0
2025-11-14,372.87,378.20001,370.89001,375.95999,15198000.0
2025-11-17,374.040009,375.45999,368.51999,371.64999,13295200.0
2025-11-18,374.82999,375.54001,371.62,374.35001,7818800.0
2025-11-19,377.78,380.17001,373.029999,374.95999,10980400.0
2025-11-20,375.29001,377.69,371.85001,374.85001,10506500.0
2025-11-21,374.029999,377.23001,372.94,374.26999,13194600.0
2025-11-24,374.88,380.28,374.19,380.20001,10085300.0
2025-11-25,380.26001,382.51999,378.059998,380.079987,10462800.0
2025-11-26,381.059998,383.78,380.45999,383.12,9184100.0
2025-11-28,385.98001,388.0,384.98999,387.88,7175400.0
2025-12-01,390.60999,390.70001,388.059998,389.75,11177100.0
2025-12-02,388.87,388.98001,382.91,387.23999,8103900.0
2025-12-03,388.45999,390.13,385.82999,386.88,7886800.0
2025-12-04,386.92001,388.0,385.39999,387.13,6754400.0
2025-12-05,389.12,391.73999,386.17999,386.44,9449800.0
2025-12-08,387.019989,387.23999,384.01001,385.42001,6822100.0
2025-12-09,385.62,388.20999,385.26999,387.39999,6358700.0
2025-12-10,385.95001,389.76001,384.5,389.049988,9120500.0
2025-12-11,389.019989,394.089996,388.5,393.23999,11240600.0
2025-12-12,399.16,400.39001,391.47,395.44,16792100.0
2025-12-15,397.76001,398.70999,394.070007,395.79999,11345000.0
2025-12-16,397.75,398.70999,394.59,395.89001,9201600.0
2025-12-17,398.079987,399.98001,397.25,399.29001,10456900.0
2025-12-18,398.28,402.20999,396.049988,398.57001,11837600.0
2025-12-19,397.92001,400.63,397.17001,399.019989,9894800.0
2025-12-22,406.98001,408.51999,405.72,408.23001,14202100.0
2025-12-23,410.29999,413.76001,407.10001,413.64001,13193300.0
2025-12-24,412.25,412.63,408.82999,411.92999,6718400.0
2025-12-26,416.48001,418.45001,414.75,416.73999,10476200.0
2025-12-29,403.66,403.76001,395.32999,398.60001,20679200.0
2025-12-30,403.60001,403.79999,398.56,398.89001,10179000.0
2025-12-31,398.60001,400.13,395.59,396.31,10194700.0
2026-01-02,401.62,401.82001,396.25,398.28,10372600.0
2026-01-05,406.39001,409.72,406.14999,408.76001,13410600.0
2026-01-06,410.67001,413.48001,410.31,413.17999,11640900.0
2026-01-07,408.63,410.81,406.64999,409.23001,10589500.0
2026-01-08,406.97,411.64001,406.39999,411.48999,8705900.0
2026-01-09,413.22,415.29001,411.79999,414.47,14011200.0
2026-01-12,421.51999,425.73999,421.51999,422.23001,20904100.0
2026-01-13,424.59,426.12,420.070007,421.63,16681200.0
2026-01-14,426.029999,426.85999,422.84,425.94,18305500.0
2026-01-15,423.019989,425.059998,422.79001,423.32999,14253200.0
2026-01-16,422.79999,424.79999,417.040009,421.29001,20951600.0
2026-01-20,436.69,438.14001,434.10001,437.23001,21308100.0
2026-01-21,446.87,448.0,437.10999,443.60001,38830200.0
2026-01-22,443.84,452.98001,443.56,451.79001,19251200.0
2026-01-23,454.10999,458.75,453.45001,458.0,21531900.0
2026-01-26,466.78,469.28,460.35999,464.70001,34156000.0
2026-01-27,465.070007,476.48999,463.95001,476.10001,28386200.0
2026-01-28,483.39001,495.88,481.25,494.56,44154600.0
2026-01-29,509.51001,509.70001,468.51001,495.89999,69970900.0
2026-01-30,466.25,470.059998,430.79999,444.95001,86593500.0
2026-02-02,434.01001,440.78,422.54999,427.13,41626200.0
2026-02-03,452.63,459.0,448.31,454.29001,28703500.0
2026-02-04,462.47,463.10001,445.70999,453.97,24427900.0
2026-02-05,444.29001,450.89999,440.35001,441.88,17718100.0
2026-02-06,450.73001,456.92999,450.029999,455.45999,12663900.0
2026-02-09,461.39001,467.56,460.85001,467.029999,12330900.0
2026-02-10,465.95999,466.75,459.51999,462.39999,7861600.0
2026-02-11,466.0,468.60999,462.82001,467.63,11209600.0
2026-02-12,464.89999,466.38,448.059998,451.39001,20488800.0
2026-02-13,459.73001,463.84,456.25,462.62,12359300.0
2026-02-17,450.26001,451.37,445.53,448.20001,10976100.0
2026-02-18,455.81,460.51001,455.32001,458.28,10226300.0
2026-02-19,457.34,461.51001,456.029999,459.56,8411400.0
2026-02-20,463.25,468.62,458.34,468.62,14316300.0
2026-02-23,474.64999,481.45999,474.60999,481.28,17441600.0
2026-02-24,470.089996,475.44,469.54999,474.60999,14147100.0
2026-02-25,475.73999,479.53,472.89999,473.42001,12954300.0
2026-02-26,474.95001,477.82999,442.040009,477.48001,12375000.0
2026-02-27,480.75,483.89999,479.10999,483.75,16795100.0
2026-03-02,490.10001,492.14999,483.28,490.0,19916600.0
2026-03-03,472.82999,473.20001,458.92999,468.14001,22591500.0
2026-03-04,474.82001,476.42001,469.39001,471.79999,9985900.0
2026-03-05,470.45001,470.67001,463.91,466.13,11674800.0
2026-03-06,469.040009,475.45999,467.070007,473.51001,10489800.0
2026-03-09,468.089996,472.67999,464.79001,472.53,8829800.0
2026-03-10,479.73999,481.31,474.20999,477.85999,9616800.0
2026-03-11,476.13,477.45001,473.13,476.23999,7522900.0
2026-03-12,475.019989,475.019989,466.60001,466.88,11900600.0
2026-03-13,469.31,470.10001,460.22,460.84,11741600.0
2026-03-16,461.26999,462.79999,456.91,460.42999,8964100.0
2026-03-17,460.51001,462.20999,456.87,459.26999,7610100.0
2026-03-18,446.66,450.059998,444.39001,444.73999,18375600.0
2026-03-19,420.35999,428.26999,416.79999,426.41,30206000.0
2026-03-20,428.089996,428.59,411.23001,413.38,27204900.0
2026-03-23,405.12,414.54001,399.64001,404.040009,36796800.0
2026-03-24,400.23999,407.29001,399.20001,404.13,17478500.0
2026-03-25,419.70999,420.66,412.25,416.29001,15713200.0
2026-03-26,408.53,411.37,400.26001,400.64001,15756300.0
2026-03-27,406.20001,418.39999,405.41,414.70001,16580700.0
2026-03-30,419.54001,420.10001,412.66,414.57999,13172100.0
2026-03-31,420.079987,430.57001,419.59,430.29001,14534300.0
2026-04-01,435.0,440.19,433.76001,437.82001,14133100.0
2026-04-02,422.29001,431.67001,421.17001,429.41,10838600.0
2026-04-06,428.87,431.48999,426.70999,427.64999,5417300.0
2026-04-07,427.89999,433.42999,423.10001,431.81,7263500.0
2026-04-08,439.98001,440.44,431.31,434.53,9689700.0
2026-04-09,436.47,440.91,435.87,437.91,6748500.0
2026-04-10,438.59,440.35001,436.0,437.13,6193300.0
2026-04-13,434.78,436.22,431.63,435.35999,5549400.0
2026-04-14,439.32001,445.17999,439.019989,445.089996,8731700.0
2026-04-15,442.88,443.73999,439.60001,440.45999,6455900.0
2026-04-16,442.14999,442.98001,438.17999,440.079987,5350100.0
2026-04-17,445.64999,448.70001,445.32001,445.92999,9712000.0
2026-04-20,443.13,443.42001,440.049988,442.089996,8473000.0
2026-04-21,438.54999,440.25,428.70999,429.57001,9480000.0
2026-04-22,436.26999,437.17001,433.78,435.26001,5178100.0
2026-04-23,433.95999,435.29001,428.22,431.040009,4976400.0
2026-04-24,431.34,435.28,430.64999,433.25,5924100.0
2026-04-27,431.66,431.79999,428.51999,429.89001,6105200.0
2026-04-28,420.72,422.51999,418.39999,421.91,7723400.0
2026-04-29,416.73999,419.17001,414.16,417.41,6452600.0
2026-04-30,425.34,425.45999,422.73999,423.66,6732800.0
2026-05-01,421.41,427.92999,421.079987,423.17999,5911500.0
2026-05-04,418.84,420.85999,413.28,414.70999,7285700.0
2026-05-05,420.14999,421.16,417.91,418.26999,4279900.0
2026-05-06,430.14999,433.19,429.60001,430.95999,7013900.0
2026-05-07,435.60999,437.42001,430.25,431.67999,6816200.0
2026-05-08,434.049988,436.20001,431.70001,433.76999,5380800.0
2026-05-11,434.17999,436.040009,432.20999,434.64999,5569100.0
2026-05-12,430.70001,432.98001,425.85001,432.92999,6660900.0
2026-05-13,430.51999,432.48999,428.75,430.5,4180300.0
2026-05-14,430.29999,431.54001,427.10001,427.20999,4021400.0
2026-05-15,417.64001,419.25,414.12,417.29001,9360400.0
2026-05-18,419.82001,420.92999,416.059998,418.42999,5628300.0
2026-05-19,412.45001,414.47,409.88,411.5,5419400.0
2026-05-20,412.14001,417.98999,410.079987,417.39999,6005000.0
2026-05-21,413.14001,418.42001,411.95001,416.98999,4679900.0
2026-05-22,415.17001,415.67999,412.0,413.82001,5528400.0
2026-05-26,415.16,415.98001,411.5,414.0,5098400.0
2026-05-27,404.34,409.25,404.29999,408.48999,6624600.0
2026-05-28,406.48001,414.51001,405.41,412.76999,7184100.0
2026-05-29,415.62,421.82001,415.079987,417.12,7705700.0
2026-06-01,409.85999,412.60999,408.23999,411.26001,6158900.0
2026-06-02,414.079987,414.39999,411.10001,411.95001,3823900.0
2026-06-03,408.38,409.38,406.23001,407.87,5038000.0
2026-06-04,413.37,414.37,409.01001,411.26999,4646500.0
2026-06-05,404.38,404.72,395.92001,396.23999,11473900.0
2026-06-08,397.51999,398.98001,396.029999,397.26999,8057300.0
2026-06-09,397.57001,400.48001,388.75,390.78,9567300.0
2026-06-10,380.75,384.20999,374.54999,374.57999,13956200.0
2026-06-11,373.95999,387.20999,371.88,386.32001,12622500.0
2026-06-12,385.73001,388.76999,383.35001,386.54001,7532600.0
2026-06-15,399.48999,401.0,396.14999,396.54999,10477100.0
2026-06-16,397.82999,398.95999,395.82001,397.63,6004000.0
2026-06-17,397.82001,402.040009,387.079987,388.60001,13343000.0
2026-06-18,391.23999,392.5,385.60001,387.12,7627300.0
2026-06-22,384.25,386.41,382.64001,384.59,7835100.0
2026-06-23,377.72,380.35001,377.17001,377.32001,7389600.0
2026-06-24,364.81,370.89999,363.32001,365.92001,12741700.0
2026-06-25,368.98999,371.040009,366.79999,369.45999,9137100.0
2026-06-26,372.26999,375.85001,371.17999,373.63,5603300.0
2026-06-29,370.57999,371.19,366.97,368.57999,5006300.0
2026-06-30,369.22,372.82999,368.26001,368.38,5302100.0
2026-07-01,371.20999,377.78,370.20999,370.60001,9058300.0
2026-07-02,377.44,380.26999,376.29001,378.13,7592900.0
2026-07-06,380.20999,382.42999,378.82999,382.13,3906500.0
2026-07-07,382.39001,383.60001,375.51999,377.48999,4815400.0
2026-07-08,373.17001,375.47,368.95001,374.45001,7728500.0
2026-07-09,378.51001,379.64999,377.41,378.17999,4754600.0
2026-07-10,375.0,377.54999,373.70001,377.01001,5455400.0
2026-07-13,372.76999,372.89001,365.76999,367.13,7161700.0
2026-07-14,374.53,376.28,370.92001,372.14999,6303400.0
2026-07-15,372.10999,374.48999,369.5,372.35001,7683700.0
2026-07-16,367.45001,368.42999,364.049988,364.95999,9048000.0
2026-07-17,364.10999,369.20999,363.60001,368.41,6456600.0
2026-07-20,367.79001,368.79001,366.79999,367.60001,3922500.0
2026-07-21,371.70001,375.01001,371.070007,374.81,6070600.0
2026-07-22,379.070007,382.22,378.82999,379.12,7115100.0
2026-07-23,372.35999,373.089996,370.53,371.51999,9820600.0
2026-07-24,371.26001,374.48999,371.029999,371.89999,3852400.0
2026-07-27,373.89001,375.53,372.91,374.63,3700000.0
2026-07-28,369.60999,371.23001,367.98001,369.37,4819300.0
2026-07-29,368.29001,377.62,366.53,371.079987,11839900.0
2026-07-30,374.16,377.85999,373.76001,377.16,5968400.0
2026-07-31,370.84,372.01001,368.82001,371.54001,6825900.0
2026-08-03,370.10001,372.040009,368.64001,371.70999,4968900.0
2026-08-04,374.14001,376.69,373.70999,374.16,5723100.0
2026-08-05,384.95999,391.51001,384.32001,389.64001,14758700.0
2026-08-06,389.5,392.12,387.26999,389.67001,10954300.0
2026-08-07,399.60001,400.66,396.95001,398.47,13324500.0
2026-08-10,397.70999,403.23999,395.92999,402.54001,11057000.0
2026-08-11,403.44,404.029999,399.89001,400.95999,7439100.0
2026-08-12,405.31,407.35999,403.22,404.92001,10383100.0
2026-08-13,402.17001,402.57999,398.28,398.95999,8695200.0
2026-08-14,402.17999,403.32999,400.94,401.48001,6749800.0
2026-08-17,402.34,406.23001,402.17999,405.48999,9604100.0
2026-08-18,402.54999,404.32001,397.87,398.54999,10660900.0
2026-08-19,408.81,414.0,407.47,413.84,17480700.0
2026-08-20,410.079987,416.45001,409.82001,415.26001,13900900.0
2026-08-21,420.53,424.89001,419.42001,423.35999,14529000.0
2026-08-24,428.54999,429.42001,424.20001,426.69,18943000.0
2026-08-25,422.78,428.14001,422.32999,428.070007,12450600.0
2026-08-26,423.0,424.95001,420.31,421.32001,9816500.0
2026-08-27,420.82001,423.35001,418.42999,422.60001,7089000.0
2026-08-28,422.23999,424.79001,407.62,408.89001,25044400.0
2026-08-31,407.76001,408.79999,404.89999,408.42001,9490000.0
2026-09-01,398.29001,401.25,396.45001,396.75,13143000.0
2026-09-02,399.70999,403.32999,399.57999,402.78,13714100.0
2026-09-03,410.70999,413.54001,408.54001,410.22,12509500.0
2026-09-04,404.66,408.0,403.95999,406.76999,9813200.0
2026-09-08,403.56,404.28,399.48001,399.72,8992200.0
2026-09-09,406.10999,406.56,401.17999,403.35001,8188400.0
2026-09-10,399.53,401.14999,395.45001,396.35999,10202900.0
2026-09-11,402.53,403.64999,398.14001,398.76999,10963000.0
2026-09-14,391.89001,395.89999,390.95999,392.84,7424200.0
