date,open,high,low,close,volume
2013-01-02,94.07,94.23,93.8,94.23,3975200.0
2013-01-03,94.080002,94.29,93.88,93.94,3950700.0
2013-01-04,93.98,94.080002,93.83,94.0,2968000.0
2013-01-07,94.019997,94.089996,93.83,94.080002,4137300.0
2013-01-08,94.099998,94.12,93.93,94.010002,2179100.0
2013-01-09,94.24,94.24,94.010002,94.19,2183900.0
2013-01-10,94.33,94.38,94.2,94.35,1684300.0
2013-01-11,94.3,94.52,94.21,94.52,1982600.0
2013-01-14,94.45,94.47,94.22,94.39,2182400.0
2013-01-15,94.22,94.42,94.17,94.41,2136000.0
2013-01-16,94.28,94.4,94.17,94.25,3272700.0
2013-01-17,94.42,94.61,94.31,94.59,6058900.0
2013-01-18,94.54,94.72,94.48,94.72,2836800.0
2013-01-22,94.65,94.87,94.54,94.78,2295200.0
2013-01-23,94.71,94.79,94.65,94.67,2227900.0
2013-01-24,94.77,94.93,94.69,94.88,3175400.0
2013-01-25,94.97,94.97,94.78,94.85,2525100.0
2013-01-28,94.77,94.84,94.69,94.8,2331000.0
2013-01-29,94.71,94.75,94.54,94.64,1514300.0
2013-01-30,94.45,94.51,93.89,93.96,6595600.0
2013-01-31,93.93,94.11,93.62,93.67,5963700.0
2013-02-01,93.54,93.76,93.46,93.48,5713000.0
2013-02-04,93.29,93.4,93.010002,93.089996,3878000.0
2013-02-05,93.24,93.4,93.2,93.3,2590900.0
2013-02-06,93.16,93.29,93.059998,93.16,2850500.0
2013-02-07,93.11,93.13,92.81,92.98,4071400.0
2013-02-08,92.92,93.099998,92.91,93.0,3220400.0
2013-02-11,92.89,93.080002,92.86,92.99,3146100.0
2013-02-12,92.92,93.36,92.91,93.31,3490600.0
2013-02-13,93.42,93.48,93.17,93.45,3672200.0
2013-02-14,93.25,93.55,93.25,93.41,2731800.0
2013-02-15,93.46,93.66,93.26,93.42,2483000.0
2013-02-19,93.5,93.59,93.41,93.51,3074300.0
2013-02-20,93.58,93.72,93.4,93.42,3830300.0
2013-02-21,93.42,93.59,93.3,93.52,7185300.0
2013-02-22,93.63,93.75,93.51,93.75,3367000.0
2013-02-25,93.78,93.93,93.45,93.46,5259300.0
2013-02-26,93.64,93.92,93.47,93.92,4075600.0
2013-02-27,93.85,94.15,93.75,94.080002,3681600.0
2013-02-28,94.07,94.13,93.94,94.040001,3822000.0
2013-03-01,93.49,93.99,93.48,93.72,4833200.0
2013-03-04,93.65,93.8,93.61,93.73,2222500.0
2013-03-05,93.79,94.019997,93.79,93.92,3733400.0
2013-03-06,94.029999,94.059998,93.84,93.86,2118000.0
2013-03-07,93.95,94.0,93.9,94.0,2124900.0
2013-03-08,94.17,94.19,93.92,94.11,2464100.0
2013-03-11,94.080002,94.15,94.0,94.050003,2782800.0
2013-03-12,93.99,94.099998,93.96,94.010002,1526200.0
2013-03-13,94.099998,94.17,93.95,94.029999,1431200.0
2013-03-14,94.17,94.39,94.07,94.39,2954100.0
2013-03-15,94.25,94.4,94.2,94.38,2024300.0
2013-03-18,94.0,94.46,94.0,94.4,3000600.0
2013-03-19,94.45,94.53,94.21,94.24,3742800.0
2013-03-20,94.33,94.6,94.32,94.55,2553200.0
2013-03-21,94.37,94.56,94.22,94.38,3532400.0
2013-03-22,94.38,94.46,94.25,94.31,2201500.0
2013-03-25,94.3,94.44,94.15,94.17,2131700.0
2013-03-26,94.39,94.4,94.25,94.34,1169400.0
2013-03-27,94.19,94.29,94.17,94.18,2195100.0
2013-03-28,94.24,94.38,94.16,94.35,1959100.0
2013-04-01,93.83,94.089996,93.65,94.029999,3823000.0
2013-04-02,93.95,94.18,93.92,93.96,2528700.0
2013-04-03,93.99,94.050003,93.78,93.96,2773100.0
2013-04-04,93.92,94.15,93.87,93.93,3040600.0
2013-04-05,93.77,94.019997,93.68,94.019997,2243800.0
2013-04-08,94.07,94.15,93.95,94.12,2346800.0
2013-04-09,94.2,94.42,94.12,94.42,2985400.0
2013-04-10,94.35,94.76,94.35,94.72,2932600.0
2013-04-11,94.75,94.79,94.64,94.72,2676200.0
2013-04-12,94.64,94.81,94.55,94.75,2040900.0
2013-04-15,94.75,94.75,94.13,94.15,3910600.0
2013-04-16,94.41,94.81,94.32,94.8,4138300.0
2013-04-17,94.61,94.67,94.4,94.65,5778600.0
2013-04-18,94.61,94.67,94.46,94.5,2476900.0
2013-04-19,94.6,94.66,94.43,94.45,2474800.0
2013-04-22,94.69,94.89,94.53,94.67,3641900.0
2013-04-23,94.77,95.050003,94.77,95.040001,2217400.0
2013-04-24,95.089996,95.26,95.010002,95.21,3872600.0
2013-04-25,95.22,95.52,95.14,95.47,2453100.0
2013-04-26,95.46,95.48,95.33,95.37,2679000.0
2013-04-29,95.39,95.59,95.38,95.55,1785300.0
2013-04-30,95.63,95.85,95.55,95.85,2953100.0
2013-05-01,95.34,95.56,95.18,95.2,4812400.0
2013-05-02,95.5,95.83,95.37,95.81,3368200.0
2013-05-03,95.97,96.13,95.86,95.96,2407400.0
2013-05-06,95.92,96.059998,95.88,96.019997,1458700.0
2013-05-07,96.12,96.15,95.92,95.95,2590900.0
2013-05-08,96.019997,96.3,96.019997,96.29,3801200.0
2013-05-09,96.2,96.29,96.0,96.010002,1644900.0
2013-05-10,96.050003,96.050003,95.46,95.51,4654400.0
2013-05-13,95.41,95.5,95.11,95.12,2710000.0
2013-05-14,95.2,95.46,95.11,95.22,4473900.0
2013-05-15,95.22,95.34,95.089996,95.23,3179800.0
2013-05-16,95.29,95.64,95.18,95.46,6036800.0
2013-05-17,95.6,95.63,95.34,95.46,4313300.0
2013-05-20,95.46,95.64,95.36,95.56,2086200.0
2013-05-21,95.56,95.78,95.54,95.74,4666500.0
2013-05-22,95.72,95.88,95.099998,95.15,5243800.0
2013-05-23,95.0,95.019997,94.69,94.89,3294400.0
2013-05-24,94.75,94.79,94.67,94.71,3420400.0
2013-05-28,95.029999,95.029999,94.31,94.36,3486700.0
2013-05-29,94.040001,94.26,93.55,93.98,10958100.0
2013-05-30,94.0,94.36,93.69,94.17,5462100.0
2013-05-31,93.97,94.11,92.9,92.92,6809400.0
2013-06-03,92.38,92.52,91.8,92.36,14320900.0
2013-06-04,92.5,93.050003,92.19,92.36,7927000.0
2013-06-05,92.19,92.24,91.44,91.56,10309200.0
2013-06-06,91.4,92.59,91.32,92.28,11849800.0
2013-06-07,92.44,92.97,92.2,92.34,8879800.0
2013-06-10,92.34,92.59,92.080002,92.15,7678000.0
2013-06-11,91.58,92.24,91.29,91.58,9065200.0
2013-06-12,91.93,92.12,91.63,91.65,9193300.0
2013-06-13,91.65,92.82,91.65,92.7,7526400.0
2013-06-14,92.78,92.94,92.55,92.81,3909200.0
2013-06-17,92.93,93.45,92.8,92.8,3830700.0
2013-06-18,92.76,93.11,92.76,93.029999,3609700.0
2013-06-19,92.95,93.27,91.62,91.64,7971700.0
2013-06-20,91.089996,91.58,90.28,90.74,11094000.0
2013-06-21,91.010002,91.11,90.12,90.15,9245400.0
2013-06-24,89.45,90.0,88.27,89.040001,12116100.0
2013-06-25,89.5,90.31,89.5,90.31,6233300.0
2013-06-26,90.7,91.18,90.57,91.059998,5527200.0
2013-06-27,91.4,91.94,91.4,91.5,5578600.0
2013-06-28,91.3,91.32,90.47,90.88,6112000.0
2013-07-01,90.57,90.99,90.5,90.89,5213400.0
2013-07-02,90.79,91.050003,90.35,90.61,3799800.0
2013-07-03,90.29,90.86,90.28,90.82,1679600.0
2013-07-05,90.39,90.44,89.63,89.85,3312600.0
2013-07-08,90.089996,91.089996,90.0,91.089996,5638400.0
2013-07-09,91.099998,91.19,90.87,91.14,6127700.0
2013-07-10,91.18,91.54,91.080002,91.5,6529900.0
2013-07-11,92.18,92.67,92.0,92.65,5865400.0
2013-07-12,92.41,92.67,92.25,92.56,5788300.0
2013-07-15,92.67,93.089996,92.56,92.95,6791500.0
2013-07-16,93.089996,93.089996,92.47,92.72,3292100.0
2013-07-17,93.029999,93.52,93.0,93.4,8660500.0
2013-07-18,93.5,94.0,93.44,93.96,6825000.0
2013-07-19,93.95,93.97,93.77,93.9,2603100.0
2013-07-22,93.93,94.010002,93.75,93.97,3888200.0
2013-07-23,93.89,93.98,93.67,93.74,2483700.0
2013-07-24,93.54,93.64,92.66,92.95,5249800.0
2013-07-25,92.51,92.88,92.44,92.74,5995400.0
2013-07-26,92.48,92.78,92.39,92.78,4213600.0
2013-07-29,92.6,92.73,92.42,92.58,3850100.0
2013-07-30,92.52,92.87,92.52,92.71,4239400.0
2013-07-31,92.49,93.010002,92.28,92.98,4076500.0
2013-08-01,92.42,92.59,91.61,91.65,4616600.0
2013-08-02,91.96,92.26,91.81,92.21,4309400.0
2013-08-05,92.18,92.18,91.7,91.74,2231000.0
2013-08-06,91.93,91.93,91.36,91.65,3398800.0
2013-08-07,91.45,91.54,91.29,91.36,2253300.0
2013-08-08,91.42,91.59,91.38,91.56,2857100.0
2013-08-09,91.43,91.67,91.12,91.57,1765600.0
2013-08-12,91.44,91.72,91.42,91.49,3840800.0
2013-08-13,91.48,91.57,91.3,91.49,2290500.0
2013-08-14,91.43,91.49,91.26,91.31,4605800.0
2013-08-15,91.0,91.089996,90.75,90.84,6446100.0
2013-08-16,90.97,91.099998,90.42,90.53,6922400.0
2013-08-19,90.57,90.63,89.8,89.93,6536300.0
2013-08-20,90.3,90.86,90.28,90.76,4208300.0
2013-08-21,90.67,90.78,90.37,90.43,3098100.0
2013-08-22,90.57,90.92,90.49,90.92,4049900.0
2013-08-23,90.9,91.36,90.85,91.3,3370400.0
2013-08-26,91.32,91.39,91.13,91.31,2365400.0
2013-08-27,91.050003,91.13,90.71,90.72,3578500.0
2013-08-28,90.76,91.089996,90.66,91.059998,3860600.0
2013-08-29,90.91,91.5,90.82,91.43,4012900.0
2013-08-30,91.47,91.59,91.19,91.35,2486900.0
2013-09-03,90.94,91.18,90.31,90.39,9986800.0
2013-09-04,90.53,90.84,90.51,90.73,3507400.0
2013-09-05,90.57,90.65,90.27,90.27,3622300.0
2013-09-06,90.79,91.099998,90.42,90.57,4713800.0
2013-09-09,90.73,91.0,90.71,90.8,4227400.0
2013-09-10,90.88,91.13,90.87,91.12,5287100.0
2013-09-11,90.99,91.26,90.9,91.24,3514200.0
2013-09-12,91.19,91.31,91.099998,91.13,3594500.0
2013-09-13,91.24,91.32,90.98,91.059998,2789300.0
2013-09-16,91.71,91.81,91.45,91.56,4331300.0
2013-09-17,91.67,91.98,91.61,91.86,5978600.0
2013-09-18,91.84,92.88,91.71,92.74,7476300.0
2013-09-19,92.99,92.99,92.4,92.47,5821100.0
2013-09-20,92.44,92.49,92.28,92.36,4033900.0
2013-09-23,92.35,92.46,92.22,92.35,6564600.0
2013-09-24,92.27,92.41,92.059998,92.15,7947700.0
2013-09-25,92.14,92.26,91.95,91.99,3535700.0
2013-09-26,92.11,92.13,91.77,91.94,4751200.0
2013-09-27,91.87,91.94,91.61,91.84,6779700.0
2013-09-30,91.59,91.95,91.5,91.58,6248900.0
2013-10-01,91.16,91.55,91.059998,91.53,5743900.0
2013-10-02,91.46,91.57,91.25,91.57,2765700.0
2013-10-03,91.65,91.69,91.43,91.63,3169700.0
2013-10-04,91.6,91.87,91.54,91.79,2048300.0
2013-10-07,91.46,91.76,91.46,91.55,2391700.0
2013-10-08,91.75,91.86,91.49,91.51,2944700.0
2013-10-09,91.78,91.78,91.51,91.59,2973700.0
2013-10-10,91.82,92.099998,91.82,92.010002,2899500.0
2013-10-11,92.16,92.24,92.010002,92.18,3293900.0
2013-10-14,92.0,92.41,92.0,92.32,1003900.0
2013-10-15,92.4,92.4,92.050003,92.29,2310100.0
2013-10-16,92.33,92.79,92.32,92.78,6949700.0
2013-10-17,92.75,93.25,92.73,93.23,7277900.0
2013-10-18,93.28,93.5,93.25,93.42,2873800.0
2013-10-21,93.45,93.46,93.21,93.21,2471400.0
2013-10-22,93.38,93.61,93.36,93.49,5488400.0
2013-10-23,93.57,93.59,93.32,93.57,2434200.0
2013-10-24,93.6,93.69,93.46,93.6,2284400.0
2013-10-25,93.64,93.7,93.55,93.63,2026000.0
2013-10-28,93.65,93.7,93.58,93.61,1697900.0
2013-10-29,93.59,93.79,93.57,93.76,1864600.0
2013-10-30,93.76,93.83,93.31,93.38,3691100.0
2013-10-31,93.44,93.54,93.22,93.43,5846500.0
2013-11-01,93.0,93.26,92.8,92.82,7882000.0
2013-11-04,93.080002,93.080002,92.93,92.98,2025500.0
2013-11-05,92.92,92.92,92.73,92.73,2770300.0
2013-11-06,92.89,93.010002,92.82,93.0,4936700.0
2013-11-07,93.099998,93.14,92.92,93.059998,4802700.0
2013-11-08,92.69,92.96,92.66,92.9,4191100.0
2013-11-11,92.94,92.94,92.53,92.55,1607600.0
2013-11-12,92.56,92.59,92.37,92.42,2148900.0
2013-11-13,92.37,92.78,92.32,92.77,2795100.0
2013-11-14,92.75,93.050003,92.65,93.040001,4216800.0
2013-11-15,93.059998,93.18,92.96,93.18,2990600.0
2013-11-18,93.23,93.25,92.83,92.91,3694600.0
2013-11-19,92.88,93.010002,92.79,92.87,1415800.0
2013-11-20,92.83,93.07,92.67,92.78,2470600.0
2013-11-21,92.83,93.099998,92.76,93.099998,1895800.0
2013-11-22,93.059998,93.2,92.99,93.17,1649200.0
2013-11-25,93.2,93.34,93.059998,93.31,2813900.0
2013-11-26,93.22,93.43,93.15,93.38,2835300.0
2013-11-27,93.64,93.64,93.3,93.32,1845300.0
2013-11-29,93.33,93.45,93.31,93.42,958700.0
2013-12-02,92.89,93.029999,92.85,93.0,5748100.0
2013-12-03,92.86,93.0,92.76,92.91,2710300.0
2013-12-04,92.75,92.87,92.54,92.67,3076100.0
2013-12-05,92.67,92.76,92.54,92.6,5354700.0
2013-12-06,92.83,92.98,92.65,92.86,2487900.0
2013-12-09,93.050003,93.25,92.9,93.2,4313000.0
2013-12-10,93.2,93.24,93.089996,93.2,1473200.0
2013-12-11,93.2,93.2,92.79,92.92,3586600.0
2013-12-12,92.93,93.010002,92.75,92.75,4268800.0
2013-12-13,92.86,92.97,92.79,92.9,3523200.0
2013-12-16,92.87,93.040001,92.87,92.98,3108500.0
2013-12-17,93.080002,93.080002,92.88,92.99,2799900.0
2013-12-18,93.0,93.28,92.75,93.15,4893500.0
2013-12-19,93.0,93.089996,92.91,93.050003,5775500.0
2013-12-20,93.050003,93.11,92.93,93.11,12743900.0
2013-12-23,93.089996,93.33,93.010002,93.18,5525100.0
2013-12-24,93.099998,93.21,93.099998,93.13,1281600.0
2013-12-26,92.61,92.77,92.61,92.75,1577400.0
2013-12-27,92.78,92.78,92.65,92.74,1357300.0
2013-12-30,92.77,92.87,92.67,92.82,1888600.0
2013-12-31,92.85,92.96,92.77,92.88,2413400.0
2014-01-02,92.86,93.050003,92.71,93.040001,7412500.0
2014-01-03,92.99,93.11,92.94,93.010002,1903300.0
2014-01-06,93.15,93.23,93.059998,93.21,2622700.0
2014-01-07,93.23,93.31,93.16,93.21,3953000.0
2014-01-08,93.21,93.29,93.12,93.15,4540500.0
2014-01-09,93.25,93.3,93.19,93.29,3036600.0
2014-01-10,93.41,93.57,93.35,93.57,2423900.0
2014-01-13,93.55,93.61,93.41,93.47,4716600.0
2014-01-14,93.48,93.68,93.48,93.61,2636100.0
2014-01-15,93.7,93.8,93.61,93.8,1797400.0
2014-01-16,93.79,93.83,93.73,93.76,1269800.0
2014-01-17,93.83,93.89,93.72,93.78,2192300.0
2014-01-21,93.9,93.95,93.82,93.9,2056000.0
2014-01-22,93.93,93.94,93.73,93.76,3235400.0
2014-01-23,93.78,93.81,93.58,93.64,4989500.0
2014-01-24,93.46,93.47,92.99,93.019997,7575400.0
2014-01-27,93.15,93.22,92.95,92.99,5482900.0
2014-01-28,93.11,93.48,93.040001,93.4,5393600.0
2014-01-29,93.25,93.26,93.099998,93.12,5781700.0
2014-01-30,93.3,93.43,93.21,93.28,3940200.0
2014-01-31,93.13,93.37,93.12,93.25,7756900.0
2014-02-03,93.019997,93.019997,92.3,92.51,16150600.0
2014-02-04,92.75,92.8,92.58,92.62,5246900.0
2014-02-05,92.62,92.7,92.53,92.62,3893000.0
2014-02-06,92.78,92.97,92.66,92.95,3426100.0
2014-02-07,93.059998,93.42,93.059998,93.42,5193300.0
2014-02-10,93.42,93.54,93.31,93.48,5199700.0
2014-02-11,93.53,93.75,93.44,93.64,3950800.0
2014-02-12,93.67,93.72,93.46,93.49,2432100.0
2014-02-13,93.44,93.78,93.44,93.76,3078400.0
2014-02-14,93.7,93.95,93.69,93.91,2158700.0
2014-02-18,93.82,94.089996,93.82,94.040001,3734700.0
2014-02-19,94.11,94.19,93.78,93.8,7273600.0
2014-02-20,93.89,94.089996,93.87,94.089996,3756900.0
2014-02-21,94.099998,94.23,94.099998,94.17,2574600.0
2014-02-24,94.25,94.44,94.25,94.38,3531600.0
2014-02-25,94.4,94.52,94.38,94.49,2979500.0
2014-02-26,94.57,94.65,94.5,94.65,2722100.0
2014-02-27,94.65,94.84,94.65,94.83,4377300.0
2014-02-28,94.82,95.019997,94.72,94.93,3919300.0
2014-03-03,94.37,94.5,94.11,94.38,9488700.0
2014-03-04,94.61,94.75,94.48,94.72,9313600.0
2014-03-05,94.69,94.7,94.5,94.55,4531600.0
2014-03-06,94.63,94.67,94.37,94.41,4075500.0
2014-03-07,94.31,94.38,94.010002,94.050003,4552000.0
2014-03-10,94.040001,94.089996,93.92,94.059998,1908200.0
2014-03-11,94.14,94.16,93.94,93.96,1618500.0
2014-03-12,93.98,94.14,93.97,94.12,2595000.0
2014-03-13,94.18,94.18,93.83,93.87,4829700.0
2014-03-14,93.89,94.010002,93.74,93.8,4088200.0
2014-03-17,93.91,94.010002,93.85,93.93,2943100.0
2014-03-18,94.029999,94.23,93.93,94.21,2903500.0
2014-03-19,94.19,94.29,93.54,93.73,9983600.0
2014-03-20,93.9,94.07,93.67,94.050003,4872300.0
2014-03-21,94.010002,94.16,93.96,93.99,6106500.0
2014-03-24,94.2,94.2,93.96,94.019997,5986100.0
2014-03-25,94.089996,94.29,94.089996,94.21,3468800.0
2014-03-26,94.35,94.35,94.16,94.23,3887200.0
2014-03-27,94.17,94.24,94.07,94.089996,2255400.0
2014-03-28,94.23,94.35,94.17,94.25,2732600.0
2014-03-31,94.45,94.49,94.34,94.39,2641400.0
2014-04-01,94.050003,94.12,93.97,94.12,4514900.0
2014-04-02,94.14,94.14,93.98,94.019997,2285900.0
2014-04-03,94.099998,94.15,94.040001,94.059998,2812400.0
2014-04-04,94.18,94.36,94.15,94.28,4555000.0
2014-04-07,94.27,94.3,94.07,94.080002,1520900.0
2014-04-08,94.15,94.3,94.080002,94.3,2804400.0
2014-04-09,94.3,94.46,94.2,94.45,4383400.0
2014-04-10,94.5,94.5,94.18,94.18,3226900.0
2014-04-11,94.22,94.22,93.77,93.78,7228500.0
2014-04-14,93.84,94.14,93.84,94.080002,3355800.0
2014-04-15,94.22,94.22,94.0,94.18,3104900.0
2014-04-16,94.22,94.25,94.099998,94.23,3450100.0
2014-04-17,94.18,94.25,94.099998,94.12,2443800.0
2014-04-21,94.24,94.28,94.099998,94.12,1682200.0
2014-04-22,94.25,94.27,94.12,94.22,2442800.0
2014-04-23,94.24,94.44,94.2,94.25,1591300.0
2014-04-24,94.25,94.4,94.15,94.27,1021700.0
2014-04-25,94.31,94.32,94.16,94.24,1195400.0
2014-04-28,94.26,94.3,94.13,94.22,1903900.0
2014-04-29,94.36,94.38,94.19,94.36,1775300.0
2014-04-30,94.36,94.42,94.2,94.34,4393100.0
2014-05-01,94.010002,94.050003,93.82,93.82,7322200.0
2014-05-02,94.040001,94.040001,93.83,94.040001,2146000.0
2014-05-05,93.77,94.080002,93.75,94.0,3541300.0
2014-05-06,94.15,94.15,93.98,94.019997,2567800.0
2014-05-07,94.089996,94.26,94.050003,94.16,1578600.0
2014-05-08,94.27,94.31,94.089996,94.14,4522400.0
2014-05-09,94.16,94.3,94.14,94.23,1736600.0
2014-05-12,94.38,94.38,94.22,94.33,1123000.0
2014-05-13,94.27,94.62,94.25,94.48,1933600.0
2014-05-14,94.4,94.59,94.39,94.53,1721400.0
2014-05-15,94.6,94.6,94.34,94.44,4240700.0
2014-05-16,94.5,94.65,94.38,94.63,3185000.0
2014-05-19,94.6,94.85,94.51,94.77,7351000.0
2014-05-20,94.77,94.78,94.64,94.65,4217800.0
2014-05-21,94.73,94.77,94.5,94.64,2925900.0
2014-05-22,94.66,94.73,94.59,94.71,1950900.0
2014-05-23,94.66,94.84,94.66,94.74,2289100.0
2014-05-27,94.77,94.85,94.72,94.83,4384700.0
2014-05-28,94.85,94.9,94.81,94.86,3904400.0
2014-05-29,94.9,95.0,94.84,94.95,4734800.0
2014-05-30,94.98,95.07,94.93,95.050003,4445800.0
2014-06-02,94.75,94.75,94.31,94.32,5722500.0
2014-06-03,94.41,94.43,94.31,94.33,2978300.0
2014-06-04,94.31,94.4,94.26,94.33,2527200.0
2014-06-05,94.42,94.59,94.33,94.56,2034100.0
2014-06-06,94.6,94.91,94.59,94.83,3059100.0
2014-06-09,94.97,94.98,94.78,94.94,2906800.0
2014-06-10,94.76,95.0,94.76,94.89,2091000.0
2014-06-11,94.88,94.92,94.78,94.9,1699500.0
2014-06-12,94.81,94.93,94.81,94.84,1354000.0
2014-06-13,94.98,94.98,94.83,94.95,1276500.0
2014-06-16,94.92,95.0,94.89,94.9,1869500.0
2014-06-17,94.89,95.0,94.78,94.83,7251700.0
2014-06-18,94.84,95.31,94.84,95.26,4284800.0
2014-06-19,95.27,95.31,95.15,95.24,2882500.0
2014-06-20,95.26,95.4,95.24,95.33,2372300.0
2014-06-23,95.34,95.43,95.29,95.32,1551000.0
2014-06-24,95.27,95.41,95.24,95.24,1839300.0
2014-06-25,95.3,95.4,95.25,95.38,2385000.0
2014-06-26,95.34,95.39,95.2,95.28,1806400.0
2014-06-27,95.31,95.33,95.19,95.28,1702700.0
2014-06-30,95.11,95.32,95.11,95.2,2647600.0
2014-07-01,94.93,95.029999,94.78,94.81,3472700.0
2014-07-02,94.87,95.0,94.81,94.87,2819400.0
2014-07-03,94.86,94.91,94.7,94.73,2776100.0
2014-07-07,94.7,94.8,94.65,94.66,1941300.0
2014-07-08,94.74,94.78,94.66,94.68,2035300.0
2014-07-09,94.75,94.8,94.58,94.61,3945400.0
2014-07-10,94.54,94.54,94.29,94.32,6011600.0
2014-07-11,94.33,94.53,94.33,94.48,2071400.0
2014-07-14,94.8,94.8,94.44,94.45,2632700.0
2014-07-15,94.46,94.51,94.29,94.3,2888400.0
2014-07-16,94.41,94.41,94.13,94.15,4264900.0
2014-07-17,94.11,94.14,93.48,93.49,5767800.0
2014-07-18,93.77,93.98,93.65,93.88,1994800.0
2014-07-21,93.85,93.88,93.63,93.72,3111700.0
2014-07-22,93.77,94.0,93.76,93.85,3707100.0
2014-07-23,93.96,94.080002,93.93,94.029999,1995900.0
2014-07-24,94.07,94.29,93.99,94.2,3089100.0
2014-07-25,94.18,94.23,94.010002,94.040001,3072300.0
2014-07-28,94.010002,94.040001,93.74,93.76,5355100.0
2014-07-29,93.82,94.0,93.61,93.63,3877100.0
2014-07-30,93.73,93.77,93.099998,93.24,5415100.0
2014-07-31,92.83,92.97,92.44,92.48,7460000.0
2014-08-01,92.059998,92.35,91.32,92.040001,10942000.0
2014-08-04,92.059998,92.63,92.029999,92.6,7020400.0
2014-08-05,92.61,92.63,92.28,92.42,3612500.0
2014-08-06,92.38,92.73,92.35,92.64,4167700.0
2014-08-07,92.69,92.95,92.67,92.7,3833900.0
2014-08-08,92.5,93.059998,92.5,92.99,3426300.0
2014-08-11,93.12,93.49,92.99,93.43,6908300.0
2014-08-12,93.47,93.56,93.32,93.41,4231700.0
2014-08-13,93.65,93.7,93.46,93.68,4960200.0
2014-08-14,93.72,93.96,93.71,93.86,4246600.0
2014-08-15,94.019997,94.11,93.87,94.050003,6051300.0
2014-08-18,94.07,94.34,94.010002,94.32,5112800.0
2014-08-19,94.37,94.38,94.24,94.29,2747200.0
2014-08-20,94.32,94.48,94.17,94.36,2470000.0
2014-08-21,94.36,94.46,94.34,94.36,1869100.0
2014-08-22,94.35,94.41,94.089996,94.13,3065500.0
2014-08-25,94.26,94.38,94.080002,94.33,1958000.0
2014-08-26,94.33,94.47,94.31,94.4,1562400.0
2014-08-27,94.47,94.48,94.3,94.31,3685200.0
2014-08-28,94.28,94.39,94.13,94.17,1815400.0
2014-08-29,94.24,94.28,94.12,94.24,2046000.0
2014-09-02,93.77,93.98,93.75,93.92,4484800.0
2014-09-03,93.92,93.92,93.67,93.68,3200200.0
2014-09-04,93.73,93.77,93.26,93.37,4754500.0
2014-09-05,93.38,93.45,93.25,93.26,4752700.0
2014-09-08,93.24,93.35,93.080002,93.17,2549200.0
2014-09-09,93.14,93.14,92.71,92.74,4647900.0
2014-09-10,92.75,92.82,92.55,92.78,3290600.0
2014-09-11,92.68,92.84,92.58,92.78,2822400.0
2014-09-12,92.7,92.8,92.52,92.67,5372500.0
2014-09-15,92.75,92.76,92.47,92.5,3592400.0
2014-09-16,92.45,92.86,92.43,92.69,5132200.0
2014-09-17,92.87,93.089996,92.76,92.99,4399300.0
2014-09-18,92.98,93.080002,92.91,93.019997,3640300.0
2014-09-19,93.099998,93.19,93.019997,93.16,6000600.0
2014-09-22,93.16,93.24,92.91,92.99,4355300.0
2014-09-23,92.79,92.92,92.44,92.52,3573100.0
2014-09-24,92.5,92.5,92.059998,92.24,6342700.0
2014-09-25,92.099998,92.099998,91.5,91.61,7348000.0
2014-09-26,91.22,91.73,90.95,91.55,11842500.0
2014-09-29,91.040001,91.37,90.89,91.36,6289400.0
2014-09-30,91.64,92.029999,91.55,91.95,6905400.0
2014-10-01,91.75,91.9,91.52,91.66,9996600.0
2014-10-02,91.62,91.88,91.4,91.84,6197300.0
2014-10-03,92.099998,92.43,91.97,92.15,6371600.0
2014-10-06,92.3,92.44,92.14,92.25,4213800.0
2014-10-07,92.13,92.21,91.81,91.9,4994200.0
2014-10-08,91.88,92.38,91.73,92.34,7589400.0
2014-10-09,92.15,92.23,91.27,91.36,7177500.0
2014-10-10,91.18,91.31,90.51,90.62,14239800.0
2014-10-13,90.55,90.96,90.15,90.17,7908500.0
2014-10-14,90.5,90.77,90.22,90.47,11695300.0
2014-10-15,90.21,90.49,89.21,90.49,11711300.0
2014-10-16,89.99,91.099998,89.85,91.0,12623100.0
2014-10-17,91.74,92.24,91.4,91.77,13575900.0
2014-10-20,91.83,92.5,91.73,92.43,7331400.0
2014-10-21,92.62,93.2,92.62,93.18,7453700.0
2014-10-22,93.16,93.2,92.45,92.57,8363900.0
2014-10-23,92.87,94.92,92.51,92.53,9482300.0
2014-10-24,92.45,92.92,92.45,92.79,5764300.0
2014-10-27,92.73,92.75,92.34,92.41,4911400.0
2014-10-28,92.54,92.71,92.38,92.56,6024200.0
2014-10-29,92.63,92.68,92.21,92.49,5320700.0
2014-10-30,92.5,94.95,92.39,92.45,3341700.0
2014-10-31,92.81,92.81,92.5,92.53,5065400.0
2014-11-03,92.22,92.51,92.18,92.32,4936200.0
2014-11-04,92.29,92.29,91.96,92.029999,5886200.0
2014-11-05,92.16,92.18,91.91,92.010002,4399300.0
2014-11-06,92.080002,92.27,92.07,92.25,3747700.0
2014-11-07,92.25,92.38,92.14,92.34,3456300.0
2014-11-10,92.31,92.42,92.29,92.38,2680400.0
2014-11-11,92.38,92.62,92.25,92.59,2730700.0
2014-11-12,92.48,92.51,92.26,92.29,3218900.0
2014-11-13,92.38,92.38,91.8,91.91,5081300.0
2014-11-14,91.81,91.94,91.41,91.45,7868000.0
2014-11-17,91.52,91.67,91.35,91.44,5213700.0
2014-11-18,91.41,91.56,91.25,91.26,5227200.0
2014-11-19,91.099998,91.26,90.86,91.24,7733300.0
2014-11-20,91.0,91.3,90.92,91.25,3274300.0
2014-11-21,91.62,92.010002,91.53,91.75,7983000.0
2014-11-24,91.87,91.94,91.63,91.74,4569100.0
2014-11-25,91.7,91.95,91.66,91.89,4878500.0
2014-11-26,91.95,92.13,91.9,92.010002,3055800.0
2014-11-28,91.59,91.65,91.040001,91.13,5290500.0
2014-12-01,90.67,90.67,89.74,89.8,12432400.0
2014-12-02,90.050003,90.32,89.87,90.29,6821200.0
2014-12-03,90.32,90.51,90.2,90.44,7627000.0
2014-12-04,90.36,90.5,90.3,90.38,4581600.0
2014-12-05,90.26,90.39,90.040001,90.31,5237400.0
2014-12-08,90.13,90.2,89.7,89.85,6770800.0
2014-12-09,89.31,89.88,89.23,89.8,9702100.0
2014-12-10,89.37,89.5,88.42,88.77,15409400.0
2014-12-11,88.62,88.91,87.92,88.45,12053000.0
2014-12-12,87.8,87.94,87.099998,87.25,11563300.0
2014-12-15,87.44,87.6,86.46,87.2,14114000.0
2014-12-16,86.44,87.66,86.12,86.89,14875500.0
2014-12-17,86.96,88.98,86.89,88.66,16864000.0
2014-12-18,90.0,90.31,88.72,89.37,16638700.0
2014-12-19,89.62,90.31,89.52,90.23,9952800.0
2014-12-22,90.15,90.3,89.7,90.010002,6622400.0
2014-12-23,90.24,90.41,89.95,90.33,5314400.0
2014-12-24,89.98,90.3,89.92,90.25,2285700.0
2014-12-26,90.35,90.5,89.9,89.97,1815500.0
2014-12-29,90.019997,90.24,89.73,90.019997,4717100.0
2014-12-30,89.77,89.96,89.66,89.84,3624300.0
2014-12-31,89.88,90.0,89.44,89.6,4185400.0
2015-01-02,89.69,89.93,89.49,89.6,3271900.0
2015-01-05,89.099998,89.24,88.65,88.77,7523100.0
2015-01-06,88.6,88.96,88.34,88.43,9489700.0
2015-01-07,89.12,89.28,88.87,88.98,8353100.0
2015-01-08,89.31,89.83,88.98,89.65,8388600.0
2015-01-09,89.72,90.14,89.37,90.099998,6766700.0
2015-01-12,90.17,90.17,89.64,89.99,8698500.0
2015-01-13,90.0,90.23,89.54,89.99,7738700.0
2015-01-14,89.51,89.84,89.35,89.78,7415500.0
2015-01-15,89.98,89.98,89.21,89.23,7061300.0
2015-01-16,89.34,89.7,89.33,89.57,7685500.0
2015-01-20,89.84,89.84,89.26,89.41,5915300.0
2015-01-21,89.36,89.91,89.3,89.89,6110700.0
2015-01-22,90.019997,90.17,89.78,90.010002,6940100.0
2015-01-23,90.010002,90.14,89.93,90.010002,5134500.0
2015-01-26,90.07,90.49,89.93,90.42,8252300.0
2015-01-27,90.080002,90.43,90.010002,90.35,8771100.0
2015-01-28,90.41,90.5,90.010002,90.16,5622400.0
2015-01-29,90.34,90.52,90.15,90.48,4923200.0
2015-01-30,90.38,90.48,90.19,90.23,6383000.0
2015-02-02,90.029999,90.21,89.88,90.21,4120600.0
2015-02-03,90.38,90.83,90.3,90.72,11682400.0
2015-02-04,90.64,90.64,90.3,90.34,8333900.0
2015-02-05,90.55,90.88,90.4,90.87,10172500.0
2015-02-06,91.07,91.080002,90.78,90.94,6076700.0
2015-02-09,90.88,90.99,90.7,90.72,4672800.0
2015-02-10,90.9,91.029999,90.89,91.029999,6846600.0
2015-02-11,90.98,91.029999,90.83,91.0,5688000.0
2015-02-12,91.14,91.14,90.94,90.99,3185400.0
2015-02-13,91.010002,91.19,90.94,91.12,4676600.0
2015-02-17,91.24,91.28,91.029999,91.059998,6624200.0
2015-02-18,91.15,91.39,91.040001,91.37,4744400.0
2015-02-19,91.27,91.32,91.14,91.16,2964800.0
2015-02-20,91.15,91.42,91.080002,91.41,5470600.0
2015-02-23,91.45,91.48,91.27,91.48,4165700.0
2015-02-24,91.46,91.6,91.39,91.57,3689300.0
2015-02-25,91.63,91.9,91.57,91.87,9048500.0
2015-02-26,91.84,91.97,91.74,91.85,7928200.0
2015-02-27,91.9,91.95,91.81,91.87,4521800.0
2015-03-02,91.56,91.6,91.3,91.46,6933000.0
2015-03-03,91.32,91.4,91.12,91.2,10032000.0
2015-03-04,91.050003,91.16,90.98,91.029999,7832800.0
2015-03-05,91.17,91.2,91.040001,91.2,6412500.0
2015-03-06,90.95,90.97,90.53,90.62,9271900.0
2015-03-09,90.73,90.74,90.38,90.43,9607500.0
2015-03-10,90.28,90.34,89.9,90.080002,12447300.0
2015-03-11,90.35,90.46,90.07,90.33,9214800.0
2015-03-12,90.6,90.64,90.36,90.51,4469900.0
2015-03-13,90.36,90.4,89.97,90.2,6184500.0
2015-03-16,90.27,90.34,90.050003,90.11,4772600.0
2015-03-17,89.88,90.019997,89.49,89.66,13059600.0
2015-03-18,89.66,90.47,89.49,90.46,11633900.0
2015-03-19,90.17,90.36,89.68,89.74,9226000.0
2015-03-20,90.099998,90.48,89.97,90.44,9127300.0
2015-03-23,90.43,90.54,90.31,90.51,5459200.0
2015-03-24,90.48,90.72,90.45,90.65,6767200.0
2015-03-25,90.71,90.83,90.4,90.41,5364600.0
2015-03-26,90.51,90.53,90.23,90.4,4876400.0
2015-03-27,90.39,90.56,90.35,90.47,3822000.0
2015-03-30,90.51,90.79,90.5,90.72,4197700.0
2015-03-31,90.69,90.84,90.56,90.61,4498400.0
2015-04-01,90.35,90.43,90.099998,90.39,9298200.0
2015-04-02,90.46,90.59,90.35,90.46,4774400.0
2015-04-06,90.38,90.81,90.38,90.69,5020700.0
2015-04-07,90.77,91.2,90.69,91.17,8659800.0
2015-04-08,91.21,91.3,91.010002,91.15,7151900.0
2015-04-09,91.19,91.26,91.0,91.059998,3415700.0
2015-04-10,91.050003,91.28,91.050003,91.27,3012700.0
2015-04-13,91.27,91.32,91.080002,91.099998,2866600.0
2015-04-14,91.13,91.2,90.93,91.14,2830000.0
2015-04-15,91.24,91.56,91.21,91.5,4438300.0
2015-04-16,91.44,91.44,91.27,91.31,5285400.0
2015-04-17,91.24,91.24,91.0,91.029999,3901300.0
2015-04-20,91.24,91.38,91.11,91.23,3641000.0
2015-04-21,91.48,91.48,91.24,91.29,3730700.0
2015-04-22,91.43,91.44,91.18,91.2,4031100.0
2015-04-23,91.26,91.36,91.080002,91.17,4755200.0
2015-04-24,91.19,91.34,91.19,91.32,4221400.0
2015-04-27,91.45,91.49,91.27,91.35,5049600.0
2015-04-28,91.28,91.31,91.17,91.21,4697400.0
2015-04-29,91.0,91.2,90.92,91.040001,8152700.0
2015-04-30,91.0,91.080002,90.81,90.99,11463800.0
2015-05-01,90.66,90.81,90.61,90.79,8053700.0
2015-05-04,90.95,90.97,90.65,90.77,6683700.0
2015-05-05,90.69,90.78,90.49,90.65,12736900.0
2015-05-06,90.65,90.69,90.32,90.38,13677500.0
2015-05-07,90.3,90.58,90.27,90.37,8676400.0
2015-05-08,90.86,91.080002,90.8,91.080002,10319600.0
2015-05-11,91.010002,91.059998,90.48,90.51,5499200.0
2015-05-12,90.36,90.73,90.29,90.5,6569200.0
2015-05-13,90.62,90.77,90.33,90.37,4349000.0
2015-05-14,90.59,90.87,90.59,90.81,5147100.0
2015-05-15,90.9,91.080002,90.81,91.010002,8939400.0
2015-05-18,91.0,91.0,90.75,90.86,2843700.0
2015-05-19,90.88,90.88,90.64,90.72,4743200.0
2015-05-20,90.73,90.86,90.61,90.61,2841700.0
2015-05-21,90.6,90.83,90.6,90.74,3709300.0
2015-05-22,90.73,90.85,90.69,90.81,3716900.0
2015-05-26,90.67,90.79,90.61,90.62,3951500.0
2015-05-27,90.78,90.9,90.68,90.82,3737800.0
2015-05-28,90.81,90.83,90.69,90.78,5440700.0
2015-05-29,90.76,90.97,90.76,90.91,4764000.0
2015-06-01,90.65,90.77,90.46,90.66,9372600.0
2015-06-02,90.75,90.75,90.34,90.49,5203700.0
2015-06-03,90.39,90.45,89.94,90.0,9532700.0
2015-06-04,89.93,90.010002,89.71,89.71,11381700.0
2015-06-05,89.49,89.63,89.33,89.44,7747600.0
2015-06-08,89.52,89.61,89.34,89.44,6487800.0
2015-06-09,89.42,89.44,89.17,89.29,11416200.0
2015-06-10,89.31,89.48,89.26,89.41,5187500.0
2015-06-11,89.47,89.6,89.38,89.59,5202100.0
2015-06-12,89.42,89.52,89.24,89.26,5713500.0
2015-06-15,89.07,89.22,88.81,88.84,12726200.0
2015-06-16,88.81,89.34,88.81,89.34,5249800.0
2015-06-17,89.2,89.4,88.94,89.26,5660400.0
2015-06-18,89.29,89.69,89.29,89.59,6869900.0
2015-06-19,89.76,89.76,89.46,89.64,12585700.0
2015-06-22,89.89,89.99,89.64,89.82,5035400.0
2015-06-23,89.77,89.8,89.64,89.76,3474800.0
2015-06-24,89.7,89.79,89.52,89.52,2636900.0
2015-06-25,89.57,89.64,89.25,89.25,5176700.0
2015-06-26,89.25,89.32,88.95,88.99,6683200.0
2015-06-29,88.65,88.8,88.37,88.38,10156900.0
2015-06-30,88.76,88.86,88.58,88.8,4912700.0
2015-07-01,88.81,88.81,88.36,88.42,13614700.0
2015-07-02,88.65,88.85,88.52,88.75,5586300.0
2015-07-06,88.58,88.75,88.41,88.46,4719100.0
2015-07-07,88.33,88.63,88.13,88.53,8406300.0
2015-07-08,88.17,88.42,88.059998,88.089996,5744800.0
2015-07-09,88.45,88.73,88.29,88.29,6291000.0
2015-07-10,88.59,88.87,88.56,88.8,7097900.0
2015-07-13,88.91,88.94,88.72,88.88,6119200.0
2015-07-14,88.74,88.83,88.64,88.79,6354100.0
2015-07-15,88.78,88.9,88.65,88.79,5983300.0
2015-07-16,88.89,89.029999,88.88,88.93,7523600.0
2015-07-17,88.99,88.99,88.6,88.69,7788400.0
2015-07-20,88.65,88.66,88.27,88.28,6740400.0
2015-07-21,88.21,88.32,88.11,88.12,4904800.0
2015-07-22,87.87,87.93,87.52,87.55,10578500.0
2015-07-23,87.52,87.71,87.5,87.5,4918400.0
2015-07-24,87.5,87.55,87.2,87.25,4702900.0
2015-07-27,87.010002,87.27,86.81,86.88,11061700.0
2015-07-28,86.97,87.45,86.93,87.35,10471000.0
2015-07-29,87.35,87.93,87.35,87.86,8839500.0
2015-07-30,87.81,88.17,87.81,88.12,6127600.0
2015-07-31,88.010002,88.24,87.94,87.97,5936500.0
2015-08-03,87.59,87.6,87.37,87.41,5416900.0
2015-08-04,87.5,87.63,87.44,87.46,3691400.0
2015-08-05,87.64,87.73,87.33,87.34,7778300.0
2015-08-06,87.23,87.33,86.96,86.98,10794800.0
2015-08-07,86.85,86.89,86.68,86.71,5483500.0
2015-08-10,86.77,86.97,86.73,86.96,3234500.0
2015-08-11,86.63,86.7,86.46,86.56,4598600.0
2015-08-12,86.26,86.48,86.040001,86.44,6371900.0
2015-08-13,86.37,86.44,86.28,86.33,7422100.0
2015-08-14,86.29,86.51,86.28,86.38,3437900.0
2015-08-17,86.29,86.51,86.2,86.38,4153600.0
2015-08-18,86.27,86.4,86.18,86.27,5471300.0
2015-08-19,86.21,86.45,86.019997,86.19,7208500.0
2015-08-20,85.9,85.97,85.65,85.77,11099100.0
2015-08-21,85.53,85.75,85.37,85.46,13158600.0
2015-08-24,83.81,85.38,83.43,84.76,19116200.0
2015-08-25,85.56,85.69,84.91,84.93,18194700.0
2015-08-26,85.26,85.8,85.19,85.64,10654800.0
2015-08-27,85.86,86.45,85.86,86.28,12772100.0
2015-08-28,86.22,86.5,86.059998,86.36,9100000.0
2015-08-31,86.24,86.3,85.73,86.24,5408800.0
2015-09-01,85.7,85.77,85.44,85.58,4739100.0
2015-09-02,85.93,85.96,85.68,85.93,5259700.0
2015-09-03,86.0,86.23,85.86,86.050003,8779000.0
2015-09-04,85.86,86.07,85.85,85.96,4671000.0
2015-09-08,86.35,86.44,86.24,86.43,5450300.0
2015-09-09,86.6,86.62,86.24,86.32,4914800.0
2015-09-10,86.28,86.6,86.28,86.53,4744100.0
2015-09-11,86.15,86.55,86.11,86.5,4834900.0
2015-09-14,86.36,86.44,86.22,86.35,4383100.0
2015-09-15,86.25,86.41,86.2,86.33,4247800.0
2015-09-16,86.029999,86.23,85.94,86.019997,5026700.0
2015-09-17,86.010002,86.41,85.85,86.089996,6576800.0
2015-09-18,85.84,86.050003,85.69,85.85,10827600.0
2015-09-21,85.86,85.9,85.61,85.69,7579000.0
2015-09-22,85.35,85.69,84.96,85.07,7366900.0
2015-09-23,85.050003,85.11,84.86,84.92,7686000.0
2015-09-24,84.75,84.75,84.35,84.5,9167500.0
2015-09-25,84.6,84.76,84.040001,84.07,8384200.0
2015-09-28,83.67,84.019997,82.72,82.78,12416300.0
2015-09-29,82.71,83.089996,82.63,82.77,11417600.0
2015-09-30,83.13,83.34,82.83,83.29,14539800.0
2015-10-01,82.75,82.88,82.32,82.36,12179800.0
2015-10-02,81.89,82.47,81.66,82.44,14060200.0
2015-10-05,82.87,83.47,82.81,83.43,13531400.0
2015-10-06,83.48,83.98,83.36,83.89,13985800.0
2015-10-07,84.35,84.83,84.2,84.75,18000700.0
2015-10-08,84.62,85.13,84.46,85.099998,9466900.0
2015-10-09,85.23,85.6,84.98,85.11,9900600.0
2015-10-12,85.18,85.25,84.83,84.95,3867000.0
2015-10-13,84.79,84.95,84.63,84.75,7772600.0
2015-10-14,84.76,84.95,84.64,84.69,7748100.0
2015-10-15,84.82,84.95,84.61,84.89,8049200.0
2015-10-16,84.91,85.29,84.89,85.28,5978200.0
2015-10-19,85.15,85.57,85.080002,85.51,10347000.0
2015-10-20,85.38,85.69,85.29,85.59,10294800.0
2015-10-21,85.65,85.77,85.26,85.5,14332200.0
2015-10-22,85.58,85.68,85.41,85.53,11805100.0
2015-10-23,85.9,86.089996,85.58,85.83,13201700.0
2015-10-26,85.93,85.94,85.68,85.74,9354100.0
2015-10-27,85.67,85.68,85.34,85.46,5585800.0
2015-10-28,85.46,85.71,85.3,85.69,8637000.0
2015-10-29,85.45,85.68,85.43,85.47,6064500.0
2015-10-30,85.53,85.76,85.39,85.57,8803100.0
2015-11-02,85.18,85.48,85.11,85.44,5476000.0
2015-11-03,85.36,85.58,85.36,85.53,5873700.0
2015-11-04,85.57,85.57,85.24,85.28,6082100.0
2015-11-05,85.25,85.34,84.94,84.95,8529600.0
2015-11-06,84.62,84.69,84.34,84.54,8207700.0
2015-11-09,84.36,84.44,84.13,84.19,10127900.0
2015-11-10,84.099998,84.19,83.87,84.0,9673000.0
2015-11-11,84.040001,84.099998,83.75,83.8,3943900.0
2015-11-12,83.47,83.68,83.22,83.24,11570600.0
2015-11-13,83.28,83.36,82.99,83.0,7487900.0
2015-11-16,82.91,83.44,82.81,83.39,8228200.0
2015-11-17,83.6,83.74,83.37,83.45,9106400.0
2015-11-18,83.4,83.66,83.4,83.61,7479000.0
2015-11-19,83.33,83.49,82.85,82.86,9428300.0
2015-11-20,82.88,83.21,82.81,82.84,9763700.0
2015-11-23,82.74,82.89,82.69,82.77,5138900.0
2015-11-24,82.65,82.91,82.57,82.88,9529200.0
2015-11-25,82.84,82.99,82.84,82.97,7132500.0
2015-11-27,83.019997,83.15,82.94,83.099998,2259900.0
2015-11-30,83.099998,83.15,82.99,83.050003,5356300.0
2015-12-01,82.85,83.28,82.8,83.24,9849200.0
2015-12-02,83.18,83.44,83.029999,83.07,11871300.0
2015-12-03,82.92,83.13,82.72,82.85,15290200.0
2015-12-04,82.8,82.93,82.5,82.66,14027900.0
2015-12-07,82.33,82.5,82.019997,82.080002,11989900.0
2015-12-08,81.43,81.62,80.96,81.059998,25199100.0
2015-12-09,81.059998,81.7,81.050003,81.48,16703900.0
2015-12-10,81.27,81.57,81.0,81.14,14206800.0
2015-12-11,80.54,80.54,78.62,79.52,54233300.0
2015-12-14,79.4,79.51,78.21,78.83,38540500.0
2015-12-15,79.8,80.45,79.76,80.12,36337800.0
2015-12-16,80.39,80.89,80.059998,80.73,30575300.0
2015-12-17,80.7,80.81,79.8,79.83,17345300.0
2015-12-18,79.56,79.79,79.34,79.53,23548900.0
2015-12-21,79.7,79.9,79.07,79.28,14468700.0
2015-12-22,79.4,80.26,79.36,80.24,12569500.0
2015-12-23,80.51,80.89,80.42,80.75,12824900.0
2015-12-24,80.35,80.7,80.27,80.49,5284300.0
2015-12-28,80.24,80.25,79.88,80.010002,7151600.0
2015-12-29,80.16,80.53,80.15,80.47,7485500.0
2015-12-30,80.37,80.64,80.18,80.53,13145300.0
2015-12-31,80.48,80.88,80.39,80.58,7935200.0
2016-01-04,80.010002,80.16,79.67,80.099998,14787700.0
2016-01-05,80.34,80.53,80.07,80.25,11491300.0
2016-01-06,79.93,80.33,79.93,80.25,11320100.0
2016-01-07,79.67,80.0,79.62,79.73,11004700.0
2016-01-08,80.040001,80.22,79.5,79.52,17902100.0
2016-01-11,79.86,79.95,79.31,79.4,16917700.0
2016-01-12,79.89,79.95,79.3,79.48,15217700.0
2016-01-13,79.54,79.62,78.49,78.6,20352700.0
2016-01-14,78.66,79.040001,78.28,78.95,18572700.0
2016-01-15,77.67,78.68,77.42,77.91,27309900.0
2016-01-19,77.95,78.13,77.39,77.64,15975700.0
2016-01-20,77.029999,77.42,75.82,77.12,25973500.0
2016-01-21,77.12,77.96,76.8,77.64,20065800.0
2016-01-22,78.4,78.92,78.24,78.83,17653100.0
2016-01-25,78.59,78.74,78.029999,78.050003,16448400.0
2016-01-26,78.36,78.79,78.18,78.75,12010900.0
2016-01-27,78.72,79.080002,78.38,78.63,14563000.0
2016-01-28,79.11,79.29,78.74,79.029999,14622600.0
2016-01-29,79.2,79.45,79.13,79.29,14218700.0
2016-02-01,78.76,78.79,78.31,78.43,8865500.0
2016-02-02,78.050003,78.22,77.83,77.87,15442100.0
2016-02-03,78.11,78.4,77.63,78.25,15465200.0
2016-02-04,78.22,78.39,77.93,78.0,8989700.0
2016-02-05,77.99,77.99,77.28,77.4,14632300.0
2016-02-08,76.77,76.8,76.28,76.5,15649900.0
2016-02-09,76.089996,76.56,75.87,76.21,18685000.0
2016-02-10,76.41,76.73,75.95,76.099998,13086000.0
2016-02-11,75.35,75.87,75.089996,75.59,22158200.0
2016-02-12,75.86,76.79,75.77,76.72,17751500.0
2016-02-16,76.81,77.029999,76.69,76.79,14106000.0
2016-02-17,77.18,77.59,77.11,77.42,16353000.0
2016-02-18,77.7,77.75,77.44,77.49,13247300.0
2016-02-19,77.15,77.68,77.050003,77.64,12879900.0
2016-02-22,78.040001,78.35,77.95,78.31,13826600.0
2016-02-23,78.059998,78.28,77.74,78.15,16809700.0
2016-02-24,77.56,78.37,77.46,78.28,13622100.0
2016-02-25,78.33,78.73,78.059998,78.7,10699100.0
2016-02-26,78.95,79.3,78.86,79.23,12060200.0
2016-02-29,79.28,80.13,79.26,80.080002,23746800.0
2016-03-01,79.83,81.010002,79.54,80.92,24023200.0
2016-03-02,80.5,80.61,80.22,80.37,14987400.0
2016-03-03,80.27,80.87,79.99,80.64,12018400.0
2016-03-04,80.78,81.24,80.5,80.87,18029900.0
2016-03-07,80.68,81.0,80.67,80.97,12656200.0
2016-03-08,80.79,80.85,80.36,80.4,17813700.0
2016-03-09,80.55,80.7,80.36,80.6,7699600.0
2016-03-10,81.059998,81.19,80.55,81.16,18167000.0
2016-03-11,81.72,82.26,81.64,82.14,18662700.0
2016-03-14,81.88,82.059998,81.53,81.91,12512400.0
2016-03-15,81.4,81.48,81.11,81.15,16442600.0
2016-03-16,80.93,81.99,80.82,81.69,21567100.0
2016-03-17,81.88,82.35,81.72,82.21,18423000.0
2016-03-18,82.3,82.61,82.28,82.4,12922000.0
2016-03-21,82.39,82.46,82.14,82.31,12653600.0
2016-03-22,82.14,82.25,81.98,82.089996,8941200.0
2016-03-23,82.07,82.07,81.68,81.71,11354200.0
2016-03-24,81.12,81.49,81.080002,81.35,13497800.0
2016-03-28,81.26,81.43,80.94,80.98,11298900.0
2016-03-29,80.74,81.32,80.68,81.29,11348400.0
2016-03-30,81.44,81.71,81.39,81.58,11796400.0
2016-03-31,81.49,81.9,81.48,81.69,9436700.0
2016-04-01,80.98,81.51,80.8,81.37,10822400.0
2016-04-04,81.26,81.51,81.080002,81.17,9269700.0
2016-04-05,80.82,81.07,80.78,80.87,13254500.0
2016-04-06,81.010002,81.62,80.98,81.55,13935000.0
2016-04-07,81.22,81.41,81.059998,81.15,11306100.0
2016-04-08,81.58,81.64,81.42,81.52,7953000.0
2016-04-11,81.65,81.86,81.62,81.63,8126900.0
2016-04-12,81.77,82.14,81.72,82.11,11772800.0
2016-04-13,82.31,82.82,82.31,82.65,13596100.0
2016-04-14,82.65,82.73,82.5,82.62,10758400.0
2016-04-15,82.47,82.57,82.4,82.49,7857300.0
2016-04-18,82.16,82.97,82.13,82.96,9211400.0
2016-04-19,83.15,83.41,83.080002,83.31,11623600.0
2016-04-20,83.38,83.7,83.22,83.47,10128800.0
2016-04-21,83.57,83.6,83.17,83.21,13349500.0
2016-04-22,83.28,83.45,83.21,83.4,10982300.0
2016-04-25,83.25,83.37,83.050003,83.080002,8972400.0
2016-04-26,83.29,83.37,83.16,83.36,8291000.0
2016-04-27,83.44,83.91,83.41,83.85,10505400.0
2016-04-28,83.83,84.040001,83.65,83.71,9229000.0
2016-04-29,83.63,83.91,83.35,83.85,20284700.0
2016-05-02,83.38,83.53,83.29,83.5,11420700.0
2016-05-03,83.2,83.22,82.84,82.96,18449200.0
2016-05-04,82.81,82.86,82.61,82.65,17645200.0
2016-05-05,82.91,82.92,82.54,82.58,18782100.0
2016-05-06,82.23,82.71,82.21,82.53,16204400.0
2016-05-09,82.4,82.59,82.28,82.38,11622800.0
2016-05-10,82.43,83.099998,82.43,83.080002,11420700.0
2016-05-11,83.080002,83.36,82.93,83.019997,20692000.0
2016-05-12,83.24,83.24,82.96,83.15,11312400.0
2016-05-13,83.07,83.18,82.74,82.78,11332400.0
2016-05-16,82.93,83.28,82.87,83.24,12981700.0
2016-05-17,83.099998,83.32,83.010002,83.07,7489900.0
2016-05-18,83.099998,83.33,82.85,83.080002,16612500.0
2016-05-19,82.79,82.91,82.59,82.85,20290200.0
2016-05-20,82.86,83.16,82.86,83.14,10556700.0
2016-05-23,83.12,83.6,82.96,83.16,10457400.0
2016-05-24,83.37,83.66,83.31,83.66,10838400.0
2016-05-25,83.83,83.92,83.75,83.79,15119600.0
2016-05-26,83.94,83.94,83.54,83.55,12269000.0
2016-05-27,83.59,83.69,83.53,83.69,6225600.0
2016-05-31,83.75,83.87,83.52,83.61,11994100.0
2016-06-01,82.99,83.38,82.9,83.34,16488600.0
2016-06-02,83.2,83.41,83.11,83.36,12118900.0
2016-06-03,83.44,83.56,83.23,83.51,13093000.0
2016-06-06,83.78,83.93,83.62,83.88,16126200.0
2016-06-07,83.98,84.35,83.93,84.25,18423500.0
2016-06-08,84.36,84.6,84.35,84.57,14652800.0
2016-06-09,84.57,84.57,84.14,84.24,11188300.0
2016-06-10,83.9,84.019997,83.66,83.83,15259900.0
2016-06-13,83.5,83.81,83.27,83.27,17257900.0
2016-06-14,83.13,83.24,82.77,82.99,20578800.0
2016-06-15,83.26,83.38,82.97,83.029999,14202800.0
2016-06-16,82.85,83.15,82.45,83.080002,19195500.0
2016-06-17,83.089996,83.33,83.059998,83.13,16113800.0
2016-06-20,83.73,83.97,83.53,83.62,13368400.0
2016-06-21,83.77,83.98,83.63,83.94,12141800.0
2016-06-22,83.99,84.12,83.89,84.019997,10759500.0
2016-06-23,84.39,84.64,84.32,84.64,9920200.0
2016-06-24,82.99,84.2,82.9,83.25,31416700.0
2016-06-27,83.0,83.059998,82.010002,82.050003,27244200.0
2016-06-28,82.83,83.11,82.69,83.080002,13910300.0
2016-06-29,83.58,84.3,83.54,84.13,23604300.0
2016-06-30,84.059998,84.8,83.94,84.7,26304600.0
2016-07-01,84.3,84.7,84.25,84.47,16343000.0
2016-07-05,84.3,84.3,83.85,83.99,12078200.0
2016-07-06,83.88,84.37,83.75,84.36,9607000.0
2016-07-07,84.38,84.6,84.25,84.47,13058100.0
2016-07-08,84.82,85.64,84.79,85.59,21395600.0
2016-07-11,85.64,85.92,85.6,85.64,18313500.0
2016-07-12,86.059998,86.32,85.86,85.88,16074300.0
2016-07-13,85.87,85.9,85.51,85.63,13040300.0
2016-07-14,85.9,85.91,85.6,85.8,7764400.0
2016-07-15,85.85,85.94,85.6,85.63,9163800.0
2016-07-18,85.68,85.94,85.63,85.92,7447200.0
2016-07-19,85.73,85.87,85.54,85.69,7349700.0
2016-07-20,85.81,85.99,85.65,85.91,7247500.0
2016-07-21,85.78,86.080002,85.74,85.79,11265000.0
2016-07-22,85.81,86.26,85.73,86.17,10523500.0
2016-07-25,86.089996,86.089996,85.68,85.76,14768400.0
2016-07-26,85.7,85.75,85.38,85.43,14292600.0
2016-07-27,85.58,85.72,85.34,85.69,11730800.0
2016-07-28,85.51,85.51,85.24,85.33,17968100.0
2016-07-29,85.18,85.43,84.99,85.41,15202400.0
2016-08-01,84.97,84.98,84.48,84.55,18335300.0
2016-08-02,84.52,84.61,84.29,84.43,21959800.0
2016-08-03,84.5,84.89,84.45,84.81,13733700.0
2016-08-04,85.12,85.46,85.0,85.35,11832000.0
2016-08-05,85.63,85.78,85.51,85.54,12314900.0
2016-08-08,85.7,85.93,85.6,85.89,10800900.0
2016-08-09,85.94,86.25,85.92,86.19,13772300.0
2016-08-10,86.21,86.25,86.0,86.029999,7250400.0
2016-08-11,86.17,86.36,86.099998,86.24,6732600.0
2016-08-12,86.19,86.33,86.12,86.31,3996500.0
2016-08-15,86.49,86.62,86.33,86.57,9396400.0
2016-08-16,86.6,86.6,86.35,86.39,8104400.0
2016-08-17,86.45,86.55,86.32,86.51,14139600.0
2016-08-18,86.58,86.85,86.52,86.85,8582700.0
2016-08-19,86.74,86.81,86.55,86.59,7474000.0
2016-08-22,86.5,86.56,86.31,86.45,5364700.0
2016-08-23,86.67,86.82,86.59,86.74,7476400.0
2016-08-24,86.73,86.78,86.49,86.5,6655300.0
2016-08-25,86.55,86.77,86.53,86.66,7482800.0
2016-08-26,86.61,87.019997,86.41,86.56,10544900.0
2016-08-29,86.69,87.040001,86.66,86.99,10038500.0
2016-08-30,86.99,87.14,86.79,87.040001,16157400.0
2016-08-31,86.97,87.029999,86.62,86.7,16985000.0
2016-09-01,86.4,86.53,86.12,86.5,14952700.0
2016-09-02,86.76,87.029999,86.62,86.9,13540100.0
2016-09-06,86.87,87.010002,86.85,87.0,12662000.0
2016-09-07,86.95,87.010002,86.7,86.76,8245100.0
2016-09-08,86.77,86.82,86.59,86.6,8430700.0
2016-09-09,86.35,86.56,85.74,85.77,25087600.0
2016-09-12,85.6,86.23,85.55,86.07,17718300.0
2016-09-13,85.86,85.97,85.27,85.41,21907200.0
2016-09-14,85.53,85.81,85.29,85.39,14257700.0
2016-09-15,85.5,85.93,85.44,85.89,9964800.0
2016-09-16,85.78,85.93,85.58,85.91,8396600.0
2016-09-19,85.97,86.07,85.82,85.96,9855500.0
2016-09-20,86.0,86.099998,85.72,85.86,8705600.0
2016-09-21,85.91,86.62,85.88,86.57,17484300.0
2016-09-22,86.86,87.13,86.71,86.86,11813600.0
2016-09-23,86.8,86.97,86.7,86.76,13122600.0
2016-09-26,86.57,86.68,86.31,86.38,6590500.0
2016-09-27,86.26,86.64,86.13,86.63,8516500.0
2016-09-28,86.78,87.23,86.47,87.21,11149300.0
2016-09-29,87.17,87.19,86.56,86.88,13425800.0
2016-09-30,87.0,87.29,86.98,87.26,12158000.0
2016-10-03,86.82,86.91,86.65,86.82,10708800.0
2016-10-04,86.94,87.0,86.56,86.67,11057500.0
2016-10-05,86.97,86.99,86.76,86.9,9424500.0
2016-10-06,86.97,86.99,86.73,86.95,9455200.0
2016-10-07,86.99,87.19,86.74,87.15,10824200.0
2016-10-10,87.21,87.5,87.15,87.4,4182300.0
2016-10-11,87.27,87.28,86.77,86.91,8855400.0
2016-10-12,86.87,87.029999,86.73,86.88,7915300.0
2016-10-13,86.61,86.77,86.43,86.66,10614800.0
2016-10-14,86.91,86.98,86.74,86.86,6766300.0
2016-10-17,86.84,86.99,86.71,86.74,7790000.0
2016-10-18,87.050003,87.12,86.82,87.089996,8404600.0
2016-10-19,87.16,87.39,87.14,87.34,9874300.0
2016-10-20,87.34,87.41,87.18,87.35,12558000.0
2016-10-21,87.18,87.45,87.07,87.37,8332900.0
2016-10-24,87.48,87.56,87.28,87.42,7200800.0
2016-10-25,87.33,87.42,87.23,87.37,6906500.0
2016-10-26,87.15,87.35,86.99,87.019997,13813300.0
2016-10-27,87.089996,87.13,86.55,86.7,19333100.0
2016-10-28,86.6,86.66,86.21,86.28,19745600.0
2016-10-31,86.26,86.31,85.93,86.019997,21174600.0
2016-11-01,85.68,85.68,84.97,85.3,26184000.0
2016-11-02,85.16,85.24,84.82,84.92,19593600.0
2016-11-03,85.099998,85.23,84.87,84.94,12699700.0
2016-11-04,85.089996,85.25,84.91,84.98,10970400.0
2016-11-07,85.75,86.22,85.69,86.17,14416200.0
2016-11-08,85.77,86.13,85.74,85.98,20370600.0
2016-11-09,85.45,86.0,85.3,85.38,24858900.0
2016-11-10,85.2,85.2,84.21,84.26,33213300.0
2016-11-11,83.99,84.2,83.25,83.47,16442900.0
2016-11-14,83.25,84.19,83.24,84.089996,21036000.0
2016-11-15,84.52,85.31,84.52,85.2,17888600.0
2016-11-16,84.84,85.0,84.73,84.86,11965700.0
2016-11-17,84.85,85.089996,84.63,84.63,12017600.0
2016-11-18,84.81,84.94,84.48,84.63,17781800.0
2016-11-21,84.85,85.35,84.84,85.31,11581600.0
2016-11-22,85.45,86.029999,85.42,85.94,16648100.0
2016-11-23,85.29,85.69,85.28,85.62,10662900.0
2016-11-25,85.67,85.76,85.6,85.73,2009600.0
2016-11-28,85.62,86.0,85.47,85.72,16897400.0
2016-11-29,85.5,85.7,85.43,85.61,9164000.0
2016-11-30,85.7,85.8,85.43,85.65,15211300.0
2016-12-01,85.28,85.32,84.87,84.87,18249400.0
2016-12-02,85.07,85.39,84.98,85.38,9360400.0
2016-12-05,85.42,85.67,85.38,85.6,9782100.0
2016-12-06,85.73,86.059998,85.65,86.029999,16090600.0
2016-12-07,86.14,86.6,86.07,86.46,20886400.0
2016-12-08,86.37,86.5,86.13,86.45,10782100.0
2016-12-09,86.41,86.62,86.36,86.49,6463400.0
2016-12-12,86.65,86.68,86.28,86.37,8457100.0
2016-12-13,86.69,86.84,86.56,86.58,10739200.0
2016-12-14,86.58,86.84,85.85,85.93,15672400.0
2016-12-15,85.79,86.14,85.75,85.97,11221700.0
2016-12-16,86.21,86.26,86.029999,86.050003,15722200.0
2016-12-19,86.12,86.38,86.099998,86.27,5897900.0
2016-12-20,86.3,86.48,86.19,86.39,11072400.0
2016-12-21,86.35,86.62,86.33,86.54,17461400.0
2016-12-22,86.27,86.44,86.17,86.44,8507600.0
2016-12-23,86.47,86.61,86.41,86.6,4230500.0
2016-12-27,86.49,86.66,86.45,86.52,5840600.0
2016-12-28,86.64,86.64,86.36,86.4,6961200.0
2016-12-29,86.47,86.55,86.38,86.52,3794300.0
2016-12-30,86.58,86.7,86.38,86.55,7513400.0
2017-01-03,86.88,86.95,86.7,86.91,14050100.0
2017-01-04,87.0,87.39,87.0,87.38,11912400.0
2017-01-05,87.26,87.42,87.2,87.25,10458600.0
2017-01-06,87.16,87.28,87.040001,87.23,6836400.0
2017-01-09,87.21,87.28,87.050003,87.21,6648800.0
2017-01-10,87.31,87.43,87.18,87.22,11777000.0
2017-01-11,87.25,87.32,87.11,87.27,11914200.0
2017-01-12,87.25,87.3,87.13,87.29,12512300.0
2017-01-13,87.26,87.4,87.099998,87.32,8861000.0
2017-01-17,87.26,87.29,87.15,87.23,8633000.0
2017-01-18,87.2,87.31,87.099998,87.31,12715500.0
2017-01-19,87.25,87.3,86.94,87.029999,10703200.0
2017-01-20,87.059998,87.22,86.97,87.2,9262000.0
2017-01-23,87.13,87.22,87.040001,87.2,13561300.0
2017-01-24,87.15,87.32,87.11,87.26,7490500.0
2017-01-25,87.4,87.57,87.34,87.57,8953900.0
2017-01-26,87.5,87.59,87.41,87.53,7443900.0
2017-01-27,87.46,87.69,87.45,87.61,7888100.0
2017-01-30,87.48,87.54,87.31,87.43,7637600.0
2017-01-31,87.39,87.42,87.18,87.34,12249400.0
2017-02-01,87.2,87.33,86.95,87.28,12489400.0
2017-02-02,87.27,87.37,87.14,87.33,10886200.0
2017-02-03,87.52,87.58,87.43,87.48,12674000.0
2017-02-06,87.5,87.53,87.35,87.42,7004900.0
2017-02-07,87.52,87.52,87.28,87.29,11170100.0
2017-02-08,87.29,87.36,87.12,87.35,11107300.0
2017-02-09,87.35,87.54,87.35,87.47,7292600.0
2017-02-10,87.52,87.55,87.4,87.53,5471800.0
2017-02-13,87.6,87.72,87.59,87.66,7477200.0
2017-02-14,87.65,87.76,87.47,87.72,8785000.0
2017-02-15,87.63,87.77,87.57,87.75,10582800.0
2017-02-16,87.66,88.080002,87.51,87.68,8917800.0
2017-02-17,87.59,87.79,87.51,87.77,6247300.0
2017-02-21,87.77,88.059998,87.77,88.059998,10437800.0
2017-02-22,88.010002,88.12,87.94,88.099998,10963600.0
2017-02-23,88.29,88.3,88.080002,88.18,8150200.0
2017-02-24,88.11,88.37,88.059998,88.25,8390200.0
2017-02-27,88.25,88.36,88.19,88.36,5693300.0
2017-02-28,88.3,88.37,88.24,88.29,5868400.0
2017-03-01,88.18,88.31,88.18,88.23,10612100.0
2017-03-02,88.25,88.25,87.95,87.95,9193000.0
2017-03-03,88.019997,88.089996,87.82,87.99,15059300.0
2017-03-06,87.85,87.89,87.69,87.71,17066300.0
2017-03-07,87.53,87.6,87.12,87.14,17023100.0
2017-03-08,86.93,87.07,86.55,86.56,22433500.0
2017-03-09,86.38,86.72,86.2,86.33,21260700.0
2017-03-10,86.88,86.88,86.080002,86.3,20643900.0
2017-03-13,86.38,86.48,86.12,86.37,13512300.0
2017-03-14,86.12,86.21,85.99,86.11,12808500.0
2017-03-15,86.4,87.3,86.32,87.3,19654600.0
2017-03-16,87.5,87.53,87.029999,87.050003,15807500.0
2017-03-17,87.25,87.25,87.040001,87.080002,9984500.0
2017-03-20,87.07,87.07,86.91,86.91,12220600.0
2017-03-21,87.080002,87.17,86.28,86.29,16918200.0
2017-03-22,86.24,86.57,86.019997,86.5,14054600.0
2017-03-23,86.43,86.75,86.37,86.53,10618900.0
2017-03-24,86.6,86.86,86.6,86.83,8920800.0
2017-03-27,86.52,86.78,86.4,86.74,7788700.0
2017-03-28,86.7,87.25,86.7,87.22,16871700.0
2017-03-29,87.28,87.55,87.22,87.4,12266300.0
2017-03-30,87.6,87.83,87.47,87.81,16367900.0
2017-03-31,87.73,87.9,87.69,87.78,11778400.0
2017-04-03,87.46,87.47,87.23,87.36,20664400.0
2017-04-04,87.37,87.49,87.29,87.39,8473900.0
2017-04-05,87.53,87.71,87.27,87.32,11102300.0
2017-04-06,87.4,87.52,87.3,87.43,7234500.0
2017-04-07,87.55,87.62,87.39,87.39,5457800.0
2017-04-10,87.53,87.62,87.45,87.51,7996900.0
2017-04-11,87.57,87.57,87.24,87.34,8005800.0
2017-04-12,87.4,87.6,87.32,87.4,8723800.0
2017-04-13,87.37,87.49,87.16,87.22,10446700.0
2017-04-17,87.33,87.5,87.23,87.48,7158700.0
2017-04-18,87.47,87.56,87.23,87.46,9062800.0
2017-04-19,87.51,87.7,87.33,87.38,8643200.0
2017-04-20,87.48,87.69,87.44,87.67,7766000.0
2017-04-21,87.64,87.71,87.49,87.6,11328200.0
2017-04-24,87.96,88.019997,87.88,88.010002,8904700.0
2017-04-25,88.07,88.2,88.029999,88.17,12493400.0
2017-04-26,88.089996,88.23,88.07,88.089996,7269000.0
2017-04-27,88.089996,88.16,88.010002,88.15,6897900.0
2017-04-28,88.16,88.24,88.07,88.12,7542800.0
2017-05-01,87.75,87.85,87.7,87.79,10336000.0
2017-05-02,87.89,87.9,87.76,87.82,10792800.0
2017-05-03,87.89,87.95,87.8,87.9,7413400.0
2017-05-04,87.84,87.84,87.35,87.43,20562500.0
2017-05-05,87.43,87.66,87.38,87.58,14935200.0
2017-05-08,87.61,87.73,87.54,87.68,8199200.0
2017-05-09,87.8,87.85,87.61,87.62,10810000.0
2017-05-10,87.85,88.040001,87.73,88.0,10824900.0
2017-05-11,87.94,88.040001,87.83,88.010002,8461400.0
2017-05-12,88.059998,88.07,87.91,87.98,8929900.0
2017-05-15,88.12,88.25,88.11,88.18,10690200.0
2017-05-16,88.27,88.35,88.18,88.31,12638900.0
2017-05-17,88.019997,88.099998,87.87,87.92,14055700.0
2017-05-18,87.66,88.16,87.63,88.019997,10731800.0
2017-05-19,88.17,88.31,88.13,88.18,15998800.0
2017-05-22,88.36,88.45,88.27,88.45,7181800.0
2017-05-23,88.49,88.49,88.35,88.44,6998400.0
2017-05-24,88.5,88.61,88.4,88.59,8533600.0
2017-05-25,88.59,88.75,88.49,88.52,7985500.0
2017-05-26,88.5,88.59,88.5,88.57,2909500.0
2017-05-30,88.56,88.7,88.52,88.66,5371100.0
2017-05-31,88.67,88.7,88.53,88.65,13758400.0
2017-06-01,88.36,88.6,88.29,88.53,19189300.0
2017-06-02,88.55,88.66,88.5,88.58,9491600.0
2017-06-05,88.55,88.64,88.46,88.5,10384400.0
2017-06-06,88.48,88.51,88.31,88.36,14386500.0
2017-06-07,88.44,88.44,88.07,88.18,13329000.0
2017-06-08,88.2,88.34,88.029999,88.25,14208300.0
2017-06-09,88.34,88.45,88.2,88.32,10414900.0
2017-06-12,88.35,88.54,88.29,88.47,9900000.0
2017-06-13,88.51,88.64,88.5,88.63,8640400.0
2017-06-14,88.74,88.75,88.52,88.64,8850700.0
2017-06-15,88.42,88.45,88.12,88.3,10860500.0
2017-06-16,88.38,88.38,88.13,88.15,11996100.0
2017-06-19,88.32,88.45,88.29,88.42,6398400.0
2017-06-20,88.15,88.22,88.099998,88.11,18318500.0
2017-06-21,88.12,88.16,87.52,87.6,26728100.0
2017-06-22,87.69,87.88,87.63,87.84,18699400.0
2017-06-23,87.88,88.22,87.87,88.2,11337700.0
2017-06-26,88.18,88.36,88.15,88.32,9504500.0
2017-06-27,88.32,88.34,87.98,88.040001,15293300.0
2017-06-28,88.21,88.44,88.11,88.4,9755500.0
2017-06-29,88.26,88.39,88.059998,88.18,14548400.0
2017-06-30,88.3,88.48,88.21,88.39,8202000.0
2017-07-03,88.010002,88.25,87.88,87.97,13882000.0
2017-07-05,88.029999,88.11,87.84,87.9,16269100.0
2017-07-06,87.87,87.89,87.54,87.68,15424700.0
2017-07-07,87.61,87.71,87.45,87.6,15731200.0
2017-07-10,87.6,87.74,87.57,87.7,12286600.0
2017-07-11,87.7,87.72,87.52,87.64,9261400.0
2017-07-12,87.99,88.21,87.87,88.21,17979900.0
2017-07-13,88.22,88.32,88.13,88.28,11744600.0
2017-07-14,88.34,88.57,88.25,88.53,12626700.0
2017-07-17,88.55,88.59,88.48,88.56,10158100.0
2017-07-18,88.54,88.64,88.47,88.6,9221100.0
2017-07-19,88.69,88.83,88.63,88.75,8250900.0
2017-07-20,88.84,88.85,88.67,88.8,11827800.0
2017-07-21,88.78,88.79,88.65,88.73,8771700.0
2017-07-24,88.71,88.8,88.65,88.8,4707500.0
2017-07-25,88.87,88.91,88.79,88.84,7292900.0
2017-07-26,88.97,89.040001,88.86,88.97,7279800.0
2017-07-27,88.96,89.0,88.81,88.9,11624500.0
2017-07-28,88.85,88.91,88.77,88.91,4945300.0
2017-07-31,88.8,88.99,88.79,88.91,9779900.0
2017-08-01,88.61,88.68,88.57,88.63,14946800.0
2017-08-02,88.63,88.72,88.59,88.65,7422700.0
2017-08-03,88.57,88.66,88.42,88.48,9548300.0
2017-08-04,88.48,88.52,88.41,88.5,6451600.0
2017-08-07,88.5,88.5,88.4,88.46,5204700.0
2017-08-08,88.42,88.5,87.99,88.080002,18534700.0
2017-08-09,87.9,87.98,87.68,87.74,15001700.0
2017-08-10,87.56,87.64,87.11,87.18,24749700.0
2017-08-11,87.37,87.46,87.26,87.33,17434300.0
2017-08-14,87.59,87.94,87.59,87.79,12566000.0
2017-08-15,87.8,87.89,87.73,87.82,6830500.0
2017-08-16,87.89,87.97,87.8,87.83,11716100.0
2017-08-17,87.72,87.8,87.29,87.34,14112300.0
2017-08-18,87.49,87.69,87.29,87.47,14324400.0
2017-08-21,87.58,87.61,87.45,87.56,7763400.0
2017-08-22,87.64,88.0,87.59,87.92,12982200.0
2017-08-23,87.77,87.97,87.71,87.93,6449500.0
2017-08-24,87.97,88.07,87.88,88.059998,8480100.0
2017-08-25,88.040001,88.25,88.010002,88.22,6622800.0
2017-08-28,88.27,88.27,88.14,88.23,5161700.0
2017-08-29,88.010002,88.15,87.99,88.12,8991600.0
2017-08-30,88.15,88.4,88.14,88.36,13431100.0
2017-08-31,88.42,88.61,88.42,88.6,12705200.0
2017-09-01,88.15,88.35,88.15,88.32,10535700.0
2017-09-05,88.26,88.26,87.96,88.12,9560500.0
2017-09-06,88.23,88.28,88.040001,88.059998,9023300.0
2017-09-07,88.2,88.2,88.059998,88.07,8784000.0
2017-09-08,88.059998,88.059998,87.79,87.79,7688700.0
2017-09-11,87.94,88.19,87.85,88.07,8047600.0
2017-09-12,88.11,88.19,88.050003,88.18,4752800.0
2017-09-13,88.099998,88.23,88.050003,88.21,11725900.0
2017-09-14,88.17,88.37,88.16,88.33,9554600.0
2017-09-15,88.28,88.43,88.24,88.41,8248000.0
2017-09-18,88.38,88.42,88.32,88.37,7442200.0
2017-09-19,88.4,88.47,88.32,88.46,7208300.0
2017-09-20,88.48,88.53,88.32,88.45,10087200.0
2017-09-21,88.48,88.49,88.32,88.34,6932300.0
2017-09-22,88.33,88.43,88.3,88.43,7570500.0
2017-09-25,88.4,88.5,88.36,88.48,4326200.0
2017-09-26,88.56,88.68,88.54,88.59,8816500.0
2017-09-27,88.59,88.66,88.49,88.63,7490100.0
2017-09-28,88.63,88.67,88.58,88.63,5934000.0
2017-09-29,88.7,88.76,88.6,88.76,8906900.0
2017-10-02,88.26,88.4,88.24,88.35,13097600.0
2017-10-03,88.35,88.52,88.35,88.51,5928800.0
2017-10-04,88.48,88.51,88.37,88.42,5832400.0
2017-10-05,88.41,88.53,88.41,88.53,5967900.0
2017-10-06,88.45,88.49,88.35,88.4,5847400.0
2017-10-09,88.44,88.47,88.38,88.41,3278400.0
2017-10-10,88.53,88.53,88.4,88.48,8786500.0
2017-10-11,88.48,88.48,88.37,88.39,7948700.0
2017-10-12,88.4,88.4,88.29,88.29,6181100.0
2017-10-13,88.41,88.43,88.28,88.33,3941200.0
2017-10-16,88.39,88.4,88.28,88.38,6060300.0
2017-10-17,88.38,88.56,88.38,88.51,7468100.0
2017-10-18,88.54,88.65,88.52,88.6,7974400.0
2017-10-19,88.48,88.65,88.44,88.61,7270600.0
2017-10-20,88.66,88.73,88.61,88.69,7107000.0
2017-10-23,88.7,88.74,88.59,88.59,7227200.0
2017-10-24,88.62,88.69,88.58,88.59,7103700.0
2017-10-25,88.53,88.53,88.22,88.34,16817000.0
2017-10-26,88.43,88.46,88.19,88.23,10649800.0
2017-10-27,88.3,88.49,88.23,88.47,13720000.0
2017-10-30,88.3,88.51,88.3,88.45,5954500.0
2017-10-31,88.49,88.51,88.44,88.47,7198400.0
2017-11-01,88.18,88.2,88.010002,88.019997,9505500.0
2017-11-02,88.010002,88.080002,87.9,87.97,6096800.0
2017-11-03,88.019997,88.080002,87.87,87.98,7003200.0
2017-11-06,87.93,88.040001,87.89,87.99,12262400.0
2017-11-07,87.97,87.98,87.71,87.74,11805400.0
2017-11-08,87.74,87.74,87.31,87.35,18120000.0
2017-11-09,87.14,87.14,86.72,86.92,38343500.0
2017-11-10,86.94,87.18,86.88,87.11,24521600.0
2017-11-13,87.040001,87.16,87.029999,87.050003,16280500.0
2017-11-14,86.92,86.96,86.62,86.68,13870600.0
2017-11-15,86.46,86.76,86.22,86.68,25382000.0
2017-11-16,87.12,87.6,87.040001,87.53,30075200.0
2017-11-17,87.36,87.51,87.34,87.47,15942100.0
2017-11-20,87.52,87.63,87.43,87.49,8930300.0
2017-11-21,87.57,87.71,87.57,87.67,10102400.0
2017-11-22,87.72,87.87,87.7,87.81,9473800.0
2017-11-24,87.87,87.92,87.83,87.87,3126500.0
2017-11-27,87.87,87.87,87.54,87.6,10645400.0
2017-11-28,87.64,87.89,87.63,87.87,10403700.0
2017-11-29,87.82,87.88,87.68,87.76,11806200.0
2017-11-30,87.79,87.95,87.78,87.78,17981500.0
2017-12-01,87.42,87.5,86.98,87.38,15485800.0
2017-12-04,87.5,87.61,87.32,87.35,14801700.0
2017-12-05,87.4,87.45,87.28,87.3,9347600.0
2017-12-06,87.29,87.41,87.2,87.22,10081700.0
2017-12-07,87.26,87.31,87.17,87.26,8955900.0
2017-12-08,87.33,87.37,87.27,87.35,9100400.0
2017-12-11,87.35,87.39,87.29,87.37,11847900.0
2017-12-12,87.45,87.45,87.32,87.33,8846700.0
2017-12-13,87.37,87.45,87.33,87.38,7495000.0
2017-12-14,87.34,87.4,87.07,87.2,19337000.0
2017-12-15,87.3,87.34,87.2,87.21,14223900.0
2017-12-18,87.24,87.39,87.23,87.3,11735200.0
2017-12-19,87.3,87.35,87.089996,87.12,10985000.0
2017-12-20,87.2,87.26,87.089996,87.19,11857400.0
2017-12-21,86.93,86.99,86.87,86.92,11195700.0
2017-12-22,86.97,87.07,86.91,87.0,11136900.0
2017-12-26,86.94,87.13,86.93,87.13,5798900.0
2017-12-27,87.080002,87.21,87.080002,87.17,5625500.0
2017-12-28,87.19,87.21,87.099998,87.13,6116500.0
2017-12-29,87.14,87.31,87.080002,87.26,5116800.0
2018-01-02,87.3,87.36,87.25,87.34,7223500.0
2018-01-03,87.34,87.78,87.34,87.76,20557100.0
2018-01-04,87.82,87.99,87.77,87.91,13610900.0
2018-01-05,87.97,88.010002,87.88,87.97,9851600.0
2018-01-08,87.96,88.029999,87.86,87.9,9804000.0
2018-01-09,87.99,87.99,87.61,87.63,13550400.0
2018-01-10,87.5,87.56,87.27,87.44,33182000.0
2018-01-11,87.52,87.74,87.46,87.73,12911500.0
2018-01-12,87.59,87.71,87.55,87.58,12088500.0
2018-01-16,87.64,87.73,87.45,87.53,18474100.0
2018-01-17,87.56,87.69,87.52,87.54,16340400.0
2018-01-18,87.5,87.56,87.4,87.45,16134900.0
2018-01-19,87.44,87.55,87.39,87.54,14401800.0
2018-01-22,87.49,87.65,87.49,87.62,16674700.0
2018-01-23,87.68,87.9,87.63,87.88,11600300.0
2018-01-24,87.8,87.88,87.65,87.75,10746300.0
2018-01-25,87.9,87.9,87.61,87.69,11039300.0
2018-01-26,87.72,87.84,87.63,87.76,7164100.0
2018-01-29,87.63,87.68,87.43,87.45,19590800.0
2018-01-30,87.45,87.46,87.14,87.15,18469300.0
2018-01-31,87.3,87.42,87.21,87.3,12692800.0
2018-02-01,86.86,86.99,86.72,86.77,17920000.0
2018-02-02,86.55,86.62,86.15,86.22,24787000.0
2018-02-05,86.13,86.51,85.58,85.74,28071300.0
2018-02-06,85.51,86.36,85.51,86.26,33924300.0
2018-02-07,86.38,86.62,85.86,85.94,24298100.0
2018-02-08,85.91,86.0,85.18,85.19,25419300.0
2018-02-09,85.28,85.42,84.07,84.95,47230300.0
2018-02-12,85.2,85.66,85.16,85.53,23448100.0
2018-02-13,85.32,85.42,85.11,85.26,14679900.0
2018-02-14,84.99,85.44,84.9,85.41,19332400.0
2018-02-15,85.61,86.099998,85.61,86.099998,21931600.0
2018-02-16,86.089996,86.51,86.07,86.45,29195600.0
2018-02-20,86.2,86.38,86.11,86.15,22740600.0
2018-02-21,86.24,86.38,85.74,85.76,15656700.0
2018-02-22,85.8,86.14,85.74,85.82,14626900.0
2018-02-23,85.89,86.42,85.83,86.39,15919500.0
2018-02-26,86.45,86.68,86.39,86.54,10996300.0
2018-02-27,86.48,86.5,86.2,86.31,13840900.0
2018-02-28,86.41,86.48,86.12,86.18,8751000.0
2018-03-01,85.91,85.93,85.27,85.27,24974200.0
2018-03-02,85.32,85.79,85.29,85.75,18767600.0
2018-03-05,85.57,85.81,85.57,85.75,9000200.0
2018-03-06,85.83,85.95,85.69,85.87,14462900.0
2018-03-07,85.77,85.81,85.6,85.66,8195200.0
2018-03-08,85.76,85.8,85.61,85.76,10201800.0
2018-03-09,85.86,86.13,85.78,86.07,8942600.0
2018-03-12,86.0,86.07,85.79,85.93,10126500.0
2018-03-13,85.93,86.040001,85.61,85.66,19020400.0
2018-03-14,85.73,85.78,85.52,85.56,10802500.0
2018-03-15,85.55,85.75,85.5,85.62,8647900.0
2018-03-16,85.64,85.81,85.59,85.8,11006000.0
2018-03-19,85.66,85.69,85.35,85.45,14298800.0
2018-03-20,85.43,85.65,85.43,85.62,14317800.0
2018-03-21,85.58,85.81,85.52,85.65,8643700.0
2018-03-22,85.45,85.57,85.12,85.14,15972300.0
2018-03-23,85.29,85.39,84.82,84.92,21847400.0
2018-03-26,85.35,85.49,85.13,85.47,12454200.0
2018-03-27,85.48,85.63,85.21,85.39,12661500.0
2018-03-28,85.36,85.44,85.2,85.35,14642900.0
2018-03-29,85.49,85.7,85.39,85.64,10299600.0
2018-04-02,85.12,85.27,84.89,84.96,18902700.0
2018-04-03,85.11,85.21,84.89,85.2,12994100.0
2018-04-04,84.9,85.44,84.9,85.39,9677200.0
2018-04-05,85.43,85.58,85.41,85.46,10152000.0
2018-04-06,85.41,85.5,85.17,85.27,12680800.0
2018-04-09,85.45,85.61,85.41,85.59,9043200.0
2018-04-10,85.7,85.94,85.68,85.9,11434100.0
2018-04-11,85.87,86.0,85.81,85.93,7675500.0
2018-04-12,86.029999,86.26,85.97,86.24,23692600.0
2018-04-13,86.3,86.41,86.24,86.29,16213400.0
2018-04-16,86.39,86.51,86.28,86.42,10781600.0
2018-04-17,86.55,86.66,86.43,86.46,15577600.0
2018-04-18,86.52,86.55,86.34,86.37,13745600.0
2018-04-19,86.21,86.24,85.99,86.099998,19345500.0
2018-04-20,86.050003,86.089996,85.87,85.89,17693500.0
2018-04-23,85.83,85.84,85.58,85.66,15971100.0
2018-04-24,85.69,85.77,85.38,85.49,17872600.0
2018-04-25,85.41,85.54,85.24,85.5,15078400.0
2018-04-26,85.57,85.86,85.52,85.8,17479700.0
2018-04-27,85.87,85.92,85.61,85.76,7014700.0
2018-04-30,85.7,85.85,85.69,85.7,12473000.0
2018-05-01,85.28,85.4,85.18,85.4,18707700.0
2018-05-02,85.4,85.55,85.32,85.37,12057000.0
2018-05-03,85.4,85.4,85.22,85.36,21626200.0
2018-05-04,85.21,85.45,85.16,85.42,14862100.0
2018-05-07,85.43,85.53,85.4,85.5,23063900.0
2018-05-08,85.45,85.47,85.31,85.37,13693500.0
2018-05-09,85.35,85.54,85.34,85.51,10476200.0
2018-05-10,85.57,85.79,85.55,85.76,13375800.0
2018-05-11,85.76,85.84,85.63,85.73,8505100.0
2018-05-14,85.72,85.82,85.57,85.75,14695800.0
2018-05-15,85.56,85.6,85.27,85.33,20008800.0
2018-05-16,85.37,85.47,85.29,85.44,13028100.0
2018-05-17,85.34,85.56,85.34,85.49,13198300.0
2018-05-18,85.35,85.46,85.33,85.4,14241600.0
2018-05-21,85.39,85.57,85.39,85.52,7000400.0
2018-05-22,85.56,85.63,85.51,85.58,6220700.0
2018-05-23,85.48,85.65,85.39,85.65,13053100.0
2018-05-24,85.52,85.72,85.52,85.7,12468600.0
2018-05-25,85.58,85.64,85.46,85.56,12895700.0
2018-05-29,85.37,85.4,85.16,85.2,13519800.0
2018-05-30,85.29,85.49,85.29,85.46,15145000.0
2018-05-31,85.49,85.5,85.36,85.38,17391000.0
2018-06-01,85.15,85.23,85.099998,85.19,12891000.0
2018-06-04,85.27,85.42,85.23,85.37,13830900.0
2018-06-05,85.37,85.52,85.3,85.47,10614100.0
2018-06-06,85.41,85.71,85.38,85.68,6920900.0
2018-06-07,85.63,85.77,85.55,85.71,13764400.0
2018-06-08,85.6,85.73,85.57,85.66,9784000.0
2018-06-11,85.7,85.85,85.69,85.82,10429300.0
2018-06-12,85.83,85.97,85.77,85.89,12432400.0
2018-06-13,85.91,86.050003,85.83,85.92,9958900.0
2018-06-14,86.080002,86.19,86.029999,86.17,13954300.0
2018-06-15,86.11,86.16,85.99,86.12,16303700.0
2018-06-18,86.050003,86.13,85.98,86.11,11512000.0
2018-06-19,85.94,86.029999,85.87,85.99,12543200.0
2018-06-20,86.080002,86.13,86.029999,86.080002,10422800.0
2018-06-21,86.07,86.07,85.87,85.9,8132500.0
2018-06-22,86.040001,86.089996,85.88,85.91,7385200.0
2018-06-25,85.77,85.81,85.63,85.71,13975400.0
2018-06-26,85.71,85.73,85.6,85.7,7503900.0
2018-06-27,85.65,85.71,85.47,85.52,13119200.0
2018-06-28,85.35,85.41,85.16,85.28,13829300.0
2018-06-29,85.39,85.52,85.059998,85.080002,17450500.0
2018-07-02,84.64,84.8,84.6,84.78,22438600.0
2018-07-03,84.84,84.96,84.74,84.79,10098600.0
2018-07-05,84.9,85.13,84.89,85.11,12729400.0
2018-07-06,85.13,85.33,85.12,85.33,9640300.0
2018-07-09,85.37,85.54,85.36,85.46,11517200.0
2018-07-10,85.5,85.58,85.46,85.47,7531700.0
2018-07-11,85.39,85.45,85.3,85.34,14111200.0
2018-07-12,85.48,85.65,85.44,85.61,10327300.0
2018-07-13,85.68,85.72,85.61,85.61,9860300.0
2018-07-16,85.62,85.63,85.51,85.55,7963100.0
2018-07-17,85.49,85.65,85.45,85.58,10721000.0
2018-07-18,85.61,85.68,85.53,85.62,12838600.0
2018-07-19,85.57,85.64,85.49,85.58,6907300.0
2018-07-20,85.62,85.69,85.58,85.62,9329000.0
2018-07-23,85.67,85.69,85.59,85.59,7459200.0
2018-07-24,85.6,85.83,85.6,85.77,11803700.0
2018-07-25,85.79,85.95,85.72,85.93,11342300.0
2018-07-26,85.94,86.010002,85.9,85.94,9233600.0
2018-07-27,85.95,85.98,85.81,85.91,10811200.0
2018-07-30,85.94,86.010002,85.85,85.94,8400500.0
2018-07-31,86.099998,86.15,86.050003,86.12,10709500.0
2018-08-01,85.76,85.88,85.67,85.83,23297900.0
2018-08-02,85.76,85.89,85.72,85.88,10989200.0
2018-08-03,85.86,85.99,85.85,85.95,6940500.0
2018-08-06,85.87,86.11,85.87,86.11,7521900.0
2018-08-07,85.87,86.23,85.87,86.15,8408200.0
2018-08-08,86.13,86.17,86.080002,86.099998,10103600.0
2018-08-09,86.11,86.14,86.0,86.040001,6354700.0
2018-08-10,85.9,86.010002,85.82,85.89,9473300.0
2018-08-13,85.96,85.96,85.77,85.83,10479000.0
2018-08-14,85.88,86.010002,85.86,85.98,9767700.0
2018-08-15,85.87,85.9,85.73,85.83,14684800.0
2018-08-16,85.91,85.99,85.86,85.94,14931800.0
2018-08-17,85.9,86.07,85.9,86.040001,15280900.0
2018-08-20,86.089996,86.15,86.029999,86.080002,8174900.0
2018-08-21,86.11,86.29,86.089996,86.21,9281400.0
2018-08-22,86.2,86.28,86.2,86.24,8297400.0
2018-08-23,86.24,86.32,86.19,86.23,7751800.0
2018-08-24,86.28,86.41,86.25,86.38,7458500.0
2018-08-27,86.4,86.46,86.37,86.41,5581700.0
2018-08-28,86.37,86.41,86.32,86.37,8175300.0
2018-08-29,86.34,86.39,86.28,86.32,7403700.0
2018-08-30,86.33,86.35,86.22,86.25,8481700.0
2018-08-31,86.29,86.42,86.28,86.36,9569300.0
2018-09-04,85.89,85.93,85.72,85.81,16029000.0
2018-09-05,85.8,85.83,85.69,85.72,13369200.0
2018-09-06,85.8,85.83,85.72,85.79,13137500.0
2018-09-07,85.63,85.77,85.63,85.7,12374700.0
2018-09-10,85.8,85.89,85.77,85.87,6997900.0
2018-09-11,85.76,85.98,85.76,85.89,17897800.0
2018-09-12,85.92,86.15,85.92,86.089996,14041900.0
2018-09-13,86.17,86.31,86.17,86.25,10375800.0
2018-09-14,86.24,86.39,86.23,86.33,12945000.0
2018-09-17,86.31,86.33,86.23,86.27,13279900.0
2018-09-18,86.29,86.36,86.24,86.26,19882300.0
2018-09-19,86.24,86.29,86.080002,86.099998,14471100.0
2018-09-20,86.12,86.22,85.93,86.22,15360100.0
2018-09-21,86.22,86.28,86.2,86.24,10966700.0
2018-09-24,86.2,86.25,86.080002,86.2,10229400.0
2018-09-25,86.13,86.18,86.089996,86.13,13240400.0
2018-09-26,86.19,86.34,86.17,86.22,19504800.0
2018-09-27,86.31,86.4,86.27,86.38,7996600.0
2018-09-28,86.35,86.47,86.28,86.44,17085200.0
2018-10-01,86.16,86.3,86.14,86.3,22566000.0
2018-10-02,86.26,86.3,86.18,86.23,13577600.0
2018-10-03,86.28,86.31,85.91,86.0,17930600.0
2018-10-04,85.82,85.9,85.58,85.68,24935100.0
2018-10-05,85.65,85.67,85.3,85.3,25063300.0
2018-10-08,85.35,85.36,85.080002,85.11,12869500.0
2018-10-09,85.14,85.31,85.12,85.24,19488500.0
2018-10-10,85.11,85.11,84.61,84.63,25204700.0
2018-10-11,84.83,85.0,84.57,84.7,37665300.0
2018-10-12,85.11,85.21,84.94,85.15,31877600.0
2018-10-15,85.080002,85.19,85.040001,85.089996,16658500.0
2018-10-16,85.25,85.4,85.24,85.38,18955700.0
2018-10-17,85.26,85.36,85.14,85.21,18739400.0
2018-10-18,85.15,85.19,84.85,84.85,28653800.0
2018-10-19,85.050003,85.07,84.85,84.9,20606400.0
2018-10-22,85.099998,85.15,84.87,84.94,15049900.0
2018-10-23,84.65,84.9,84.55,84.86,20873200.0
2018-10-24,84.88,84.92,84.41,84.44,23827800.0
2018-10-25,84.61,84.67,84.43,84.61,29513700.0
2018-10-26,84.31,84.53,84.17,84.23,27424100.0
2018-10-29,84.4,84.44,84.040001,84.15,23379400.0
2018-10-30,84.17,84.35,83.99,84.35,24105300.0
2018-10-31,84.45,84.59,84.35,84.35,23047900.0
2018-11-01,84.089996,84.41,84.0,84.32,33115700.0
2018-11-02,84.42,84.53,84.14,84.27,19675800.0
2018-11-05,84.27,84.44,84.23,84.34,12299600.0
2018-11-06,84.41,84.56,84.38,84.56,14675500.0
2018-11-07,84.64,85.07,84.64,85.050003,26155500.0
2018-11-08,84.85,85.080002,84.82,84.84,20677500.0
2018-11-09,84.67,84.68,84.28,84.36,20869300.0
2018-11-12,84.33,84.41,83.81,83.84,22319600.0
2018-11-13,83.86,84.019997,83.63,83.7,22907600.0
2018-11-14,83.81,83.99,83.34,83.54,44747700.0
2018-11-15,83.19,83.52,82.99,83.52,32332600.0
2018-11-16,83.16,83.3,83.0,83.27,64912800.0
2018-11-19,83.050003,83.24,82.9,83.010002,36567300.0
2018-11-20,82.78,82.97,82.7,82.75,21901900.0
2018-11-21,83.17,83.34,83.07,83.17,16560400.0
2018-11-23,82.83,82.9,82.71,82.71,9708100.0
2018-11-26,83.029999,83.14,82.91,83.099998,19807100.0
2018-11-27,82.94,83.07,82.87,83.059998,14370700.0
2018-11-28,83.11,83.77,83.059998,83.75,23513100.0
2018-11-29,83.59,83.89,83.54,83.77,17927900.0
2018-11-30,83.56,83.74,83.55,83.6,15081000.0
2018-12-03,83.65,83.83,83.5,83.8,27052900.0
2018-12-04,83.63,83.71,83.2,83.28,32066500.0
2018-12-06,82.85,83.089996,82.72,82.99,27661900.0
2018-12-07,83.26,83.39,82.83,82.83,28901200.0
2018-12-10,82.82,82.96,82.56,82.89,23434700.0
2018-12-11,83.18,83.26,82.97,83.040001,19243900.0
2018-12-12,83.32,83.59,83.29,83.31,17571500.0
2018-12-13,83.5,83.6,83.43,83.51,15859200.0
2018-12-14,83.37,83.48,83.099998,83.16,16397600.0
2018-12-17,83.089996,83.16,82.55,82.62,24124900.0
2018-12-18,82.36,82.43,81.9,82.080002,25284300.0
2018-12-19,82.12,82.26,81.24,81.34,32062700.0
2018-12-20,81.07,81.19,80.010002,80.63,68796100.0
2018-12-21,80.59,80.93,80.099998,80.23,56295000.0
2018-12-24,80.23,80.35,79.63,79.63,18853600.0
2018-12-26,79.73,80.97,79.55,80.97,25010300.0
2018-12-27,80.49,80.97,80.38,80.92,31806100.0
2018-12-28,80.99,81.32,80.85,81.040001,30106400.0
2018-12-31,81.19,81.33,81.089996,81.099998,14153600.0
2019-01-02,80.72,81.11,80.65,80.99,26977400.0
2019-01-03,80.91,81.16,80.78,81.029999,32776600.0
2019-01-04,81.67,82.5,81.57,82.39,38754000.0
2019-01-07,82.58,83.19,82.57,83.19,38127600.0
2019-01-08,83.39,83.74,83.26,83.73,30795000.0
2019-01-09,83.85,84.010002,83.79,83.83,40909400.0
2019-01-10,83.66,84.21,83.55,84.16,50520000.0
2019-01-11,83.82,83.98,83.78,83.89,19793300.0
2019-01-14,83.67,83.77,83.55,83.62,20137700.0
2019-01-15,83.62,83.94,83.55,83.9,24799000.0
2019-01-16,84.010002,84.14,83.96,84.029999,26508100.0
2019-01-17,83.94,84.29,83.89,84.26,24574400.0
2019-01-18,84.42,84.67,84.39,84.5,36236400.0
2019-01-22,84.33,84.34,83.83,83.94,25504200.0
2019-01-23,84.059998,84.23,83.87,84.11,18529400.0
2019-01-24,84.080002,84.22,83.94,84.2,17875500.0
2019-01-25,84.36,84.49,84.34,84.41,16775200.0
2019-01-28,84.19,84.33,84.07,84.28,14694100.0
2019-01-29,84.35,84.35,84.029999,84.23,18717000.0
2019-01-30,84.34,85.029999,84.33,84.9,25993500.0
2019-01-31,84.88,85.24,84.88,85.11,27070400.0
2019-02-01,84.66,84.76,84.54,84.68,24749900.0
2019-02-04,84.69,84.93,84.61,84.88,15968400.0
2019-02-05,84.94,85.27,84.93,85.18,33188300.0
2019-02-06,85.11,85.21,85.019997,85.099998,25936800.0
2019-02-07,84.83,84.9,84.66,84.81,27119400.0
2019-02-08,84.71,84.81,84.58,84.79,16728100.0
2019-02-11,84.77,84.87,84.7,84.83,10051800.0
2019-02-12,85.080002,85.27,85.07,85.24,20174000.0
2019-02-13,85.29,85.31,85.050003,85.12,25088400.0
2019-02-14,84.98,85.22,84.86,85.13,19406700.0
2019-02-15,85.28,85.46,85.28,85.4,24052000.0
2019-02-19,85.3,85.48,85.26,85.43,11317700.0
2019-02-20,85.46,85.55,85.33,85.5,9925700.0
2019-02-21,85.45,85.53,85.35,85.42,15479800.0
2019-02-22,85.52,85.67,85.49,85.59,12330300.0
2019-02-25,85.71,85.83,85.62,85.66,13698200.0
2019-02-26,85.72,85.87,85.67,85.77,16049300.0
2019-02-27,85.8,85.86,85.73,85.8,14818900.0
2019-02-28,85.78,85.83,85.7,85.75,21340600.0
2019-03-01,85.55,85.66,85.5,85.61,26455300.0
2019-03-04,85.71,85.75,85.34,85.48,16034400.0
2019-03-05,85.48,85.49,85.36,85.44,14510100.0
2019-03-06,85.4,85.42,85.26,85.3,16806400.0
2019-03-07,85.33,85.34,85.080002,85.24,28101100.0
2019-03-08,84.98,85.12,84.81,85.099998,21043400.0
2019-03-11,85.07,85.39,85.050003,85.38,17922400.0
2019-03-12,85.31,85.58,85.29,85.53,20180500.0
2019-03-13,85.58,85.77,85.56,85.76,24524800.0
2019-03-14,85.72,85.83,85.68,85.7,12342500.0
2019-03-15,85.76,85.88,85.75,85.78,21775300.0
2019-03-18,85.79,85.83,85.67,85.75,10498900.0
2019-03-19,85.81,85.96,85.75,85.8,14067200.0
2019-03-20,85.81,86.3,85.65,86.17,31184400.0
2019-03-21,86.059998,86.26,86.040001,86.15,16400700.0
2019-03-22,86.019997,86.050003,85.75,85.84,27030400.0
2019-03-25,85.78,85.91,85.65,85.81,23592100.0
2019-03-26,85.95,86.15,85.89,86.019997,18762700.0
2019-03-27,86.07,86.24,85.88,86.080002,16706700.0
2019-03-28,86.089996,86.25,86.040001,86.25,19706700.0
2019-03-29,86.32,86.53,86.3,86.47,22358900.0
2019-04-01,86.21,86.28,86.050003,86.07,21353900.0
2019-04-02,86.089996,86.14,85.94,86.11,15129300.0
2019-04-03,86.2,86.31,86.099998,86.14,13746500.0
2019-04-04,86.15,86.28,86.13,86.27,14435700.0
2019-04-05,86.36,86.5,86.34,86.43,14227000.0
2019-04-08,86.39,86.41,86.31,86.38,11472100.0
2019-04-09,86.33,86.42,86.27,86.32,19118700.0
2019-04-10,86.43,86.7,86.43,86.7,16767000.0
2019-04-11,86.69,86.86,86.65,86.83,20976100.0
2019-04-12,86.93,87.010002,86.79,86.96,17442800.0
2019-04-15,86.95,86.95,86.83,86.9,13940000.0
2019-04-16,86.96,86.97,86.82,86.85,11543800.0
2019-04-17,86.94,86.94,86.63,86.64,11818600.0
2019-04-18,86.79,86.79,86.58,86.68,15295500.0
2019-04-22,86.62,86.66,86.52,86.53,24591400.0
2019-04-23,86.64,86.88,86.59,86.83,15094100.0
2019-04-24,86.85,86.85,86.7,86.71,11938800.0
2019-04-25,86.7,86.81,86.57,86.75,14369000.0
2019-04-26,86.85,86.98,86.85,86.97,11937200.0
2019-04-29,86.95,87.0,86.93,86.93,7601200.0
2019-04-30,86.97,87.040001,86.92,86.94,11168100.0
2019-05-01,86.59,86.87,86.28,86.29,24574300.0
2019-05-02,86.36,86.48,86.18,86.35,24936600.0
2019-05-03,86.52,86.6,86.47,86.57,18522700.0
2019-05-06,86.18,86.62,86.0,86.61,18893700.0
2019-05-07,86.4,86.45,85.95,86.089996,30266300.0
2019-05-08,86.099998,86.3,86.029999,86.12,27527500.0
2019-05-09,85.99,86.059998,85.68,85.99,30890400.0
2019-05-10,85.96,86.31,85.75,86.23,33782400.0
2019-05-13,85.68,85.77,85.42,85.44,34801600.0
2019-05-14,85.61,85.83,85.53,85.63,18128500.0
2019-05-15,85.49,85.76,85.44,85.71,19543700.0
2019-05-16,85.83,86.11,85.8,85.97,29384100.0
2019-05-17,85.79,86.099998,85.79,85.94,27089400.0
2019-05-20,85.92,86.080002,85.78,85.86,15780000.0
2019-05-21,85.99,86.15,85.99,86.13,15004300.0
2019-05-22,86.080002,86.2,85.97,86.2,14976200.0
2019-05-23,85.96,85.99,85.67,85.77,18333400.0
2019-05-24,85.87,85.97,85.64,85.65,17611600.0
2019-05-28,85.75,85.82,85.49,85.57,20544600.0
2019-05-29,85.46,85.52,85.25,85.34,25441900.0
2019-05-30,85.49,85.65,85.44,85.52,20311900.0
2019-05-31,85.24,85.34,84.88,84.9,34947400.0
2019-06-03,84.65,84.78,84.47,84.65,58940600.0
2019-06-04,84.91,85.51,84.91,85.5,34113300.0
2019-06-05,85.58,85.72,85.43,85.7,28368700.0
2019-06-06,85.68,85.96,85.57,85.88,23538600.0
2019-06-07,86.0,86.21,85.16,86.099998,29934000.0
2019-06-10,86.26,86.34,86.18,86.23,17482200.0
2019-06-11,86.51,86.66,86.22,86.35,34293700.0
2019-06-12,86.33,86.35,86.13,86.15,18195500.0
2019-06-13,86.3,86.41,86.25,86.35,19438500.0
2019-06-14,86.32,86.36,86.22,86.29,8842000.0
2019-06-17,86.24,86.29,86.12,86.16,10554000.0
2019-06-18,86.57,86.77,86.54,86.76,22540400.0
2019-06-19,86.7,87.19,86.55,87.17,28212600.0
2019-06-20,87.43,87.65,87.29,87.61,48362000.0
2019-06-21,87.38,87.45,87.33,87.33,22467800.0
2019-06-24,87.33,87.37,87.28,87.32,13764100.0
2019-06-25,87.31,87.31,86.89,86.95,26173600.0
2019-06-26,87.12,87.16,86.88,86.91,19554600.0
2019-06-27,87.059998,87.2,87.019997,87.15,12995100.0
2019-06-28,87.2,87.25,87.15,87.18,14690800.0
2019-07-01,87.13,87.26,86.8,86.82,26036100.0
2019-07-02,86.88,87.059998,86.84,87.010002,20683200.0
2019-07-03,87.050003,87.39,87.029999,87.34,16237900.0
2019-07-05,87.080002,87.089996,86.85,86.99,17591400.0
2019-07-08,86.95,86.95,86.81,86.82,16679400.0
2019-07-09,86.76,86.8,86.7,86.72,19189100.0
2019-07-10,86.93,87.080002,86.89,86.96,24497000.0
2019-07-11,87.010002,87.010002,86.67,86.79,19191200.0
2019-07-12,86.79,86.94,86.72,86.93,21291200.0
2019-07-15,86.91,87.07,86.86,86.99,10735200.0
2019-07-16,86.98,86.98,86.73,86.81,20147200.0
2019-07-17,86.88,86.88,86.69,86.7,9361300.0
2019-07-18,86.71,86.76,86.51,86.74,17236600.0
2019-07-19,86.74,86.78,86.56,86.59,14771000.0
2019-07-22,86.69,86.88,86.65,86.88,12852800.0
2019-07-23,86.95,87.059998,86.85,87.029999,14051800.0
2019-07-24,87.010002,87.11,86.99,87.099998,12713700.0
2019-07-25,87.15,87.15,86.91,86.98,14272500.0
2019-07-26,87.12,87.19,87.080002,87.17,8512700.0
2019-07-29,87.15,87.16,86.96,87.040001,14731800.0
2019-07-30,86.9,87.089996,86.84,87.080002,13794100.0
2019-07-31,87.15,87.26,86.58,86.93,23449700.0
2019-08-01,86.55,86.99,86.49,86.52,28839000.0
2019-08-02,86.49,86.49,86.18,86.39,23559600.0
2019-08-05,85.87,85.87,85.35,85.49,47727900.0
2019-08-06,85.87,86.12,85.67,86.040001,28695000.0
2019-08-07,85.69,86.13,85.45,86.029999,38028500.0
2019-08-08,86.050003,86.42,86.050003,86.37,27074700.0
2019-08-09,86.22,86.35,86.080002,86.25,19090800.0
2019-08-12,86.010002,86.14,85.88,85.95,17466700.0
2019-08-13,85.94,86.41,85.88,86.33,30078600.0
2019-08-14,85.94,85.97,85.5,85.56,29745300.0
2019-08-15,85.71,85.9,85.65,85.81,27296500.0
2019-08-16,85.94,86.13,85.94,86.099998,15780200.0
2019-08-19,86.26,86.36,86.22,86.35,13603000.0
2019-08-20,86.39,86.47,86.25,86.42,16126800.0
2019-08-21,86.64,86.85,86.58,86.79,18334300.0
2019-08-22,86.94,87.029999,86.75,86.95,20677200.0
2019-08-23,86.79,87.14,86.48,86.55,30340300.0
2019-08-26,86.82,86.98,86.74,86.98,14187800.0
2019-08-27,87.15,87.18,86.79,86.94,14722700.0
2019-08-28,86.92,87.19,86.89,87.15,13576000.0
2019-08-29,87.34,87.41,87.19,87.24,16271400.0
2019-08-30,87.38,87.39,86.97,87.16,14413600.0
2019-09-03,86.72,86.72,86.39,86.54,20561500.0
2019-09-04,86.69,86.75,86.59,86.72,13526700.0
2019-09-05,86.8,87.13,86.78,87.059998,23399100.0
2019-09-06,87.18,87.3,87.040001,87.14,25162700.0
2019-09-09,87.19,87.26,87.019997,87.23,17484200.0
2019-09-10,87.24,87.31,87.099998,87.28,14055800.0
2019-09-11,87.23,87.3,87.17,87.27,13999200.0
2019-09-12,87.34,87.43,87.25,87.32,23246400.0
2019-09-13,87.17,87.31,87.11,87.16,34407300.0
2019-09-16,87.3,87.48,87.18,87.47,23020800.0
2019-09-17,87.5,87.53,87.34,87.52,14626400.0
2019-09-18,87.46,87.54,87.19,87.47,15913800.0
2019-09-19,87.42,87.54,87.33,87.37,13327000.0
2019-09-20,87.4,87.51,87.34,87.48,23298400.0
2019-09-23,87.41,87.51,87.39,87.44,15456800.0
2019-09-24,87.52,87.53,87.21,87.32,21934200.0
2019-09-25,87.25,87.29,87.029999,87.23,15142100.0
2019-09-26,87.23,87.26,87.040001,87.17,13873100.0
2019-09-27,87.16,87.23,87.0,87.07,13419200.0
2019-09-30,87.059998,87.17,87.019997,87.17,21827700.0
2019-10-01,86.84,86.86,86.55,86.62,27665700.0
2019-10-02,86.57,86.58,86.040001,86.11,33789500.0
2019-10-03,86.12,86.24,85.75,86.16,30387800.0
2019-10-04,86.27,86.44,86.2,86.43,17588600.0
2019-10-07,86.37,86.49,86.25,86.36,14542500.0
2019-10-08,86.27,86.32,86.040001,86.040001,15471500.0
2019-10-09,86.27,86.38,86.25,86.3,11351300.0
2019-10-10,86.32,86.48,86.3,86.41,11092800.0
2019-10-11,86.64,86.83,86.57,86.77,18661400.0
2019-10-14,86.77,86.87,86.69,86.83,9842600.0
2019-10-15,86.84,87.07,86.8,87.019997,26321500.0
2019-10-16,86.99,87.010002,86.94,86.95,11813000.0
2019-10-17,87.010002,87.099998,87.0,87.07,14814300.0
2019-10-18,87.07,87.13,86.96,87.089996,21363700.0
2019-10-21,87.16,87.17,87.11,87.12,10090400.0
2019-10-22,87.18,87.18,87.080002,87.14,15464300.0
2019-10-23,87.15,87.23,87.089996,87.22,9097500.0
2019-10-24,87.26,87.32,87.17,87.32,14832800.0
2019-10-25,87.3,87.42,87.3,87.39,11593600.0
2019-10-28,87.4,87.44,87.36,87.38,10646500.0
2019-10-29,87.37,87.4,87.2,87.22,10655700.0
2019-10-30,87.27,87.28,87.0,87.11,24566400.0
2019-10-31,87.089996,87.099998,86.79,86.81,24576400.0
2019-11-01,86.59,86.91,86.58,86.82,23894100.0
2019-11-04,86.98,87.050003,86.94,87.0,14135800.0
2019-11-05,87.07,87.080002,86.82,86.91,21946800.0
2019-11-06,86.91,86.91,86.78,86.81,8976900.0
2019-11-07,86.94,86.98,86.75,86.77,15077600.0
2019-11-08,86.76,86.88,86.64,86.85,11692800.0
2019-11-11,86.77,86.84,86.68,86.8,4933600.0
2019-11-12,86.75,86.89,86.73,86.82,14690200.0
2019-11-13,86.73,86.77,86.68,86.73,15333600.0
2019-11-14,86.74,86.8,86.65,86.68,14965100.0
2019-11-15,86.77,86.95,86.76,86.94,12996200.0
2019-11-18,86.87,86.9,86.79,86.83,13135800.0
2019-11-19,86.74,86.75,86.52,86.52,20175500.0
2019-11-20,86.47,86.58,86.33,86.34,22566100.0
2019-11-21,86.43,86.45,86.27,86.36,17853800.0
2019-11-22,86.49,86.69,86.4,86.69,20394800.0
2019-11-25,86.71,86.94,86.71,86.92,16885300.0
2019-11-26,86.95,87.019997,86.9,87.019997,11469400.0
2019-11-27,86.99,87.15,86.95,87.13,11814700.0
2019-11-29,87.11,87.11,86.93,86.94,11519500.0
2019-12-02,86.63,86.63,86.35,86.54,20966400.0
2019-12-03,86.34,86.47,86.24,86.42,29757200.0
2019-12-04,86.46,86.71,86.46,86.68,12406800.0
2019-12-05,86.74,86.81,86.58,86.81,18158900.0
2019-12-06,86.95,87.010002,86.85,86.93,16094700.0
2019-12-09,86.9,87.0,86.9,86.93,18034300.0
2019-12-10,86.93,87.15,86.9,87.14,15117100.0
2019-12-11,87.16,87.34,87.089996,87.32,14127500.0
2019-12-12,87.36,87.61,87.33,87.52,18958100.0
2019-12-13,87.55,87.65,87.5,87.61,18088100.0
2019-12-16,87.74,87.83,87.7,87.78,17517400.0
2019-12-17,87.79,88.050003,87.79,88.050003,18650700.0
2019-12-18,88.089996,88.25,88.059998,88.21,31575700.0
2019-12-19,87.91,87.93,87.72,87.85,29429300.0
2019-12-20,87.95,87.99,87.7,87.72,31918800.0
2019-12-23,87.75,87.8,87.73,87.76,9720200.0
2019-12-24,87.78,87.83,87.73,87.83,4854900.0
2019-12-26,87.94,87.99,87.89,87.96,11382700.0
2019-12-27,88.019997,88.019997,87.89,87.92,11627100.0
2019-12-30,88.0,88.019997,87.77,87.86,12524300.0
2019-12-31,87.86,87.95,87.81,87.94,8310800.0
2020-01-02,88.099998,88.32,88.050003,88.31,15756600.0
2020-01-03,88.12,88.28,88.040001,88.22,17342200.0
2020-01-06,88.11,88.18,88.050003,88.13,17936900.0
2020-01-07,88.14,88.16,88.040001,88.050003,9640300.0
2020-01-08,88.07,88.23,88.019997,88.13,16088100.0
2020-01-09,88.24,88.37,88.17,88.36,16649500.0
2020-01-10,88.37,88.41,88.3,88.39,16182900.0
2020-01-13,88.4,88.45,88.35,88.39,17762400.0
2020-01-14,88.37,88.49,88.28,88.38,29157100.0
2020-01-15,88.4,88.53,88.39,88.4,24637900.0
2020-01-16,88.47,88.53,88.38,88.43,22349200.0
2020-01-17,88.48,88.51,88.36,88.36,29626700.0
2020-01-21,88.34,88.43,88.17,88.17,19724900.0
2020-01-22,88.31,88.37,88.23,88.33,17731800.0
2020-01-23,88.18,88.2,88.019997,88.059998,28566200.0
2020-01-24,88.07,88.07,87.65,87.69,40838300.0
2020-01-27,87.24,87.38,86.96,87.099998,41372700.0
2020-01-28,87.5,87.96,87.39,87.85,32628300.0
2020-01-29,87.97,88.23,87.78,87.8,17308200.0
2020-01-30,87.51,87.91,87.5,87.89,20103300.0
2020-01-31,87.8,87.8,87.39,87.53,35659700.0
2020-02-03,87.33,87.47,87.13,87.15,25754700.0
2020-02-04,87.5,87.69,87.48,87.67,25063800.0
2020-02-05,87.88,88.059998,87.84,88.029999,36687700.0
2020-02-06,88.0,88.15,87.87,88.099998,18329900.0
2020-02-07,87.99,88.050003,87.88,87.97,12865100.0
2020-02-10,87.95,88.099998,87.88,88.089996,14220000.0
2020-02-11,88.27,88.28,88.15,88.15,16821500.0
2020-02-12,88.32,88.46,88.26,88.38,26688200.0
2020-02-13,88.31,88.46,88.29,88.41,13297900.0
2020-02-14,88.44,88.49,88.35,88.4,11398800.0
2020-02-18,88.35,88.4,88.15,88.22,26635300.0
2020-02-19,88.31,88.37,88.25,88.26,18547500.0
2020-02-20,88.32,88.44,88.059998,88.41,31277000.0
2020-02-21,88.34,88.38,88.16,88.33,23027000.0
2020-02-24,87.5,87.6,87.2,87.38,57828300.0
2020-02-25,87.76,87.81,86.69,86.77,68418000.0
2020-02-26,86.93,87.25,86.6,86.86,69233800.0
2020-02-27,86.13,86.69,85.52,85.69,72596300.0
2020-02-28,84.69,86.15,84.69,86.040001,97472600.0
2020-03-02,85.64,86.4,85.23,86.31,72357700.0
2020-03-03,86.38,87.19,85.74,85.94,58721000.0
2020-03-04,86.66,87.16,86.59,87.12,52664700.0
2020-03-05,86.36,86.51,85.85,86.019997,62455700.0
2020-03-06,84.53,85.28,84.089996,85.050003,69860600.0
2020-03-09,79.64,83.49,79.64,81.39,73609600.0
2020-03-10,82.62,82.87,81.13,82.64,57598000.0
2020-03-11,81.25,81.69,80.2,80.84,60006600.0
2020-03-12,76.38,80.25,76.23,77.61,82926400.0
2020-03-13,80.13,80.28,78.14,80.050003,69164600.0
2020-03-16,75.72,77.65,74.3,75.65,43080100.0
2020-03-17,75.55,77.7,74.63,76.36,68569400.0
2020-03-18,73.85,74.75,71.91,72.99,54289800.0
2020-03-19,71.86,72.67,70.77,71.35,45706300.0
2020-03-20,71.41,72.14,69.41,69.75,55796500.0
2020-03-23,70.050003,70.12,67.52,68.63,48862100.0
2020-03-24,70.089996,71.95,69.9,71.46,51304000.0
2020-03-25,72.25,75.57,72.080002,73.47,45692600.0
2020-03-26,74.010002,76.83,73.7,76.83,41965200.0
2020-03-27,75.44,78.37,75.36,77.029999,66536800.0
2020-03-30,77.099998,78.040001,76.64,77.69,35016900.0
2020-03-31,77.37,77.71,76.98,77.07,31103400.0
2020-04-01,75.18,75.27,74.37,74.58,36859100.0
2020-04-02,74.37,76.3,74.23,75.16,31824800.0
2020-04-03,75.0,75.2,73.32,73.55,39986200.0
2020-04-06,75.059998,75.56,74.81,75.34,32347800.0
2020-04-07,76.43,76.72,75.24,75.34,35120800.0
2020-04-08,75.96,77.63,75.69,77.3,46291400.0
2020-04-09,81.97,84.050003,81.49,82.36,88846900.0
2020-04-13,81.81,81.92,80.42,81.18,40390500.0
2020-04-14,81.91,82.089996,80.97,81.52,37632800.0
2020-04-15,80.25,80.91,79.96,80.76,34367500.0
2020-04-16,80.56,80.75,79.93,80.68,25821900.0
2020-04-17,81.32,81.4,80.85,81.089996,38251800.0
2020-04-20,80.29,80.79,79.72,79.87,24676200.0
2020-04-21,78.96,79.059998,78.25,78.41,42335600.0
2020-04-22,79.26,79.37,78.84,79.099998,15720900.0
2020-04-23,79.25,79.66,78.73,79.059998,23896700.0
2020-04-24,79.12,79.23,78.16,78.32,37915200.0
2020-04-27,78.7,78.93,78.51,78.64,20550700.0
2020-04-28,79.07,79.12,78.44,78.88,23927600.0
2020-04-29,79.43,80.36,79.27,80.27,34838300.0
2020-04-30,79.85,80.56,79.53,80.43,34636000.0
2020-05-01,79.34,79.54,78.61,78.68,31859400.0
2020-05-04,78.53,78.87,78.2,78.57,20400900.0
2020-05-05,78.82,79.25,78.82,79.25,26484200.0
2020-05-06,79.33,79.43,78.77,78.8,18823300.0
2020-05-07,79.2,79.71,78.97,79.0,19581700.0
2020-05-08,79.33,79.76,79.27,79.75,21770400.0
2020-05-11,79.58,79.72,79.34,79.39,14285100.0
2020-05-12,79.91,80.0,79.29,79.29,25332700.0
2020-05-13,79.35,79.42,78.74,78.87,29962000.0
2020-05-14,78.46,78.9,77.98,78.6,30429100.0
2020-05-15,78.37,78.84,78.17,78.71,34133400.0
2020-05-18,79.96,80.16,79.66,80.099998,31900200.0
2020-05-19,80.040001,80.43,79.89,80.2,18536500.0
2020-05-20,80.62,81.25,80.55,81.050003,36053700.0
2020-05-21,81.029999,81.23,80.8,81.029999,23307300.0
2020-05-22,80.95,81.33,80.81,81.23,11311900.0
2020-05-26,81.83,82.16,81.18,81.84,27673800.0
2020-05-27,82.42,82.45,81.66,82.010002,24905000.0
2020-05-28,82.13,82.55,81.94,82.089996,23282500.0
2020-05-29,82.050003,82.62,81.88,82.42,32189000.0
2020-06-01,81.94,82.75,81.82,82.72,46987000.0
2020-06-02,82.85,83.58,82.62,83.54,35930900.0
2020-06-03,83.88,84.38,83.78,83.93,35991000.0
2020-06-04,83.84,83.98,83.52,83.67,36405800.0
2020-06-05,84.57,85.029999,84.4,84.46,35306500.0
2020-06-08,84.66,84.68,84.35,84.56,20493100.0
2020-06-09,84.11,84.15,83.58,83.9,28412400.0
2020-06-10,83.79,84.22,83.26,83.78,36663100.0
2020-06-11,82.58,82.62,81.47,81.63,48794500.0
2020-06-12,82.74,82.87,81.85,82.44,36156800.0
2020-06-15,81.9,83.78,81.72,83.24,39432300.0
2020-06-16,84.25,84.33,83.31,83.58,40976300.0
2020-06-17,83.52,83.62,83.15,83.19,17066700.0
2020-06-18,82.96,83.21,82.83,83.16,22223600.0
2020-06-19,83.32,83.37,82.71,82.88,32037600.0
2020-06-22,82.87,83.029999,82.69,82.82,21536000.0
2020-06-23,83.11,83.14,82.89,82.94,17438000.0
2020-06-24,82.68,82.78,81.54,82.089996,43720600.0
2020-06-25,81.87,82.17,81.49,82.12,31159700.0
2020-06-26,82.010002,82.010002,81.23,81.34,33705800.0
2020-06-29,81.44,81.45,80.48,80.88,76540200.0
2020-06-30,81.15,81.8,81.080002,81.62,40554300.0
2020-07-01,81.41,81.77,81.41,81.53,28799100.0
2020-07-02,82.24,82.51,81.97,82.13,30623300.0
2020-07-06,82.62,82.74,82.41,82.72,22888200.0
2020-07-07,82.63,82.84,82.13,82.17,22408000.0
2020-07-08,82.13,82.5,82.12,82.39,21155700.0
2020-07-09,82.39,82.46,81.83,82.21,21655600.0
2020-07-10,82.07,82.54,81.98,82.49,17903400.0
2020-07-13,82.8,82.91,82.029999,82.040001,20039400.0
2020-07-14,82.040001,82.78,82.040001,82.74,31929700.0
2020-07-15,83.24,83.31,82.91,83.21,21291300.0
2020-07-16,83.16,83.3,83.080002,83.29,17570400.0
2020-07-17,83.48,83.55,83.21,83.52,22863700.0
2020-07-20,83.59,84.059998,83.51,84.019997,16701600.0
2020-07-21,84.3,84.58,84.27,84.41,22331600.0
2020-07-22,84.5,84.62,84.34,84.58,15251400.0
2020-07-23,84.57,84.62,83.97,84.52,28434900.0
2020-07-24,84.34,84.7,84.3,84.6,14977500.0
2020-07-27,84.73,84.82,84.51,84.8,12931500.0
2020-07-28,84.72,84.8,84.5,84.58,14862900.0
2020-07-29,84.84,85.11,84.7,85.050003,18012800.0
2020-07-30,84.78,85.27,84.74,85.23,54812400.0
2020-07-31,85.2,85.4,84.9,85.39,28623100.0
2020-08-03,85.029999,85.11,84.85,85.07,17480600.0
2020-08-04,84.97,85.07,84.8,85.040001,17120700.0
2020-08-05,85.059998,85.23,85.010002,85.19,14566000.0
2020-08-06,85.19,85.4,85.099998,85.38,13258600.0
2020-08-07,85.35,85.35,85.050003,85.17,14289900.0
2020-08-10,85.26,85.3,85.010002,85.21,13708700.0
2020-08-11,85.25,85.27,84.4,84.44,20535400.0
2020-08-12,84.81,85.019997,84.46,84.46,18003400.0
2020-08-13,84.48,84.81,84.15,84.23,28444900.0
2020-08-14,84.21,84.3,83.92,84.080002,14072300.0
2020-08-17,84.16,84.62,84.099998,84.58,13756500.0
2020-08-18,84.62,84.77,84.41,84.71,24900300.0
2020-08-19,84.67,84.79,84.37,84.47,18738300.0
2020-08-20,84.33,84.75,84.32,84.75,19912800.0
2020-08-21,84.75,84.81,84.63,84.74,17570600.0
2020-08-24,84.9,85.17,84.89,85.13,16058100.0
2020-08-25,85.14,85.28,84.91,85.22,24018600.0
2020-08-26,85.23,85.37,85.17,85.21,16243100.0
2020-08-27,85.32,85.35,84.9,85.080002,19861800.0
2020-08-28,85.13,85.27,85.089996,85.15,14418500.0
2020-08-31,85.13,85.23,84.99,85.029999,21473800.0
2020-09-01,84.71,85.23,84.64,85.15,22774200.0
2020-09-02,85.2,85.39,84.95,85.25,15878600.0
2020-09-03,85.099998,85.12,84.37,84.72,34169800.0
2020-09-04,84.8,84.94,83.98,84.49,36087300.0
2020-09-08,84.14,84.41,83.91,84.019997,34967600.0
2020-09-09,84.38,84.74,84.25,84.68,32976800.0
2020-09-10,84.81,84.83,84.25,84.28,32866300.0
2020-09-11,84.34,84.49,84.099998,84.45,20807100.0
2020-09-14,84.62,84.7,84.27,84.36,28958000.0
2020-09-15,84.55,84.72,84.44,84.59,22176900.0
2020-09-16,84.65,84.99,84.51,84.59,26951200.0
2020-09-17,84.31,84.66,84.23,84.5,25752400.0
2020-09-18,84.67,84.69,84.25,84.29,29891800.0
2020-09-21,83.93,84.029999,83.38,83.61,42968900.0
2020-09-22,83.71,83.95,83.52,83.9,41396800.0
2020-09-23,83.98,83.98,82.96,83.050003,39577800.0
2020-09-24,82.87,83.34,82.56,83.099998,38755800.0
2020-09-25,83.0,83.16,82.76,82.95,36032200.0
2020-09-28,83.38,83.62,83.19,83.49,20277000.0
2020-09-29,83.56,83.61,83.29,83.56,20243400.0
2020-09-30,83.56,84.029999,83.55,83.9,28797600.0
2020-10-01,83.81,83.89,83.69,83.83,31098000.0
2020-10-02,83.28,83.87,83.28,83.83,26284300.0
2020-10-05,83.99,84.48,83.92,84.46,27394000.0
2020-10-06,84.48,84.75,84.22,84.27,37848500.0
2020-10-07,84.52,84.63,84.47,84.57,20968200.0
2020-10-08,84.84,84.85,84.64,84.76,18738800.0
2020-10-09,84.89,85.029999,84.76,84.95,21287800.0
2020-10-12,85.22,85.47,85.13,85.38,10503400.0
2020-10-13,85.16,85.26,84.93,85.0,25183100.0
2020-10-14,84.96,85.019997,84.72,84.79,31620600.0
2020-10-15,84.45,84.78,84.32,84.73,32232100.0
2020-10-16,84.86,84.94,84.52,84.63,27456900.0
2020-10-19,84.8,84.86,84.3,84.33,20998100.0
2020-10-20,84.48,84.77,84.47,84.63,27650700.0
2020-10-21,84.62,84.8,84.53,84.62,26901600.0
2020-10-22,84.61,84.84,84.45,84.77,28977800.0
2020-10-23,84.9,84.92,84.67,84.87,20734700.0
2020-10-26,84.56,84.62,84.089996,84.12,50102400.0
2020-10-27,84.18,84.34,84.12,84.16,30880900.0
2020-10-28,83.61,83.72,83.31,83.46,45794300.0
2020-10-29,83.4,83.74,83.27,83.7,37112600.0
2020-10-30,83.63,83.92,83.43,83.88,36801700.0
2020-11-02,83.78,83.85,83.49,83.72,25665400.0
2020-11-03,83.89,84.44,83.89,84.44,39777600.0
2020-11-04,84.69,85.41,84.66,85.23,57673400.0
2020-11-05,85.64,85.88,85.42,85.53,55079000.0
2020-11-06,85.56,85.58,85.11,85.23,25953400.0
2020-11-09,86.88,86.9,85.84,85.88,59347100.0
2020-11-10,85.78,86.059998,83.38,85.76,39295700.0
2020-11-11,85.92,85.93,85.63,85.73,14416200.0
2020-11-12,85.65,85.65,85.15,85.15,43300100.0
2020-11-13,85.25,85.53,85.24,85.44,20277100.0
2020-11-16,85.9,85.96,85.69,85.92,28350400.0
2020-11-17,85.78,86.11,85.72,85.95,23747100.0
2020-11-18,86.040001,86.14,85.76,85.79,22098900.0
2020-11-19,85.71,86.14,85.65,86.080002,21704200.0
2020-11-20,85.92,86.019997,85.85,85.92,48530200.0
2020-11-23,86.14,86.21,85.96,86.050003,23790600.0
2020-11-24,86.32,86.52,86.21,86.31,26080100.0
2020-11-25,86.3,86.42,86.19,86.27,26510900.0
2020-11-27,86.43,86.5,86.39,86.41,7338500.0
2020-11-30,86.43,86.43,86.15,86.32,24256900.0
2020-12-01,86.25,86.39,86.18,86.2,26256700.0
2020-12-02,86.22,86.55,86.15,86.44,23705000.0
2020-12-03,86.52,86.7,86.44,86.49,20748400.0
2020-12-04,86.67,86.9,86.52,86.85,19362000.0
2020-12-07,86.8,86.84,86.68,86.81,17811300.0
2020-12-08,86.77,86.85,86.7,86.74,21408300.0
2020-12-09,86.85,86.85,86.49,86.61,36608500.0
2020-12-10,86.48,86.88,86.46,86.77,24251500.0
2020-12-11,86.72,86.86,86.54,86.68,17699600.0
2020-12-14,86.83,86.88,86.6,86.7,20705200.0
2020-12-15,86.85,87.0,86.68,86.97,25052800.0
2020-12-16,86.94,86.97,86.6,86.84,42386700.0
2020-12-17,86.59,86.68,86.51,86.61,23911400.0
2020-12-18,86.65,86.72,86.55,86.68,26741200.0
2020-12-21,86.38,86.55,86.22,86.37,30308300.0
2020-12-22,86.43,86.54,86.35,86.48,21975100.0
2020-12-23,86.62,86.91,86.6,86.87,15913900.0
2020-12-24,86.95,87.050003,86.94,87.050003,7327300.0
2020-12-28,87.18,87.23,87.040001,87.16,22575500.0
2020-12-29,87.31,87.31,87.040001,87.050003,22893000.0
2020-12-30,87.080002,87.28,87.080002,87.23,21080100.0
2020-12-31,87.21,87.34,87.17,87.3,12059900.0
2021-01-04,87.4,87.4,86.87,87.12,34528300.0
2021-01-05,87.019997,87.25,86.98,87.15,33725500.0
2021-01-06,87.089996,87.34,86.97,86.99,37148100.0
2021-01-07,87.18,87.37,87.13,87.24,25868200.0
2021-01-08,87.35,87.38,87.14,87.37,27403600.0
2021-01-11,87.019997,87.17,86.89,86.9,26608000.0
2021-01-12,86.89,87.07,86.79,87.010002,41746100.0
2021-01-13,86.98,87.31,86.95,87.27,47710300.0
2021-01-14,87.27,87.38,87.22,87.25,25484800.0
2021-01-15,87.14,87.27,87.050003,87.11,48134800.0
2021-01-19,87.35,87.38,87.15,87.36,24270500.0
2021-01-20,87.62,87.62,87.37,87.52,24534700.0
2021-01-21,87.47,87.57,87.38,87.47,20451400.0
2021-01-22,87.28,87.39,87.18,87.3,26615900.0
2021-01-25,87.3,87.34,87.029999,87.32,28718200.0
2021-01-26,87.29,87.33,87.18,87.19,39103500.0
2021-01-27,87.019997,87.22,86.81,86.94,46378600.0
2021-01-28,87.16,87.49,87.14,87.2,38836200.0
2021-01-29,87.13,87.37,86.89,86.97,46095900.0
2021-02-01,86.81,86.97,86.66,86.93,35620700.0
2021-02-02,87.15,87.26,87.089996,87.14,29522300.0
2021-02-03,87.2,87.36,87.17,87.21,31911000.0
2021-02-04,87.35,87.47,87.31,87.39,21181100.0
2021-02-05,87.63,87.65,87.48,87.52,21653100.0
2021-02-08,87.59,87.78,87.56,87.78,16590100.0
2021-02-09,87.65,87.73,87.57,87.62,14404300.0
2021-02-10,87.62,87.68,87.47,87.6,20469400.0
2021-02-11,87.64,87.68,87.54,87.64,17047200.0
2021-02-12,87.55,87.79,87.55,87.78,17800100.0
2021-02-16,87.73,87.74,87.57,87.64,22264400.0
2021-02-17,87.46,87.61,87.43,87.61,20276700.0
2021-02-18,87.47,87.59,87.39,87.49,26366700.0
2021-02-19,87.63,87.63,87.48,87.5,28124800.0
2021-02-22,87.37,87.46,87.23,87.23,25455400.0
2021-02-23,87.19,87.51,87.010002,87.44,29015900.0
2021-02-24,87.31,87.53,87.23,87.53,21791800.0
2021-02-25,87.33,87.42,86.6,86.7,59413400.0
2021-02-26,86.88,86.92,86.41,86.44,46615300.0
2021-03-01,86.67,87.16,86.56,87.099998,48014200.0
2021-03-02,87.15,87.16,86.93,86.97,23988500.0
2021-03-03,86.84,86.91,86.66,86.69,30197000.0
2021-03-04,86.75,86.95,86.080002,86.36,49020300.0
2021-03-05,86.49,86.72,86.089996,86.62,46950100.0
2021-03-08,86.57,86.64,85.97,85.99,39868700.0
2021-03-09,86.22,86.45,86.080002,86.11,31441100.0
2021-03-10,86.22,86.5,86.15,86.38,23776600.0
2021-03-11,86.58,86.86,86.58,86.7,27728500.0
2021-03-12,86.56,86.6,86.37,86.46,21842000.0
2021-03-15,86.4,86.55,86.31,86.47,14719400.0
2021-03-16,86.43,86.49,86.18,86.27,22931400.0
2021-03-17,86.099998,86.65,86.040001,86.39,28345800.0
2021-03-18,86.059998,86.17,85.71,85.73,37150300.0
2021-03-19,85.86,86.15,85.65,86.059998,47467800.0
2021-03-22,86.2,86.52,86.15,86.37,32979500.0
2021-03-23,86.35,86.5,86.25,86.46,24705800.0
2021-03-24,86.54,86.8,86.51,86.51,31374500.0
2021-03-25,86.45,86.66,86.36,86.66,24070300.0
2021-03-26,86.76,86.93,86.57,86.92,25948000.0
2021-03-29,86.86,87.0,86.7,86.97,17447500.0
2021-03-30,86.83,86.88,86.74,86.76,19622100.0
2021-03-31,86.86,87.21,86.85,87.18,41604700.0
2021-04-01,86.97,87.07,86.85,87.07,30806600.0
2021-04-05,87.080002,87.18,87.040001,87.11,20758300.0
2021-04-06,87.13,87.3,87.13,87.26,15367900.0
2021-04-07,87.28,87.32,87.17,87.23,15645400.0
2021-04-08,87.33,87.36,87.24,87.26,11052100.0
2021-04-09,87.15,87.21,87.099998,87.2,17413100.0
2021-04-12,87.099998,87.14,87.019997,87.11,15464500.0
2021-04-13,87.010002,87.2,86.91,87.17,20643500.0
2021-04-14,87.19,87.29,87.089996,87.13,17992800.0
2021-04-15,87.33,87.48,87.27,87.48,20944400.0
2021-04-16,87.5,87.53,87.3,87.3,32509300.0
2021-04-19,87.2,87.29,87.12,87.16,23904900.0
2021-04-20,87.059998,87.14,86.96,87.010002,22901000.0
2021-04-21,86.97,87.3,86.96,87.3,19527000.0
2021-04-22,87.32,87.33,87.12,87.14,18506500.0
2021-04-23,87.2,87.45,87.19,87.37,14388700.0
2021-04-26,87.38,87.48,87.29,87.33,12746100.0
2021-04-27,87.38,87.38,87.21,87.21,17660600.0
2021-04-28,87.24,87.45,87.17,87.38,14795000.0
2021-04-29,87.55,87.55,87.35,87.48,17152900.0
2021-04-30,87.37,87.49,87.35,87.44,23367500.0
2021-05-03,87.23,87.33,87.17,87.18,15782400.0
2021-05-04,87.11,87.15,86.97,87.13,23089700.0
2021-05-05,87.19,87.32,87.17,87.3,13676300.0
2021-05-06,87.29,87.34,87.15,87.27,23110100.0
2021-05-07,87.35,87.41,87.23,87.33,17872700.0
2021-05-10,87.36,87.38,87.13,87.13,16580800.0
2021-05-11,86.9,87.089996,86.81,87.040001,28683600.0
2021-05-12,86.92,86.98,86.62,86.62,31630100.0
2021-05-13,86.77,87.0,86.76,86.93,28689600.0
2021-05-14,87.050003,87.21,87.019997,87.21,22550800.0
2021-05-17,87.2,87.21,86.99,87.050003,13545000.0
2021-05-18,87.17,87.17,86.83,86.84,16447500.0
2021-05-19,86.6,86.84,86.57,86.61,34701000.0
2021-05-20,86.68,87.34,86.68,86.98,28013700.0
2021-05-21,87.080002,87.13,86.92,87.11,36466200.0
2021-05-24,87.18,87.31,87.099998,87.21,24277800.0
2021-05-25,87.26,87.28,87.14,87.22,15466600.0
2021-05-26,87.16,87.27,87.16,87.25,14354900.0
2021-05-27,87.38,87.38,87.2,87.21,12682100.0
2021-05-28,87.3,87.35,87.18,87.18,15464100.0
2021-06-01,87.059998,87.16,87.0,87.15,22655300.0
2021-06-02,87.15,87.27,87.12,87.26,13698300.0
2021-06-03,87.029999,87.23,86.99,87.080002,16701800.0
2021-06-04,87.23,87.31,87.17,87.27,26829200.0
2021-06-07,87.29,87.35,87.26,87.3,9189800.0
2021-06-08,87.44,87.44,87.31,87.36,10983900.0
2021-06-09,87.47,87.49,87.4,87.43,13232200.0
2021-06-10,87.5,87.66,87.46,87.59,15290000.0
2021-06-11,87.65,87.69,87.55,87.62,12559600.0
2021-06-14,87.59,87.59,87.47,87.54,19408600.0
2021-06-15,87.48,87.57,87.44,87.53,16037000.0
2021-06-16,87.53,87.57,87.26,87.41,21267200.0
2021-06-17,87.46,87.5,87.38,87.47,21099000.0
2021-06-18,87.34,87.45,87.29,87.43,35134500.0
2021-06-21,87.52,87.6,87.45,87.6,21265000.0
2021-06-22,87.57,87.66,87.52,87.66,14604400.0
2021-06-23,87.63,87.75,87.57,87.57,16583100.0
2021-06-24,87.74,87.84,87.7,87.84,12722300.0
2021-06-25,87.85,87.95,87.83,87.93,16175000.0
2021-06-28,87.97,87.97,87.86,87.92,16019300.0
2021-06-29,87.94,88.029999,87.93,88.029999,12728000.0
2021-06-30,87.97,88.07,87.96,88.040001,26093500.0
2021-07-01,87.83,87.92,87.81,87.92,31932400.0
2021-07-02,87.96,88.07,87.92,88.059998,11464800.0
2021-07-06,88.059998,88.080002,87.94,88.010002,17784300.0
2021-07-07,88.089996,88.099998,87.93,88.040001,11463700.0
2021-07-08,87.81,87.93,87.77,87.85,21936400.0
2021-07-09,87.88,88.019997,87.87,88.0,17698100.0
2021-07-12,88.0,88.019997,87.89,87.97,17546700.0
2021-07-13,87.92,87.96,87.7,87.71,26938600.0
2021-07-14,87.81,87.88,87.74,87.85,16100200.0
2021-07-15,87.77,87.82,87.72,87.79,16384800.0
2021-07-16,87.84,87.84,87.64,87.67,17820400.0
2021-07-19,87.46,87.49,86.98,87.080002,54224700.0
2021-07-20,87.16,87.53,87.080002,87.52,26941300.0
2021-07-21,87.58,87.76,87.56,87.73,18522600.0
2021-07-22,87.74,87.85,87.65,87.78,17110500.0
2021-07-23,87.88,87.99,87.83,87.95,19441000.0
2021-07-26,87.92,87.97,87.78,87.82,15282700.0
2021-07-27,87.7,87.77,87.56,87.7,19919000.0
2021-07-28,87.8,87.85,87.67,87.77,15129200.0
2021-07-29,87.83,88.0,87.83,87.96,18675000.0
2021-07-30,87.93,87.97,87.84,87.84,21062100.0
2021-08-02,87.67,87.69,87.34,87.34,27274400.0
2021-08-03,87.39,87.46,87.28,87.44,16058700.0
2021-08-04,87.37,87.42,87.28,87.28,17113300.0
2021-08-05,87.33,87.52,87.33,87.48,15465700.0
2021-08-06,87.43,87.52,87.37,87.38,12923200.0
2021-08-09,87.34,87.36,87.18,87.18,10788700.0
2021-08-10,87.19,87.2,86.97,86.98,31522900.0
2021-08-11,87.040001,87.16,87.010002,87.12,15834400.0
2021-08-12,87.12,87.29,87.089996,87.27,14127800.0
2021-08-13,87.3,87.46,87.3,87.46,10016800.0
2021-08-16,87.44,87.49,87.35,87.49,12598100.0
2021-08-17,87.39,87.4,87.2,87.29,18468400.0
2021-08-18,87.3,87.39,87.089996,87.089996,12147600.0
2021-08-19,87.0,87.2,86.95,87.080002,20026700.0
2021-08-20,87.099998,87.33,87.089996,87.29,16784100.0
2021-08-23,87.41,87.59,87.41,87.56,21933100.0
2021-08-24,87.58,87.7,87.55,87.68,20828100.0
2021-08-25,87.7,87.82,87.66,87.77,19085400.0
2021-08-26,87.76,87.77,87.58,87.72,17676100.0
2021-08-27,87.75,87.99,87.73,87.96,18519700.0
2021-08-30,87.98,88.099998,87.96,88.07,11640000.0
2021-08-31,88.059998,88.099998,87.97,88.089996,19163900.0
2021-09-01,87.84,87.98,87.82,87.89,22973500.0
2021-09-02,88.0,88.019997,87.93,88.0,16521300.0
2021-09-03,87.96,88.040001,87.89,88.010002,6491000.0
2021-09-07,87.99,87.99,87.77,87.78,11728800.0
2021-09-08,87.79,87.91,87.71,87.88,13020900.0
2021-09-09,87.87,87.98,87.86,87.96,23024700.0
2021-09-10,88.080002,88.089996,87.82,87.83,16112600.0
2021-09-13,87.95,88.059998,87.89,88.050003,17136900.0
2021-09-14,88.080002,88.12,87.97,88.010002,20108000.0
2021-09-15,88.019997,88.14,88.010002,88.14,17069500.0
2021-09-16,88.11,88.14,87.95,88.11,13859700.0
2021-09-17,88.080002,88.089996,87.97,88.0,38948500.0
2021-09-20,87.6,87.81,87.55,87.69,49641000.0
2021-09-21,87.83,87.88,87.68,87.84,27304200.0
2021-09-22,87.97,88.080002,87.85,88.0,24344800.0
2021-09-23,88.050003,88.16,87.96,88.040001,27590300.0
2021-09-24,87.96,88.019997,87.86,87.91,21713200.0
2021-09-27,87.76,87.89,87.73,87.83,17652900.0
2021-09-28,87.66,87.7,87.38,87.43,35515900.0
2021-09-29,87.53,87.71,87.51,87.59,19783400.0
2021-09-30,87.64,87.68,87.38,87.49,41680700.0
2021-10-01,87.35,87.48,87.14,87.41,30062800.0
2021-10-04,87.35,87.38,87.080002,87.099998,24726400.0
2021-10-05,87.19,87.22,87.029999,87.059998,22347700.0
2021-10-06,86.87,87.040001,86.77,87.010002,28905900.0
2021-10-07,87.13,87.3,86.96,87.019997,29054000.0
2021-10-08,87.0,87.050003,86.76,86.76,28064300.0
2021-10-11,86.76,86.81,86.49,86.49,16068400.0
2021-10-12,86.6,86.77,86.58,86.65,32922200.0
2021-10-13,86.7,86.88,86.56,86.88,29370400.0
2021-10-14,87.050003,87.38,87.040001,87.37,26937000.0
2021-10-15,87.39,87.39,87.17,87.22,29782900.0
2021-10-18,87.019997,87.18,86.99,87.18,20338400.0
2021-10-19,87.18,87.25,87.12,87.24,26103300.0
2021-10-20,87.25,87.29,87.19,87.27,19720100.0
2021-10-21,87.25,87.29,86.99,87.050003,19273600.0
2021-10-22,87.019997,87.059998,86.8,86.84,20734400.0
2021-10-25,86.94,87.080002,86.77,86.99,20230000.0
2021-10-26,87.12,87.2,87.010002,87.010002,19617200.0
2021-10-27,87.099998,87.13,86.93,86.94,18521300.0
2021-10-28,86.98,87.16,86.98,87.16,16374700.0
2021-10-29,87.019997,87.050003,86.93,86.93,26521600.0
2021-11-01,86.73,86.78,86.55,86.56,29987000.0
2021-11-02,86.56,86.84,86.56,86.77,26441600.0
2021-11-03,86.71,86.96,86.69,86.94,22984200.0
2021-11-04,87.019997,87.56,87.0,87.17,28989800.0
2021-11-05,87.3,87.52,87.25,87.5,27595000.0
2021-11-08,87.59,87.61,87.34,87.39,11957900.0
2021-11-09,87.39,87.46,87.28,87.46,13732600.0
2021-11-10,87.35,87.35,86.94,86.97,30438400.0
2021-11-11,87.029999,87.040001,86.82,86.82,10086100.0
2021-11-12,86.92,87.050003,86.84,86.85,26392400.0
2021-11-15,86.91,86.92,86.73,86.75,17057100.0
2021-11-16,86.77,86.87,86.74,86.79,14302000.0
2021-11-17,86.82,86.84,86.7,86.7,17919200.0
2021-11-18,86.81,86.81,86.63,86.63,23421300.0
2021-11-19,86.63,86.77,86.56,86.56,45282700.0
2021-11-22,86.64,86.67,86.22,86.23,26266000.0
2021-11-23,86.23,86.37,86.029999,86.11,33967100.0
2021-11-24,86.0,86.11,85.76,86.089996,31158800.0
2021-11-26,85.61,85.62,85.34,85.47,36123400.0
2021-11-29,85.81,86.13,85.76,86.0,31728900.0
2021-11-30,85.96,86.07,85.52,85.64,35465700.0
2021-12-01,85.77,85.94,85.32,85.37,41845200.0
2021-12-02,85.42,86.059998,85.41,86.0,42383500.0
2021-12-03,86.050003,86.099998,85.83,86.0,47368800.0
2021-12-06,86.029999,86.48,86.0,86.38,28211300.0
2021-12-07,86.71,87.07,86.64,86.84,42893500.0
2021-12-08,86.78,86.87,86.68,86.82,26598200.0
2021-12-09,86.8,86.8,86.43,86.43,24939100.0
2021-12-10,86.56,86.66,86.53,86.63,20247200.0
2021-12-13,86.63,86.71,86.56,86.63,17125800.0
2021-12-14,86.5,86.59,86.33,86.48,20310500.0
2021-12-15,86.47,86.84,86.33,86.81,31699000.0
2021-12-16,86.55,86.63,86.39,86.45,27374000.0
2021-12-17,86.36,86.51,86.21,86.37,27248200.0
2021-12-20,86.13,86.29,86.089996,86.22,27560400.0
2021-12-21,86.34,86.69,86.34,86.68,24390500.0
2021-12-22,86.65,86.93,86.64,86.91,17433300.0
2021-12-23,86.96,87.21,86.94,87.16,15612100.0
2021-12-27,87.17,87.32,87.13,87.25,13396700.0
2021-12-28,87.22,87.24,87.080002,87.21,17150700.0
2021-12-29,87.15,87.18,87.050003,87.07,16760300.0
2021-12-30,87.099998,87.099998,86.99,87.029999,12326100.0
2021-12-31,87.059998,87.12,86.98,87.010002,11505300.0
2022-01-03,86.92,86.97,86.76,86.97,35368400.0
2022-01-04,87.0,87.0,86.67,86.75,33609900.0
2022-01-05,86.74,86.78,86.080002,86.080002,44808500.0
2022-01-06,86.099998,86.32,86.050003,86.089996,42823200.0
2022-01-07,86.089996,86.099998,85.86,85.87,34630100.0
2022-01-10,85.76,85.96,85.37,85.94,52621800.0
2022-01-11,85.99,86.34,85.75,86.34,32513100.0
2022-01-12,86.47,86.52,86.34,86.48,24621400.0
2022-01-13,86.46,86.5,86.14,86.17,31699700.0
2022-01-14,86.11,86.23,86.0,86.089996,31046200.0
2022-01-18,85.84,85.85,85.61,85.67,46331500.0
2022-01-19,85.82,85.96,85.56,85.59,31390200.0
2022-01-20,85.75,85.97,85.41,85.43,38217700.0
2022-01-21,85.43,85.6,85.33,85.44,57098000.0
2022-01-24,85.19,85.41,84.77,85.35,79230800.0
2022-01-25,85.089996,85.29,84.9,85.099998,43642700.0
2022-01-26,85.47,85.87,84.7,84.81,63574900.0
2022-01-27,85.019997,85.12,84.25,84.44,47351000.0
2022-01-28,84.25,84.69,83.95,84.68,51496700.0
2022-01-31,84.5,84.83,84.22,84.7,78932100.0
2022-02-01,84.65,84.78,84.37,84.73,42377300.0
2022-02-02,84.9,84.96,84.61,84.86,29261500.0
2022-02-03,84.47,84.54,84.089996,84.099998,44760800.0
2022-02-04,83.76,83.9,83.2,83.77,65508300.0
2022-02-07,83.54,83.86,83.42,83.71,37620700.0
2022-02-08,83.78,83.85,83.58,83.62,39549000.0
2022-02-09,83.94,84.12,83.94,84.059998,37641800.0
2022-02-10,83.54,83.83,82.94,82.95,57751400.0
2022-02-11,83.23,83.25,82.45,82.66,58997100.0
2022-02-14,82.65,82.83,82.22,82.52,36550200.0
2022-02-15,82.74,82.81,82.56,82.66,32724800.0
2022-02-16,82.61,83.18,82.54,83.12,38996000.0
2022-02-17,82.97,82.97,82.71,82.77,30755200.0
2022-02-18,82.69,82.99,82.62,82.89,43848800.0
2022-02-22,82.84,83.050003,82.59,82.7,37004300.0
2022-02-23,82.85,82.91,82.53,82.55,36545400.0
2022-02-24,81.91,83.18,81.83,83.14,56132500.0
2022-02-25,83.22,83.63,83.22,83.61,44118800.0
2022-02-28,83.22,83.88,83.22,83.67,54006400.0
2022-03-01,83.43,83.64,82.95,83.13,43268500.0
2022-03-02,83.080002,83.36,82.94,83.33,41489200.0
2022-03-03,83.48,83.5,82.21,83.080002,23594200.0
2022-03-04,82.94,82.94,82.48,82.54,32141100.0
2022-03-07,82.39,82.41,81.75,81.82,43675900.0
2022-03-08,81.88,82.089996,81.5,81.53,57474500.0
2022-03-09,82.010002,82.32,81.85,82.21,31143000.0
2022-03-10,81.76,81.87,81.42,81.52,46408900.0
2022-03-11,81.63,81.65,80.86,80.93,40097000.0
2022-03-14,80.85,80.87,79.88,79.97,61536700.0
2022-03-15,80.13,80.76,80.099998,80.57,57385300.0
2022-03-16,80.96,81.74,80.55,81.7,66254800.0
2022-03-17,81.77,82.3,81.75,82.26,48573700.0
2022-03-18,82.099998,82.54,81.95,82.53,59780500.0
2022-03-21,82.39,82.45,81.42,81.58,62364300.0
2022-03-22,81.66,82.07,81.5,82.0,40148600.0
2022-03-23,81.86,82.010002,81.59,81.74,36294900.0
2022-03-24,81.73,81.94,81.52,81.91,18435800.0
2022-03-25,81.92,81.92,81.26,81.32,36497500.0
2022-03-28,81.28,81.85,81.26,81.83,26886100.0
2022-03-29,82.2,82.86,82.15,82.84,49781100.0
2022-03-30,82.62,82.7,82.39,82.59,43905200.0
2022-03-31,82.69,82.73,82.27,82.29,40717600.0
2022-04-01,81.83,82.029999,81.65,81.95,31316100.0
2022-04-04,82.019997,82.58,82.0,82.57,32710900.0
2022-04-05,82.39,82.47,81.47,81.5,51886400.0
2022-04-06,80.94,81.4,80.69,80.86,67118000.0
2022-04-07,80.94,81.040001,80.72,80.73,42831400.0
2022-04-08,80.48,80.73,80.23,80.24,42177200.0
2022-04-11,79.98,80.07,79.58,79.69,42293400.0
2022-04-12,80.24,80.62,80.07,80.3,38031000.0
2022-04-13,80.44,80.88,80.38,80.78,31635500.0
2022-04-14,80.78,80.89,80.029999,80.24,45130400.0
2022-04-18,80.16,80.36,80.0,80.11,20864100.0
2022-04-19,79.96,80.19,79.86,80.040001,29920800.0
2022-04-20,80.28,80.44,80.16,80.29,25769700.0
2022-04-21,80.49,80.54,79.67,79.74,38695100.0
2022-04-22,79.64,79.66,79.17,79.26,28243000.0
2022-04-25,79.4,80.0,79.27,79.93,35914500.0
2022-04-26,79.9,79.9,79.45,79.46,31171600.0
2022-04-27,79.47,79.67,78.99,79.07,37598600.0
2022-04-28,79.24,79.63,78.94,79.51,30808800.0
2022-04-29,79.14,79.25,78.48,78.53,35697100.0
2022-05-02,78.16,78.3,77.83,78.23,38674400.0
2022-05-03,78.4,78.76,78.35,78.64,42665700.0
2022-05-04,78.65,79.65,78.080002,79.44,55154900.0
2022-05-05,78.97,79.019997,77.81,78.029999,53807900.0
2022-05-06,77.63,78.0,77.41,77.59,39256900.0
2022-05-09,77.13,77.31,76.72,76.77,38442700.0
2022-05-10,77.39,77.53,76.84,77.21,48419700.0
2022-05-11,77.0,77.49,76.74,76.75,42473500.0
2022-05-12,76.66,76.98,76.4,76.72,49069700.0
2022-05-13,76.98,77.059998,76.43,76.81,49084400.0
2022-05-16,76.84,76.96,76.57,76.7,33300100.0
2022-05-17,76.86,76.87,76.44,76.63,41666500.0
2022-05-18,76.21,76.25,75.91,76.0,47647800.0
2022-05-19,75.95,76.67,75.87,76.51,53929100.0
2022-05-20,76.78,76.8,76.23,76.46,56691000.0
2022-05-23,76.64,76.86,76.58,76.76,29917100.0
2022-05-24,76.58,77.26,76.55,77.22,42246500.0
2022-05-25,77.31,78.44,77.27,78.39,56661500.0
2022-05-26,78.68,79.52,78.47,79.48,64773400.0
2022-05-27,79.8,80.19,79.61,80.19,52813100.0
2022-05-31,79.74,79.86,79.32,79.5,68424700.0
2022-06-01,79.23,79.45,78.75,78.9,87646100.0
2022-06-02,78.92,79.24,78.69,79.23,34752500.0
2022-06-03,78.87,78.87,78.52,78.64,36008000.0
2022-06-06,78.78,78.8,77.96,78.050003,35756100.0
2022-06-07,77.79,78.32,77.73,78.23,31499900.0
2022-06-08,78.040001,78.07,77.46,77.56,25361600.0
2022-06-09,77.26,77.51,76.79,76.94,49468700.0
2022-06-10,76.2,76.22,75.28,75.63,59907000.0
2022-06-13,74.25,74.31,72.89,73.099998,122714600.0
2022-06-14,73.45,74.23,73.050003,73.58,62818600.0
2022-06-15,74.2,75.39,74.040001,75.010002,70628200.0
2022-06-16,73.9,74.15,73.22,73.82,61583400.0
2022-06-17,73.99,74.57,73.81,74.050003,49281000.0
2022-06-21,74.5,74.67,73.93,74.0,45924600.0
2022-06-22,73.87,74.25,73.81,73.98,38204800.0
2022-06-23,74.19,74.58,74.080002,74.51,30961800.0
2022-06-24,74.75,75.36,74.59,75.040001,38198600.0
2022-06-27,75.099998,75.099998,74.58,74.58,25658200.0
2022-06-28,74.69,74.79,73.75,73.76,39303800.0
2022-06-29,73.72,73.79,73.43,73.65,36806800.0
2022-06-30,73.33,73.83,73.059998,73.61,45139900.0
2022-07-01,73.5,74.23,73.45,73.98,38849300.0
2022-07-05,73.51,73.98,73.029999,73.91,38316200.0
2022-07-06,73.79,74.0,73.52,73.63,44706000.0
2022-07-07,74.089996,74.88,74.029999,74.83,44430400.0
2022-07-08,74.56,74.96,74.36,74.89,31230300.0
2022-07-11,74.8,74.92,74.45,74.47,28213700.0
2022-07-12,74.56,74.9,74.5,74.77,24036500.0
2022-07-13,74.0,74.92,73.92,74.69,46874900.0
2022-07-14,74.080002,74.63,73.61,74.55,53953100.0
2022-07-15,74.77,75.5,74.76,75.5,48360800.0
2022-07-18,75.69,75.72,74.69,74.77,33302800.0
2022-07-19,75.040001,75.94,75.040001,75.76,31028200.0
2022-07-20,76.059998,76.62,75.88,76.089996,82881900.0
2022-07-21,76.019997,77.059998,75.93,76.99,52282000.0
2022-07-22,77.11,77.54,76.65,76.89,51055800.0
2022-07-25,76.95,77.089996,76.65,76.87,26032000.0
2022-07-26,76.62,76.71,76.28,76.33,24151200.0
2022-07-27,76.67,77.47,76.67,77.17,35075700.0
2022-07-28,77.54,78.019997,77.23,77.96,42335900.0
2022-07-29,77.96,78.35,77.75,78.19,33606800.0
2022-08-01,77.64,78.080002,77.51,77.91,31595600.0
2022-08-02,77.77,77.86,77.5,77.55,40604400.0
2022-08-03,77.78,78.25,77.57,78.23,35660900.0
2022-08-04,78.34,78.45,78.11,78.44,24386400.0
2022-08-05,77.5,78.11,77.39,78.040001,31006700.0
2022-08-08,78.34,78.65,78.050003,78.11,19465600.0
2022-08-09,77.93,77.96,77.5,77.53,24675700.0
2022-08-10,78.52,78.77,78.39,78.69,38121800.0
2022-08-11,79.2,79.32,78.13,78.24,37778700.0
2022-08-12,78.52,78.97,78.29,78.94,16912300.0
2022-08-15,78.82,79.0,78.65,78.8,18441100.0
2022-08-16,78.73,78.73,78.26,78.43,22963200.0
2022-08-17,77.88,78.040001,77.59,77.62,28774600.0
2022-08-18,77.81,77.88,77.66,77.74,19089300.0
2022-08-19,77.33,77.37,76.78,76.95,45428900.0
2022-08-22,76.36,76.4,76.010002,76.080002,42014200.0
2022-08-23,76.099998,76.4,75.83,76.27,33240000.0
2022-08-24,76.24,76.5,76.16,76.36,16917400.0
2022-08-25,76.58,77.14,76.45,77.080002,20080000.0
2022-08-26,77.12,77.12,75.74,75.81,34460600.0
2022-08-29,75.35,75.77,75.26,75.52,28020200.0
2022-08-30,75.6,75.66,74.7,74.94,66233900.0
2022-08-31,74.97,75.12,74.51,74.53,39161800.0
2022-09-01,73.95,74.41,73.61,74.36,38499700.0
2022-09-02,75.0,75.07,74.23,74.31,22364500.0
2022-09-06,74.31,74.39,73.85,74.11,28820900.0
2022-09-07,74.21,75.19,74.19,75.18,26853200.0
2022-09-08,74.9,75.55,74.78,75.51,26928000.0
2022-09-09,75.88,76.17,75.63,75.81,29526800.0
2022-09-12,76.080002,76.23,75.77,76.040001,30276100.0
2022-09-13,74.98,75.17,74.28,74.31,47111300.0
2022-09-14,74.36,74.91,74.31,74.42,29672400.0
2022-09-15,74.29,74.44,73.91,73.95,46282300.0
2022-09-16,73.5,74.2,73.37,74.2,56479900.0
2022-09-19,73.91,74.49,73.84,74.48,26891900.0
2022-09-20,74.019997,74.07,73.67,73.72,32769500.0
2022-09-21,73.9,74.24,73.16,73.5,37851300.0
2022-09-22,73.25,73.39,72.8,73.059998,48278100.0
2022-09-23,72.56,72.73,71.88,72.13,53312000.0
2022-09-26,71.92,72.18,71.26,71.28,42287400.0
2022-09-27,71.89,71.92,70.9,71.13,45295500.0
2022-09-28,71.67,72.49,71.44,72.4,48935800.0
2022-09-29,71.93,71.97,71.32,71.72,38068800.0
2022-09-30,71.73,72.28,71.38,71.39,42928700.0
2022-10-03,71.6,72.13,71.46,71.97,48967900.0
2022-10-04,72.9,73.53,72.77,73.52,45901300.0
2022-10-05,72.92,73.4,72.61,73.23,47833500.0
2022-10-06,73.15,73.46,72.9,73.010002,37196000.0
2022-10-07,72.57,72.77,72.099998,72.12,33983000.0
2022-10-10,72.07,72.11,70.92,71.24,37759700.0
2022-10-11,71.38,72.019997,71.29,71.46,46344600.0
2022-10-12,71.41,71.85,71.41,71.58,32784800.0
2022-10-13,70.47,71.91,70.4,71.74,48832500.0
2022-10-14,72.19,72.37,71.33,71.51,37152100.0
2022-10-17,72.15,72.6,72.14,72.39,33820000.0
2022-10-18,73.13,73.31,72.58,72.9,37648400.0
2022-10-19,72.4,72.64,71.98,72.2,33194000.0
2022-10-20,72.21,72.75,71.73,71.8,47281100.0
2022-10-21,71.59,72.58,71.56,72.49,60211200.0
2022-10-24,72.56,72.73,72.16,72.54,29551200.0
2022-10-25,72.72,73.25,72.7,73.24,37459200.0
2022-10-26,73.059998,73.71,72.95,73.44,50552100.0
2022-10-27,73.62,74.14,73.36,73.98,49481500.0
2022-10-28,74.25,74.69,74.12,74.55,123446800.0
2022-10-31,74.17,74.18,73.42,73.43,60269700.0
2022-11-01,73.94,73.95,73.21,73.59,39586700.0
2022-11-02,73.56,74.29,72.88,72.92,50659500.0
2022-11-03,72.17,72.64,71.89,72.4,37507100.0
2022-11-04,72.87,73.21,72.4,72.9,39849100.0
2022-11-07,73.050003,73.11,72.68,72.89,24913000.0
2022-11-08,72.95,73.07,72.59,72.82,39489200.0
2022-11-09,72.6,72.74,71.82,71.95,45728900.0
2022-11-10,73.98,74.27,73.46,74.19,67165700.0
2022-11-11,74.22,74.69,73.93,74.45,20934800.0
2022-11-14,74.25,74.29,73.87,73.9,37932800.0
2022-11-15,74.64,74.7,74.07,74.55,50673700.0
2022-11-16,74.49,74.57,74.31,74.39,31124900.0
2022-11-17,73.81,74.17,73.73,74.07,34338000.0
2022-11-18,74.46,74.46,74.019997,74.23,31663800.0
2022-11-21,74.15,74.35,74.019997,74.2,19070500.0
2022-11-22,74.34,74.79,74.26,74.74,24572500.0
2022-11-23,74.68,75.3,74.66,75.16,30316300.0
2022-11-25,75.15,75.18,74.9,75.010002,9465900.0
2022-11-28,74.8,74.93,74.19,74.22,31668900.0
2022-11-29,74.22,74.6,74.080002,74.54,27162300.0
2022-11-30,74.6,75.69,74.39,75.66,41702100.0
2022-12-01,75.57,75.66,75.18,75.62,42134200.0
2022-12-02,74.99,75.59,74.99,75.56,27535800.0
2022-12-05,75.28,75.3,74.69,74.84,29736500.0
2022-12-06,74.87,75.0,74.43,74.57,24976800.0
2022-12-07,74.55,75.07,74.55,74.98,24614200.0
2022-12-08,75.07,75.14,74.8,75.040001,23839500.0
2022-12-09,74.82,75.32,74.82,75.040001,20687300.0
2022-12-12,75.22,75.4,75.099998,75.33,22415700.0
2022-12-13,76.61,76.7,75.69,76.11,45923300.0
2022-12-14,76.010002,76.21,75.22,75.68,57177300.0
2022-12-15,74.91,75.11,74.63,75.0,41666500.0
2022-12-16,74.57,74.81,74.41,74.6,38197100.0
2022-12-19,74.31,74.46,74.059998,74.22,24135100.0
2022-12-20,73.85,74.19,73.69,74.029999,32917800.0
2022-12-21,74.4,74.8,74.34,74.66,23211500.0
2022-12-22,74.37,74.49,73.92,74.2,26893700.0
2022-12-23,74.080002,74.45,73.95,74.39,13196500.0
2022-12-27,74.32,74.37,73.58,73.62,22108000.0
2022-12-28,73.74,73.83,72.59,72.63,41064800.0
2022-12-29,72.92,73.62,72.75,73.57,33378900.0
2022-12-30,73.32,73.67,73.28,73.63,15170300.0
2023-01-03,74.11,74.19,73.66,73.77,28787700.0
2023-01-04,74.26,74.66,73.99,74.62,37120100.0
2023-01-05,74.36,74.54,74.18,74.47,35142000.0
2023-01-06,74.87,75.78,74.7,75.53,60041200.0
2023-01-09,75.75,75.96,75.64,75.8,35806900.0
2023-01-10,75.76,75.87,75.53,75.71,35695500.0
2023-01-11,76.0,76.25,75.85,76.21,31826700.0
2023-01-12,76.4,76.7,76.050003,76.64,29404900.0
2023-01-13,76.26,76.77,76.22,76.64,26301500.0
2023-01-17,76.52,76.55,76.29,76.38,30961200.0
2023-01-18,76.85,77.080002,76.45,76.47,52989700.0
2023-01-19,76.21,76.33,75.95,76.019997,50070900.0
2023-01-20,76.0,76.17,75.73,76.17,36625400.0
2023-01-23,76.099998,76.37,75.97,76.16,26764800.0
2023-01-24,76.010002,76.25,75.88,76.21,27774500.0
2023-01-25,75.96,76.28,75.88,76.2,25857700.0
2023-01-26,76.36,76.47,76.089996,76.39,25512400.0
2023-01-27,76.27,76.37,76.050003,76.16,35813400.0
2023-01-30,75.88,76.029999,75.72,75.74,32002000.0
2023-01-31,75.94,76.36,75.92,76.33,41006600.0
2023-02-01,75.98,76.98,75.78,76.76,46900900.0
2023-02-02,77.32,77.34,77.07,77.2,56399900.0
2023-02-03,76.6,76.86,76.33,76.39,39682300.0
2023-02-06,76.059998,76.099998,75.79,75.9,40944200.0
2023-02-07,75.83,76.36,75.78,76.17,37101300.0
2023-02-08,76.059998,76.16,75.69,75.85,34066600.0
2023-02-09,76.11,76.11,75.29,75.36,42581900.0
2023-02-10,75.029999,75.25,74.69,74.78,65905000.0
2023-02-13,74.83,75.22,74.75,74.97,38741300.0
2023-02-14,74.83,75.19,74.51,74.99,54193600.0
2023-02-15,74.72,74.88,74.58,74.87,44897600.0
2023-02-16,74.54,74.59,74.23,74.27,89945400.0
2023-02-17,74.15,74.68,73.87,74.56,75910300.0
2023-02-21,73.85,74.029999,73.11,73.41,98782400.0
2023-02-22,73.6,74.19,73.6,73.89,70093300.0
2023-02-23,74.23,74.73,74.13,74.62,47908100.0
2023-02-24,74.0,74.32,73.92,74.17,47576500.0
2023-02-27,74.52,74.77,74.38,74.67,40292000.0
2023-02-28,74.64,74.64,74.42,74.53,32999000.0
2023-03-01,74.080002,74.099998,73.69,73.87,45341400.0
2023-03-02,73.48,74.050003,73.48,73.96,37886100.0
2023-03-03,74.29,74.81,74.17,74.72,50123300.0
2023-03-06,74.89,74.99,74.66,74.72,33430800.0
2023-03-07,74.73,74.77,74.18,74.19,40222100.0
2023-03-08,74.24,74.36,73.69,73.84,54303900.0
2023-03-09,73.91,74.22,73.35,73.43,52669500.0
2023-03-10,73.48,73.95,73.17,73.44,81516000.0
2023-03-13,73.19,73.98,72.83,73.040001,78478100.0
2023-03-14,73.69,73.91,73.27,73.57,66395600.0
2023-03-15,72.81,73.4,72.61,73.33,81454700.0
2023-03-16,73.13,73.95,73.019997,73.81,63386700.0
2023-03-17,73.44,73.78,73.24,73.37,55132200.0
2023-03-20,73.23,73.56,73.07,73.17,38540800.0
2023-03-21,73.65,74.080002,73.5,73.97,38203400.0
2023-03-22,73.98,74.79,73.71,74.040001,55263500.0
2023-03-23,74.029999,74.37,73.52,73.75,54660900.0
2023-03-24,73.45,73.69,73.39,73.6,44225600.0
2023-03-27,73.75,73.86,73.42,73.42,30905100.0
2023-03-28,73.28,73.47,73.14,73.38,38277200.0
2023-03-29,73.65,74.31,73.65,74.3,44457300.0
2023-03-30,74.47,74.75,74.27,74.74,37130200.0
2023-03-31,74.97,75.65,74.95,75.55,54218900.0
2023-04-03,75.14,75.3,74.97,75.15,43302900.0
2023-04-04,75.15,75.26,74.85,74.93,46144300.0
2023-04-05,74.88,74.95,74.42,74.51,37633900.0
2023-04-06,74.39,74.96,74.29,74.84,35719600.0
2023-04-10,74.58,74.81,74.41,74.77,29083900.0
2023-04-11,74.77,75.099998,74.71,74.93,28875100.0
2023-04-12,75.31,75.38,74.85,74.91,41457600.0
2023-04-13,75.040001,75.62,75.040001,75.42,95864000.0
2023-04-14,75.4,75.55,75.080002,75.28,43767600.0
2023-04-17,75.07,75.16,74.81,75.080002,26391100.0
2023-04-18,75.26,75.36,74.98,75.13,28030700.0
2023-04-19,74.83,74.99,74.78,74.83,26979400.0
2023-04-20,74.65,74.88,74.55,74.76,30203900.0
2023-04-21,74.88,75.029999,74.69,74.99,33061800.0
2023-04-24,75.029999,75.26,74.95,75.2,24661600.0
2023-04-25,75.16,75.3,75.010002,75.080002,34575300.0
2023-04-26,75.059998,75.11,74.68,74.79,33762700.0
2023-04-27,74.93,75.25,74.8,75.040001,39687600.0
2023-04-28,75.059998,75.48,75.059998,75.36,33821100.0
2023-05-01,74.93,75.0,74.53,74.69,37748300.0
2023-05-02,74.69,74.74,74.37,74.62,39045300.0
2023-05-03,74.7,75.040001,74.56,74.58,33178300.0
2023-05-04,74.38,74.41,74.089996,74.36,45207600.0
2023-05-05,74.58,74.86,74.48,74.76,31591500.0
2023-05-08,74.7,74.7,74.38,74.55,18367400.0
2023-05-09,74.35,74.48,74.27,74.36,21732900.0
2023-05-10,74.77,74.92,74.53,74.81,35392700.0
2023-05-11,74.74,74.77,74.61,74.69,25265500.0
2023-05-12,74.68,74.79,74.28,74.42,27553200.0
2023-05-15,74.43,74.49,74.3,74.4,19764500.0
2023-05-16,74.26,74.28,73.81,73.88,40998700.0
2023-05-17,73.96,74.34,73.93,74.080002,38534100.0
2023-05-18,73.86,74.19,73.81,74.12,29129200.0
2023-05-19,74.19,74.36,74.07,74.2,36044600.0
2023-05-22,74.22,74.67,74.22,74.53,34897700.0
2023-05-23,74.39,74.48,74.07,74.14,32415500.0
2023-05-24,73.93,74.019997,73.47,73.62,38083200.0
2023-05-25,73.89,73.91,73.55,73.57,21457900.0
2023-05-26,73.65,74.11,73.62,74.019997,23547600.0
2023-05-30,74.35,74.35,74.089996,74.34,27482600.0
2023-05-31,74.14,74.25,73.95,74.11,43393600.0
2023-06-01,73.8,74.31,73.78,74.2,42425700.0
2023-06-02,74.46,74.77,74.3,74.58,49950900.0
2023-06-05,74.52,74.55,74.34,74.52,24080200.0
2023-06-06,74.45,74.66,74.32,74.64,23006600.0
2023-06-07,74.7,74.79,74.14,74.23,32340900.0
2023-06-08,74.23,74.74,74.23,74.7,33987800.0
2023-06-09,74.76,74.86,74.69,74.72,27016700.0
2023-06-12,74.79,74.8,74.48,74.64,30629500.0
2023-06-13,74.83,74.94,74.62,74.73,39425900.0
2023-06-14,74.8,74.99,74.41,74.76,32864600.0
2023-06-15,74.86,75.15,74.82,75.12,42412300.0
2023-06-16,75.089996,75.11,74.9,74.93,47560800.0
2023-06-20,74.81,74.93,74.73,74.73,31930500.0
2023-06-21,74.58,74.7,74.39,74.54,39751900.0
2023-06-22,74.37,74.48,74.3,74.32,31504700.0
2023-06-23,74.21,74.26,74.0,74.19,33811100.0
2023-06-26,74.2,74.33,74.089996,74.23,36111900.0
2023-06-27,74.31,74.55,74.29,74.48,31707600.0
2023-06-28,74.47,74.91,74.42,74.91,35679600.0
2023-06-29,74.64,74.72,74.43,74.71,41712000.0
2023-06-30,74.96,75.24,74.89,75.07,35841100.0
2023-07-03,74.68,74.69,74.52,74.55,13046500.0
2023-07-05,74.52,74.54,74.2,74.32,37947100.0
2023-07-06,73.78,73.86,73.58,73.78,52251100.0
2023-07-07,73.76,74.33,73.73,73.85,42269100.0
2023-07-10,73.92,74.3,73.91,74.22,45752200.0
2023-07-11,74.41,74.62,74.29,74.62,32000700.0
2023-07-12,75.089996,75.31,75.019997,75.2,42820700.0
2023-07-13,75.5,75.73,75.41,75.65,33954200.0
2023-07-14,75.57,75.63,75.050003,75.099998,36081800.0
2023-07-17,75.059998,75.36,75.0,75.24,28836600.0
2023-07-18,75.3,75.55,75.27,75.45,25991800.0
2023-07-19,75.59,75.65,75.46,75.51,26794800.0
2023-07-20,75.21,75.3,74.98,75.18,27028500.0
2023-07-21,75.2,75.49,75.2,75.37,37447800.0
2023-07-24,75.43,75.54,75.22,75.24,20925500.0
2023-07-25,75.16,75.27,75.059998,75.19,30067600.0
2023-07-26,75.16,75.56,75.12,75.49,33068400.0
2023-07-27,75.63,75.69,74.73,74.89,48675800.0
2023-07-28,75.21,75.38,75.15,75.32,27588400.0
2023-07-31,75.42,75.6,75.38,75.5,30744800.0
2023-08-01,74.96,74.96,74.68,74.77,34529700.0
2023-08-02,74.45,74.52,74.26,74.45,37500500.0
2023-08-03,74.21,74.36,74.089996,74.21,30348000.0
2023-08-04,74.65,74.94,74.57,74.65,37411900.0
2023-08-07,74.79,74.83,74.6,74.79,19412600.0
2023-08-08,74.74,75.0,74.66,74.95,32545600.0
2023-08-09,74.96,75.050003,74.8,74.96,27569200.0
2023-08-10,75.010002,75.35,74.74,74.94,43697200.0
2023-08-11,74.68,74.86,74.58,74.83,23329000.0
2023-08-14,74.7,74.93,74.57,74.82,28545100.0
2023-08-15,74.62,74.79,74.55,74.58,32968600.0
2023-08-16,74.55,74.75,74.35,74.35,31759400.0
2023-08-17,74.39,74.42,73.86,74.040001,38546600.0
2023-08-18,73.89,74.32,73.86,74.089996,44128300.0
2023-08-21,74.080002,74.14,73.84,74.07,30768700.0
2023-08-22,74.23,74.26,74.050003,74.11,18135400.0
2023-08-23,74.4,74.82,74.4,74.71,33378000.0
2023-08-24,74.72,74.72,74.22,74.3,34336100.0
2023-08-25,74.32,74.7,74.26,74.61,31149300.0
2023-08-28,74.9,74.93,74.69,74.89,21461600.0
2023-08-29,74.81,75.36,74.78,75.36,42178200.0
2023-08-30,75.36,75.48,75.26,75.33,29458200.0
2023-08-31,75.27,75.38,75.16,75.28,30824500.0
2023-09-01,75.19,75.24,74.85,75.07,33212500.0
2023-09-05,74.96,74.96,74.52,74.58,29500600.0
2023-09-06,74.51,74.55,74.25,74.4,30797500.0
2023-09-07,74.28,74.69,74.28,74.65,28757400.0
2023-09-08,74.8,74.88,74.56,74.62,26389100.0
2023-09-11,74.72,74.75,74.57,74.75,29159400.0
2023-09-12,74.56,74.76,74.56,74.63,21668500.0
2023-09-13,74.6,74.91,74.6,74.83,27498900.0
2023-09-14,74.91,75.0,74.83,74.92,29575900.0
2023-09-15,74.7,74.85,74.64,74.64,41636900.0
2023-09-18,74.55,74.77,74.55,74.69,19549700.0
2023-09-19,74.53,74.64,74.41,74.46,33937200.0
2023-09-20,74.63,74.76,74.39,74.4,26715100.0
2023-09-21,74.099998,74.16,73.87,73.87,43327300.0
2023-09-22,74.019997,74.27,73.99,74.0,36657300.0
2023-09-25,73.81,74.029999,73.73,73.9,30197500.0
2023-09-26,73.84,73.89,73.53,73.58,39193000.0
2023-09-27,73.79,73.85,73.35,73.48,45532200.0
2023-09-28,73.35,73.86,73.31,73.83,45776600.0
2023-09-29,74.14,74.21,73.71,73.72,51697300.0
2023-10-02,73.099998,73.24,72.8,72.89,69255900.0
2023-10-03,72.6,72.8,72.12,72.15,77754200.0
2023-10-04,72.32,72.63,72.12,72.52,138971500.0
2023-10-05,72.47,72.68,72.4,72.59,56138500.0
2023-10-06,72.3,72.82,72.099998,72.69,52741500.0
2023-10-09,72.7,73.24,72.7,73.23,27277200.0
2023-10-10,73.040001,73.44,72.95,73.21,50761600.0
2023-10-11,73.35,73.44,72.88,73.2,53330500.0
2023-10-12,73.17,73.17,72.59,72.81,60368000.0
2023-10-13,73.010002,73.24,72.68,72.75,54191200.0
2023-10-16,72.72,72.91,72.67,72.73,39352900.0
2023-10-17,72.42,72.61,72.29,72.39,50948700.0
2023-10-18,72.31,72.46,71.99,72.040001,58306500.0
2023-10-19,72.040001,72.4,71.78,71.78,70971900.0
2023-10-20,71.86,72.089996,71.82,71.93,64845500.0
2023-10-23,71.77,72.42,71.68,72.22,47508700.0
2023-10-24,72.41,72.62,72.33,72.59,46427900.0
2023-10-25,72.41,72.47,72.12,72.2,42518300.0
2023-10-26,72.21,72.58,72.099998,72.45,45233400.0
2023-10-27,72.52,72.61,72.23,72.36,35621800.0
2023-10-30,72.35,72.5,72.27,72.38,29094000.0
2023-10-31,72.41,72.8,72.38,72.57,42185900.0
2023-11-01,72.28,72.87,72.28,72.87,59313100.0
2023-11-02,73.33,73.79,73.32,73.69,68930600.0
2023-11-03,74.15,74.46,74.0,74.41,88763600.0
2023-11-06,74.24,74.39,74.040001,74.11,93899100.0
2023-11-07,74.059998,74.21,73.9,74.12,50458200.0
2023-11-08,74.099998,74.23,74.059998,74.16,41143500.0
2023-11-09,74.050003,74.19,73.68,73.7,62856100.0
2023-11-10,73.91,74.099998,73.87,74.059998,35563300.0
2023-11-13,73.79,74.059998,73.79,73.99,37530100.0
2023-11-14,74.62,74.93,74.62,74.74,68210800.0
2023-11-15,74.61,74.71,74.43,74.5,44022800.0
2023-11-16,74.53,74.67,74.45,74.6,52928200.0
2023-11-17,74.61,74.77,74.48,74.77,44272100.0
2023-11-20,74.65,74.95,74.65,74.85,30846200.0
2023-11-21,74.8,74.97,74.8,74.95,29493900.0
2023-11-22,75.050003,75.16,74.88,75.080002,40866800.0
2023-11-24,75.019997,75.029999,74.95,75.0,8536200.0
2023-11-27,75.0,75.2,74.93,75.11,31007400.0
2023-11-28,75.099998,75.47,75.050003,75.44,44031100.0
2023-11-29,75.74,76.040001,75.71,75.85,48815500.0
2023-11-30,75.82,75.86,75.48,75.71,55047100.0
2023-12-01,75.29,76.010002,75.2,75.99,60313100.0
2023-12-04,75.55,75.85,75.55,75.8,33105700.0
2023-12-05,75.67,75.96,75.67,75.87,32466500.0
2023-12-06,75.96,76.029999,75.83,75.88,21297200.0
2023-12-07,75.99,76.14,75.92,76.010002,27779300.0
2023-12-08,75.81,75.91,75.67,75.86,30044200.0
2023-12-11,75.8,75.82,75.57,75.81,30141700.0
2023-12-12,75.77,76.010002,75.6,75.98,29203400.0
2023-12-13,76.099998,77.15,76.059998,77.14,64201300.0
2023-12-14,77.13,77.38,76.95,77.099998,67220400.0
2023-12-15,77.029999,77.35,76.75,76.93,36336400.0
2023-12-18,77.080002,77.080002,76.73,76.98,34793600.0
2023-12-19,77.07,77.29,77.040001,77.2,25269400.0
2023-12-20,77.29,77.54,77.17,77.21,38376400.0
2023-12-21,77.51,77.63,77.32,77.56,22861400.0
2023-12-22,77.69,77.75,77.42,77.47,18048400.0
2023-12-26,77.5,77.63,77.48,77.62,12374700.0
2023-12-27,77.67,78.080002,77.61,77.94,22835300.0
2023-12-28,77.9,77.91,77.54,77.69,22648100.0
2023-12-29,77.67,77.86,77.39,77.39,36993900.0
2024-01-02,77.13,77.24,77.040001,77.13,41547100.0
2024-01-03,76.72,77.080002,76.55,76.92,39495500.0
2024-01-04,76.81,76.9,76.6,76.62,32856100.0
2024-01-05,76.6,77.0,76.55,76.68,31149500.0
2024-01-08,76.7,77.17,76.7,77.11,33479100.0
2024-01-09,77.010002,77.32,76.96,77.23,25593500.0
2024-01-10,77.41,77.49,77.28,77.37,35702800.0
2024-01-11,77.35,77.63,77.17,77.62,35947100.0
2024-01-12,77.68,77.92,77.63,77.7,31155500.0
2024-01-16,77.55,77.55,77.13,77.21,43669900.0
2024-01-17,77.080002,77.080002,76.73,76.88,54160800.0
2024-01-18,76.99,77.050003,76.85,77.040001,34837600.0
2024-01-19,77.07,77.17,76.78,77.17,44355700.0
2024-01-22,77.18,77.43,77.18,77.23,36758900.0
2024-01-23,77.19,77.25,77.029999,77.14,24561500.0
2024-01-24,77.4,77.43,77.029999,77.099998,27623300.0
2024-01-25,77.37,77.69,77.3,77.69,48268800.0
2024-01-26,77.65,77.77,77.59,77.63,26232800.0
2024-01-29,77.66,77.83,77.57,77.8,25924900.0
2024-01-30,77.8,77.83,77.53,77.7,32486600.0
2024-01-31,77.7,77.9,77.43,77.48,55548900.0
2024-02-01,77.33,77.61,77.11,77.54,48019300.0
2024-02-02,77.050003,77.29,77.040001,77.19,42727400.0
2024-02-05,76.95,77.010002,76.66,76.83,51908600.0
2024-02-06,76.87,77.22,76.87,77.11,32948200.0
2024-02-07,77.27,77.3,77.019997,77.24,42954100.0
2024-02-08,77.18,77.3,77.12,77.2,25548400.0
2024-02-09,77.25,77.41,77.14,77.36,33951400.0
2024-02-12,77.33,77.46,77.17,77.19,36249100.0
2024-02-13,76.67,76.8,76.44,76.57,69904200.0
2024-02-14,76.79,76.99,76.73,76.87,38603100.0
2024-02-15,77.0,77.23,76.94,77.14,44319900.0
2024-02-16,76.93,77.010002,76.82,76.91,50322900.0
2024-02-20,76.89,77.13,76.82,77.07,31994100.0
2024-02-21,77.059998,77.12,76.82,76.93,38724700.0
2024-02-22,77.15,77.31,77.099998,77.3,45450200.0
2024-02-23,77.37,77.46,77.29,77.35,24686900.0
2024-02-26,77.32,77.35,77.080002,77.099998,32795300.0
2024-02-27,77.15,77.2,77.050003,77.2,30926600.0
2024-02-28,77.15,77.28,77.099998,77.19,24667600.0
2024-02-29,77.3,77.47,77.24,77.33,43322400.0
2024-03-01,76.93,77.21,76.78,77.18,39342900.0
2024-03-04,77.12,77.23,77.029999,77.16,21607300.0
2024-03-05,77.16,77.35,77.059998,77.099998,38076900.0
2024-03-06,77.3,77.41,77.18,77.29,34335200.0
2024-03-07,77.49,77.51,77.32,77.38,30393000.0
2024-03-08,77.49,77.73,77.39,77.4,38285500.0
2024-03-11,77.34,77.43,77.3,77.39,27177600.0
2024-03-12,77.51,77.51,77.26,77.46,33351700.0
2024-03-13,77.4,77.68,77.4,77.49,28482200.0
2024-03-14,77.47,77.51,77.029999,77.12,46677200.0
2024-03-15,77.080002,77.24,76.96,77.07,53955300.0
2024-03-18,77.27,77.32,77.18,77.25,34649300.0
2024-03-19,77.23,77.58,77.22,77.56,41841500.0
2024-03-20,77.54,77.85,77.47,77.82,36886700.0
2024-03-21,77.95,77.96,77.68,77.78,34693300.0
2024-03-22,77.81,77.89,77.66,77.7,26911400.0
2024-03-25,77.56,77.67,77.54,77.58,29373100.0
2024-03-26,77.67,77.68,77.47,77.49,28522200.0
2024-03-27,77.68,77.9,77.6,77.9,28891100.0
2024-03-28,77.8,77.92,77.72,77.73,31546700.0
2024-04-01,77.35,77.35,76.99,77.019997,47857400.0
2024-04-02,76.76,76.91,76.72,76.89,45551200.0
2024-04-03,76.78,76.99,76.71,76.95,29542300.0
2024-04-04,77.11,77.22,76.78,76.89,36056400.0
2024-04-05,76.83,76.93,76.79,76.82,30847300.0
2024-04-08,76.83,77.040001,76.78,77.0,31067800.0
2024-04-09,77.12,77.23,77.019997,77.16,32219100.0
2024-04-10,76.65,76.76,76.3,76.48,76623900.0
2024-04-11,76.51,76.56,76.21,76.41,50836000.0
2024-04-12,76.38,76.42,76.25,76.37,41394700.0
2024-04-15,76.45,76.45,75.84,75.93,55560400.0
2024-04-16,75.91,75.91,75.59,75.68,55746100.0
2024-04-17,75.89,76.040001,75.71,75.78,48158800.0
2024-04-18,75.78,75.89,75.64,75.84,40291400.0
2024-04-19,75.91,76.080002,75.9,75.98,53196200.0
2024-04-22,76.14,76.43,76.11,76.4,40772500.0
2024-04-23,76.47,76.76,76.38,76.71,43554400.0
2024-04-24,76.67,76.7,76.37,76.54,40496500.0
2024-04-25,76.080002,76.4,75.91,76.38,46371600.0
2024-04-26,76.37,76.66,76.37,76.62,34500800.0
2024-04-29,76.72,76.85,76.67,76.85,33157800.0
2024-04-30,76.6,76.76,76.29,76.29,49937500.0
2024-05-01,75.95,76.63,75.93,76.29,71484700.0
2024-05-02,76.48,76.78,76.33,76.76,41497900.0
2024-05-03,77.15,77.39,76.94,77.080002,44204400.0
2024-05-06,77.17,77.23,77.12,77.17,29547100.0
2024-05-07,77.26,77.28,77.029999,77.18,34064000.0
2024-05-08,76.99,77.059998,76.95,77.0,22959500.0
2024-05-09,76.96,77.059998,76.86,77.019997,24590900.0
2024-05-10,77.010002,77.029999,76.81,76.9,24633800.0
2024-05-13,77.059998,77.059998,76.85,76.88,22109800.0
2024-05-14,76.92,77.029999,76.9,77.0,27298700.0
2024-05-15,77.25,77.46,77.19,77.45,56544400.0
2024-05-16,77.46,77.46,77.26,77.27,31749800.0
2024-05-17,77.22,77.31,77.16,77.28,31550300.0
2024-05-20,77.23,77.32,77.2,77.32,18665000.0
2024-05-21,77.27,77.4,77.25,77.26,20295900.0
2024-05-22,77.15,77.19,77.019997,77.089996,31110700.0
2024-05-23,77.17,77.22,76.79,76.82,36464700.0
2024-05-24,76.94,77.11,76.84,77.089996,20486000.0
2024-05-28,77.17,77.19,76.76,76.78,27771700.0
2024-05-29,76.54,76.65,76.52,76.55,38800000.0
2024-05-30,76.63,76.88,76.63,76.86,44210200.0
2024-05-31,76.92,77.15,76.92,77.13,45381900.0
2024-06-03,76.87,77.010002,76.84,77.010002,36791300.0
2024-06-04,76.92,77.099998,76.91,76.97,39230600.0
2024-06-05,77.12,77.22,76.96,77.22,29793700.0
2024-06-06,77.18,77.18,77.040001,77.089996,24398300.0
2024-06-07,76.79,76.94,76.75,76.89,32498800.0
2024-06-10,76.81,76.97,76.76,76.96,24895800.0
2024-06-11,76.92,77.07,76.85,77.059998,25339600.0
2024-06-12,77.59,77.64,77.35,77.37,51775700.0
2024-06-13,77.55,77.55,77.26,77.36,38532000.0
2024-06-14,77.11,77.18,76.95,77.059998,52953300.0
2024-06-17,76.94,77.19,76.84,77.11,33165000.0
2024-06-18,77.2,77.41,77.18,77.35,46845500.0
2024-06-20,77.32,77.34,77.14,77.3,26989000.0
2024-06-21,77.29,77.41,77.21,77.39,29150500.0
2024-06-24,77.36,77.51,77.31,77.31,28766200.0
2024-06-25,77.36,77.42,77.28,77.41,27584300.0
2024-06-26,77.26,77.27,77.17,77.24,29282000.0
2024-06-27,77.2,77.33,77.18,77.33,29404500.0
2024-06-28,77.38,77.52,77.14,77.14,34952000.0
2024-07-01,76.87,76.92,76.69,76.72,31113100.0
2024-07-02,76.73,76.95,76.69,76.93,30418400.0
2024-07-03,76.92,77.2,76.92,77.2,22067300.0
2024-07-05,77.28,77.45,77.24,77.43,25941500.0
2024-07-08,77.41,77.48,77.31,77.41,26962000.0
2024-07-09,77.41,77.41,77.23,77.32,19108500.0
2024-07-10,77.41,77.52,77.37,77.5,25361900.0
2024-07-11,77.76,77.84,77.71,77.78,44932500.0
2024-07-12,77.79,78.019997,77.79,77.98,31688100.0
2024-07-15,78.040001,78.07,77.9,77.99,23235600.0
2024-07-16,78.07,78.33,78.0,78.29,41375400.0
2024-07-17,78.059998,78.25,78.029999,78.2,32750400.0
2024-07-18,78.24,78.27,77.97,78.040001,42513000.0
2024-07-19,78.12,78.13,77.88,77.98,36125700.0
2024-07-22,78.17,78.28,78.11,78.27,32378800.0
2024-07-23,78.26,78.42,78.23,78.28,28826900.0
2024-07-24,78.2,78.31,78.010002,78.029999,37612800.0
2024-07-25,78.080002,78.33,78.040001,78.040001,35409000.0
2024-07-26,78.37,78.37,78.21,78.29,23683700.0
2024-07-29,78.4,78.44,78.14,78.22,28468400.0
2024-07-30,78.33,78.35,78.12,78.26,33652100.0
2024-07-31,78.47,78.6,78.36,78.54,50714800.0
2024-08-01,78.19,78.3,77.94,77.96,51319800.0
2024-08-02,77.81,77.97,77.61,77.7,71578700.0
2024-08-05,76.64,77.38,76.58,77.22,104456100.0
2024-08-06,77.48,77.81,77.17,77.51,60113400.0
2024-08-07,77.98,78.010002,77.61,77.66,56107800.0
2024-08-08,77.9,78.019997,77.79,77.98,31528100.0
2024-08-09,78.019997,78.089996,77.83,77.97,29759900.0
2024-08-12,78.040001,78.040001,77.87,78.019997,33878400.0
2024-08-13,78.11,78.39,78.089996,78.38,37310200.0
2024-08-14,78.36,78.55,78.3,78.52,36086900.0
2024-08-15,78.56,78.62,78.45,78.59,39411300.0
2024-08-16,78.55,78.88,78.54,78.84,33682600.0
2024-08-19,78.81,79.0,78.75,78.97,29604300.0
2024-08-20,79.010002,79.029999,78.77,78.9,33189300.0
2024-08-21,78.98,79.11,78.91,79.080002,34266700.0
2024-08-22,79.080002,79.089996,78.89,78.98,29292100.0
2024-08-23,79.18,79.4,79.080002,79.4,32590900.0
2024-08-26,79.39,79.43,79.23,79.24,20460100.0
2024-08-27,79.15,79.37,79.11,79.29,22784300.0
2024-08-28,79.31,79.32,79.18,79.25,22351600.0
2024-08-29,79.33,79.36,79.23,79.33,18353000.0
2024-08-30,79.42,79.42,79.24,79.34,27633300.0
2024-09-03,78.88,78.96,78.65,78.68,31596800.0
2024-09-04,78.66,79.050003,78.66,78.97,32371800.0
2024-09-05,79.11,79.28,79.050003,79.24,44675300.0
2024-09-06,79.27,79.38,78.99,79.14,49888900.0
2024-09-09,79.27,79.38,79.16,79.33,24823800.0
2024-09-10,79.34,79.37,79.099998,79.18,38347600.0
2024-09-11,79.089996,79.31,78.97,79.3,42342700.0
2024-09-12,79.25,79.49,79.21,79.41,28515000.0
2024-09-13,79.52,79.68,79.5,79.63,31806800.0
2024-09-16,79.66,79.9,79.64,79.83,31402400.0
2024-09-17,79.9,79.94,79.8,79.85,27423900.0
2024-09-18,79.88,80.28,79.79,79.92,39546900.0
2024-09-19,80.29,80.33,80.089996,80.16,48785900.0
2024-09-20,80.16,80.26,80.0,80.26,43626300.0
2024-09-23,80.19,80.21,80.080002,80.11,29049400.0
2024-09-24,80.12,80.18,80.0,80.12,28674500.0
2024-09-25,80.080002,80.11,80.019997,80.029999,28899100.0
2024-09-26,80.19,80.19,80.019997,80.16,32732300.0
2024-09-27,80.22,80.37,80.2,80.36,36712700.0
2024-09-30,80.33,80.37,80.19,80.3,31551500.0
2024-10-01,79.99,80.0,79.8,79.87,45992200.0
2024-10-02,79.78,79.88,79.69,79.88,41214300.0
2024-10-03,79.78,79.81,79.63,79.69,31147700.0
2024-10-04,79.68,79.71,79.54,79.6,40122800.0
2024-10-07,79.54,79.54,79.25,79.26,69202500.0
2024-10-08,79.37,79.46,79.3,79.45,40947200.0
2024-10-09,79.44,79.48,79.34,79.4,42426500.0
2024-10-10,79.4,79.41,79.25,79.36,30091700.0
2024-10-11,79.34,79.59,79.34,79.57,26970800.0
2024-10-14,79.62,79.63,79.4,79.61,12065800.0
2024-10-15,79.6,79.72,79.58,79.59,31134400.0
2024-10-16,79.7,79.81,79.66,79.73,31626300.0
2024-10-17,79.77,79.8,79.48,79.61,46599300.0
2024-10-18,79.7,79.8,79.65,79.8,28905600.0
2024-10-21,79.66,79.71,79.4,79.48,36341500.0
2024-10-22,79.43,79.46,79.28,79.37,35466600.0
2024-10-23,79.26,79.3,79.07,79.13,39761500.0
2024-10-24,79.3,79.42,79.22,79.36,30163900.0
2024-10-25,79.46,79.55,79.25,79.28,35590200.0
2024-10-28,79.42,79.52,79.38,79.48,31854500.0
2024-10-29,79.25,79.52,79.23,79.5,42992200.0
2024-10-30,79.49,79.65,79.33,79.36,28728700.0
2024-10-31,79.38,79.38,79.14,79.14,43194600.0
2024-11-01,79.029999,79.080002,78.73,78.75,44045700.0
2024-11-04,79.050003,79.099998,78.89,78.97,27291200.0
2024-11-05,78.94,79.2,78.94,79.19,31611900.0
2024-11-06,79.22,79.36,79.080002,79.33,43173100.0
2024-11-07,79.3,79.7,79.25,79.67,51325800.0
2024-11-08,79.78,79.83,79.67,79.8,30543400.0
2024-11-11,79.79,79.82,79.71,79.71,11008700.0
2024-11-12,79.61,79.7,79.33,79.39,44594900.0
2024-11-13,79.59,79.6,79.38,79.41,33873600.0
2024-11-14,79.46,79.53,79.24,79.24,32749300.0
2024-11-15,79.19,79.28,79.050003,79.23,33709500.0
2024-11-18,79.27,79.39,79.19,79.38,27834200.0
2024-11-19,79.32,79.57,79.3,79.5,34523200.0
2024-11-20,79.49,79.5,79.39,79.48,19934000.0
2024-11-21,79.54,79.64,79.47,79.51,28040000.0
2024-11-22,79.5,79.59,79.45,79.49,29564900.0
2024-11-25,79.72,79.85,79.72,79.79,35003000.0
2024-11-26,79.8,79.8,79.58,79.64,41103500.0
2024-11-27,79.71,79.88,79.69,79.88,30239600.0
2024-11-29,80.010002,80.07,79.89,80.040001,25037800.0
2024-12-02,79.93,79.93,79.53,79.65,32387400.0
2024-12-03,79.72,79.74,79.61,79.65,24868500.0
2024-12-04,79.71,79.84,79.64,79.84,22733500.0
2024-12-05,79.79,79.82,79.71,79.77,23106300.0
2024-12-06,79.89,80.0,79.85,79.9,29931300.0
2024-12-09,79.9,79.94,79.78,79.8,22095100.0
2024-12-10,79.94,79.94,79.74,79.84,27195200.0
2024-12-11,79.94,79.95,79.83,79.86,24730000.0
2024-12-12,79.81,79.99,79.63,79.64,29081600.0
2024-12-13,79.71,79.71,79.38,79.41,34201100.0
2024-12-16,79.55,79.62,79.48,79.56,22269000.0
2024-12-17,79.41,79.5,79.39,79.39,29039500.0
2024-12-18,79.14,79.14,78.15,78.17,80034500.0
2024-12-19,78.45,78.51,78.089996,78.089996,69005700.0
2024-12-20,78.0,78.67,78.0,78.58,63276200.0
2024-12-23,78.65,78.69,78.37,78.37,29239400.0
2024-12-24,78.4,78.64,78.35,78.62,11926100.0
2024-12-26,78.51,78.82,78.47,78.82,18384900.0
2024-12-27,78.74,78.76,78.53,78.55,20631800.0
2024-12-30,78.58,78.74,78.5,78.66,20659200.0
2024-12-31,78.78,78.84,78.55,78.65,18664900.0
2025-01-02,78.88,78.95,78.72,78.84,30415400.0
2025-01-03,78.99,79.029999,78.93,78.96,32611000.0
2025-01-06,79.15,79.19,79.019997,79.099998,32110000.0
2025-01-07,79.14,79.22,78.82,78.84,43790200.0
2025-01-08,78.85,78.99,78.76,78.94,35304900.0
2025-01-10,78.8,78.8,78.5,78.53,37417300.0
2025-01-13,78.49,78.56,78.37,78.51,39180700.0
2025-01-14,78.69,78.73,78.55,78.61,29581100.0
2025-01-15,79.16,79.31,79.059998,79.3,53574900.0
2025-01-16,79.21,79.41,79.12,79.39,32363000.0
2025-01-17,79.49,79.52,79.39,79.46,29546400.0
2025-01-21,79.61,79.7,79.6,79.67,32962700.0
2025-01-22,79.7,79.72,79.52,79.56,25028500.0
2025-01-23,79.52,79.67,79.44,79.66,27434800.0
2025-01-24,79.7,79.83,79.66,79.75,23648600.0
2025-01-27,79.67,79.86,79.61,79.81,28540600.0
2025-01-28,79.77,79.81,79.67,79.78,30439900.0
2025-01-29,79.76,79.83,79.62,79.73,20072100.0
2025-01-30,79.94,79.94,79.79,79.88,34495300.0
2025-01-31,79.9,79.97,79.67,79.72,37102600.0
2025-02-03,79.17,79.37,79.040001,79.26,29965100.0
2025-02-04,79.3,79.51,79.23,79.51,28938600.0
2025-02-05,79.54,79.77,79.54,79.72,31834000.0
2025-02-06,79.72,79.79,79.58,79.6,24224100.0
2025-02-07,79.56,79.58,79.34,79.35,28778200.0
2025-02-10,79.54,79.59,79.47,79.51,23382600.0
2025-02-11,79.53,79.53,79.4,79.48,24410000.0
2025-02-12,79.21,79.43,79.15,79.31,34362700.0
2025-02-13,79.43,79.7,79.38,79.67,36149900.0
2025-02-14,79.79,79.89,79.72,79.76,26668300.0
2025-02-18,79.75,79.81,79.64,79.69,23274200.0
2025-02-19,79.64,79.76,79.56,79.75,38958600.0
2025-02-20,79.74,79.82,79.68,79.8,25789000.0
2025-02-21,79.77,79.86,79.65,79.65,32016500.0
2025-02-24,79.67,79.84,79.64,79.75,21029200.0
2025-02-25,79.95,79.98,79.84,79.95,30604400.0
2025-02-26,80.0,80.080002,79.97,80.059998,21777500.0
2025-02-27,80.050003,80.080002,79.87,79.91,40521800.0
2025-02-28,79.99,80.13,79.93,80.13,44321200.0
2025-03-03,79.69,79.75,79.51,79.59,40729100.0
2025-03-04,79.51,79.64,79.31,79.58,66274600.0
2025-03-05,79.45,79.68,79.44,79.62,32302200.0
2025-03-06,79.43,79.5,79.28,79.32,50431500.0
2025-03-07,79.35,79.51,79.33,79.45,52828900.0
2025-03-10,79.3,79.38,79.14,79.15,57602100.0
2025-03-11,79.21,79.26,78.8,78.87,75826700.0
2025-03-12,79.059998,79.11,78.88,78.96,53763000.0
2025-03-13,78.86,78.87,78.49,78.52,81223200.0
2025-03-14,78.83,78.97,78.71,78.88,51469800.0
2025-03-17,78.89,79.099998,78.87,79.07,33954200.0
2025-03-18,79.010002,79.07,78.93,78.93,40195900.0
2025-03-19,78.96,79.54,78.96,79.45,45212700.0
2025-03-20,79.39,79.5,79.26,79.34,42977600.0
2025-03-21,79.27,79.31,79.07,79.22,35124000.0
2025-03-24,79.42,79.5,79.35,79.45,36393500.0
2025-03-25,79.5,79.58,79.38,79.41,29075500.0
2025-03-26,79.4,79.42,78.97,79.089996,51236100.0
2025-03-27,79.050003,79.14,78.93,78.94,38493100.0
2025-03-28,78.99,79.0,78.66,78.8,58896900.0
2025-03-31,78.52,78.92,78.52,78.89,47853500.0
2025-04-01,78.68,78.72,78.43,78.69,54256000.0
2025-04-02,78.54,78.86,78.54,78.85,49072400.0
2025-04-03,78.099998,78.28,77.74,77.87,116401400.0
2025-04-04,76.8,77.33,76.54,76.76,181273300.0
2025-04-07,75.87,77.6,75.63,76.099998,193374800.0
2025-04-08,77.019997,77.13,75.42,75.75,106007700.0
2025-04-09,75.099998,77.84,75.080002,77.78,152382200.0
2025-04-10,77.07,77.18,76.14,76.51,93884100.0
2025-04-11,76.27,77.17,76.0,76.74,71884000.0
2025-04-14,77.28,77.46,76.94,77.12,50011400.0
2025-04-15,77.24,77.5,77.18,77.33,39790500.0
2025-04-16,77.35,77.52,77.11,77.32,52028800.0
2025-04-17,77.62,77.79,77.53,77.77,37077800.0
2025-04-21,77.49,77.51,77.15,77.31,36078000.0
2025-04-22,77.58,77.81,77.51,77.61,33941100.0
2025-04-23,78.6,78.74,77.97,78.0,63723400.0
2025-04-24,78.28,78.74,78.18,78.7,49007800.0
2025-04-25,78.59,78.94,78.54,78.77,47981700.0
2025-04-28,78.78,78.87,78.55,78.81,42220700.0
2025-04-29,78.65,79.050003,78.65,79.019997,51198600.0
2025-04-30,78.63,78.71,78.46,78.6,69994200.0
2025-05-01,78.4,78.49,78.22,78.3,50848600.0
2025-05-02,78.5,78.61,78.36,78.54,41354100.0
2025-05-05,78.47,78.64,78.4,78.51,39815300.0
2025-05-06,78.41,78.52,78.33,78.45,36292600.0
2025-05-07,78.56,78.62,78.36,78.52,32676200.0
2025-05-08,78.67,78.77,78.45,78.5,32684900.0
2025-05-09,78.59,78.7,78.54,78.55,23971200.0
2025-05-12,79.24,79.39,79.029999,79.33,70558600.0
2025-05-13,79.38,79.58,79.32,79.47,52141900.0
2025-05-14,79.4,79.43,79.14,79.18,45406500.0
2025-05-15,79.059998,79.33,79.059998,79.33,49301300.0
2025-05-16,79.38,79.43,79.27,79.42,30657200.0
2025-05-19,79.059998,79.39,79.050003,79.38,26228800.0
2025-05-20,79.27,79.38,79.21,79.34,25933700.0
2025-05-21,79.080002,79.22,78.8,78.81,54737300.0
2025-05-22,78.81,79.050003,78.75,78.97,43242700.0
2025-05-23,78.76,78.98,78.74,78.95,29598900.0
2025-05-27,79.28,79.44,79.17,79.43,33524700.0
2025-05-28,79.42,79.44,79.25,79.38,27012900.0
2025-05-29,79.56,79.57,79.41,79.5,28616300.0
2025-05-30,79.45,79.58,79.4,79.57,28930300.0
2025-06-02,79.13,79.19,78.98,79.18,45527200.0
2025-06-03,79.24,79.35,79.17,79.33,28458700.0
2025-06-04,79.34,79.51,79.34,79.48,41403600.0
2025-06-05,79.47,79.49,79.27,79.31,44563900.0
2025-06-06,79.38,79.39,79.25,79.3,41300100.0
2025-06-09,79.28,79.43,79.28,79.34,30169000.0
2025-06-10,79.41,79.55,79.33,79.53,24234400.0
2025-06-11,79.59,79.64,79.49,79.51,30114400.0
2025-06-12,79.51,79.6,79.47,79.6,28373200.0
2025-06-13,79.42,79.5,79.3,79.36,35271000.0
2025-06-16,79.52,79.6,79.49,79.52,26225100.0
2025-06-17,79.52,79.64,79.37,79.43,27747200.0
2025-06-18,79.49,79.71,79.43,79.55,32833500.0
2025-06-20,79.62,79.81,79.59,79.8,45845800.0
2025-06-23,79.77,79.95,79.71,79.95,32361400.0
2025-06-24,80.050003,80.21,80.0,80.17,50893200.0
2025-06-25,80.18,80.22,80.080002,80.15,24156100.0
2025-06-26,80.27,80.39,80.2,80.38,28889100.0
2025-06-27,80.4,80.47,80.3,80.34,47849500.0
2025-06-30,80.53,80.67,80.45,80.65,52885900.0
2025-07-01,80.2,80.27,80.099998,80.17,45411000.0
2025-07-02,80.17,80.32,80.080002,80.32,32359500.0
2025-07-03,80.3,80.39,80.26,80.37,19750000.0
2025-07-07,80.33,80.34,80.059998,80.099998,37027200.0
2025-07-08,80.089996,80.12,79.94,79.99,31358900.0
2025-07-09,80.14,80.22,80.080002,80.21,30277500.0
2025-07-10,80.21,80.22,80.13,80.13,28776200.0
2025-07-11,80.040001,80.050003,79.93,80.029999,30482200.0
2025-07-14,80.010002,80.099998,79.97,80.089996,23716200.0
2025-07-15,80.16,80.17,79.85,79.85,37039500.0
2025-07-16,79.95,80.080002,79.75,80.059998,39780100.0
2025-07-17,80.040001,80.18,80.0,80.14,25703200.0
2025-07-18,80.26,80.32,80.18,80.25,27686400.0
2025-07-21,80.32,80.45,80.32,80.36,28483300.0
2025-07-22,80.44,80.52,80.34,80.5,26017700.0
2025-07-23,80.52,80.55,80.44,80.54,26025000.0
2025-07-24,80.44,80.51,80.41,80.44,27013700.0
2025-07-25,80.5,80.58,80.41,80.49,30123100.0
2025-07-28,80.52,80.52,80.44,80.45,22093800.0
2025-07-29,80.49,80.55,80.45,80.5,21371800.0
2025-07-30,80.45,80.52,80.25,80.33,38392400.0
2025-07-31,80.4,80.48,80.33,80.38,41501300.0
2025-08-01,80.040001,80.089996,79.8,79.98,68963100.0
2025-08-04,80.089996,80.25,80.059998,80.25,37539200.0
2025-08-05,80.21,80.24,80.099998,80.21,29656300.0
2025-08-06,80.21,80.3,80.14,80.29,30512900.0
2025-08-07,80.31,80.36,80.16,80.21,29405000.0
2025-08-08,80.2,80.25,80.16,80.22,24679000.0
2025-08-11,80.22,80.29,80.17,80.22,30159800.0
2025-08-12,80.27,80.4,80.21,80.4,40846200.0
2025-08-13,80.46,80.61,80.46,80.61,35039600.0
2025-08-14,80.49,80.49,80.35,80.4,36559900.0
2025-08-15,80.47,80.47,80.37,80.46,22754000.0
2025-08-18,80.44,80.49,80.38,80.4,25400800.0
2025-08-19,80.45,80.48,80.36,80.38,21700500.0
2025-08-20,80.41,80.43,80.31,80.35,29704900.0
2025-08-21,80.26,80.3,80.19,80.2,35825900.0
2025-08-22,80.32,80.86,80.3,80.85,59541500.0
2025-08-25,80.78,80.81,80.69,80.69,32714800.0
2025-08-26,80.79,80.9,80.74,80.87,33659900.0
2025-08-27,80.82,80.99,80.82,80.97,24335000.0
2025-08-28,80.97,81.010002,80.9,81.010002,24203800.0
2025-08-29,80.99,80.99,80.86,80.86,35070300.0
2025-09-02,80.27,80.43,80.2,80.39,51804000.0
2025-09-03,80.41,80.61,80.41,80.61,34283100.0
2025-09-04,80.66,80.84,80.63,80.83,37999700.0
2025-09-05,80.98,81.099998,80.84,80.87,39147800.0
2025-09-08,80.95,80.97,80.85,80.87,27003400.0
2025-09-09,80.85,80.88,80.67,80.78,36704500.0
2025-09-10,80.84,80.94,80.79,80.84,38106100.0
2025-09-11,80.91,81.099998,80.91,81.040001,34221500.0
2025-09-12,81.029999,81.029999,80.94,80.96,25702800.0
2025-09-15,81.080002,81.2,81.07,81.19,27248800.0
2025-09-16,81.21,81.23,81.099998,81.13,33075600.0
2025-09-17,81.19,81.24,80.91,81.050003,35955700.0
2025-09-18,81.14,81.27,81.07,81.23,43250000.0
2025-09-19,81.25,81.29,81.15,81.26,32042900.0
2025-09-22,81.19,81.33,81.18,81.32,26670200.0
2025-09-23,81.34,81.36,81.2,81.26,37088500.0
2025-09-24,81.25,81.25,81.12,81.15,28124300.0
2025-09-25,81.0,81.010002,80.89,80.92,33509900.0
2025-09-26,81.040001,81.11,80.96,81.080002,31046800.0
2025-09-29,81.16,81.24,81.13,81.22,28558500.0
2025-09-30,81.17,81.21,81.099998,81.19,54970300.0
2025-10-01,80.81,81.0,80.78,80.96,58042600.0
2025-10-02,80.94,80.97,80.84,80.93,33348900.0
2025-10-03,80.92,80.94,80.82,80.84,35109200.0
2025-10-06,80.89,80.91,80.83,80.86,29485100.0
2025-10-07,80.89,80.89,80.76,80.77,27672300.0
2025-10-08,80.82,80.84,80.64,80.65,34932200.0
2025-10-09,80.64,80.65,80.31,80.42,65586700.0
2025-10-10,80.47,80.49,79.95,79.95,83840400.0
2025-10-13,80.23,80.45,80.17,80.45,31926800.0
2025-10-14,80.18,80.64,80.11,80.54,63860100.0
2025-10-15,80.72,80.83,80.6,80.8,59802200.0
2025-10-16,80.8,80.82,80.46,80.51,75725200.0
2025-10-17,80.44,80.73,80.43,80.72,70044200.0
2025-10-20,80.77,80.91,80.77,80.88,43762300.0
2025-10-21,80.88,80.94,80.76,80.76,45418100.0
2025-10-22,80.76,80.81,80.6,80.68,50698600.0
2025-10-23,80.7,80.86,80.7,80.86,37962400.0
2025-10-24,81.029999,81.089996,80.97,81.080002,39905600.0
2025-10-27,81.17,81.33,81.13,81.28,36495000.0
2025-10-28,81.28,81.28,81.17,81.2,31591400.0
2025-10-29,81.2,81.23,80.9,80.95,51827100.0
2025-10-30,80.79,80.94,80.76,80.8,39967300.0
2025-10-31,80.89,80.96,80.75,80.8,45044600.0
2025-11-03,80.39,80.4,80.13,80.14,54615100.0
2025-11-04,79.98,80.22,79.96,80.15,49705000.0
2025-11-05,80.19,80.28,80.17,80.23,42273700.0
2025-11-06,80.31,80.33,80.13,80.26,46629200.0
2025-11-07,80.25,80.35,80.089996,80.33,47233800.0
2025-11-10,80.45,80.65,80.43,80.6,51875200.0
2025-11-11,80.61,80.73,80.61,80.69,17001100.0
2025-11-12,80.69,80.7,80.49,80.53,43962900.0
2025-11-13,80.42,80.42,80.15,80.2,53631300.0
2025-11-14,80.080002,80.4,80.080002,80.22,40853500.0
2025-11-17,80.19,80.27,80.040001,80.089996,42954200.0
2025-11-18,80.019997,80.19,79.99,80.11,44098700.0
2025-11-19,80.14,80.3,80.089996,80.15,33510100.0
2025-11-20,80.41,80.49,80.099998,80.099998,65471200.0
2025-11-21,80.26,80.41,80.13,80.37,62331700.0
2025-11-24,80.42,80.6,80.4,80.59,38964900.0
2025-11-25,80.57,80.9,80.54,80.87,56524800.0
2025-11-26,80.83,80.98,80.79,80.95,27454800.0
2025-11-28,81.0,81.07,80.94,80.99,29430800.0
2025-12-01,80.4,80.54,80.38,80.47,45274800.0
2025-12-02,80.54,80.64,80.48,80.62,38842600.0
2025-12-03,80.61,80.79,80.57,80.69,35019100.0
2025-12-04,80.7,80.77,80.57,80.75,34777400.0
2025-12-05,80.73,80.81,80.67,80.75,30486800.0
2025-12-08,80.72,80.74,80.49,80.55,43160800.0
2025-12-09,80.55,80.61,80.44,80.46,30558800.0
2025-12-10,80.43,80.79,80.42,80.73,53052100.0
2025-12-11,80.74,80.76,80.66,80.72,44546400.0
2025-12-12,80.69,80.71,80.53,80.57,45566100.0
2025-12-15,80.67,80.7,80.57,80.61,28983600.0
2025-12-16,80.61,80.67,80.56,80.66,27908000.0
2025-12-17,80.65,80.67,80.51,80.56,36999700.0
2025-12-18,80.78,80.8,80.67,80.78,52680500.0
2025-12-19,80.43,80.47,80.33,80.36,34413300.0
2025-12-22,80.46,80.46,80.29,80.43,37203900.0
2025-12-23,80.37,80.49,80.35,80.49,24341800.0
2025-12-24,80.51,80.64,80.47,80.64,10533500.0
2025-12-26,80.64,80.7,80.59,80.6,10922900.0
2025-12-29,80.56,80.66,80.55,80.63,22012700.0
2025-12-30,80.64,80.75,80.61,80.71,20146700.0
2025-12-31,80.72,80.75,80.63,80.63,17457100.0
2026-01-02,80.72,80.72,80.59,80.67,28403300.0
2026-01-05,80.74,80.91,80.7,80.88,38563200.0
2026-01-06,80.9,80.94,80.82,80.9,31721500.0
2026-01-07,80.96,81.0,80.84,80.88,27022700.0
2026-01-08,80.84,80.95,80.8,80.94,33516900.0
2026-01-09,80.95,81.029999,80.95,81.0,31849200.0
2026-01-12,80.91,81.050003,80.9,81.040001,23983600.0
2026-01-13,81.07,81.080002,80.97,81.040001,27607400.0
2026-01-14,81.0,81.050003,80.93,81.040001,42994000.0
2026-01-15,81.099998,81.11,81.0,81.040001,30412400.0
2026-01-16,81.080002,81.099998,80.99,81.089996,52466300.0
2026-01-20,80.75,80.95,80.67,80.88,38653400.0
2026-01-21,80.98,81.16,80.96,81.12,42023500.0
2026-01-22,81.19,81.24,81.13,81.18,35231900.0
2026-01-23,81.18,81.2,81.040001,81.14,38360500.0
2026-01-26,81.19,81.22,81.12,81.18,27027500.0
2026-01-27,81.18,81.22,81.14,81.17,22961500.0
2026-01-28,81.17,81.18,81.029999,81.040001,35559200.0
2026-01-29,81.050003,81.07,80.9,81.029999,38201600.0
2026-01-30,80.92,81.13,80.92,81.12,59848000.0
2026-02-02,80.67,80.81,80.64,80.77,42890700.0
2026-02-03,80.76,80.81,80.53,80.72,49372700.0
2026-02-04,80.7,80.72,80.54,80.62,42829400.0
2026-02-05,80.56,80.62,80.45,80.53,75554200.0
2026-02-06,80.67,80.81,80.62,80.81,40915900.0
2026-02-09,80.76,80.92,80.76,80.92,33716900.0
2026-02-10,80.95,81.010002,80.84,80.84,37886100.0
2026-02-11,80.9,80.93,80.72,80.83,27272300.0
2026-02-12,80.91,80.97,80.75,80.79,48457000.0
2026-02-13,80.83,80.94,80.82,80.85,36612400.0
2026-02-17,80.82,80.86,80.74,80.81,35682000.0
2026-02-18,80.84,80.98,80.81,80.91,33943100.0
2026-02-19,80.88,80.94,80.83,80.94,29531000.0
2026-02-20,80.93,81.0,80.87,81.0,37959800.0
2026-02-23,80.96,81.010002,80.84,80.87,33666000.0
2026-02-24,80.85,80.87,80.65,80.81,54979900.0
2026-02-25,80.82,80.93,80.82,80.92,29428200.0
2026-02-26,80.89,80.94,80.76,80.85,54533600.0
2026-02-27,80.75,80.8,80.65,80.72,62450000.0
2026-03-02,80.059998,80.41,80.029999,80.28,74327000.0
2026-03-03,79.94,80.31,79.84,80.12,118126800.0
2026-03-04,80.23,80.45,80.2,80.4,58694100.0
2026-03-05,80.27,80.31,80.019997,80.080002,79841000.0
2026-03-06,79.75,80.0,79.65,79.69,82125600.0
2026-03-09,79.59,80.18,79.54,80.17,88695000.0
2026-03-10,80.050003,80.38,80.029999,80.040001,67499600.0
2026-03-11,79.99,80.040001,79.81,79.86,59983500.0
2026-03-12,79.75,79.75,79.32,79.35,68674300.0
2026-03-13,79.53,79.68,79.12,79.2,68652900.0
2026-03-16,79.51,79.67,79.45,79.45,57535600.0
2026-03-17,79.61,79.82,79.57,79.81,47967800.0
2026-03-18,79.69,79.75,79.39,79.4,50281900.0
2026-03-19,79.029999,79.7,78.99,79.66,103981600.0
2026-03-20,79.5,79.53,78.85,78.92,109084800.0
2026-03-23,79.3,79.7,79.17,79.44,79015800.0
2026-03-24,79.24,79.41,79.059998,79.17,71941600.0
2026-03-25,79.45,79.58,79.35,79.42,49917700.0
2026-03-26,79.25,79.33,78.8,78.92,74979300.0
2026-03-27,78.84,78.84,78.57,78.72,68174300.0
2026-03-30,79.019997,79.099998,78.76,78.81,55210700.0
2026-03-31,79.16,79.61,79.12,79.56,101521300.0
2026-04-01,79.35,79.46,79.24,79.37,69789200.0
2026-04-02,79.080002,79.63,79.080002,79.56,53828200.0
2026-04-06,79.51,79.71,79.5,79.7,37098300.0
2026-04-07,79.67,79.74,79.32,79.72,47264100.0
2026-04-08,80.47,80.52,80.029999,80.19,58556400.0
2026-04-09,80.15,80.39,80.0,80.28,45207500.0
2026-04-10,80.34,80.34,79.95,79.96,33005600.0
2026-04-13,79.88,80.27,79.88,80.26,38561400.0
2026-04-14,80.34,80.56,80.29,80.5,42038000.0
2026-04-15,80.45,80.49,80.35,80.46,47834900.0
2026-04-16,80.53,80.53,80.26,80.35,37743400.0
2026-04-17,80.6,80.76,80.56,80.65,61651600.0
2026-04-20,80.63,80.67,80.5,80.58,21104400.0
2026-04-21,80.55,80.58,80.31,80.37,58623500.0
2026-04-22,80.5,80.57,80.42,80.5,28004500.0
2026-04-23,80.46,80.55,80.16,80.37,49921700.0
2026-04-24,80.44,80.53,80.3,80.48,33626300.0
2026-04-27,80.44,80.54,80.42,80.51,24643700.0
2026-04-28,80.35,80.43,80.33,80.4,36382400.0
2026-04-29,80.32,80.34,79.98,80.13,56809400.0
2026-04-30,80.18,80.42,80.17,80.38,51626100.0
2026-05-01,80.059998,80.23,80.029999,80.059998,43740400.0
2026-05-04,80.019997,80.019997,79.69,79.8,35069300.0
2026-05-05,79.89,80.019997,79.89,79.92,26357900.0
2026-05-06,80.089996,80.24,80.080002,80.16,38323100.0
2026-05-07,80.22,80.24,79.86,79.86,44772900.0
2026-05-08,80.010002,80.15,80.0,80.14,29715200.0
2026-05-11,80.080002,80.15,79.98,79.98,34366600.0
2026-05-12,79.82,79.89,79.7,79.87,37418900.0
2026-05-13,79.84,79.95,79.79,79.91,33257100.0
2026-05-14,79.97,80.050003,79.85,79.85,27235600.0
2026-05-15,79.64,79.69,79.46,79.46,54466000.0
2026-05-18,79.63,79.7,79.44,79.54,38596100.0
2026-05-19,79.41,79.45,79.23,79.35,42904700.0
2026-05-20,79.5,79.87,79.4,79.86,58906300.0
2026-05-21,79.75,79.99,79.65,79.9,37584600.0
2026-05-22,80.010002,80.019997,79.84,79.91,22429400.0
2026-05-26,80.14,80.19,80.040001,80.18,30406100.0
2026-05-27,80.17,80.21,80.080002,80.13,22523800.0
2026-05-28,80.080002,80.27,80.040001,80.23,32001600.0
2026-05-29,80.26,80.36,80.21,80.31,39142200.0
2026-06-01,79.79,79.88,79.64,79.84,32671000.0
2026-06-02,79.84,79.9,79.79,79.9,25237500.0
2026-06-03,79.75,79.78,79.63,79.68,28203400.0
2026-06-04,79.75,79.85,79.75,79.83,22697900.0
2026-06-05,79.7,79.72,79.35,79.43,46035600.0
2026-06-08,79.6,79.65,79.48,79.54,25217800.0
2026-06-09,79.62,79.79,79.42,79.62,34705500.0
2026-06-10,79.56,79.64,79.45,79.47,30345200.0
2026-06-11,79.57,79.97,79.52,79.94,55089500.0
2026-06-12,79.94,80.0,79.8,79.94,29873300.0
2026-06-15,80.14,80.17,80.029999,80.040001,32019600.0
2026-06-16,80.029999,80.11,79.96,80.029999,24471900.0
2026-06-17,79.99,80.07,79.71,79.73,47184800.0
2026-06-18,80.029999,80.07,79.92,80.010002,41111700.0
2026-06-22,79.94,79.98,79.87,79.94,26479500.0
2026-06-23,79.83,79.97,79.82,79.87,29811300.0
2026-06-24,79.94,79.99,79.84,79.85,38841000.0
2026-06-25,79.92,79.98,79.82,79.88,29322400.0
2026-06-26,79.82,79.95,79.81,79.83,27647500.0
2026-06-29,79.95,80.029999,79.85,80.010002,37325700.0
2026-06-30,80.0,80.050003,79.92,79.97,38103900.0
2026-07-01,79.56,79.66,79.51,79.59,38152300.0
2026-07-02,79.73,79.79,79.67,79.71,26111800.0
2026-07-06,79.73,79.91,79.73,79.87,25159400.0
2026-07-07,79.85,79.88,79.72,79.76,28558300.0
2026-07-08,79.61,79.68,79.54,79.66,30771300.0
2026-07-09,79.73,79.86,79.67,79.75,21882200.0
2026-07-10,79.78,79.83,79.62,79.71,24550300.0
2026-07-13,79.67,79.69,79.46,79.52,32133300.0
2026-07-14,79.68,79.69,79.57,79.68,28248700.0
2026-07-15,79.71,79.84,79.71,79.81,26948800.0
2026-07-16,79.76,79.84,79.73,79.8,22780300.0
2026-07-17,79.75,79.84,79.63,79.65,42020100.0
2026-07-20,79.74,79.77,79.67,79.68,19767900.0
2026-07-21,79.72,79.74,79.6,79.65,27198800.0
2026-07-22,79.61,79.65,79.48,79.52,24851700.0
2026-07-23,79.28,79.37,79.15,79.23,52554200.0
2026-07-24,79.25,79.31,79.16,79.23,41964600.0
2026-07-27,79.34,79.4,79.24,79.27,28939800.0
2026-07-28,79.32,79.42,79.25,79.42,33698300.0
2026-07-29,79.37,79.48,79.14,79.24,53074500.0
2026-07-30,79.38,79.5,79.33,79.47,30570700.0
2026-07-31,79.46,79.54,79.24,79.48,38659800.0
2026-08-03,79.25,79.33,79.15,79.31,30860100.0
2026-08-04,79.37,79.6,79.37,79.55,46524700.0
2026-08-05,79.55,79.56,79.44,79.52,25771800.0
2026-08-06,79.51,79.51,79.41,79.46,25818200.0
2026-08-07,79.67,79.69,79.57,79.61,23459400.0
2026-08-10,79.57,79.57,79.41,79.48,30292400.0
2026-08-11,79.55,79.57,79.49,79.51,17988300.0
2026-08-12,79.64,79.66,79.59,79.61,25243300.0
2026-08-13,79.74,79.86,79.68,79.79,28659200.0
2026-08-14,79.8,79.82,79.66,79.71,26611000.0
2026-08-17,79.67,79.71,79.59,79.61,22620500.0
2026-08-18,79.56,79.58,79.47,79.53,29462900.0
2026-08-19,79.69,79.74,79.64,79.71,29670000.0
2026-08-20,79.55,79.63,79.48,79.56,41762500.0
2026-08-21,79.66,79.66,79.55,79.61,37545400.0
2026-08-24,79.62,79.71,79.58,79.7,20714600.0
2026-08-25,79.83,79.94,79.76,79.92,29540300.0
2026-08-26,79.86,79.91,79.78,79.9,28585000.0
2026-08-27,79.93,79.97,79.82,79.87,32490100.0
2026-08-28,79.9,79.95,79.66,79.74,35134500.0
2026-08-31,79.71,79.81,79.63,79.81,36481400.0
2026-09-01,79.27,79.3,79.059998,79.099998,48867800.0
2026-09-02,79.14,79.23,79.099998,79.11,34409100.0
2026-09-03,79.21,79.3,79.17,79.21,23037600.0
2026-09-04,79.2,79.24,79.15,79.16,25350900.0
2026-09-08,79.19,79.24,79.099998,79.12,27470400.0
2026-09-09,79.089996,79.11,78.98,78.98,31651700.0
2026-09-10,78.79,78.82,78.61,78.62,53424500.0
2026-09-11,78.78,78.86,78.6,78.6,38955300.0
2026-09-14,78.55,78.64,78.41,78.53,44071500.0
