date,open,high,low,close,volume
2013-01-02,30.38,30.47,29.89,29.92,15631200.0
2013-01-03,29.84,30.040001,29.030001,29.18,20462300.0
2013-01-04,28.83,29.3,28.61,29.24,18624800.0
2013-01-07,28.98,29.26,28.95,29.18,7443300.0
2013-01-08,29.46,29.59,29.19,29.38,9075100.0
2013-01-09,29.33,29.4,29.08,29.35,7251900.0
2013-01-10,29.67,29.94,29.65,29.78,9906900.0
2013-01-11,29.73,29.74,29.17,29.48,12084100.0
2013-01-14,30.09,30.14,29.75,30.040001,12731800.0
2013-01-15,30.22,30.56,30.1,30.36,8996000.0
2013-01-16,30.25,30.53,30.15,30.45,7381600.0
2013-01-17,30.16,30.88,30.13,30.67,16090100.0
2013-01-18,31.030001,31.040001,30.66,30.81,9889900.0
2013-01-22,30.88,31.3,30.86,31.12,9293700.0
2013-01-23,31.29,31.41,31.049999,31.19,10289300.0
2013-01-24,30.74,30.92,30.56,30.65,9887800.0
2013-01-25,30.44,30.5,30.1,30.21,11499600.0
2013-01-28,29.95,30.049999,29.73,29.85,8897500.0
2013-01-29,30.11,30.44,30.08,30.32,9367300.0
2013-01-30,30.84,31.22,30.77,30.92,16489500.0
2013-01-31,30.75,30.82,30.09,30.44,14939500.0
2013-02-01,31.02,31.049999,30.46,30.78,12438300.0
2013-02-04,30.44,30.87,30.42,30.69,7131100.0
2013-02-05,30.9,30.94,30.58,30.76,7331600.0
2013-02-06,30.64,30.85,30.61,30.81,5899000.0
2013-02-07,30.37,30.85,30.31,30.46,11776300.0
2013-02-08,30.41,30.65,30.29,30.43,5388900.0
2013-02-11,30.02,30.08,29.81,30.0,10465500.0
2013-02-12,29.81,30.13,29.72,30.09,6681300.0
2013-02-13,30.040001,30.040001,29.73,29.77,7364500.0
2013-02-14,29.92,29.98,29.24,29.46,15703300.0
2013-02-15,29.049999,29.14,28.71,28.83,20810400.0
2013-02-19,28.86,28.89,28.26,28.45,18772200.0
2013-02-20,28.030001,28.049999,27.35,27.59,26946700.0
2013-02-21,27.64,27.91,27.62,27.73,14454500.0
2013-02-22,27.63,27.83,27.43,27.83,10443300.0
2013-02-25,27.99,28.19,27.96,28.07,10895300.0
2013-02-26,27.97,28.5,27.64,28.41,16452700.0
2013-02-27,28.2,28.26,27.9,28.01,8107300.0
2013-02-28,27.98,28.0,27.46,27.54,11474000.0
2013-03-01,27.67,27.8,27.48,27.62,8440000.0
2013-03-04,27.62,27.74,27.49,27.6,6213900.0
2013-03-05,28.02,28.1,27.58,27.75,6302300.0
2013-03-06,27.71,28.15,27.59,28.1,10348200.0
2013-03-07,28.049999,28.09,27.81,27.91,6113000.0
2013-03-08,27.58,28.3,27.53,28.01,11546600.0
2013-03-11,27.87,28.040001,27.82,28.02,4183200.0
2013-03-12,28.23,28.39,28.17,28.2,5442600.0
2013-03-13,28.22,28.3,27.9,27.94,8153800.0
2013-03-14,27.7,27.94,27.69,27.8,7311000.0
2013-03-15,27.88,28.059999,27.77,27.8,5452000.0
2013-03-18,28.02,28.08,27.87,27.95,6173900.0
2013-03-19,27.88,28.14,27.84,27.93,8780200.0
2013-03-20,27.87,27.91,27.51,27.81,5345800.0
2013-03-21,28.24,28.33,28.16,28.18,6357700.0
2013-03-22,27.73,27.91,27.69,27.75,7252100.0
2013-03-25,27.81,27.95,27.7,27.84,5048300.0
2013-03-26,27.8,27.85,27.68,27.75,5180300.0
2013-03-27,27.38,27.82,27.17,27.73,8819300.0
2013-03-28,27.52,27.68,27.26,27.42,6130200.0
2013-04-01,27.08,27.15,26.92,27.09,8119500.0
2013-04-02,26.65,26.72,26.3,26.35,13641400.0
2013-04-03,26.33,26.43,25.84,26.09,13189100.0
2013-04-04,25.86,26.09,25.74,25.99,12008500.0
2013-04-05,26.21,26.44,26.09,26.39,9919800.0
2013-04-08,26.34,26.4,26.22,26.32,5083900.0
2013-04-09,26.5,27.14,26.46,27.030001,11497700.0
2013-04-10,26.96,27.0,26.59,26.68,7726400.0
2013-04-11,26.68,26.91,26.63,26.7,5465700.0
2013-04-12,26.059999,26.13,25.17,25.28,34384700.0
2013-04-15,22.98,23.1,21.96,22.09,53812700.0
2013-04-16,22.96,23.01,22.43,22.67,22201800.0
2013-04-17,22.6,22.91,22.3,22.44,18680200.0
2013-04-18,22.42,22.66,22.33,22.4,13548300.0
2013-04-19,22.65,22.68,22.15,22.4,11536600.0
2013-04-22,22.74,22.78,22.5,22.62,9242900.0
2013-04-23,22.2,22.27,21.99,22.18,13410600.0
2013-04-24,22.34,22.48,22.09,22.42,11084900.0
2013-04-25,22.84,23.56,22.78,23.49,20089600.0
2013-04-26,23.48,23.7,22.84,23.1,20211300.0
2013-04-29,23.43,23.66,23.27,23.54,8614300.0
2013-04-30,23.5,23.5,23.22,23.46,9539500.0
2013-05-01,22.69,23.13,22.47,22.86,17057000.0
2013-05-02,23.19,23.27,22.93,23.02,8023300.0
2013-05-03,23.13,23.57,23.02,23.29,11287900.0
2013-05-06,23.23,23.28,23.040001,23.18,4857300.0
2013-05-07,22.79,23.16,22.69,23.1,10946100.0
2013-05-08,23.09,23.19,22.88,23.12,9320600.0
2013-05-09,22.99,23.17,22.75,22.89,10690900.0
2013-05-10,22.5,23.02,22.4,22.98,11921500.0
2013-05-13,22.97,23.02,22.8,22.83,6347400.0
2013-05-14,22.51,22.86,22.51,22.57,12116000.0
2013-05-15,22.16,22.24,21.73,21.76,23010800.0
2013-05-16,21.71,22.049999,21.66,21.95,11595300.0
2013-05-17,21.85,21.91,21.4,21.4,15842000.0
2013-05-20,20.84,22.5,20.81,22.28,36198000.0
2013-05-21,21.5,21.85,21.32,21.62,21262800.0
2013-05-22,21.97,22.55,21.44,21.51,51029100.0
2013-05-23,21.64,21.92,21.45,21.88,12358600.0
2013-05-24,21.63,21.82,21.56,21.61,6955600.0
2013-05-28,21.62,21.87,21.41,21.53,10058100.0
2013-05-29,21.61,21.75,21.52,21.71,6302100.0
2013-05-30,22.19,22.33,21.91,21.98,11422400.0
2013-05-31,21.59,21.67,21.42,21.44,13146300.0
2013-06-03,21.67,22.19,21.57,21.98,12786800.0
2013-06-04,21.69,21.79,21.54,21.77,6749800.0
2013-06-05,21.8,22.0,21.7,21.78,8279000.0
2013-06-06,21.75,22.12,21.65,21.93,10292800.0
2013-06-07,21.25,21.44,20.84,20.86,22059900.0
2013-06-10,21.040001,21.35,20.97,21.16,10495300.0
2013-06-11,20.79,21.049999,20.76,20.91,9870300.0
2013-06-12,20.97,21.26,20.87,21.02,8216300.0
2013-06-13,20.98,21.2,20.84,21.040001,10104400.0
2013-06-14,21.29,21.4,21.19,21.33,8687700.0
2013-06-17,21.09,21.2,21.040001,21.1,6447600.0
2013-06-18,21.0,21.09,20.78,20.88,11002100.0
2013-06-19,20.93,21.12,20.53,20.6,15248400.0
2013-06-20,19.21,19.47,18.88,18.97,36200700.0
2013-06-21,19.27,19.45,19.16,19.39,14606100.0
2013-06-24,19.12,19.19,18.79,18.97,17632300.0
2013-06-25,19.01,19.09,18.87,18.91,7847800.0
2013-06-26,18.25,18.3,17.86,17.89,22854200.0
2013-06-27,18.15,18.26,17.75,17.89,18114700.0
2013-06-28,17.97,18.98,17.96,18.97,27265300.0
2013-07-01,18.98,19.14,18.81,18.93,14504100.0
2013-07-02,18.98,19.0,18.59,18.68,7787200.0
2013-07-03,18.95,19.19,18.9,19.02,6634900.0
2013-07-05,18.32,18.34,18.059999,18.21,11091400.0
2013-07-08,18.44,18.5,18.4,18.42,4945200.0
2013-07-09,18.54,18.69,18.48,18.57,6416600.0
2013-07-10,18.58,18.76,18.44,18.48,8788800.0
2013-07-11,19.36,19.5,19.2,19.49,12504900.0
2013-07-12,19.17,19.28,19.11,19.21,6784800.0
2013-07-15,19.15,19.3,19.14,19.28,4270500.0
2013-07-16,19.26,19.36,19.23,19.33,6558700.0
2013-07-17,19.35,19.44,18.61,18.66,15555000.0
2013-07-18,18.76,18.87,18.58,18.72,6631400.0
2013-07-19,18.82,18.89,18.75,18.88,5429600.0
2013-07-22,19.57,19.89,19.55,19.77,15285000.0
2013-07-23,19.54,19.81,19.51,19.77,9840700.0
2013-07-24,19.59,19.63,19.3,19.47,7076900.0
2013-07-25,19.43,19.55,19.41,19.5,4426700.0
2013-07-26,19.3,19.41,18.97,19.32,8979700.0
2013-07-29,19.22,19.28,19.14,19.14,4200600.0
2013-07-30,19.059999,19.12,18.99,19.030001,4078200.0
2013-07-31,19.01,19.42,18.71,19.14,11248600.0
2013-08-01,19.09,19.1,18.93,18.97,5804400.0
2013-08-02,19.25,19.3,19.11,19.12,6144100.0
2013-08-05,19.059999,19.1,18.95,19.01,4490100.0
2013-08-06,18.92,18.95,18.8,18.83,6055400.0
2013-08-07,18.76,18.95,18.72,18.83,5181100.0
2013-08-08,19.16,19.63,19.16,19.6,11020700.0
2013-08-09,19.61,19.87,19.56,19.76,8197000.0
2013-08-12,20.52,20.71,20.48,20.62,12515000.0
2013-08-13,20.72,20.76,20.53,20.71,8791400.0
2013-08-14,20.76,21.11,20.74,21.09,13607800.0
2013-08-15,21.059999,22.38,21.049999,22.15,34670100.0
2013-08-16,22.44,22.59,22.15,22.34,18914900.0
2013-08-19,22.41,22.44,22.16,22.34,9789900.0
2013-08-20,22.22,22.5,22.18,22.19,9334200.0
2013-08-21,22.13,22.54,22.02,22.14,14433300.0
2013-08-22,22.33,22.51,22.2,22.27,7009400.0
2013-08-23,22.32,23.25,22.29,23.15,19823200.0
2013-08-26,23.32,23.56,23.059999,23.46,14034200.0
2013-08-27,23.67,23.84,23.58,23.59,14726600.0
2013-08-28,23.61,23.66,23.37,23.43,17024400.0
2013-08-29,23.2,23.27,22.88,23.0,14289600.0
2013-08-30,22.64,22.88,22.55,22.6,9885200.0
2013-09-03,23.57,23.58,23.38,23.39,12919300.0
2013-09-04,22.69,22.71,22.51,22.69,10712600.0
2013-09-05,22.58,22.62,22.18,22.38,8786400.0
2013-09-06,22.93,23.09,22.89,22.97,7696100.0
2013-09-09,22.86,22.95,22.77,22.84,5616800.0
2013-09-10,22.21,22.26,21.99,22.13,10296300.0
2013-09-11,22.29,22.35,22.23,22.29,4810500.0
2013-09-12,21.43,21.51,21.049999,21.059999,15273600.0
2013-09-13,21.049999,21.44,20.84,21.42,11714000.0
2013-09-16,21.31,21.37,20.92,20.94,7495800.0
2013-09-17,21.040001,21.08,20.93,20.96,6441000.0
2013-09-18,20.68,22.4,20.45,22.31,30629700.0
2013-09-19,22.39,22.58,22.17,22.2,16262300.0
2013-09-20,21.79,21.86,20.95,21.0,18493200.0
2013-09-23,20.94,21.13,20.78,20.78,7765000.0
2013-09-24,20.66,21.030001,20.65,20.89,7313400.0
2013-09-25,20.95,21.15,20.89,20.98,6590600.0
2013-09-26,21.02,21.1,20.86,20.92,6606300.0
2013-09-27,20.96,21.12,20.94,20.96,5318200.0
2013-09-30,20.72,21.26,20.68,20.9,7988800.0
2013-10-01,20.18,20.51,19.88,20.41,21004200.0
2013-10-02,20.55,21.22,20.53,20.92,12456700.0
2013-10-03,20.9,21.049999,20.74,20.92,7947300.0
2013-10-04,20.99,21.01,20.72,20.93,4907200.0
2013-10-07,21.15,21.65,21.1,21.53,12252300.0
2013-10-08,21.59,21.67,21.47,21.49,6884500.0
2013-10-09,21.16,21.24,20.97,21.049999,10156700.0
2013-10-10,21.1,21.18,20.82,20.83,6379200.0
2013-10-11,20.49,20.55,20.37,20.52,11028700.0
2013-10-14,20.74,20.76,20.49,20.5,4813500.0
2013-10-15,20.36,20.73,20.33,20.56,8037700.0
2013-10-16,20.54,20.66,20.38,20.5,6581200.0
2013-10-17,20.96,21.17,20.95,21.049999,9380400.0
2013-10-18,21.08,21.17,21.049999,21.11,5164500.0
2013-10-21,21.48,21.5,21.37,21.41,5255900.0
2013-10-22,21.66,22.0,21.65,21.87,10330000.0
2013-10-23,21.77,21.86,21.74,21.75,5488600.0
2013-10-24,21.9,22.040001,21.86,21.87,7494700.0
2013-10-25,21.53,21.87,21.5,21.71,7511200.0
2013-10-28,21.69,21.85,21.64,21.68,6094100.0
2013-10-29,21.71,21.79,21.65,21.69,5163400.0
2013-10-30,22.18,22.23,21.62,21.88,11297700.0
2013-10-31,21.24,21.31,21.049999,21.1,10355700.0
2013-11-01,21.09,21.15,20.98,21.08,5967500.0
2013-11-04,21.02,21.059999,20.83,20.85,4672800.0
2013-11-05,20.87,20.93,20.8,20.9,3342700.0
2013-11-06,21.059999,21.12,20.94,21.0,3433000.0
2013-11-07,20.81,20.94,20.76,20.83,5058700.0
2013-11-08,20.67,20.71,20.49,20.69,7047800.0
2013-11-11,20.61,20.62,20.51,20.6,3481500.0
2013-11-12,20.4,20.42,19.83,20.0,11482400.0
2013-11-13,19.94,20.0,19.7,19.78,9050200.0
2013-11-14,19.93,20.11,19.91,20.049999,6518700.0
2013-11-15,19.97,20.030001,19.95,20.0,3932000.0
2013-11-18,19.88,19.92,19.56,19.67,6569200.0
2013-11-19,19.63,19.74,19.57,19.61,4345200.0
2013-11-20,19.54,19.62,19.07,19.14,15251300.0
2013-11-21,19.1,19.32,19.0,19.24,6999200.0
2013-11-22,19.23,19.27,19.1,19.13,3976000.0
2013-11-25,19.09,19.38,19.08,19.27,6150800.0
2013-11-26,19.18,19.26,19.07,19.13,4938700.0
2013-11-27,19.19,19.22,18.92,18.96,6647000.0
2013-11-29,19.26,19.35,19.22,19.24,2745300.0
2013-12-02,18.89,18.94,18.43,18.46,11111500.0
2013-12-03,18.35,18.5,18.28,18.42,6912500.0
2013-12-04,18.57,19.16,18.56,19.0,11379500.0
2013-12-05,18.63,19.0,18.55,18.69,7908800.0
2013-12-06,18.83,18.94,18.68,18.76,7466700.0
2013-12-09,18.99,19.25,18.94,19.12,6407700.0
2013-12-10,19.66,19.67,19.51,19.66,8026400.0
2013-12-11,19.67,19.69,19.5,19.55,5904400.0
2013-12-12,18.84,18.87,18.71,18.81,9660900.0
2013-12-13,18.89,19.030001,18.84,18.95,5508000.0
2013-12-16,18.94,19.54,18.9,19.22,8855400.0
2013-12-17,19.08,19.38,19.059999,19.14,7266900.0
2013-12-18,19.24,19.52,18.93,19.09,12289200.0
2013-12-19,18.53,18.58,18.42,18.49,11953300.0
2013-12-20,18.55,18.8,18.48,18.62,11204000.0
2013-12-23,18.71,18.8,18.65,18.72,6126800.0
2013-12-24,18.71,18.84,18.69,18.76,2795700.0
2013-12-26,19.26,19.27,19.01,19.02,6502400.0
2013-12-27,19.32,19.34,19.25,19.27,7362000.0
2013-12-30,18.94,19.02,18.75,18.85,8198100.0
2013-12-31,18.29,19.08,18.26,18.71,22884700.0
2014-01-02,19.35,19.47,19.22,19.23,12013800.0
2014-01-03,19.37,19.48,19.32,19.42,5904600.0
2014-01-06,19.42,19.59,19.25,19.42,11875800.0
2014-01-07,18.99,19.15,18.9,19.13,7573900.0
2014-01-08,18.71,18.87,18.61,18.83,10310300.0
2014-01-09,18.77,18.99,18.68,18.84,4530000.0
2014-01-10,19.31,19.49,19.25,19.38,8445000.0
2014-01-13,19.3,19.7,19.29,19.68,7256600.0
2014-01-14,19.57,19.84,19.39,19.42,10997000.0
2014-01-15,19.25,19.46,19.24,19.4,5188500.0
2014-01-16,19.4,19.44,19.29,19.35,6129800.0
2014-01-17,19.51,19.66,19.48,19.51,6550700.0
2014-01-21,19.030001,19.2,19.02,19.17,8955800.0
2014-01-22,19.13,19.18,19.02,19.030001,4960800.0
2014-01-23,19.4,19.55,19.23,19.26,9113900.0
2014-01-24,19.37,19.46,18.99,19.16,8368700.0
2014-01-27,19.08,19.15,18.83,18.89,7749900.0
2014-01-28,18.98,18.99,18.74,18.85,6394800.0
2014-01-29,19.14,19.18,18.76,19.02,8699100.0
2014-01-30,18.43,18.54,18.39,18.49,13004900.0
2014-01-31,18.6,18.67,18.39,18.45,6774000.0
2014-02-03,18.62,18.9,18.58,18.61,9628300.0
2014-02-04,18.59,18.79,18.58,18.75,3967700.0
2014-02-05,19.19,19.21,19.0,19.07,11851000.0
2014-02-06,19.25,19.29,19.1,19.17,5657900.0
2014-02-07,19.08,19.28,19.07,19.27,7106000.0
2014-02-10,19.45,19.51,19.28,19.29,6642100.0
2014-02-11,19.25,19.54,19.25,19.45,9246700.0
2014-02-12,19.5,19.63,19.42,19.43,6410500.0
2014-02-13,19.48,19.76,19.47,19.74,10507100.0
2014-02-14,20.36,20.65,20.34,20.65,17140300.0
2014-02-18,20.87,21.13,20.78,21.13,12694000.0
2014-02-19,21.01,21.049999,20.56,20.63,11974900.0
2014-02-20,20.84,21.08,20.79,21.0,7854100.0
2014-02-21,20.95,21.14,20.84,20.97,7865000.0
2014-02-24,21.19,21.3,21.15,21.18,8128500.0
2014-02-25,20.95,21.17,20.93,21.02,5564200.0
2014-02-26,20.74,20.78,20.29,20.42,15136800.0
2014-02-27,20.46,20.62,20.37,20.46,5613300.0
2014-02-28,20.53,20.54,20.28,20.35,5648100.0
2014-03-03,20.67,20.83,20.58,20.62,6922800.0
2014-03-04,20.29,20.47,20.22,20.37,6841000.0
2014-03-05,20.39,20.5,20.34,20.36,4295800.0
2014-03-06,20.57,20.81,20.5,20.66,5444300.0
2014-03-07,20.0,20.23,19.96,20.08,11099000.0
2014-03-10,20.040001,20.17,20.0,20.01,4167600.0
2014-03-11,20.35,20.38,19.87,20.040001,6705500.0
2014-03-12,20.28,20.61,20.19,20.47,7763000.0
2014-03-13,20.37,20.53,20.34,20.36,5911200.0
2014-03-14,20.9,20.92,20.49,20.62,8092600.0
2014-03-17,20.52,20.62,20.31,20.33,6946500.0
2014-03-18,19.96,20.11,19.95,20.01,7658800.0
2014-03-19,19.91,20.1,19.72,19.79,12320600.0
2014-03-20,19.58,19.66,19.49,19.52,8526500.0
2014-03-21,19.66,19.68,19.49,19.52,5384800.0
2014-03-24,19.38,19.42,19.16,19.21,7227000.0
2014-03-25,19.29,19.4,19.18,19.22,4809600.0
2014-03-26,19.24,19.26,18.93,19.02,6822000.0
2014-03-27,18.97,19.02,18.87,19.0,4668200.0
2014-03-28,19.030001,19.13,18.97,19.059999,5094400.0
2014-03-31,19.07,19.13,18.98,19.040001,4527200.0
2014-04-01,19.01,19.08,18.93,19.059999,3793200.0
2014-04-02,19.27,19.32,19.18,19.19,6296100.0
2014-04-03,19.059999,19.14,19.01,19.059999,3238300.0
2014-04-04,19.35,19.43,19.08,19.16,6120900.0
2014-04-07,19.059999,19.25,19.059999,19.13,3888800.0
2014-04-08,19.33,19.34,19.21,19.23,3885300.0
2014-04-09,18.98,19.18,18.95,19.11,6503700.0
2014-04-10,19.39,19.45,19.26,19.27,6834700.0
2014-04-11,19.24,19.29,19.17,19.19,4251500.0
2014-04-14,19.24,19.32,19.19,19.21,3229000.0
2014-04-15,18.72,18.89,18.67,18.88,10556100.0
2014-04-16,18.87,18.93,18.8,18.88,4458600.0
2014-04-17,18.88,18.91,18.81,18.88,4413800.0
2014-04-21,18.66,18.69,18.6,18.67,5293400.0
2014-04-22,18.68,18.72,18.57,18.71,4477300.0
2014-04-23,18.7,18.75,18.66,18.69,3649100.0
2014-04-24,18.58,19.14,18.57,18.92,11804800.0
2014-04-25,18.98,19.030001,18.87,18.94,4998300.0
2014-04-28,18.85,18.87,18.74,18.85,4133200.0
2014-04-29,18.68,18.8,18.68,18.76,4405100.0
2014-04-30,18.42,18.53,18.32,18.46,20032600.0
2014-05-01,18.2,18.39,18.16,18.35,8519400.0
2014-05-02,18.4,18.92,18.34,18.69,12806500.0
2014-05-05,18.88,18.9,18.78,18.84,3557200.0
2014-05-06,18.9,18.9,18.77,18.8,2817500.0
2014-05-07,18.74,18.76,18.54,18.57,7200400.0
2014-05-08,18.48,18.53,18.38,18.44,4809100.0
2014-05-09,18.49,18.49,18.31,18.42,3546000.0
2014-05-12,18.86,18.89,18.75,18.78,7863900.0
2014-05-13,18.77,18.84,18.74,18.77,3211900.0
2014-05-14,19.049999,19.08,18.92,19.0,5195000.0
2014-05-15,18.8,18.86,18.68,18.74,4752000.0
2014-05-16,18.57,18.66,18.52,18.61,4479700.0
2014-05-19,18.76,18.79,18.58,18.63,3373800.0
2014-05-20,18.52,18.7,18.51,18.65,3761800.0
2014-05-21,18.6,18.71,18.52,18.64,4141700.0
2014-05-22,18.87,18.88,18.71,18.73,3616900.0
2014-05-23,18.68,18.72,18.62,18.66,2433900.0
2014-05-27,18.39,18.42,18.29,18.36,7890200.0
2014-05-28,18.28,18.36,18.25,18.28,4609900.0
2014-05-29,18.18,18.36,18.18,18.3,4887000.0
2014-05-30,18.27,18.29,17.91,18.08,12710700.0
2014-06-02,18.059999,18.14,17.98,18.02,5567700.0
2014-06-03,18.08,18.11,18.0,18.1,4375000.0
2014-06-04,18.14,18.14,18.049999,18.059999,3355700.0
2014-06-05,18.25,18.36,18.23,18.26,6119200.0
2014-06-06,18.3,18.3,18.15,18.28,4461600.0
2014-06-09,18.35,18.37,18.31,18.32,3327000.0
2014-06-10,18.4,18.48,18.4,18.46,4366900.0
2014-06-11,18.5,18.5,18.41,18.46,4049100.0
2014-06-12,18.56,18.8,18.52,18.76,9205400.0
2014-06-13,18.78,18.95,18.77,18.92,6062900.0
2014-06-16,18.85,18.95,18.81,18.85,5375500.0
2014-06-17,18.86,18.96,18.84,18.94,4603700.0
2014-06-18,18.97,19.07,18.94,19.049999,6176600.0
2014-06-19,19.36,20.1,19.36,19.92,24175600.0
2014-06-20,19.96,20.15,19.94,20.030001,10843200.0
2014-06-23,20.040001,20.11,19.97,20.049999,7685200.0
2014-06-24,20.17,20.23,20.049999,20.08,6529600.0
2014-06-25,20.16,20.33,20.13,20.19,6677500.0
2014-06-26,20.15,20.29,20.14,20.24,5475400.0
2014-06-27,20.26,20.31,20.15,20.17,5746200.0
2014-06-30,19.99,20.28,19.93,20.25,7486900.0
2014-07-01,20.31,20.39,20.18,20.21,5612300.0
2014-07-02,20.28,20.44,20.27,20.3,5684800.0
2014-07-03,20.21,20.33,20.18,20.29,3317900.0
2014-07-07,20.12,20.17,19.99,20.17,3967600.0
2014-07-08,20.26,20.32,20.07,20.21,4515600.0
2014-07-09,20.3,20.39,20.15,20.27,5290200.0
2014-07-10,20.62,20.64,20.51,20.52,6629200.0
2014-07-11,20.51,20.61,20.5,20.57,4507200.0
2014-07-14,20.059999,20.14,20.01,20.1,8942300.0
2014-07-15,20.11,20.25,19.84,19.88,12137200.0
2014-07-16,19.91,20.0,19.84,19.91,4038300.0
2014-07-17,19.98,20.4,19.93,20.29,10098500.0
2014-07-18,20.030001,20.08,19.91,20.02,8499500.0
2014-07-21,20.15,20.15,20.040001,20.1,3999400.0
2014-07-22,20.13,20.24,20.01,20.1,4043100.0
2014-07-23,20.1,20.18,20.07,20.08,2766600.0
2014-07-24,19.98,19.99,19.5,19.58,12425600.0
2014-07-25,19.6,19.9,19.57,19.87,6115500.0
2014-07-28,19.78,19.87,19.69,19.81,3646300.0
2014-07-29,19.85,19.87,19.65,19.78,4417500.0
2014-07-30,19.79,19.84,19.66,19.78,3384300.0
2014-07-31,19.72,19.73,19.52,19.58,7280200.0
2014-08-01,19.68,19.72,19.43,19.52,6326900.0
2014-08-04,19.54,19.58,19.34,19.4,4032600.0
2014-08-05,19.2,19.23,18.98,19.049999,11457500.0
2014-08-06,19.21,19.32,19.18,19.23,5934200.0
2014-08-07,19.13,19.24,19.11,19.17,4341800.0
2014-08-08,19.17,19.24,19.1,19.19,4128900.0
2014-08-11,19.14,19.3,19.14,19.23,3417700.0
2014-08-12,19.24,19.3,19.08,19.17,4295800.0
2014-08-13,19.2,19.21,18.91,19.040001,6749300.0
2014-08-14,19.1,19.18,19.049999,19.1,3490000.0
2014-08-15,18.83,18.98,18.74,18.86,11625600.0
2014-08-18,18.78,18.9,18.78,18.87,3162700.0
2014-08-19,18.8,18.81,18.61,18.7,5988800.0
2014-08-20,18.8,18.82,18.64,18.72,4175400.0
2014-08-21,18.6,18.72,18.59,18.69,4113400.0
2014-08-22,18.66,18.75,18.54,18.69,4444900.0
2014-08-25,18.62,18.65,18.55,18.6,3202900.0
2014-08-26,18.8,18.81,18.61,18.63,4244700.0
2014-08-27,18.67,18.69,18.55,18.66,4091900.0
2014-08-28,18.84,18.87,18.74,18.74,5021800.0
2014-08-29,18.76,18.85,18.67,18.71,3906100.0
2014-09-02,18.45,18.51,18.32,18.41,9034000.0
2014-09-03,18.39,18.44,18.36,18.43,3465400.0
2014-09-04,18.52,18.58,18.26,18.32,5631200.0
2014-09-05,18.3,18.43,18.28,18.42,5331600.0
2014-09-08,18.35,18.37,18.15,18.26,6784000.0
2014-09-09,18.19,18.32,18.11,18.31,6185000.0
2014-09-10,18.24,18.29,18.12,18.24,4798900.0
2014-09-11,17.93,17.97,17.82,17.96,15720200.0
2014-09-12,17.8,17.92,17.76,17.89,7633600.0
2014-09-15,17.87,17.94,17.81,17.92,3558600.0
2014-09-16,17.98,18.12,17.86,17.95,5954500.0
2014-09-17,17.92,18.030001,17.74,17.77,8743500.0
2014-09-18,17.66,17.87,17.63,17.77,6335600.0
2014-09-19,17.63,17.64,17.08,17.19,20912700.0
2014-09-22,16.93,17.15,16.9,17.08,10500100.0
2014-09-23,17.09,17.13,17.0,17.07,6461200.0
2014-09-24,16.87,17.08,16.82,16.99,8809900.0
2014-09-25,16.71,16.93,16.62,16.83,12269700.0
2014-09-26,16.79,16.91,16.75,16.9,4732100.0
2014-09-29,16.81,16.88,16.73,16.78,4739600.0
2014-09-30,16.58,16.69,16.18,16.35,18837600.0
2014-10-01,16.45,16.73,16.44,16.48,11171200.0
2014-10-02,16.39,16.45,16.25,16.41,8323200.0
2014-10-03,16.17,16.29,16.040001,16.12,12037500.0
2014-10-06,16.36,16.65,16.31,16.6,8483800.0
2014-10-07,16.59,16.63,16.39,16.48,7987200.0
2014-10-08,16.62,16.74,16.35,16.68,9533800.0
2014-10-09,16.78,16.97,16.61,16.62,7293300.0
2014-10-10,16.63,16.68,16.53,16.64,5032900.0
2014-10-13,16.67,16.74,16.57,16.73,4813600.0
2014-10-14,16.74,16.77,16.61,16.68,4811700.0
2014-10-15,16.75,17.09,16.68,16.71,10039000.0
2014-10-16,16.55,16.75,16.5,16.67,5704100.0
2014-10-17,16.64,16.66,16.52,16.58,5572000.0
2014-10-20,16.71,16.81,16.63,16.73,4520500.0
2014-10-21,16.79,16.91,16.77,16.81,4743100.0
2014-10-22,16.56,16.57,16.42,16.46,6514900.0
2014-10-23,16.45,16.55,16.4,16.5,5527200.0
2014-10-24,16.63,16.64,16.43,16.5,3286600.0
2014-10-27,16.47,16.53,16.42,16.42,2937700.0
2014-10-28,16.61,16.64,16.47,16.49,3376100.0
2014-10-29,16.53,16.61,16.33,16.38,5695000.0
2014-10-30,15.97,15.99,15.68,15.82,16508500.0
2014-10-31,15.22,15.5,15.21,15.5,14866500.0
2014-11-03,15.41,15.56,15.35,15.48,10352900.0
2014-11-04,15.33,15.43,15.28,15.36,6149300.0
2014-11-05,14.71,14.96,14.64,14.66,15938900.0
2014-11-06,14.68,14.84,14.68,14.82,8912600.0
2014-11-07,14.93,15.15,14.91,15.1,9881500.0
2014-11-10,15.05,15.07,14.86,14.92,7315800.0
2014-11-11,14.94,15.24,14.87,15.11,8097400.0
2014-11-12,14.99,15.09,14.96,15.03,9467400.0
2014-11-13,15.05,15.09,14.93,14.97,6756800.0
2014-11-14,14.8,15.72,14.77,15.63,22214500.0
2014-11-17,15.47,15.53,15.38,15.5,8246200.0
2014-11-18,15.56,15.59,15.47,15.55,5979300.0
2014-11-19,15.58,15.87,15.24,15.48,19599900.0
2014-11-20,15.52,15.61,15.46,15.6,5925900.0
2014-11-21,15.79,15.93,15.61,15.79,9215900.0
2014-11-24,15.78,15.81,15.65,15.78,4993300.0
2014-11-25,15.92,16.0,15.82,15.98,7144200.0
2014-11-26,15.9,15.97,15.85,15.87,3791900.0
2014-11-28,15.2,15.24,14.8,14.83,13579400.0
2014-12-01,15.26,16.09,15.22,15.78,24697300.0
2014-12-02,15.66,15.83,15.52,15.75,8868000.0
2014-12-03,15.79,15.89,15.63,15.73,5854400.0
2014-12-04,15.88,15.92,15.75,15.77,6370900.0
2014-12-05,15.69,15.71,15.54,15.61,6654100.0
2014-12-08,15.61,15.74,15.53,15.71,6494600.0
2014-12-09,16.02,16.48,16.02,16.32,15014100.0
2014-12-10,16.42,16.48,16.33,16.37,7285300.0
2014-12-11,16.28,16.49,16.27,16.33,5315600.0
2014-12-12,16.36,16.43,16.28,16.3,5443800.0
2014-12-15,16.13,16.19,15.44,15.47,13477800.0
2014-12-16,15.6,15.62,14.88,15.08,14706400.0
2014-12-17,15.14,15.38,14.96,15.1,15472600.0
2014-12-18,15.39,15.43,15.17,15.25,5949700.0
2014-12-19,15.27,15.43,15.22,15.39,4809500.0
2014-12-22,15.31,15.31,14.87,14.99,10941000.0
2014-12-23,15.04,15.16,15.0,15.04,4722600.0
2014-12-24,15.08,15.13,15.02,15.09,2615000.0
2014-12-26,15.5,15.51,15.35,15.35,4817500.0
2014-12-29,15.4,15.41,15.05,15.11,6973300.0
2014-12-30,15.33,15.77,15.32,15.58,11589900.0
2014-12-31,15.33,15.36,14.91,15.06,12808700.0
2015-01-02,14.96,15.39,14.89,15.11,8759900.0
2015-01-05,15.34,15.57,15.23,15.5,9535900.0
2015-01-06,15.59,16.01,15.54,15.83,9969900.0
2015-01-07,15.7,15.95,15.68,15.85,8129300.0
2015-01-08,15.84,15.95,15.61,15.64,5063800.0
2015-01-09,15.71,15.92,15.68,15.77,4402100.0
2015-01-12,15.82,15.94,15.76,15.87,5517200.0
2015-01-13,16.36,16.47,16.18,16.29,15538500.0
2015-01-14,16.23,16.36,16.12,16.13,7356600.0
2015-01-15,16.33,16.48,16.11,16.15,10896800.0
2015-01-16,16.42,17.09,16.4,16.95,22232400.0
2015-01-20,17.059999,17.26,17.01,17.18,10879700.0
2015-01-21,17.65,17.69,17.24,17.37,13769400.0
2015-01-22,17.58,17.69,17.4,17.61,8313100.0
2015-01-23,17.48,17.57,17.33,17.51,6373900.0
2015-01-26,17.36,17.38,17.11,17.13,8168800.0
2015-01-27,17.19,17.43,17.18,17.33,5612200.0
2015-01-28,17.23,17.39,17.18,17.23,5283500.0
2015-01-29,16.73,16.74,16.030001,16.24,17828100.0
2015-01-30,16.17,16.6,16.11,16.54,8491000.0
2015-02-02,16.4,16.61,16.35,16.47,5852000.0
2015-02-03,16.58,16.75,16.35,16.55,7277200.0
2015-02-04,16.68,16.92,16.62,16.63,6890000.0
2015-02-05,16.39,16.6,16.27,16.58,6264400.0
2015-02-06,16.18,16.25,15.85,16.030001,12120100.0
2015-02-09,16.23,16.4,16.22,16.32,3944100.0
2015-02-10,16.22,16.38,16.13,16.19,5525900.0
2015-02-11,16.22,16.23,16.02,16.08,4646100.0
2015-02-12,16.15,16.22,16.030001,16.15,4937100.0
2015-02-13,16.52,16.7,16.48,16.54,7132100.0
2015-02-17,15.75,15.84,15.61,15.83,15675200.0
2015-02-18,15.74,15.9,15.57,15.75,10134400.0
2015-02-19,15.8,15.86,15.65,15.7,7418300.0
2015-02-20,15.73,15.79,15.5,15.54,7582800.0
2015-02-23,15.71,15.9,15.56,15.63,6310500.0
2015-02-24,15.57,15.79,15.4,15.56,8074700.0
2015-02-25,15.83,15.86,15.74,15.83,5359400.0
2015-02-26,16.01,16.030001,15.81,15.84,3976000.0
2015-02-27,15.94,15.96,15.84,15.87,4137600.0
2015-03-02,15.86,15.9,15.65,15.66,6431100.0
2015-03-03,15.75,15.85,15.49,15.58,6843900.0
2015-03-04,15.59,15.62,15.39,15.49,6200700.0
2015-03-05,15.55,15.66,15.46,15.53,4671900.0
2015-03-06,15.21,15.26,15.1,15.19,9729800.0
2015-03-09,15.16,15.2,15.1,15.1,4081100.0
2015-03-10,15.1,15.17,14.98,15.02,5890800.0
2015-03-11,14.96,14.96,14.63,14.84,10644800.0
2015-03-12,14.96,14.98,14.82,14.92,3716600.0
2015-03-13,14.92,14.95,14.82,14.9,3739300.0
2015-03-16,15.04,15.04,14.84,14.99,4686600.0
2015-03-17,14.76,15.07,14.75,14.9,5200400.0
2015-03-18,14.86,15.38,14.81,15.36,10475100.0
2015-03-19,15.25,15.5,15.22,15.44,6068700.0
2015-03-20,15.61,16.17,15.59,16.0,14795300.0
2015-03-23,16.12,16.36,16.08,16.3,10524000.0
2015-03-24,16.22,16.28,16.08,16.28,5265800.0
2015-03-25,16.36,16.39,16.21,16.24,3933700.0
2015-03-26,16.35,16.41,16.26,16.3,5380200.0
2015-03-27,16.35,16.36,16.13,16.22,5036600.0
2015-03-30,16.059999,16.07,15.91,15.98,6812500.0
2015-03-31,15.94,16.11,15.85,15.93,5294300.0
2015-04-01,16.0,16.35,16.0,16.23,6478100.0
2015-04-02,16.049999,16.13,15.88,16.02,5718500.0
2015-04-06,16.45,16.57,16.24,16.27,5948500.0
2015-04-07,16.14,16.17,16.059999,16.15,3090100.0
2015-04-08,16.08,16.1,15.68,15.81,6865700.0
2015-04-09,15.5,15.58,15.44,15.51,8648800.0
2015-04-10,15.88,15.95,15.68,15.77,6341700.0
2015-04-13,15.63,15.66,15.58,15.6,3809700.0
2015-04-14,15.53,15.66,15.49,15.51,4084400.0
2015-04-15,15.52,15.7,15.47,15.63,3591200.0
2015-04-16,15.69,15.73,15.44,15.57,5129000.0
2015-04-17,15.61,15.65,15.52,15.56,3606800.0
2015-04-20,15.36,15.36,15.18,15.29,6082300.0
2015-04-21,15.28,15.4,15.24,15.32,3319500.0
2015-04-22,15.25,15.28,15.02,15.11,6213200.0
2015-04-23,15.11,15.25,15.07,15.21,4905100.0
2015-04-24,15.12,15.15,14.93,15.06,6116500.0
2015-04-27,15.31,15.76,15.28,15.66,11179200.0
2015-04-28,15.72,15.96,15.71,15.87,7710700.0
2015-04-29,15.94,15.99,15.78,15.81,6738000.0
2015-04-30,15.29,15.49,15.13,15.43,11330200.0
2015-05-01,15.35,15.49,15.25,15.47,4877200.0
2015-05-04,15.92,15.95,15.67,15.7,6919800.0
2015-05-05,15.94,15.96,15.79,15.81,4543700.0
2015-05-06,15.9,15.93,15.72,15.77,5217900.0
2015-05-07,15.74,15.76,15.58,15.6,3675400.0
2015-05-08,15.77,15.78,15.63,15.76,4352200.0
2015-05-11,15.76,15.84,15.5,15.57,4685300.0
2015-05-12,15.64,15.88,15.64,15.81,5070900.0
2015-05-13,16.31,16.47,16.25,16.35,17716400.0
2015-05-14,16.7,16.8,16.6,16.65,9165000.0
2015-05-15,16.7,16.81,16.66,16.75,5022400.0
2015-05-18,16.91,16.96,16.8,16.89,4940500.0
2015-05-19,16.65,16.67,16.14,16.38,9879400.0
2015-05-20,16.44,16.53,16.33,16.37,4375200.0
2015-05-21,16.35,16.45,16.34,16.39,2663500.0
2015-05-22,16.33,16.45,16.28,16.34,3683300.0
2015-05-26,16.01,16.16,15.98,16.02,6757400.0
2015-05-27,15.96,16.02,15.9,15.96,3721800.0
2015-05-28,15.96,16.0,15.82,15.97,4236800.0
2015-05-29,16.02,16.08,15.96,15.99,3200900.0
2015-06-01,16.24,16.42,15.95,16.0,9324400.0
2015-06-02,16.01,16.11,15.98,16.07,4705300.0
2015-06-03,15.88,15.93,15.7,15.83,6778100.0
2015-06-04,15.57,15.62,15.43,15.48,11927500.0
2015-06-05,15.3,15.48,15.29,15.39,6930900.0
2015-06-08,15.35,15.37,15.23,15.32,6149300.0
2015-06-09,15.36,15.39,15.27,15.29,4774900.0
2015-06-10,15.46,15.46,15.28,15.32,4901900.0
2015-06-11,15.29,15.36,15.17,15.33,3781500.0
2015-06-12,15.21,15.3,15.17,15.25,4867000.0
2015-06-15,15.29,15.56,15.29,15.4,7010300.0
2015-06-16,15.26,15.34,15.2,15.32,3859800.0
2015-06-17,15.34,15.56,15.26,15.45,7996400.0
2015-06-18,15.69,15.7,15.42,15.46,7599200.0
2015-06-19,15.46,15.49,15.2,15.42,6101200.0
2015-06-22,15.35,15.55,15.33,15.49,5014100.0
2015-06-23,15.15,15.22,15.07,15.14,9716900.0
2015-06-24,15.18,15.23,15.13,15.19,3689400.0
2015-06-25,15.11,15.2,15.09,15.17,4995700.0
2015-06-26,15.05,15.13,15.01,15.11,4754200.0
2015-06-29,15.11,15.14,15.0,15.03,6983300.0
2015-06-30,14.93,15.18,14.8,15.03,10391600.0
2015-07-01,14.91,14.99,14.86,14.9,5470500.0
2015-07-02,14.99,15.03,14.89,14.95,4405500.0
2015-07-06,14.89,15.15,14.87,14.99,4410500.0
2015-07-07,14.56,14.58,14.03,14.43,24144000.0
2015-07-08,14.5,14.59,14.41,14.46,8964300.0
2015-07-09,14.84,14.86,14.66,14.76,7441700.0
2015-07-10,14.78,14.97,14.74,14.88,7254100.0
2015-07-13,14.69,14.85,14.65,14.81,4459300.0
2015-07-14,14.77,14.78,14.63,14.69,4729900.0
2015-07-15,14.39,14.47,14.36,14.43,7204100.0
2015-07-16,14.35,14.5,14.32,14.35,6071600.0
2015-07-17,14.27,14.29,14.19,14.23,5776000.0
2015-07-20,14.16,14.35,14.03,14.05,9666700.0
2015-07-21,14.16,14.3,14.1,14.14,5768200.0
2015-07-22,14.04,14.24,14.0,14.14,4754100.0
2015-07-23,14.13,14.15,13.93,14.0,5446900.0
2015-07-24,13.79,14.08,13.73,14.02,8949400.0
2015-07-27,14.0,14.09,13.9,13.92,4176800.0
2015-07-28,14.01,14.07,13.99,14.02,5756500.0
2015-07-29,14.05,14.25,14.0,14.15,7051500.0
2015-07-30,14.07,14.18,14.04,14.09,3737800.0
2015-07-31,14.27,14.34,14.04,14.08,6035400.0
2015-08-03,14.05,14.07,13.78,13.87,6657900.0
2015-08-04,13.93,13.99,13.86,13.92,3004200.0
2015-08-05,13.95,14.05,13.88,13.95,3859600.0
2015-08-06,13.94,14.12,13.94,13.99,3514800.0
2015-08-07,14.13,14.35,14.1,14.11,5262200.0
2015-08-10,14.25,14.72,14.23,14.54,9813400.0
2015-08-11,14.61,14.65,14.5,14.64,5110000.0
2015-08-12,14.73,14.9,14.73,14.82,7834200.0
2015-08-13,14.71,14.8,14.65,14.71,4182500.0
2015-08-14,14.8,14.92,14.49,14.55,4819100.0
2015-08-17,14.69,14.71,14.59,14.63,2270900.0
2015-08-18,14.16,14.25,14.06,14.22,7681100.0
2015-08-19,14.4,14.66,14.4,14.57,5612700.0
2015-08-20,14.85,14.89,14.77,14.78,5576100.0
2015-08-21,14.7,14.73,14.45,14.61,6548500.0
2015-08-24,14.06,14.46,14.02,14.13,11824700.0
2015-08-25,14.13,14.15,13.91,13.99,6678800.0
2015-08-26,13.57,13.58,13.35,13.56,12373800.0
2015-08-27,13.57,13.96,13.52,13.8,7999600.0
2015-08-28,13.83,14.03,13.8,13.92,4936600.0
2015-08-31,13.84,14.03,13.76,13.99,4112600.0
2015-09-01,13.99,14.03,13.86,13.94,4031100.0
2015-09-02,14.05,14.17,13.79,14.02,5546600.0
2015-09-03,13.99,14.29,13.95,14.02,5346900.0
2015-09-04,13.89,13.96,13.86,13.92,3771900.0
2015-09-08,14.07,14.22,13.94,14.12,5128200.0
2015-09-09,14.0,14.08,13.92,13.93,3114400.0
2015-09-10,14.15,14.16,13.97,13.99,3269500.0
2015-09-11,13.78,13.98,13.64,13.95,4777700.0
2015-09-14,13.77,13.81,13.7,13.79,3020900.0
2015-09-15,13.68,13.78,13.67,13.77,2419600.0
2015-09-16,14.05,14.29,14.04,14.22,7054900.0
2015-09-17,14.22,14.58,14.21,14.42,8662100.0
2015-09-18,14.6,14.62,14.41,14.47,4859500.0
2015-09-21,14.49,14.56,14.47,14.49,3384900.0
2015-09-22,14.16,14.16,14.07,14.14,4496300.0
2015-09-23,14.24,14.26,14.1,14.12,2498000.0
2015-09-24,14.23,14.51,14.21,14.43,7257700.0
2015-09-25,14.44,14.51,14.35,14.4,3181200.0
2015-09-28,13.95,13.99,13.85,13.94,5997500.0
2015-09-29,13.9,14.06,13.9,13.97,3000700.0
2015-09-30,13.87,14.09,13.81,13.87,5062900.0
2015-10-01,13.98,14.04,13.83,13.9,4069100.0
2015-10-02,14.21,14.61,14.2,14.55,12462900.0
2015-10-05,14.92,15.0,14.77,14.89,10015000.0
2015-10-06,15.15,15.35,15.06,15.07,11190900.0
2015-10-07,15.19,15.38,15.14,15.29,6781100.0
2015-10-08,14.9,15.13,14.89,14.99,8935300.0
2015-10-09,15.11,15.16,15.0,15.12,4467100.0
2015-10-12,15.31,15.33,15.08,15.13,4293000.0
2015-10-13,15.16,15.26,15.15,15.16,3445500.0
2015-10-14,15.33,15.45,15.3,15.42,7028900.0
2015-10-15,15.35,15.45,15.31,15.39,4885700.0
2015-10-16,15.37,15.42,15.27,15.28,4208100.0
2015-10-19,15.22,15.24,15.02,15.11,4041400.0
2015-10-20,15.13,15.23,15.02,15.19,5287000.0
2015-10-21,15.02,15.03,14.91,14.99,5065100.0
2015-10-22,15.06,15.19,15.04,15.11,3391800.0
2015-10-23,15.12,15.16,14.99,15.12,4063700.0
2015-10-26,15.2,15.23,15.11,15.11,3310700.0
2015-10-27,15.11,15.21,15.07,15.13,2331500.0
2015-10-28,15.37,15.6,15.0,15.26,11487500.0
2015-10-29,14.99,15.06,14.82,14.88,7049400.0
2015-10-30,14.87,14.88,14.77,14.8,3349700.0
2015-11-02,14.66,14.75,14.56,14.72,4230000.0
2015-11-03,14.61,14.64,14.52,14.58,3992300.0
2015-11-04,14.56,14.58,14.38,14.38,5114100.0
2015-11-05,14.31,14.38,14.25,14.3,4280200.0
2015-11-06,14.11,14.13,14.04,14.08,4294200.0
2015-11-09,13.97,13.98,13.78,13.89,6612000.0
2015-11-10,13.69,13.8,13.65,13.76,5992100.0
2015-11-11,13.71,13.73,13.61,13.64,4186700.0
2015-11-12,13.59,13.83,13.54,13.64,6347500.0
2015-11-13,13.57,13.6,13.53,13.59,3801100.0
2015-11-16,13.62,13.63,13.55,13.6,3270300.0
2015-11-17,13.63,13.63,13.47,13.55,6080300.0
2015-11-18,13.49,13.57,13.39,13.52,4434900.0
2015-11-19,13.61,13.75,13.59,13.62,4458100.0
2015-11-20,13.59,13.6,13.43,13.5,4750800.0
2015-11-23,13.41,13.55,13.4,13.45,4373000.0
2015-11-24,13.56,13.65,13.5,13.51,4541600.0
2015-11-25,13.44,13.56,13.4,13.52,4792400.0
2015-11-27,13.37,13.51,13.36,13.46,3576100.0
2015-11-30,13.45,13.5,13.4,13.44,4609900.0
2015-12-01,13.52,13.53,13.43,13.51,4050400.0
2015-12-02,13.44,13.45,13.28,13.37,6458400.0
2015-12-03,13.43,13.51,13.33,13.46,8245900.0
2015-12-04,13.66,13.94,13.63,13.87,14759800.0
2015-12-07,13.79,13.81,13.58,13.62,5827200.0
2015-12-08,13.61,13.63,13.46,13.51,4889800.0
2015-12-09,13.64,13.66,13.48,13.49,3334600.0
2015-12-10,13.46,13.52,13.44,13.45,3923500.0
2015-12-11,13.16,13.33,13.16,13.3,6457200.0
2015-12-14,13.18,13.19,13.05,13.06,5583600.0
2015-12-15,13.11,13.19,13.06,13.11,3930300.0
2015-12-16,13.45,13.64,13.33,13.49,11176300.0
2015-12-17,13.19,13.2,13.04,13.08,8289900.0
2015-12-18,13.25,13.55,13.24,13.43,8282000.0
2015-12-21,13.59,13.67,13.54,13.59,6490200.0
2015-12-22,13.65,13.67,13.58,13.59,5083700.0
2015-12-23,13.59,13.68,13.54,13.62,3218000.0
2015-12-24,13.67,13.72,13.66,13.69,3274600.0
2015-12-28,13.38,13.4,13.22,13.29,5506000.0
2015-12-29,13.36,13.39,13.26,13.27,3566100.0
2015-12-30,13.2,13.22,13.16,13.21,2850000.0
2015-12-31,13.2,13.25,13.16,13.19,3489100.0
2016-01-04,13.47,13.52,13.19,13.19,4617100.0
2016-01-05,13.31,13.37,13.25,13.31,3722800.0
2016-01-06,13.37,13.48,13.26,13.36,3414700.0
2016-01-07,13.47,13.71,13.4,13.62,9669500.0
2016-01-08,13.41,13.43,13.23,13.3,5897700.0
2016-01-11,13.39,13.39,13.18,13.22,3799100.0
2016-01-12,13.17,13.2,13.1,13.17,4588400.0
2016-01-13,13.31,13.53,13.29,13.49,7780900.0
2016-01-14,13.2,13.22,13.1,13.19,6130700.0
2016-01-15,13.42,13.44,13.22,13.24,6320200.0
2016-01-19,13.45,13.47,13.35,13.36,4689300.0
2016-01-20,13.42,13.54,13.38,13.48,5764500.0
2016-01-21,13.31,13.46,13.23,13.46,4268400.0
2016-01-22,13.52,13.66,13.36,13.38,5563700.0
2016-01-25,13.56,13.59,13.51,13.58,3474800.0
2016-01-26,13.67,13.87,13.66,13.82,7802400.0
2016-01-27,13.79,13.88,13.67,13.81,4311800.0
2016-01-28,13.55,13.61,13.53,13.57,4153400.0
2016-01-29,13.53,13.62,13.5,13.59,3640400.0
2016-02-01,13.64,13.73,13.57,13.67,3404200.0
2016-02-02,13.66,13.72,13.56,13.62,2957300.0
2016-02-03,13.74,14.1,13.73,13.95,10054200.0
2016-02-04,14.16,14.2,14.06,14.17,7021100.0
2016-02-05,13.98,14.34,13.97,14.34,5446000.0
2016-02-08,14.51,14.72,14.48,14.59,13566900.0
2016-02-09,14.64,14.71,14.46,14.51,6803800.0
2016-02-10,14.51,14.58,14.37,14.55,5097000.0
2016-02-11,14.95,15.2,14.79,14.95,21500000.0
2016-02-12,14.95,15.06,14.89,14.99,7130900.0
2016-02-16,14.68,14.68,14.5,14.51,8638300.0
2016-02-17,14.55,14.65,14.52,14.54,4999900.0
2016-02-18,14.53,14.82,14.51,14.76,7516900.0
2016-02-19,14.62,14.7,14.6,14.64,5343100.0
2016-02-22,14.34,14.52,14.34,14.43,5417600.0
2016-02-23,14.51,14.58,14.49,14.54,4406100.0
2016-02-24,14.72,14.84,14.45,14.52,8958200.0
2016-02-25,14.38,14.48,14.32,14.41,5180700.0
2016-02-26,14.31,14.33,13.97,14.02,10291000.0
2016-02-29,14.04,14.21,14.03,14.2,4938600.0
2016-03-01,14.21,14.22,14.01,14.17,20681200.0
2016-03-02,14.17,14.31,14.15,14.25,9133800.0
2016-03-03,14.26,14.59,14.26,14.5,10448100.0
2016-03-04,14.67,15.04,14.65,14.76,18755100.0
2016-03-07,14.86,14.97,14.78,14.9,8332500.0
2016-03-08,14.84,14.86,14.6,14.62,8149000.0
2016-03-09,14.5,14.7,14.47,14.53,5620700.0
2016-03-10,14.72,14.9,14.7,14.82,11744600.0
2016-03-11,14.87,14.92,14.72,14.72,7177400.0
2016-03-14,15.03,15.04,14.54,14.58,11305100.0
2016-03-15,14.52,14.58,14.46,14.54,4692500.0
2016-03-16,14.51,14.91,14.47,14.87,10300400.0
2016-03-17,15.11,15.28,15.0,15.16,20688300.0
2016-03-18,15.09,15.15,14.98,15.03,8934300.0
2016-03-21,15.05,15.12,14.99,15.06,5287800.0
2016-03-22,15.08,15.2,15.01,15.12,5024200.0
2016-03-23,14.65,14.66,14.5,14.51,14398800.0
2016-03-24,14.57,14.6,14.43,14.43,5424900.0
2016-03-28,14.58,14.63,14.43,14.46,3438300.0
2016-03-29,14.53,14.62,14.38,14.6,7704200.0
2016-03-30,14.6,14.69,14.45,14.49,7875000.0
2016-03-31,14.7,14.74,14.61,14.68,5868200.0
2016-04-01,14.24,14.38,14.09,14.34,13947100.0
2016-04-04,14.33,14.36,14.2,14.2,5481000.0
2016-04-05,14.41,14.44,14.35,14.42,7597200.0
2016-04-06,14.31,14.46,14.27,14.34,4688200.0
2016-04-07,14.56,14.62,14.42,14.48,8633900.0
2016-04-08,14.51,14.65,14.49,14.62,7946400.0
2016-04-11,14.93,15.2,14.93,15.14,13189400.0
2016-04-12,15.28,15.43,15.2,15.41,11986500.0
2016-04-13,15.48,15.53,15.29,15.44,10558000.0
2016-04-14,15.4,15.46,15.3,15.34,7392500.0
2016-04-15,15.4,15.58,15.32,15.46,9692000.0
2016-04-18,15.47,15.53,15.41,15.42,5351100.0
2016-04-19,16.16,16.2,16.040001,16.12,18838300.0
2016-04-20,16.24,16.36,16.13,16.14,16221600.0
2016-04-21,16.43,16.44,15.92,16.21,18781300.0
2016-04-22,16.36,16.51,16.02,16.14,14527800.0
2016-04-25,16.2,16.29,16.1,16.17,9324800.0
2016-04-26,16.23,16.32,16.16,16.29,7745900.0
2016-04-27,16.37,16.48,16.22,16.38,17178800.0
2016-04-28,16.51,16.8,16.46,16.77,13007900.0
2016-04-29,16.96,17.09,16.87,16.98,15182000.0
2016-05-02,16.94,16.95,16.63,16.64,12874000.0
2016-05-03,16.75,16.75,16.48,16.57,9740600.0
2016-05-04,16.53,16.61,16.39,16.49,8323400.0
2016-05-05,16.73,16.75,16.4,16.51,7639700.0
2016-05-06,16.53,16.74,16.49,16.63,9188200.0
2016-05-09,16.25,16.28,16.1,16.12,10563400.0
2016-05-10,16.25,16.32,16.17,16.28,6278300.0
2016-05-11,16.59,16.66,16.43,16.56,9226300.0
2016-05-12,16.54,16.57,16.17,16.22,9826700.0
2016-05-13,16.16,16.29,16.08,16.28,6156500.0
2016-05-16,16.48,16.55,16.27,16.32,6588700.0
2016-05-17,16.31,16.5,16.29,16.41,5992300.0
2016-05-18,16.16,16.32,15.9,16.0,13533300.0
2016-05-19,15.57,15.72,15.53,15.67,17547100.0
2016-05-20,15.82,15.82,15.61,15.69,5965800.0
2016-05-23,15.52,15.65,15.51,15.59,6041500.0
2016-05-24,15.51,15.64,15.4,15.42,7939500.0
2016-05-25,15.48,15.56,15.44,15.5,7969100.0
2016-05-26,15.71,15.73,15.49,15.53,5485700.0
2016-05-27,15.5,15.51,15.34,15.39,5918000.0
2016-05-31,15.26,15.31,15.17,15.19,7432200.0
2016-06-01,15.19,15.25,15.04,15.17,7146500.0
2016-06-02,15.21,15.25,15.17,15.22,4223600.0
2016-06-03,15.59,15.64,15.51,15.61,9059300.0
2016-06-06,15.63,15.68,15.57,15.68,5736300.0
2016-06-07,15.57,15.66,15.54,15.6,4896900.0
2016-06-08,16.16,16.26,16.1,16.21,14512900.0
2016-06-09,16.24,16.48,16.22,16.47,12579800.0
2016-06-10,16.47,16.53,16.36,16.49,11215100.0
2016-06-13,16.53,16.6,16.46,16.58,7799500.0
2016-06-14,16.6,16.6,16.45,16.54,7612100.0
2016-06-15,16.61,16.75,16.57,16.69,11249000.0
2016-06-16,16.89,16.92,16.3,16.31,36351500.0
2016-06-17,16.6,16.62,16.39,16.6,14781400.0
2016-06-20,16.51,16.69,16.49,16.65,7317200.0
2016-06-21,16.47,16.5,16.32,16.38,6642800.0
2016-06-22,16.41,16.48,16.39,16.42,4521800.0
2016-06-23,16.45,16.52,16.43,16.49,7472400.0
2016-06-24,17.049999,17.07,16.8,16.89,16614200.0
2016-06-27,16.91,16.93,16.78,16.87,8978600.0
2016-06-28,16.9,16.97,16.85,16.91,6759600.0
2016-06-29,17.34,17.52,17.29,17.37,13965000.0
2016-06-30,17.53,17.9,17.46,17.86,18416300.0
2016-07-01,18.28,18.92,18.28,18.74,29989500.0
2016-07-05,18.87,19.08,18.67,18.98,28689100.0
2016-07-06,18.99,19.24,18.88,19.1,23766600.0
2016-07-07,18.89,18.9,18.5,18.71,19039200.0
2016-07-08,18.88,19.22,18.7,19.22,20102900.0
2016-07-11,19.25,19.45,19.22,19.3,20224200.0
2016-07-12,19.35,19.43,18.97,19.09,21190500.0
2016-07-13,19.32,19.4,19.16,19.39,9452400.0
2016-07-14,19.11,19.3,19.1,19.25,10881400.0
2016-07-15,19.1,19.18,19.01,19.08,11279600.0
2016-07-18,18.93,19.12,18.92,19.1,8619000.0
2016-07-19,18.91,19.02,18.89,18.92,5248600.0
2016-07-20,18.49,18.62,18.39,18.42,13492700.0
2016-07-21,18.37,18.9,18.36,18.88,12846100.0
2016-07-22,18.67,18.74,18.59,18.67,6826000.0
2016-07-25,18.49,18.73,18.34,18.54,8644600.0
2016-07-26,18.67,18.71,18.63,18.66,4110600.0
2016-07-27,19.02,19.4,18.8,19.37,20054800.0
2016-07-28,19.3,19.34,19.1,19.21,9657900.0
2016-07-29,19.26,19.4,19.09,19.35,14664700.0
2016-08-01,19.45,19.55,19.35,19.43,11590000.0
2016-08-02,19.65,19.71,19.56,19.6,9389300.0
2016-08-03,19.52,19.52,19.35,19.38,7129100.0
2016-08-04,19.28,19.45,19.27,19.35,5468600.0
2016-08-05,18.93,18.93,18.71,18.71,15087800.0
2016-08-08,18.76,18.88,18.73,18.74,6084200.0
2016-08-09,18.85,18.89,18.78,18.87,4754400.0
2016-08-10,19.29,19.32,19.13,19.16,8651400.0
2016-08-11,19.16,19.26,18.95,18.96,8105400.0
2016-08-12,19.15,19.19,18.68,18.72,9836800.0
2016-08-15,18.77,18.89,18.76,18.83,4449000.0
2016-08-16,18.77,18.95,18.73,18.82,9691800.0
2016-08-17,18.72,18.82,18.41,18.68,14618300.0
2016-08-18,18.79,18.85,18.7,18.77,6257200.0
2016-08-19,18.4,18.48,18.33,18.35,11493400.0
2016-08-22,18.01,18.030001,17.9,17.97,12279000.0
2016-08-23,18.049999,18.1,17.91,17.93,8261100.0
2016-08-24,17.77,17.78,17.6,17.62,11820300.0
2016-08-25,17.61,17.7,17.6,17.63,6661500.0
2016-08-26,17.79,18.12,17.62,17.72,16056800.0
2016-08-29,17.68,17.93,17.66,17.9,6200800.0
2016-08-30,17.8,17.86,17.64,17.67,10113900.0
2016-08-31,17.7,17.8,17.69,17.72,4347300.0
2016-09-01,17.74,17.99,17.69,17.94,11186400.0
2016-09-02,18.26,18.44,18.16,18.44,12220700.0
2016-09-06,18.66,19.12,18.63,19.049999,15730200.0
2016-09-07,18.98,18.99,18.73,18.78,7417600.0
2016-09-08,18.78,18.87,18.57,18.62,8352100.0
2016-09-09,18.49,18.5,18.1,18.11,12606600.0
2016-09-12,17.92,18.22,17.85,18.17,11561100.0
2016-09-13,18.09,18.11,17.84,17.93,8803600.0
2016-09-14,18.049999,18.14,18.0,18.02,4763000.0
2016-09-15,18.02,18.16,17.87,18.040001,8193200.0
2016-09-16,17.77,17.88,17.74,17.86,8058800.0
2016-09-19,18.27,18.32,18.18,18.2,5498400.0
2016-09-20,18.15,18.3,18.11,18.27,3053000.0
2016-09-21,18.61,18.87,18.54,18.85,17296300.0
2016-09-22,18.98,19.049999,18.85,18.9,9240800.0
2016-09-23,18.81,18.85,18.59,18.68,6948800.0
2016-09-26,18.64,18.67,18.37,18.41,6701000.0
2016-09-27,18.25,18.3,18.01,18.17,7780300.0
2016-09-28,18.09,18.24,17.96,18.21,6993400.0
2016-09-29,18.14,18.24,18.049999,18.11,5776900.0
2016-09-30,18.65,18.67,18.13,18.2,11583000.0
2016-10-03,18.1,18.11,17.76,17.87,18044600.0
2016-10-04,17.58,17.58,16.82,16.94,27964600.0
2016-10-05,17.0,17.01,16.66,16.85,18165800.0
2016-10-06,16.51,16.56,16.24,16.44,18475600.0
2016-10-07,16.7,16.74,16.23,16.6,20243100.0
2016-10-10,16.6,16.83,16.6,16.73,8438000.0
2016-10-11,16.7,16.73,16.56,16.56,7212900.0
2016-10-12,16.6,16.71,16.53,16.65,6304100.0
2016-10-13,16.6,16.66,16.54,16.61,6259400.0
2016-10-14,16.56,16.69,16.48,16.56,8324400.0
2016-10-17,16.54,16.6,16.5,16.57,3556900.0
2016-10-18,16.69,16.8,16.62,16.72,8172900.0
2016-10-19,16.8,16.85,16.68,16.79,8595600.0
2016-10-20,16.8,16.83,16.56,16.64,7043000.0
2016-10-21,16.65,16.66,16.57,16.65,4149500.0
2016-10-24,16.96,16.98,16.64,16.7,5794100.0
2016-10-25,16.8,16.92,16.77,16.86,6575100.0
2016-10-26,16.81,16.87,16.68,16.71,5797200.0
2016-10-27,16.75,16.77,16.68,16.73,4059200.0
2016-10-28,16.82,17.01,16.73,16.87,9811500.0
2016-10-31,16.94,17.0,16.87,16.97,6060000.0
2016-11-01,17.37,17.55,17.32,17.41,12900400.0
2016-11-02,17.62,17.79,17.55,17.56,10936900.0
2016-11-03,17.26,17.5,17.24,17.42,7919800.0
2016-11-04,17.47,17.54,17.4,17.46,5672600.0
2016-11-07,17.31,17.32,17.09,17.29,7077200.0
2016-11-08,17.37,17.78,17.34,17.4,11208500.0
2016-11-09,17.86,17.87,17.4,17.45,16732900.0
2016-11-10,17.65,17.8,17.48,17.56,17505800.0
2016-11-11,17.49,17.5,16.31,16.47,50069500.0
2016-11-14,16.19,16.23,15.78,16.0,28808400.0
2016-11-15,16.040001,16.26,16.01,16.19,10305500.0
2016-11-16,16.2,16.21,16.0,16.09,7007800.0
2016-11-17,16.11,16.17,15.73,15.84,20976100.0
2016-11-18,15.78,15.85,15.6,15.73,9995800.0
2016-11-21,15.76,15.86,15.67,15.72,8420000.0
2016-11-22,15.88,15.9,15.69,15.8,6669200.0
2016-11-23,15.5,15.62,15.34,15.52,12236300.0
2016-11-25,15.7,15.72,15.6,15.63,4894600.0
2016-11-28,15.72,15.84,15.63,15.77,6830100.0
2016-11-29,15.59,15.87,15.58,15.78,4756500.0
2016-11-30,15.78,15.81,15.57,15.66,8677100.0
2016-12-01,15.51,15.82,15.45,15.66,8477800.0
2016-12-02,15.7,15.94,15.68,15.83,8086300.0
2016-12-05,15.75,16.0,15.67,15.88,7198300.0
2016-12-06,15.86,16.01,15.83,15.85,4646700.0
2016-12-07,16.17,16.34,16.16,16.23,10080600.0
2016-12-08,16.14,16.2,16.08,16.14,5842600.0
2016-12-09,16.15,16.18,15.92,15.97,7902300.0
2016-12-12,16.24,16.29,16.16,16.19,7346200.0
2016-12-13,16.18,16.24,15.9,16.040001,8206300.0
2016-12-14,16.24,16.33,15.87,15.93,15846200.0
2016-12-15,15.25,15.3,15.06,15.18,22111100.0
2016-12-16,15.22,15.42,15.12,15.27,8583300.0
2016-12-19,15.24,15.26,15.09,15.17,6794500.0
2016-12-20,14.87,15.26,14.85,15.24,10749200.0
2016-12-21,15.26,15.3,15.07,15.12,6061400.0
2016-12-22,15.05,15.2,14.95,14.98,7322400.0
2016-12-23,14.95,14.99,14.88,14.91,7895700.0
2016-12-27,14.99,15.15,14.97,15.13,5560400.0
2016-12-28,15.08,15.22,15.04,15.2,5798200.0
2016-12-29,15.21,15.4,15.17,15.32,8179000.0
2016-12-30,15.37,15.41,15.02,15.11,8564200.0
2017-01-03,15.25,15.64,15.19,15.44,11033700.0
2017-01-04,15.58,15.66,15.49,15.58,6142900.0
2017-01-05,15.73,15.85,15.66,15.76,7785600.0
2017-01-06,15.57,15.7,15.55,15.64,6097900.0
2017-01-09,15.69,15.83,15.65,15.7,7288900.0
2017-01-10,15.8,16.030001,15.8,15.91,7865100.0
2017-01-11,15.77,16.0,15.67,15.87,7950600.0
2017-01-12,15.98,16.07,15.86,15.91,6089600.0
2017-01-13,15.82,15.95,15.73,15.94,5281200.0
2017-01-17,16.21,16.32,16.17,16.28,7882800.0
2017-01-18,16.28,16.43,16.15,16.19,8199400.0
2017-01-19,15.95,16.17,15.87,16.12,7699100.0
2017-01-20,16.12,16.27,16.02,16.19,8462400.0
2017-01-23,16.23,16.31,16.18,16.29,4206900.0
2017-01-24,16.28,16.39,16.14,16.22,7348500.0
2017-01-25,15.96,16.13,15.91,16.1,8319500.0
2017-01-26,15.94,16.02,15.84,15.93,5941800.0
2017-01-27,15.9,16.35,15.85,16.22,8214100.0
2017-01-30,16.28,16.37,16.18,16.23,6467700.0
2017-01-31,16.56,16.69,16.5,16.63,11082300.0
2017-02-01,16.54,16.72,16.45,16.61,7615200.0
2017-02-02,16.73,16.76,16.5,16.56,5407900.0
2017-02-03,16.49,16.63,16.47,16.57,5402500.0
2017-02-06,16.71,16.83,16.66,16.82,6729300.0
2017-02-07,16.76,16.87,16.75,16.79,4528500.0
2017-02-08,16.88,16.94,16.76,16.84,4534400.0
2017-02-09,16.84,16.92,16.69,16.75,4814700.0
2017-02-10,16.75,17.07,16.75,17.02,8820800.0
2017-02-13,16.96,16.98,16.83,16.89,5948000.0
2017-02-14,17.11,17.12,16.81,17.01,8069300.0
2017-02-15,16.91,17.049999,16.89,17.040001,4081600.0
2017-02-16,17.11,17.19,17.08,17.15,4991800.0
2017-02-17,17.059999,17.13,17.040001,17.059999,4638800.0
2017-02-21,16.96,17.14,16.9,17.030001,4800200.0
2017-02-22,17.059999,17.11,16.99,17.11,4657300.0
2017-02-23,17.23,17.27,17.11,17.24,4873900.0
2017-02-24,17.37,17.45,17.29,17.4,8025900.0
2017-02-27,17.41,17.53,17.27,17.27,8487000.0
2017-02-28,17.42,17.5,17.34,17.37,6983100.0
2017-03-01,17.34,17.49,17.33,17.44,6245900.0
2017-03-02,17.34,17.4,16.75,16.8,15848300.0
2017-03-03,16.81,17.040001,16.73,16.98,8780300.0
2017-03-06,16.93,16.93,16.77,16.83,5618700.0
2017-03-07,16.63,16.69,16.55,16.55,6595500.0
2017-03-08,16.41,16.44,16.31,16.32,6856500.0
2017-03-09,16.32,16.34,16.040001,16.059999,8481500.0
2017-03-10,16.07,16.16,16.0,16.15,6809200.0
2017-03-13,16.08,16.13,16.059999,16.07,4252900.0
2017-03-14,16.049999,16.12,15.97,15.99,4760900.0
2017-03-15,16.030001,16.45,15.94,16.43,9718000.0
2017-03-16,16.43,16.57,16.34,16.4,5720700.0
2017-03-17,16.41,16.5,16.4,16.47,3079600.0
2017-03-20,16.49,16.53,16.44,16.5,2600600.0
2017-03-21,16.6,16.68,16.57,16.61,5533200.0
2017-03-22,16.61,16.66,16.56,16.62,3137800.0
2017-03-23,16.73,16.75,16.62,16.67,3978600.0
2017-03-24,16.71,16.85,16.69,16.81,5578100.0
2017-03-27,17.11,17.17,17.049999,17.15,9630000.0
2017-03-28,17.2,17.27,17.11,17.18,7429500.0
2017-03-29,17.14,17.28,17.13,17.25,4464600.0
2017-03-30,17.18,17.33,17.14,17.15,6001800.0
2017-03-31,17.23,17.3,17.2,17.25,4732300.0
2017-04-03,17.21,17.3,17.2,17.24,4050400.0
2017-04-04,17.33,17.39,17.23,17.33,4374600.0
2017-04-05,17.23,17.34,17.17,17.32,5676200.0
2017-04-06,17.22,17.31,17.19,17.26,3934600.0
2017-04-07,17.4,17.42,16.92,17.030001,10876000.0
2017-04-10,16.93,17.030001,16.8,17.0,5560300.0
2017-04-11,17.1,17.35,17.09,17.31,7559500.0
2017-04-12,17.37,17.47,17.28,17.46,6480400.0
2017-04-13,17.57,17.59,17.43,17.53,8297400.0
2017-04-17,17.53,17.58,17.38,17.43,5066100.0
2017-04-18,17.42,17.44,17.11,17.34,11434000.0
2017-04-19,17.27,17.29,17.14,17.18,7431500.0
2017-04-20,17.11,17.19,16.92,17.059999,10709900.0
2017-04-21,16.97,17.02,16.86,17.02,10720600.0
2017-04-24,16.84,16.99,16.79,16.98,6885100.0
2017-04-25,16.74,16.8,16.62,16.68,8458000.0
2017-04-26,16.57,16.6,16.4,16.57,9668600.0
2017-04-27,16.49,16.49,16.35,16.37,9606700.0
2017-04-28,16.31,16.39,16.25,16.3,7524100.0
2017-05-01,16.22,16.28,15.9,15.99,13640200.0
2017-05-02,15.97,15.98,15.89,15.93,7183600.0
2017-05-03,15.79,15.8,15.58,15.59,10586800.0
2017-05-04,15.48,15.57,15.35,15.43,12118200.0
2017-05-05,15.43,15.51,15.36,15.5,8476600.0
2017-05-08,15.43,15.47,15.38,15.41,6149600.0
2017-05-09,15.35,15.35,15.21,15.3,7632300.0
2017-05-10,15.38,15.4,15.32,15.35,6780400.0
2017-05-11,15.37,15.47,15.35,15.45,7017900.0
2017-05-12,15.57,15.61,15.53,15.57,6334500.0
2017-05-15,15.87,15.88,15.72,15.75,6766100.0
2017-05-16,15.82,15.98,15.8,15.93,6901800.0
2017-05-17,16.08,16.13,15.87,16.0,11164100.0
2017-05-18,15.88,15.89,15.56,15.71,9208000.0
2017-05-19,15.94,15.96,15.85,15.94,6136100.0
2017-05-22,16.1,16.29,16.09,16.23,6458000.0
2017-05-23,16.34,16.38,16.11,16.15,8053600.0
2017-05-24,16.15,16.28,16.1,16.28,6465000.0
2017-05-25,16.29,16.32,16.21,16.23,4171600.0
2017-05-26,16.38,16.45,16.31,16.4,5724900.0
2017-05-30,16.39,16.52,16.39,16.47,6493000.0
2017-05-31,16.35,16.5,16.33,16.39,5178600.0
2017-06-01,16.16,16.41,16.14,16.38,5242100.0
2017-06-02,16.45,16.64,16.44,16.59,6868000.0
2017-06-05,16.64,16.71,16.6,16.63,4483200.0
2017-06-06,16.73,16.8,16.69,16.76,5424100.0
2017-06-07,16.7,16.78,16.57,16.65,4312700.0
2017-06-08,16.68,16.68,16.37,16.49,7440400.0
2017-06-09,16.32,16.35,16.25,16.28,5441100.0
2017-06-12,16.11,16.18,16.040001,16.040001,5966800.0
2017-06-13,15.85,16.0,15.82,15.95,9314000.0
2017-06-14,16.3,16.37,15.94,15.95,13651500.0
2017-06-15,15.82,15.94,15.79,15.88,6266500.0
2017-06-16,15.81,15.82,15.75,15.79,4806700.0
2017-06-19,15.68,15.7,15.6,15.61,7444900.0
2017-06-20,15.57,15.61,15.51,15.59,6194300.0
2017-06-21,15.52,15.59,15.5,15.54,6018900.0
2017-06-22,15.68,15.73,15.63,15.68,5295700.0
2017-06-23,15.83,15.85,15.76,15.79,5237700.0
2017-06-26,15.71,15.74,15.65,15.68,3805400.0
2017-06-27,15.73,15.85,15.68,15.79,4350100.0
2017-06-28,15.89,15.92,15.82,15.92,4788000.0
2017-06-29,15.74,15.85,15.71,15.73,5030000.0
2017-06-30,15.72,15.78,15.7,15.71,3820300.0
2017-07-03,15.37,15.43,15.23,15.3,7903600.0
2017-07-05,15.07,15.19,15.04,15.18,9527500.0
2017-07-06,15.15,15.17,15.08,15.15,5154500.0
2017-07-07,14.95,14.96,14.53,14.73,19192400.0
2017-07-10,14.46,14.9,14.44,14.83,14637900.0
2017-07-11,14.85,15.0,14.76,14.99,7774400.0
2017-07-12,15.09,15.12,15.02,15.05,8272900.0
2017-07-13,15.04,15.05,14.84,14.87,7214900.0
2017-07-14,15.14,15.22,15.01,15.08,7841800.0
2017-07-17,15.27,15.32,15.22,15.22,7567200.0
2017-07-18,15.37,15.45,15.32,15.38,7794600.0
2017-07-19,15.43,15.48,15.33,15.4,5131300.0
2017-07-20,15.38,15.53,15.3,15.42,7564100.0
2017-07-21,15.57,15.63,15.52,15.6,7450400.0
2017-07-24,15.66,15.67,15.54,15.58,5812700.0
2017-07-25,15.62,15.72,15.56,15.59,6720400.0
2017-07-26,15.56,15.79,15.52,15.75,9831200.0
2017-07-27,15.9,15.9,15.65,15.68,7377200.0
2017-07-28,15.76,15.84,15.74,15.81,5841000.0
2017-07-31,15.9,15.96,15.86,15.9,5672200.0
2017-08-01,15.83,15.92,15.79,15.79,6443600.0
2017-08-02,15.69,15.86,15.66,15.67,6322200.0
2017-08-03,15.72,15.79,15.7,15.72,5365400.0
2017-08-04,15.54,15.56,15.31,15.38,12170800.0
2017-08-07,15.27,15.41,15.27,15.33,4191900.0
2017-08-08,15.51,15.58,15.36,15.56,7409400.0
2017-08-09,15.86,16.01,15.83,15.98,12546200.0
2017-08-10,16.26,16.28,16.1,16.18,10522600.0
2017-08-11,16.09,16.18,16.030001,16.17,6302200.0
2017-08-14,16.14,16.22,16.08,16.13,5294900.0
2017-08-15,15.71,15.84,15.68,15.74,8834000.0
2017-08-16,15.77,16.18,15.77,16.15,9820000.0
2017-08-17,16.18,16.23,16.040001,16.12,6398700.0
2017-08-18,16.21,16.24,16.040001,16.1,8798700.0
2017-08-21,16.12,16.19,16.049999,16.07,4983000.0
2017-08-22,16.14,16.16,15.95,16.07,5127300.0
2017-08-23,16.12,16.16,16.040001,16.15,3175400.0
2017-08-24,16.040001,16.08,15.95,16.030001,4151400.0
2017-08-25,16.18,16.21,15.81,16.11,11920100.0
2017-08-28,16.24,16.52,16.21,16.5,11081500.0
2017-08-29,16.67,16.68,16.32,16.42,12355700.0
2017-08-30,16.44,16.5,16.42,16.46,3300500.0
2017-08-31,16.46,16.66,16.46,16.65,6445900.0
2017-09-01,16.71,16.77,16.55,16.73,7278900.0
2017-09-05,16.94,17.01,16.83,16.91,10761400.0
2017-09-06,16.99,17.0,16.83,16.87,8542000.0
2017-09-07,16.99,17.14,16.97,17.1,9221600.0
2017-09-08,17.12,17.13,16.92,17.02,7804500.0
2017-09-11,16.85,16.93,16.76,16.77,7282200.0
2017-09-12,16.83,16.92,16.8,16.89,4304100.0
2017-09-13,16.81,16.83,16.69,16.76,6739200.0
2017-09-14,16.71,16.81,16.7,16.77,4091800.0
2017-09-15,16.72,16.72,16.61,16.62,4176100.0
2017-09-18,16.39,16.41,16.12,16.27,11597600.0
2017-09-19,16.27,16.38,16.25,16.36,4238800.0
2017-09-20,16.31,16.43,16.030001,16.19,10542100.0
2017-09-21,15.96,16.11,15.94,16.030001,7150200.0
2017-09-22,16.01,16.09,15.98,16.049999,3621200.0
2017-09-25,15.95,16.22,15.91,16.21,8925900.0
2017-09-26,16.02,16.02,15.85,15.91,7685300.0
2017-09-27,15.82,15.98,15.82,15.83,9022100.0
2017-09-28,15.88,15.96,15.8,15.92,4344000.0
2017-09-29,15.87,15.9,15.71,15.74,6330500.0
2017-10-02,15.75,15.81,15.66,15.67,5121000.0
2017-10-03,15.69,15.75,15.68,15.71,3838600.0
2017-10-04,15.72,15.76,15.62,15.69,6719300.0
2017-10-05,15.76,15.81,15.66,15.69,4530600.0
2017-10-06,15.67,15.93,15.42,15.85,12122400.0
2017-10-09,15.95,16.040001,15.94,16.02,5576200.0
2017-10-10,16.23,16.29,16.15,16.15,8355200.0
2017-10-11,16.2,16.28,16.11,16.25,6933500.0
2017-10-12,16.22,16.3,16.16,16.26,4340300.0
2017-10-13,16.38,16.43,16.31,16.41,6616900.0
2017-10-16,16.43,16.49,16.15,16.25,7914300.0
2017-10-17,16.11,16.17,16.02,16.09,7724400.0
2017-10-18,16.059999,16.09,16.01,16.059999,4124900.0
2017-10-19,16.059999,16.31,16.049999,16.27,7656600.0
2017-10-20,16.17,16.26,15.98,16.08,8794400.0
2017-10-23,15.97,16.16,15.92,16.14,6320400.0
2017-10-24,16.02,16.1,15.94,16.02,6171700.0
2017-10-25,16.040001,16.049999,15.94,16.01,4316500.0
2017-10-26,15.97,16.0,15.82,15.85,6618000.0
2017-10-27,15.74,15.93,15.7,15.91,7225600.0
2017-10-30,15.74,15.96,15.74,15.91,3854300.0
2017-10-31,15.82,15.85,15.71,15.79,10656700.0
2017-11-01,15.95,16.24,15.93,16.18,10689100.0
2017-11-02,16.18,16.28,16.09,16.17,5499600.0
2017-11-03,16.2,16.22,15.84,15.92,6779700.0
2017-11-06,15.94,16.3,15.94,16.27,9806100.0
2017-11-07,16.21,16.23,15.97,16.01,6467600.0
2017-11-08,16.14,16.29,16.049999,16.059999,6397500.0
2017-11-09,16.02,16.1,15.99,16.07,4291500.0
2017-11-10,16.1,16.15,15.85,15.95,7895200.0
2017-11-13,16.040001,16.12,15.99,16.09,5959400.0
2017-11-14,16.01,16.14,15.93,16.08,6728600.0
2017-11-15,16.19,16.21,16.0,16.030001,6371300.0
2017-11-16,16.1,16.17,16.09,16.12,4404900.0
2017-11-17,16.14,16.41,16.1,16.31,9025200.0
2017-11-20,16.14,16.17,15.9,15.98,12877700.0
2017-11-21,16.040001,16.11,15.99,16.01,5835800.0
2017-11-22,16.15,16.2,16.13,16.17,5600400.0
2017-11-24,16.1,16.18,16.049999,16.08,2423800.0
2017-11-27,16.2,16.21,16.059999,16.1,4960300.0
2017-11-28,16.11,16.12,15.82,15.91,13159700.0
2017-11-29,15.76,15.79,15.59,15.64,9101700.0
2017-11-30,15.47,15.56,15.4,15.51,11035900.0
2017-12-01,15.42,15.63,15.33,15.53,14631900.0
2017-12-04,15.45,15.45,15.34,15.44,6857300.0
2017-12-05,15.29,15.29,15.13,15.23,10124000.0
2017-12-06,15.11,15.18,15.02,15.1,8124700.0
2017-12-07,14.92,14.97,14.77,14.87,11107000.0
2017-12-08,14.93,15.01,14.89,14.96,6584400.0
2017-12-11,14.88,14.94,14.81,14.85,6204400.0
2017-12-12,14.78,14.88,14.74,14.86,7053000.0
2017-12-13,14.86,15.25,14.8,15.15,15271600.0
2017-12-14,15.05,15.05,14.94,15.02,7594400.0
2017-12-15,15.14,15.17,15.08,15.15,7127000.0
2017-12-18,15.2,15.26,15.18,15.22,4684300.0
2017-12-19,15.2,15.24,15.14,15.22,5053000.0
2017-12-20,15.29,15.33,15.24,15.25,4520100.0
2017-12-21,15.22,15.32,15.2,15.22,3910000.0
2017-12-22,15.34,15.49,15.31,15.4,8326700.0
2017-12-26,15.55,15.63,15.53,15.59,6380400.0
2017-12-27,15.67,15.78,15.65,15.73,6516600.0
2017-12-28,15.85,15.92,15.82,15.88,10101800.0
2017-12-29,16.02,16.15,15.93,15.99,13888400.0
2018-01-02,16.13,16.23,16.12,16.21,8943200.0
2018-01-03,16.19,16.26,16.09,16.17,9149500.0
2018-01-04,16.21,16.3,16.19,16.23,7466300.0
2018-01-05,16.18,16.29,16.16,16.22,5651500.0
2018-01-08,16.17,16.19,16.07,16.15,6707000.0
2018-01-09,16.01,16.07,15.95,16.030001,6975400.0
2018-01-10,16.07,16.1,16.0,16.02,8167800.0
2018-01-11,16.01,16.07,15.91,16.01,5981900.0
2018-01-12,16.1,16.31,16.08,16.27,9850100.0
2018-01-16,16.13,16.25,16.09,16.25,8985900.0
2018-01-17,16.18,16.23,16.02,16.059999,10718200.0
2018-01-18,16.08,16.16,15.95,15.97,8512300.0
2018-01-19,16.049999,16.12,16.02,16.049999,7674700.0
2018-01-22,16.07,16.09,16.0,16.040001,4588100.0
2018-01-23,15.86,16.09,15.79,16.08,9722800.0
2018-01-24,16.38,16.62,16.35,16.56,17237400.0
2018-01-25,16.54,16.64,16.16,16.31,17380100.0
2018-01-26,16.38,16.5,16.36,16.41,7151800.0
2018-01-29,16.29,16.29,16.13,16.21,7179700.0
2018-01-30,16.31,16.32,16.1,16.15,8425000.0
2018-01-31,16.26,16.41,16.17,16.35,12327100.0
2018-02-01,16.16,16.27,16.13,16.25,6985200.0
2018-02-02,16.02,16.02,15.63,15.66,17895900.0
2018-02-05,15.91,15.93,15.72,15.74,11728100.0
2018-02-06,15.75,15.76,15.63,15.65,10021200.0
2018-02-07,15.53,15.58,15.34,15.41,11937300.0
2018-02-08,15.52,15.54,15.41,15.46,8688900.0
2018-02-09,15.4,15.4,15.26,15.39,8531200.0
2018-02-12,15.51,15.68,15.49,15.57,10638800.0
2018-02-13,15.59,15.66,15.51,15.62,5358900.0
2018-02-14,15.66,15.97,15.64,15.91,14553100.0
2018-02-15,15.91,15.94,15.69,15.91,9021600.0
2018-02-16,15.83,15.88,15.67,15.73,7210100.0
2018-02-20,15.69,15.73,15.49,15.54,8763800.0
2018-02-21,15.63,15.81,15.52,15.54,10420800.0
2018-02-22,15.63,15.74,15.6,15.66,5645700.0
2018-02-23,15.62,15.63,15.56,15.59,4306900.0
2018-02-26,15.67,15.69,15.55,15.68,4902400.0
2018-02-27,15.64,15.65,15.39,15.48,7695400.0
2018-02-28,15.51,15.57,15.44,15.46,4056400.0
2018-03-01,15.33,15.61,15.23,15.54,10568600.0
2018-03-02,15.61,15.63,15.49,15.56,6299000.0
2018-03-05,15.49,15.51,15.42,15.49,4056400.0
2018-03-06,15.69,15.9,15.68,15.78,11502800.0
2018-03-07,15.65,15.65,15.49,15.53,8255500.0
2018-03-08,15.55,15.57,15.49,15.55,6899900.0
2018-03-09,15.5,15.74,15.47,15.63,7958800.0
2018-03-12,15.54,15.62,15.51,15.61,4990100.0
2018-03-13,15.63,15.68,15.53,15.61,6471100.0
2018-03-14,15.61,15.63,15.56,15.61,4070000.0
2018-03-15,15.52,15.52,15.43,15.45,5760300.0
2018-03-16,15.46,15.48,15.28,15.39,6681600.0
2018-03-19,15.36,15.42,15.31,15.39,4884300.0
2018-03-20,15.33,15.33,15.19,15.28,7426400.0
2018-03-21,15.51,15.71,15.42,15.65,12896700.0
2018-03-22,15.52,15.54,15.4,15.44,10591500.0
2018-03-23,15.68,15.71,15.58,15.58,9556200.0
2018-03-26,15.73,15.82,15.71,15.72,8509300.0
2018-03-27,15.62,15.63,15.52,15.57,9363400.0
2018-03-28,15.43,15.43,15.32,15.36,10915100.0
2018-03-29,15.31,15.43,15.3,15.41,6888300.0
2018-04-02,15.62,15.72,15.58,15.65,9473100.0
2018-04-03,15.51,15.53,15.41,15.46,5832800.0
2018-04-04,15.38,15.45,15.32,15.38,8229100.0
2018-04-05,15.28,15.48,15.27,15.45,6121500.0
2018-04-06,15.52,15.55,15.39,15.43,6906700.0
2018-04-09,15.47,15.6,15.43,15.56,6558300.0
2018-04-10,15.66,15.69,15.57,15.62,7250900.0
2018-04-11,15.67,15.9,15.65,15.69,13825000.0
2018-04-12,15.58,15.59,15.5,15.52,7487100.0
2018-04-13,15.64,15.73,15.64,15.68,6159000.0
2018-04-16,15.77,15.81,15.69,15.72,5231200.0
2018-04-17,15.72,15.83,15.69,15.8,6926400.0
2018-04-18,16.15,16.26,16.09,16.18,19800200.0
2018-04-19,16.27,16.35,16.1,16.26,17017000.0
2018-04-20,16.15,16.22,16.11,16.13,8050500.0
2018-04-23,15.79,15.81,15.63,15.67,15510900.0
2018-04-24,15.69,15.79,15.67,15.76,7465500.0
2018-04-25,15.62,15.64,15.55,15.61,6278600.0
2018-04-26,15.63,15.64,15.47,15.58,8415300.0
2018-04-27,15.54,15.59,15.49,15.57,5690900.0
2018-04-30,15.31,15.5,15.26,15.38,13944300.0
2018-05-01,15.3,15.32,15.12,15.24,14157600.0
2018-05-02,15.44,15.57,15.38,15.42,10561200.0
2018-05-03,15.56,15.59,15.44,15.46,6541700.0
2018-05-04,15.43,15.55,15.41,15.54,4829700.0
2018-05-07,15.5,15.55,15.47,15.52,3331600.0
2018-05-08,15.49,15.56,15.36,15.51,9529700.0
2018-05-09,15.55,15.65,15.52,15.53,6852100.0
2018-05-10,15.73,15.78,15.68,15.74,8470600.0
2018-05-11,15.83,15.85,15.68,15.7,6681200.0
2018-05-14,15.68,15.71,15.54,15.56,7360100.0
2018-05-15,15.32,15.36,15.26,15.33,10317400.0
2018-05-16,15.35,15.47,15.32,15.41,7638200.0
2018-05-17,15.5,15.53,15.46,15.47,4987300.0
2018-05-18,15.43,15.51,15.42,15.48,3883000.0
2018-05-21,15.53,15.56,15.46,15.54,4405100.0
2018-05-22,15.66,15.69,15.55,15.58,5562600.0
2018-05-23,15.4,15.53,15.37,15.5,7300100.0
2018-05-24,15.61,15.72,15.59,15.69,7046000.0
2018-05-25,15.65,15.67,15.52,15.53,5169600.0
2018-05-29,15.42,15.51,15.39,15.44,9718200.0
2018-05-30,15.48,15.59,15.47,15.55,4684300.0
2018-05-31,15.53,15.6,15.45,15.46,5554400.0
2018-06-01,15.46,15.54,15.41,15.44,6197200.0
2018-06-04,15.53,15.56,15.44,15.45,3993300.0
2018-06-05,15.47,15.57,15.44,15.52,6568400.0
2018-06-06,15.7,15.76,15.65,15.7,8717300.0
2018-06-07,15.82,15.91,15.68,15.72,8920000.0
2018-06-08,15.82,15.83,15.72,15.78,4128900.0
2018-06-11,15.88,15.96,15.88,15.94,10123500.0
2018-06-12,15.88,15.96,15.83,15.87,6500900.0
2018-06-13,15.97,16.11,15.83,16.08,12232500.0
2018-06-14,16.16,16.28,16.14,16.17,13476500.0
2018-06-15,15.96,15.96,15.49,15.6,24728300.0
2018-06-18,15.56,15.59,15.45,15.51,8991600.0
2018-06-19,15.37,15.42,15.33,15.36,10823300.0
2018-06-20,15.36,15.39,15.31,15.34,7787300.0
2018-06-21,15.37,15.4,15.31,15.36,7075700.0
2018-06-22,15.42,15.52,15.38,15.5,7685700.0
2018-06-25,15.39,15.4,15.33,15.37,5508700.0
2018-06-26,15.33,15.37,15.29,15.33,6086000.0
2018-06-27,15.24,15.31,15.03,15.12,12641200.0
2018-06-28,15.1,15.11,14.99,15.07,8801000.0
2018-06-29,15.08,15.22,15.04,15.15,7990000.0
2018-07-02,14.96,15.0,14.84,14.91,9148800.0
2018-07-03,15.05,15.1,15.03,15.03,4606000.0
2018-07-05,15.07,15.15,15.04,15.1,7141100.0
2018-07-06,15.06,15.1,15.03,15.08,4791300.0
2018-07-09,15.21,15.25,15.13,15.17,6847500.0
2018-07-10,15.14,15.16,15.08,15.12,4298000.0
2018-07-11,14.98,15.0,14.85,14.86,10390800.0
2018-07-12,14.98,15.06,14.94,15.0,6969000.0
2018-07-13,14.88,14.95,14.82,14.88,8575500.0
2018-07-16,14.85,14.88,14.81,14.85,4576500.0
2018-07-17,14.68,14.76,14.62,14.67,18090700.0
2018-07-18,14.55,14.66,14.5,14.63,8067500.0
2018-07-19,14.36,14.55,14.35,14.42,16130700.0
2018-07-20,14.52,14.62,14.49,14.59,10571800.0
2018-07-23,14.52,14.54,14.43,14.47,6381600.0
2018-07-24,14.59,14.68,14.54,14.58,7540200.0
2018-07-25,14.68,14.7,14.6,14.68,7227800.0
2018-07-26,14.57,14.64,14.48,14.49,8336100.0
2018-07-27,14.56,14.62,14.54,14.57,5958200.0
2018-07-30,14.56,14.63,14.55,14.58,3655800.0
2018-07-31,14.58,14.69,14.53,14.61,6939100.0
2018-08-01,14.55,14.56,14.47,14.48,5023800.0
2018-08-02,14.48,14.51,14.38,14.43,8213900.0
2018-08-03,14.53,14.64,14.48,14.5,7564700.0
2018-08-06,14.43,14.45,14.38,14.4,3546000.0
2018-08-07,14.5,14.5,14.43,14.43,4175600.0
2018-08-08,14.49,14.53,14.43,14.5,5084900.0
2018-08-09,14.53,14.59,14.5,14.52,4021400.0
2018-08-10,14.42,14.51,14.38,14.41,6275400.0
2018-08-13,14.35,14.35,14.09,14.1,12229400.0
2018-08-14,14.14,14.21,14.11,14.17,5688600.0
2018-08-15,13.88,13.88,13.51,13.57,25279400.0
2018-08-16,13.79,13.95,13.77,13.77,12662800.0
2018-08-17,13.82,13.94,13.75,13.92,7177900.0
2018-08-20,13.86,13.9,13.78,13.88,6988000.0
2018-08-21,13.89,13.92,13.85,13.89,4004600.0
2018-08-22,13.89,13.91,13.82,13.88,5324500.0
2018-08-23,13.74,13.78,13.62,13.65,6917500.0
2018-08-24,13.85,13.99,13.83,13.92,8723600.0
2018-08-27,13.93,14.03,13.93,13.99,11768800.0
2018-08-28,14.02,14.05,13.79,13.84,10736800.0
2018-08-29,13.88,13.91,13.82,13.87,7312200.0
2018-08-30,13.77,13.77,13.65,13.7,9431000.0
2018-08-31,13.68,13.74,13.62,13.65,6536400.0
2018-09-04,13.23,13.33,13.17,13.31,15857200.0
2018-09-05,13.37,13.39,13.32,13.35,6813100.0
2018-09-06,13.36,13.44,13.27,13.31,9360100.0
2018-09-07,13.32,13.41,13.27,13.32,7207200.0
2018-09-10,13.37,13.38,13.29,13.31,4393500.0
2018-09-11,13.21,13.31,13.11,13.28,8083200.0
2018-09-12,13.25,13.43,13.23,13.39,9092600.0
2018-09-13,13.45,13.5,13.33,13.35,10771000.0
2018-09-14,13.35,13.38,13.22,13.23,7632600.0
2018-09-17,13.33,13.4,13.3,13.31,6851400.0
2018-09-18,13.34,13.37,13.25,13.31,5837200.0
2018-09-19,13.37,13.49,13.34,13.4,14142000.0
2018-09-20,13.41,13.46,13.36,13.45,9186700.0
2018-09-21,13.34,13.54,13.32,13.44,11081500.0
2018-09-24,13.44,13.53,13.41,13.41,9673700.0
2018-09-25,13.57,13.69,13.57,13.59,11303700.0
2018-09-26,13.52,13.6,13.45,13.49,10004300.0
2018-09-27,13.36,13.45,13.33,13.41,6534900.0
2018-09-28,13.63,13.84,13.62,13.73,15282500.0
2018-10-01,13.53,13.65,13.51,13.62,9288000.0
2018-10-02,13.9,14.02,13.76,13.79,20937700.0
2018-10-03,13.84,13.89,13.74,13.78,8549200.0
2018-10-04,13.85,13.87,13.66,13.71,9243500.0
2018-10-05,13.81,13.83,13.7,13.75,7016000.0
2018-10-08,13.46,13.53,13.4,13.53,9290300.0
2018-10-09,13.48,13.55,13.41,13.53,6392900.0
2018-10-10,13.49,13.5,13.39,13.45,8632800.0
2018-10-11,13.59,13.75,13.56,13.67,15833000.0
2018-10-12,13.78,13.81,13.67,13.74,8082000.0
2018-10-15,13.83,13.88,13.77,13.8,6605800.0
2018-10-16,13.91,13.93,13.76,13.78,7548800.0
2018-10-17,13.79,13.85,13.72,13.74,7074500.0
2018-10-18,13.7,13.78,13.65,13.7,6018300.0
2018-10-19,13.8,13.83,13.72,13.74,4864500.0
2018-10-22,13.69,13.7,13.64,13.68,4819900.0
2018-10-23,13.89,13.92,13.82,13.83,8088400.0
2018-10-24,13.85,13.88,13.76,13.79,6600700.0
2018-10-25,13.77,13.79,13.71,13.74,6665100.0
2018-10-26,13.8,13.88,13.77,13.81,7874600.0
2018-10-29,13.8,13.8,13.53,13.59,9774000.0
2018-10-30,13.57,13.63,13.56,13.61,5980400.0
2018-10-31,13.44,13.47,13.39,13.41,9383800.0
2018-11-01,13.72,13.92,13.69,13.83,11926200.0
2018-11-02,13.91,14.01,13.82,13.86,9784100.0
2018-11-05,13.77,13.83,13.72,13.76,5178600.0
2018-11-06,13.71,13.73,13.61,13.65,5159700.0
2018-11-07,13.75,13.77,13.67,13.67,4207800.0
2018-11-08,13.56,13.62,13.51,13.56,5517700.0
2018-11-09,13.37,13.37,13.25,13.32,12229900.0
2018-11-12,13.22,13.22,13.15,13.17,6019000.0
2018-11-13,13.16,13.24,13.11,13.15,10762200.0
2018-11-14,13.16,13.34,13.14,13.28,11375200.0
2018-11-15,13.31,13.48,13.3,13.42,7407400.0
2018-11-16,13.52,13.55,13.47,13.53,8750900.0
2018-11-19,13.53,13.57,13.49,13.55,6232000.0
2018-11-20,13.53,13.54,13.36,13.45,6923900.0
2018-11-21,13.58,13.67,13.58,13.6,5733300.0
2018-11-23,13.43,13.45,13.4,13.42,3310600.0
2018-11-26,13.43,13.46,13.36,13.39,5100000.0
2018-11-27,13.4,13.42,13.23,13.29,7165200.0
2018-11-28,13.31,13.53,13.26,13.43,8932300.0
2018-11-29,13.47,13.52,13.4,13.43,6868200.0
2018-11-30,13.3,13.32,13.2,13.32,7261100.0
2018-12-03,13.63,13.65,13.48,13.49,11951200.0
2018-12-04,13.74,13.77,13.62,13.62,10209800.0
2018-12-06,13.54,13.61,13.52,13.6,6372500.0
2018-12-07,13.64,13.76,13.63,13.73,8447800.0
2018-12-10,13.63,13.71,13.6,13.65,6420800.0
2018-12-11,13.76,13.82,13.63,13.66,6799500.0
2018-12-12,13.8,13.89,13.79,13.82,7022100.0
2018-12-13,13.84,13.88,13.8,13.86,4870500.0
2018-12-14,13.62,13.74,13.6,13.7,8673700.0
2018-12-17,13.71,13.81,13.68,13.77,6517300.0
2018-12-18,13.75,13.82,13.72,13.75,6808500.0
2018-12-19,13.81,13.93,13.65,13.69,16736200.0
2018-12-20,13.88,13.94,13.8,13.85,13577600.0
2018-12-21,13.82,13.84,13.71,13.74,7224400.0
2018-12-24,13.79,13.91,13.79,13.87,6303900.0
2018-12-26,14.1,14.24,14.05,14.11,15133000.0
2018-12-27,14.25,14.34,14.21,14.3,13958600.0
2018-12-28,14.4,14.45,14.33,14.42,11445300.0
2018-12-31,14.42,14.56,14.41,14.52,10897200.0
2019-01-02,14.46,14.66,14.45,14.56,12310400.0
2019-01-03,14.69,14.79,14.63,14.75,12933200.0
2019-01-04,14.73,14.79,14.63,14.73,17854300.0
2019-01-07,14.76,14.78,14.66,14.67,7432300.0
2019-01-08,14.65,14.73,14.64,14.69,6776400.0
2019-01-09,14.68,14.81,14.66,14.78,11011300.0
2019-01-10,14.68,14.72,14.59,14.6,8700300.0
2019-01-11,14.62,14.7,14.6,14.64,4941900.0
2019-01-14,14.67,14.7,14.62,14.66,4370100.0
2019-01-15,14.71,14.74,14.59,14.6,15520800.0
2019-01-16,14.65,14.69,14.61,14.63,6583500.0
2019-01-17,14.55,14.6,14.51,14.57,7610100.0
2019-01-18,14.45,14.5,14.37,14.37,9390900.0
2019-01-22,14.33,14.41,14.3,14.39,8544400.0
2019-01-23,14.35,14.43,14.32,14.42,5687200.0
2019-01-24,14.4,14.42,14.33,14.36,3809100.0
2019-01-25,14.58,14.76,14.58,14.74,10686800.0
2019-01-28,14.66,14.8,14.65,14.79,7751300.0
2019-01-29,14.88,14.91,14.84,14.88,6481700.0
2019-01-30,14.92,15.12,14.88,15.05,12468900.0
2019-01-31,15.17,15.19,15.03,15.05,8510800.0
2019-02-01,15.05,15.08,14.91,14.92,6654200.0
2019-02-04,14.83,14.93,14.82,14.88,5917700.0
2019-02-05,14.91,14.93,14.84,14.87,5944400.0
2019-02-06,14.85,14.86,14.67,14.68,7820600.0
2019-02-07,14.7,14.78,14.69,14.77,7336300.0
2019-02-08,14.79,14.87,14.76,14.83,5287500.0
2019-02-11,14.72,14.8,14.71,14.72,3485500.0
2019-02-12,14.75,14.76,14.7,14.73,4314000.0
2019-02-13,14.74,14.84,14.58,14.59,7914500.0
2019-02-14,14.57,14.67,14.55,14.65,6544000.0
2019-02-15,14.7,14.83,14.63,14.82,6509700.0
2019-02-19,14.84,15.02,14.84,15.02,7941300.0
2019-02-20,15.07,15.21,15.03,15.07,9502300.0
2019-02-21,14.95,14.97,14.83,14.83,7577900.0
2019-02-22,14.92,14.99,14.9,14.95,4114000.0
2019-02-25,14.97,14.99,14.86,14.9,5508200.0
2019-02-26,14.94,14.95,14.83,14.94,4878700.0
2019-02-27,14.87,14.87,14.73,14.75,6797800.0
2019-02-28,14.75,14.75,14.61,14.63,5919700.0
2019-03-01,14.49,14.55,14.2,14.2,17580500.0
2019-03-04,14.16,14.19,14.12,14.15,9028900.0
2019-03-05,14.15,14.21,14.11,14.2,7148400.0
2019-03-06,14.17,14.17,14.11,14.15,6302700.0
2019-03-07,14.07,14.14,14.05,14.09,6009600.0
2019-03-08,14.32,14.42,14.3,14.41,8970900.0
2019-03-11,14.36,14.37,14.26,14.37,6610200.0
2019-03-12,14.46,14.51,14.41,14.48,7795500.0
2019-03-13,14.51,14.55,14.48,14.51,4718600.0
2019-03-14,14.25,14.27,14.2,14.24,7676200.0
2019-03-15,14.39,14.43,14.33,14.33,5630100.0
2019-03-18,14.41,14.47,14.36,14.39,4620400.0
2019-03-19,14.46,14.48,14.39,14.4,4290600.0
2019-03-20,14.45,14.59,14.32,14.54,13562700.0
2019-03-21,14.56,14.56,14.42,14.5,8086100.0
2019-03-22,14.45,14.49,14.41,14.45,4447000.0
2019-03-25,14.54,14.61,14.52,14.56,7324600.0
2019-03-26,14.54,14.54,14.43,14.47,4877600.0
2019-03-27,14.42,14.44,14.31,14.32,8431500.0
2019-03-28,14.17,14.17,14.04,14.07,15698100.0
2019-03-29,14.24,14.25,14.17,14.18,8460300.0
2019-04-01,14.24,14.25,14.14,14.15,7036700.0
2019-04-02,14.07,14.17,14.05,14.16,5549900.0
2019-04-03,14.1,14.22,14.1,14.2,7056000.0
2019-04-04,14.02,14.23,13.97,14.22,12111900.0
2019-04-05,14.21,14.24,14.13,14.17,6309000.0
2019-04-08,14.3,14.31,14.25,14.31,7111000.0
2019-04-09,14.35,14.35,14.26,14.28,5532200.0
2019-04-10,14.25,14.34,14.25,14.28,4843400.0
2019-04-11,14.12,14.17,13.97,14.02,13575400.0
2019-04-12,14.09,14.17,14.04,14.05,7310300.0
2019-04-15,13.96,14.1,13.92,14.06,10212400.0
2019-04-16,13.99,14.08,13.97,14.07,11775600.0
2019-04-17,14.1,14.11,13.99,14.05,6225500.0
2019-04-18,14.03,14.08,14.03,14.06,5079900.0
2019-04-22,14.08,14.1,14.04,14.08,5204700.0
2019-04-23,13.86,13.93,13.83,13.91,7054100.0
2019-04-24,13.92,14.05,13.92,14.0,4857000.0
2019-04-25,14.02,14.08,13.98,14.0,4324500.0
2019-04-26,14.09,14.14,14.04,14.1,6323600.0
2019-04-29,14.01,14.01,13.95,13.99,3615300.0
2019-04-30,13.94,14.04,13.91,14.02,6561500.0
2019-05-01,13.89,13.93,13.69,13.75,21701200.0
2019-05-02,13.72,13.75,13.65,13.71,6896100.0
2019-05-03,13.87,14.03,13.86,13.96,11477000.0
2019-05-06,13.87,13.99,13.86,13.98,5917700.0
2019-05-07,13.95,13.98,13.92,13.98,4725300.0
2019-05-08,13.96,13.98,13.89,13.89,4686900.0
2019-05-09,13.78,13.88,13.77,13.83,4295000.0
2019-05-10,13.83,13.87,13.81,13.84,3084100.0
2019-05-13,13.86,13.87,13.8,13.84,5973300.0
2019-05-14,13.87,13.92,13.83,13.86,7100100.0
2019-05-15,13.88,13.89,13.83,13.85,5351000.0
2019-05-16,13.81,13.82,13.6,13.65,11341600.0
2019-05-17,13.53,13.54,13.49,13.52,7504700.0
2019-05-20,13.52,13.57,13.5,13.55,4386500.0
2019-05-21,13.51,13.56,13.47,13.53,3969700.0
2019-05-22,13.55,13.58,13.52,13.54,4528100.0
2019-05-23,13.61,13.72,13.6,13.68,6396000.0
2019-05-24,13.66,13.67,13.61,13.65,3010600.0
2019-05-28,13.45,13.46,13.39,13.46,9200700.0
2019-05-29,13.55,13.57,13.49,13.52,5309000.0
2019-05-30,13.55,13.66,13.53,13.6,4695300.0
2019-05-31,13.61,13.76,13.6,13.65,8236000.0
2019-06-03,13.77,13.9,13.75,13.87,13206800.0
2019-06-04,13.83,13.92,13.79,13.89,9326000.0
2019-06-05,14.01,14.03,13.83,13.88,16061100.0
2019-06-06,14.0,14.01,13.92,13.92,7343800.0
2019-06-07,14.06,14.2,14.04,14.06,15937400.0
2019-06-10,13.83,13.85,13.72,13.78,11276100.0
2019-06-11,13.78,13.87,13.77,13.81,5760700.0
2019-06-12,13.84,13.9,13.82,13.84,5578300.0
2019-06-13,13.88,13.99,13.86,13.96,6789200.0
2019-06-14,14.01,14.05,13.85,13.91,9711100.0
2019-06-17,13.97,13.97,13.88,13.9,3905800.0
2019-06-18,14.01,14.14,13.94,14.05,12976700.0
2019-06-19,14.02,14.17,14.0,14.17,13454000.0
2019-06-20,14.39,14.54,14.35,14.45,21668700.0
2019-06-21,14.36,14.4,14.25,14.36,12708800.0
2019-06-24,14.35,14.49,14.35,14.46,14157600.0
2019-06-25,14.43,14.51,14.3,14.38,24459400.0
2019-06-26,14.31,14.38,14.26,14.32,9171200.0
2019-06-27,14.22,14.29,14.2,14.28,10633600.0
2019-06-28,14.28,14.36,14.25,14.33,15532400.0
2019-07-01,14.24,14.33,14.17,14.18,10278000.0
2019-07-02,14.14,14.32,14.12,14.29,13887100.0
2019-07-03,14.34,14.36,14.29,14.32,8250800.0
2019-07-05,14.09,14.1,13.95,14.06,17275100.0
2019-07-08,14.12,14.13,14.04,14.05,9461900.0
2019-07-09,14.09,14.17,14.05,14.14,8468400.0
2019-07-10,14.27,14.29,14.15,14.26,14062800.0
2019-07-11,14.23,14.28,14.14,14.17,8932500.0
2019-07-12,14.18,14.29,14.14,14.26,7983500.0
2019-07-15,14.29,14.43,14.28,14.42,17348900.0
2019-07-16,14.51,14.7,14.5,14.54,39105500.0
2019-07-17,14.75,14.98,14.74,14.94,27911800.0
2019-07-18,15.07,15.32,15.01,15.29,38277100.0
2019-07-19,15.4,15.54,15.03,15.17,41873600.0
2019-07-22,15.3,15.39,15.28,15.35,18109200.0
2019-07-23,15.41,15.49,15.33,15.34,23827100.0
2019-07-24,15.54,15.59,15.48,15.52,15739900.0
2019-07-25,15.47,15.48,15.27,15.36,19998700.0
2019-07-26,15.42,15.43,15.29,15.31,10282900.0
2019-07-29,15.36,15.43,15.3,15.4,10652800.0
2019-07-30,15.45,15.55,15.39,15.5,9505400.0
2019-07-31,15.39,15.43,15.16,15.21,28741400.0
2019-08-01,15.0,15.34,14.98,15.34,28690700.0
2019-08-02,15.09,15.27,15.08,15.19,20157500.0
2019-08-05,15.37,15.49,15.22,15.33,31227100.0
2019-08-06,15.4,15.43,15.32,15.38,12926200.0
2019-08-07,15.85,16.15,15.83,15.97,49867900.0
2019-08-08,15.78,15.99,15.74,15.89,23338200.0
2019-08-09,15.85,15.97,15.78,15.89,14846700.0
2019-08-12,15.86,16.07,15.84,15.98,20240600.0
2019-08-13,16.18,16.19,15.47,15.87,37868000.0
2019-08-14,16.12,16.22,15.98,16.08,36647600.0
2019-08-15,16.13,16.18,16.059999,16.13,17036100.0
2019-08-16,16.1,16.14,15.97,16.02,16397500.0
2019-08-19,15.87,15.94,15.78,15.79,14617900.0
2019-08-20,15.91,16.09,15.91,16.049999,12223200.0
2019-08-21,15.99,16.1,15.95,16.049999,12414200.0
2019-08-22,15.98,16.049999,15.95,15.97,7001000.0
2019-08-23,16.040001,16.36,15.98,16.35,25967100.0
2019-08-26,16.5,16.63,16.45,16.52,22948400.0
2019-08-27,16.84,17.040001,16.77,17.030001,38834200.0
2019-08-28,17.15,17.25,17.01,17.17,30866900.0
2019-08-29,17.36,17.41,16.88,17.07,52495100.0
2019-08-30,17.09,17.26,17.0,17.15,28392700.0
2019-09-03,17.59,17.94,17.52,17.89,40436900.0
2019-09-04,18.08,18.35,18.049999,18.34,34319900.0
2019-09-05,17.98,17.98,17.29,17.41,53305900.0
2019-09-06,17.49,17.59,16.8,16.87,68358100.0
2019-09-09,16.93,17.01,16.8,16.83,26030000.0
2019-09-10,16.96,17.01,16.85,16.85,22611900.0
2019-09-11,16.8,16.98,16.79,16.95,16979400.0
2019-09-12,16.98,17.11,16.85,16.92,29348700.0
2019-09-13,16.9,16.94,16.28,16.31,42317000.0
2019-09-16,16.71,16.84,16.6,16.74,21190000.0
2019-09-17,16.73,16.92,16.66,16.86,12763400.0
2019-09-18,16.75,16.84,16.38,16.55,28967300.0
2019-09-19,16.72,16.75,16.61,16.62,10522200.0
2019-09-20,16.65,16.8,16.61,16.8,14256300.0
2019-09-23,17.29,17.51,17.26,17.51,24136900.0
2019-09-24,17.2,17.46,17.07,17.44,27612500.0
2019-09-25,17.29,17.35,16.67,16.71,29406000.0
2019-09-26,16.76,16.89,16.63,16.67,20319100.0
2019-09-27,16.26,16.49,16.19,16.36,25234800.0
2019-09-30,16.030001,16.1,15.83,15.92,29218300.0
2019-10-01,15.96,16.21,15.91,16.15,23278100.0
2019-10-02,16.33,16.54,16.27,16.43,21300800.0
2019-10-03,16.38,16.65,16.37,16.43,24412700.0
2019-10-04,16.3,16.46,16.25,16.41,17200800.0
2019-10-07,16.38,16.46,16.28,16.3,8379500.0
2019-10-08,16.6,16.66,16.49,16.61,19817200.0
2019-10-09,16.68,16.68,16.54,16.6,15428500.0
2019-10-10,16.47,16.49,16.29,16.37,15056500.0
2019-10-11,16.38,16.42,16.21,16.37,28111900.0
2019-10-14,16.43,16.55,16.4,16.49,10405900.0
2019-10-15,16.39,16.39,16.21,16.27,19735000.0
2019-10-16,16.25,16.29,16.15,16.26,15305800.0
2019-10-17,16.4,16.5,16.36,16.4,14232300.0
2019-10-18,16.38,16.45,16.35,16.41,15861600.0
2019-10-21,16.65,16.68,16.38,16.41,17748700.0
2019-10-22,16.4,16.46,16.29,16.37,12066000.0
2019-10-23,16.43,16.47,16.38,16.39,8500100.0
2019-10-24,16.61,16.69,16.57,16.65,14917400.0
2019-10-25,17.08,17.11,16.68,16.89,25824800.0
2019-10-28,16.8,16.81,16.62,16.68,13873300.0
2019-10-29,16.53,16.74,16.5,16.65,13722400.0
2019-10-30,16.68,16.73,16.44,16.73,15563700.0
2019-10-31,16.86,17.0,16.81,16.92,15539200.0
2019-11-01,16.86,16.93,16.82,16.92,13063200.0
2019-11-04,16.94,16.97,16.79,16.85,12990100.0
2019-11-05,16.59,16.63,16.39,16.44,22623300.0
2019-11-06,16.43,16.5,16.39,16.47,11238000.0
2019-11-07,16.44,16.46,15.84,16.0,31701700.0
2019-11-08,15.77,15.88,15.7,15.7,20152000.0
2019-11-11,15.74,15.8,15.57,15.75,14980600.0
2019-11-12,15.69,15.73,15.55,15.72,13814100.0
2019-11-13,15.82,15.9,15.76,15.83,12072600.0
2019-11-14,15.87,15.97,15.77,15.9,9138200.0
2019-11-15,15.81,15.9,15.79,15.85,9714200.0
2019-11-18,15.88,15.94,15.84,15.92,7973100.0
2019-11-19,15.88,16.059999,15.87,16.02,8924100.0
2019-11-20,15.97,16.049999,15.92,16.040001,11728200.0
2019-11-21,16.0,16.059999,15.95,15.99,8195400.0
2019-11-22,15.98,16.01,15.88,15.9,7817900.0
2019-11-25,15.81,15.89,15.77,15.78,8820900.0
2019-11-26,15.82,15.99,15.72,15.99,11241900.0
2019-11-27,15.85,15.9,15.82,15.84,14422300.0
2019-11-29,15.79,15.93,15.76,15.92,6371700.0
2019-12-02,15.8,15.87,15.77,15.8,9176400.0
2019-12-03,16.02,16.08,16.0,16.049999,13075000.0
2019-12-04,15.95,15.95,15.7,15.76,15133700.0
2019-12-05,15.74,15.9,15.74,15.85,9086900.0
2019-12-06,15.61,15.61,15.44,15.48,19251900.0
2019-12-09,15.5,15.54,15.48,15.5,6661200.0
2019-12-10,15.59,15.62,15.52,15.57,5864300.0
2019-12-11,15.59,15.85,15.56,15.75,12812500.0
2019-12-12,15.96,15.96,15.67,15.85,15770000.0
2019-12-13,15.78,15.86,15.74,15.84,11151500.0
2019-12-16,15.89,15.95,15.85,15.91,9578700.0
2019-12-17,15.9,15.93,15.84,15.88,5861100.0
2019-12-18,15.82,15.9,15.82,15.9,4444100.0
2019-12-19,15.87,16.0,15.84,15.94,8032800.0
2019-12-20,16.07,16.12,15.96,16.040001,11676700.0
2019-12-23,16.16,16.3,16.16,16.28,12807100.0
2019-12-24,16.46,16.61,16.45,16.58,11735300.0
2019-12-26,16.78,16.86,16.58,16.73,16455000.0
2019-12-27,16.7,16.79,16.57,16.58,12694400.0
2019-12-30,16.7,16.78,16.67,16.74,10850400.0
2019-12-31,16.77,16.81,16.64,16.68,11183800.0
2020-01-02,16.84,16.9,16.75,16.81,13485100.0
2020-01-03,16.92,16.95,16.8,16.84,13524500.0
2020-01-06,17.17,17.18,16.82,16.94,18059200.0
2020-01-07,16.98,17.21,16.93,17.17,15375800.0
2020-01-08,17.16,17.19,16.86,16.93,29922400.0
2020-01-09,16.72,16.76,16.62,16.72,14782900.0
2020-01-10,16.8,16.96,16.78,16.89,9397800.0
2020-01-13,16.84,16.85,16.73,16.78,10629200.0
2020-01-14,16.6,16.68,16.54,16.62,12168600.0
2020-01-15,16.73,16.85,16.7,16.81,10948900.0
2020-01-16,16.78,16.83,16.72,16.77,8376500.0
2020-01-17,16.83,16.89,16.74,16.82,12339200.0
2020-01-21,16.5,16.71,16.46,16.64,13645100.0
2020-01-22,16.71,16.75,16.62,16.66,7441800.0
2020-01-23,16.58,16.69,16.56,16.61,10803400.0
2020-01-24,16.69,16.95,16.68,16.91,16075000.0
2020-01-27,17.040001,17.059999,16.84,16.89,11885600.0
2020-01-28,16.58,16.61,16.28,16.32,27626300.0
2020-01-29,16.28,16.43,16.27,16.41,9593700.0
2020-01-30,16.73,16.85,16.59,16.68,22673800.0
2020-01-31,16.69,16.9,16.68,16.82,17223400.0
2020-02-03,16.61,16.62,16.43,16.5,17729200.0
2020-02-04,16.52,16.54,16.36,16.45,13522300.0
2020-02-05,16.45,16.48,16.39,16.46,8713900.0
2020-02-06,16.65,16.66,16.55,16.63,10583500.0
2020-02-07,16.61,16.64,16.47,16.54,11066400.0
2020-02-10,16.59,16.66,16.54,16.61,7382700.0
2020-02-11,16.54,16.55,16.4,16.48,10832400.0
2020-02-12,16.35,16.4,16.3,16.33,10358700.0
2020-02-13,16.53,16.55,16.45,16.46,7589200.0
2020-02-14,16.61,16.62,16.54,16.56,8611200.0
2020-02-18,16.78,17.02,16.73,17.01,18474100.0
2020-02-19,17.040001,17.24,16.99,17.23,16491200.0
2020-02-20,17.09,17.2,17.07,17.14,13454300.0
2020-02-21,17.27,17.41,17.24,17.28,18315900.0
2020-02-24,17.56,17.69,17.3,17.4,29339000.0
2020-02-25,17.13,17.2,16.67,16.71,42614700.0
2020-02-26,16.7,16.82,16.6,16.68,22335000.0
2020-02-27,16.79,16.84,16.45,16.47,40098600.0
2020-02-28,15.89,15.89,15.28,15.53,68662300.0
2020-03-02,15.61,15.71,15.53,15.56,29297900.0
2020-03-03,15.73,16.31,15.7,16.02,51453100.0
2020-03-04,16.01,16.11,15.94,16.09,15904600.0
2020-03-05,16.12,16.3,16.1,16.3,16084000.0
2020-03-06,16.24,16.26,15.89,16.18,27540500.0
2020-03-09,15.78,15.95,15.63,15.88,34389000.0
2020-03-10,15.88,15.89,15.69,15.73,26387300.0
2020-03-11,15.8,15.86,15.55,15.63,26548100.0
2020-03-12,15.0,15.13,14.48,14.62,60548700.0
2020-03-13,14.67,14.69,13.47,13.69,66736000.0
2020-03-16,11.83,12.41,11.68,12.0,56056800.0
2020-03-17,11.64,12.38,11.52,11.88,55691200.0
2020-03-18,11.44,11.62,10.86,11.21,63234600.0
2020-03-19,11.34,11.44,11.04,11.32,52642200.0
2020-03-20,11.72,11.93,11.52,11.62,41231800.0
2020-03-23,11.97,12.39,11.87,12.31,47133100.0
2020-03-24,13.23,13.38,12.87,13.29,41209400.0
2020-03-25,13.26,13.65,13.19,13.51,40503400.0
2020-03-26,13.59,13.71,13.35,13.53,35076400.0
2020-03-27,13.51,13.53,13.29,13.44,19555600.0
2020-03-30,13.06,13.27,12.88,13.16,26617500.0
2020-03-31,13.12,13.32,12.95,13.05,23214800.0
2020-04-01,13.0,13.14,12.87,13.02,17824200.0
2020-04-02,13.42,13.59,13.35,13.53,20635400.0
2020-04-03,13.48,13.54,13.33,13.46,15810600.0
2020-04-06,13.57,14.09,13.47,14.03,33922500.0
2020-04-07,14.21,14.23,13.87,13.99,22812200.0
2020-04-08,14.03,14.08,13.87,13.94,14213700.0
2020-04-09,14.31,14.52,14.19,14.34,30312900.0
2020-04-13,14.19,14.49,14.13,14.4,19793700.0
2020-04-14,14.58,14.8,14.46,14.65,25722500.0
2020-04-15,14.49,14.5,14.25,14.49,18239700.0
2020-04-16,14.37,14.51,14.18,14.51,19663900.0
2020-04-17,14.27,14.31,14.07,14.15,17462400.0
2020-04-20,14.2,14.4,14.19,14.26,18226800.0
2020-04-21,13.66,13.92,13.55,13.88,24274300.0
2020-04-22,14.01,14.14,13.93,14.09,19255100.0
2020-04-23,14.25,14.41,14.09,14.21,21764500.0
2020-04-24,14.28,14.33,14.01,14.21,15127500.0
2020-04-27,14.21,14.23,14.01,14.21,11423500.0
2020-04-28,14.19,14.19,13.97,14.1,11221300.0
2020-04-29,14.18,14.36,14.07,14.28,16889500.0
2020-04-30,14.07,14.17,13.76,13.98,26829100.0
2020-05-01,13.9,14.02,13.75,13.92,16724400.0
2020-05-04,13.81,13.88,13.73,13.77,17912800.0
2020-05-05,13.92,14.03,13.82,13.93,16678400.0
2020-05-06,13.95,14.0,13.88,13.92,10596000.0
2020-05-07,14.06,14.4,14.03,14.26,37394800.0
2020-05-08,14.36,14.6,14.35,14.44,31528200.0
2020-05-11,14.5,14.52,14.31,14.44,18529400.0
2020-05-12,14.51,14.58,14.39,14.42,19816600.0
2020-05-13,14.45,14.57,14.38,14.55,19797900.0
2020-05-14,14.49,14.83,14.47,14.81,33095800.0
2020-05-15,15.42,15.61,15.24,15.51,54736200.0
2020-05-18,15.95,16.040001,15.74,15.79,48078100.0
2020-05-19,16.15,16.32,16.08,16.17,48516900.0
2020-05-20,16.27,16.45,16.21,16.36,39047900.0
2020-05-21,16.13,16.15,15.71,15.96,37580300.0
2020-05-22,15.96,16.09,15.92,16.040001,25203400.0
2020-05-26,16.28,16.28,15.86,15.97,30607200.0
2020-05-27,15.75,16.2,15.72,16.15,36109000.0
2020-05-28,16.24,16.34,16.1,16.19,30242900.0
2020-05-29,16.55,16.7,16.49,16.66,42236400.0
2020-06-01,16.86,17.1,16.83,17.1,31234900.0
2020-06-02,17.059999,17.07,16.57,16.84,32202600.0
2020-06-03,16.5,16.56,16.27,16.48,36302900.0
2020-06-04,16.54,16.64,16.36,16.54,20272500.0
2020-06-05,16.18,16.23,16.040001,16.2,27360400.0
2020-06-08,16.35,16.6,16.27,16.59,25594800.0
2020-06-09,16.43,16.57,16.36,16.42,18582700.0
2020-06-10,16.7,16.96,16.36,16.96,40557000.0
2020-06-11,16.75,16.88,16.28,16.44,41000100.0
2020-06-12,16.44,16.55,16.21,16.28,31220600.0
2020-06-15,15.87,16.28,15.79,16.23,28946300.0
2020-06-16,16.2,16.38,16.18,16.26,23368000.0
2020-06-17,16.34,16.41,16.25,16.33,13485700.0
2020-06-18,16.2,16.26,16.12,16.21,15444900.0
2020-06-19,16.43,16.6,16.36,16.49,26968800.0
2020-06-22,16.72,16.81,16.46,16.5,26625400.0
2020-06-23,16.73,16.77,16.64,16.76,25742500.0
2020-06-24,16.36,16.62,16.24,16.28,25976500.0
2020-06-25,16.5,16.61,16.41,16.59,16699800.0
2020-06-26,16.49,16.74,16.29,16.63,26029200.0
2020-06-29,16.58,16.66,16.49,16.65,13861900.0
2020-06-30,16.65,17.01,16.65,17.01,37872900.0
2020-07-01,17.01,17.030001,16.61,16.82,36577100.0
2020-07-02,16.7,16.89,16.67,16.71,18564100.0
2020-07-06,17.08,17.16,16.95,17.049999,24977600.0
2020-07-07,16.93,17.12,16.92,17.01,25945200.0
2020-07-08,17.33,17.49,17.3,17.49,37782400.0
2020-07-09,17.7,17.74,17.22,17.38,40376200.0
2020-07-10,17.49,17.53,17.3,17.43,20454500.0
2020-07-13,17.99,18.08,17.71,17.73,49876300.0
2020-07-14,17.71,18.0,17.67,17.97,35495200.0
2020-07-15,17.89,18.17,17.83,18.17,36148500.0
2020-07-16,17.98,18.059999,17.78,17.78,29567000.0
2020-07-17,17.98,18.07,17.89,18.01,34200100.0
2020-07-20,18.36,18.57,18.23,18.53,41717100.0
2020-07-21,19.52,19.88,19.42,19.67,75095800.0
2020-07-22,20.65,21.45,20.51,21.44,125780300.0
2020-07-23,21.1,21.51,20.72,21.030001,95257100.0
2020-07-24,21.34,21.36,20.93,21.21,49831700.0
2020-07-27,22.56,22.85,22.42,22.83,94894600.0
2020-07-28,22.31,22.97,22.07,22.77,94721800.0
2020-07-29,22.68,23.25,21.71,22.57,83963400.0
2020-07-30,21.7,22.01,21.4,21.76,60066500.0
2020-07-31,22.21,22.67,22.11,22.65,49107700.0
2020-08-03,22.59,22.78,22.38,22.74,40947500.0
2020-08-04,22.7,24.25,22.62,24.25,75735400.0
2020-08-05,25.12,25.28,24.61,25.049999,92505800.0
2020-08-06,26.31,26.9,25.88,26.88,108854600.0
2020-08-07,26.28,26.38,25.48,26.19,123705200.0
2020-08-10,26.59,27.39,26.57,27.0,81732500.0
2020-08-11,25.23,25.52,23.059999,23.33,165630300.0
2020-08-12,24.15,24.42,23.39,23.42,80515000.0
2020-08-13,24.65,25.81,24.57,25.45,95485000.0
2020-08-14,25.11,25.23,23.98,24.58,73263600.0
2020-08-17,25.48,25.67,25.24,25.62,49360400.0
2020-08-18,26.42,26.49,25.23,25.88,58275800.0
2020-08-19,25.94,26.049999,24.7,24.88,72926400.0
2020-08-20,24.93,25.64,24.88,25.61,43984000.0
2020-08-21,24.87,25.02,24.42,24.9,55295500.0
2020-08-24,25.08,25.1,24.52,24.6,37090400.0
2020-08-25,24.73,24.77,24.26,24.76,34800100.0
2020-08-26,24.63,25.57,24.61,25.57,55145500.0
2020-08-27,25.89,25.9,24.68,25.16,63820700.0
2020-08-28,25.61,25.81,25.47,25.61,35855800.0
2020-08-31,26.040001,26.42,25.95,26.23,36721100.0
2020-09-01,26.73,26.75,25.67,26.14,48967200.0
2020-09-02,25.72,25.73,25.2,25.55,43041000.0
2020-09-03,25.39,25.51,24.64,24.74,64081600.0
2020-09-04,24.85,25.14,24.47,25.059999,48439300.0
2020-09-08,24.44,25.09,24.049999,24.75,44508500.0
2020-09-09,24.98,25.25,24.88,25.18,28197200.0
2020-09-10,25.53,25.57,24.84,24.86,47518600.0
2020-09-11,25.030001,25.17,24.73,24.9,27839300.0
2020-09-14,25.13,25.42,25.13,25.29,26044300.0
2020-09-15,25.44,25.5,25.14,25.23,26323700.0
2020-09-16,25.46,25.54,25.0,25.23,36289000.0
2020-09-17,24.65,25.24,24.51,25.23,28618600.0
2020-09-18,24.98,25.26,24.92,24.93,23915500.0
2020-09-21,24.2,24.34,22.059999,23.030001,99141400.0
2020-09-22,22.81,22.98,22.46,22.79,32002300.0
2020-09-23,21.93,22.07,21.02,21.17,98246400.0
2020-09-24,20.58,21.73,20.45,21.56,72093000.0
2020-09-25,21.16,21.54,21.11,21.3,34913100.0
2020-09-28,21.73,22.08,21.5,22.02,31756800.0
2020-09-29,22.24,22.71,22.17,22.5,33327200.0
2020-09-30,22.27,22.38,21.53,21.64,43717700.0
2020-10-01,22.01,22.5,21.76,22.09,35290700.0
2020-10-02,22.25,22.52,22.040001,22.13,25735100.0
2020-10-05,22.32,22.81,22.3,22.62,22288100.0
2020-10-06,22.62,22.73,21.62,21.73,31902000.0
2020-10-07,21.98,22.32,21.89,22.09,18967300.0
2020-10-08,22.39,22.53,22.01,22.18,20342200.0
2020-10-09,22.8,23.42,22.77,23.41,39187400.0
2020-10-12,23.34,23.5,23.059999,23.33,25221700.0
2020-10-13,22.7,22.7,22.27,22.49,42797000.0
2020-10-14,22.8,22.92,22.47,22.54,26307900.0
2020-10-15,22.049999,22.62,22.0,22.59,24000900.0
2020-10-16,22.76,22.81,22.42,22.42,19144100.0
2020-10-19,23.040001,23.07,22.52,22.58,25444600.0
2020-10-20,22.86,23.19,22.81,23.02,26084700.0
2020-10-21,23.31,23.53,23.17,23.29,23803600.0
2020-10-22,23.049999,23.09,22.67,22.96,19961800.0
2020-10-23,23.02,23.030001,22.7,22.94,18614000.0
2020-10-26,22.66,22.81,22.52,22.61,17609200.0
2020-10-27,22.61,22.8,22.51,22.73,15354700.0
2020-10-28,21.82,21.88,21.42,21.78,38142200.0
2020-10-29,21.29,21.94,21.27,21.71,23123500.0
2020-10-30,22.040001,22.12,21.78,21.99,22088900.0
2020-11-02,22.27,22.44,22.09,22.41,18599000.0
2020-11-03,22.63,22.65,22.38,22.44,18196000.0
2020-11-04,22.35,22.5,22.1,22.24,31130600.0
2020-11-05,23.02,23.66,23.0,23.61,57395800.0
2020-11-06,23.92,23.96,23.48,23.79,32804500.0
2020-11-09,22.78,22.79,21.92,22.5,70212000.0
2020-11-10,22.62,22.78,22.4,22.43,25237900.0
2020-11-11,22.23,22.58,22.2,22.52,17925600.0
2020-11-12,22.54,22.7,22.5,22.55,14122400.0
2020-11-13,23.040001,23.09,22.88,22.9,15632800.0
2020-11-16,22.87,23.1,22.82,23.02,19862900.0
2020-11-17,22.85,22.9,22.65,22.74,15381500.0
2020-11-18,22.72,22.98,22.54,22.55,16177200.0
2020-11-19,22.12,22.45,22.08,22.42,14985300.0
2020-11-20,22.71,22.81,22.47,22.49,15523500.0
2020-11-23,22.36,22.37,21.78,21.93,30528400.0
2020-11-24,21.5,21.69,21.41,21.63,31397000.0
2020-11-25,21.72,21.85,21.64,21.72,13571300.0
2020-11-27,20.95,21.17,20.91,21.049999,19804400.0
2020-11-30,20.67,21.09,20.6,21.049999,20580000.0
2020-12-01,21.93,22.37,21.85,22.3,32621000.0
2020-12-02,22.1,22.39,21.98,22.33,19383700.0
2020-12-03,22.34,22.44,22.07,22.43,18680400.0
2020-12-04,22.41,22.59,22.25,22.48,20904000.0
2020-12-07,22.26,23.040001,22.25,22.82,28112500.0
2020-12-08,22.92,23.12,22.73,22.82,16554600.0
2020-12-09,22.54,22.57,21.93,22.23,31349900.0
2020-12-10,22.38,22.58,22.19,22.32,13565700.0
2020-12-11,22.23,22.43,22.19,22.26,10762000.0
2020-12-14,22.35,22.53,22.12,22.16,16111100.0
2020-12-15,22.66,22.83,22.6,22.8,17245200.0
2020-12-16,23.22,23.65,22.96,23.62,45978800.0
2020-12-17,24.09,24.27,23.95,24.15,39546200.0
2020-12-18,24.02,24.13,23.87,23.96,29676300.0
2020-12-21,24.12,24.5,24.1,24.38,44728900.0
2020-12-22,24.02,24.13,23.31,23.43,41845300.0
2020-12-23,23.7,23.98,23.68,23.8,24702500.0
2020-12-24,23.72,24.030001,23.68,23.96,10558600.0
2020-12-28,24.67,24.84,24.37,24.43,29575600.0
2020-12-29,24.36,24.53,24.11,24.39,23871500.0
2020-12-30,24.42,24.77,24.37,24.76,18836200.0
2020-12-31,24.61,24.73,24.37,24.57,24639700.0
2021-01-04,25.54,25.61,24.87,25.35,54026000.0
2021-01-05,25.46,25.74,25.28,25.67,32882000.0
2021-01-06,25.34,25.4,24.72,25.34,54978700.0
2021-01-07,25.22,25.37,25.049999,25.26,27335800.0
2021-01-08,24.73,24.76,22.74,23.51,107226800.0
2021-01-11,22.95,23.49,22.92,23.21,42339700.0
2021-01-12,23.55,23.83,23.38,23.72,28423100.0
2021-01-13,23.58,23.74,23.38,23.44,23619500.0
2021-01-14,23.61,24.07,23.59,23.71,35838300.0
2021-01-15,23.17,23.36,22.84,22.95,41576400.0
2021-01-19,23.48,23.52,23.22,23.38,26077100.0
2021-01-20,23.65,24.049999,23.62,24.01,26653500.0
2021-01-21,24.01,24.21,23.84,24.15,19571500.0
2021-01-22,23.52,23.78,23.38,23.66,19320600.0
2021-01-25,23.84,23.89,23.37,23.55,22030500.0
2021-01-26,23.65,23.83,23.55,23.65,13923900.0
2021-01-27,23.34,23.62,22.94,23.42,36774400.0
2021-01-28,24.53,25.1,23.83,24.72,152066900.0
2021-01-29,25.31,25.48,24.78,24.99,113552000.0
2021-02-01,27.76,27.98,26.1,26.76,280615000.0
2021-02-02,25.54,25.55,24.41,24.54,124327400.0
2021-02-03,25.0,25.1,24.79,24.93,54593300.0
2021-02-04,24.38,24.54,24.059999,24.48,51529200.0
2021-02-05,24.74,25.14,24.65,24.95,33704000.0
2021-02-08,25.51,25.63,25.37,25.39,40683200.0
2021-02-09,25.56,25.62,25.14,25.28,31182500.0
2021-02-10,25.44,25.46,24.91,25.07,36120100.0
2021-02-11,25.26,25.34,24.91,25.09,29925500.0
2021-02-12,25.13,25.49,25.049999,25.31,24872400.0
2021-02-16,25.16,25.7,25.049999,25.26,45946600.0
2021-02-17,25.16,25.44,24.93,25.4,32220600.0
2021-02-18,25.23,25.38,24.95,25.059999,22250900.0
2021-02-19,25.42,25.62,25.2,25.26,39603400.0
2021-02-22,25.49,26.28,25.43,26.27,55307700.0
2021-02-23,25.83,25.85,25.29,25.71,40191400.0
2021-02-24,25.48,25.97,25.37,25.94,24093100.0
2021-02-25,25.81,26.02,25.4,25.4,38674000.0
2021-02-26,25.0,25.01,24.27,24.66,54587100.0
2021-03-01,24.96,25.040001,24.55,24.6,35637500.0
2021-03-02,24.5,24.99,24.44,24.8,29101900.0
2021-03-03,24.31,24.61,23.99,24.28,41733400.0
2021-03-04,24.11,24.43,23.27,23.56,63992600.0
2021-03-05,23.59,23.59,23.049999,23.36,30560500.0
2021-03-08,23.43,23.57,23.28,23.32,18703100.0
2021-03-09,24.040001,24.27,24.01,24.049999,29024000.0
2021-03-10,24.18,24.35,24.030001,24.32,20388800.0
2021-03-11,24.18,24.33,23.98,24.25,23587800.0
2021-03-12,23.64,24.08,23.57,24.030001,23409800.0
2021-03-15,24.27,24.41,24.13,24.33,21915600.0
2021-03-16,24.07,24.28,23.98,24.1,19951200.0
2021-03-17,24.12,24.63,24.040001,24.42,45692600.0
2021-03-18,24.0,24.47,23.99,24.1,40297600.0
2021-03-19,24.26,24.38,24.12,24.31,22871500.0
2021-03-22,23.79,23.96,23.71,23.94,23781000.0
2021-03-23,23.49,23.54,23.21,23.22,28806800.0
2021-03-24,23.47,23.51,23.22,23.24,18289600.0
2021-03-25,23.08,23.38,23.030001,23.29,29613100.0
2021-03-26,23.2,23.31,23.09,23.23,14587600.0
2021-03-29,23.09,23.14,22.7,22.91,27664900.0
2021-03-30,22.44,22.49,22.13,22.26,31973600.0
2021-03-31,22.31,22.76,22.26,22.7,24331300.0
2021-04-01,22.87,23.15,22.8,23.15,21555400.0
2021-04-05,23.040001,23.2,22.89,23.09,13959600.0
2021-04-06,23.28,23.48,23.25,23.34,18963100.0
2021-04-07,23.25,23.47,23.2,23.33,12932700.0
2021-04-08,23.68,23.78,23.58,23.62,16756100.0
2021-04-09,23.29,23.49,23.25,23.41,15692800.0
2021-04-12,23.28,23.32,22.93,23.040001,22788400.0
2021-04-13,23.51,23.66,23.47,23.51,18876600.0
2021-04-14,23.43,23.65,23.43,23.59,11107100.0
2021-04-15,23.78,24.13,23.76,24.030001,29376600.0
2021-04-16,24.2,24.22,24.059999,24.09,20854500.0
2021-04-19,23.93,24.049999,23.79,23.98,16333300.0
2021-04-20,23.9,24.22,23.9,23.96,20911600.0
2021-04-21,24.15,24.74,24.12,24.7,32992900.0
2021-04-22,24.43,24.47,24.11,24.21,25916400.0
2021-04-23,24.33,24.39,23.98,24.14,18439900.0
2021-04-26,24.33,24.33,24.18,24.3,11054500.0
2021-04-27,24.45,24.53,24.35,24.39,12866200.0
2021-04-28,24.1,24.4,23.97,24.4,20534500.0
2021-04-29,24.22,24.27,23.86,24.25,23251500.0
2021-04-30,24.21,24.27,23.95,24.01,16806800.0
2021-05-03,24.61,25.049999,24.51,24.96,36331500.0
2021-05-04,25.0,25.16,24.21,24.57,37719400.0
2021-05-05,24.5,24.6,24.47,24.57,7161100.0
2021-05-06,24.9,25.48,24.9,25.37,32473600.0
2021-05-07,25.28,25.5,25.17,25.47,25364400.0
2021-05-10,25.8,25.87,25.26,25.35,28424200.0
2021-05-11,25.23,25.67,25.19,25.67,23444100.0
2021-05-12,25.4,25.57,25.049999,25.09,35338100.0
2021-05-13,24.97,25.19,24.92,25.16,25131000.0
2021-05-14,25.39,25.5,25.29,25.46,22955700.0
2021-05-17,25.56,26.25,25.55,26.19,41874700.0
2021-05-18,26.37,26.39,25.98,26.15,28338900.0
2021-05-19,25.69,26.2,25.49,25.73,43585700.0
2021-05-20,25.81,25.98,25.65,25.79,20364600.0
2021-05-21,25.98,25.99,25.23,25.53,31146300.0
2021-05-24,25.73,25.89,25.65,25.75,15601800.0
2021-05-25,25.53,26.01,25.51,25.99,24282100.0
2021-05-26,25.87,25.96,25.6,25.67,23720300.0
2021-05-27,25.67,25.87,25.53,25.85,18584800.0
2021-05-28,25.63,25.95,25.62,25.9,22529800.0
2021-06-01,26.38,26.43,25.83,25.84,26118400.0
2021-06-02,25.96,26.15,25.89,26.15,14522800.0
2021-06-03,25.44,25.49,25.07,25.46,31455700.0
2021-06-04,25.72,25.83,25.7,25.78,19065400.0
2021-06-07,25.8,25.93,25.72,25.9,17188700.0
2021-06-08,25.72,25.8,25.51,25.61,23460100.0
2021-06-09,25.83,25.97,25.72,25.78,21620900.0
2021-06-10,25.74,26.01,25.66,25.97,24057200.0
2021-06-11,26.14,26.21,25.87,25.87,24834400.0
2021-06-14,25.59,25.99,25.56,25.84,22004400.0
2021-06-15,25.68,25.71,25.41,25.65,18546700.0
2021-06-16,25.72,25.81,25.25,25.26,41137100.0
2021-06-17,24.36,24.47,23.89,24.049999,74182600.0
2021-06-18,24.09,24.22,23.87,23.88,34088200.0
2021-06-21,24.08,24.14,23.95,24.08,20624800.0
2021-06-22,23.96,24.0,23.84,23.85,17654500.0
2021-06-23,24.049999,24.38,23.91,23.93,18042000.0
2021-06-24,24.2,24.27,23.98,24.040001,20312400.0
2021-06-25,24.33,24.33,24.08,24.18,12456400.0
2021-06-28,24.23,24.31,24.16,24.21,13712200.0
2021-06-29,23.85,23.97,23.75,23.89,19437900.0
2021-06-30,23.99,24.25,23.95,24.22,19309700.0
2021-07-01,24.34,24.36,24.059999,24.11,14288000.0
2021-07-02,24.48,24.63,24.3,24.55,21322000.0
2021-07-06,24.65,24.69,24.11,24.23,23825300.0
2021-07-07,24.39,24.44,24.08,24.24,24910700.0
2021-07-08,24.24,24.26,23.92,24.01,22355000.0
2021-07-09,24.07,24.29,24.049999,24.19,11456600.0
2021-07-12,24.2,24.34,24.049999,24.28,13849900.0
2021-07-13,24.15,24.31,24.049999,24.08,16394600.0
2021-07-14,24.51,24.53,24.15,24.33,26679000.0
2021-07-15,24.38,24.44,24.28,24.38,13954900.0
2021-07-16,24.16,24.23,23.72,23.77,32457000.0
2021-07-19,23.47,23.51,23.18,23.29,36393400.0
2021-07-20,23.24,23.35,23.0,23.14,25553500.0
2021-07-21,23.19,23.46,23.18,23.42,17069000.0
2021-07-22,23.32,23.6,23.18,23.56,14275000.0
2021-07-23,23.35,23.41,23.17,23.35,13999100.0
2021-07-26,23.35,23.45,23.32,23.36,11047700.0
2021-07-27,23.3,23.31,22.69,22.96,27749000.0
2021-07-28,22.9,23.18,22.81,23.17,19356600.0
2021-07-29,23.64,23.91,23.64,23.72,28655100.0
2021-07-30,23.67,23.74,23.49,23.63,13908400.0
2021-08-02,23.47,23.67,23.47,23.53,14364300.0
2021-08-03,23.66,23.72,23.56,23.68,11872500.0
2021-08-04,24.02,24.07,23.46,23.54,23504500.0
2021-08-05,23.55,23.57,23.24,23.3,14401700.0
2021-08-06,22.67,22.69,22.42,22.52,35763900.0
2021-08-09,22.09,22.16,21.53,21.75,44597700.0
2021-08-10,21.6,21.76,21.55,21.62,17390800.0
2021-08-11,21.77,21.86,21.63,21.84,15281500.0
2021-08-12,21.63,21.63,21.32,21.5,17854300.0
2021-08-13,21.76,22.09,21.7,21.97,20165300.0
2021-08-16,22.0,22.15,21.89,22.1,13542400.0
2021-08-17,22.030001,22.15,21.84,21.9,17660400.0
2021-08-18,21.88,21.88,21.58,21.76,19311700.0
2021-08-19,21.67,21.69,21.43,21.51,16659700.0
2021-08-20,21.45,21.54,21.2,21.35,16170000.0
2021-08-23,21.85,21.95,21.72,21.88,17623900.0
2021-08-24,22.1,22.2,21.98,22.08,17851300.0
2021-08-25,22.08,22.13,21.84,22.09,15318900.0
2021-08-26,21.9,21.98,21.71,21.85,15730700.0
2021-08-27,21.71,22.35,21.62,22.33,38222000.0
2021-08-30,22.35,22.38,22.15,22.26,12848400.0
2021-08-31,22.31,22.38,22.049999,22.14,17200000.0
2021-09-01,22.36,22.48,22.31,22.37,17441700.0
2021-09-02,22.27,22.27,22.040001,22.14,16640000.0
2021-09-03,22.6,23.040001,22.54,22.88,28096100.0
2021-09-07,22.67,22.75,22.38,22.51,22419700.0
2021-09-08,22.47,22.49,22.14,22.17,23791200.0
2021-09-09,22.44,22.45,22.17,22.27,18791200.0
2021-09-10,22.31,22.38,21.99,21.99,17930300.0
2021-09-13,21.8,22.1,21.77,21.99,18019700.0
2021-09-14,22.040001,22.19,21.87,22.1,19070100.0
2021-09-15,22.059999,22.15,21.95,22.07,13448200.0
2021-09-16,21.34,21.35,20.93,21.25,52910400.0
2021-09-17,20.99,21.01,20.68,20.74,44713900.0
2021-09-20,20.64,20.85,20.52,20.59,24491900.0
2021-09-21,20.87,21.049999,20.72,20.84,23205400.0
2021-09-22,21.09,21.44,20.92,20.99,46929100.0
2021-09-23,20.94,21.049999,20.88,20.91,22303100.0
2021-09-24,20.51,20.83,20.48,20.71,23093600.0
2021-09-27,20.97,21.16,20.88,20.94,17405500.0
2021-09-28,20.83,20.88,20.59,20.78,29154800.0
2021-09-29,20.15,20.23,19.83,19.95,56579700.0
2021-09-30,20.19,20.59,20.14,20.52,61442900.0
2021-10-01,20.81,20.92,20.68,20.83,29866000.0
2021-10-04,20.76,21.030001,20.7,20.98,25183900.0
2021-10-05,20.84,20.98,20.71,20.92,21548900.0
2021-10-06,20.75,21.01,20.65,20.96,22553300.0
2021-10-07,20.79,21.1,20.78,20.9,19484300.0
2021-10-08,21.39,21.44,20.94,20.95,33300400.0
2021-10-11,20.97,21.13,20.88,20.88,15152000.0
2021-10-12,20.85,21.09,20.8,20.93,23052100.0
2021-10-13,21.09,21.53,21.08,21.33,37984700.0
2021-10-14,21.62,21.84,21.49,21.8,28993800.0
2021-10-15,21.59,21.7,21.47,21.58,23904000.0
2021-10-18,21.57,21.58,21.3,21.49,16090900.0
2021-10-19,22.23,22.31,21.85,21.89,39515000.0
2021-10-20,22.2,22.61,22.12,22.53,31563900.0
2021-10-21,22.37,22.44,22.22,22.35,15172900.0
2021-10-22,22.59,22.98,22.39,22.54,39030000.0
2021-10-25,22.65,22.79,22.55,22.74,14958300.0
2021-10-26,22.38,22.4,22.1,22.37,21431500.0
2021-10-27,22.35,22.46,22.17,22.29,19097700.0
2021-10-28,22.37,22.45,22.17,22.27,12812500.0
2021-10-29,22.07,22.15,21.89,22.09,19160400.0
2021-11-01,22.24,22.31,22.14,22.23,17311100.0
2021-11-02,21.93,21.95,21.64,21.8,24915000.0
2021-11-03,21.41,21.84,21.31,21.81,37161000.0
2021-11-04,22.1,22.26,21.98,22.0,27818200.0
2021-11-05,22.25,22.36,22.030001,22.35,22311000.0
2021-11-08,22.54,22.69,22.46,22.65,16458800.0
2021-11-09,22.52,22.63,22.23,22.53,18973700.0
2021-11-10,23.15,23.26,22.69,22.87,46183400.0
2021-11-11,23.22,23.38,23.17,23.35,23239900.0
2021-11-12,23.18,23.5,23.13,23.42,24315800.0
2021-11-15,23.19,23.31,23.049999,23.24,20072200.0
2021-11-16,23.15,23.29,22.91,22.96,21687300.0
2021-11-17,23.22,23.33,23.09,23.17,15596200.0
2021-11-18,23.02,23.11,22.92,22.96,12880600.0
2021-11-19,23.0,23.12,22.72,22.75,23754300.0
2021-11-22,22.67,22.77,22.3,22.34,26721800.0
2021-11-23,21.71,21.93,21.53,21.92,32566000.0
2021-11-24,21.73,21.83,21.67,21.79,20225400.0
2021-11-26,21.79,21.79,21.2,21.37,23137100.0
2021-11-29,21.31,21.37,21.049999,21.16,22115700.0
2021-11-30,21.2,21.57,20.99,21.059999,29616200.0
2021-12-01,20.98,21.08,20.52,20.57,41829500.0
2021-12-02,20.74,20.76,20.55,20.69,25783200.0
2021-12-03,20.71,20.87,20.38,20.85,22835100.0
2021-12-06,20.54,20.76,20.47,20.71,18193200.0
2021-12-07,20.68,20.91,20.67,20.81,18763300.0
2021-12-08,20.7,20.8,20.63,20.76,14075400.0
2021-12-09,20.46,20.49,20.27,20.3,23767500.0
2021-12-10,20.52,20.54,20.4,20.5,17760800.0
2021-12-13,20.65,20.74,20.59,20.61,16422300.0
2021-12-14,20.13,20.35,20.09,20.31,19912400.0
2021-12-15,20.17,20.47,19.8,20.41,44633700.0
2021-12-16,20.61,20.84,20.6,20.79,26368200.0
2021-12-17,20.85,20.91,20.68,20.68,19873600.0
2021-12-20,20.6,20.66,20.52,20.57,12493200.0
2021-12-21,20.88,20.93,20.74,20.77,11231500.0
2021-12-22,20.98,21.12,20.86,21.1,16909900.0
2021-12-23,21.1,21.21,20.95,21.16,12824500.0
2021-12-27,21.19,21.38,21.16,21.33,15165500.0
2021-12-28,21.41,21.51,21.25,21.27,14845500.0
2021-12-29,20.9,21.15,20.89,21.11,11755700.0
2021-12-30,21.21,21.37,21.2,21.34,11646600.0
2021-12-31,21.5,21.59,21.37,21.51,15618500.0
2022-01-03,21.040001,21.25,20.97,21.18,18043600.0
2022-01-04,21.23,21.37,21.19,21.32,12946900.0
2022-01-05,21.39,21.51,21.0,21.0,22571400.0
2022-01-06,20.38,20.63,20.35,20.51,27161100.0
2022-01-07,20.52,20.75,20.37,20.62,23522200.0
2022-01-10,20.6,20.83,20.57,20.76,17015100.0
2022-01-11,20.84,21.09,20.77,21.049999,23681500.0
2022-01-12,21.18,21.48,21.17,21.45,23394800.0
2022-01-13,21.45,21.48,21.26,21.33,25395100.0
2022-01-14,21.24,21.33,21.1,21.2,22448800.0
2022-01-18,21.63,21.85,21.53,21.69,33206300.0
2022-01-19,22.01,22.39,21.95,22.37,43721600.0
2022-01-20,22.66,22.84,22.56,22.62,44986900.0
2022-01-21,22.69,22.71,22.34,22.38,40713800.0
2022-01-24,22.02,22.15,21.78,22.11,37822400.0
2022-01-25,21.83,22.17,21.81,22.02,30586800.0
2022-01-26,21.88,22.12,21.66,21.72,42075700.0
2022-01-27,21.07,21.3,20.87,21.02,45559800.0
2022-01-28,20.78,20.9,20.48,20.71,29449400.0
2022-01-31,20.75,20.85,20.66,20.8,19718300.0
2022-02-01,21.17,21.25,20.82,20.94,34540500.0
2022-02-02,20.96,21.1,20.77,20.93,19816500.0
2022-02-03,20.7,20.82,20.34,20.71,28800600.0
2022-02-04,20.66,20.96,20.66,20.79,24572200.0
2022-02-07,21.14,21.36,21.09,21.27,22888000.0
2022-02-08,21.27,21.5,21.23,21.45,16005800.0
2022-02-09,21.44,21.59,21.36,21.53,17908300.0
2022-02-10,21.53,21.92,21.41,21.42,36468000.0
2022-02-11,21.3,21.9,21.28,21.83,47248800.0
2022-02-14,22.049999,22.13,21.92,22.049999,27999300.0
2022-02-15,21.41,21.65,21.32,21.61,26993200.0
2022-02-16,21.61,21.88,21.61,21.87,24804900.0
2022-02-17,21.89,22.11,21.84,22.040001,33941000.0
2022-02-18,22.15,22.24,22.059999,22.12,23016900.0
2022-02-22,22.39,22.52,22.29,22.31,38336300.0
2022-02-23,22.4,22.73,22.39,22.73,35427200.0
2022-02-24,23.39,23.4,22.030001,22.31,85973300.0
2022-02-25,22.18,22.42,22.059999,22.4,37032300.0
2022-02-28,22.71,22.72,22.36,22.62,42783700.0
2022-03-01,22.84,23.61,22.84,23.54,60537600.0
2022-03-02,23.21,23.46,23.040001,23.37,56523200.0
2022-03-03,23.3,23.34,23.07,23.29,44272400.0
2022-03-04,23.39,23.79,23.35,23.64,61566100.0
2022-03-07,23.54,23.77,23.43,23.7,51534300.0
2022-03-08,24.27,24.9,24.0,24.45,114432100.0
2022-03-09,23.95,24.17,23.48,23.8,58012900.0
2022-03-10,24.0,24.09,23.72,24.01,37767600.0
2022-03-11,23.75,24.030001,23.68,23.87,32083100.0
2022-03-14,23.37,23.37,23.030001,23.16,31301100.0
2022-03-15,22.87,23.15,22.75,23.0,25150000.0
2022-03-16,22.97,23.15,22.6,23.11,32895300.0
2022-03-17,23.34,23.6,23.33,23.33,24339600.0
2022-03-18,23.13,23.26,22.94,23.02,23821900.0
2022-03-21,23.059999,23.38,23.049999,23.28,26595700.0
2022-03-22,22.95,22.98,22.7,22.88,18807000.0
2022-03-23,23.12,23.29,22.96,23.24,20826700.0
2022-03-24,23.58,23.89,23.55,23.61,32930600.0
2022-03-25,23.48,23.57,23.32,23.48,17899400.0
2022-03-28,23.13,23.23,22.9,22.93,21405200.0
2022-03-29,22.35,22.94,22.21,22.91,30815100.0
2022-03-30,22.98,23.16,22.91,22.94,25616600.0
2022-03-31,23.11,23.19,22.86,22.88,27145300.0
2022-04-01,22.59,22.92,22.57,22.74,47311800.0
2022-04-04,22.67,22.82,22.43,22.63,34757100.0
2022-04-05,22.9,23.040001,22.36,22.36,42303300.0
2022-04-06,22.53,22.7,22.38,22.57,32631200.0
2022-04-07,22.44,22.79,22.39,22.7,33647600.0
2022-04-08,22.57,22.92,22.56,22.82,30242700.0
2022-04-11,23.4,23.41,22.91,23.15,40735800.0
2022-04-12,23.4,23.66,23.23,23.47,40646600.0
2022-04-13,23.67,23.86,23.59,23.75,32672500.0
2022-04-14,23.6,23.68,23.37,23.64,31607200.0
2022-04-18,24.040001,24.16,23.82,23.87,45390300.0
2022-04-19,23.58,23.63,23.14,23.24,35867300.0
2022-04-20,23.1,23.3,23.08,23.28,23415500.0
2022-04-21,22.93,22.94,22.55,22.79,37513500.0
2022-04-22,22.36,22.53,22.27,22.31,32779500.0
2022-04-25,21.81,21.92,21.65,21.83,38780900.0
2022-04-26,21.84,21.94,21.6,21.65,30841200.0
2022-04-27,21.76,21.82,21.46,21.49,30704200.0
2022-04-28,21.23,21.45,21.19,21.42,28124600.0
2022-04-29,21.32,21.44,20.99,21.040001,32119200.0
2022-05-02,20.63,21.02,20.42,20.87,38907800.0
2022-05-03,20.85,21.09,20.77,20.83,29437700.0
2022-05-04,20.71,21.3,20.51,21.28,53388000.0
2022-05-05,21.32,21.33,20.6,20.78,38950600.0
2022-05-06,20.71,20.85,20.56,20.66,36791400.0
2022-05-09,20.38,20.4,20.01,20.030001,40850900.0
2022-05-10,20.29,20.33,19.54,19.55,48854500.0
2022-05-11,20.08,20.28,19.85,19.87,35527500.0
2022-05-12,19.5,19.53,19.02,19.12,35998000.0
2022-05-13,19.059999,19.47,19.01,19.42,32770800.0
2022-05-16,19.63,20.02,19.62,19.93,36114000.0
2022-05-17,20.01,20.1,19.86,19.92,23772600.0
2022-05-18,19.93,19.97,19.72,19.73,22132300.0
2022-05-19,20.11,20.3,20.1,20.27,24877300.0
2022-05-20,20.16,20.21,19.94,20.07,19639300.0
2022-05-23,20.21,20.25,20.0,20.1,17547600.0
2022-05-24,20.28,20.5,20.24,20.39,22182500.0
2022-05-25,20.21,20.36,20.13,20.34,18273500.0
2022-05-26,20.14,20.38,20.13,20.31,14581000.0
2022-05-27,20.62,20.65,20.33,20.36,22191600.0
2022-05-31,20.16,20.28,19.84,19.84,29473000.0
2022-06-01,20.19,20.28,19.99,20.13,25934500.0
2022-06-02,20.35,20.6,20.35,20.59,21958300.0
2022-06-03,20.53,20.58,20.15,20.23,21579000.0
2022-06-06,20.61,20.64,20.32,20.37,18624300.0
2022-06-07,20.27,20.57,20.23,20.52,17528900.0
2022-06-08,20.36,20.5,20.28,20.35,15871300.0
2022-06-09,20.28,20.3,19.88,19.97,22778300.0
2022-06-10,19.79,20.3,19.66,20.19,32953700.0
2022-06-13,19.69,19.71,19.34,19.5,44676100.0
2022-06-14,19.56,19.59,19.28,19.37,23906600.0
2022-06-15,19.9,20.16,19.67,19.96,42638700.0
2022-06-16,19.93,20.27,19.82,20.24,27706400.0
2022-06-17,20.1,20.14,19.9,19.98,20090000.0
2022-06-21,20.09,20.25,19.96,19.98,19273900.0
2022-06-22,19.82,19.93,19.7,19.76,21420700.0
2022-06-23,19.74,19.84,19.29,19.37,29995400.0
2022-06-24,19.27,19.58,19.15,19.51,16678500.0
2022-06-27,19.69,19.7,19.47,19.49,15467000.0
2022-06-28,19.52,19.53,19.18,19.19,18319400.0
2022-06-29,19.26,19.29,19.030001,19.14,15636300.0
2022-06-30,18.99,19.08,18.64,18.64,33205700.0
2022-07-01,18.1,18.38,17.99,18.31,42504300.0
2022-07-05,18.030001,18.09,17.59,17.73,35121200.0
2022-07-06,17.8,17.85,17.48,17.69,27849900.0
2022-07-07,17.81,17.98,17.7,17.75,17741800.0
2022-07-08,17.8,17.94,17.63,17.79,14195800.0
2022-07-11,17.71,17.83,17.58,17.58,20437900.0
2022-07-12,17.5,17.65,17.41,17.44,17349300.0
2022-07-13,17.5,17.9,17.42,17.69,27337000.0
2022-07-14,16.91,17.059999,16.73,17.0,33596000.0
2022-07-15,17.15,17.26,16.99,17.19,20381300.0
2022-07-18,17.44,17.54,17.19,17.22,20458800.0
2022-07-19,17.3,17.39,17.27,17.29,24751100.0
2022-07-20,17.58,17.62,17.19,17.19,18738600.0
2022-07-21,17.07,17.4,17.059999,17.4,20773900.0
2022-07-22,17.28,17.48,17.07,17.14,24517600.0
2022-07-25,17.059999,17.08,16.88,16.98,25644400.0
2022-07-26,17.16,17.26,17.11,17.16,28040100.0
2022-07-27,17.17,17.65,17.01,17.6,37994300.0
2022-07-28,18.16,18.44,18.059999,18.43,31578200.0
2022-07-29,18.43,18.73,18.34,18.7,17388900.0
2022-08-01,18.72,18.85,18.65,18.79,25229200.0
2022-08-02,18.73,18.83,18.4,18.41,27922100.0
2022-08-03,18.45,18.54,18.3,18.49,15163900.0
2022-08-04,18.47,18.69,18.4,18.64,14091100.0
2022-08-05,18.16,18.44,18.11,18.33,15896200.0
2022-08-08,18.77,19.11,18.74,19.030001,20739800.0
2022-08-09,19.02,19.07,18.83,18.93,20591600.0
2022-08-10,19.0,19.22,18.91,18.95,27189100.0
2022-08-11,18.87,18.99,18.66,18.67,16253800.0
2022-08-12,18.82,19.21,18.81,19.17,16767400.0
2022-08-15,18.67,18.8,18.55,18.68,19897300.0
2022-08-16,18.5,18.64,18.49,18.57,20876800.0
2022-08-17,18.36,18.42,18.15,18.25,23675400.0
2022-08-18,18.29,18.35,17.96,18.040001,20007500.0
2022-08-19,17.76,17.78,17.53,17.55,19196700.0
2022-08-22,17.47,17.6,17.32,17.5,21747500.0
2022-08-23,17.4,17.77,17.4,17.62,20127000.0
2022-08-24,17.51,17.73,17.47,17.63,16954800.0
2022-08-25,17.72,17.77,17.61,17.73,16618700.0
2022-08-26,17.82,17.91,17.35,17.36,19412700.0
2022-08-29,17.24,17.43,17.22,17.29,18893500.0
2022-08-30,17.22,17.23,16.92,16.96,21271900.0
2022-08-31,16.7,16.82,16.58,16.58,18799800.0
2022-09-01,16.39,16.48,16.19,16.38,18413800.0
2022-09-02,16.63,16.86,16.48,16.57,15875200.0
2022-09-06,16.82,16.86,16.53,16.54,10812400.0
2022-09-07,16.64,17.02,16.61,17.0,15468400.0
2022-09-08,17.059999,17.13,16.88,17.030001,13095400.0
2022-09-09,17.13,17.39,17.11,17.32,9813500.0
2022-09-12,18.17,18.43,17.99,18.17,30176800.0
2022-09-13,18.040001,18.2,17.82,17.83,20777200.0
2022-09-14,18.059999,18.15,17.92,18.0,16309300.0
2022-09-15,17.86,18.049999,17.61,17.63,17477300.0
2022-09-16,17.57,18.08,17.45,17.99,21175800.0
2022-09-19,17.72,18.0,17.7,17.99,16756500.0
2022-09-20,17.66,17.78,17.56,17.73,10478800.0
2022-09-21,18.02,18.36,17.82,18.059999,36671600.0
2022-09-22,18.13,18.18,17.9,18.09,12553400.0
2022-09-23,17.64,17.65,17.3,17.36,23917100.0
2022-09-26,17.37,17.54,16.89,16.92,19179200.0
2022-09-27,17.16,17.3,16.87,16.9,18080200.0
2022-09-28,16.99,17.49,16.99,17.45,22513400.0
2022-09-29,17.28,17.38,17.030001,17.37,16727300.0
2022-09-30,17.41,17.77,17.4,17.5,14446100.0
2022-10-03,18.47,19.1,18.4,19.1,40558200.0
2022-10-04,19.3,19.56,19.21,19.36,22227800.0
2022-10-05,18.69,19.11,18.37,18.99,23878400.0
2022-10-06,18.86,19.059999,18.75,19.040001,11261200.0
2022-10-07,18.79,18.88,18.42,18.5,24621100.0
2022-10-10,18.21,18.24,17.98,18.09,17979100.0
2022-10-11,17.89,18.08,17.56,17.68,23821900.0
2022-10-12,17.53,17.68,17.37,17.59,21216900.0
2022-10-13,17.14,17.52,17.040001,17.39,26705300.0
2022-10-14,17.18,17.2,16.66,16.81,24627300.0
2022-10-17,17.33,17.45,17.11,17.12,17937400.0
2022-10-18,17.36,17.41,17.08,17.23,11236300.0
2022-10-19,16.99,17.08,16.91,17.01,9941300.0
2022-10-20,17.059999,17.5,17.030001,17.17,17615600.0
2022-10-21,17.21,17.78,17.13,17.76,28680300.0
2022-10-24,17.66,17.77,17.51,17.68,12953800.0
2022-10-25,17.71,17.9,17.7,17.86,13857100.0
2022-10-26,17.9,18.12,17.9,17.98,17092700.0
2022-10-27,18.02,18.1,17.89,17.98,14108100.0
2022-10-28,17.7,17.85,17.49,17.74,10708900.0
2022-10-31,17.46,17.72,17.41,17.62,10005000.0
2022-11-01,18.32,18.37,17.94,18.049999,20107600.0
2022-11-02,18.24,18.49,17.73,17.73,24802300.0
2022-11-03,17.46,18.0,17.44,17.94,19125300.0
2022-11-04,18.74,19.26,18.67,19.26,34818900.0
2022-11-07,19.22,19.34,19.13,19.15,12869700.0
2022-11-08,19.26,19.91,19.21,19.7,31329600.0
2022-11-09,19.66,19.9,19.33,19.36,17422800.0
2022-11-10,19.98,20.07,19.76,19.97,21968300.0
2022-11-11,19.76,19.95,19.66,19.95,12472200.0
2022-11-14,19.95,20.33,19.93,20.24,14503000.0
2022-11-15,20.08,20.11,19.7,19.88,23955400.0
2022-11-16,19.95,20.0,19.7,19.74,10180600.0
2022-11-17,19.25,19.33,19.13,19.29,12895400.0
2022-11-18,19.31,19.46,19.18,19.25,15315800.0
2022-11-21,19.21,19.25,19.02,19.2,10468100.0
2022-11-22,19.43,19.52,19.25,19.43,10140100.0
2022-11-23,19.53,19.88,19.5,19.81,12773600.0
2022-11-25,19.59,19.76,19.56,19.72,7784800.0
2022-11-28,19.66,19.69,19.2,19.26,20269200.0
2022-11-29,19.5,19.75,19.5,19.56,11253000.0
2022-11-30,20.12,20.43,19.81,20.43,26502100.0
2022-12-01,20.63,20.98,20.59,20.98,24949600.0
2022-12-02,20.73,21.39,20.67,21.29,23150100.0
2022-12-05,20.91,20.95,20.4,20.44,24402700.0
2022-12-06,20.62,20.75,20.27,20.44,16489600.0
2022-12-07,20.67,21.01,20.66,20.92,22573400.0
2022-12-08,21.32,21.37,21.14,21.21,17948300.0
2022-12-09,21.45,21.8,21.26,21.56,18975700.0
2022-12-12,21.58,21.62,21.26,21.46,20222300.0
2022-12-13,22.09,22.2,21.69,21.83,24657100.0
2022-12-14,21.93,22.14,21.52,21.99,24341100.0
2022-12-15,21.45,21.57,21.15,21.24,19921900.0
2022-12-16,21.16,21.4,21.13,21.37,15976000.0
2022-12-19,21.35,21.38,21.01,21.12,12704600.0
2022-12-20,21.95,22.32,21.86,22.23,28496700.0
2022-12-21,22.09,22.27,22.01,22.07,11637000.0
2022-12-22,21.65,21.79,21.52,21.69,15133500.0
2022-12-23,21.78,21.95,21.69,21.85,10922300.0
2022-12-27,21.96,22.35,21.92,22.11,12346900.0
2022-12-28,21.93,21.97,21.6,21.6,10915100.0
2022-12-29,22.059999,22.14,21.95,21.97,11896400.0
2022-12-30,21.92,22.030001,21.64,22.02,14251000.0
2023-01-03,22.45,22.54,22.030001,22.049999,18122100.0
2023-01-04,22.28,22.36,21.7,21.89,17246400.0
2023-01-05,21.5,21.53,21.27,21.39,16539900.0
2023-01-06,21.71,22.0,21.61,21.92,17021400.0
2023-01-09,22.0,22.14,21.69,21.74,15588200.0
2023-01-10,21.74,21.87,21.64,21.73,10051200.0
2023-01-11,21.86,21.88,21.36,21.55,13848000.0
2023-01-12,22.0,22.07,21.69,21.88,18514100.0
2023-01-13,21.88,22.35,21.86,22.33,18425400.0
2023-01-17,22.2,22.21,21.92,22.01,23059400.0
2023-01-18,22.3,22.4,21.55,21.57,24553500.0
2023-01-19,21.65,22.030001,21.57,21.96,15361200.0
2023-01-20,22.01,22.07,21.81,22.02,14299700.0
2023-01-23,21.18,21.62,20.93,21.58,30123300.0
2023-01-24,21.5,21.83,21.35,21.76,15461600.0
2023-01-25,21.63,22.02,21.58,21.97,12824900.0
2023-01-26,22.19,22.22,21.81,21.99,18177800.0
2023-01-27,21.71,21.79,21.43,21.68,15244100.0
2023-01-30,21.8,21.82,21.65,21.66,8337100.0
2023-01-31,21.58,21.86,21.54,21.83,10471400.0
2023-02-01,21.8,22.11,21.49,22.08,23818200.0
2023-02-02,22.5,22.52,21.54,21.57,22808400.0
2023-02-03,20.86,21.059999,20.5,20.57,36695700.0
2023-02-06,20.55,20.65,20.37,20.48,15824800.0
2023-02-07,20.41,20.64,20.27,20.38,16209500.0
2023-02-08,20.59,20.64,20.42,20.48,10688500.0
2023-02-09,20.66,20.68,20.15,20.18,19233500.0
2023-02-10,20.41,20.45,20.15,20.24,11028700.0
2023-02-13,20.15,20.25,20.040001,20.2,12376300.0
2023-02-14,19.95,20.22,19.87,20.12,14586500.0
2023-02-15,19.78,19.95,19.77,19.89,13249500.0
2023-02-16,19.74,20.02,19.71,19.84,16692900.0
2023-02-17,19.59,20.059999,19.55,20.01,15129100.0
2023-02-21,20.13,20.21,20.0,20.07,11158700.0
2023-02-22,20.030001,20.049999,19.71,19.75,15142700.0
2023-02-23,19.84,19.89,19.55,19.63,13610700.0
2023-02-24,19.27,19.36,19.059999,19.09,24859800.0
2023-02-27,19.09,19.14,18.89,18.93,26063800.0
2023-02-28,18.98,19.31,18.9,19.22,14396100.0
2023-03-01,19.28,19.47,19.22,19.29,14873100.0
2023-03-02,19.049999,19.25,19.02,19.24,8914300.0
2023-03-03,19.3,19.56,19.15,19.55,12419200.0
2023-03-06,19.46,19.49,19.28,19.32,7902900.0
2023-03-07,18.98,18.99,18.41,18.45,26097500.0
2023-03-08,18.43,18.6,18.39,18.4,13896600.0
2023-03-09,18.49,18.66,18.38,18.44,11895500.0
2023-03-10,18.89,19.11,18.75,18.86,21470100.0
2023-03-13,19.71,20.16,19.68,20.0,37152300.0
2023-03-14,20.049999,20.21,19.87,19.89,29462900.0
2023-03-15,20.39,20.44,19.87,20.0,50880500.0
2023-03-16,20.15,20.18,19.72,19.92,27757800.0
2023-03-17,20.18,20.78,20.15,20.63,29318300.0
2023-03-20,20.58,20.75,20.45,20.69,14306300.0
2023-03-21,20.69,20.7,20.36,20.54,15198000.0
2023-03-22,20.52,21.21,20.51,21.1,25323500.0
2023-03-23,21.11,21.35,21.02,21.28,19286800.0
2023-03-24,21.52,21.58,21.2,21.22,15746900.0
2023-03-27,21.08,21.24,21.0,21.22,11703600.0
2023-03-28,21.14,21.49,21.12,21.43,11221300.0
2023-03-29,21.32,21.53,21.3,21.44,11804300.0
2023-03-30,21.68,21.96,21.56,21.94,14724400.0
2023-03-31,22.030001,22.2,21.99,22.12,18212400.0
2023-04-03,21.96,22.24,21.92,22.059999,18134900.0
2023-04-04,22.13,23.0,22.1,22.97,35724700.0
2023-04-05,22.82,22.98,22.64,22.94,20676800.0
2023-04-06,22.79,22.98,22.58,22.89,13297400.0
2023-04-10,22.82,22.89,22.72,22.88,12751600.0
2023-04-11,22.9,23.1,22.85,23.040001,14526500.0
2023-04-12,23.37,23.47,23.049999,23.43,21592400.0
2023-04-13,23.69,23.86,23.56,23.74,30298700.0
2023-04-14,23.84,23.89,23.1,23.31,34948600.0
2023-04-17,23.29,23.33,22.79,23.02,24471600.0
2023-04-18,22.93,23.27,22.9,23.15,14353800.0
2023-04-19,23.08,23.32,23.059999,23.23,18571300.0
2023-04-20,23.23,23.42,23.049999,23.17,15332300.0
2023-04-21,23.18,23.32,22.88,22.98,17623900.0
2023-04-24,22.93,23.18,22.84,23.08,13576600.0
2023-04-25,22.93,23.030001,22.63,22.99,22711400.0
2023-04-26,23.12,23.12,22.71,22.83,20916800.0
2023-04-27,22.59,22.93,22.52,22.89,16054200.0
2023-04-28,22.88,23.030001,22.75,23.0,14213300.0
2023-05-01,23.69,23.71,22.86,22.89,30354800.0
2023-05-02,22.67,23.41,22.64,23.35,27235300.0
2023-05-03,23.29,23.53,23.16,23.43,20545300.0
2023-05-04,23.42,23.94,23.42,23.94,31012600.0
2023-05-05,23.38,23.59,23.12,23.57,26191500.0
2023-05-08,23.5,23.6,23.43,23.49,11445900.0
2023-05-09,23.4,23.58,23.37,23.48,11470300.0
2023-05-10,23.6,23.66,23.17,23.31,18265600.0
2023-05-11,22.63,22.72,22.17,22.2,29635300.0
2023-05-12,22.059999,22.19,21.91,22.02,18616200.0
2023-05-15,22.14,22.24,22.02,22.1,11308600.0
2023-05-16,22.0,22.11,21.7,21.81,17266300.0
2023-05-17,21.92,21.92,21.62,21.82,14587600.0
2023-05-18,21.61,21.63,21.42,21.56,17283500.0
2023-05-19,21.7,22.059999,21.58,21.86,20535700.0
2023-05-22,21.86,21.95,21.67,21.67,12665500.0
2023-05-23,21.56,21.71,21.47,21.51,15236300.0
2023-05-24,21.41,21.44,21.14,21.16,19508500.0
2023-05-25,21.18,21.19,20.84,20.86,14846600.0
2023-05-26,21.26,21.43,21.14,21.38,13685100.0
2023-05-30,21.25,21.37,21.13,21.3,9121100.0
2023-05-31,21.4,21.69,21.19,21.61,18058500.0
2023-06-01,21.59,21.97,21.58,21.95,17940600.0
2023-06-02,21.97,22.0,21.65,21.69,13005400.0
2023-06-05,21.52,21.75,21.46,21.64,10411300.0
2023-06-06,21.63,21.71,21.43,21.65,9406900.0
2023-06-07,21.7,22.09,21.5,21.51,16744500.0
2023-06-08,22.01,22.36,22.01,22.3,20397100.0
2023-06-09,22.26,22.52,22.21,22.27,10972800.0
2023-06-12,22.059999,22.12,21.92,22.08,12277700.0
2023-06-13,22.11,22.21,21.66,21.74,14921900.0
2023-06-14,21.96,22.11,21.89,21.97,11298600.0
2023-06-15,21.67,21.95,21.67,21.94,11361000.0
2023-06-16,22.08,22.22,21.92,22.18,10972500.0
2023-06-20,21.41,21.45,21.17,21.26,24042200.0
2023-06-21,20.95,20.97,20.65,20.84,19678000.0
2023-06-22,20.63,20.71,20.46,20.53,17066500.0
2023-06-23,20.65,20.83,20.46,20.58,13003100.0
2023-06-26,20.85,21.0,20.74,20.9,12880100.0
2023-06-27,21.17,21.2,20.89,20.98,14341700.0
2023-06-28,20.86,20.99,20.71,20.84,8188400.0
2023-06-29,20.56,20.82,20.45,20.72,13780900.0
2023-06-30,20.65,20.97,20.57,20.89,10502500.0
2023-07-03,21.049999,21.18,21.0,21.01,9135000.0
2023-07-05,21.32,21.35,21.1,21.21,13299400.0
2023-07-06,21.02,21.030001,20.67,20.83,12544400.0
2023-07-07,20.92,21.24,20.92,21.18,10655800.0
2023-07-10,21.049999,21.25,21.049999,21.24,8670800.0
2023-07-11,21.25,21.3,21.12,21.2,6771700.0
2023-07-12,21.91,22.16,21.88,22.15,24114700.0
2023-07-13,22.49,22.78,22.41,22.78,22406700.0
2023-07-14,22.79,22.96,22.71,22.86,16795300.0
2023-07-17,22.69,22.82,22.57,22.79,9095900.0
2023-07-18,22.81,23.1,22.73,22.99,14769800.0
2023-07-19,23.0,23.16,22.92,23.1,12889300.0
2023-07-20,23.1,23.13,22.67,22.68,16215100.0
2023-07-21,22.68,22.71,22.56,22.57,11276600.0
2023-07-24,22.4,22.46,22.26,22.33,15105400.0
2023-07-25,22.57,22.69,22.46,22.62,10753400.0
2023-07-26,22.58,22.97,22.5,22.91,24549800.0
2023-07-27,22.5,22.52,22.059999,22.11,27325200.0
2023-07-28,22.26,22.39,22.19,22.32,10628300.0
2023-07-31,22.48,22.79,22.48,22.69,14038900.0
2023-08-01,22.31,22.44,22.14,22.29,11580400.0
2023-08-02,22.19,22.22,21.7,21.75,16396700.0
2023-08-03,21.65,21.75,21.58,21.63,16330500.0
2023-08-04,21.68,21.83,21.59,21.66,12397000.0
2023-08-07,21.59,21.6,21.16,21.21,11803100.0
2023-08-08,20.87,20.99,20.8,20.9,16557900.0
2023-08-09,20.85,21.0,20.75,20.8,11966200.0
2023-08-10,20.88,21.1,20.77,20.83,13574900.0
2023-08-11,20.82,20.96,20.76,20.8,8427700.0
2023-08-14,20.7,20.81,20.52,20.72,10036200.0
2023-08-15,20.63,20.83,20.52,20.67,11894800.0
2023-08-16,20.74,20.84,20.55,20.56,13151800.0
2023-08-17,21.059999,21.08,20.71,20.8,16299600.0
2023-08-18,20.84,20.94,20.78,20.87,10427400.0
2023-08-21,21.31,21.38,21.01,21.36,12346300.0
2023-08-22,21.37,21.49,21.28,21.46,12970700.0
2023-08-23,22.049999,22.34,22.030001,22.29,25176900.0
2023-08-24,22.2,22.31,22.059999,22.11,13804100.0
2023-08-25,22.11,22.36,21.93,22.22,22742100.0
2023-08-28,22.08,22.34,22.040001,22.22,7536600.0
2023-08-29,22.24,22.74,22.19,22.71,19726900.0
2023-08-30,22.85,22.94,22.55,22.57,13091200.0
2023-08-31,22.53,22.62,22.34,22.39,10536600.0
2023-09-01,22.61,22.7,22.15,22.17,12815600.0
2023-09-05,21.82,21.89,21.56,21.59,15054100.0
2023-09-06,21.16,21.41,21.1,21.24,14534100.0
2023-09-07,21.08,21.17,21.01,21.049999,10926900.0
2023-09-08,21.059999,21.24,20.96,21.01,11661200.0
2023-09-11,21.24,21.27,21.040001,21.16,8858900.0
2023-09-12,21.0,21.22,20.97,21.13,8738500.0
2023-09-13,21.01,21.11,20.91,20.93,11886100.0
2023-09-14,20.6,20.86,20.45,20.73,26204900.0
2023-09-15,21.19,21.35,21.1,21.11,22799000.0
2023-09-18,21.22,21.32,21.049999,21.3,11481300.0
2023-09-19,21.37,21.4,21.17,21.27,10111200.0
2023-09-20,21.32,21.63,21.3,21.34,17354000.0
2023-09-21,21.040001,21.52,21.0,21.44,12382800.0
2023-09-22,21.65,21.75,21.56,21.58,11348500.0
2023-09-25,21.48,21.56,21.13,21.2,14549100.0
2023-09-26,21.0,21.16,20.94,20.96,18268200.0
2023-09-27,20.71,20.8,20.54,20.7,15643800.0
2023-09-28,20.64,20.84,20.53,20.74,14007700.0
2023-09-29,21.39,21.43,20.27,20.34,36647200.0
2023-10-02,19.69,19.74,19.4,19.42,41002700.0
2023-10-03,19.26,19.62,19.21,19.44,32235800.0
2023-10-04,19.41,19.42,18.97,19.31,25141000.0
2023-10-05,19.32,19.4,18.98,19.25,16430500.0
2023-10-06,19.66,19.82,19.26,19.73,28293200.0
2023-10-09,19.84,20.08,19.8,20.059999,13077400.0
2023-10-10,19.97,20.08,19.88,19.98,12115000.0
2023-10-11,20.19,20.27,20.07,20.18,20080500.0
2023-10-12,20.24,20.32,19.93,19.96,16915500.0
2023-10-13,20.49,20.91,20.47,20.78,28957500.0
2023-10-16,20.72,20.83,20.66,20.68,11982500.0
2023-10-17,20.79,21.09,20.73,20.92,16482000.0
2023-10-18,21.21,21.33,20.78,20.95,20065700.0
2023-10-19,20.94,21.16,20.75,21.11,20356700.0
2023-10-20,21.16,21.72,21.16,21.4,35242700.0
2023-10-23,21.2,21.27,21.0,21.049999,14074100.0
2023-10-24,20.92,21.09,20.86,21.02,11491700.0
2023-10-25,20.91,21.08,20.67,20.94,17639800.0
2023-10-26,20.91,20.97,20.57,20.85,14326600.0
2023-10-27,20.92,21.19,20.76,21.18,18630000.0
2023-10-30,21.59,21.61,21.23,21.34,15304600.0
2023-10-31,21.14,21.36,20.84,20.98,17624900.0
2023-11-01,20.82,21.09,20.66,20.97,25224400.0
2023-11-02,21.07,21.1,20.77,20.87,12232500.0
2023-11-03,21.030001,21.35,20.99,21.22,21254500.0
2023-11-06,21.22,21.23,21.07,21.08,10278200.0
2023-11-07,20.73,20.76,20.57,20.73,16082200.0
2023-11-08,20.81,20.94,20.62,20.65,14361200.0
2023-11-09,20.75,21.07,20.65,20.69,18732000.0
2023-11-10,20.55,20.6,20.34,20.34,14049800.0
2023-11-13,20.18,20.49,20.1,20.43,11091100.0
2023-11-14,20.92,21.24,20.87,21.17,21723900.0
2023-11-15,21.36,21.52,21.24,21.45,18585600.0
2023-11-16,21.88,22.059999,21.73,21.76,20259200.0
2023-11-17,21.79,21.86,21.68,21.75,12296000.0
2023-11-20,21.42,21.61,21.38,21.48,9559600.0
2023-11-21,21.88,22.0,21.74,21.77,15213000.0
2023-11-22,21.7,21.82,21.57,21.67,11143900.0
2023-11-24,22.02,22.29,22.0,22.27,10803300.0
2023-11-27,22.67,22.71,22.5,22.56,19785600.0
2023-11-28,22.68,22.92,22.59,22.92,17064400.0
2023-11-29,22.96,23.13,22.82,22.88,16675200.0
2023-11-30,22.97,23.15,22.85,23.13,14364300.0
2023-12-01,23.09,23.37,23.049999,23.33,22098300.0
2023-12-04,22.75,22.92,22.36,22.46,30668300.0
2023-12-05,22.28,22.38,21.95,22.12,27205100.0
2023-12-06,22.17,22.2,21.87,21.93,13374500.0
2023-12-07,21.89,21.91,21.6,21.79,16758500.0
2023-12-08,21.35,21.56,21.02,21.1,28718900.0
2023-12-11,20.97,21.0,20.81,20.91,22883700.0
2023-12-12,20.97,20.98,20.78,20.84,12118700.0
2023-12-13,20.75,21.78,20.61,21.77,35068000.0
2023-12-14,21.99,22.18,21.99,22.15,21384100.0
2023-12-15,21.98,22.030001,21.75,21.83,12013400.0
2023-12-18,21.88,21.88,21.66,21.8,12927400.0
2023-12-19,21.91,22.13,21.89,22.030001,12752700.0
2023-12-20,22.26,22.31,22.040001,22.040001,12523600.0
2023-12-21,22.28,22.42,22.2,22.31,17063600.0
2023-12-22,22.41,22.53,22.049999,22.12,17222200.0
2023-12-26,22.21,22.22,22.040001,22.2,11861700.0
2023-12-27,22.1,22.4,22.09,22.23,13898400.0
2023-12-28,22.17,22.25,21.96,21.99,11257800.0
2023-12-29,21.62,21.95,21.56,21.78,13151200.0
2024-01-02,21.89,21.99,21.64,21.65,13277800.0
2024-01-03,21.08,21.22,20.91,21.059999,26373800.0
2024-01-04,20.92,21.1,20.77,21.08,11972000.0
2024-01-05,21.15,21.53,21.030001,21.21,21396300.0
2024-01-08,21.07,21.25,21.0,21.13,9527900.0
2024-01-09,21.22,21.25,20.96,21.0,10772300.0
2024-01-10,20.93,21.02,20.85,20.94,12093700.0
2024-01-11,20.97,21.07,20.57,20.82,21816100.0
2024-01-12,21.39,21.54,21.11,21.19,18903600.0
2024-01-16,21.14,21.17,20.92,20.96,16953000.0
2024-01-17,20.78,20.8,20.61,20.65,18249100.0
2024-01-18,20.56,20.84,20.54,20.81,10585900.0
2024-01-19,20.77,20.77,20.56,20.67,12570200.0
2024-01-22,20.12,20.41,20.07,20.22,18292200.0
2024-01-23,20.44,20.56,20.4,20.53,13096700.0
2024-01-24,20.98,21.0,20.7,20.71,24238800.0
2024-01-25,20.95,21.07,20.79,20.94,15755400.0
2024-01-26,20.81,20.92,20.77,20.86,7980600.0
2024-01-29,21.030001,21.25,20.84,21.21,14309400.0
2024-01-30,21.29,21.33,20.99,21.19,10734400.0
2024-01-31,21.2,21.35,20.84,20.91,19870400.0
2024-02-01,20.94,21.28,20.88,21.21,28714400.0
2024-02-02,20.61,20.79,20.5,20.75,24322300.0
2024-02-05,20.44,20.55,20.38,20.47,16531700.0
2024-02-06,20.43,20.58,20.39,20.51,9007500.0
2024-02-07,20.43,20.54,20.32,20.33,12084100.0
2024-02-08,20.44,20.71,20.38,20.65,16547600.0
2024-02-09,20.56,20.72,20.46,20.68,10620900.0
2024-02-12,20.63,20.84,20.6,20.76,11006500.0
2024-02-13,20.43,20.44,20.11,20.2,22824200.0
2024-02-14,20.23,20.55,20.21,20.44,13085100.0
2024-02-15,20.84,21.08,20.83,20.94,26720400.0
2024-02-16,21.07,21.5,20.91,21.39,20244800.0
2024-02-20,21.17,21.19,21.030001,21.07,9047200.0
2024-02-21,21.09,21.1,20.82,20.96,9415500.0
2024-02-22,20.92,20.97,20.8,20.82,16728600.0
2024-02-23,20.8,21.040001,20.69,20.99,15186500.0
2024-02-26,20.61,20.69,20.54,20.62,14409300.0
2024-02-27,20.72,20.74,20.51,20.57,10175100.0
2024-02-28,20.51,20.56,20.45,20.55,8303800.0
2024-02-29,20.75,20.79,20.62,20.73,10459600.0
2024-03-01,20.8,21.28,20.64,21.17,23557900.0
2024-03-04,21.43,21.9,21.39,21.86,26016600.0
2024-03-05,21.96,22.059999,21.64,21.67,22277000.0
2024-03-06,21.86,22.23,21.86,22.1,31037700.0
2024-03-07,22.14,22.41,22.12,22.24,18890500.0
2024-03-08,22.23,22.45,22.12,22.23,27229400.0
2024-03-11,22.33,22.44,22.24,22.35,15364500.0
2024-03-12,22.21,22.22,21.97,22.09,16339600.0
2024-03-13,22.31,22.88,22.26,22.79,27121500.0
2024-03-14,22.91,22.94,22.62,22.73,14705300.0
2024-03-15,23.049999,23.28,22.97,23.030001,28070600.0
2024-03-18,23.13,23.13,22.85,22.91,11920400.0
2024-03-19,22.79,22.84,22.62,22.79,13406900.0
2024-03-20,22.71,23.45,22.7,23.29,31945100.0
2024-03-21,23.14,23.16,22.53,22.65,31163600.0
2024-03-22,22.65,22.82,22.52,22.56,17176200.0
2024-03-25,22.6,22.73,22.55,22.58,10066700.0
2024-03-26,22.61,22.62,22.29,22.34,18183600.0
2024-03-27,22.34,22.56,22.34,22.51,12551800.0
2024-03-28,22.48,22.8,22.42,22.75,29105400.0
2024-04-01,23.19,23.2,22.63,22.86,22490700.0
2024-04-02,23.33,23.9,23.24,23.84,58416700.0
2024-04-03,24.27,24.76,24.17,24.73,61360100.0
2024-04-04,24.57,24.95,24.39,24.49,54231400.0
2024-04-05,24.49,25.14,24.39,25.030001,43191800.0
2024-04-08,25.36,25.49,24.9,25.4,40708900.0
2024-04-09,25.75,25.9,25.26,25.72,41006100.0
2024-04-10,25.33,26.08,25.17,25.45,50614100.0
2024-04-11,25.69,26.040001,25.38,26.01,28595200.0
2024-04-12,26.8,27.24,25.52,25.63,117627500.0
2024-04-15,26.21,26.42,25.69,26.41,51965100.0
2024-04-16,26.07,26.07,25.55,25.8,56256200.0
2024-04-17,26.13,26.34,25.71,25.85,46667300.0
2024-04-18,26.11,26.16,25.74,25.86,26818200.0
2024-04-19,25.93,26.32,25.9,26.2,29248100.0
2024-04-22,24.95,25.19,24.79,24.93,37156900.0
2024-04-23,24.66,25.040001,24.63,24.99,37046800.0
2024-04-24,24.88,25.049999,24.78,24.9,19783600.0
2024-04-25,24.86,25.22,24.81,25.059999,32678400.0
2024-04-26,25.19,25.22,24.75,24.89,26821300.0
2024-04-29,24.87,25.08,24.68,24.83,23922200.0
2024-04-30,24.24,24.37,24.02,24.049999,32400100.0
2024-05-01,24.18,24.65,24.09,24.27,42815400.0
2024-05-02,23.95,24.47,23.92,24.36,24968800.0
2024-05-03,24.21,24.3,23.87,24.22,26859100.0
2024-05-06,24.99,25.13,24.83,25.07,27627400.0
2024-05-07,25.030001,25.1,24.88,24.92,14811500.0
2024-05-08,24.89,25.12,24.82,24.95,16967400.0
2024-05-09,25.32,25.88,25.3,25.86,32734900.0
2024-05-10,25.98,26.049999,25.62,25.77,24489700.0
2024-05-13,25.83,25.93,25.65,25.8,15222900.0
2024-05-14,26.0,26.27,25.86,26.13,20065000.0
2024-05-15,26.58,27.18,26.07,27.12,39872400.0
2024-05-16,26.98,27.17,26.79,27.059999,19821300.0
2024-05-17,27.86,28.84,27.55,28.79,52708100.0
2024-05-20,28.93,29.56,28.41,28.98,58184700.0
2024-05-21,29.1,29.51,28.82,29.27,30700300.0
2024-05-22,29.059999,29.059999,28.11,28.22,48609700.0
2024-05-23,28.11,28.28,27.47,27.55,39911200.0
2024-05-24,27.93,27.99,27.61,27.74,14507100.0
2024-05-28,29.3,29.34,28.69,29.24,31041700.0
2024-05-29,29.07,29.47,28.98,29.17,20708400.0
2024-05-30,28.83,29.049999,28.32,28.42,22268900.0
2024-05-31,28.77,28.86,27.58,27.76,31957600.0
2024-06-03,27.82,28.15,27.56,27.89,18156000.0
2024-06-04,27.31,27.31,26.84,27.02,28858400.0
2024-06-05,27.12,27.46,26.9,27.4,18175300.0
2024-06-06,27.82,28.63,27.69,28.53,27650000.0
2024-06-07,27.29,27.3,26.61,26.67,43868900.0
2024-06-10,27.07,27.24,26.85,27.12,17099200.0
2024-06-11,26.73,26.81,26.56,26.71,13338900.0
2024-06-12,27.5,27.57,26.94,27.030001,27934800.0
2024-06-13,26.79,26.93,26.17,26.43,21680300.0
2024-06-14,26.63,27.030001,26.5,27.01,25973300.0
2024-06-17,26.9,26.94,26.56,26.92,15016000.0
2024-06-18,26.65,27.01,26.65,26.96,12033500.0
2024-06-20,27.51,28.12,27.41,28.0,22898000.0
2024-06-21,27.55,27.57,26.91,26.98,26983500.0
2024-06-24,27.059999,27.14,26.88,27.0,12836300.0
2024-06-25,26.78,26.79,26.34,26.4,15555900.0
2024-06-26,26.16,26.45,26.09,26.31,13855700.0
2024-06-27,26.56,26.66,26.35,26.45,11124600.0
2024-06-28,26.88,26.89,26.54,26.57,10426500.0
2024-07-01,26.72,26.92,26.6,26.85,12587300.0
2024-07-02,26.85,27.23,26.78,26.97,12172000.0
2024-07-03,27.71,28.01,27.68,27.84,16834200.0
2024-07-05,28.16,28.75,28.08,28.48,23018600.0
2024-07-08,28.35,28.51,27.79,28.13,19742900.0
2024-07-09,28.32,28.43,27.87,28.12,14005300.0
2024-07-10,28.29,28.46,27.99,28.16,13142600.0
2024-07-11,28.75,28.91,28.48,28.68,20141500.0
2024-07-12,28.0,28.31,27.94,28.12,15380000.0
2024-07-15,28.09,28.39,27.87,28.030001,13426700.0
2024-07-16,28.030001,28.68,27.98,28.61,17280200.0
2024-07-17,28.25,28.36,27.43,27.67,34443400.0
2024-07-18,27.76,27.79,27.14,27.2,15566200.0
2024-07-19,26.4,26.74,26.37,26.69,20111200.0
2024-07-22,26.44,26.66,26.31,26.63,12069800.0
2024-07-23,26.49,26.68,26.42,26.68,10184500.0
2024-07-24,26.73,26.89,26.41,26.43,12474500.0
2024-07-25,25.24,25.54,25.17,25.41,31711400.0
2024-07-26,25.39,25.53,25.21,25.48,12442400.0
2024-07-29,25.54,25.58,24.93,25.44,16616700.0
2024-07-30,25.57,25.94,25.33,25.83,14896300.0
2024-07-31,26.23,26.5,26.059999,26.39,23227900.0
2024-08-01,26.53,26.56,25.75,26.030001,19796800.0
2024-08-02,26.44,26.5,25.5,26.040001,25325000.0
2024-08-05,24.63,25.040001,24.54,24.86,36392900.0
2024-08-06,24.53,24.89,24.48,24.64,18308000.0
2024-08-07,24.68,24.77,24.25,24.33,12709900.0
2024-08-08,24.72,25.18,24.64,25.01,17704400.0
2024-08-09,25.1,25.25,24.88,25.0,15934000.0
2024-08-12,25.38,25.6,25.12,25.49,15323100.0
2024-08-13,25.21,25.44,25.11,25.42,11860500.0
2024-08-14,25.26,25.41,24.8,25.13,14114400.0
2024-08-15,25.8,26.02,25.46,25.86,17206000.0
2024-08-16,25.86,26.44,25.77,26.43,19315700.0
2024-08-19,26.45,26.9,26.37,26.83,20102800.0
2024-08-20,27.3,27.36,26.73,26.87,20454500.0
2024-08-21,26.92,27.14,26.66,26.95,18449500.0
2024-08-22,26.92,26.93,26.26,26.39,23972700.0
2024-08-23,26.71,27.27,26.63,27.2,21713300.0
2024-08-26,27.4,27.42,27.13,27.32,8812400.0
2024-08-27,27.25,27.46,27.1,27.36,10591700.0
2024-08-28,26.86,26.86,26.53,26.69,11564200.0
2024-08-29,26.71,27.049999,26.63,26.81,11793800.0
2024-08-30,26.68,26.8,26.19,26.35,15762100.0
2024-09-03,25.83,25.85,25.27,25.58,17149100.0
2024-09-04,25.62,25.88,25.58,25.68,11322400.0
2024-09-05,26.38,26.61,26.15,26.23,14573600.0
2024-09-06,26.25,26.35,25.27,25.48,23805400.0
2024-09-09,25.72,25.88,25.59,25.85,8774800.0
2024-09-10,25.96,25.96,25.58,25.94,9395400.0
2024-09-11,26.049999,26.22,25.62,26.12,11052200.0
2024-09-12,26.64,27.28,26.57,27.27,22552700.0
2024-09-13,27.87,28.21,27.76,28.02,28629400.0
2024-09-16,28.27,28.29,27.9,28.07,14701600.0
2024-09-17,28.02,28.27,27.84,27.96,15504300.0
2024-09-18,27.95,28.5,27.09,27.24,35165900.0
2024-09-19,28.25,28.39,27.92,28.09,18852800.0
2024-09-20,28.4,28.6,28.18,28.41,21649400.0
2024-09-23,28.23,28.3,27.93,27.98,24206300.0
2024-09-24,28.27,29.44,28.17,29.38,41629900.0
2024-09-25,29.1,29.42,28.8,29.059999,26627000.0
2024-09-26,29.32,29.46,28.94,29.26,23692000.0
2024-09-27,29.34,29.47,28.59,28.86,27109600.0
2024-09-30,28.51,28.54,28.17,28.41,16578100.0
2024-10-01,28.78,29.059999,28.55,28.58,23796400.0
2024-10-02,29.13,29.46,28.68,29.0,21103100.0
2024-10-03,28.91,29.37,28.79,29.23,18907400.0
2024-10-04,29.23,30.07,28.98,29.36,39083200.0
2024-10-07,29.01,29.08,28.71,28.93,20872000.0
2024-10-08,28.41,28.53,27.47,28.01,39037200.0
2024-10-09,27.62,27.99,27.56,27.86,20157900.0
2024-10-10,27.97,28.43,27.92,28.38,18329100.0
2024-10-11,28.6,28.87,28.59,28.8,17096600.0
2024-10-14,28.47,28.76,28.3,28.54,13515700.0
2024-10-15,28.52,28.9,28.42,28.71,16871700.0
2024-10-16,29.12,29.35,28.77,28.91,17789700.0
2024-10-17,28.92,29.2,28.55,28.89,15369500.0
2024-10-18,29.47,30.72,29.42,30.64,45090400.0
2024-10-21,31.13,31.23,30.51,30.85,36669700.0
2024-10-22,31.4,31.8,31.24,31.74,37066100.0
2024-10-23,31.1,31.11,30.48,30.71,37351700.0
2024-10-24,31.19,31.23,30.3,30.69,29251500.0
2024-10-25,30.58,31.02,30.47,30.63,19517500.0
2024-10-28,30.71,30.99,30.62,30.73,16296900.0
2024-10-29,31.17,31.51,31.059999,31.39,22508800.0
2024-10-30,30.74,30.98,30.45,30.81,20900100.0
2024-10-31,30.34,30.36,29.62,29.81,33075000.0
2024-11-01,30.059999,30.19,29.48,29.54,22164900.0
2024-11-04,29.8,29.89,29.43,29.63,13044500.0
2024-11-05,29.95,30.02,29.69,29.75,12188500.0
2024-11-06,28.19,28.65,28.11,28.43,33038000.0
2024-11-07,28.92,29.3,28.79,29.11,21432200.0
2024-11-08,28.97,29.030001,28.43,28.48,20235200.0
2024-11-11,27.97,28.02,27.72,27.97,24582600.0
2024-11-12,28.0,28.09,27.79,28.07,16561200.0
2024-11-13,28.25,28.28,27.6,27.61,16530500.0
2024-11-14,27.59,27.94,27.51,27.81,18059900.0
2024-11-15,28.040001,28.08,27.5,27.57,18838400.0
2024-11-18,28.18,28.5,28.16,28.38,15763400.0
2024-11-19,28.46,28.53,28.29,28.5,12751100.0
2024-11-20,28.39,28.45,28.049999,28.1,11137900.0
2024-11-21,28.27,28.3,27.92,28.040001,11030500.0
2024-11-22,28.27,28.55,28.2,28.47,13173900.0
2024-11-25,27.72,27.74,27.4,27.63,22478400.0
2024-11-26,27.8,27.83,27.6,27.8,10484700.0
2024-11-27,27.75,27.84,27.32,27.45,22858600.0
2024-11-29,27.97,28.02,27.82,27.92,9663900.0
2024-12-02,27.85,27.87,27.61,27.79,9925400.0
2024-12-03,28.23,28.33,27.99,28.28,14543600.0
2024-12-04,28.36,28.69,28.3,28.53,22762400.0
2024-12-05,28.49,28.59,28.26,28.56,16123000.0
2024-12-06,28.32,28.5,28.08,28.25,13195500.0
2024-12-09,29.21,29.43,28.95,28.98,37481100.0
2024-12-10,29.17,29.25,28.97,28.99,43997000.0
2024-12-11,28.95,29.34,28.9,29.040001,23582300.0
2024-12-12,28.62,28.64,28.12,28.2,34794100.0
2024-12-13,27.84,27.87,27.59,27.75,20326700.0
2024-12-16,27.91,27.91,27.76,27.8,9124900.0
2024-12-17,27.71,27.84,27.47,27.81,17504700.0
2024-12-18,27.56,27.64,26.77,26.85,27794500.0
2024-12-19,26.57,26.65,26.19,26.52,31083900.0
2024-12-20,26.61,27.059999,26.58,26.92,17487600.0
2024-12-23,26.93,27.07,26.79,26.99,14473900.0
2024-12-24,27.0,27.049999,26.88,27.02,3967700.0
2024-12-26,27.12,27.21,26.93,27.14,8244000.0
2024-12-27,26.89,26.96,26.72,26.76,9643500.0
2024-12-30,26.6,26.61,26.24,26.43,18853900.0
2024-12-31,26.23,26.44,26.22,26.33,8008400.0
2025-01-02,26.72,26.96,26.7,26.93,12368000.0
2025-01-03,27.19,27.23,26.91,26.98,8637600.0
2025-01-06,27.13,27.49,27.07,27.24,13037000.0
2025-01-07,27.64,27.68,27.31,27.33,17407700.0
2025-01-08,27.61,27.65,27.15,27.4,12926300.0
2025-01-10,27.93,27.94,27.55,27.61,24079100.0
2025-01-13,27.0,27.19,26.87,26.96,16965400.0
2025-01-14,27.030001,27.31,27.01,27.2,11798000.0
2025-01-15,27.69,27.98,27.47,27.96,19890700.0
2025-01-16,27.98,28.2,27.88,28.040001,20900100.0
2025-01-17,27.5,27.76,27.44,27.61,18974600.0
2025-01-21,27.94,28.07,27.85,28.040001,15214400.0
2025-01-22,27.96,28.16,27.82,28.049999,21195100.0
2025-01-23,27.52,27.78,27.41,27.77,23481100.0
2025-01-24,27.94,28.08,27.81,27.91,13750100.0
2025-01-27,27.5,27.74,27.049999,27.46,22691500.0
2025-01-28,27.53,27.76,27.39,27.63,15636500.0
2025-01-29,28.059999,28.21,27.85,28.0,28857800.0
2025-01-30,28.65,28.9,28.53,28.72,38787700.0
2025-01-31,28.77,28.85,28.39,28.51,26121600.0
2025-02-03,28.55,28.85,28.2,28.67,31728900.0
2025-02-04,29.11,29.48,29.02,29.22,41977300.0
2025-02-05,29.36,29.63,29.31,29.35,34873700.0
2025-02-06,29.24,29.41,28.91,29.38,17723200.0
2025-02-07,29.57,29.74,28.94,29.030001,26954000.0
2025-02-10,29.15,29.36,29.08,29.2,14171300.0
2025-02-11,28.86,29.11,28.82,29.0,13779100.0
2025-02-12,29.2,29.47,29.07,29.34,16716600.0
2025-02-13,29.19,29.48,29.12,29.46,17030700.0
2025-02-14,30.24,30.28,29.2,29.31,34965900.0
2025-02-18,29.62,29.96,29.57,29.91,20511100.0
2025-02-19,29.75,29.84,29.53,29.81,13660600.0
2025-02-20,29.98,30.13,29.88,29.95,15420400.0
2025-02-21,30.02,30.030001,29.58,29.59,15515800.0
2025-02-24,29.57,29.62,29.21,29.44,13995200.0
2025-02-25,29.17,29.3,28.47,28.83,22142400.0
2025-02-26,28.78,29.1,28.66,28.94,10231000.0
2025-02-27,28.94,28.94,28.38,28.4,16680000.0
2025-02-28,28.18,28.4,28.040001,28.31,13692000.0
2025-03-03,28.86,28.99,28.66,28.75,16522000.0
2025-03-04,29.040001,29.14,28.64,29.0,13767900.0
2025-03-05,29.23,29.78,29.21,29.77,25486300.0
2025-03-06,29.5,29.83,29.47,29.69,16888500.0
2025-03-07,29.39,29.68,29.22,29.59,18786400.0
2025-03-10,29.56,29.58,29.059999,29.11,15889000.0
2025-03-11,29.59,30.02,29.58,29.96,23227800.0
2025-03-12,30.02,30.34,29.94,30.22,18764800.0
2025-03-13,30.2,30.9,30.13,30.74,37624000.0
2025-03-14,30.91,30.93,30.51,30.71,23520700.0
2025-03-17,30.42,30.85,30.42,30.81,20973700.0
2025-03-18,31.1,31.15,30.82,30.85,20424600.0
2025-03-19,30.68,30.88,30.45,30.75,23258500.0
2025-03-20,30.27,30.54,30.23,30.5,12842100.0
2025-03-21,30.21,30.25,29.72,30.02,17198900.0
2025-03-24,30.13,30.24,29.92,29.96,17493700.0
2025-03-25,30.55,30.76,30.52,30.58,19168000.0
2025-03-26,30.71,30.76,30.48,30.53,13616800.0
2025-03-27,30.77,31.38,30.68,31.32,34298400.0
2025-03-28,31.39,31.41,30.86,31.0,25160200.0
2025-03-31,30.77,31.02,30.48,30.99,18403300.0
2025-04-01,30.87,30.91,30.44,30.63,22261800.0
2025-04-02,30.74,30.97,30.64,30.76,20976600.0
2025-04-03,28.95,29.51,28.86,28.89,46008100.0
2025-04-04,27.96,28.02,26.57,27.08,73174500.0
2025-04-07,27.3,27.84,26.92,27.14,37531600.0
2025-04-08,27.63,27.78,26.96,27.14,19629400.0
2025-04-09,27.61,28.24,27.45,28.059999,38180100.0
2025-04-10,28.11,28.42,27.81,28.28,23059800.0
2025-04-11,28.79,29.37,28.68,29.19,36908500.0
2025-04-14,29.1,29.46,28.88,29.38,29268900.0
2025-04-15,29.36,29.46,29.2,29.41,24273700.0
2025-04-16,29.85,30.02,29.7,29.76,21282500.0
2025-04-17,29.54,29.69,29.17,29.55,13640700.0
2025-04-21,29.95,30.01,29.55,29.79,17295400.0
2025-04-22,29.79,30.15,29.5,29.5,27253600.0
2025-04-23,29.81,30.62,29.71,30.56,31975000.0
2025-04-24,30.31,30.59,30.13,30.56,15405500.0
2025-04-25,29.96,30.1,29.79,30.049999,19326000.0
2025-04-28,30.08,30.2,29.83,30.19,18288000.0
2025-04-29,30.45,30.5,29.82,29.83,24967300.0
2025-04-30,29.68,29.81,29.44,29.6,22126700.0
2025-05-01,29.41,29.55,29.17,29.39,14830500.0
2025-05-02,29.62,29.65,29.040001,29.12,14040900.0
2025-05-05,29.55,29.56,29.25,29.48,10052300.0
2025-05-06,30.2,30.24,30.0,30.22,17870800.0
2025-05-07,29.77,29.87,29.32,29.49,14080800.0
2025-05-08,29.6,29.78,29.36,29.46,13209300.0
2025-05-09,29.7,29.89,29.65,29.8,8963000.0
2025-05-12,29.67,29.74,29.43,29.63,14642000.0
2025-05-13,29.69,30.01,29.61,29.93,13094100.0
2025-05-14,29.43,29.51,29.16,29.25,14048500.0
2025-05-15,29.25,29.62,29.18,29.61,10062200.0
2025-05-16,29.2,29.38,29.1,29.3,9275600.0
2025-05-19,29.43,29.53,29.31,29.42,11078100.0
2025-05-20,29.53,30.13,29.5,30.13,14474100.0
2025-05-21,30.18,30.53,30.1,30.51,19504900.0
2025-05-22,30.01,30.11,29.78,30.030001,15320500.0
2025-05-23,30.19,30.5,30.02,30.45,15098100.0
2025-05-27,30.040001,30.25,29.98,30.23,12301000.0
2025-05-28,30.15,30.23,29.96,29.98,11211700.0
2025-05-29,30.29,30.32,30.049999,30.3,12212700.0
2025-05-30,30.12,30.19,29.78,30.0,14305400.0
2025-06-02,30.85,31.6,30.72,31.59,37873300.0
2025-06-03,31.27,31.47,31.07,31.44,23158800.0
2025-06-04,31.32,31.43,31.23,31.34,19730500.0
2025-06-05,32.63,32.78,32.09,32.45,51807500.0
2025-06-06,32.92,32.98,32.55,32.69,30260200.0
2025-06-09,33.099998,33.54,33.0,33.39,33931400.0
2025-06-10,33.31,33.36,33.0099983,33.23,29120900.0
2025-06-11,32.92,33.040001,32.75,32.95,34712100.0
2025-06-12,32.85,33.060001,32.79,33.060001,21111600.0
2025-06-13,33.02,33.060001,32.79,32.97,21713100.0
2025-06-16,33.099998,33.15,32.9,33.029999,14883300.0
2025-06-17,33.63,33.87,33.45,33.74,26824900.0
2025-06-18,33.74,33.75,33.21,33.27,21945600.0
2025-06-20,32.78,32.79,32.57,32.72,25415200.0
2025-06-23,32.81,33.049999,32.78,32.96,18661900.0
2025-06-24,32.55,32.63,32.060001,32.61,20982400.0
2025-06-25,32.53,33.0099983,32.49,33.0099983,12254300.0
2025-06-26,33.13,33.37,33.0,33.34,15255200.0
2025-06-27,32.56,32.9,32.53,32.62,17596300.0
2025-06-30,32.72,32.82,32.62,32.81,10565300.0
2025-07-01,32.93,33.12,32.71,32.73,13436400.0
2025-07-02,33.029999,33.24,32.93,33.24,13673500.0
2025-07-03,33.42,33.55,33.29,33.51,10356200.0
2025-07-07,33.060001,33.44,33.02,33.43,12133000.0
2025-07-08,33.33,33.36,32.97,33.29,17473100.0
2025-07-09,33.09,33.14,32.96,33.0,17764100.0
2025-07-10,33.31,33.76,33.11,33.75,44301500.0
2025-07-11,34.2,35.07,34.15,35.029999,57917800.0
2025-07-14,35.22,35.29,34.61,34.63,40685400.0
2025-07-15,34.69,34.72,34.13,34.26,34082300.0
2025-07-16,34.39,34.57,34.049999,34.41,26483200.0
2025-07-17,34.3,34.68,34.17,34.65,14813500.0
2025-07-18,34.79,34.86,34.6,34.61,18305300.0
2025-07-21,35.11,35.49,35.09,35.35,28710500.0
2025-07-22,35.55,35.72,35.17,35.72,25205300.0
2025-07-23,35.76,35.91,35.47,35.69,21882800.0
2025-07-24,35.36,35.55,35.24,35.49,11319800.0
2025-07-25,35.28,35.39,34.48,34.66,24958300.0
2025-07-28,34.65,34.69,34.43,34.64,16543400.0
2025-07-29,34.64,34.78,34.48,34.66,10705700.0
2025-07-30,34.12,34.3,33.4,33.51,35325600.0
2025-07-31,33.3,33.35,33.099998,33.32,15454400.0
2025-08-01,33.76,33.77,33.39,33.59,16787200.0
2025-08-04,33.93,34.049999,33.85,33.98,9725800.0
2025-08-05,34.0099983,34.41,33.99,34.35,16451200.0
2025-08-06,34.39,34.47,34.29,34.35,8747600.0
2025-08-07,34.85,34.99,34.52,34.76,21996100.0
2025-08-08,34.78,34.89,34.51,34.88,15786100.0
2025-08-11,34.34,34.43,34.18,34.18,10749300.0
2025-08-12,34.24,34.53,34.11,34.41,12098000.0
2025-08-13,34.87,35.040001,34.85,35.0,13185600.0
2025-08-14,34.65,34.75,34.35,34.5,15819700.0
2025-08-15,34.34,34.52,34.22,34.5,13881700.0
2025-08-18,34.66,34.68,34.47,34.55,8670800.0
2025-08-19,34.47,34.54,33.85,33.87,18812900.0
2025-08-20,34.21,34.45,34.2,34.43,10903400.0
2025-08-21,34.48,34.69,34.45,34.61,10597900.0
2025-08-22,34.46,35.47,34.4,35.34,26003300.0
2025-08-25,35.07,35.35,35.02,35.02,10286400.0
2025-08-26,34.9,35.099998,34.88,35.02,13836600.0
2025-08-27,34.73,35.080002,34.61,34.99,10084200.0
2025-08-28,35.41,35.52,35.23,35.52,21079100.0
2025-08-29,35.35,36.29,35.32,36.19,28952900.0
2025-09-02,36.63,37.17,36.43,37.15,35875300.0
2025-09-03,37.33,37.64,37.18,37.34,27291200.0
2025-09-04,37.2,37.22,36.63,36.93,45258500.0
2025-09-05,37.41,37.6,36.97,37.21,25435500.0
2025-09-08,37.57,37.83,37.36,37.51,25019700.0
2025-09-09,37.43,37.58,37.0099983,37.18,24001200.0
2025-09-10,37.35,37.49,37.24,37.41,17743600.0
2025-09-11,37.37,37.92,37.33,37.79,19051500.0
2025-09-12,38.24,38.45,38.15,38.34,19902300.0
2025-09-15,38.3,38.79,38.25,38.76,22225100.0
2025-09-16,39.0,39.0099983,38.34,38.6,25319700.0
2025-09-17,38.040001,38.34,37.35,37.79,31045500.0
2025-09-18,37.85,38.0,37.61,37.99,13289200.0
2025-09-19,38.26,39.12,38.19,39.040001,36776300.0
2025-09-22,39.5,40.049999,39.34,40.040001,32055400.0
2025-09-23,40.31,40.36,39.79,39.96,28492600.0
2025-09-24,40.13,40.16,39.64,39.82,31533200.0
2025-09-25,40.46,41.060001,40.12,41.029999,36395800.0
2025-09-26,41.23,42.33,41.09,41.86,44578500.0
2025-09-29,42.46,42.75,42.18,42.5,41290300.0
2025-09-30,41.79,42.46,41.7,42.37,34884200.0
2025-10-01,43.029999,43.4,42.87,42.91,44341800.0
2025-10-02,43.57,43.59,41.66,42.53,58242300.0
2025-10-03,43.33,43.95,43.049999,43.52,47523500.0
2025-10-06,44.0099983,44.26,43.89,44.060001,34114000.0
2025-10-07,43.97,43.99,42.95,43.39,42769100.0
2025-10-08,44.43,45.0099983,44.28,44.56,59455700.0
2025-10-09,46.27,46.35,42.81,44.71,110701700.0
2025-10-10,45.48,46.0,44.88,45.43,67017000.0
2025-10-13,46.94,47.44,46.58,47.26,57830400.0
2025-10-14,45.99,47.26,45.77,46.8,57821500.0
2025-10-15,47.75,48.41,47.42,48.33,41672900.0
2025-10-16,48.099998,49.25,48.0,49.17,48853000.0
2025-10-17,48.46,48.59,45.88,46.99,86492600.0
2025-10-20,47.76,47.83,47.060001,47.72,35933500.0
2025-10-21,45.19,45.38,43.31,43.79,81395300.0
2025-10-22,43.74,44.13,43.28,43.88,43270000.0
2025-10-23,44.72,44.87,44.17,44.18,24565600.0
2025-10-24,44.080002,44.39,43.84,43.99,24014000.0
2025-10-27,42.97,43.060001,41.7,42.4,42914100.0
2025-10-28,42.36,42.91,42.23,42.7,27782000.0
2025-10-29,43.84,43.94,42.83,43.23,27351700.0
2025-10-30,43.68,44.44,43.54,44.34,30333200.0
2025-10-31,44.48,44.52,43.89,44.0099983,21310900.0
2025-11-03,44.25,44.36,43.56,43.76,17946700.0
2025-11-04,43.040001,43.44,42.51,42.74,26679100.0
2025-11-05,43.49,43.79,43.35,43.65,16178500.0
2025-11-06,43.66,43.9,43.24,43.55,15957900.0
2025-11-07,44.02,44.23,43.51,43.92,16493100.0
2025-11-10,45.17,45.87,45.0099983,45.79,20763800.0
2025-11-11,46.28,46.48,45.6,46.45,19693700.0
2025-11-12,47.099998,48.7,46.89,48.32,51559700.0
2025-11-13,48.29,48.42,47.21,47.42,39328400.0
2025-11-14,45.77,46.71,45.4,45.96,31793500.0
2025-11-17,45.81,46.26,44.95,45.47,23582000.0
2025-11-18,45.87,46.44,45.59,46.099998,20909400.0
2025-11-19,46.8,47.5,45.69,46.45,30797100.0
2025-11-20,46.26,46.64,45.54,45.78,28460400.0
2025-11-21,44.9,45.95,44.76,45.3,26351900.0
2025-11-24,45.41,46.64,45.36,46.63,21486800.0
2025-11-25,46.55,46.77,45.97,46.67,24006600.0
2025-11-26,47.31,48.45,47.15,48.4,26280300.0
2025-11-28,49.67,51.27,49.58,51.21,41350000.0
2025-12-01,51.99,53.36,51.61,52.52,66064100.0
2025-12-02,52.83,53.2,51.77,53.13,43952700.0
2025-12-03,52.99,53.39,52.42,53.07,33817700.0
2025-12-04,52.28,52.36,51.14,51.76,48740300.0
2025-12-05,52.71,53.82,52.53,52.95,43566000.0
2025-12-08,52.89,52.97,52.26,52.71,19711200.0
2025-12-09,53.39,55.19,53.36,55.17,59738900.0
2025-12-10,55.13,56.22,54.48,56.07,54915000.0
2025-12-11,56.77,58.3,56.47,57.62,67910900.0
2025-12-12,58.53,58.56,55.13,56.099998,78667400.0
2025-12-15,57.84,58.2,57.02,58.11,43227800.0
2025-12-16,57.61,57.99,57.099998,57.73,32461300.0
2025-12-17,59.27,60.64,59.049999,60.26,65128000.0
2025-12-18,59.82,60.029999,58.58,59.32,47603400.0
2025-12-19,59.79,61.16,59.69,60.93,42610000.0
2025-12-22,62.6,62.82,61.74,62.47,50621700.0
2025-12-23,63.68,64.88,62.37,64.84,75680000.0
2025-12-24,65.080002,65.53,63.61,65.22,58826000.0
2025-12-26,67.83,71.23,67.35,71.12,139161200.0
2025-12-29,65.66,66.49,63.92,66.010002,153207900.0
2025-12-30,69.11,70.76,68.029999,68.98,117759200.0
2025-12-31,65.54,66.88,63.53,64.42,114745300.0
2026-01-02,67.3,67.36,64.75,65.75,75553300.0
2026-01-05,69.45,70.6,68.52,69.080002,103313300.0
2026-01-06,71.43,73.84,71.35,73.71,105539100.0
2026-01-07,69.82,71.55,69.22,70.96,93679500.0
2026-01-08,67.24,69.77,66.92,69.71,77918300.0
2026-01-09,71.31,72.99,70.87,72.38,90650100.0
2026-01-12,76.11,78.18,76.0,77.23,105429600.0
2026-01-13,80.029999,80.8,77.86,78.6,140656900.0
2026-01-14,83.34,84.78,81.28,84.56,177419400.0
2026-01-15,80.74,84.33,80.54,83.32,160702100.0
2026-01-16,80.33,81.52,78.75,81.019997,132767200.0
2026-01-20,86.19,86.33,84.38,85.39,101272300.0
2026-01-21,85.6,85.9,81.89,83.96,141683900.0
2026-01-22,84.79,87.52,84.71,87.13,86965000.0
2026-01-23,90.19,92.98,89.67,92.91,143739100.0
2026-01-26,99.37,106.7,96.51,98.34,393030300.0
2026-01-27,97.98,101.74,95.07,101.59,215489700.0
2026-01-28,102.78,106.45,100.0,105.6,184566000.0
2026-01-29,109.53,109.83,96.74,105.57,246351300.0
2026-01-30,89.33,92.14,69.12,75.44,510687700.0
2026-02-02,73.8,74.92,68.26,72.44,220063200.0
2026-02-03,79.050003,80.72,74.91,76.96,175508800.0
2026-02-04,82.6,82.8,75.76,79.18,130805800.0
2026-02-05,68.23,70.52,65.51,66.69,170928000.0
2026-02-06,67.72,70.84,67.46,70.19,71262700.0
2026-02-09,72.88,76.16,72.55,76.040001,88229100.0
2026-02-10,74.72,75.25,72.46,73.41,68588500.0
2026-02-11,76.92,76.99,74.8,76.56,75806900.0
2026-02-12,75.19,75.67,67.36,67.73,128437700.0
2026-02-13,71.21,71.32,68.86,69.72,69570800.0
2026-02-17,67.27,67.7,65.14,66.37,82561700.0
2026-02-18,69.66,70.97,69.07,70.089996,63749400.0
2026-02-19,70.68,71.67,69.85,71.010002,49022500.0
2026-02-20,73.11,76.68,72.25,76.62,86636800.0
2026-02-23,78.4,80.7,77.91,80.57,94752100.0
2026-02-24,78.23,79.94,77.94,79.080002,56012600.0
2026-02-25,81.86,82.73,79.88,80.040001,64933100.0
2026-02-26,78.76,80.57,72.52,80.45,52050400.0
2026-02-27,83.25,85.27,82.36,84.99,69525200.0
2026-03-02,81.17,82.37,78.34,81.57,96957600.0
2026-03-03,74.21,76.14,71.68,74.68,89651700.0
2026-03-04,76.34,77.059998,74.41,75.34,39022500.0
2026-03-05,74.94,75.52,73.010002,74.27,49446300.0
2026-03-06,75.089996,76.97,74.58,75.94,40550700.0
2026-03-09,76.43,78.56,75.24,78.26,34865500.0
2026-03-10,80.89,81.28,78.73,80.089996,37263700.0
2026-03-11,78.029999,78.059998,76.45,77.91,30665400.0
2026-03-12,78.53,78.54,76.36,76.48,29762300.0
2026-03-13,76.07,76.28,71.92,72.69,46251900.0
2026-03-16,73.26,73.96,72.010002,73.22,37193100.0
2026-03-17,73.16,73.72,70.84,71.66,32991800.0
2026-03-18,69.51,70.55,68.66,68.7,46745900.0
2026-03-19,61.9,65.74,60.85,65.68,96191600.0
2026-03-20,64.68,64.96,61.25,61.52,56912300.0
2026-03-23,61.3,64.11,60.98,62.47,72440000.0
2026-03-24,61.62,63.69,61.27,62.95,48268000.0
2026-03-25,66.040001,66.4,64.48,65.21,38165900.0
2026-03-26,62.099998,63.14,60.37,60.77,56080500.0
2026-03-27,61.43,64.88,61.22,63.44,52470800.0
2026-03-30,64.46,64.63,63.02,63.52,30512000.0
2026-03-31,65.84,68.2,65.69,68.14,42141600.0
2026-04-01,67.96,68.91,67.38,68.14,38360700.0
2026-04-02,63.55,66.23,63.49,65.79,37002900.0
2026-04-06,65.85,66.29,65.22,66.089996,18134500.0
2026-04-07,65.28,66.19,63.2,65.94,30458600.0
2026-04-08,69.73,69.93,66.52,67.47,31631900.0
2026-04-09,67.62,69.34,67.17,68.39,27210000.0
2026-04-10,69.099998,69.55,68.56,69.080002,20820600.0
2026-04-13,67.17,68.68,66.58,68.28,25330600.0
2026-04-14,70.33,72.07,70.27,72.040001,33053300.0
2026-04-15,71.92,72.9,71.35,71.84,23587700.0
2026-04-16,71.92,72.22,70.66,71.24,21529700.0
2026-04-17,73.89,75.16,73.42,73.63,35188600.0
2026-04-20,72.65,72.82,71.81,72.15,20811500.0
2026-04-21,70.99,71.56,68.35,68.49,31487000.0
2026-04-22,70.55,70.96,70.23,70.37,14416100.0
2026-04-23,68.77,69.24,67.52,68.38,21937400.0
2026-04-24,68.29,69.42,68.099998,68.79,16377900.0
2026-04-27,68.3,68.55,67.55,68.33,13347200.0
2026-04-28,65.79,66.54,65.37,66.2,21555800.0
2026-04-29,64.96,65.27,64.13,64.84,18681700.0
2026-04-30,66.7,66.81,65.88,66.66,16140700.0
2026-05-01,67.58,69.65,67.51,68.29,20237200.0
2026-05-04,66.39,67.58,65.61,65.94,20986400.0
2026-05-05,66.77,66.95,65.85,65.91,12632100.0
2026-05-06,69.56,70.39,69.44,70.13,24490800.0
2026-05-07,73.28,74.33,71.16,71.6,33453100.0
2026-05-08,73.29,73.83,72.28,73.010002,19126000.0
2026-05-11,77.050003,78.0,76.14,78.0,38320800.0
2026-05-12,76.5,78.62,75.15,78.55,30999500.0
2026-05-13,78.66,80.86,78.27,79.35,31013600.0
2026-05-14,77.29,77.29,75.39,75.51,27151500.0
2026-05-15,69.74,70.059998,68.55,69.040001,45770100.0
2026-05-18,70.23,70.77,68.88,69.94,22926600.0
2026-05-19,66.68,67.8,66.11,66.9,23057300.0
2026-05-20,67.82,69.33,67.33,68.73,22463200.0
2026-05-21,67.68,69.75,67.31,69.45,17099100.0
2026-05-22,68.86,69.059998,67.8,68.36,14406300.0
2026-05-26,69.019997,69.73,68.59,69.72,15492500.0
2026-05-27,66.88,67.92,66.88,67.5,15831700.0
2026-05-28,66.55,68.76,66.16,68.36,18945000.0
2026-05-29,68.56,69.35,67.48,68.33,16549300.0
2026-06-01,67.49,68.24,66.8,67.67,16531500.0
2026-06-02,68.69,69.029999,67.63,67.99,11642600.0
2026-06-03,67.0,67.14,66.099998,66.21,13716200.0
2026-06-04,67.5,67.72,66.2,66.98,11803600.0
2026-06-05,64.059998,64.25,61.36,61.57,37795100.0
2026-06-08,62.029999,62.3,61.24,61.58,22342200.0
2026-06-09,61.82,62.43,58.22,59.0099983,34115100.0
2026-06-10,58.19,59.47,57.63,57.66,28661800.0
2026-06-11,57.45,61.099998,57.3,60.82,30766100.0
2026-06-12,60.53,61.83,59.87,61.29,21271700.0
2026-06-15,64.28,64.5,63.24,63.47,19878900.0
2026-06-16,63.7,63.85,62.76,63.39,16353800.0
2026-06-17,63.54,64.69,60.39,60.61,33399800.0
2026-06-18,60.74,61.12,58.85,59.51,28928200.0
2026-06-22,60.09,60.33,58.75,58.91,16469800.0
2026-06-23,56.16,56.51,55.47,55.73,20777800.0
2026-06-24,52.94,53.9,50.31,51.78,51913700.0
2026-06-25,52.71,53.2,51.5,52.36,24606600.0
2026-06-26,52.87,53.87,52.46,53.28,15469200.0
2026-06-29,52.78,52.93,51.93,52.68,14264300.0
2026-06-30,53.33,54.65,53.19,53.47,15720000.0
2026-07-01,53.33,55.16,53.23,53.58,16209100.0
2026-07-02,55.11,56.13,54.57,55.02,16907700.0
2026-07-06,55.74,56.37,55.61,56.11,13649000.0
2026-07-07,55.39,55.94,53.75,54.46,14497800.0
2026-07-08,52.76,53.09,51.72,52.83,20091200.0
2026-07-09,54.11,54.78,53.99,54.14,11833000.0
2026-07-10,53.69,54.29,53.23,53.95,11734300.0
2026-07-13,52.95,53.0,51.78,52.16,17653100.0
2026-07-14,53.53,53.94,52.86,53.17,13208700.0
2026-07-15,52.71,52.9,51.19,52.21,16315300.0
2026-07-16,50.91,51.080002,50.02,50.39,19377900.0
2026-07-17,49.7,50.82,49.61,50.78,15482000.0
2026-07-20,51.2,51.7,50.95,50.98,12897600.0
2026-07-21,52.86,53.52,52.66,53.080002,12776300.0
2026-07-22,53.78,55.080002,53.78,53.92,13925300.0
2026-07-23,52.09,52.46,51.77,52.060001,13725000.0
2026-07-24,52.34,53.33,52.3,52.59,11134400.0
2026-07-27,53.040001,53.33,52.57,52.93,13115200.0
2026-07-28,51.61,52.0099983,51.19,51.7,10764300.0
2026-07-29,51.72,53.56,51.27,51.77,20374100.0
2026-07-30,52.35,53.55,52.21,53.5,16206600.0
2026-07-31,51.95,52.42,51.54,52.36,11609700.0
2026-08-03,51.25,52.62,51.12,52.46,11966300.0
2026-08-04,53.97,54.28,53.58,53.84,14035800.0
2026-08-05,56.099998,56.75,55.8,56.07,21619200.0
2026-08-06,55.46,55.88,55.0,55.85,13389000.0
2026-08-07,58.0,58.18,56.99,57.5,20302100.0
2026-08-10,57.8,59.72,57.52,59.41,21772600.0
2026-08-11,58.67,58.99,58.16,58.55,13408900.0
2026-08-12,59.58,59.96,58.79,59.060001,18592000.0
2026-08-13,58.81,58.88,58.0099983,58.16,11660000.0
2026-08-14,58.83,59.37,58.42,58.48,10303500.0
2026-08-17,59.0,60.15,58.95,59.57,12275100.0
2026-08-18,58.62,59.0099983,57.23,57.44,13479500.0
2026-08-19,58.9,60.049999,58.59,60.0099983,21288000.0
2026-08-20,60.26,62.33,60.26,61.66,24147900.0
2026-08-21,62.9,63.21,62.26,62.72,22835500.0
2026-08-24,62.81,63.029999,61.73,62.2,19895200.0
2026-08-25,60.99,62.62,60.94,62.32,14178700.0
2026-08-26,61.59,61.96,61.02,61.59,12864800.0
2026-08-27,61.67,62.97,61.080002,62.77,14484700.0
2026-08-28,63.93,64.31,59.73,60.02,36189800.0
2026-08-31,60.39,60.42,59.66,60.13,14752300.0
2026-09-01,58.39,59.060001,57.85,57.92,17814000.0
2026-09-02,58.73,59.24,58.55,59.07,10760600.0
2026-09-03,60.02,60.95,59.6,60.55,13837400.0
2026-09-04,59.16,59.97,59.13,59.82,12642800.0
2026-09-08,59.87,60.15,59.21,59.37,9745800.0
2026-09-09,61.17,61.71,60.16,60.72,20478000.0
2026-09-10,58.42,58.73,57.38,57.5,23370700.0
2026-09-11,58.73,58.96,57.88,58.12,15711600.0
2026-09-14,56.84,57.68,56.65,56.84,14116900.0
