date,open,high,low,close,volume
2013-01-02,291.51999,292.32001,286.079987,291.84,977069.0
2013-01-03,286.72,291.51999,285.28,287.040009,474563.0
2013-01-04,292.79999,297.12,291.35999,294.72,474663.0
2013-01-07,300.64001,301.60001,291.67999,294.39999,394550.0
2013-01-08,291.20001,294.56,288.48001,290.72,560644.0
2013-01-09,283.84,285.76001,278.079987,281.12,956581.0
2013-01-10,282.72,288.95999,282.079987,287.20001,559288.0
2013-01-11,294.39999,300.79999,292.95999,299.51999,864038.0
2013-01-14,304.95999,307.040009,303.040009,303.67999,439931.0
2013-01-15,304.0,311.84,301.44,309.60001,350831.0
2013-01-16,309.44,311.040009,303.040009,309.12,318188.0
2013-01-17,307.67999,317.60001,306.079987,313.92001,539350.0
2013-01-18,315.67999,321.92001,314.079987,321.60001,463756.0
2013-01-22,321.60001,323.20001,315.040009,319.51999,548344.0
2013-01-23,317.76001,322.39999,316.79999,320.0,306119.0
2013-01-24,320.64001,323.040009,310.39999,312.48001,631894.0
2013-01-25,312.16,314.56,309.28,312.32001,269038.0
2013-01-28,299.20001,300.79999,296.79999,296.79999,682919.0
2013-01-29,293.28,296.95999,292.16,293.76001,350538.0
2013-01-30,296.32001,300.95999,294.72,300.32001,314550.0
2013-01-31,298.23999,305.44,291.84,300.16,934981.0
2013-02-01,301.60001,304.95999,295.20001,296.64001,322944.0
2013-02-04,296.16,301.76001,296.0,298.72,194675.0
2013-02-05,300.32001,308.16,298.56,306.88,342125.0
2013-02-06,309.76001,311.20001,307.20001,309.76001,245938.0
2013-02-07,307.51999,308.48001,295.51999,296.64001,421438.0
2013-02-08,297.60001,299.35999,293.12,293.76001,212944.0
2013-02-11,290.23999,296.48001,289.76001,295.20001,273806.0
2013-02-12,295.67999,297.12,290.079987,292.32001,171669.0
2013-02-13,293.76001,298.88,293.12,296.32001,219981.0
2013-02-14,293.92001,295.35999,282.39999,285.44,726125.0
2013-02-15,286.23999,287.20001,283.040009,284.48001,207369.0
2013-02-19,290.72,294.079987,289.92001,292.79999,547931.0
2013-02-20,294.72,295.20001,292.0,293.12,212525.0
2013-02-21,291.20001,296.95999,288.64001,290.39999,453094.0
2013-02-22,291.51999,295.35999,289.76001,293.76001,151813.0
2013-02-25,303.67999,306.39999,301.44,305.28,550381.0
2013-02-26,304.95999,306.72,302.23999,303.67999,256631.0
2013-02-27,307.35999,313.12,300.64001,301.12,455863.0
2013-02-28,303.20001,309.12,299.84,306.88,402525.0
2013-03-01,306.72,310.23999,303.20001,305.12,167419.0
2013-03-04,308.0,311.67999,306.72,311.20001,197956.0
2013-03-05,314.56,316.64001,309.44,310.39999,257750.0
2013-03-06,309.60001,311.84,305.12,306.88,264738.0
2013-03-07,308.16,317.44,307.84,315.35999,443738.0
2013-03-08,315.67999,320.32001,315.20001,320.16,258156.0
2013-03-11,317.44,321.60001,317.28,320.64001,175519.0
2013-03-12,321.44,323.040009,318.88,319.84,176063.0
2013-03-13,323.51999,325.44,322.079987,324.16,142206.0
2013-03-14,328.79999,337.12,328.48001,336.64001,373550.0
2013-03-15,341.76001,345.12,337.44,338.72,387219.0
2013-03-18,346.56,348.64001,339.20001,340.16,356963.0
2013-03-19,342.88,348.64001,342.39999,347.67999,376806.0
2013-03-20,344.32001,357.60001,343.040009,346.079987,310725.0
2013-03-21,349.12,352.95999,341.28,344.32001,568469.0
2013-03-22,350.72,351.20001,343.51999,345.44,302950.0
2013-03-25,348.79999,349.28,338.72,339.20001,270713.0
2013-03-26,340.79999,348.32001,339.51999,347.67999,310575.0
2013-03-27,352.64001,357.60001,351.35999,355.84,440231.0
2013-03-28,352.64001,358.079987,346.23999,350.079987,553781.0
2013-04-01,345.60001,352.32001,345.60001,351.51999,227131.0
2013-04-02,346.39999,348.16,343.67999,345.60001,208988.0
2013-04-03,344.16,346.079987,339.67999,340.16,200794.0
2013-04-04,341.92001,346.72,336.64001,343.84,367831.0
2013-04-05,353.28,360.32001,351.040009,359.35999,800788.0
2013-04-08,361.76001,364.16,352.79999,355.84,357200.0
2013-04-09,354.079987,354.56,347.51999,351.20001,244813.0
2013-04-10,356.79999,362.56,354.39999,356.32001,471906.0
2013-04-11,356.16,364.64001,352.79999,362.23999,396000.0
2013-04-12,366.079987,370.39999,364.48001,369.60001,382988.0
2013-04-15,369.60001,370.39999,359.040009,361.28,268475.0
2013-04-16,360.79999,364.48001,355.67999,364.0,217425.0
2013-04-17,364.95999,367.20001,361.28,365.92001,215313.0
2013-04-18,366.079987,385.44,363.51999,384.48001,582175.0
2013-04-19,380.79999,384.48001,379.67999,384.0,190019.0
2013-04-22,375.51999,376.0,370.88,371.67999,523500.0
2013-04-23,372.48001,376.32001,368.32001,368.48001,236375.0
2013-04-24,372.79999,372.79999,363.040009,364.16,334463.0
2013-04-25,361.60001,370.56,360.95999,362.079987,440863.0
2013-04-26,361.92001,368.0,353.60001,366.56,392000.0
2013-04-29,372.0,379.84,371.20001,378.72,471656.0
2013-04-30,378.56,380.0,373.60001,375.51999,217225.0
2013-05-01,379.20001,384.0,372.95999,373.76001,289594.0
2013-05-02,372.95999,373.12,347.67999,350.56,941075.0
2013-05-03,348.0,351.67999,346.079987,351.040009,347394.0
2013-05-06,345.92001,350.56,344.32001,348.16,253719.0
2013-05-07,344.48001,345.44,338.56,340.79999,319225.0
2013-05-08,343.20001,344.79999,340.32001,344.0,151838.0
2013-05-09,342.56,347.35999,335.35999,343.67999,358850.0
2013-05-10,343.35999,345.76001,337.76001,338.39999,209294.0
2013-05-13,341.28,343.67999,337.92001,339.20001,164619.0
2013-05-14,345.12,348.16,343.35999,346.72,153475.0
2013-05-15,351.040009,352.48001,349.28,352.0,190463.0
2013-05-16,348.64001,348.95999,338.23999,340.79999,360025.0
2013-05-17,340.32001,354.079987,340.32001,349.92001,661331.0
2013-05-20,357.76001,358.23999,351.35999,352.79999,278900.0
2013-05-21,359.20001,363.35999,358.56,361.76001,252050.0
2013-05-22,360.64001,361.92001,358.56,360.95999,213381.0
2013-05-23,359.67999,368.32001,358.88,367.040009,432394.0
2013-05-24,366.079987,366.56,364.32001,365.44,126556.0
2013-05-28,359.35999,363.20001,357.76001,359.84,218319.0
2013-05-29,356.16,357.92001,351.51999,356.16,210200.0
2013-05-30,352.79999,356.48001,342.39999,344.32001,523356.0
2013-05-31,344.0,346.079987,339.84,340.95999,289819.0
2013-06-03,340.48001,344.79999,339.20001,340.95999,158775.0
2013-06-04,341.60001,343.51999,340.64001,340.95999,116931.0
2013-06-05,339.67999,342.72,339.67999,341.60001,163081.0
2013-06-06,335.51999,336.0,326.39999,329.44,580381.0
2013-06-07,327.040009,328.79999,326.39999,326.88,130369.0
2013-06-10,327.51999,330.079987,322.56,324.48001,209988.0
2013-06-11,321.44,322.56,317.60001,318.39999,197350.0
2013-06-12,319.84,323.35999,319.35999,322.079987,125194.0
2013-06-13,318.56,328.48001,317.92001,325.60001,266681.0
2013-06-14,322.88,322.88,318.56,319.51999,184456.0
2013-06-17,325.76001,332.48001,325.60001,331.20001,321694.0
2013-06-18,332.48001,336.79999,329.44,333.12,300119.0
2013-06-19,337.60001,339.35999,336.0,336.79999,149994.0
2013-06-20,332.0,336.16,327.040009,331.20001,311281.0
2013-06-21,328.64001,329.12,321.12,323.51999,209681.0
2013-06-24,322.56,323.84,318.39999,319.51999,206194.0
2013-06-25,317.76001,318.079987,311.040009,312.79999,261294.0
2013-06-26,313.76001,318.23999,311.51999,317.28,241313.0
2013-06-27,314.56,316.16,301.60001,304.79999,746138.0
2013-06-28,303.20001,306.079987,299.040009,303.20001,313531.0
2013-07-01,303.84,305.76001,300.0,303.67999,326475.0
2013-07-02,305.60001,310.39999,304.32001,309.44,288875.0
2013-07-03,304.0,310.56,303.20001,307.84,242281.0
2013-07-05,305.60001,307.20001,303.20001,306.39999,159744.0
2013-07-08,316.0,319.040009,314.23999,315.51999,475294.0
2013-07-09,313.60001,314.39999,307.35999,310.56,459500.0
2013-07-10,315.20001,315.67999,308.48001,310.88,298675.0
2013-07-11,307.84,313.76001,303.040009,306.56,639450.0
2013-07-12,309.92001,312.95999,308.16,308.48001,293444.0
2013-07-15,309.28,312.0,300.48001,311.040009,397719.0
2013-07-16,308.0,314.88,307.20001,311.67999,240969.0
2013-07-17,309.92001,309.92001,305.76001,307.67999,164100.0
2013-07-18,312.32001,324.64001,310.72,322.079987,570769.0
2013-07-19,319.67999,322.72,318.39999,320.64001,383225.0
2013-07-22,309.44,312.95999,308.48001,312.79999,480056.0
2013-07-23,317.76001,318.72,315.84,316.64001,171900.0
2013-07-24,316.79999,320.48001,312.79999,314.23999,171956.0
2013-07-25,316.64001,318.56,308.64001,309.92001,383744.0
2013-07-26,306.23999,306.39999,301.12,303.040009,363188.0
2013-07-29,292.32001,295.84,290.23999,295.20001,683200.0
2013-07-30,293.60001,295.35999,289.60001,291.84,267081.0
2013-07-31,293.28,293.92001,289.76001,291.35999,247431.0
2013-08-01,291.35999,291.35999,283.040009,286.72,1049206.0
2013-08-02,287.20001,288.0,283.040009,283.51999,315894.0
2013-08-05,284.0,284.79999,280.32001,282.88,198525.0
2013-08-06,283.20001,283.51999,280.32001,280.95999,242813.0
2013-08-07,277.60001,277.60001,274.39999,275.35999,337606.0
2013-08-08,275.20001,281.76001,265.44,280.48001,605331.0
2013-08-09,279.20001,281.12,272.32001,273.44,402469.0
2013-08-12,281.44,284.64001,279.35999,279.67999,515769.0
2013-08-13,277.44,281.60001,276.64001,280.32001,273788.0
2013-08-14,283.20001,285.92001,282.56,283.040009,203638.0
2013-08-15,281.76001,290.079987,281.44,288.95999,291638.0
2013-08-16,286.23999,287.20001,285.12,285.76001,167475.0
2013-08-19,295.040009,296.0,291.67999,291.67999,380381.0
2013-08-20,294.39999,296.16,290.72,291.67999,132413.0
2013-08-21,294.72,294.88,292.95999,293.60001,189200.0
2013-08-22,296.16,301.44,295.84,299.20001,309169.0
2013-08-23,297.60001,298.56,295.040009,296.0,140406.0
2013-08-26,298.88,299.040009,295.51999,297.28,126194.0
2013-08-27,293.60001,300.79999,292.95999,300.16,181738.0
2013-08-28,298.39999,301.28,295.040009,300.48001,168719.0
2013-08-29,304.95999,306.39999,295.040009,303.67999,553319.0
2013-08-30,302.72,305.12,299.84,303.20001,170656.0
2013-09-03,307.20001,309.12,305.44,308.0,250881.0
2013-09-04,308.0,309.60001,305.76001,308.79999,143269.0
2013-09-05,311.20001,311.51999,299.20001,300.48001,392681.0
2013-09-06,297.76001,299.35999,295.51999,296.64001,184738.0
2013-09-09,301.44,304.16,298.72,303.20001,219144.0
2013-09-10,300.79999,301.28,297.44,300.79999,329963.0
2013-09-11,300.48001,303.84,296.32001,299.20001,237769.0
2013-09-12,298.72,307.84,298.079987,305.92001,345019.0
2013-09-13,303.84,309.76001,303.67999,308.0,226094.0
2013-09-16,307.51999,314.72,307.35999,313.44,264994.0
2013-09-17,316.16,316.16,312.32001,313.12,173138.0
2013-09-18,312.16,313.28,308.48001,312.16,149750.0
2013-09-19,313.60001,319.67999,308.64001,311.35999,342500.0
2013-09-20,308.64001,310.39999,307.040009,309.76001,124969.0
2013-09-23,305.92001,307.84,302.23999,302.72,339388.0
2013-09-24,300.0,300.0,292.79999,294.23999,446669.0
2013-09-25,294.39999,296.16,291.51999,292.48001,208456.0
2013-09-26,289.12,295.040009,284.95999,293.76001,407169.0
2013-09-27,291.20001,296.79999,290.88,295.67999,251375.0
2013-09-30,290.88,293.60001,288.79999,292.48001,180850.0
2013-10-01,295.84,300.48001,295.20001,296.64001,245231.0
2013-10-02,298.72,299.040009,291.040009,291.51999,212931.0
2013-10-03,291.51999,291.84,287.35999,288.48001,293238.0
2013-10-04,289.60001,290.56,286.39999,288.95999,142456.0
2013-10-07,296.79999,300.95999,295.51999,298.56,393656.0
2013-10-08,304.16,306.72,303.35999,305.60001,310850.0
2013-10-09,303.84,305.28,302.079987,303.040009,181338.0
2013-10-10,307.51999,312.0,305.76001,306.88,353550.0
2013-10-11,308.95999,311.20001,308.48001,310.72,199269.0
2013-10-14,314.39999,314.56,309.12,313.28,190869.0
2013-10-15,314.079987,315.040009,310.23999,312.64001,195681.0
2013-10-16,315.040009,317.60001,308.79999,309.44,259819.0
2013-10-17,307.040009,309.28,306.56,309.28,136981.0
2013-10-18,305.76001,310.88,303.35999,309.12,197056.0
2013-10-21,309.28,309.44,300.0,301.28,278800.0
2013-10-22,297.76001,299.67999,293.60001,294.88,351013.0
2013-10-23,295.67999,297.76001,294.72,296.16,121400.0
2013-10-24,292.79999,298.23999,290.88,297.76001,212463.0
2013-10-25,299.51999,303.84,296.0,302.88,187638.0
2013-10-28,292.64001,294.079987,289.76001,291.040009,456656.0
2013-10-29,289.12,291.51999,286.39999,288.79999,290706.0
2013-10-30,289.28,290.079987,286.39999,288.0,184388.0
2013-10-31,287.35999,287.67999,281.92001,284.32001,398425.0
2013-11-01,279.67999,280.95999,278.39999,279.20001,332081.0
2013-11-04,272.16,273.60001,270.56,273.44,409494.0
2013-11-05,271.35999,276.48001,270.88,276.16,264088.0
2013-11-06,276.16,281.28,275.040009,277.60001,253963.0
2013-11-07,285.12,285.92001,277.76001,279.20001,348450.0
2013-11-08,280.95999,284.64001,280.16,282.72,176281.0
2013-11-11,284.0,284.64001,280.95999,283.20001,144919.0
2013-11-12,287.67999,289.92001,286.39999,288.64001,280544.0
2013-11-13,286.079987,288.0,282.079987,282.88,238800.0
2013-11-14,278.56,287.20001,276.95999,286.23999,344425.0
2013-11-15,287.51999,290.39999,285.60001,289.28,226994.0
2013-11-18,290.72,291.67999,286.23999,286.72,208788.0
2013-11-19,287.040009,287.35999,281.28,281.44,247013.0
2013-11-20,288.0,290.88,285.28,290.079987,263894.0
2013-11-21,292.16,295.35999,290.079987,292.32001,302694.0
2013-11-22,297.28,299.040009,296.16,298.56,266531.0
2013-11-25,301.76001,302.39999,297.28,300.48001,300875.0
2013-11-26,300.48001,302.88,296.0,302.079987,339806.0
2013-11-27,302.079987,306.079987,301.60001,305.28,348294.0
2013-11-29,306.079987,309.12,305.44,306.39999,209119.0
2013-12-02,306.079987,312.16,305.60001,309.60001,311169.0
2013-12-03,310.39999,313.92001,308.48001,310.079987,253250.0
2013-12-04,311.84,313.60001,309.28,309.76001,236900.0
2013-12-05,311.67999,324.0,311.20001,323.040009,656713.0
2013-12-06,325.44,328.32001,320.79999,322.72,324669.0
2013-12-09,327.67999,331.84,326.39999,331.20001,297713.0
2013-12-10,334.23999,334.23999,328.16,332.16,341069.0
2013-12-11,330.56,339.35999,329.28,339.35999,385706.0
2013-12-12,344.32001,345.76001,336.64001,341.92001,856550.0
2013-12-13,341.44,347.20001,339.84,342.56,354138.0
2013-12-16,333.60001,337.44,331.84,333.12,510363.0
2013-12-17,332.32001,338.39999,328.32001,334.72,515544.0
2013-12-18,336.16,337.44,332.64001,334.56,205969.0
2013-12-19,339.84,350.39999,337.44,348.0,767400.0
2013-12-20,347.35999,352.32001,346.56,348.64001,288269.0
2013-12-23,353.60001,355.040009,351.20001,352.79999,308038.0
2013-12-24,348.95999,349.60001,345.44,348.48001,141844.0
2013-12-26,346.39999,351.35999,344.0,348.95999,161075.0
2013-12-27,343.67999,345.76001,338.56,338.88,474025.0
2013-12-30,347.35999,348.16,343.51999,345.12,499638.0
2013-12-31,338.88,339.040009,329.12,331.040009,653638.0
2014-01-02,335.35999,337.44,332.64001,334.88,304894.0
2014-01-03,333.12,341.92001,327.67999,336.95999,555400.0
2014-01-06,336.48001,338.23999,332.32001,335.35999,217775.0
2014-01-07,342.88,343.67999,332.32001,336.64001,381538.0
2014-01-08,334.72,336.79999,327.84,327.84,416769.0
2014-01-09,323.20001,326.23999,311.51999,315.040009,747669.0
2014-01-10,312.79999,319.20001,312.79999,316.95999,312463.0
2014-01-13,328.48001,335.35999,327.35999,335.20001,611800.0
2014-01-14,337.60001,341.12,334.72,339.51999,368725.0
2014-01-15,342.72,344.95999,336.32001,337.28,338788.0
2014-01-16,348.95999,349.12,338.23999,340.32001,708700.0
2014-01-17,336.79999,340.79999,334.079987,334.079987,361713.0
2014-01-21,343.84,345.28,340.32001,344.64001,279031.0
2014-01-22,354.88,361.76001,353.12,360.0,785063.0
2014-01-23,368.48001,370.88,355.51999,364.95999,797481.0
2014-01-24,375.35999,398.23999,373.28,393.76001,1637669.0
2014-01-27,386.39999,390.88,367.20001,373.92001,1754669.0
2014-01-28,375.35999,391.51999,374.88,386.88,1162813.0
2014-01-29,394.079987,432.79999,391.84,427.67999,2461269.0
2014-01-30,408.32001,418.079987,387.040009,388.0,3412438.0
2014-01-31,389.12,391.51999,372.64001,386.88,1935781.0
2014-02-03,383.20001,391.040009,380.64001,388.95999,846463.0
2014-02-04,412.16,426.079987,409.60001,418.39999,2592556.0
2014-02-05,433.92001,436.95999,393.60001,404.95999,2510750.0
2014-02-06,405.60001,408.48001,386.39999,396.0,1580463.0
2014-02-07,381.28,392.0,374.23999,377.92001,1433944.0
2014-02-10,373.76001,377.60001,360.0,362.39999,1503388.0
2014-02-11,370.72,386.72,368.95999,386.56,1624350.0
2014-02-12,384.32001,395.35999,377.76001,380.0,1357506.0
2014-02-13,387.35999,406.39999,386.72,403.20001,1987256.0
2014-02-14,406.88,411.84,399.35999,399.67999,838088.0
2014-02-18,415.51999,421.92001,413.76001,419.20001,1446981.0
2014-02-19,429.92001,441.28,428.32001,431.20001,2762075.0
2014-02-20,432.95999,439.84,425.76001,428.64001,1590331.0
2014-02-21,437.60001,444.0,426.72,443.040009,1312938.0
2014-02-24,444.64001,446.23999,406.88,417.92001,2912000.0
2014-02-25,404.48001,423.20001,404.16,412.79999,1771444.0
2014-02-26,404.95999,409.44,399.040009,401.76001,1404238.0
2014-02-27,399.35999,404.64001,394.72,396.64001,837031.0
2014-02-28,404.79999,412.79999,402.39999,408.16,1106644.0
2014-03-03,410.88,413.28,395.35999,398.079987,734294.0
2014-03-04,408.16,413.92001,400.32001,409.28,1117519.0
2014-03-05,406.88,412.64001,399.20001,404.79999,928969.0
2014-03-06,404.32001,415.84,401.44,411.20001,1085738.0
2014-03-07,413.60001,413.60001,404.48001,408.79999,388063.0
2014-03-10,408.16,412.48001,403.67999,411.51999,389906.0
2014-03-11,407.84,411.51999,405.12,407.20001,434719.0
2014-03-12,396.95999,402.079987,396.48001,399.51999,639188.0
2014-03-13,392.0,393.76001,385.60001,388.95999,814063.0
2014-03-14,391.040009,393.28,387.51999,391.35999,445194.0
2014-03-17,401.92001,403.20001,398.56,398.56,587750.0
2014-03-18,396.64001,397.92001,393.60001,394.72,330056.0
2014-03-19,393.28,397.60001,391.84,395.67999,190888.0
2014-03-20,391.67999,393.92001,386.23999,388.79999,628038.0
2014-03-21,383.35999,384.79999,381.12,383.67999,556619.0
2014-03-24,381.28,383.20001,379.35999,382.88,260869.0
2014-03-25,390.88,394.72,389.44,392.95999,681744.0
2014-03-26,390.72,394.39999,388.16,391.20001,390700.0
2014-03-27,395.35999,407.040009,393.60001,401.60001,926250.0
2014-03-28,403.20001,404.0,399.20001,400.0,385363.0
2014-03-31,390.23999,391.67999,386.72,390.72,751631.0
2014-04-01,385.92001,386.88,380.64001,381.44,607875.0
2014-04-02,387.20001,390.88,385.28,388.95999,744850.0
2014-04-03,393.44,399.51999,389.12,395.35999,741456.0
2014-04-04,396.32001,398.88,393.92001,395.040009,200344.0
2014-04-07,401.28,402.72,397.44,398.72,508850.0
2014-04-08,402.39999,405.60001,402.23999,404.16,486300.0
2014-04-09,402.72,409.28,401.92001,407.20001,414681.0
2014-04-10,404.79999,419.040009,403.040009,412.64001,910044.0
2014-04-11,413.28,414.23999,410.23999,411.84,205038.0
2014-04-14,404.64001,407.67999,404.48001,406.079987,398281.0
2014-04-15,409.60001,412.48001,403.35999,407.040009,316744.0
2014-04-16,405.92001,406.88,402.88,403.67999,216194.0
2014-04-17,401.44,421.92001,399.35999,420.79999,1187800.0
2014-04-21,422.72,424.79999,417.60001,418.079987,211044.0
2014-04-22,420.32001,422.88,419.20001,422.39999,173169.0
2014-04-23,424.0,425.28,420.32001,421.44,138800.0
2014-04-24,424.64001,426.56,416.0,417.44,273488.0
2014-04-25,416.0,416.0,411.67999,413.12,394325.0
2014-04-28,421.60001,426.88,421.12,423.20001,722775.0
2014-04-29,423.20001,429.76001,422.079987,429.28,461544.0
2014-04-30,422.56,430.079987,421.28,424.79999,351500.0
2014-05-01,425.44,426.079987,417.28,417.76001,394131.0
2014-05-02,420.48001,420.79999,414.23999,415.84,191581.0
2014-05-05,416.95999,419.040009,415.20001,416.48001,182781.0
2014-05-06,423.35999,426.23999,422.39999,426.079987,421675.0
2014-05-07,424.32001,424.48001,417.28,420.79999,365938.0
2014-05-08,417.92001,417.92001,404.32001,405.92001,833794.0
2014-05-09,402.56,403.040009,398.72,401.76001,350519.0
2014-05-12,395.67999,396.79999,392.16,392.16,370338.0
2014-05-13,392.16,393.28,385.44,387.35999,385519.0
2014-05-14,388.16,390.23999,384.64001,388.48001,202456.0
2014-05-15,385.76001,399.67999,381.60001,394.079987,617738.0
2014-05-16,391.51999,394.079987,390.72,391.040009,115725.0
2014-05-19,396.79999,400.32001,394.23999,396.16,585213.0
2014-05-20,397.92001,404.0,396.95999,402.23999,275088.0
2014-05-21,400.79999,402.39999,395.51999,396.48001,186594.0
2014-05-22,395.35999,398.39999,384.95999,386.88,645300.0
2014-05-23,389.28,390.23999,386.23999,389.76001,202281.0
2014-05-27,392.16,399.51999,392.16,397.28,469131.0
2014-05-28,400.95999,409.12,400.16,407.51999,500306.0
2014-05-29,409.60001,411.51999,400.64001,404.79999,391263.0
2014-05-30,398.88,405.60001,397.12,403.20001,312881.0
2014-06-02,401.12,408.64001,400.64001,408.32001,342163.0
2014-06-03,411.040009,412.32001,407.040009,407.20001,245944.0
2014-06-04,406.23999,411.51999,406.23999,411.20001,199569.0
2014-06-05,413.60001,417.60001,405.60001,414.23999,410806.0
2014-06-06,415.20001,418.88,413.92001,418.079987,241900.0
2014-06-09,414.39999,417.44,410.079987,411.35999,254269.0
2014-06-10,405.92001,407.35999,400.16,401.28,389525.0
2014-06-11,403.20001,404.32001,398.39999,399.67999,156150.0
2014-06-12,401.92001,421.60001,400.95999,419.67999,1045463.0
2014-06-13,419.20001,422.23999,417.28,420.0,210413.0
2014-06-16,418.39999,422.72,413.12,416.95999,361344.0
2014-06-17,414.079987,418.88,414.079987,416.48001,148344.0
2014-06-18,419.20001,419.35999,411.040009,412.79999,221125.0
2014-06-19,412.95999,415.84,404.95999,406.56,385269.0
2014-06-20,402.72,404.48001,400.48001,404.48001,350950.0
2014-06-23,396.64001,398.39999,393.92001,395.040009,401419.0
2014-06-24,397.44,403.51999,396.0,400.95999,461669.0
2014-06-25,405.44,405.76001,399.67999,403.20001,146919.0
2014-06-26,404.0,404.0,388.64001,392.16,829106.0
2014-06-27,388.48001,391.040009,385.76001,390.39999,348575.0
2014-06-30,390.23999,396.16,386.23999,393.60001,234413.0
2014-07-01,390.88,395.51999,390.39999,391.51999,195194.0
2014-07-02,388.16,388.48001,382.39999,384.16,523619.0
2014-07-03,382.72,388.79999,381.76001,385.60001,251919.0
2014-07-07,377.44,378.23999,370.39999,373.60001,546275.0
2014-07-08,370.39999,373.60001,364.0,372.79999,555956.0
2014-07-09,371.040009,372.79999,367.040009,367.84,317338.0
2014-07-10,367.67999,369.44,362.56,363.040009,248000.0
2014-07-11,363.51999,365.92001,362.39999,365.60001,189038.0
2014-07-14,366.56,367.20001,360.79999,366.23999,188025.0
2014-07-15,364.79999,365.92001,359.84,360.48001,231738.0
2014-07-16,364.64001,365.60001,362.39999,362.56,203631.0
2014-07-17,357.60001,358.079987,347.040009,349.92001,994519.0
2014-07-18,348.79999,349.60001,347.040009,348.32001,146225.0
2014-07-21,343.040009,343.20001,338.72,340.95999,335931.0
2014-07-22,337.92001,338.56,332.95999,333.28,276106.0
2014-07-23,335.040009,336.79999,332.0,332.32001,281263.0
2014-07-24,333.92001,342.88,333.92001,338.88,595444.0
2014-07-25,335.20001,335.51999,331.67999,333.28,225231.0
2014-07-28,339.20001,339.35999,329.44,331.51999,290731.0
2014-07-29,332.32001,337.12,329.44,336.64001,303519.0
2014-07-30,332.48001,334.39999,330.079987,332.64001,256563.0
2014-07-31,332.95999,342.56,331.20001,337.60001,661088.0
2014-08-01,334.72,341.28,334.079987,334.72,242700.0
2014-08-04,335.67999,339.35999,335.040009,339.040009,170775.0
2014-08-05,343.040009,344.64001,341.76001,342.72,291069.0
2014-08-06,343.51999,347.51999,341.44,347.35999,324338.0
2014-08-07,349.28,352.0,339.84,342.39999,466538.0
2014-08-08,344.95999,349.92001,343.84,349.60001,532025.0
2014-08-11,351.67999,351.84,345.28,350.72,338794.0
2014-08-12,349.44,352.95999,348.16,350.079987,173650.0
2014-08-13,342.88,343.84,336.16,336.95999,735619.0
2014-08-14,338.39999,346.72,338.23999,343.040009,617013.0
2014-08-15,335.35999,335.51999,331.35999,333.60001,739394.0
2014-08-18,334.079987,336.79999,332.79999,333.76001,336363.0
2014-08-19,340.79999,343.84,339.35999,340.95999,610413.0
2014-08-20,339.51999,339.67999,334.23999,337.12,353794.0
2014-08-21,340.79999,344.0,334.39999,342.079987,260813.0
2014-08-22,342.56,343.040009,337.76001,339.35999,134494.0
2014-08-25,345.76001,347.67999,344.64001,347.51999,444400.0
2014-08-26,348.48001,348.95999,343.67999,346.23999,155456.0
2014-08-27,349.76001,351.67999,343.20001,350.079987,480500.0
2014-08-28,352.32001,356.95999,346.88,353.60001,382544.0
2014-08-29,350.39999,356.32001,350.23999,356.16,214431.0
2014-09-02,345.12,347.35999,339.040009,340.95999,828313.0
2014-09-03,337.60001,338.23999,334.23999,336.32001,403406.0
2014-09-04,336.64001,338.56,330.72,334.23999,462969.0
2014-09-05,333.12,334.88,329.92001,332.16,249806.0
2014-09-08,335.20001,339.040009,333.44,338.23999,429675.0
2014-09-09,347.84,349.44,345.92001,346.39999,630900.0
2014-09-10,345.92001,346.56,343.51999,344.64001,250819.0
2014-09-11,339.040009,343.20001,332.16,335.35999,740281.0
2014-09-12,331.67999,336.64001,330.72,335.51999,229938.0
2014-09-15,342.72,344.48001,340.48001,342.39999,419613.0
2014-09-16,337.76001,348.95999,337.44,348.16,422863.0
2014-09-17,349.76001,351.20001,348.64001,349.92001,183725.0
2014-09-18,349.44,350.079987,340.48001,341.44,501925.0
2014-09-19,336.16,337.60001,334.72,335.20001,385331.0
2014-09-22,337.28,338.079987,331.84,335.51999,210888.0
2014-09-23,337.92001,339.51999,331.84,333.12,194494.0
2014-09-24,333.28,341.12,331.20001,338.88,316544.0
2014-09-25,336.64001,344.64001,332.16,343.84,429594.0
2014-09-26,341.76001,346.56,340.79999,345.28,342550.0
2014-09-29,348.32001,357.12,347.51999,353.28,663056.0
2014-09-30,354.56,356.64001,351.67999,353.76001,368275.0
2014-10-01,355.84,356.48001,344.64001,344.95999,387756.0
2014-10-02,341.44,344.79999,335.35999,340.48001,694238.0
2014-10-03,339.67999,347.20001,339.35999,346.079987,300344.0
2014-10-06,335.35999,337.60001,333.60001,335.35999,635825.0
2014-10-07,334.72,340.32001,334.56,338.079987,354644.0
2014-10-08,334.56,336.0,329.28,330.88,691475.0
2014-10-09,329.44,338.079987,327.20001,331.84,650213.0
2014-10-10,331.84,333.44,328.95999,331.040009,170831.0
2014-10-13,330.72,336.79999,330.72,335.51999,361369.0
2014-10-14,337.92001,339.20001,326.39999,328.0,721363.0
2014-10-15,324.0,327.51999,322.88,326.72,315319.0
2014-10-16,326.39999,327.84,321.12,326.56,373863.0
2014-10-17,323.51999,324.32001,319.040009,323.51999,349288.0
2014-10-20,317.76001,317.92001,314.56,315.51999,531031.0
2014-10-21,314.72,318.56,313.12,318.079987,336950.0
2014-10-22,314.72,317.44,312.95999,313.60001,414806.0
2014-10-23,310.56,315.20001,307.35999,312.32001,759131.0
2014-10-24,306.72,310.23999,304.79999,309.76001,264250.0
2014-10-27,304.48001,308.48001,303.20001,304.16,407706.0
2014-10-28,305.44,314.88,303.67999,313.44,524981.0
2014-10-29,315.84,322.079987,314.39999,317.44,705275.0
2014-10-30,319.51999,321.12,316.64001,320.95999,324094.0
2014-10-31,326.39999,329.12,321.28,324.48001,497738.0
2014-11-03,336.0,339.20001,333.92001,337.92001,624981.0
2014-11-04,340.79999,349.60001,339.35999,347.84,840906.0
2014-11-05,351.67999,353.12,346.88,351.35999,547694.0
2014-11-06,349.28,372.79999,344.16,370.56,1368638.0
2014-11-07,360.79999,375.84,358.72,366.39999,1060413.0
2014-11-10,369.92001,372.79999,355.35999,359.20001,856094.0
2014-11-11,349.44,360.48001,349.12,353.28,800350.0
2014-11-12,350.88,353.60001,347.67999,348.64001,558406.0
2014-11-13,344.16,348.16,332.16,333.44,998106.0
2014-11-14,335.51999,341.12,329.76001,340.79999,656638.0
2014-11-17,347.67999,362.72,347.51999,359.20001,1165969.0
2014-11-18,356.16,363.20001,348.16,356.32001,951769.0
2014-11-19,370.56,377.92001,366.88,370.079987,1296369.0
2014-11-20,374.079987,379.67999,360.16,376.16,1365575.0
2014-11-21,365.44,368.16,358.88,359.67999,898475.0
2014-11-24,345.92001,351.84,345.28,349.60001,920194.0
2014-11-25,347.35999,361.92001,346.56,361.12,760881.0
2014-11-26,359.67999,368.95999,353.60001,353.76001,901513.0
2014-11-28,345.60001,346.56,338.88,340.16,391550.0
2014-12-01,324.48001,329.44,320.16,327.35999,1214563.0
2014-12-02,319.84,322.88,314.39999,316.0,941800.0
2014-12-03,310.56,313.44,306.23999,309.76001,672125.0
2014-12-04,305.60001,306.39999,296.64001,296.95999,676738.0
2014-12-05,303.67999,311.51999,301.60001,309.44,727313.0
2014-12-08,300.95999,301.76001,292.32001,295.51999,811669.0
2014-12-09,295.51999,302.39999,294.56,296.48001,413206.0
2014-12-10,299.040009,304.95999,295.67999,301.76001,571913.0
2014-12-11,302.079987,307.84,294.72,298.23999,767556.0
2014-12-12,305.60001,312.0,303.20001,307.51999,775081.0
2014-12-15,310.72,312.48001,301.76001,304.32001,587519.0
2014-12-16,297.44,300.79999,293.92001,296.48001,512019.0
2014-12-17,302.39999,302.88,298.56,300.79999,332688.0
2014-12-18,307.20001,310.079987,297.28,299.84,572944.0
2014-12-19,287.67999,288.79999,281.92001,283.20001,978144.0
2014-12-22,263.67999,267.040009,256.48001,261.76001,1194125.0
2014-12-23,256.0,261.28,254.56,259.67999,525794.0
2014-12-24,254.88,256.0,246.88,249.75999,395156.0
2014-12-26,247.52,248.96001,243.52,247.67999,436750.0
2014-12-29,251.67999,260.16,250.080002,257.12,934381.0
2014-12-30,250.56,252.8,249.44,251.52,470350.0
2014-12-31,245.92,247.039993,233.60001,236.32001,1066500.0
2015-01-02,241.12,250.72,239.36,239.36,939575.0
2015-01-05,249.60001,249.75999,232.96001,237.92,986050.0
2015-01-06,233.44,239.36,229.75999,238.88,553613.0
2015-01-07,238.88,243.84,228.96001,233.28,970206.0
2015-01-08,231.52,239.2,230.24001,239.039993,900994.0
2015-01-09,239.52,241.28,234.080002,239.84,423806.0
2015-01-12,233.75999,234.24001,225.44,226.88,881463.0
2015-01-13,230.56,240.48,228.8,239.039993,623206.0
2015-01-14,250.24001,267.040009,249.28,266.88,2096700.0
2015-01-15,264.64001,270.88,247.36,257.92001,1319419.0
2015-01-16,246.88,260.48001,246.39999,251.039993,925681.0
2015-01-20,238.56,239.2,229.60001,235.039993,1362575.0
2015-01-21,236.96001,242.080002,232.32001,240.32001,790731.0
2015-01-22,235.52,236.96001,225.75999,232.8,1130294.0
2015-01-23,238.080002,242.24001,237.12,239.52,811500.0
2015-01-26,234.72,239.2,229.44,232.8,900513.0
2015-01-27,238.080002,242.080002,236.16,236.48,653725.0
2015-01-28,232.64,235.039993,228.0,232.8,708744.0
2015-01-29,231.52,233.12,218.24001,222.080002,1562594.0
2015-01-30,217.92,221.75999,216.48,218.72,801594.0
2015-02-02,217.12,219.67999,213.12,218.72,645869.0
2015-02-03,217.92,227.2,216.32001,225.28,741169.0
2015-02-04,222.39999,222.39999,216.32001,217.12,600488.0
2015-02-05,214.39999,217.12,210.56,212.48,841831.0
2015-02-06,212.32001,214.56,210.080002,210.72,594456.0
2015-02-09,212.64,213.92,209.92,212.8,704369.0
2015-02-10,217.75999,224.16,215.84,219.52,1069088.0
2015-02-11,232.16,232.32001,224.96001,230.39999,791663.0
2015-02-12,228.48,229.60001,218.88,222.080002,924175.0
2015-02-13,219.2,228.96001,218.24001,227.52,442056.0
2015-02-17,226.88,227.36,220.32001,227.039993,534113.0
2015-02-18,226.72,232.48,224.16,229.75999,696156.0
2015-02-19,231.36,234.88,228.0,231.2,668900.0
2015-02-20,241.44,243.84,237.92,240.48,894688.0
2015-02-23,239.52,241.28,231.67999,233.44,875619.0
2015-02-24,234.39999,241.12,233.12,234.080002,472225.0
2015-02-25,236.96001,239.039993,229.60001,232.0,595375.0
2015-02-26,227.52,229.92,218.080002,218.24001,878150.0
2015-02-27,220.96001,222.56,219.36,219.84,357925.0
2015-03-02,221.92,223.039993,218.080002,218.72,281113.0
2015-03-03,218.72,221.60001,216.8,219.36,445550.0
2015-03-04,224.16,225.28,221.92,224.8,595313.0
2015-03-05,224.48,232.16,223.67999,230.24001,556513.0
2015-03-06,228.0,232.64,226.56,229.92,323988.0
2015-03-09,219.039993,222.24001,216.48,217.92,632331.0
2015-03-10,220.64,222.24001,219.36,220.8,426238.0
2015-03-11,224.96001,230.72,224.0,229.28,583275.0
2015-03-12,229.60001,232.48,220.96001,222.39999,452500.0
2015-03-13,218.080002,223.039993,217.60001,220.96001,414744.0
2015-03-16,217.92,222.24001,217.28,222.24001,297619.0
2015-03-17,229.28,231.039993,225.12,230.39999,360175.0
2015-03-18,225.28,237.12,224.8,234.72,335363.0
2015-03-19,230.080002,230.72,224.96001,228.16,848688.0
2015-03-20,232.64,235.67999,224.32001,225.60001,704656.0
2015-03-23,220.32001,223.67999,218.72,222.39999,415588.0
2015-03-24,226.56,227.67999,224.0,225.60001,352619.0
2015-03-25,223.52,223.52,219.84,221.12,363306.0
2015-03-26,221.12,221.92,214.72,215.84,491863.0
2015-03-27,213.28,213.60001,210.39999,213.28,470419.0
2015-03-30,214.39999,214.72,212.0,212.32001,354338.0
2015-03-31,213.44,214.72,211.84,211.84,243625.0
2015-04-01,210.39999,210.88,207.84,209.60001,417825.0
2015-04-02,211.039993,218.56,210.56,217.60001,562638.0
2015-04-06,212.64,214.24001,212.16,213.44,265506.0
2015-04-07,213.60001,217.12,213.44,213.92,271613.0
2015-04-08,212.64,213.44,209.92,210.88,455406.0
2015-04-09,210.39999,211.52,202.72,204.0,691681.0
2015-04-10,204.48,204.8,201.28,201.75999,341556.0
2015-04-13,202.56,204.32001,199.84,201.44,331844.0
2015-04-14,204.32001,204.8,202.080002,203.2,229275.0
2015-04-15,206.080002,210.72,205.75999,208.48,433138.0
2015-04-16,207.36,215.84,204.64,215.36,662156.0
2015-04-17,213.28,214.72,211.039993,211.84,203906.0
2015-04-20,204.64,206.24001,203.67999,204.48,512150.0
2015-04-21,207.039993,208.32001,205.60001,206.88,232775.0
2015-04-22,208.96001,210.72,208.48,208.8,228625.0
2015-04-23,205.60001,206.88,203.039993,204.16,649494.0
2015-04-24,204.16,205.28,201.92,203.36,197831.0
2015-04-27,197.28,199.039993,196.48,198.24001,459206.0
2015-04-28,200.0,201.12,198.24001,200.0,245713.0
2015-04-29,202.56,206.39999,202.24001,204.48,411881.0
2015-04-30,203.52,218.72,202.24001,215.36,842238.0
2015-05-01,217.12,221.28,216.64,219.36,357031.0
2015-05-04,218.39999,223.2,217.44,222.39999,269125.0
2015-05-05,220.64,222.88,218.56,220.64,308481.0
2015-05-06,219.84,222.88,218.56,218.72,216125.0
2015-05-07,221.44,222.72,214.080002,216.8,345544.0
2015-05-08,226.080002,228.16,223.52,226.080002,538713.0
2015-05-11,226.39999,228.0,220.96001,222.56,277631.0
2015-05-12,227.84,231.52,227.36,229.12,373744.0
2015-05-13,227.36,234.72,226.24001,231.67999,323119.0
2015-05-14,229.44,238.39999,228.48,237.44,378988.0
2015-05-15,237.28,239.67999,234.88,238.080002,180706.0
2015-05-18,239.67999,240.48,235.84,238.39999,149294.0
2015-05-19,243.2,244.48,231.67999,233.92,603931.0
2015-05-20,235.2,236.16,228.64,231.36,211419.0
2015-05-21,232.96001,238.56,231.2,233.12,406706.0
2015-05-22,229.60001,231.039993,226.080002,226.39999,196300.0
2015-05-26,221.28,222.080002,218.72,221.12,293788.0
2015-05-27,220.64,222.080002,219.039993,220.48,272388.0
2015-05-28,216.16,217.28,209.75999,210.72,618231.0
2015-05-29,207.67999,208.16,204.32001,205.92,483163.0
2015-06-01,204.32001,207.2,204.32001,206.24001,257594.0
2015-06-02,204.32001,209.92,201.75999,209.28,515994.0
2015-06-03,206.39999,207.039993,203.67999,204.8,419475.0
2015-06-04,203.67999,206.88,198.72,204.0,560063.0
2015-06-05,200.8,202.72,200.32001,200.64,446088.0
2015-06-08,207.36,210.39999,206.24001,209.92,435244.0
2015-06-09,217.12,220.96001,216.32001,219.84,709994.0
2015-06-10,222.72,225.12,219.2,224.32001,562969.0
2015-06-11,224.48,225.92,218.39999,218.88,513844.0
2015-06-12,216.96001,218.56,212.8,214.080002,382606.0
2015-06-15,219.67999,224.96001,218.88,224.48,716694.0
2015-06-16,221.92,224.8,219.2,224.64,525356.0
2015-06-17,226.56,228.8,220.32001,221.75999,426144.0
2015-06-18,219.84,222.56,215.039993,216.16,565175.0
2015-06-19,213.75999,219.52,213.44,217.60001,279031.0
2015-06-22,211.36,212.96001,211.039993,212.32001,373819.0
2015-06-23,215.52,216.16,210.080002,211.36,270294.0
2015-06-24,212.48,214.56,211.2,214.080002,161938.0
2015-06-25,216.64,220.32001,215.039993,219.52,667331.0
2015-06-26,215.039993,217.12,212.48,213.12,843231.0
2015-06-29,216.16,218.24001,212.48,215.36,439850.0
2015-06-30,211.52,217.92,211.52,216.96001,378081.0
2015-07-01,216.16,216.48,212.0,213.44,303769.0
2015-07-02,216.96001,221.44,216.0,216.96001,520550.0
2015-07-06,211.36,213.75999,211.2,211.52,548125.0
2015-07-07,208.96001,209.44,206.39999,209.12,330644.0
2015-07-08,210.88,211.039993,205.44,206.39999,448700.0
2015-07-09,205.92,210.080002,203.2,209.60001,511225.0
2015-07-10,213.44,215.36,212.0,212.8,483125.0
2015-07-13,218.39999,221.28,217.75999,219.36,410306.0
2015-07-14,222.24001,222.72,216.64,217.75999,306288.0
2015-07-15,222.080002,224.8,220.64,223.039993,398163.0
2015-07-16,222.39999,224.0,218.39999,219.84,437625.0
2015-07-17,220.0,221.75999,217.92,221.75999,222531.0
2015-07-20,215.52,220.96001,215.039993,217.44,385106.0
2015-07-21,221.44,222.39999,219.84,221.92,247963.0
2015-07-22,223.039993,223.36,218.88,222.24001,251881.0
2015-07-23,223.36,226.72,215.52,216.64,493163.0
2015-07-24,214.24001,215.52,212.48,213.60001,205388.0
2015-07-27,214.39999,216.0,213.60001,213.92,131250.0
2015-07-28,215.2,218.39999,213.75999,215.67999,241788.0
2015-07-29,218.080002,220.0,217.28,219.36,236300.0
2015-07-30,215.84,218.24001,212.0,213.28,368163.0
2015-07-31,212.8,212.96001,207.52,208.64,341413.0
2015-08-03,210.56,211.52,207.67999,211.2,240425.0
2015-08-04,215.52,216.32001,212.96001,215.2,262463.0
2015-08-05,218.72,218.88,213.44,213.44,230100.0
2015-08-06,209.92,217.60001,209.60001,215.36,331806.0
2015-08-07,214.72,216.32001,211.67999,214.56,226956.0
2015-08-10,218.080002,218.39999,216.16,217.60001,195100.0
2015-08-11,217.12,218.88,214.39999,218.56,203069.0
2015-08-12,221.44,224.96001,221.28,224.16,281400.0
2015-08-13,223.52,224.32001,213.44,214.88,448494.0
2015-08-14,214.88,216.16,213.44,215.2,115788.0
2015-08-17,210.56,210.88,208.64,209.92,294625.0
2015-08-18,207.039993,208.8,206.56,208.32001,239469.0
2015-08-19,208.16,208.8,206.39999,207.36,152869.0
2015-08-20,207.36,212.96001,207.039993,210.56,434338.0
2015-08-21,207.52,207.67999,203.84,204.48,507194.0
2015-08-24,200.64,205.28,200.32001,202.080002,348250.0
2015-08-25,202.88,204.48,201.12,204.32001,221388.0
2015-08-26,204.32001,205.12,203.36,203.84,132000.0
2015-08-27,202.72,204.96001,200.0,202.24001,515619.0
2015-08-28,205.60001,206.080002,203.84,205.75999,161169.0
2015-08-31,202.080002,203.52,200.16,203.2,547256.0
2015-09-01,205.28,205.75999,201.92,203.36,291719.0
2015-09-02,201.60001,202.080002,199.36,199.36,465869.0
2015-09-03,199.52,206.88,199.36,205.44,977038.0
2015-09-04,203.36,204.0,200.32001,200.64,468588.0
2015-09-08,203.36,205.92,202.88,204.32001,467006.0
2015-09-09,201.75999,202.24001,199.67999,200.8,379144.0
2015-09-10,202.080002,206.72,201.44,202.39999,810569.0
2015-09-11,203.52,205.44,203.2,204.0,191569.0
2015-09-14,204.8,209.44,204.32001,208.48,225988.0
2015-09-15,207.67999,209.44,205.75999,206.24001,122294.0
2015-09-16,203.36,204.0,201.12,201.75999,287731.0
2015-09-17,200.96001,203.039993,198.88,200.96001,271000.0
2015-09-18,198.39999,199.36,196.8,197.28,202538.0
2015-09-21,193.75999,195.84,193.44,194.56,189756.0
2015-09-22,194.39999,195.36,193.92,193.92,100775.0
2015-09-23,194.72,195.84,193.28,194.080002,129819.0
2015-09-24,193.60001,196.8,190.56,196.48,225763.0
2015-09-25,194.080002,194.24001,191.2,193.28,374819.0
2015-09-28,199.52,199.52,194.72,196.32001,271044.0
2015-09-29,192.32001,193.28,189.75999,190.080002,196525.0
2015-09-30,189.92,190.080002,184.64,185.75999,413969.0
2015-10-01,182.88,184.32001,177.92,178.72,481919.0
2015-10-02,178.39999,181.12,177.75999,180.48,296638.0
2015-10-05,180.8,183.2,179.67999,180.96001,1094813.0
2015-10-06,180.0,182.88,179.67999,181.92,466713.0
2015-10-07,184.96001,186.080002,181.75999,182.24001,307725.0
2015-10-08,183.36,185.92,182.56,183.039993,388975.0
2015-10-09,183.84,185.44,183.039993,185.28,225938.0
2015-10-12,185.60001,187.2,184.48,186.72,204700.0
2015-10-13,184.8,187.67999,182.88,183.36,181338.0
2015-10-14,184.8,186.56,183.2,186.24001,283094.0
2015-10-15,188.32001,189.12,180.48,180.96001,391875.0
2015-10-16,179.67999,179.84,177.92,178.39999,165238.0
2015-10-19,179.84,181.44,178.72,179.36,150169.0
2015-10-20,180.96001,181.75999,179.36,180.96001,138956.0
2015-10-21,176.96001,176.96001,174.24001,175.2,464038.0
2015-10-22,175.36,176.96001,172.16,173.75999,421369.0
2015-10-23,170.24001,170.88,167.36,168.32001,462619.0
2015-10-26,163.36,163.52,157.92,159.84,844519.0
2015-10-27,159.67999,162.88,158.56,159.84,365506.0
2015-10-28,155.039993,156.16,152.64,154.72,587713.0
2015-10-29,157.44,159.84,150.72,152.0,525081.0
2015-10-30,149.75999,157.44,149.60001,156.96001,466056.0
2015-11-02,151.67999,153.44,150.88,151.84,480581.0
2015-11-03,151.2,154.24001,150.72,152.96001,352719.0
2015-11-04,155.039993,156.16,152.0,153.12,484956.0
2015-11-05,155.67999,160.64,155.2,160.16,356388.0
2015-11-06,156.8,161.60001,156.16,158.24001,247794.0
2015-11-09,156.0,156.0,153.28,155.2,543719.0
2015-11-10,158.39999,159.36,156.16,156.64,217844.0
2015-11-11,156.48,157.12,151.52,152.96001,267288.0
2015-11-12,151.67999,154.080002,151.2,153.92,226063.0
2015-11-13,155.36,159.039993,154.24001,159.039993,394950.0
2015-11-16,158.080002,161.28,157.28,158.080002,317888.0
2015-11-17,155.36,159.67999,154.72,158.080002,267400.0
2015-11-18,157.75999,158.56,155.039993,155.52,193406.0
2015-11-19,154.39999,156.96001,149.75999,149.75999,617719.0
2015-11-20,147.039993,147.2,143.2,143.52,692594.0
2015-11-23,144.48,147.039993,143.2,145.75999,304163.0
2015-11-24,142.080002,146.080002,141.75999,144.8,346894.0
2015-11-25,143.36,146.88,142.39999,143.67999,210275.0
2015-11-27,139.84,140.48,137.92,139.36,268250.0
2015-11-30,138.88,140.8,138.72,139.52,247238.0
2015-12-01,140.16,141.28,137.28,139.52,275381.0
2015-12-02,137.44,137.60001,134.56,135.67999,445119.0
2015-12-03,133.60001,137.60001,133.44,136.8,293669.0
2015-12-04,136.64,137.44,135.67999,136.48,184194.0
2015-12-07,132.8,133.28,128.8,129.28,652956.0
2015-12-08,128.32001,130.56,127.2,129.75999,319025.0
2015-12-09,130.56,131.67999,128.16,128.96001,232381.0
2015-12-10,127.52,131.36,125.12,125.28,433950.0
2015-12-11,123.84,125.76,122.88,123.52,331544.0
2015-12-14,118.24,118.88,116.48,118.56,487369.0
2015-12-15,116.16,116.32,112.32,112.64,551150.0
2015-12-16,114.080002,115.68,111.2,114.4,480719.0
2015-12-17,114.24,115.36,110.56,110.72,624044.0
2015-12-18,112.64,113.12,110.56,111.36,327163.0
2015-12-21,114.24,119.68,113.76,118.88,694194.0
2015-12-22,115.68,118.24,115.2,116.8,242706.0
2015-12-23,116.16,122.56,115.040001,121.44,462544.0
2015-12-24,123.84,124.32,120.96,123.040001,317806.0
2015-12-28,128.8,135.039993,128.32001,134.72,1465863.0
2015-12-29,140.64,141.92,137.44,138.24001,1355738.0
2015-12-30,134.24001,134.72,130.080002,134.24001,919594.0
2015-12-31,138.24001,141.44,136.96001,138.72,1103263.0
2016-01-04,140.16,141.12,135.67999,136.48,583881.0
2016-01-05,134.39999,139.2,134.24001,138.24001,375294.0
2016-01-06,138.39999,140.32001,133.28,135.52,528738.0
2016-01-07,136.64,144.48,136.48,141.92,1004519.0
2016-01-08,142.88,148.32001,142.24001,147.36,661906.0
2016-01-11,143.52,143.52,140.64,141.44,437738.0
2016-01-12,137.28,138.080002,133.28,134.24001,536894.0
2016-01-13,134.39999,138.080002,134.24001,135.2,408325.0
2016-01-14,131.67999,132.8,126.72,127.36,419381.0
2016-01-15,126.72,126.88,124.0,124.96,198881.0
2016-01-19,127.040001,127.36,123.040001,123.52,435719.0
2016-01-20,124.8,125.92,122.24,125.6,198550.0
2016-01-21,125.92,128.8,122.080002,126.72,515413.0
2016-01-22,125.44,127.52,124.8,126.88,304619.0
2016-01-25,123.52,127.52,122.4,125.76,277531.0
2016-01-26,126.88,128.16,124.32,126.4,267519.0
2016-01-27,127.52,129.92,125.28,126.080002,391931.0
2016-01-28,123.52,130.72,122.88,130.72,526963.0
2016-01-29,133.75999,135.84,133.12,135.84,545325.0
2016-02-01,127.040001,127.2,124.96,125.92,434044.0
2016-02-02,117.92,120.16,116.16,119.68,587713.0
2016-02-03,118.56,121.28,116.96,120.8,332744.0
2016-02-04,116.48,119.040001,114.72,116.48,648756.0
2016-02-05,119.36,121.76,119.040001,120.64,371656.0
2016-02-08,126.4,127.52,123.68,125.12,405631.0
2016-02-09,123.68,125.28,122.56,122.88,200375.0
2016-02-10,121.12,121.28,118.4,120.0,205869.0
2016-02-11,120.48,121.44,116.16,116.8,401531.0
2016-02-12,116.16,116.48,114.56,115.52,223725.0
2016-02-16,111.68,112.64,110.4,112.48,375756.0
2016-02-17,111.52,115.2,111.2,114.72,330175.0
2016-02-18,111.040001,112.64,109.28,109.28,657406.0
2016-02-19,108.48,108.48,105.6,105.92,461219.0
2016-02-22,105.6,107.36,104.8,105.76,637588.0
2016-02-23,105.44,105.44,103.2,103.84,579375.0
2016-02-24,103.68,105.76,103.36,104.32,746419.0
2016-02-25,102.24,102.4,98.080002,101.12,1213288.0
2016-02-26,100.8,101.92,98.24,101.76,1283700.0
2016-02-29,96.64,98.56,96.32,96.32,1909288.0
2016-03-01,97.12,100.8,95.68,98.88,1203681.0
2016-03-02,95.36,97.6,94.4,94.56,1148256.0
2016-03-03,92.96,96.16,92.48,92.64,1265375.0
2016-03-04,92.96,95.040001,92.64,94.88,662425.0
2016-03-07,94.56,98.72,94.080002,97.6,2166831.0
2016-03-08,96.8,98.080002,95.2,97.28,1595706.0
2016-03-09,98.4,101.28,97.6,99.84,1948000.0
2016-03-10,101.6,102.72,98.24,102.72,1220250.0
2016-03-11,104.0,105.44,102.56,102.88,639206.0
2016-03-14,102.4,105.28,101.92,103.040001,1078300.0
2016-03-15,106.72,107.52,103.84,104.96,1275456.0
2016-03-16,103.68,106.4,103.2,105.6,1067588.0
2016-03-17,107.040001,110.080002,103.68,109.28,839650.0
2016-03-18,109.6,109.76,106.56,106.88,560406.0
2016-03-21,106.56,106.88,102.24,102.72,1490344.0
2016-03-22,104.16,105.44,102.080002,105.12,1459506.0
2016-03-23,105.92,106.4,100.48,100.8,736806.0
2016-03-24,100.64,103.2,100.64,102.4,547369.0
2016-03-28,101.92,105.28,101.28,104.96,839888.0
2016-03-29,104.32,108.0,103.68,107.52,623088.0
2016-03-30,108.32,109.12,106.56,108.16,1314788.0
2016-03-31,109.12,109.92,104.8,106.56,861563.0
2016-04-01,105.92,106.56,104.48,105.76,310975.0
2016-04-04,108.96,112.48,107.68,109.12,605750.0
2016-04-05,107.68,107.68,104.8,105.76,684988.0
2016-04-06,104.0,104.64,102.88,103.2,643938.0
2016-04-07,106.080002,109.76,105.6,109.6,928369.0
2016-04-08,109.12,109.6,107.68,107.84,1139056.0
2016-04-11,104.0,104.64,103.36,104.32,702663.0
2016-04-12,106.56,110.24,105.92,109.6,862131.0
2016-04-13,109.6,111.040001,108.64,110.56,798488.0
2016-04-14,107.52,109.6,106.4,106.88,592475.0
2016-04-15,103.68,104.96,103.36,103.84,609944.0
2016-04-18,104.0,106.080002,103.2,105.44,476344.0
2016-04-19,109.6,113.6,109.44,113.12,683119.0
2016-04-20,113.12,115.52,111.52,113.28,871369.0
2016-04-21,113.12,115.040001,112.64,113.92,452669.0
2016-04-22,115.040001,118.080002,113.76,116.48,600813.0
2016-04-25,113.76,113.92,111.84,113.44,371463.0
2016-04-26,111.36,112.0,110.56,111.84,333788.0
2016-04-27,110.4,112.0,109.12,111.040001,485950.0
2016-04-28,108.0,108.96,106.72,107.040001,624606.0
2016-04-29,108.48,113.44,107.52,110.88,951963.0
2016-05-02,109.28,109.6,104.8,105.76,568663.0
2016-05-03,107.040001,108.8,106.56,108.0,396125.0
2016-05-04,110.88,111.36,109.76,110.88,402681.0
2016-05-05,109.6,110.24,106.88,107.84,420131.0
2016-05-06,106.88,109.12,106.56,108.48,407613.0
2016-05-09,109.12,109.6,107.84,108.64,218056.0
2016-05-10,111.2,112.16,110.56,112.0,357094.0
2016-05-11,110.24,112.8,109.28,112.16,344288.0
2016-05-12,112.16,112.96,109.92,111.040001,401006.0
2016-05-13,108.64,111.68,108.16,108.48,329744.0
2016-05-16,105.6,105.76,104.8,105.12,527363.0
2016-05-17,107.040001,107.040001,105.28,106.24,208256.0
2016-05-18,103.68,104.48,102.72,103.36,554788.0
2016-05-19,102.4,106.4,101.76,105.76,647794.0
2016-05-20,107.2,107.52,105.92,106.4,538575.0
2016-05-23,109.44,109.6,105.6,106.4,462313.0
2016-05-24,105.12,105.28,103.52,104.0,567281.0
2016-05-25,103.84,105.6,102.88,104.8,395456.0
2016-05-26,104.16,105.28,102.88,103.68,510175.0
2016-05-27,104.16,105.92,103.84,104.48,505413.0
2016-05-31,108.8,111.36,108.0,110.24,887831.0
2016-06-01,114.080002,115.36,112.32,115.2,707019.0
2016-06-02,115.36,117.12,114.4,116.0,443881.0
2016-06-03,117.44,117.92,115.36,115.84,502831.0
2016-06-06,116.48,119.36,115.84,119.040001,505325.0
2016-06-07,117.76,120.16,117.44,119.84,409175.0
2016-06-08,119.84,120.48,118.56,119.040001,397981.0
2016-06-09,118.88,127.2,118.4,125.76,861200.0
2016-06-10,124.8,124.96,123.2,124.16,427794.0
2016-06-13,126.080002,126.88,124.16,125.28,556163.0
2016-06-14,124.32,126.72,124.16,125.76,443913.0
2016-06-15,126.56,127.040001,124.8,125.12,272388.0
2016-06-16,125.12,127.2,123.2,124.48,508225.0
2016-06-17,125.12,127.36,124.96,127.2,417288.0
2016-06-20,127.68,131.84,127.52,130.88,585350.0
2016-06-21,131.52,133.12,130.72,132.16,360269.0
2016-06-22,132.48,132.64,127.36,128.0,532438.0
2016-06-23,127.52,130.39999,125.6,129.44,608219.0
2016-06-24,127.68,129.12,127.2,127.36,360344.0
2016-06-27,129.75999,130.88,128.0,130.72,332569.0
2016-06-28,134.080002,137.12,133.28,136.64,662794.0
2016-06-29,137.75999,137.92,134.72,135.039993,639456.0
2016-06-30,136.8,139.36,135.36,138.24001,702263.0
2016-07-01,137.12,141.92,136.96001,141.60001,392694.0
2016-07-05,133.60001,133.75999,130.24001,130.39999,666781.0
2016-07-06,129.75999,132.32001,129.28,132.32001,629981.0
2016-07-07,133.75999,136.48,128.96001,130.88,599275.0
2016-07-08,132.16,133.12,131.36,133.12,260469.0
2016-07-11,132.48,132.64,127.52,128.16,544144.0
2016-07-12,129.44,130.080002,127.2,129.75999,436238.0
2016-07-13,130.72,131.52,127.84,129.92,370706.0
2016-07-14,129.75999,131.039993,128.32001,129.60001,316256.0
2016-07-15,127.2,131.52,126.4,130.24001,359894.0
2016-07-18,130.56,130.88,128.16,128.8,219006.0
2016-07-19,130.24001,130.39999,128.16,128.8,227750.0
2016-07-20,125.76,127.36,125.12,125.28,457319.0
2016-07-21,125.28,127.68,124.48,126.88,426363.0
2016-07-22,130.39999,132.0,130.39999,130.88,432838.0
2016-07-25,131.2,131.2,128.48,129.28,245650.0
2016-07-26,127.36,129.92,126.56,127.36,277838.0
2016-07-27,128.96001,129.92,126.56,127.2,278975.0
2016-07-28,128.16,138.24001,128.0,136.48,1002513.0
2016-07-29,137.60001,139.039993,136.64,136.8,402981.0
2016-08-01,135.84,136.48,132.16,132.48,342363.0
2016-08-02,131.67999,132.64,130.24001,130.56,247244.0
2016-08-03,133.92,136.8,133.44,135.84,478944.0
2016-08-04,136.0,137.92,134.24001,135.039993,569731.0
2016-08-05,133.60001,134.080002,131.67999,131.84,224875.0
2016-08-08,130.39999,131.84,129.28,131.2,284950.0
2016-08-09,128.32001,129.12,124.48,125.28,503050.0
2016-08-10,125.12,125.6,121.92,122.88,354519.0
2016-08-11,122.4,124.48,120.8,121.6,449381.0
2016-08-12,124.64,125.44,123.2,123.68,345500.0
2016-08-15,124.64,125.92,122.56,123.68,379569.0
2016-08-16,123.84,125.44,123.68,125.28,495800.0
2016-08-17,124.8,126.4,124.16,125.12,500638.0
2016-08-18,124.96,128.64,124.8,127.68,390975.0
2016-08-19,124.0,124.8,122.72,122.88,275981.0
2016-08-22,127.52,128.0,126.080002,126.88,263775.0
2016-08-23,128.64,131.67999,128.16,131.039993,401913.0
2016-08-24,132.8,134.39999,132.64,132.8,468019.0
2016-08-25,134.24001,136.48,133.44,135.36,363913.0
2016-08-26,135.2,138.56,134.72,136.0,387194.0
2016-08-29,136.48,137.92,134.88,136.16,260969.0
2016-08-30,137.28,137.44,132.48,133.28,260600.0
2016-08-31,133.44,136.48,133.44,135.2,311481.0
2016-09-01,133.44,134.39999,131.039993,131.84,321169.0
2016-09-02,132.64,132.96001,130.88,131.2,157956.0
2016-09-06,129.12,129.44,127.36,128.0,372994.0
2016-09-07,128.48,128.8,125.44,126.24,439781.0
2016-09-08,128.64,132.64,128.64,131.84,499981.0
2016-09-09,133.12,133.60001,131.039993,131.36,199669.0
2016-09-12,135.67999,137.44,135.36,136.32001,387325.0
2016-09-13,137.60001,138.080002,135.84,136.48,181350.0
2016-09-14,137.60001,138.24001,134.080002,136.16,282781.0
2016-09-15,134.56,138.39999,133.44,137.12,249500.0
2016-09-16,135.84,139.2,135.67999,138.72,237156.0
2016-09-19,136.96001,137.92,136.48,137.92,180344.0
2016-09-20,140.96001,143.52,140.8,143.2,327650.0
2016-09-21,142.88,144.0,142.080002,143.84,241763.0
2016-09-22,144.16,144.32001,139.84,140.0,375550.0
2016-09-23,140.16,144.16,137.28,139.039993,231756.0
2016-09-26,139.2,140.96001,139.039993,140.48,181938.0
2016-09-27,140.0,140.64,139.039993,139.67999,162181.0
2016-09-28,136.16,137.75999,134.88,137.75999,284388.0
2016-09-29,135.84,138.39999,135.67999,136.16,333538.0
2016-09-30,134.88,134.88,132.64,133.75999,374738.0
2016-10-03,132.32001,134.24001,131.36,133.44,276825.0
2016-10-04,132.8,137.12,132.0,136.0,315031.0
2016-10-05,134.88,140.16,134.39999,138.88,401825.0
2016-10-06,139.36,140.64,136.32001,139.36,535681.0
2016-10-07,141.44,147.52,140.96001,146.080002,668900.0
2016-10-10,147.67999,150.72,147.36,149.75999,495006.0
2016-10-11,147.67999,149.60001,147.039993,147.84,616994.0
2016-10-12,147.67999,149.44,146.39999,147.36,311506.0
2016-10-13,146.88,154.24001,144.96001,152.96001,619050.0
2016-10-14,151.52,152.0,149.92,150.88,338981.0
2016-10-17,149.28,149.92,148.0,149.60001,240300.0
2016-10-18,151.2,152.16,150.080002,150.24001,145444.0
2016-10-19,147.67999,148.16,146.72,147.84,241425.0
2016-10-20,147.2,148.64,145.44,147.52,289356.0
2016-10-21,145.12,145.44,143.36,143.84,472306.0
2016-10-24,143.36,143.36,141.60001,142.56,469369.0
2016-10-25,137.60001,138.72,134.39999,135.039993,1043581.0
2016-10-26,132.48,133.75999,127.52,131.039993,1117100.0
2016-10-27,130.24001,132.96001,128.64,131.36,860081.0
2016-10-28,131.84,133.92,131.52,133.60001,493375.0
2016-10-31,134.88,135.2,129.12,129.28,506406.0
2016-11-01,124.32,126.72,123.040001,123.68,996219.0
2016-11-02,121.44,123.36,119.52,119.84,649581.0
2016-11-03,119.52,121.92,118.56,118.56,650038.0
2016-11-04,119.040001,120.64,117.92,119.52,368481.0
2016-11-07,121.6,122.4,119.36,121.44,349150.0
2016-11-08,115.68,116.32,111.84,112.16,867725.0
2016-11-09,110.24,117.76,109.6,115.36,1405156.0
2016-11-10,111.68,114.4,110.56,114.24,808900.0
2016-11-11,113.12,115.2,111.84,112.96,517419.0
2016-11-14,117.44,119.2,117.12,117.92,604363.0
2016-11-15,119.68,120.8,115.52,116.16,1210331.0
2016-11-16,117.92,118.72,116.48,118.24,647150.0
2016-11-17,116.16,117.76,115.2,115.84,1349275.0
2016-11-18,119.68,120.64,119.040001,120.32,1099213.0
2016-11-21,123.2,124.8,122.88,124.64,1398325.0
2016-11-22,124.8,126.56,122.72,123.36,1903838.0
2016-11-23,124.0,128.16,123.68,126.88,2346938.0
2016-11-25,127.2,130.080002,127.2,129.28,440081.0
2016-11-28,133.12,135.039993,132.48,134.88,1915400.0
2016-11-29,134.080002,135.2,132.16,134.080002,1331863.0
2016-11-30,134.88,135.67999,133.60001,134.88,1492156.0
2016-12-01,138.72,142.080002,138.24001,141.75999,1497213.0
2016-12-02,140.32001,141.92,136.16,139.2,1778019.0
2016-12-05,144.8,147.36,144.64,144.64,1395944.0
2016-12-06,147.52,149.75999,145.12,146.39999,1669206.0
2016-12-07,149.92,151.2,143.52,144.16,2331750.0
2016-12-08,145.92,150.39999,144.0,149.92,1868275.0
2016-12-09,152.0,152.32001,147.52,150.72,2038050.0
2016-12-12,143.2,145.28,140.0,141.44,1240900.0
2016-12-13,142.88,143.039993,139.039993,139.52,993544.0
2016-12-14,140.48,143.84,140.0,143.52,956644.0
2016-12-15,141.44,144.64,136.96001,138.24001,1445719.0
2016-12-16,135.2,138.080002,135.039993,136.8,969725.0
2016-12-19,139.039993,139.039993,136.16,137.12,749838.0
2016-12-20,132.64,134.39999,131.36,133.12,988169.0
2016-12-21,138.24001,144.16,138.080002,144.0,1569238.0
2016-12-22,142.72,145.28,140.48,142.080002,1624306.0
2016-12-23,144.96001,148.64,144.8,146.88,1028606.0
2016-12-27,148.32001,151.039993,147.52,149.28,812556.0
2016-12-28,149.28,155.84,148.64,154.080002,768488.0
2016-12-29,152.64,154.24001,149.92,152.0,816744.0
2016-12-30,151.36,151.36,147.36,149.44,584269.0
2017-01-03,137.28,138.080002,130.56,133.44,1611644.0
2017-01-04,131.2,132.16,129.60001,130.24001,692894.0
2017-01-05,130.080002,133.60001,126.72,132.16,1507569.0
2017-01-06,132.8,133.28,130.39999,130.72,646569.0
2017-01-09,125.92,125.92,123.68,124.64,957088.0
2017-01-10,129.28,132.8,128.96001,130.24001,1137156.0
2017-01-11,132.64,132.64,128.48,131.039993,595475.0
2017-01-12,134.39999,137.75999,133.60001,134.39999,970619.0
2017-01-13,136.16,136.96001,134.080002,136.16,557431.0
2017-01-17,136.0,136.8,134.080002,135.2,391688.0
2017-01-18,132.48,134.72,131.2,132.64,578775.0
2017-01-19,131.039993,135.84,130.24001,132.48,567250.0
2017-01-20,132.32001,133.75999,128.16,128.8,772094.0
2017-01-23,128.48,131.67999,128.32001,131.039993,741675.0
2017-01-24,133.60001,133.75999,131.2,132.48,429881.0
2017-01-25,133.28,134.72,132.16,134.24001,382044.0
2017-01-26,138.24001,140.0,134.72,135.52,877169.0
2017-01-27,132.64,136.64,131.84,135.039993,556413.0
2017-01-30,129.60001,130.88,129.28,129.60001,727600.0
2017-01-31,125.12,126.56,124.8,125.76,648394.0
2017-02-01,126.4,127.52,126.080002,126.4,501131.0
2017-02-02,125.6,128.48,124.96,127.2,487538.0
2017-02-03,122.56,124.0,121.92,122.72,589244.0
2017-02-06,121.28,122.88,121.12,122.080002,538713.0
2017-02-07,125.76,126.080002,124.8,125.6,611506.0
2017-02-08,124.32,126.56,124.32,125.6,556231.0
2017-02-09,125.6,127.36,124.48,124.8,588825.0
2017-02-10,121.12,122.4,120.96,121.6,510863.0
2017-02-13,119.2,120.0,117.76,117.92,783344.0
2017-02-14,116.8,118.4,116.0,117.44,736394.0
2017-02-15,119.2,119.36,117.28,117.92,832938.0
2017-02-16,117.44,117.76,114.4,114.72,894269.0
2017-02-17,115.2,115.68,114.24,114.56,353469.0
2017-02-21,108.16,108.32,104.0,104.8,2424800.0
2017-02-22,104.48,106.72,103.84,105.12,1203500.0
2017-02-23,107.52,108.48,105.44,106.4,1673506.0
2017-02-24,106.88,108.32,105.76,108.16,1125519.0
2017-02-27,104.0,104.64,103.68,104.48,874713.0
2017-02-28,105.44,108.0,105.28,107.040001,993388.0
2017-03-01,107.84,108.8,107.2,108.32,1001481.0
2017-03-02,107.84,109.12,105.92,108.8,935088.0
2017-03-03,108.32,109.92,107.68,109.44,823300.0
2017-03-06,112.96,114.4,110.56,110.72,1254469.0
2017-03-07,110.24,111.040001,109.28,109.6,1076638.0
2017-03-08,113.28,114.24,111.84,112.64,1012300.0
2017-03-09,114.080002,115.52,113.44,115.040001,580550.0
2017-03-10,117.28,117.92,114.88,117.6,1470763.0
2017-03-13,117.92,118.72,115.84,116.48,868013.0
2017-03-14,117.44,117.6,113.44,113.92,854425.0
2017-03-15,115.36,116.0,114.72,115.040001,673744.0
2017-03-16,112.96,115.040001,112.0,112.48,765175.0
2017-03-17,113.44,114.56,112.64,113.92,307638.0
2017-03-20,115.36,118.88,115.36,118.88,523231.0
2017-03-21,119.84,120.0,117.44,119.36,914181.0
2017-03-22,117.76,119.040001,116.48,116.64,554256.0
2017-03-23,117.44,119.2,116.0,118.88,558050.0
2017-03-24,119.36,120.0,118.88,119.68,327694.0
2017-03-27,120.96,121.12,118.56,118.88,655744.0
2017-03-28,119.2,120.96,118.88,119.84,293688.0
2017-03-29,122.4,123.52,121.6,122.24,624694.0
2017-03-30,121.44,122.72,119.36,121.12,589994.0
2017-03-31,122.56,122.72,120.16,121.12,647144.0
2017-04-03,119.84,120.0,118.56,119.040001,579369.0
2017-04-04,120.64,125.28,120.64,124.64,1135344.0
2017-04-05,125.92,126.4,123.52,124.32,779706.0
2017-04-06,124.64,126.56,124.32,125.12,424519.0
2017-04-07,125.12,125.44,123.52,123.68,225394.0
2017-04-10,123.2,124.0,122.56,122.88,421938.0
2017-04-11,120.96,121.28,119.2,120.32,648881.0
2017-04-12,120.32,121.28,119.84,120.64,457675.0
2017-04-13,122.080002,123.040001,120.64,122.56,469400.0
2017-04-17,120.32,123.040001,120.16,120.48,386056.0
2017-04-18,120.16,120.8,118.88,119.84,242125.0
2017-04-19,121.44,122.4,120.8,120.96,667938.0
2017-04-20,120.8,121.44,119.2,120.32,383563.0
2017-04-21,120.48,120.64,117.44,118.4,803200.0
2017-04-24,116.8,118.080002,115.68,117.12,423038.0
2017-04-25,116.32,117.44,115.52,117.28,367069.0
2017-04-26,119.36,121.12,119.2,120.48,464738.0
2017-04-27,119.040001,120.64,118.88,119.68,376656.0
2017-04-28,121.28,121.92,120.8,121.12,282913.0
2017-05-01,120.64,121.12,118.24,119.52,359463.0
2017-05-02,119.52,120.96,117.44,117.76,850894.0
2017-05-03,117.92,119.52,117.6,118.88,594363.0
2017-05-04,119.040001,119.2,116.96,118.24,388681.0
2017-05-05,119.36,121.12,119.040001,120.64,870056.0
2017-05-08,117.44,117.76,116.16,117.6,542525.0
2017-05-09,118.56,120.0,118.080002,119.040001,292875.0
2017-05-10,120.64,123.68,120.16,121.12,538944.0
2017-05-11,123.040001,125.28,122.56,124.32,401419.0
2017-05-12,125.28,126.88,125.12,126.080002,463888.0
2017-05-15,124.16,124.8,123.52,124.16,403669.0
2017-05-16,120.96,121.6,119.2,119.52,464419.0
2017-05-17,118.56,119.2,117.44,118.88,366175.0
2017-05-18,118.88,119.68,117.44,118.56,264100.0
2017-05-19,119.84,121.44,119.68,120.8,319431.0
2017-05-22,122.56,123.52,122.4,123.2,226213.0
2017-05-23,122.88,123.040001,119.2,119.84,714575.0
2017-05-24,118.4,120.16,118.080002,118.88,393563.0
2017-05-25,119.68,119.68,116.8,118.4,365581.0
2017-05-26,119.040001,119.84,117.28,119.040001,370638.0
2017-05-30,114.56,114.72,113.28,113.76,513556.0
2017-05-31,112.32,112.32,110.4,110.72,468156.0
2017-06-01,111.040001,111.2,107.84,109.92,648213.0
2017-06-02,109.12,109.44,107.84,108.32,334850.0
2017-06-05,108.0,108.96,107.2,107.68,384388.0
2017-06-06,109.44,110.080002,108.8,109.76,289388.0
2017-06-07,111.040001,111.040001,108.48,108.64,349231.0
2017-06-08,109.12,110.56,107.52,109.12,435194.0
2017-06-09,109.6,110.080002,109.28,109.76,200550.0
2017-06-12,110.56,110.88,108.16,108.32,297144.0
2017-06-13,108.96,109.12,106.4,106.88,410675.0
2017-06-14,106.080002,107.68,105.6,105.92,369431.0
2017-06-15,105.76,110.4,105.44,109.76,551919.0
2017-06-16,109.6,110.24,108.8,109.28,154688.0
2017-06-19,104.64,105.28,104.16,104.48,527100.0
2017-06-20,104.48,104.96,104.0,104.48,233369.0
2017-06-21,105.44,105.92,103.68,104.32,264019.0
2017-06-22,104.8,106.56,102.88,104.32,629044.0
2017-06-23,105.12,105.92,105.12,105.6,439369.0
2017-06-26,108.8,109.92,107.84,109.44,577838.0
2017-06-27,108.8,110.24,108.64,109.44,492363.0
2017-06-28,110.56,111.040001,110.080002,110.24,248663.0
2017-06-29,110.56,111.68,108.64,109.12,492881.0
2017-06-30,107.84,108.8,106.4,108.48,426681.0
2017-07-03,108.16,109.12,105.76,106.56,494900.0
2017-07-05,104.0,104.16,101.28,102.080002,794425.0
2017-07-06,102.72,103.52,102.4,103.2,630244.0
2017-07-07,105.12,105.28,101.76,102.24,657750.0
2017-07-10,104.64,105.28,104.16,104.32,524044.0
2017-07-11,106.72,109.12,106.72,108.48,620650.0
2017-07-12,107.040001,107.84,106.24,107.2,334763.0
2017-07-13,105.6,107.84,105.6,106.080002,303025.0
2017-07-14,105.76,107.2,105.6,106.56,217250.0
2017-07-17,107.84,108.96,107.36,108.16,250394.0
2017-07-18,110.080002,110.56,109.28,109.92,353850.0
2017-07-19,110.080002,110.72,109.6,109.92,205288.0
2017-07-20,110.24,111.2,108.0,108.64,462744.0
2017-07-21,108.16,108.48,105.12,105.92,659613.0
2017-07-24,105.12,105.76,102.88,103.52,409669.0
2017-07-25,104.8,105.28,104.48,105.28,321531.0
2017-07-26,104.8,104.96,103.52,104.8,310319.0
2017-07-27,104.8,107.36,104.64,106.24,462681.0
2017-07-28,106.88,107.040001,105.28,105.76,239894.0
2017-07-31,102.72,102.72,99.84,101.12,760488.0
2017-08-01,99.84,101.6,99.2,101.28,1579156.0
2017-08-02,101.12,101.92,100.8,100.8,336075.0
2017-08-03,101.44,102.24,100.32,100.48,341831.0
2017-08-04,100.32,100.48,99.36,100.0,252113.0
2017-08-07,100.0,100.96,99.84,100.8,260106.0
2017-08-08,100.32,101.6,99.84,100.96,193625.0
2017-08-09,102.88,104.16,102.72,103.36,382456.0
2017-08-10,104.0,107.52,103.68,107.040001,667800.0
2017-08-11,107.040001,107.52,106.72,107.040001,149688.0
2017-08-14,107.2,107.2,104.96,106.4,304419.0
2017-08-15,105.6,106.24,104.96,105.28,339569.0
2017-08-16,104.0,105.28,103.52,103.84,232894.0
2017-08-17,103.52,105.44,102.56,104.8,214056.0
2017-08-18,104.32,104.64,103.68,104.16,178344.0
2017-08-21,103.68,106.88,103.2,106.24,314813.0
2017-08-22,107.040001,107.040001,104.8,105.44,263263.0
2017-08-23,104.64,105.44,104.0,105.12,211575.0
2017-08-24,105.76,106.88,105.12,105.92,525006.0
2017-08-25,104.48,104.8,103.36,103.84,287231.0
2017-08-28,102.72,106.4,102.56,105.12,440556.0
2017-08-29,105.6,105.92,104.48,105.6,239294.0
2017-08-30,104.32,104.8,103.84,104.32,225869.0
2017-08-31,103.52,108.0,103.36,107.36,689875.0
2017-09-01,106.88,109.6,106.56,108.64,338513.0
2017-09-05,105.6,106.24,105.28,105.44,434300.0
2017-09-06,107.040001,107.2,105.76,106.72,241563.0
2017-09-07,107.040001,107.040001,105.44,105.92,391906.0
2017-09-08,104.0,104.16,102.4,103.040001,365788.0
2017-09-11,104.32,104.8,103.68,104.64,210000.0
2017-09-12,107.040001,108.0,106.24,106.56,531569.0
2017-09-13,108.32,109.12,108.0,108.32,440838.0
2017-09-14,108.0,110.080002,107.68,109.12,332875.0
2017-09-15,107.36,108.0,106.72,107.68,409275.0
2017-09-18,110.4,111.68,110.080002,111.36,594719.0
2017-09-19,111.2,111.52,110.24,110.56,165244.0
2017-09-20,110.88,111.2,109.12,109.6,279494.0
2017-09-21,107.68,107.84,104.64,105.28,922731.0
2017-09-22,105.12,105.76,104.96,104.96,282706.0
2017-09-25,104.48,105.28,103.68,104.16,439631.0
2017-09-26,104.96,104.96,103.68,104.48,252894.0
2017-09-27,106.72,107.2,106.24,106.56,373381.0
2017-09-28,105.76,107.2,104.48,105.28,388481.0
2017-09-29,104.64,105.6,104.48,105.12,269881.0
2017-10-02,102.4,102.4,100.64,102.080002,1176444.0
2017-10-03,101.12,101.92,100.64,100.96,522569.0
2017-10-04,102.72,103.2,101.92,102.24,348750.0
2017-10-05,103.040001,104.16,100.8,101.12,557238.0
2017-10-06,101.12,101.28,99.52,100.0,526663.0
2017-10-09,100.0,100.0,98.4,98.72,451431.0
2017-10-10,100.0,100.8,99.84,100.32,315694.0
2017-10-11,102.72,102.88,100.32,100.96,505800.0
2017-10-12,102.4,104.8,102.24,104.0,730038.0
2017-10-13,105.28,105.6,103.84,104.16,322313.0
2017-10-16,101.76,103.36,101.6,103.040001,398781.0
2017-10-17,104.32,105.28,102.080002,102.24,375119.0
2017-10-18,101.6,101.76,100.64,101.44,354288.0
2017-10-19,100.8,102.24,98.88,101.76,821819.0
2017-10-20,101.44,102.72,100.96,101.92,349206.0
2017-10-23,103.68,104.32,102.72,103.040001,577331.0
2017-10-24,103.2,103.52,102.4,103.52,543950.0
2017-10-25,101.76,102.56,100.96,101.6,321713.0
2017-10-26,100.32,101.12,100.0,100.16,394806.0
2017-10-27,97.92,98.080002,96.8,97.76,915844.0
2017-10-30,97.92,98.72,97.28,98.080002,370475.0
2017-10-31,96.64,96.8,94.72,95.68,864006.0
2017-11-01,93.92,95.52,93.76,95.52,594675.0
2017-11-02,95.84,97.12,95.36,96.48,538388.0
2017-11-03,97.76,98.4,97.28,97.92,392638.0
2017-11-06,100.96,103.2,100.64,102.080002,1165450.0
2017-11-07,102.56,104.32,101.76,103.52,769888.0
2017-11-08,104.48,104.8,103.52,103.52,412281.0
2017-11-09,105.44,105.6,104.0,105.44,667806.0
2017-11-10,104.96,105.92,104.32,105.76,415219.0
2017-11-13,104.16,106.080002,102.72,103.36,572738.0
2017-11-14,101.12,102.24,100.64,101.28,574163.0
2017-11-15,102.4,103.52,100.32,101.28,350088.0
2017-11-16,102.080002,102.080002,100.0,100.96,468813.0
2017-11-17,101.44,102.56,100.96,102.4,537331.0
2017-11-20,99.84,100.64,99.52,99.84,414081.0
2017-11-21,100.0,100.48,98.88,99.2,441531.0
2017-11-22,97.76,98.4,97.12,97.6,627075.0
2017-11-24,95.52,95.52,92.48,93.44,1287750.0
2017-11-27,95.2,96.64,95.040001,96.48,1034063.0
2017-11-28,98.24,100.32,98.24,99.68,850725.0
2017-11-29,102.080002,102.080002,100.32,100.96,958644.0
2017-11-30,98.24,98.56,95.68,96.8,1480806.0
2017-12-01,98.24,98.88,97.12,97.6,651694.0
2017-12-04,96.8,96.8,94.080002,94.72,1165619.0
2017-12-05,92.48,93.44,91.52,92.8,1122363.0
2017-12-06,93.76,93.76,91.84,92.48,488538.0
2017-12-07,90.080002,90.080002,87.52,88.0,2203381.0
2017-12-08,88.96,89.12,87.84,88.48,615556.0
2017-12-11,89.92,90.56,88.96,88.96,738438.0
2017-12-12,90.080002,90.24,85.12,85.76,1355981.0
2017-12-13,86.080002,87.52,84.64,85.76,735875.0
2017-12-14,85.76,86.24,84.0,85.44,672369.0
2017-12-15,85.44,85.76,82.24,83.52,1160838.0
2017-12-18,86.88,88.16,86.56,86.72,1363744.0
2017-12-19,86.88,87.68,85.12,85.76,701044.0
2017-12-20,84.96,84.96,82.56,83.68,1046306.0
2017-12-21,82.72,84.16,81.6,82.24,1019644.0
2017-12-22,83.2,84.32,83.2,84.0,552744.0
2017-12-26,84.16,85.44,83.36,83.52,811881.0
2017-12-27,86.72,87.040001,85.6,86.24,579119.0
2017-12-28,90.72,93.12,90.56,92.16,1769013.0
2017-12-29,94.4,95.040001,92.32,93.28,1152950.0
2018-01-02,96.64,96.96,94.080002,96.16,1772150.0
2018-01-03,95.2,95.52,93.44,94.56,793225.0
2018-01-04,95.040001,96.0,89.76,90.72,1271900.0
2018-01-05,87.96,88.8,87.56,88.32,2345150.0
2018-01-08,89.44,90.080002,88.040001,89.2,2286150.0
2018-01-09,90.2,93.76,89.36,93.2,2087800.0
2018-01-10,93.6,94.040001,90.72,91.96,1199450.0
2018-01-11,95.36,97.76,94.080002,97.6,3580300.0
2018-01-12,97.84,101.92,97.84,101.12,3162175.0
2018-01-16,98.32,100.32,96.44,98.4,2086100.0
2018-01-17,100.64,103.24,99.68,102.4,2364625.0
2018-01-18,101.040001,101.2,97.44,100.76,1724650.0
2018-01-19,100.0,101.28,98.92,99.44,1073225.0
2018-01-22,98.6,99.52,98.32,99.4,918525.0
2018-01-23,102.48,105.68,101.76,103.76,1985800.0
2018-01-24,104.2,105.76,102.16,102.88,1799425.0
2018-01-25,105.12,107.040001,103.92,104.68,1558775.0
2018-01-26,107.0,108.0,106.68,107.080002,1582475.0
2018-01-29,104.28,107.6,104.16,107.36,1764275.0
2018-01-30,108.2,109.72,106.84,107.080002,1546200.0
2018-01-31,103.16,103.36,100.040001,100.32,2657575.0
2018-02-01,98.28,98.8,95.84,97.4,2626175.0
2018-02-02,96.44,97.24,95.96,96.8,1229900.0
2018-02-05,94.56,94.72,92.44,92.96,1612750.0
2018-02-06,91.56,93.52,91.48,93.2,1096350.0
2018-02-07,91.48,92.36,90.88,91.2,1048100.0
2018-02-08,92.24,93.12,90.72,90.96,2101300.0
2018-02-09,88.88,89.040001,87.080002,88.12,1498600.0
2018-02-12,86.64,87.36,86.24,86.68,1064725.0
2018-02-13,88.16,89.12,87.52,88.0,1006950.0
2018-02-14,86.76,88.52,86.56,87.96,1119150.0
2018-02-15,86.88,88.24,86.44,87.48,1138300.0
2018-02-16,86.6,87.16,86.44,86.76,692800.0
2018-02-20,88.6,89.040001,88.16,88.72,1050050.0
2018-02-21,89.52,90.0,88.72,89.2,670200.0
2018-02-22,89.16,89.64,88.36,88.56,474450.0
2018-02-23,88.28,89.080002,87.6,88.88,554500.0
2018-02-26,89.84,89.96,88.16,89.56,551000.0
2018-02-27,88.52,90.040001,88.52,89.56,451400.0
2018-02-28,89.88,90.24,88.8,89.040001,482600.0
2018-03-01,89.64,90.96,89.0,89.8,1175400.0
2018-03-02,90.16,90.56,89.8,90.32,598675.0
2018-03-05,90.16,90.52,89.52,90.12,421150.0
2018-03-06,91.28,91.88,90.8,91.8,483025.0
2018-03-07,92.72,92.92,92.32,92.88,442300.0
2018-03-08,92.56,92.56,91.24,91.68,622575.0
2018-03-09,91.12,91.52,90.84,90.96,278000.0
2018-03-12,92.64,93.48,92.4,92.84,1537450.0
2018-03-13,93.080002,93.16,92.52,92.96,605600.0
2018-03-14,90.96,91.36,90.4,91.28,776200.0
2018-03-15,91.48,91.52,88.92,89.6,1402275.0
2018-03-16,89.24,90.040001,89.16,89.92,383675.0
2018-03-19,88.4,88.68,88.16,88.52,482725.0
2018-03-20,88.96,89.76,88.52,89.16,770375.0
2018-03-21,89.52,89.88,87.88,88.24,639125.0
2018-03-22,88.2,89.0,87.44,87.52,581325.0
2018-03-23,86.68,87.56,86.6,86.72,397375.0
2018-03-26,87.44,88.32,87.32,88.12,601575.0
2018-03-27,88.68,89.76,88.0,89.44,434450.0
2018-03-28,89.080002,89.4,88.72,89.2,389900.0
2018-03-29,90.84,91.16,90.0,90.2,614350.0
2018-04-02,88.32,88.6,87.44,88.16,682775.0
2018-04-03,88.68,89.28,88.6,88.92,315300.0
2018-04-04,90.040001,90.6,89.12,89.32,599675.0
2018-04-05,89.0,89.32,87.68,88.36,564475.0
2018-04-06,89.16,89.36,88.88,88.96,341025.0
2018-04-09,88.68,89.2,87.12,89.0,713000.0
2018-04-10,87.76,88.080002,87.32,87.76,613900.0
2018-04-11,88.44,88.72,88.0,88.080002,384575.0
2018-04-12,88.6,88.96,87.92,88.76,608175.0
2018-04-13,90.24,91.0,90.040001,90.28,585100.0
2018-04-16,91.040001,91.6,90.68,90.76,346650.0
2018-04-17,90.6,91.080002,90.32,90.4,554025.0
2018-04-18,91.36,91.92,90.16,90.44,731550.0
2018-04-19,88.76,90.080002,87.88,88.36,1036925.0
2018-04-20,88.72,90.4,88.64,90.24,1293475.0
2018-04-23,89.88,90.8,89.88,90.48,848350.0
2018-04-24,91.040001,91.8,90.96,91.64,698075.0
2018-04-25,91.28,91.76,90.84,91.72,265300.0
2018-04-26,91.64,92.72,91.6,92.2,734425.0
2018-04-27,91.0,91.12,90.32,90.4,515500.0
2018-04-30,89.44,90.28,89.0,90.24,545900.0
2018-05-01,91.52,91.88,90.56,91.32,643850.0
2018-05-02,90.28,90.44,89.6,89.92,782025.0
2018-05-03,88.96,89.24,88.12,89.24,1047975.0
2018-05-04,89.040001,89.2,88.16,88.6,388950.0
2018-05-07,89.8,90.16,89.12,89.2,868825.0
2018-05-08,89.4,89.64,88.36,89.32,489650.0
2018-05-09,89.16,89.88,89.040001,89.2,310000.0
2018-05-10,90.12,92.0,89.88,91.52,1258425.0
2018-05-11,91.6,91.92,91.16,91.8,334825.0
2018-05-14,91.48,92.88,91.44,92.52,779475.0
2018-05-15,93.24,93.32,92.2,92.52,626750.0
2018-05-16,92.080002,92.32,91.64,91.8,504675.0
2018-05-17,91.2,93.48,90.96,93.040001,903125.0
2018-05-18,93.2,93.8,92.76,92.76,423925.0
2018-05-21,92.88,93.0,92.040001,92.52,746275.0
2018-05-22,93.64,95.16,93.44,94.88,761750.0
2018-05-23,95.4,96.2,95.36,95.68,1125225.0
2018-05-24,95.48,96.24,95.16,96.080002,436550.0
2018-05-25,96.6,96.8,95.16,95.88,1238300.0
2018-05-29,93.88,94.0,92.64,93.88,1008725.0
2018-05-30,93.12,93.72,93.0,93.48,413425.0
2018-05-31,94.76,96.52,94.76,95.56,1111125.0
2018-06-01,95.56,96.24,95.040001,96.12,678625.0
2018-06-04,95.28,95.76,94.56,94.68,471675.0
2018-06-05,93.32,93.96,93.2,93.48,983800.0
2018-06-06,93.76,94.040001,93.0,93.8,581725.0
2018-06-07,95.36,95.96,94.6,94.84,1085525.0
2018-06-08,93.36,94.0,93.040001,93.96,560900.0
2018-06-11,95.52,95.64,94.8,95.32,1185700.0
2018-06-12,95.2,95.36,94.4,95.16,577075.0
2018-06-13,95.48,96.36,95.48,95.8,664600.0
2018-06-14,95.72,96.24,94.84,96.080002,862100.0
2018-06-15,97.12,98.080002,97.0,98.080002,1031550.0
2018-06-18,96.88,97.32,95.6,96.0,749025.0
2018-06-19,94.76,94.76,93.76,94.6,623100.0
2018-06-20,96.0,96.24,95.64,96.12,965000.0
2018-06-21,97.080002,97.44,95.52,96.4,651050.0
2018-06-22,95.32,95.8,94.84,95.48,574925.0
2018-06-25,94.36,95.0,94.16,94.96,639500.0
2018-06-26,94.52,95.4,94.16,95.32,276550.0
2018-06-27,96.76,97.24,95.84,96.8,748750.0
2018-06-28,97.4,97.92,95.080002,95.72,718000.0
2018-06-29,95.040001,95.44,94.44,94.8,408575.0
2018-07-02,93.080002,93.12,92.52,92.92,586650.0
2018-07-03,92.8,94.16,92.8,93.76,222200.0
2018-07-05,92.6,92.68,91.84,91.84,550250.0
2018-07-06,91.92,92.8,91.72,92.64,361900.0
2018-07-09,92.16,92.32,91.44,91.84,439350.0
2018-07-10,91.6,91.68,90.28,90.32,699950.0
2018-07-11,91.44,91.88,90.96,91.6,339375.0
2018-07-12,91.2,91.68,90.52,90.84,479400.0
2018-07-13,90.2,90.2,89.28,89.64,553275.0
2018-07-16,89.48,89.96,88.96,89.64,235375.0
2018-07-17,89.6,89.68,88.6,88.8,549225.0
2018-07-18,88.76,88.88,88.2,88.6,399125.0
2018-07-19,87.88,90.0,87.64,89.76,907175.0
2018-07-20,90.16,90.2,89.4,89.52,412000.0
2018-07-23,88.56,88.64,88.2,88.36,543475.0
2018-07-24,88.68,89.4,88.56,89.28,291125.0
2018-07-25,90.44,90.52,90.12,90.4,299175.0
2018-07-26,90.44,91.12,90.24,90.48,462500.0
2018-07-27,91.28,91.72,91.080002,91.24,314775.0
2018-07-30,91.12,92.32,90.8,91.84,411650.0
2018-07-31,92.8,92.84,91.0,91.24,417050.0
2018-08-01,90.72,91.28,90.36,90.64,290400.0
2018-08-02,90.48,92.8,90.44,92.32,687925.0
2018-08-03,93.32,93.92,93.080002,93.36,567825.0
2018-08-06,93.32,93.92,93.24,93.72,302525.0
2018-08-07,94.44,95.2,94.44,94.96,673575.0
2018-08-08,96.24,96.84,96.12,96.52,756575.0
2018-08-09,96.76,97.12,96.2,96.84,614750.0
2018-08-10,95.92,96.72,95.76,96.52,348550.0
2018-08-13,95.96,96.72,95.92,96.16,313675.0
2018-08-14,96.84,97.64,96.76,96.88,357250.0
2018-08-15,96.8,97.040001,96.36,96.56,314300.0
2018-08-16,96.64,96.76,94.92,95.44,480800.0
2018-08-17,96.8,97.32,96.56,96.72,406075.0
2018-08-20,96.44,96.68,96.16,96.6,282550.0
2018-08-21,96.92,97.6,96.48,97.52,373525.0
2018-08-22,96.76,97.040001,96.52,96.72,259900.0
2018-08-23,96.64,97.4,96.080002,96.92,453550.0
2018-08-24,96.2,96.36,95.48,95.52,387825.0
2018-08-27,94.6,94.84,94.0,94.080002,444275.0
2018-08-28,93.76,93.84,93.0,93.4,381825.0
2018-08-29,93.84,94.32,93.0,94.2,328800.0
2018-08-30,94.56,94.76,93.36,94.6,540125.0
2018-08-31,95.84,96.2,95.32,95.8,396525.0
2018-09-04,93.4,94.28,92.32,92.44,803700.0
2018-09-05,92.84,92.92,91.48,91.72,331975.0
2018-09-06,91.64,91.72,90.8,91.24,453200.0
2018-09-07,90.68,91.28,90.6,91.2,325125.0
2018-09-10,90.44,92.36,90.4,92.080002,616250.0
2018-09-11,91.84,93.080002,91.48,92.84,360575.0
2018-09-12,93.92,94.040001,92.56,92.84,507450.0
2018-09-13,93.32,93.6,92.12,92.24,390175.0
2018-09-14,91.44,91.44,90.68,90.76,473650.0
2018-09-17,91.44,92.36,91.36,91.84,425925.0
2018-09-18,92.6,95.8,92.44,95.36,1099875.0
2018-09-19,95.56,96.0,95.0,95.080002,689775.0
2018-09-20,96.0,98.32,95.080002,97.48,1156775.0
2018-09-21,98.0,98.56,97.84,98.36,826800.0
2018-09-24,98.88,100.36,98.84,100.32,699400.0
2018-09-25,100.0,101.2,100.0,100.8,556525.0
2018-09-26,100.48,101.2,98.080002,98.52,835300.0
2018-09-27,99.48,102.84,99.36,100.96,1113675.0
2018-09-28,99.44,99.64,98.4,99.32,814200.0
2018-10-01,101.28,102.96,101.2,102.84,964300.0
2018-10-02,103.16,105.6,102.84,104.44,789500.0
2018-10-03,105.4,107.8,105.4,107.4,961175.0
2018-10-04,107.4,107.4,103.52,105.28,1068250.0
2018-10-05,106.0,106.0,102.84,104.24,863850.0
2018-10-08,107.28,108.92,107.2,108.28,1074450.0
2018-10-09,108.6,109.24,107.12,108.44,1284800.0
2018-10-10,109.64,110.6,107.56,107.92,1169175.0
2018-10-11,105.72,107.080002,104.32,106.52,1499825.0
2018-10-12,105.72,105.8,103.84,104.24,1156300.0
2018-10-15,106.96,108.040001,106.48,107.52,1076725.0
2018-10-16,107.080002,108.2,106.24,107.2,592150.0
2018-10-17,108.6,110.040001,107.4,109.88,843800.0
2018-10-18,107.84,107.92,105.44,106.48,947700.0
2018-10-19,105.92,107.8,105.92,107.24,963875.0
2018-10-22,104.8,105.72,104.080002,104.2,1103175.0
2018-10-23,105.92,107.52,105.72,106.64,869650.0
2018-10-24,107.32,107.4,104.52,105.52,817850.0
2018-10-25,105.44,106.8,104.16,105.080002,867575.0
2018-10-26,102.88,105.64,102.32,105.44,766350.0
2018-10-29,102.2,104.080002,101.88,103.68,613475.0
2018-10-30,105.44,105.6,102.96,104.24,614700.0
2018-10-31,105.28,107.12,104.28,106.8,779800.0
2018-11-01,106.52,107.040001,104.56,105.6,700700.0
2018-11-02,103.56,107.68,103.48,107.0,839675.0
2018-11-05,114.96,116.28,113.52,115.72,2206300.0
2018-11-06,115.84,116.44,114.84,115.040001,662500.0
2018-11-07,114.84,115.76,113.56,114.72,641500.0
2018-11-08,115.16,116.0,113.96,115.76,605150.0
2018-11-09,119.4,124.36,119.4,120.96,1855150.0
2018-11-12,123.12,126.24,121.52,126.24,1643050.0
2018-11-13,128.12,133.64,128.12,132.28,3815800.0
2018-11-14,143.16,159.48,141.96001,157.28,10786600.0
2018-11-15,142.32001,143.24001,127.16,127.2,4688950.0
2018-11-16,133.56,142.24001,133.24001,141.72,2948275.0
2018-11-19,146.92,155.32001,144.039993,148.8,3945100.0
2018-11-20,145.72,148.67999,138.0,146.72,3568250.0
2018-11-21,148.84,153.8,143.60001,145.2,3513550.0
2018-11-23,143.67999,148.72,143.67999,145.52,962275.0
2018-11-26,134.28,139.96001,133.8,138.24001,1869025.0
2018-11-27,135.84,140.56,134.12,136.56,1317650.0
2018-11-28,143.12,152.92,141.039993,150.96001,3607000.0
2018-11-29,147.88,150.84,144.16,148.36,1632475.0
2018-11-30,148.75999,150.52,144.8,149.28,1104350.0
2018-12-03,140.080002,142.2,137.39999,140.56,1385075.0
2018-12-04,146.32001,147.52,143.84,145.28,1577550.0
2018-12-06,139.56,142.24001,138.32001,141.39999,1271175.0
2018-12-07,142.24001,147.88,142.16,146.080002,1769950.0
2018-12-10,145.16,151.039993,143.48,145.96001,1524800.0
2018-12-11,144.48,144.8,140.84,141.32001,1302300.0
2018-12-12,135.84,137.75999,132.28,132.96001,1504075.0
2018-12-13,138.52,139.48,132.52,133.75999,1478425.0
2018-12-14,127.8,128.16,123.0,123.0,1262725.0
2018-12-17,120.32,120.4,113.76,114.84,1057725.0
2018-12-18,119.36,124.24,118.68,122.96,1147875.0
2018-12-19,116.28,122.12,115.080002,120.56,975450.0
2018-12-20,123.8,124.44,116.44,120.4,925175.0
2018-12-21,119.68,124.6,118.6,121.0,790775.0
2018-12-24,115.8,117.96,115.16,117.24,526275.0
2018-12-26,111.88,115.48,110.16,112.92,845025.0
2018-12-27,113.6,117.68,111.76,115.44,885200.0
2018-12-28,110.72,112.76,108.64,109.6,835825.0
2018-12-31,103.28,103.48,97.080002,98.84,1218025.0
2019-01-02,96.88,99.16,96.44,97.96,994600.0
2019-01-03,96.84,98.16,95.72,96.84,679725.0
2019-01-04,99.080002,101.0,96.72,100.36,655900.0
2019-01-07,98.0,99.16,96.96,97.52,517450.0
2019-01-08,100.4,101.12,98.2,98.96,618725.0
2019-01-09,98.32,99.92,97.52,99.56,407650.0
2019-01-10,100.8,101.56,98.2,99.0,902600.0
2019-01-11,100.92,105.0,100.24,104.36,926675.0
2019-01-14,112.0,119.92,112.0,119.0,2155375.0
2019-01-15,118.2,119.28,114.44,114.88,1104600.0
2019-01-16,120.72,121.32,111.0,112.88,1117975.0
2019-01-17,117.28,117.44,112.040001,113.080002,562875.0
2019-01-18,109.32,115.8,109.16,113.64,1731600.0
2019-01-22,108.44,109.6,105.64,106.6,1183750.0
2019-01-23,108.040001,108.52,103.32,105.24,812375.0
2019-01-24,107.0,108.8,105.84,107.84,862025.0
2019-01-25,106.0,110.16,105.92,109.6,701750.0
2019-01-28,103.32,104.2,102.040001,102.92,854825.0
2019-01-29,101.2,104.24,100.76,103.4,848900.0
2019-01-30,102.56,103.24,101.56,102.24,521250.0
2019-01-31,102.68,102.8,100.0,101.12,874100.0
2019-02-01,99.44,100.12,97.44,97.72,993050.0
2019-02-04,95.48,96.12,94.8,95.16,854650.0
2019-02-05,95.64,96.64,94.8,95.84,551750.0
2019-02-06,95.28,96.32,94.6,95.48,491950.0
2019-02-07,93.88,93.92,90.92,91.8,1313300.0
2019-02-08,92.32,93.36,91.32,93.080002,630750.0
2019-02-11,96.56,96.6,94.16,94.44,721600.0
2019-02-12,94.52,96.28,94.24,95.24,589775.0
2019-02-13,92.68,93.88,92.080002,92.68,646275.0
2019-02-14,92.56,93.24,91.76,91.96,656450.0
2019-02-15,93.040001,93.68,92.040001,93.56,469125.0
2019-02-19,93.64,95.12,93.44,94.84,464450.0
2019-02-20,95.48,95.6,93.92,94.32,417875.0
2019-02-21,95.32,96.2,94.92,96.040001,561725.0
2019-02-22,95.52,96.8,95.48,96.080002,421975.0
2019-02-25,98.040001,99.4,97.24,99.080002,836600.0
2019-02-26,99.96,100.12,97.36,97.8,547800.0
2019-02-27,97.48,99.0,97.16,98.92,265325.0
2019-02-28,99.92,100.2,98.28,98.92,1061025.0
2019-03-01,100.96,101.12,99.68,100.32,646975.0
2019-03-04,100.32,100.96,99.96,100.56,450150.0
2019-03-05,100.88,101.88,100.2,101.72,379300.0
2019-03-06,100.92,101.16,99.52,100.4,357500.0
2019-03-07,100.44,101.24,99.56,101.080002,369900.0
2019-03-08,101.2,101.44,100.72,100.92,219450.0
2019-03-11,98.44,98.56,97.56,97.92,433500.0
2019-03-12,97.84,98.68,97.36,98.56,259925.0
2019-03-13,98.72,99.72,98.72,99.52,321475.0
2019-03-14,100.12,100.68,99.72,100.32,259875.0
2019-03-15,99.68,99.76,98.44,98.56,264075.0
2019-03-18,99.72,100.64,99.72,100.24,269900.0
2019-03-19,100.8,101.040001,100.32,100.64,312375.0
2019-03-20,99.92,99.92,99.12,99.88,220150.0
2019-03-21,98.76,99.56,98.52,99.44,243200.0
2019-03-22,97.76,97.84,97.12,97.64,378225.0
2019-03-25,96.88,98.0,96.8,97.56,278600.0
2019-03-26,97.24,97.44,96.64,96.72,209075.0
2019-03-27,95.2,96.040001,94.72,95.88,382850.0
2019-03-28,95.72,96.28,95.28,95.64,295050.0
2019-03-29,94.48,94.8,93.52,93.92,411325.0
2019-04-01,94.8,96.16,94.8,95.12,361300.0
2019-04-02,95.12,95.12,94.12,94.68,279850.0
2019-04-03,94.16,94.52,93.56,94.0,328450.0
2019-04-04,94.12,94.2,92.8,93.0,344675.0
2019-04-05,93.24,94.040001,93.16,94.0,238825.0
2019-04-08,94.8,95.76,94.64,95.4,431025.0
2019-04-09,94.72,95.36,94.4,95.32,300925.0
2019-04-10,94.92,95.6,94.72,94.96,276250.0
2019-04-11,94.4,95.28,93.4,94.12,696825.0
2019-04-12,94.28,94.52,93.32,93.4,234875.0
2019-04-15,91.96,92.16,91.080002,91.2,463900.0
2019-04-16,91.2,91.2,90.52,90.64,245400.0
2019-04-17,89.28,89.48,88.32,88.36,537900.0
2019-04-18,88.32,88.64,87.4,87.76,454200.0
2019-04-22,88.64,88.92,88.2,88.6,285500.0
2019-04-23,87.36,87.36,86.28,86.6,405250.0
2019-04-24,87.16,87.24,86.36,86.56,220975.0
2019-04-25,86.76,88.56,85.76,87.84,455050.0
2019-04-26,89.28,90.2,88.92,89.52,302650.0
2019-04-29,89.16,89.96,88.16,89.88,239725.0
2019-04-30,89.92,90.040001,88.88,89.32,188450.0
2019-05-01,90.4,90.92,90.2,90.48,198775.0
2019-05-02,89.68,90.12,88.84,89.56,303875.0
2019-05-03,88.92,89.4,88.44,88.76,253425.0
2019-05-06,87.8,88.2,87.16,87.64,259575.0
2019-05-07,88.12,88.56,87.64,88.0,166050.0
2019-05-08,89.56,90.56,89.48,90.24,441800.0
2019-05-09,89.56,89.96,88.72,89.68,189700.0
2019-05-10,89.56,91.68,89.56,90.84,373800.0
2019-05-13,91.56,91.88,90.56,90.84,327875.0
2019-05-14,91.84,92.28,91.36,91.84,248825.0
2019-05-15,91.16,91.16,89.92,90.24,208500.0
2019-05-16,91.12,91.68,90.4,91.44,168800.0
2019-05-17,91.64,92.0,90.92,91.0,128250.0
2019-05-20,92.56,93.32,92.12,92.2,347175.0
2019-05-21,91.52,91.52,90.28,90.68,225325.0
2019-05-22,89.44,89.44,87.48,87.92,454675.0
2019-05-23,88.32,89.0,87.44,88.72,247850.0
2019-05-24,87.92,89.68,87.56,89.28,154375.0
2019-05-28,87.64,88.76,87.6,88.48,181000.0
2019-05-29,90.32,90.6,89.48,89.76,314950.0
2019-05-30,88.56,88.6,86.8,87.68,400800.0
2019-05-31,85.64,86.0,83.76,84.2,408050.0
2019-06-03,83.56,83.6,81.6,82.36,639825.0
2019-06-04,82.24,83.6,82.12,82.96,291475.0
2019-06-05,82.080002,82.4,80.72,81.44,316425.0
2019-06-06,81.040001,81.92,79.0,80.040001,667825.0
2019-06-07,79.88,80.64,79.080002,80.2,328600.0
2019-06-10,80.16,81.0,80.0,80.8,273650.0
2019-06-11,80.28,82.44,80.080002,82.080002,323575.0
2019-06-12,81.8,81.96,81.12,81.4,194600.0
2019-06-13,81.0,81.48,79.56,79.84,457150.0
2019-06-14,80.48,82.12,80.2,81.76,404625.0
2019-06-17,82.0,82.2,81.040001,81.2,147625.0
2019-06-18,80.64,80.92,79.040001,79.52,554450.0
2019-06-19,80.12,80.2,77.48,78.0,506875.0
2019-06-20,78.12,78.36,73.36,75.2,1328100.0
2019-06-21,74.52,75.28,74.12,74.76,379200.0
2019-06-24,76.92,78.96,76.56,78.36,948550.0
2019-06-25,77.84,78.88,76.8,77.88,418650.0
2019-06-26,78.080002,79.16,77.6,78.12,510950.0
2019-06-27,78.2,80.36,78.2,79.68,420925.0
2019-06-28,81.16,81.24,79.2,79.56,398100.0
2019-07-01,77.6,78.12,76.24,77.8,681175.0
2019-07-02,78.16,78.2,76.72,77.040001,271500.0
2019-07-03,78.24,78.56,77.36,78.32,279300.0
2019-07-05,82.0,84.040001,81.96,82.72,1316425.0
2019-07-08,82.48,82.8,81.48,82.52,451375.0
2019-07-09,82.52,83.76,81.92,83.12,370800.0
2019-07-10,84.64,85.56,83.36,84.16,503550.0
2019-07-11,84.76,85.52,82.32,82.68,811500.0
2019-07-12,84.64,85.28,84.080002,84.36,490900.0
2019-07-15,83.4,83.6,81.96,82.72,538750.0
2019-07-16,80.16,80.44,79.080002,79.88,745350.0
2019-07-17,79.56,80.56,78.68,79.48,298650.0
2019-07-18,79.72,80.72,77.92,78.72,442200.0
2019-07-19,77.68,77.8,77.040001,77.64,509475.0
2019-07-22,78.4,79.96,78.36,79.56,434075.0
2019-07-23,79.24,79.68,78.68,78.84,259075.0
2019-07-24,77.6,77.6,76.16,76.8,467200.0
2019-07-25,77.48,78.040001,76.68,77.040001,317150.0
2019-07-26,75.16,75.56,74.6,75.12,671825.0
2019-07-29,74.28,74.28,73.040001,73.6,545750.0
2019-07-30,73.56,74.36,73.24,74.16,261525.0
2019-07-31,76.6,78.8,76.24,77.76,874225.0
2019-08-01,79.92,80.36,75.28,75.4,910600.0
2019-08-02,73.72,74.44,72.2,74.4,953300.0
2019-08-05,71.0,73.28,70.96,72.4,986200.0
2019-08-06,72.84,74.080002,72.72,73.16,498150.0
2019-08-07,73.52,74.0,72.12,72.52,665275.0
2019-08-08,73.56,74.88,72.84,73.72,574000.0
2019-08-09,73.48,74.52,73.36,73.76,285975.0
2019-08-12,74.64,74.64,72.8,73.36,289325.0
2019-08-13,74.44,75.6,73.64,74.76,529675.0
2019-08-14,74.8,75.0,73.8,74.88,398300.0
2019-08-15,75.28,78.72,74.72,77.12,702575.0
2019-08-16,76.4,76.72,75.36,76.4,218575.0
2019-08-19,75.080002,77.040001,75.0,76.4,355875.0
2019-08-20,76.88,77.12,76.080002,76.96,209700.0
2019-08-21,76.52,76.52,74.92,75.6,565250.0
2019-08-22,75.68,76.16,74.68,74.88,429425.0
2019-08-23,74.080002,75.2,74.0,74.8,327100.0
2019-08-26,76.72,77.64,76.36,77.24,635425.0
2019-08-27,75.72,76.52,75.6,76.24,340175.0
2019-08-28,77.92,78.64,76.96,77.4,407975.0
2019-08-29,78.6,80.040001,78.080002,79.32,603050.0
2019-08-30,78.72,79.68,78.48,79.080002,237475.0
2019-09-03,81.56,82.0,81.080002,81.24,471250.0
2019-09-04,82.88,85.2,82.2,84.44,564775.0
2019-09-05,84.16,85.36,82.8,84.56,637675.0
2019-09-06,84.28,86.8,84.2,86.32,607175.0
2019-09-09,88.040001,90.0,88.0,89.92,551900.0
2019-09-10,90.44,90.72,89.2,89.6,623625.0
2019-09-11,88.4,89.92,88.12,88.4,268300.0
2019-09-12,88.080002,89.64,87.64,89.2,389925.0
2019-09-13,89.48,91.52,88.6,90.92,425200.0
2019-09-16,92.28,93.6,91.68,93.080002,601600.0
2019-09-17,92.28,93.48,91.8,92.12,276600.0
2019-09-18,91.88,91.92,89.96,91.040001,356725.0
2019-09-19,89.8,89.88,87.68,88.28,556950.0
2019-09-20,88.76,88.8,86.64,87.64,348025.0
2019-09-23,86.6,87.88,86.24,87.64,373275.0
2019-09-24,88.12,88.12,86.080002,86.36,257800.0
2019-09-25,84.88,86.72,84.64,86.2,327975.0
2019-09-26,85.4,85.68,82.56,83.8,960300.0
2019-09-27,81.64,82.96,81.48,82.16,433325.0
2019-09-30,80.16,80.84,79.56,79.72,815900.0
2019-10-01,78.56,79.040001,77.68,78.6,559750.0
2019-10-02,78.32,78.64,76.88,77.44,548550.0
2019-10-03,76.76,80.36,75.84,80.0,1012425.0
2019-10-04,78.68,82.040001,78.4,80.4,685850.0
2019-10-07,79.24,80.12,78.52,78.92,485375.0
2019-10-08,78.040001,78.64,77.6,78.48,363300.0
2019-10-09,77.96,78.72,76.36,76.68,760525.0
2019-10-10,77.0,77.84,75.44,75.52,1273450.0
2019-10-11,75.68,77.4,74.92,76.12,904400.0
2019-10-14,78.52,78.64,76.32,78.28,984425.0
2019-10-15,78.72,80.32,78.48,80.12,1037150.0
2019-10-16,81.12,81.48,78.12,78.56,729625.0
2019-10-17,79.48,80.56,78.8,79.44,495925.0
2019-10-18,78.92,80.36,78.56,80.28,576475.0
2019-10-21,77.36,77.64,76.48,77.64,1201275.0
2019-10-22,77.76,78.24,77.24,77.48,536125.0
2019-10-23,77.36,77.4,76.32,76.92,543575.0
2019-10-24,77.28,78.12,76.32,78.0,586500.0
2019-10-25,77.64,78.16,77.24,77.92,409575.0
2019-10-28,80.48,81.68,79.44,81.040001,1210425.0
2019-10-29,83.88,85.32,82.8,82.96,1715125.0
2019-10-30,85.56,85.72,84.24,85.0,1238750.0
2019-10-31,85.6,85.64,82.36,83.24,1201700.0
2019-11-01,81.96,85.8,81.88,85.4,1153175.0
2019-11-04,88.96,89.52,88.16,89.080002,1318700.0
2019-11-05,90.6,91.24,89.56,90.76,910450.0
2019-11-06,90.68,91.16,89.16,89.4,718125.0
2019-11-07,88.52,91.040001,86.96,88.2,1544525.0
2019-11-08,88.76,88.76,87.28,88.2,642625.0
2019-11-11,84.080002,84.2,82.76,83.32,1177850.0
2019-11-12,83.92,84.0,82.4,82.92,759650.0
2019-11-13,81.88,84.32,81.2,84.24,815550.0
2019-11-14,83.64,84.68,82.76,83.32,792975.0
2019-11-15,83.32,85.44,82.72,84.12,615850.0
2019-11-18,81.68,82.4,80.16,80.4,1149175.0
2019-11-19,79.32,79.84,78.84,79.0,1203775.0
2019-11-20,79.76,80.68,79.36,80.24,696175.0
2019-11-21,79.76,80.96,78.96,80.72,964650.0
2019-11-22,81.88,83.52,81.72,82.92,1008400.0
2019-11-25,79.8,80.0,78.96,79.32,1523200.0
2019-11-26,77.4,77.8,76.72,77.76,1688525.0
2019-11-27,77.2,77.68,76.32,76.8,1198675.0
2019-11-29,72.88,73.0,71.040001,71.32,1920975.0
2019-12-02,71.36,71.92,70.24,71.84,1389500.0
2019-12-03,74.2,76.96,73.72,74.72,2264425.0
2019-12-04,73.4,74.44,72.68,74.040001,1232425.0
2019-12-05,74.68,75.56,73.76,74.080002,1119175.0
2019-12-06,74.12,74.16,71.44,72.12,1300025.0
2019-12-09,68.24,69.2,67.52,69.2,2278350.0
2019-12-10,69.12,70.2,68.6,69.48,980450.0
2019-12-11,70.16,70.64,68.72,68.88,1014425.0
2019-12-12,70.040001,72.0,69.32,71.68,1307600.0
2019-12-13,70.44,71.2,70.040001,70.72,888625.0
2019-12-16,72.24,72.8,71.68,72.12,848775.0
2019-12-17,71.040001,71.64,70.36,71.16,633300.0
2019-12-18,69.84,70.2,69.28,70.12,840575.0
2019-12-19,68.92,70.48,68.84,70.4,1360000.0
2019-12-20,71.64,71.68,70.72,71.36,812575.0
2019-12-23,68.56,69.080002,68.28,68.68,984475.0
2019-12-24,67.88,68.4,67.4,68.080002,821500.0
2019-12-26,69.8,70.76,69.6,69.96,1066675.0
2019-12-27,68.2,69.44,67.28,69.36,2089150.0
2019-12-30,68.88,69.2,67.44,67.6,1306550.0
2019-12-31,66.96,67.88,66.52,67.44,1025050.0
2020-01-02,66.68,66.76,65.44,65.88,1624300.0
2020-01-03,65.96,66.8,65.44,65.56,1072675.0
2020-01-06,66.52,66.72,65.32,66.36,1168250.0
2020-01-07,65.96,67.28,65.88,66.48,911825.0
2020-01-08,66.68,66.84,65.4,66.52,899600.0
2020-01-09,65.84,67.080002,65.12,66.68,854775.0
2020-01-10,68.16,69.040001,67.96,68.16,1139925.0
2020-01-13,67.72,68.040001,66.88,67.76,987000.0
2020-01-14,69.56,69.72,67.36,67.4,1208475.0
2020-01-15,65.76,66.2,65.48,65.72,1235775.0
2020-01-16,65.76,67.0,64.080002,64.32,1483000.0
2020-01-17,63.040001,63.040001,62.0,62.16,2577325.0
2020-01-21,60.040001,60.52,58.24,59.48,2313025.0
2020-01-22,59.56,60.24,59.2,59.64,910575.0
2020-01-23,60.4,61.080002,59.36,59.76,954525.0
2020-01-24,58.76,58.88,58.12,58.44,1120750.0
2020-01-27,60.28,60.32,58.32,58.56,1251325.0
2020-01-28,59.64,60.24,59.28,59.6,1008775.0
2020-01-29,58.64,58.8,58.080002,58.64,942600.0
2020-01-30,57.48,58.32,56.72,57.24,1320850.0
2020-01-31,57.68,58.0,57.28,57.48,812875.0
2020-02-03,57.76,57.76,56.72,56.84,858450.0
2020-02-04,57.32,59.0,57.2,58.6,929700.0
2020-02-05,57.16,58.52,57.080002,58.52,1163025.0
2020-02-06,57.76,59.6,57.52,58.24,653275.0
2020-02-07,59.040001,59.32,57.8,57.8,676100.0
2020-02-10,55.8,56.2,55.0,55.36,1511900.0
2020-02-11,55.64,56.28,55.16,56.12,849700.0
2020-02-12,57.36,58.0,56.96,57.68,783675.0
2020-02-13,58.040001,58.28,57.080002,57.28,595500.0
2020-02-14,57.56,57.8,57.16,57.36,499700.0
2020-02-18,60.52,61.080002,59.92,60.4,1441500.0
2020-02-19,60.76,61.48,60.4,61.12,607300.0
2020-02-20,60.24,62.68,59.44,59.64,1539725.0
2020-02-21,58.84,59.76,58.8,59.2,927575.0
2020-02-24,57.88,58.040001,57.0,57.44,919525.0
2020-02-25,57.92,58.080002,56.96,57.12,1108400.0
2020-02-26,58.12,58.4,56.36,56.36,835600.0
2020-02-27,54.16,54.52,53.28,53.88,1685875.0
2020-02-28,52.88,53.48,51.92,52.4,932775.0
2020-03-02,54.040001,54.64,53.48,54.32,1047825.0
2020-03-03,55.76,56.96,55.2,55.72,1086750.0
2020-03-04,56.8,57.12,55.8,56.76,557250.0
2020-03-05,56.32,56.44,54.56,54.6,779000.0
2020-03-06,54.24,54.44,52.88,53.28,885800.0
2020-03-09,53.68,56.44,52.0,56.4,1856275.0
2020-03-10,57.24,60.56,57.12,59.88,2782600.0
2020-03-11,61.080002,61.92,57.68,58.16,1874475.0
2020-03-12,55.72,58.24,55.32,56.8,1827875.0
2020-03-13,59.68,60.080002,57.4,59.0,1103200.0
2020-03-16,56.12,57.12,55.6,55.68,489000.0
2020-03-17,56.24,56.24,53.16,53.48,505025.0
2020-03-18,51.12,51.64,48.32,50.96,1278400.0
2020-03-19,50.68,52.48,50.4,52.28,565325.0
2020-03-20,52.8,52.96,49.96,50.12,707875.0
2020-03-23,50.36,51.6,49.88,50.6,603775.0
2020-03-24,52.52,53.080002,51.72,52.84,549725.0
2020-03-25,52.44,52.92,51.48,52.16,434450.0
2020-03-26,51.64,52.6,50.72,51.2,602350.0
2020-03-27,50.68,51.32,50.24,50.68,469075.0
2020-03-30,49.88,51.64,49.84,51.28,487300.0
2020-03-31,51.76,51.76,49.6,50.2,701825.0
2020-04-01,49.040001,49.2,47.88,48.040001,917200.0
2020-04-02,47.12,47.76,46.12,47.0,968200.0
2020-04-03,46.92,50.16,46.88,49.88,963900.0
2020-04-06,50.92,53.040001,50.8,52.96,923450.0
2020-04-07,54.92,57.28,54.56,57.24,947250.0
2020-04-08,56.68,57.16,53.72,54.2,887150.0
2020-04-09,53.84,54.48,52.24,52.52,847050.0
2020-04-13,54.0,54.44,51.52,52.44,902200.0
2020-04-14,51.080002,51.52,49.68,49.8,1061875.0
2020-04-15,49.64,49.76,48.040001,48.16,829500.0
2020-04-16,47.8,51.84,47.080002,51.080002,1479250.0
2020-04-17,53.48,54.2,52.080002,52.8,989800.0
2020-04-20,53.6,57.68,53.2,57.040001,1903075.0
2020-04-21,56.8,57.76,53.56,54.64,1647675.0
2020-04-22,54.84,57.44,54.6,56.64,1416200.0
2020-04-23,55.36,56.6,53.44,53.88,931600.0
2020-04-24,54.32,54.4,51.8,51.92,1426275.0
2020-04-27,49.12,53.28,48.88,53.040001,1977575.0
2020-04-28,54.96,55.080002,53.4,53.84,988850.0
2020-04-29,52.88,53.28,51.48,52.0,1248175.0
2020-04-30,52.16,54.040001,51.52,53.64,1013675.0
2020-05-01,53.72,54.32,51.8,52.040001,995825.0
2020-05-04,54.84,55.4,53.72,55.12,1196875.0
2020-05-05,58.32,59.8,57.68,57.96,1734200.0
2020-05-06,55.72,55.72,53.4,53.96,1584300.0
2020-05-07,54.24,54.84,52.2,52.64,1610225.0
2020-05-08,51.040001,51.88,50.16,50.56,1516225.0
2020-05-11,51.88,52.28,49.92,51.16,1300500.0
2020-05-12,49.44,49.84,47.2,47.2,2251175.0
2020-05-13,46.96,47.28,44.16,45.32,2150375.0
2020-05-14,45.16,47.16,45.040001,45.76,1353775.0
2020-05-15,47.080002,47.24,44.84,45.16,1281125.0
2020-05-18,47.76,49.92,47.6,48.4,1535050.0
2020-05-19,49.76,49.84,48.68,49.0,1430650.0
2020-05-20,49.44,49.68,46.56,47.16,1485300.0
2020-05-21,46.080002,46.32,45.24,46.16,905250.0
2020-05-22,45.52,46.96,45.52,46.56,766400.0
2020-05-26,47.68,48.080002,46.8,47.76,818200.0
2020-05-27,47.12,47.76,46.12,46.4,1065750.0
2020-05-28,46.080002,46.32,44.92,45.080002,1195300.0
2020-05-29,44.68,45.88,43.52,45.28,1750225.0
2020-06-01,43.72,45.0,43.6,43.96,1505075.0
2020-06-02,44.16,44.44,43.6,43.8,834200.0
2020-06-03,45.64,45.84,44.12,44.64,1480425.0
2020-06-04,44.96,45.68,44.32,45.040001,1045125.0
2020-06-05,45.6,45.68,43.92,44.48,1545200.0
2020-06-08,43.96,44.6,43.76,44.6,1209825.0
2020-06-09,43.84,44.16,43.36,43.6,1247425.0
2020-06-10,43.96,44.6,43.76,44.2,1863500.0
2020-06-11,44.76,45.24,43.92,44.76,1384575.0
2020-06-12,44.32,44.56,42.64,43.0,1375450.0
2020-06-15,42.4,42.4,41.080002,41.48,1796925.0
2020-06-16,40.080002,40.4,39.56,40.0,1651925.0
2020-06-17,40.16,40.68,39.84,40.48,955200.0
2020-06-18,40.12,40.96,39.88,40.52,937800.0
2020-06-19,40.76,41.4,40.68,41.0,882200.0
2020-06-22,41.12,41.88,40.32,40.56,1218025.0
2020-06-23,40.12,40.24,39.4,39.6,1225950.0
2020-06-24,39.4,40.12,38.76,38.88,1251275.0
2020-06-25,37.8,37.96,35.56,35.96,3964850.0
2020-06-26,35.88,36.72,35.84,36.2,1411375.0
2020-06-29,39.16,41.080002,39.0,39.76,3292100.0
2020-06-30,41.28,41.52,40.12,41.040001,1216850.0
2020-07-01,39.76,40.0,38.96,39.56,1607500.0
2020-07-02,39.52,40.72,39.52,40.32,1529850.0
2020-07-06,42.32,43.0,41.52,42.84,1961300.0
2020-07-07,44.4,45.080002,43.72,43.8,1836700.0
2020-07-08,43.44,43.52,42.56,42.92,1151400.0
2020-07-09,43.84,44.040001,41.52,41.56,1804825.0
2020-07-10,42.4,42.96,42.080002,42.4,1379950.0
2020-07-13,42.24,42.52,40.44,40.48,1383750.0
2020-07-14,40.4,41.44,40.24,40.96,965225.0
2020-07-15,41.24,41.84,40.48,41.76,948350.0
2020-07-16,41.48,42.28,39.96,40.4,1542875.0
2020-07-17,40.6,40.88,39.92,40.040001,1148950.0
2020-07-20,38.92,38.92,37.56,38.44,2177225.0
2020-07-21,39.080002,39.2,38.6,38.84,835475.0
2020-07-22,38.32,39.6,38.12,39.36,838075.0
2020-07-23,39.72,42.2,39.12,41.76,1864150.0
2020-07-24,41.36,42.64,41.32,42.44,1040225.0
2020-07-27,41.96,42.24,40.28,40.64,1345350.0
2020-07-28,42.44,42.56,41.28,42.4,1096775.0
2020-07-29,42.72,44.16,42.48,43.44,1481275.0
2020-07-30,43.12,43.32,41.44,41.68,923950.0
2020-07-31,41.72,41.96,40.6,41.040001,825125.0
2020-08-03,45.36,49.12,45.12,48.0,4213550.0
2020-08-04,47.96,50.12,47.44,49.76,2313100.0
2020-08-05,50.36,51.36,49.28,50.36,1859975.0
2020-08-06,51.88,52.040001,48.68,48.92,1884175.0
2020-08-07,50.68,51.36,49.56,51.24,1759075.0
2020-08-10,50.16,50.28,48.28,49.24,1234575.0
2020-08-11,49.92,50.16,48.84,48.88,1067200.0
2020-08-12,47.92,49.32,47.52,48.92,1352200.0
2020-08-13,49.12,50.040001,48.8,50.0,1079250.0
2020-08-14,51.8,54.040001,51.52,53.28,1586325.0
2020-08-17,53.64,54.040001,52.36,53.24,1101300.0
2020-08-18,55.24,55.88,54.48,54.84,1109675.0
2020-08-19,54.8,55.36,54.36,55.2,1093975.0
2020-08-20,54.68,55.080002,53.64,53.72,936700.0
2020-08-21,52.28,55.6,52.080002,55.040001,1663975.0
2020-08-24,56.28,57.080002,55.64,56.12,1137450.0
2020-08-25,55.76,56.24,55.2,55.48,798250.0
2020-08-26,55.88,56.36,54.16,54.32,956000.0
2020-08-27,56.36,58.32,56.28,57.92,1814975.0
2020-08-28,57.52,57.96,56.36,57.28,869350.0
2020-08-31,54.4,57.0,53.68,56.56,1597825.0
2020-09-01,55.24,56.16,53.84,54.0,1555250.0
2020-09-02,53.32,55.4,52.92,53.84,1670325.0
2020-09-03,54.76,55.16,52.8,53.36,1090125.0
2020-09-04,53.0,55.96,52.28,55.52,1477825.0
2020-09-08,54.44,54.84,51.040001,51.12,1698400.0
2020-09-09,52.040001,52.16,50.0,51.16,1618850.0
2020-09-10,50.76,51.36,49.52,49.6,896525.0
2020-09-11,49.32,49.44,48.24,48.32,906750.0
2020-09-14,50.56,51.0,49.080002,49.6,1069200.0
2020-09-15,49.92,50.92,49.92,50.28,748975.0
2020-09-16,50.0,50.040001,48.24,48.56,1223925.0
2020-09-17,47.080002,47.080002,45.12,45.96,2536675.0
2020-09-18,46.48,47.68,46.12,47.44,1126325.0
2020-09-21,47.080002,49.12,46.52,48.72,2410200.0
2020-09-22,47.2,47.32,46.040001,46.68,1026900.0
2020-09-23,48.76,51.040001,48.56,50.36,1483975.0
2020-09-24,51.040001,52.6,49.88,51.52,994350.0
2020-09-25,51.12,51.6,50.2,50.56,587675.0
2020-09-28,48.92,50.52,48.64,49.92,1068800.0
2020-09-29,47.0,47.32,45.040001,45.16,2136150.0
2020-09-30,45.6,46.32,44.6,45.64,814300.0
2020-10-01,45.52,45.68,43.92,44.92,839650.0
2020-10-02,44.32,45.84,43.72,44.28,823575.0
2020-10-05,47.6,48.96,46.92,47.48,1571350.0
2020-10-06,46.4,47.4,45.0,45.36,1198825.0
2020-10-07,47.8,48.040001,45.64,46.8,1351425.0
2020-10-08,46.0,47.6,45.56,47.44,1326100.0
2020-10-09,49.92,50.68,48.96,49.52,1142150.0
2020-10-12,52.36,52.6,50.76,51.040001,1215925.0
2020-10-13,50.52,51.76,50.2,50.48,990400.0
2020-10-14,47.64,48.56,46.92,47.16,2055000.0
2020-10-15,49.56,50.28,49.12,49.56,975775.0
2020-10-16,50.0,50.52,48.64,49.12,905875.0
2020-10-19,49.28,50.2,49.12,49.96,747525.0
2020-10-20,50.32,50.56,49.24,49.52,604175.0
2020-10-21,50.72,50.96,50.44,50.56,496525.0
2020-10-22,50.2,50.52,49.36,49.56,559000.0
2020-10-23,48.72,49.0,48.32,48.4,524825.0
2020-10-26,49.6,49.92,48.64,49.2,686500.0
2020-10-27,48.36,50.56,48.32,50.12,574475.0
2020-10-28,49.8,50.36,49.6,49.84,656775.0
2020-10-29,48.16,50.68,47.76,50.2,940925.0
2020-10-30,49.36,51.040001,49.36,50.96,655250.0
2020-11-02,49.080002,49.56,48.72,49.0,1025800.0
2020-11-03,47.080002,47.12,46.12,46.44,1691425.0
2020-11-04,45.92,46.72,45.56,46.32,902375.0
2020-11-05,46.48,47.2,44.4,44.52,1386775.0
2020-11-06,44.52,44.52,43.48,43.92,1150200.0
2020-11-09,43.6,43.92,43.0,43.28,1137875.0
2020-11-10,43.8,45.64,43.72,44.84,1052450.0
2020-11-11,45.28,46.28,44.28,46.080002,1071425.0
2020-11-12,45.52,46.2,44.72,44.88,727100.0
2020-11-13,46.32,46.52,45.040001,45.28,722725.0
2020-11-16,42.64,42.68,41.2,41.24,2326875.0
2020-11-17,41.4,41.52,40.72,41.2,1257850.0
2020-11-18,41.64,42.0,40.88,41.12,835825.0
2020-11-19,38.72,40.12,38.48,39.6,2381250.0
2020-11-20,40.16,40.44,39.84,40.2,630525.0
2020-11-23,40.56,41.12,40.36,40.84,1080525.0
2020-11-24,41.84,42.12,41.52,41.88,936400.0
2020-11-25,42.0,43.48,41.52,42.76,1055575.0
2020-11-27,41.8,41.88,40.96,41.080002,612950.0
2020-11-30,43.12,43.36,41.64,42.4,1057225.0
2020-12-01,41.96,42.080002,41.040001,41.72,1172525.0
2020-12-02,41.68,41.8,39.72,39.84,1596800.0
2020-12-03,37.44,37.44,36.0,36.36,4663900.0
2020-12-04,36.64,37.96,36.64,37.12,1620550.0
2020-12-07,34.8,35.28,34.48,35.12,2462700.0
2020-12-08,35.24,35.6,34.32,35.36,1690350.0
2020-12-09,36.2,36.28,35.040001,35.16,1502500.0
2020-12-10,35.8,37.52,35.64,37.24,2107825.0
2020-12-11,37.2,38.080002,37.16,37.52,1126850.0
2020-12-14,38.68,39.12,37.8,38.48,1371800.0
2020-12-15,38.2,39.080002,37.96,38.56,1234500.0
2020-12-16,38.2,38.96,38.12,38.8,870650.0
2020-12-17,38.92,39.16,37.72,38.48,1009450.0
2020-12-18,38.96,39.24,38.36,39.0,789125.0
2020-12-21,38.8,39.040001,38.4,38.96,652300.0
2020-12-22,39.8,40.2,39.32,39.6,1046075.0
2020-12-23,38.64,38.88,37.0,37.52,1581000.0
2020-12-24,37.48,37.88,36.88,36.88,641550.0
2020-12-28,33.0,34.28,32.88,33.92,2776025.0
2020-12-29,34.72,36.040001,34.72,35.4,1605225.0
2020-12-30,35.4,35.72,34.6,35.16,893400.0
2020-12-31,35.88,36.88,35.36,36.8,1219375.0
2021-01-04,38.0,38.28,37.2,37.8,1085225.0
2021-01-05,38.96,39.56,38.76,39.12,1484150.0
2021-01-06,38.56,40.12,38.56,39.32,1213100.0
2021-01-07,39.36,39.88,38.72,38.8,1146625.0
2021-01-08,38.6,39.52,38.32,39.0,985850.0
2021-01-11,38.040001,40.72,37.96,40.4,1500325.0
2021-01-12,41.32,41.56,39.4,39.68,1660250.0
2021-01-13,39.92,40.72,39.24,39.76,1435175.0
2021-01-14,39.68,40.4,38.56,38.72,1506325.0
2021-01-15,40.32,40.36,39.2,39.84,1236725.0
2021-01-19,37.6,37.76,36.76,37.040001,1796800.0
2021-01-20,36.44,37.44,36.080002,37.12,1309850.0
2021-01-21,36.4,36.8,36.080002,36.76,1233650.0
2021-01-22,36.080002,36.4,35.8,36.040001,1310325.0
2021-01-25,37.36,38.24,37.2,38.16,1357275.0
2021-01-26,38.36,38.76,37.92,38.68,880475.0
2021-01-27,39.36,40.16,39.080002,39.28,1526450.0
2021-01-28,39.080002,39.48,37.96,39.32,1652775.0
2021-01-29,38.84,39.48,37.48,37.64,1401825.0
2021-02-01,41.12,42.0,40.88,41.28,2674625.0
2021-02-02,43.64,43.72,41.2,41.56,2080625.0
2021-02-03,41.48,41.6,40.24,40.56,1369450.0
2021-02-04,41.040001,43.6,40.72,43.36,1931350.0
2021-02-05,44.6,44.64,41.8,42.12,2064800.0
2021-02-08,42.32,42.56,41.68,42.36,1178350.0
2021-02-09,41.28,41.76,40.92,41.24,896925.0
2021-02-10,42.040001,43.52,41.8,43.4,1428800.0
2021-02-11,43.96,44.080002,41.64,41.76,2091275.0
2021-02-12,42.32,43.48,41.84,42.68,887150.0
2021-02-16,45.16,45.2,43.4,44.4,2418125.0
2021-02-17,44.32,45.48,43.96,45.2,2029200.0
2021-02-18,44.76,44.8,43.84,43.96,1630500.0
2021-02-19,44.88,45.2,44.36,44.64,1166550.0
2021-02-22,43.36,44.2,42.96,43.72,1362850.0
2021-02-23,43.080002,43.2,42.48,42.76,1122625.0
2021-02-24,42.4,42.6,41.72,41.92,917200.0
2021-02-25,41.56,42.28,41.24,41.24,1224900.0
2021-02-26,40.92,41.64,40.64,41.28,906400.0
2021-03-01,41.0,41.68,40.96,41.48,561500.0
2021-03-02,41.92,42.68,41.76,42.56,1102850.0
2021-03-03,42.6,42.68,41.96,42.0,669925.0
2021-03-04,41.44,41.6,40.16,41.040001,1360875.0
2021-03-05,41.080002,41.16,40.080002,40.32,673600.0
2021-03-08,39.44,39.88,39.28,39.76,798575.0
2021-03-09,39.56,40.2,39.36,39.88,602775.0
2021-03-10,39.32,40.44,39.12,40.12,696750.0
2021-03-11,39.84,40.32,39.4,39.88,813725.0
2021-03-12,39.68,39.92,38.6,38.76,1175250.0
2021-03-15,37.68,37.72,37.040001,37.4,1265425.0
2021-03-16,37.56,38.28,37.48,38.2,706400.0
2021-03-17,37.88,38.040001,37.2,37.72,874950.0
2021-03-18,36.36,37.64,36.28,37.16,862200.0
2021-03-19,36.8,37.96,36.72,37.96,656975.0
2021-03-22,37.84,38.76,37.76,38.48,672750.0
2021-03-23,38.16,38.44,37.6,37.68,731175.0
2021-03-24,38.0,38.24,37.76,37.8,319200.0
2021-03-25,38.0,38.76,37.6,38.56,555325.0
2021-03-26,38.8,38.88,38.44,38.64,381975.0
2021-03-29,38.64,39.16,38.080002,38.92,473600.0
2021-03-30,38.72,39.0,38.28,38.64,511325.0
2021-03-31,38.2,38.64,37.96,38.32,389350.0
2021-04-01,38.88,39.2,38.36,38.8,679425.0
2021-04-05,38.040001,38.040001,36.68,37.0,934475.0
2021-04-06,37.68,37.68,36.16,36.24,952475.0
2021-04-07,36.76,37.52,36.64,37.0,734300.0
2021-04-08,37.16,37.32,36.76,37.12,620350.0
2021-04-09,37.52,37.56,37.080002,37.12,327950.0
2021-04-12,38.0,38.040001,37.28,37.68,607475.0
2021-04-13,38.28,38.88,38.24,38.6,638650.0
2021-04-14,38.8,38.96,38.44,38.52,349000.0
2021-04-15,38.4,39.48,38.2,39.2,617175.0
2021-04-16,39.44,39.56,39.24,39.52,304675.0
2021-04-19,39.76,40.44,39.72,40.36,589975.0
2021-04-20,40.2,40.4,40.12,40.16,380225.0
2021-04-21,39.64,39.88,39.4,39.8,319800.0
2021-04-22,39.48,41.0,39.44,40.6,842300.0
2021-04-23,40.44,40.76,40.24,40.24,330125.0
2021-04-26,39.84,41.32,39.8,41.24,576175.0
2021-04-27,41.68,42.24,41.68,42.080002,820100.0
2021-04-28,42.6,42.84,42.080002,42.32,564825.0
2021-04-29,42.4,42.44,41.32,41.68,447950.0
2021-04-30,42.28,42.36,41.92,42.040001,293000.0
2021-05-03,42.2,42.64,42.0,42.52,445150.0
2021-05-04,42.48,42.64,42.040001,42.64,505150.0
2021-05-05,42.6,42.6,42.080002,42.24,425175.0
2021-05-06,42.0,42.56,41.68,42.12,397075.0
2021-05-07,41.96,42.84,41.64,42.36,833000.0
2021-05-10,41.72,42.12,41.68,42.0,395875.0
2021-05-11,41.36,42.52,41.32,42.36,362700.0
2021-05-12,42.28,42.8,42.24,42.72,497150.0
2021-05-13,42.2,42.96,42.080002,42.6,321400.0
2021-05-14,42.76,42.8,42.24,42.56,350275.0
2021-05-17,44.64,45.12,44.36,44.64,1130200.0
2021-05-18,43.96,43.96,43.2,43.24,552350.0
2021-05-19,42.8,43.0,42.28,42.68,505875.0
2021-05-20,42.44,42.48,41.8,42.36,669125.0
2021-05-21,41.84,42.040001,41.68,41.84,341900.0
2021-05-24,41.28,41.76,41.16,41.68,439375.0
2021-05-25,41.96,42.16,41.6,42.16,293550.0
2021-05-26,42.16,42.84,41.84,42.48,644400.0
2021-05-27,42.2,42.4,41.0,41.64,461700.0
2021-05-28,42.52,42.56,41.96,42.080002,409850.0
2021-06-01,43.68,44.32,43.48,43.68,952825.0
2021-06-02,43.6,43.8,42.88,43.16,322550.0
2021-06-03,42.92,43.28,42.68,43.040001,388525.0
2021-06-04,42.88,43.92,42.56,43.56,347400.0
2021-06-07,42.92,43.44,42.88,43.28,358950.0
2021-06-08,44.76,44.96,43.88,44.0,660250.0
2021-06-09,44.48,44.56,43.96,44.36,268650.0
2021-06-10,44.48,44.96,44.040001,44.36,341900.0
2021-06-11,45.8,46.8,45.76,46.16,1151350.0
2021-06-14,46.52,47.28,46.040001,47.24,524000.0
2021-06-15,46.88,47.12,45.2,45.2,651875.0
2021-06-16,45.12,46.080002,45.040001,45.72,295800.0
2021-06-17,45.16,45.88,44.88,45.68,436350.0
2021-06-18,45.2,45.88,45.16,45.24,223850.0
2021-06-21,44.48,45.2,44.28,45.040001,364300.0
2021-06-22,45.8,46.040001,45.6,45.88,313400.0
2021-06-23,47.040001,47.6,46.56,46.56,755800.0
2021-06-24,46.68,48.36,46.6,48.040001,572875.0
2021-06-25,48.44,49.28,48.4,49.28,609425.0
2021-06-28,50.4,51.040001,50.12,50.28,1020525.0
2021-06-29,52.040001,53.24,50.68,51.2,1408450.0
2021-06-30,51.84,53.28,50.36,52.32,959150.0
2021-07-01,51.56,51.64,50.16,51.16,702000.0
2021-07-02,51.28,52.28,51.040001,51.64,532875.0
2021-07-06,51.24,51.6,50.44,51.44,554150.0
2021-07-07,50.36,50.48,49.2,50.16,939425.0
2021-07-08,50.24,51.96,50.2,51.44,934675.0
2021-07-09,51.72,52.040001,51.28,51.56,351975.0
2021-07-12,52.28,52.6,51.76,52.4,513125.0
2021-07-13,51.56,52.0,51.32,51.64,375375.0
2021-07-14,52.040001,52.12,50.64,51.2,442375.0
2021-07-15,51.0,51.48,50.36,50.6,510025.0
2021-07-16,51.24,51.48,50.92,51.32,392950.0
2021-07-19,52.48,52.76,51.76,52.6,766325.0
2021-07-20,53.68,54.36,53.36,54.36,629800.0
2021-07-21,54.52,55.32,54.48,54.68,438825.0
2021-07-22,54.76,55.88,54.36,55.8,598850.0
2021-07-23,55.88,56.84,55.8,56.28,345800.0
2021-07-26,57.72,57.92,56.28,56.96,708250.0
2021-07-27,56.16,56.32,54.96,54.96,638050.0
2021-07-28,55.72,56.44,55.16,55.4,528100.0
2021-07-29,56.0,57.44,55.8,56.76,608325.0
2021-07-30,54.72,55.16,54.080002,55.040001,583350.0
2021-08-02,55.88,56.68,55.080002,55.44,444575.0
2021-08-03,56.16,57.16,56.0,57.0,541000.0
2021-08-04,57.64,59.0,57.64,58.28,598875.0
2021-08-05,58.6,58.92,57.96,58.36,538200.0
2021-08-06,58.2,58.76,57.72,57.92,440575.0
2021-08-09,57.2,57.32,56.080002,56.6,452650.0
2021-08-10,57.4,57.84,57.040001,57.56,340700.0
2021-08-11,55.96,57.16,55.84,56.88,417750.0
2021-08-12,56.2,56.6,54.68,54.84,858850.0
2021-08-13,54.96,55.4,53.96,54.0,517925.0
2021-08-16,55.16,55.88,55.12,55.4,439250.0
2021-08-17,54.16,54.32,53.32,53.72,782225.0
2021-08-18,54.040001,54.2,53.12,53.56,581550.0
2021-08-19,53.0,54.36,52.4,54.080002,790325.0
2021-08-20,55.12,55.32,53.8,53.92,382900.0
2021-08-23,54.48,55.44,54.080002,55.28,383775.0
2021-08-24,54.96,55.12,54.52,54.68,266275.0
2021-08-25,54.92,56.12,54.48,55.0,878025.0
2021-08-26,56.0,59.28,55.96,58.8,1804950.0
2021-08-27,60.68,61.44,60.36,61.36,1095875.0
2021-08-30,59.48,60.64,58.96,60.36,870725.0
2021-08-31,59.68,61.68,59.56,61.28,657200.0
2021-09-01,62.2,65.68,62.12,64.4,2072900.0
2021-09-02,64.88,66.0,64.32,64.76,1233800.0
2021-09-03,65.52,65.84,65.040001,65.68,647325.0
2021-09-07,65.12,65.28,63.68,63.88,805050.0
2021-09-08,67.64,69.92,67.12,68.72,2885675.0
2021-09-09,68.28,70.44,67.32,69.96,1786025.0
2021-09-10,69.88,69.88,68.6,69.4,1001700.0
2021-09-13,71.76,73.84,71.68,72.4,1337625.0
2021-09-14,73.68,74.56,72.68,73.88,1576775.0
2021-09-15,77.48,78.84,74.080002,76.28,3014100.0
2021-09-16,75.24,75.68,73.12,73.88,2273450.0
2021-09-17,72.64,73.32,70.44,70.6,2083300.0
2021-09-20,70.84,72.080002,68.44,69.0,1687325.0
2021-09-21,67.88,68.16,65.96,67.48,1438025.0
2021-09-22,66.92,67.84,66.56,66.6,859425.0
2021-09-23,67.92,70.64,67.92,70.52,1622550.0
2021-09-24,70.96,72.56,69.84,72.32,1147075.0
2021-09-27,76.76,81.56,76.0,81.24,4431400.0
2021-09-28,82.2,84.48,78.16,80.56,7566625.0
2021-09-29,77.6,78.28,75.040001,75.36,3105925.0
2021-09-30,76.52,81.56,76.040001,80.64,6253800.0
2021-10-01,78.64,79.68,76.96,77.12,3380750.0
2021-10-04,81.88,83.84,79.56,81.56,4476475.0
2021-10-05,84.24,88.4,84.2,87.12,5028475.0
2021-10-06,81.44,81.88,78.32,79.0,5111600.0
2021-10-07,78.040001,80.16,75.56,79.6,2889200.0
2021-10-08,78.2,78.68,76.8,77.52,2016325.0
2021-10-11,74.52,75.92,73.44,74.64,3068050.0
2021-10-12,73.4,76.4,73.080002,75.44,2553025.0
2021-10-13,74.92,78.72,74.080002,78.24,2561650.0
2021-10-14,80.2,82.28,77.52,78.44,2057875.0
2021-10-15,76.8,77.8,75.0,75.36,1793600.0
2021-10-18,72.92,73.4,69.68,69.8,3196175.0
2021-10-19,68.76,71.6,68.52,71.12,1814550.0
2021-10-20,69.6,73.28,69.36,72.68,1611450.0
2021-10-21,71.8,72.8,70.040001,72.64,1664150.0
2021-10-22,74.24,74.68,71.68,73.52,1726425.0
2021-10-25,78.4,82.28,78.16,81.6,3444675.0
2021-10-26,77.72,80.96,76.6,79.76,2970025.0
2021-10-27,82.44,83.88,78.96,81.8,3056475.0
2021-10-28,78.88,79.92,76.36,77.12,2652850.0
2021-10-29,74.36,75.080002,72.2,73.84,2678300.0
2021-11-01,70.64,71.64,68.36,69.56,2610425.0
2021-11-02,72.4,74.32,71.8,73.68,2773625.0
2021-11-03,74.28,77.8,73.76,77.76,2183900.0
2021-11-04,77.36,78.080002,73.96,76.12,2276600.0
2021-11-05,74.2,75.36,73.48,75.040001,1721575.0
2021-11-08,74.16,74.76,72.2,72.28,2172825.0
2021-11-09,68.2,68.88,65.64,66.24,3966450.0
2021-11-10,63.68,66.2,63.16,65.52,2805550.0
2021-11-11,66.16,69.12,65.48,68.48,2411300.0
2021-11-12,67.0,67.6,63.48,64.28,2793300.0
2021-11-15,65.28,67.56,64.44,67.16,2265475.0
2021-11-16,70.12,71.92,68.32,68.72,2121025.0
2021-11-17,66.24,67.0,64.28,65.2,1816675.0
2021-11-18,67.0,67.28,64.92,65.48,1176100.0
2021-11-19,66.16,68.64,65.16,66.92,2001475.0
2021-11-22,62.44,64.48,62.32,63.76,2528075.0
2021-11-23,66.080002,67.44,65.36,66.92,1791500.0
2021-11-24,66.92,68.2,66.2,66.8,1598525.0
2021-11-26,70.12,70.16,67.12,69.76,1717675.0
2021-11-29,63.48,64.84,63.16,63.52,2842225.0
2021-11-30,59.16,61.44,58.76,60.32,3600950.0
2021-12-01,57.6,57.96,55.32,55.64,3555700.0
2021-12-02,56.0,56.52,53.0,53.84,3292700.0
2021-12-03,54.12,55.72,53.28,53.32,2436650.0
2021-12-06,48.84,49.16,47.6,48.2,3450900.0
2021-12-07,49.0,50.16,48.080002,48.88,1923825.0
2021-12-08,51.12,51.12,49.88,50.0,1872425.0
2021-12-09,50.16,51.4,49.36,49.52,1809125.0
2021-12-10,50.76,51.92,50.12,50.84,1979075.0
2021-12-13,52.8,53.32,49.4,50.2,2468025.0
2021-12-14,49.4,50.040001,48.36,49.8,1643900.0
2021-12-15,51.080002,51.36,49.56,49.8,1644000.0
2021-12-16,50.76,51.2,48.84,49.36,1634400.0
2021-12-17,48.32,49.92,47.96,48.16,1189125.0
2021-12-20,50.4,51.040001,49.32,50.040001,1498275.0
2021-12-21,49.92,50.96,49.64,50.040001,1321325.0
2021-12-22,51.68,52.24,50.8,50.88,1075425.0
2021-12-23,48.24,49.12,46.76,48.4,3378650.0
2021-12-27,49.92,52.76,49.88,52.16,2990800.0
2021-12-28,50.8,52.2,50.56,51.76,1442025.0
2021-12-29,52.24,53.080002,50.68,50.96,2068750.0
2021-12-30,49.92,50.16,47.040001,47.68,2956800.0
2021-12-31,49.2,50.36,48.16,49.96,1870200.0
2022-01-03,49.8,51.24,48.36,51.080002,1654075.0
2022-01-04,50.88,51.12,49.28,49.76,1883425.0
2022-01-05,50.96,51.72,50.0,51.2,1519400.0
2022-01-06,51.16,51.52,50.56,51.2,1467700.0
2022-01-07,51.72,52.84,51.4,52.080002,1744025.0
2022-01-10,54.76,55.24,52.84,54.96,2742900.0
2022-01-11,53.92,56.56,53.6,56.28,1809300.0
2022-01-12,60.88,64.76,60.080002,63.88,4718575.0
2022-01-13,59.64,60.24,56.6,56.8,3431800.0
2022-01-14,55.84,57.24,55.44,56.68,1521025.0
2022-01-18,57.56,57.92,56.16,57.32,1874525.0
2022-01-19,57.16,57.2,53.68,53.8,2456850.0
2022-01-20,52.16,52.4,50.84,51.32,1925425.0
2022-01-21,52.12,53.6,51.52,52.4,2380350.0
2022-01-24,53.52,54.8,53.080002,53.28,1592275.0
2022-01-25,53.96,54.84,53.36,54.28,1188625.0
2022-01-26,57.88,57.96,55.64,55.92,2460025.0
2022-01-27,57.0,61.84,56.64,60.8,3643825.0
2022-01-28,66.88,67.92,64.2,65.080002,5042525.0
2022-01-31,67.76,69.64,65.72,68.040001,2873250.0
2022-02-01,66.6,68.48,65.080002,68.4,2379025.0
2022-02-02,74.68,78.0,73.56,75.92,5397150.0
2022-02-03,67.88,70.28,67.48,68.96,2801550.0
2022-02-04,67.24,68.64,62.84,63.36,2671225.0
2022-02-07,60.24,60.88,57.68,59.96,2996775.0
2022-02-08,60.36,61.080002,58.68,58.88,1728225.0
2022-02-09,56.6,56.88,55.76,56.2,2192675.0
2022-02-10,54.96,56.0,54.36,55.56,1618675.0
2022-02-11,54.48,56.56,54.28,55.8,4205725.0
2022-02-14,57.12,58.92,56.84,58.2,1957475.0
2022-02-15,60.080002,60.8,58.6,60.48,2032575.0
2022-02-16,62.040001,64.68,61.72,63.28,2791600.0
2022-02-17,63.28,64.4,61.2,62.68,1427850.0
2022-02-18,64.32,64.36,61.28,61.64,2567100.0
2022-02-22,63.96,64.68,62.12,62.68,2062775.0
2022-02-23,64.040001,66.0,63.88,64.48,2176850.0
2022-02-24,67.92,68.92,64.72,65.16,3283125.0
2022-02-25,63.8,64.16,62.2,63.28,1839100.0
2022-02-28,63.0,63.4,61.52,61.84,1573850.0
2022-03-01,62.84,65.2,62.64,64.44,1822300.0
2022-03-02,67.32,69.16,65.52,68.080002,2411200.0
2022-03-03,65.92,67.96,65.16,66.56,2248050.0
2022-03-04,68.040001,71.040001,67.96,69.36,2421250.0
2022-03-07,69.88,70.2,67.32,67.8,2091600.0
2022-03-08,64.36,66.2,63.52,64.28,2881175.0
2022-03-09,64.040001,64.6,63.28,63.64,2070325.0
2022-03-10,64.4,65.8,64.080002,65.28,979475.0
2022-03-11,66.72,67.56,65.84,67.16,1011950.0
2022-03-14,65.88,66.16,64.24,65.88,1121125.0
2022-03-15,63.24,65.2,62.76,64.84,871400.0
2022-03-16,66.36,67.16,65.28,66.76,1140575.0
2022-03-17,68.4,70.24,68.28,69.48,1408350.0
2022-03-18,69.44,69.44,68.080002,68.88,1079575.0
2022-03-21,67.32,69.92,66.88,69.76,775225.0
2022-03-22,71.92,73.2,70.8,72.36,1315200.0
2022-03-23,73.96,74.52,71.8,72.12,1286175.0
2022-03-24,72.88,76.88,71.4,75.88,2025825.0
2022-03-25,78.16,78.44,76.44,77.96,1971275.0
2022-03-28,76.76,78.2,76.64,76.88,1266300.0
2022-03-29,76.6,76.68,74.28,74.4,1486375.0
2022-03-30,75.96,78.48,75.84,77.52,1667025.0
2022-03-31,78.68,81.4,78.44,78.88,2505275.0
2022-04-01,78.8,80.68,78.2,79.68,1406600.0
2022-04-04,80.36,81.72,79.28,80.2,1481125.0
2022-04-05,83.0,86.52,82.96,84.24,2801900.0
2022-04-06,87.4,88.76,83.76,84.92,3948225.0
2022-04-07,85.0,89.88,83.76,89.48,4221775.0
2022-04-08,89.76,90.16,87.32,88.36,2131300.0
2022-04-11,91.84,93.36,90.72,93.2,2185225.0
2022-04-12,93.72,96.92,92.16,93.6,3312275.0
2022-04-13,94.8,98.96,94.64,98.48,3141950.0
2022-04-14,97.92,102.56,97.080002,102.4,3357075.0
2022-04-18,105.56,112.6,105.56,108.52,5053650.0
2022-04-19,100.32,101.2,96.88,99.96,3981300.0
2022-04-20,99.16,99.6,94.72,96.0,2703025.0
2022-04-21,98.72,99.48,93.88,96.8,2460825.0
2022-04-22,95.52,96.6,90.2,90.8,2138525.0
2022-04-25,90.92,97.68,90.8,96.88,2555275.0
2022-04-26,96.52,98.16,93.32,95.28,3245275.0
2022-04-27,98.16,103.24,97.36,100.76,2895700.0
2022-04-28,98.28,98.72,94.52,95.4,1857150.0
2022-04-29,97.48,100.72,96.36,100.0,1651575.0
2022-05-02,101.64,104.28,101.16,104.0,1244600.0
2022-05-03,109.24,112.2,107.0,107.16,2023750.0
2022-05-04,115.12,116.4,113.48,116.040001,1759525.0
2022-05-05,114.76,120.96,111.48,120.4,2391875.0
2022-05-06,117.16,117.36,109.32,110.72,2604100.0
2022-05-09,104.72,104.84,95.68,97.24,2937675.0
2022-05-10,92.76,102.52,92.68,99.16,3419175.0
2022-05-11,104.32,106.040001,103.4,105.52,1653650.0
2022-05-12,102.52,106.96,102.16,105.92,1381525.0
2022-05-13,107.2,107.24,103.24,105.080002,1104225.0
2022-05-16,111.0,112.24,105.32,109.6,1552300.0
2022-05-17,113.56,114.76,111.56,113.76,1409975.0
2022-05-18,115.36,116.36,112.52,113.96,1225800.0
2022-05-19,112.8,116.52,111.64,111.92,1105300.0
2022-05-20,109.92,112.4,109.8,110.92,1378325.0
2022-05-23,111.64,120.84,111.32,120.28,1767200.0
2022-05-24,120.0,121.16,118.12,120.48,1413300.0
2022-05-25,125.2,127.96,120.44,122.12,2174200.0
2022-05-26,122.68,128.12,117.040001,118.92,2011000.0
2022-05-27,114.040001,119.44,112.44,118.32,1708975.0
2022-05-31,115.88,116.52,110.16,111.64,1874975.0
2022-06-01,115.8,119.28,114.76,119.16,2178050.0
2022-06-02,121.52,121.8,113.72,115.16,2021875.0
2022-06-03,115.68,116.68,113.84,115.84,1189325.0
2022-06-06,123.84,127.48,122.4,126.92,1964450.0
2022-06-07,126.2,127.96,125.24,126.88,1524275.0
2022-06-08,128.72,131.080002,114.4,117.64,3679000.0
2022-06-09,109.6,122.48,108.8,121.48,2904200.0
2022-06-10,118.76,121.12,116.96,118.88,1478125.0
2022-06-13,120.44,120.88,113.72,117.64,1690600.0
2022-06-14,107.24,107.72,95.040001,98.88,4584325.0
2022-06-15,102.48,104.36,99.12,101.8,1263650.0
2022-06-16,107.16,108.68,99.36,101.080002,1643000.0
2022-06-17,99.68,100.2,92.8,94.72,1792450.0
2022-06-21,90.88,94.52,90.0,92.8,1564350.0
2022-06-22,91.2,94.52,90.56,92.84,805050.0
2022-06-23,91.72,92.36,84.88,85.36,1494250.0
2022-06-24,84.52,87.040001,83.6,85.16,1097200.0
2022-06-27,83.24,89.72,83.16,88.44,1426025.0
2022-06-28,90.36,91.64,88.16,90.6,1551300.0
2022-06-29,91.4,92.24,87.44,87.48,1325450.0
2022-06-30,88.72,89.76,73.12,76.040001,3594925.0
2022-07-01,79.48,80.44,76.72,77.24,1591525.0
2022-07-05,75.96,78.080002,73.4,74.64,1776750.0
2022-07-06,76.080002,76.44,73.2,75.4,990975.0
2022-07-07,78.72,86.8,78.0,84.56,2279100.0
2022-07-08,84.040001,85.72,81.84,82.28,1034900.0
2022-07-11,89.92,90.4,86.48,88.12,1539950.0
2022-07-12,90.080002,90.44,81.84,84.84,2487575.0
2022-07-13,88.84,92.52,87.36,89.72,1607100.0
2022-07-14,92.4,93.36,89.040001,90.8,1279075.0
2022-07-15,90.44,97.12,89.28,96.96,988975.0
2022-07-18,99.96,102.84,99.68,101.36,1166375.0
2022-07-19,98.12,101.2,97.56,99.72,1252725.0
2022-07-20,101.8,109.32,99.84,107.12,1615650.0
2022-07-21,106.0,111.0,104.44,108.080002,1261325.0
2022-07-22,111.44,114.32,111.080002,113.2,1623725.0
2022-07-25,114.76,120.080002,113.36,118.84,1617650.0
2022-07-26,125.92,126.080002,119.48,120.48,3019300.0
2022-07-27,119.56,120.68,115.12,118.96,1677225.0
2022-07-28,118.16,122.2,111.8,113.36,1755675.0
2022-07-29,114.84,115.36,110.48,114.48,1835475.0
2022-08-01,108.68,114.48,107.52,114.0,2601525.0
2022-08-02,108.040001,109.44,105.2,105.64,2257225.0
2022-08-03,105.64,116.92,104.24,114.12,3229325.0
2022-08-04,112.12,113.52,107.8,112.68,2363900.0
2022-08-05,110.52,113.76,109.8,110.28,1102450.0
2022-08-08,105.84,107.4,104.040001,105.12,1224375.0
2022-08-09,107.32,108.88,106.080002,107.84,1215800.0
2022-08-10,108.040001,114.040001,107.32,113.56,2210225.0
2022-08-11,116.36,124.040001,113.96,120.44,2055425.0
2022-08-12,122.040001,123.040001,119.6,121.040001,1220175.0
2022-08-15,116.72,123.28,115.92,122.24,1604450.0
2022-08-16,127.2,129.88,124.56,129.080002,2059175.0
2022-08-17,130.52,130.60001,125.84,127.52,1319975.0
2022-08-18,127.52,133.24001,122.88,127.040001,2577200.0
2022-08-19,125.44,129.48,124.88,128.2,1385300.0
2022-08-22,135.56,135.72,130.2,135.16,1618025.0
2022-08-23,136.2,138.0,124.72,128.039993,3018675.0
2022-08-24,127.48,130.12,125.32,127.44,1839700.0
2022-08-25,128.84,129.92,126.48,129.2,1053075.0
2022-08-26,131.64,133.36,126.76,127.96,1356825.0
2022-08-29,126.8,132.080002,126.080002,127.76,1369475.0
2022-08-30,124.76,126.96,122.56,125.6,1189500.0
2022-08-31,123.32,128.36,122.24,126.6,1373350.0
2022-09-01,128.12,129.88,126.16,126.96,1512525.0
2022-09-02,124.48,124.56,119.24,122.84,2359850.0
2022-09-06,115.4,117.52,108.32,111.2,1980600.0
2022-09-07,110.12,111.32,107.84,108.040001,1509200.0
2022-09-08,110.4,111.6,108.8,110.12,1072675.0
2022-09-09,110.96,111.64,109.16,111.56,906675.0
2022-09-12,110.84,116.28,110.84,116.040001,1306375.0
2022-09-13,115.0,116.96,112.8,116.52,1062975.0
2022-09-14,121.64,127.76,119.72,125.8,1754875.0
2022-09-15,117.2,118.16,113.52,114.64,1613825.0
2022-09-16,110.72,111.64,106.88,107.8,1123575.0
2022-09-19,105.76,109.6,105.56,109.4,1056500.0
2022-09-20,107.72,110.56,105.96,106.68,688525.0
2022-09-21,109.84,109.84,104.72,107.88,788150.0
2022-09-22,106.12,106.48,98.64,100.6,904350.0
2022-09-23,95.0,98.92,94.48,96.28,1769400.0
2022-09-26,93.32,97.44,92.12,96.84,1205825.0
2022-09-27,94.28,97.040001,92.76,93.64,1464075.0
2022-09-28,92.0,96.72,91.080002,96.36,1156650.0
2022-09-29,93.4,96.040001,90.6,94.8,1156650.0
2022-09-30,93.12,96.92,92.32,93.52,1058675.0
2022-10-03,89.080002,90.12,86.8,89.84,1472550.0
2022-10-04,90.8,94.76,90.4,93.96,1352600.0
2022-10-05,95.88,96.2,94.24,95.76,1190525.0
2022-10-06,96.84,98.080002,94.56,95.36,1171775.0
2022-10-07,93.76,95.32,91.52,91.76,1102650.0
2022-10-10,94.24,94.96,88.28,89.8,1284400.0
2022-10-11,90.76,91.88,88.4,90.48,987050.0
2022-10-12,92.6,93.12,88.16,88.44,1082875.0
2022-10-13,89.16,93.28,87.92,92.16,1106050.0
2022-10-14,90.48,90.8,88.56,89.44,771825.0
2022-10-17,83.28,84.68,82.48,83.36,1386550.0
2022-10-18,83.72,84.56,79.44,80.16,1287500.0
2022-10-19,77.48,78.52,76.2,76.28,1512950.0
2022-10-20,75.24,77.040001,74.36,75.32,1647450.0
2022-10-21,71.44,72.040001,69.64,71.28,2021875.0
2022-10-24,72.36,75.44,72.32,74.32,1876725.0
2022-10-25,75.8,80.040001,75.4,80.0,2039150.0
2022-10-26,76.4,79.96,76.36,79.32,1864325.0
2022-10-27,77.72,78.88,73.72,75.64,1663875.0
2022-10-28,73.44,74.96,71.64,74.76,1626675.0
2022-10-31,81.080002,82.32,78.6,81.52,2199150.0
2022-11-01,77.32,77.68,72.56,75.36,2356350.0
2022-11-02,79.28,81.36,78.2,79.64,1291000.0
2022-11-03,78.52,79.6,75.92,76.4,1353175.0
2022-11-04,78.8,84.080002,76.28,83.28,1923325.0
2022-11-07,90.12,93.28,84.88,86.8,2470550.0
2022-11-08,82.48,82.48,78.36,80.8,2276250.0
2022-11-09,75.64,77.88,73.88,76.64,2285175.0
2022-11-10,78.44,80.88,76.88,79.52,1467350.0
2022-11-11,81.68,84.0,74.68,76.64,2940350.0
2022-11-14,82.28,82.76,76.16,78.080002,2888375.0
2022-11-15,76.52,79.28,75.48,79.080002,1891350.0
2022-11-16,75.36,80.72,74.32,80.36,2303575.0
2022-11-17,82.36,84.2,80.4,82.4,1565450.0
2022-11-18,78.8,83.16,78.72,82.24,2138925.0
2022-11-21,85.12,88.6,84.88,87.16,1318550.0
2022-11-22,86.48,92.0,85.72,91.4,1424800.0
2022-11-23,98.48,98.52,92.44,94.040001,1975075.0
2022-11-25,92.2,94.44,90.48,90.8,774325.0
2022-11-28,86.12,90.0,86.0,89.44,1649675.0
2022-11-29,88.2,90.4,86.44,88.56,1233850.0
2022-11-30,88.6,88.72,83.0,84.88,1771500.0
2022-12-01,86.6,87.44,81.8,83.48,1820000.0
2022-12-02,79.0,81.44,75.88,76.32,2789975.0
2022-12-05,70.96,71.56,68.040001,68.4,3442525.0
2022-12-06,67.4,68.72,65.2,65.56,2164875.0
2022-12-07,68.48,71.32,65.88,70.96,2309675.0
2022-12-08,71.44,75.16,71.12,73.0,1485225.0
2022-12-09,77.080002,77.92,73.96,77.040001,2329700.0
2022-12-12,83.68,84.040001,79.32,79.64,1930125.0
2022-12-13,85.16,86.68,83.0,85.080002,2142300.0
2022-12-14,80.4,81.36,77.36,77.88,1940100.0
2022-12-15,80.68,85.32,78.88,83.68,2022950.0
2022-12-16,78.84,81.64,78.56,80.4,1502175.0
2022-12-19,74.28,75.28,71.6,72.0,1856425.0
2022-12-20,67.32,67.68,65.64,66.44,2324925.0
2022-12-21,68.44,68.96,65.8,67.4,1643925.0
2022-12-22,66.040001,67.72,62.4,63.24,2775500.0
2022-12-23,61.4,65.28,61.32,63.64,2062975.0
2022-12-27,64.4,65.48,63.52,64.48,1750700.0
2022-12-28,59.24,60.48,56.76,60.2,2493975.0
2022-12-29,57.68,58.48,56.24,58.16,1944525.0
2022-12-30,56.2,57.76,55.68,56.4,2062750.0
2023-01-03,51.24,52.32,49.64,51.12,2548725.0
2023-01-04,51.92,53.64,50.92,52.92,1571175.0
2023-01-05,48.72,49.16,46.48,47.84,4459950.0
2023-01-06,47.44,48.84,46.68,47.56,3336775.0
2023-01-09,49.28,52.52,49.0,49.72,3134825.0
2023-01-10,46.76,47.44,45.16,45.72,3808250.0
2023-01-11,46.36,47.16,43.56,46.88,5276800.0
2023-01-12,49.84,50.2,46.72,47.040001,2836425.0
2023-01-13,45.16,46.2,43.12,44.12,3588175.0
2023-01-17,46.48,47.16,45.0,46.2,4220100.0
2023-01-18,43.32,44.32,42.32,42.48,4764600.0
2023-01-19,42.84,43.4,41.88,42.040001,3229525.0
2023-01-20,42.76,43.48,40.72,41.040001,3799825.0
2023-01-23,42.36,44.24,40.84,44.040001,5096400.0
2023-01-24,43.080002,43.48,41.44,41.96,2568900.0
2023-01-25,40.6,41.040001,39.24,39.24,5049275.0
2023-01-26,37.24,39.12,36.6,38.48,9235950.0
2023-01-27,38.84,39.68,37.8,39.24,4734800.0
2023-01-30,37.24,37.84,36.36,36.48,6713725.0
2023-01-31,36.12,37.56,35.92,37.28,6844050.0
2023-02-01,35.64,36.0,33.64,34.0,12167175.0
2023-02-02,34.48,35.44,33.2,33.52,7295575.0
2023-02-03,33.16,33.36,32.0,32.76,8361700.0
2023-02-06,33.040001,34.080002,32.32,34.0,5274425.0
2023-02-07,34.040001,35.68,33.96,35.48,6511700.0
2023-02-08,34.6,34.96,32.36,32.92,7188725.0
2023-02-09,33.12,34.52,32.68,33.4,5525900.0
2023-02-10,33.56,35.24,33.32,35.16,5585550.0
2023-02-13,33.56,34.48,32.56,33.32,7581825.0
2023-02-14,34.36,35.6,34.2,35.4,5540525.0
2023-02-15,34.36,35.080002,33.44,33.68,5037450.0
2023-02-16,34.12,34.16,32.44,33.040001,6205750.0
2023-02-17,31.44,31.68,30.4,31.040001,9867575.0
2023-02-21,29.6,29.84,28.56,28.84,10296625.0
2023-02-22,29.92,32.0,29.64,30.32,9306150.0
2023-02-23,31.64,32.84,30.64,32.28,8400100.0
2023-02-24,33.28,34.080002,32.44,33.96,7150400.0
2023-02-27,35.6,36.16,34.48,35.84,7671475.0
2023-02-28,35.64,36.64,33.92,36.48,5760400.0
2023-03-01,35.56,37.48,35.44,37.2,5518750.0
2023-03-02,37.44,37.52,35.8,36.68,4628400.0
2023-03-03,37.36,39.96,37.0,39.52,8607000.0
2023-03-06,34.8,35.080002,33.48,34.6,8683350.0
2023-03-07,34.76,35.64,34.28,35.080002,4158825.0
2023-03-08,34.8,34.88,33.32,34.32,4826300.0
2023-03-09,34.56,34.88,32.6,32.96,5079725.0
2023-03-10,33.040001,33.48,32.080002,32.16,4400475.0
2023-03-13,33.2,34.76,32.96,34.6,5589075.0
2023-03-14,34.36,34.72,33.48,34.28,3796700.0
2023-03-15,32.6,32.96,31.56,32.4,5501200.0
2023-03-16,32.64,33.6,32.4,33.36,3592125.0
2023-03-17,31.88,32.080002,30.84,31.2,4938325.0
2023-03-20,30.76,30.84,29.44,29.84,5566075.0
2023-03-21,28.72,31.52,28.64,30.92,7576100.0
2023-03-22,30.56,30.92,28.96,29.52,5264425.0
2023-03-23,29.36,30.16,28.64,28.72,5361850.0
2023-03-24,29.52,30.12,29.12,29.32,4373450.0
2023-03-27,28.64,28.76,27.64,28.28,7593275.0
2023-03-28,27.68,28.48,27.12,27.32,7160800.0
2023-03-29,27.0,28.16,26.68,27.6,7383400.0
2023-03-30,27.0,27.4,26.32,26.72,7923750.0
2023-03-31,27.6,28.36,27.4,27.76,7235225.0
2023-04-03,26.84,27.16,26.32,26.84,8332450.0
2023-04-04,26.64,26.92,26.32,26.44,6483450.0
2023-04-05,27.76,27.76,26.76,27.16,5760725.0
2023-04-06,26.96,27.08,25.28,25.64,8947350.0
2023-04-10,27.36,28.16,27.08,27.4,9383725.0
2023-04-11,27.68,28.24,26.96,28.24,5307750.0
2023-04-12,27.48,27.8,26.28,26.6,7355450.0
2023-04-13,26.28,26.28,25.36,25.64,7325000.0
2023-04-14,25.36,26.96,25.08,26.76,7390950.0
2023-04-17,28.56,28.76,28.16,28.52,8291900.0
2023-04-18,28.84,29.52,28.32,29.4,5321650.0
2023-04-19,28.08,28.4,27.64,27.96,6897375.0
2023-04-20,27.84,28.44,27.040001,28.08,5650675.0
2023-04-21,28.16,28.44,27.8,28.0,4391625.0
2023-04-24,27.96,29.040001,27.84,28.76,5196125.0
2023-04-25,28.36,28.6,27.92,28.0,4566025.0
2023-04-26,27.0,27.16,26.6,27.040001,5413400.0
2023-04-27,27.44,27.76,26.76,27.52,4105600.0
2023-04-28,27.8,28.36,27.48,28.040001,5436750.0
2023-05-01,27.72,27.76,26.76,27.040001,4135550.0
2023-05-02,26.36,26.36,25.56,25.96,5716200.0
2023-05-03,25.16,25.52,24.6,25.24,6640675.0
2023-05-04,25.12,25.16,24.4,24.44,7831150.0
2023-05-05,24.8,25.36,24.64,24.68,5601825.0
2023-05-08,25.96,26.28,25.48,26.12,4856650.0
2023-05-09,26.52,26.72,25.88,26.52,3256725.0
2023-05-10,25.76,26.12,25.28,25.6,3723650.0
2023-05-11,25.88,26.4,25.36,25.56,3030750.0
2023-05-12,25.76,27.32,25.64,26.56,5049175.0
2023-05-15,27.36,27.88,27.12,27.76,5014625.0
2023-05-16,28.48,28.76,27.4,27.44,4151025.0
2023-05-17,27.2,28.0,27.08,27.6,3295700.0
2023-05-18,27.72,30.16,27.36,29.92,7901575.0
2023-05-19,30.44,30.88,29.56,29.84,5426500.0
2023-05-22,28.52,28.52,27.6,28.0,4760050.0
2023-05-23,27.48,28.040001,27.28,27.52,3688800.0
2023-05-24,28.08,28.24,27.76,28.24,2802100.0
2023-05-25,27.88,28.16,26.64,27.040001,4580175.0
2023-05-26,26.44,27.08,26.12,26.56,4260150.0
2023-05-30,25.48,25.64,24.8,25.32,6040475.0
2023-05-31,26.2,26.32,24.68,24.8,5859250.0
2023-06-01,23.96,24.12,23.48,23.76,8095700.0
2023-06-02,24.08,24.52,23.76,23.92,5181125.0
2023-06-05,25.2,25.44,24.4,24.72,5401125.0
2023-06-06,24.6,25.16,24.44,24.84,3288800.0
2023-06-07,25.44,25.76,24.92,25.56,4036175.0
2023-06-08,25.24,26.12,25.0,25.68,3892800.0
2023-06-09,24.96,25.44,24.72,24.88,3396150.0
2023-06-12,24.52,25.040001,24.24,24.96,3845400.0
2023-06-13,25.92,25.96,25.36,25.68,3301950.0
2023-06-14,25.8,25.96,25.44,25.8,2304750.0
2023-06-15,26.72,28.2,26.56,28.08,8968975.0
2023-06-16,28.16,29.16,27.72,28.76,4764750.0
2023-06-20,28.8,29.040001,27.36,27.4,4786550.0
2023-06-21,27.44,28.56,27.4,28.56,4199925.0
2023-06-22,28.56,28.88,27.88,28.68,3728550.0
2023-06-23,28.0,30.4,27.96,30.2,6353550.0
2023-06-26,30.92,31.32,30.32,30.8,4651050.0
2023-06-27,30.36,30.8,29.44,29.88,4234000.0
2023-06-28,29.84,29.84,28.28,28.36,7081000.0
2023-06-29,28.2,29.28,28.16,28.72,5389775.0
2023-06-30,28.6,30.16,28.44,29.68,6161125.0
2023-07-03,28.88,29.040001,28.48,28.96,2376450.0
2023-07-05,29.52,29.6,28.32,28.44,3338050.0
2023-07-06,28.36,28.72,27.6,28.16,4914450.0
2023-07-07,27.92,28.56,27.12,27.44,5485150.0
2023-07-10,28.32,28.76,28.08,28.44,5166900.0
2023-07-11,28.72,29.36,28.64,29.2,3284225.0
2023-07-12,28.36,28.6,28.0,28.32,5188000.0
2023-07-13,27.96,28.32,27.16,27.28,5328600.0
2023-07-14,27.76,27.8,26.64,27.16,4998750.0
2023-07-17,26.88,27.28,26.56,27.08,2787925.0
2023-07-18,27.76,28.28,27.56,28.0,5174300.0
2023-07-19,28.08,28.36,27.68,28.0,3522475.0
2023-07-20,29.040001,29.6,28.88,29.12,6412275.0
2023-07-21,28.96,29.28,28.8,29.08,3217775.0
2023-07-24,28.72,29.24,28.56,28.96,3538550.0
2023-07-25,28.88,29.76,28.8,29.36,3669000.0
2023-07-26,28.68,29.040001,28.48,28.88,3492275.0
2023-07-27,28.32,28.48,27.4,28.0,6441525.0
2023-07-28,28.56,28.6,27.88,28.36,3917075.0
2023-07-31,28.2,28.44,28.040001,28.44,2845775.0
2023-08-01,27.32,27.72,27.24,27.68,3685125.0
2023-08-02,26.92,27.0,26.4,26.68,4896300.0
2023-08-03,27.32,27.8,27.040001,27.52,4404100.0
2023-08-04,28.0,28.040001,27.48,27.8,3452000.0
2023-08-07,28.96,29.6,28.84,29.6,5061825.0
2023-08-08,29.48,30.08,29.24,30.08,4489375.0
2023-08-09,32.2,32.32,31.32,31.88,8140650.0
2023-08-10,30.92,31.08,29.56,29.92,6553700.0
2023-08-11,29.12,30.0,29.08,29.96,3823875.0
2023-08-14,29.88,30.16,29.56,30.08,2479550.0
2023-08-15,29.08,29.12,28.48,28.68,5192025.0
2023-08-16,28.24,28.24,27.68,28.0,3509850.0
2023-08-17,28.36,28.72,28.12,28.28,2320000.0
2023-08-18,27.72,28.0,27.44,27.76,3312125.0
2023-08-21,28.2,28.36,27.8,27.88,3226900.0
2023-08-22,27.92,28.0,26.96,27.12,3942775.0
2023-08-23,26.88,26.96,26.36,26.44,5622700.0
2023-08-24,26.28,27.48,25.96,26.96,6643575.0
2023-08-25,26.72,27.48,26.52,27.44,3717225.0
2023-08-28,28.72,28.72,27.2,27.4,6489875.0
2023-08-29,27.36,27.6,26.88,27.44,4157850.0
2023-08-30,27.84,28.8,27.68,28.8,4594275.0
2023-08-31,28.32,29.4,27.8,28.44,5345525.0
2023-09-01,28.92,29.36,28.2,28.2,3656400.0
2023-09-05,26.64,26.92,26.36,26.6,6233550.0
2023-09-06,25.8,26.12,25.68,25.92,5080500.0
2023-09-07,25.72,26.84,25.68,26.6,5453525.0
2023-09-08,26.8,27.16,26.56,26.84,3877175.0
2023-09-11,26.52,27.12,26.52,26.84,2858775.0
2023-09-12,27.32,28.56,26.92,28.2,7909750.0
2023-09-13,27.6,28.52,27.12,27.8,5935250.0
2023-09-14,28.32,28.64,27.64,27.72,5912875.0
2023-09-15,27.64,27.92,27.12,27.24,3182575.0
2023-09-18,27.44,27.96,27.24,27.8,3606075.0
2023-09-19,28.0,28.52,27.76,28.12,4768750.0
2023-09-20,27.12,27.4,27.040001,27.16,3572375.0
2023-09-21,27.2,27.48,26.32,26.48,6223475.0
2023-09-22,26.72,26.88,26.44,26.8,2896100.0
2023-09-25,26.96,27.32,26.76,26.96,2890475.0
2023-09-26,26.44,26.88,26.28,26.44,4016275.0
2023-09-27,26.68,27.4,26.68,26.88,3268200.0
2023-09-28,27.36,27.72,27.0,27.36,3918950.0
2023-09-29,26.92,27.72,26.92,27.32,3854100.0
2023-10-02,26.84,27.08,26.4,26.52,3996050.0
2023-10-03,26.96,27.6,26.8,27.44,3991100.0
2023-10-04,28.32,28.4,27.48,27.92,4581000.0
2023-10-05,28.2,29.8,28.16,29.64,7249925.0
2023-10-06,29.84,31.32,29.72,30.96,8161200.0
2023-10-09,31.16,31.72,30.96,31.52,4717150.0
2023-10-10,31.6,31.76,31.08,31.6,3745825.0
2023-10-11,30.68,31.8,30.040001,31.6,5684850.0
2023-10-12,31.12,31.92,30.88,31.2,4165800.0
2023-10-13,30.32,30.52,29.92,30.0,3857950.0
2023-10-16,29.2,29.4,28.56,29.12,5720700.0
2023-10-17,28.84,29.0,28.36,28.72,3921025.0
2023-10-18,29.32,29.36,28.6,28.72,2539625.0
2023-10-19,28.6,28.72,27.6,27.64,4897800.0
2023-10-20,27.12,27.32,27.0,27.12,4099475.0
2023-10-23,27.08,27.4,26.96,27.24,3044750.0
2023-10-24,27.2,27.84,27.040001,27.84,2866950.0
2023-10-25,28.0,28.32,27.68,28.28,3165200.0
2023-10-26,28.28,29.44,28.12,29.24,6092200.0
2023-10-27,29.68,29.76,28.72,28.8,5012350.0
2023-10-30,27.8,28.12,27.68,27.8,3245700.0
2023-10-31,29.040001,30.2,28.96,30.0,5871475.0
2023-11-01,28.68,29.6,28.52,29.08,4012675.0
2023-11-02,28.56,29.2,28.4,29.16,3185550.0
2023-11-03,29.12,29.76,29.0,29.040001,2292275.0
2023-11-06,27.68,27.84,27.040001,27.28,5901550.0
2023-11-07,25.96,26.56,25.88,26.44,6042550.0
2023-11-08,25.84,26.48,25.44,26.16,7214600.0
2023-11-09,25.68,25.76,25.2,25.36,6067550.0
2023-11-10,25.4,25.44,25.16,25.32,3644725.0
2023-11-13,26.32,27.040001,26.040001,26.88,5731050.0
2023-11-14,26.24,26.68,25.72,25.84,5518075.0
2023-11-15,26.52,27.2,26.2,26.24,4995375.0
2023-11-16,26.28,26.48,25.2,25.48,6122450.0
2023-11-17,24.56,24.72,24.16,24.64,7381200.0
2023-11-20,24.0,24.4,23.96,23.96,4484700.0
2023-11-21,23.8,24.2,23.48,23.56,4155425.0
2023-11-22,23.56,24.040001,23.32,23.92,3733100.0
2023-11-24,23.36,23.88,23.24,23.64,2641800.0
2023-11-27,23.0,23.24,22.72,23.2,4550975.0
2023-11-28,22.8,23.16,22.0,22.08,8394675.0
2023-11-29,22.52,22.6,22.0,22.040001,5735950.0
2023-11-30,22.28,22.4,21.76,22.08,4460975.0
2023-12-01,21.8,22.4,21.72,21.8,3702800.0
2023-12-04,21.12,21.4,20.88,21.36,5489575.0
2023-12-05,21.88,21.96,21.08,21.36,3711625.0
2023-12-06,21.4,21.48,20.040001,20.24,8085700.0
2023-12-07,20.2,20.68,19.88,20.28,5495650.0
2023-12-08,20.32,20.56,20.0,20.08,3927750.0
2023-12-11,18.36,19.32,18.12,19.24,10165050.0
2023-12-12,18.6,18.88,18.0,18.08,6672625.0
2023-12-13,18.08,18.8,18.040001,18.4,5763600.0
2023-12-14,18.56,19.08,18.36,19.040001,5652850.0
2023-12-15,19.4,19.96,19.16,19.32,6457750.0
2023-12-18,20.2,20.24,19.52,19.56,4911850.0
2023-12-19,18.84,19.68,18.52,19.6,5454600.0
2023-12-20,19.28,19.48,18.72,18.8,4446375.0
2023-12-21,19.36,20.16,19.16,19.96,5622950.0
2023-12-22,19.6,20.24,19.56,20.16,3390700.0
2023-12-26,19.56,19.76,19.32,19.72,5146400.0
2023-12-27,20.4,20.8,19.68,19.8,5584225.0
2023-12-28,20.4,20.84,20.32,20.56,5608525.0
2023-12-29,20.4,20.72,20.16,20.28,3644275.0
2024-01-02,20.96,21.040001,20.44,20.76,4600875.0
2024-01-03,21.68,22.040001,21.28,21.76,6721225.0
2024-01-04,22.88,23.2,22.2,23.08,11130100.0
2024-01-05,21.92,23.52,21.88,23.36,8500300.0
2024-01-08,22.24,24.4,22.0,24.040001,9126150.0
2024-01-09,25.56,27.48,24.6,25.92,21309100.0
2024-01-10,24.8,25.24,23.96,24.6,12598425.0
2024-01-11,24.56,26.2,24.12,25.16,13421125.0
2024-01-12,27.08,27.36,25.96,27.28,17415325.0
2024-01-16,23.96,24.36,23.08,23.12,10722650.0
2024-01-17,23.040001,23.96,22.76,23.28,4653525.0
2024-01-18,23.0,23.0,21.96,22.24,9471075.0
2024-01-19,21.56,21.6,20.76,20.8,6796100.0
2024-01-22,19.68,20.0,19.56,19.68,6373050.0
2024-01-23,19.44,20.2,19.4,20.12,5066450.0
2024-01-24,20.66,21.14,20.35,21.059999,14022500.0
2024-01-25,21.08,21.12,19.96,20.1,8717900.0
2024-01-26,19.95,20.23,19.37,20.14,8125700.0
2024-01-29,19.57,19.62,18.95,19.13,5795200.0
2024-01-30,19.37,19.61,19.059999,19.4,5834700.0
2024-01-31,19.5,19.97,19.38,19.63,6202000.0
2024-02-01,19.42,19.64,18.84,18.91,5781500.0
2024-02-02,19.15,19.45,19.040001,19.36,6514300.0
2024-02-05,19.22,19.46,19.01,19.25,4360700.0
2024-02-06,18.75,18.96,18.5,18.54,5555200.0
2024-02-07,18.68,18.7,18.12,18.24,4740400.0
2024-02-08,18.059999,18.15,17.3,17.42,9906700.0
2024-02-09,17.41,17.46,16.94,17.15,6839600.0
2024-02-12,17.059999,17.26,16.059999,16.17,10455500.0
2024-02-13,15.62,15.74,15.34,15.52,11384200.0
2024-02-14,15.29,15.49,14.78,14.89,11068100.0
2024-02-15,15.07,15.17,14.63,14.81,11075200.0
2024-02-16,14.85,15.23,14.82,14.99,6755900.0
2024-02-20,14.71,14.93,14.56,14.77,8088500.0
2024-02-21,16.51,16.69,16.08,16.62,11972900.0
2024-02-22,16.16,16.47,15.66,16.28,8454100.0
2024-02-23,15.58,15.6,15.11,15.21,10024500.0
2024-02-26,16.16,16.18,15.33,15.62,10521100.0
2024-02-27,16.17,16.43,15.83,16.17,7298700.0
2024-02-28,16.53,17.030001,16.48,16.73,8935900.0
2024-02-29,16.6,17.14,16.48,16.54,6082800.0
2024-03-01,16.34,16.6,16.27,16.42,3666000.0
2024-03-04,17.36,17.77,17.02,17.3,9923400.0
2024-03-05,17.21,17.96,16.96,17.51,5366000.0
2024-03-06,17.61,17.62,17.19,17.29,3053100.0
2024-03-07,17.0,17.29,16.0,16.030001,6188900.0
2024-03-08,16.13,16.43,16.01,16.13,4150200.0
2024-03-11,15.95,15.96,15.68,15.69,4374500.0
2024-03-12,16.059999,16.08,15.14,15.31,6887700.0
2024-03-13,14.89,15.2,14.83,14.91,6426000.0
2024-03-14,15.0,15.78,14.95,15.57,6018100.0
2024-03-15,15.41,15.44,14.88,15.13,6186000.0
2024-03-18,15.5,15.57,15.04,15.34,5285900.0
2024-03-19,15.6,15.77,15.38,15.64,4416400.0
2024-03-20,15.35,15.53,15.31,15.37,4423100.0
2024-03-21,15.32,15.38,15.03,15.32,5399800.0
2024-03-22,15.01,15.23,14.98,15.11,3657100.0
2024-03-25,14.99,15.2,14.89,15.04,4823100.0
2024-03-26,15.09,15.15,14.84,14.96,5762300.0
2024-03-27,14.45,14.5,14.25,14.35,7758700.0
2024-03-28,14.57,14.92,14.37,14.57,8144500.0
2024-04-01,15.27,15.49,15.07,15.39,8293000.0
2024-04-02,15.11,15.73,15.06,15.48,5999200.0
2024-04-03,15.86,15.86,15.35,15.46,5600100.0
2024-04-04,15.39,15.41,14.8,14.9,8334300.0
2024-04-05,14.91,15.25,14.82,14.87,5235900.0
2024-04-08,15.1,15.47,15.05,15.41,5459300.0
2024-04-09,15.86,16.09,15.43,15.85,7823600.0
2024-04-10,15.98,16.040001,15.63,15.67,5986000.0
2024-04-11,15.37,15.39,14.7,14.85,9392000.0
2024-04-12,14.68,14.9,14.62,14.89,4676400.0
2024-04-15,14.41,14.59,14.07,14.14,9363000.0
2024-04-16,14.15,15.0,13.87,14.48,13329100.0
2024-04-17,14.16,14.4,13.98,14.38,5735400.0
2024-04-18,14.47,14.6,14.34,14.42,7205200.0
2024-04-19,14.71,14.8,14.38,14.52,6256900.0
2024-04-22,14.89,15.09,14.78,15.04,6189400.0
2024-04-23,14.94,15.5,14.93,15.44,5497100.0
2024-04-24,14.9,14.94,14.32,14.36,8951000.0
2024-04-25,14.27,14.54,14.11,14.37,5896800.0
2024-04-26,14.13,14.24,13.95,14.06,7256900.0
2024-04-29,14.31,14.97,14.29,14.91,10053700.0
2024-04-30,14.97,14.99,14.31,14.44,7738300.0
2024-05-01,14.19,14.26,13.98,14.14,7019900.0
2024-05-02,14.44,14.98,14.4,14.86,7709400.0
2024-05-03,15.07,15.78,14.87,15.67,11410300.0
2024-05-06,16.17,16.53,15.99,16.059999,8740800.0
2024-05-07,16.01,16.25,15.91,16.17,5054800.0
2024-05-08,16.34,16.38,15.85,15.95,5676100.0
2024-05-09,16.26,16.94,16.23,16.92,8773200.0
2024-05-10,16.7,16.82,16.45,16.52,4684700.0
2024-05-13,16.68,17.44,16.67,17.31,6564800.0
2024-05-14,17.1,17.53,17.0,17.17,6484400.0
2024-05-15,17.09,17.73,16.93,17.6,7566800.0
2024-05-16,18.040001,18.76,17.89,18.17,12255200.0
2024-05-17,18.58,19.19,18.58,19.1,7106200.0
2024-05-20,19.26,19.86,19.26,19.82,9304700.0
2024-05-21,19.57,19.9,19.16,19.49,7278500.0
2024-05-22,19.6,20.91,19.5,20.55,11201600.0
2024-05-23,21.43,21.61,19.81,20.12,19459500.0
2024-05-24,19.62,19.62,18.92,19.02,7827100.0
2024-05-28,18.91,19.47,18.77,19.36,5036400.0
2024-05-29,18.87,18.88,18.18,18.22,6800000.0
2024-05-30,17.79,18.0,17.54,17.56,6477100.0
2024-05-31,17.74,17.96,17.39,17.59,9163600.0
2024-06-03,18.71,19.0,18.0,18.92,8803500.0
2024-06-04,18.65,18.84,17.63,18.02,9818100.0
2024-06-05,18.2,19.09,18.15,18.94,7359200.0
2024-06-06,19.47,19.7,18.76,19.3,8101300.0
2024-06-07,19.44,20.33,19.33,20.18,11183800.0
2024-06-10,20.91,21.16,19.62,20.19,12188700.0
2024-06-11,20.82,21.56,20.59,21.53,7231600.0
2024-06-12,21.02,21.39,20.53,20.83,5718000.0
2024-06-13,20.6,20.72,19.89,20.11,5317900.0
2024-06-14,20.18,20.37,19.71,19.86,3853700.0
2024-06-17,19.31,19.37,18.95,19.16,4276100.0
2024-06-18,19.23,20.01,19.23,19.94,4244700.0
2024-06-20,19.45,19.47,18.93,19.030001,4698100.0
2024-06-21,19.11,19.29,18.88,18.96,3390700.0
2024-06-24,18.96,19.73,18.92,19.7,3462700.0
2024-06-25,19.17,19.49,18.92,18.99,3600800.0
2024-06-26,18.79,18.79,18.26,18.31,4092300.0
2024-06-27,18.13,18.46,17.87,17.98,5931800.0
2024-06-28,17.92,17.99,17.34,17.43,5357800.0
2024-07-01,17.08,17.22,16.54,16.57,4955600.0
2024-07-02,16.35,16.43,16.15,16.41,5402000.0
2024-07-03,16.25,16.58,16.12,16.35,3486800.0
2024-07-05,15.96,16.09,15.5,15.6,4583800.0
2024-07-08,15.83,15.97,15.69,15.86,3377400.0
2024-07-09,16.16,16.21,15.66,15.73,3836500.0
2024-07-10,15.65,15.74,15.34,15.51,4097400.0
2024-07-11,15.32,15.42,15.14,15.22,4014400.0
2024-07-12,15.21,15.73,15.19,15.5,4567900.0
2024-07-15,14.85,15.03,14.39,14.48,8596800.0
2024-07-16,14.65,14.84,14.51,14.61,4602600.0
2024-07-17,14.23,14.25,13.58,13.74,10479300.0
2024-07-18,13.92,14.35,13.89,14.11,6383300.0
2024-07-19,14.08,14.39,13.95,14.3,3667700.0
2024-07-22,14.75,15.21,14.74,15.01,6541800.0
2024-07-23,14.89,14.95,14.62,14.86,3824000.0
2024-07-24,14.29,14.57,14.23,14.31,4630300.0
2024-07-25,14.01,14.17,13.65,13.75,8785400.0
2024-07-26,13.68,13.79,13.49,13.51,8509700.0
2024-07-29,13.51,13.68,13.23,13.59,9352000.0
2024-07-30,13.26,14.12,13.22,14.01,5705100.0
2024-07-31,13.63,13.8,13.39,13.54,7292100.0
2024-08-01,13.97,14.06,13.01,13.09,10103500.0
2024-08-02,13.31,13.38,12.71,13.05,6405000.0
2024-08-05,12.86,13.06,12.58,12.94,7359000.0
2024-08-06,13.29,13.45,12.97,13.32,5636100.0
2024-08-07,13.78,14.02,13.63,13.86,4903300.0
2024-08-08,13.57,14.42,13.43,14.18,7151100.0
2024-08-09,14.22,14.35,13.94,14.28,3717800.0
2024-08-12,14.61,14.74,14.27,14.4,5573200.0
2024-08-13,14.75,14.83,14.15,14.33,4346000.0
2024-08-14,14.73,15.07,14.57,14.74,6560900.0
2024-08-15,14.8,15.22,14.53,14.57,5999100.0
2024-08-16,14.33,14.42,14.01,14.07,4797400.0
2024-08-19,14.48,14.85,14.48,14.69,4987700.0
2024-08-20,14.55,14.68,14.43,14.65,3978900.0
2024-08-21,14.59,14.7,14.25,14.56,4044000.0
2024-08-22,14.13,14.2,13.58,13.81,9987300.0
2024-08-23,13.54,13.74,13.53,13.72,4328600.0
2024-08-26,13.54,13.71,13.26,13.33,7942500.0
2024-08-27,13.13,13.17,12.84,13.08,7738500.0
2024-08-28,12.87,13.41,12.76,13.2,9308800.0
2024-08-29,12.75,13.47,12.71,13.43,8137700.0
2024-08-30,13.33,13.52,13.14,13.37,7076500.0
2024-09-03,13.21,13.96,13.03,13.89,7417900.0
2024-09-04,14.02,14.07,13.39,13.46,4529400.0
2024-09-05,13.81,14.34,13.8,14.18,8653500.0
2024-09-06,14.21,14.37,14.02,14.32,4634100.0
2024-09-09,13.89,13.91,13.45,13.48,6567900.0
2024-09-10,14.03,14.16,13.79,14.07,5551900.0
2024-09-11,14.28,14.6,14.16,14.25,5735100.0
2024-09-12,14.09,15.03,14.04,14.83,5352500.0
2024-09-13,14.93,15.0,14.44,14.49,4517500.0
2024-09-16,14.36,14.99,14.33,14.86,4081800.0
2024-09-17,15.09,15.17,14.62,14.64,3925000.0
2024-09-18,14.81,14.82,14.38,14.44,3834700.0
2024-09-19,14.21,14.62,14.08,14.61,5843300.0
2024-09-20,14.57,15.4,14.51,15.34,6978600.0
2024-09-23,15.57,16.1,15.53,16.09,8030500.0
2024-09-24,15.88,16.08,15.61,15.81,5523800.0
2024-09-25,16.02,16.09,15.71,15.85,5305700.0
2024-09-26,16.01,16.040001,15.35,15.47,7273400.0
2024-09-27,15.89,16.45,15.84,16.37,9982000.0
2024-09-30,16.24,16.57,16.21,16.33,4395600.0
2024-10-01,16.25,16.53,16.049999,16.37,6976800.0
2024-10-02,16.63,16.76,16.14,16.41,6496300.0
2024-10-03,16.64,16.8,16.48,16.68,5628900.0
2024-10-04,16.33,16.43,15.93,15.94,6119800.0
2024-10-07,15.66,15.67,15.22,15.38,5846800.0
2024-10-08,15.43,15.6,15.23,15.25,4643200.0
2024-10-09,15.18,15.32,14.82,14.86,5305500.0
2024-10-10,14.74,15.19,14.63,15.13,5696500.0
2024-10-11,14.97,15.03,14.72,14.8,3820200.0
2024-10-14,14.35,14.41,13.98,13.99,5819800.0
2024-10-15,14.22,14.36,13.99,14.01,4195200.0
2024-10-16,13.77,13.79,13.35,13.44,8522300.0
2024-10-17,13.55,13.65,13.27,13.31,5290700.0
2024-10-18,13.1,13.13,12.95,13.03,6993900.0
2024-10-21,13.12,13.28,13.09,13.25,6271600.0
2024-10-22,13.28,13.68,13.26,13.5,8757000.0
2024-10-23,13.51,13.97,13.4,13.82,7599900.0
2024-10-24,13.89,14.35,13.61,14.32,8660800.0
2024-10-25,14.1,14.54,14.02,14.45,6217900.0
2024-10-28,13.43,13.55,13.14,13.34,11750300.0
2024-10-29,13.44,13.55,13.24,13.41,6109200.0
2024-10-30,13.11,13.44,13.05,13.23,7399700.0
2024-10-31,12.97,13.07,12.61,12.71,12949400.0
2024-11-01,12.72,12.78,12.35,12.48,7922000.0
2024-11-04,12.58,13.11,12.53,13.06,10459400.0
2024-11-05,13.1,13.13,12.44,12.53,8676400.0
2024-11-06,12.79,13.12,12.68,12.87,7324700.0
2024-11-07,12.62,12.76,12.48,12.66,7981000.0
2024-11-08,12.75,12.89,12.41,12.53,6011500.0
2024-11-11,13.68,13.88,13.56,13.8,13101900.0
2024-11-12,13.66,14.14,13.43,13.66,9680400.0
2024-11-13,13.49,14.14,13.43,14.11,9264000.0
2024-11-14,13.79,13.9,13.12,13.15,8651400.0
2024-11-15,13.1,13.42,13.07,13.37,7318200.0
2024-11-18,13.48,13.82,13.48,13.75,8377100.0
2024-11-19,13.79,14.18,13.71,13.87,8884400.0
2024-11-20,14.35,14.82,14.24,14.75,13846300.0
2024-11-21,15.39,15.52,14.81,15.15,11904800.0
2024-11-22,14.29,14.42,14.07,14.31,14879000.0
2024-11-25,14.98,15.44,14.72,14.79,11781600.0
2024-11-26,15.01,15.27,14.67,15.08,10170100.0
2024-11-27,14.05,14.18,13.81,13.81,9147000.0
2024-11-29,14.35,14.65,14.24,14.43,4681700.0
2024-12-02,13.97,14.2,13.77,13.88,9656700.0
2024-12-03,13.6,13.6,13.13,13.21,9444000.0
2024-12-04,13.15,13.35,12.9,13.26,8384500.0
2024-12-05,13.42,13.66,13.2,13.32,6637600.0
2024-12-06,13.22,13.44,13.15,13.37,4222400.0
2024-12-09,13.76,13.96,13.59,13.77,6923600.0
2024-12-10,13.38,13.83,13.31,13.81,6877200.0
2024-12-11,14.28,14.74,14.28,14.56,10133100.0
2024-12-12,14.71,15.42,14.49,15.04,13176100.0
2024-12-13,14.57,14.6,14.16,14.23,7033000.0
2024-12-16,13.84,14.07,13.8,13.95,5668400.0
2024-12-17,13.62,14.48,13.41,14.46,7641100.0
2024-12-18,14.49,14.7,14.3,14.54,6517300.0
2024-12-19,14.85,15.44,14.79,15.4,9531300.0
2024-12-20,15.31,16.02,15.13,15.87,11632600.0
2024-12-23,15.67,15.73,15.24,15.63,7477600.0
2024-12-24,16.0,16.21,15.96,16.14,4116700.0
2024-12-26,15.34,15.42,15.09,15.37,10900000.0
2024-12-27,15.74,15.89,15.29,15.76,11302800.0
2024-12-30,18.63,19.48,17.69,18.030001,30104400.0
2024-12-31,17.15,17.5,16.6,16.81,15119400.0
2025-01-02,17.23,17.62,16.86,17.01,14092900.0
2025-01-03,16.18,16.25,15.46,15.59,16484500.0
2025-01-06,17.01,17.26,16.5,17.16,16600100.0
2025-01-07,16.62,16.72,15.92,15.99,16343200.0
2025-01-08,16.6,17.14,16.48,17.11,13468200.0
2025-01-10,18.26,18.64,18.0,18.42,14921800.0
2025-01-13,18.47,18.75,17.86,18.22,14321700.0
2025-01-14,17.73,18.83,17.72,18.47,12135900.0
2025-01-15,18.73,19.18,18.42,19.12,13993100.0
2025-01-16,19.09,20.030001,18.68,19.94,16418300.0
2025-01-17,18.5,18.92,18.28,18.34,9260500.0
2025-01-21,17.99,18.09,17.58,17.73,9103500.0
2025-01-22,17.86,18.6,17.79,18.54,7320700.0
2025-01-23,18.73,18.9,17.98,18.25,10105600.0
2025-01-24,17.85,18.31,17.64,18.12,6331600.0
2025-01-27,17.22,17.26,16.77,17.15,7871600.0
2025-01-28,16.59,16.85,16.28,16.29,7570400.0
2025-01-29,16.71,16.86,16.35,16.76,5628500.0
2025-01-30,16.49,16.7,16.02,16.14,7689100.0
2025-01-31,15.97,16.25,15.86,16.19,5323600.0
2025-02-03,17.44,17.98,17.38,17.64,9247600.0
2025-02-04,16.73,17.51,16.73,17.07,5692400.0
2025-02-05,16.94,17.82,16.93,17.8,5663600.0
2025-02-06,17.49,18.12,17.44,17.89,7056300.0
2025-02-07,17.77,17.95,17.41,17.48,5877500.0
2025-02-10,17.82,18.41,17.71,18.21,7146500.0
2025-02-11,18.68,18.89,18.5,18.58,6507800.0
2025-02-12,18.76,18.92,18.43,18.79,4685600.0
2025-02-13,19.54,19.94,19.0,19.15,8334700.0
2025-02-14,19.61,20.0,19.57,19.65,4215300.0
2025-02-18,19.62,21.09,19.49,20.95,8789900.0
2025-02-19,21.73,22.73,21.71,22.61,25414200.0
2025-02-20,21.72,21.81,21.2,21.73,8367300.0
2025-02-21,22.39,22.84,21.84,22.09,12326600.0
2025-02-24,21.040001,21.3,20.84,21.24,5871300.0
2025-02-25,21.32,21.94,21.14,21.75,5375400.0
2025-02-26,21.39,21.4,20.92,21.15,5491700.0
2025-02-27,21.24,21.56,20.83,20.86,6753600.0
2025-02-28,20.62,20.77,20.31,20.34,6454800.0
2025-03-03,20.69,22.13,20.6,21.95,10418300.0
2025-03-04,23.24,24.15,22.84,23.11,12699200.0
2025-03-05,22.71,23.76,22.67,23.62,8157700.0
2025-03-06,23.24,23.24,22.58,22.77,10394500.0
2025-03-07,22.2,23.48,22.13,23.19,12469700.0
2025-03-10,23.87,24.33,23.62,23.83,8932200.0
2025-03-11,24.08,24.09,23.21,23.28,7130400.0
2025-03-12,22.31,22.43,21.62,21.65,5596800.0
2025-03-13,21.1,22.26,21.040001,21.43,6906000.0
2025-03-14,21.15,21.96,21.040001,21.79,3893500.0
2025-03-17,21.42,21.75,21.13,21.22,4523300.0
2025-03-18,21.65,21.86,21.39,21.41,4571000.0
2025-03-19,22.040001,22.58,21.83,22.35,5751900.0
2025-03-20,21.9,22.02,21.059999,21.17,6852300.0
2025-03-21,21.2,21.36,20.81,20.84,5283700.0
2025-03-24,21.07,21.18,20.61,20.66,5504900.0
2025-03-25,20.8,20.8,20.01,20.33,5849800.0
2025-03-26,20.41,20.67,20.12,20.14,5044000.0
2025-03-27,20.18,20.68,19.91,20.41,6161900.0
2025-03-28,20.49,21.35,20.14,21.33,6055100.0
2025-03-31,22.12,22.12,21.21,21.61,6853300.0
2025-04-01,21.12,21.23,20.57,20.7,5514300.0
2025-04-02,21.07,21.37,20.94,21.049999,3661000.0
2025-04-03,21.81,21.98,21.38,21.57,4852000.0
2025-04-04,20.17,20.7,19.93,20.040001,6319300.0
2025-04-07,20.09,20.55,18.84,19.07,8673300.0
2025-04-08,19.59,19.78,18.11,18.28,7163200.0
2025-04-09,18.22,20.02,17.65,19.62,13737400.0
2025-04-10,19.14,19.36,18.15,18.47,9175400.0
2025-04-11,18.0,18.7,17.98,18.63,8203300.0
2025-04-14,18.79,18.83,17.34,17.51,5991400.0
2025-04-15,17.15,17.54,16.98,17.36,4816400.0
2025-04-16,17.01,17.32,16.82,17.030001,4598500.0
2025-04-17,17.01,17.5,16.99,17.030001,5057900.0
2025-04-21,16.6,16.65,15.79,16.02,6147600.0
2025-04-22,16.0,16.01,15.49,15.78,8225500.0
2025-04-23,15.82,16.09,15.63,15.73,8165700.0
2025-04-24,15.34,15.54,15.04,15.5,6700700.0
2025-04-25,15.3,15.87,15.28,15.7,5924200.0
2025-04-28,15.92,16.84,15.88,16.62,10958400.0
2025-04-29,16.86,17.059999,16.59,16.88,7810900.0
2025-04-30,16.58,16.87,16.33,16.74,8942000.0
2025-05-01,16.98,17.71,16.74,17.32,12380800.0
2025-05-02,17.83,18.39,17.66,18.32,6073600.0
2025-05-05,18.25,18.45,17.68,17.98,6812600.0
2025-05-06,17.99,18.27,17.15,17.37,10142700.0
2025-05-07,18.08,18.3,17.86,18.17,5301000.0
2025-05-08,18.19,18.39,17.68,18.07,6664100.0
2025-05-09,18.71,19.11,18.71,18.98,5945900.0
2025-05-12,18.38,18.45,18.08,18.35,4895200.0
2025-05-13,18.52,18.54,17.89,18.19,5938700.0
2025-05-14,17.64,17.84,17.37,17.4,5132700.0
2025-05-15,17.39,17.51,16.78,16.8,6212200.0
2025-05-16,17.040001,17.27,16.64,16.71,4364100.0
2025-05-19,16.02,16.09,15.62,15.65,8609600.0
2025-05-20,16.32,17.22,16.3,16.99,7823000.0
2025-05-21,17.040001,17.19,16.82,16.92,6372500.0
2025-05-22,16.63,16.82,16.39,16.65,5650100.0
2025-05-23,16.7,16.95,16.63,16.83,6403900.0
2025-05-27,16.66,17.15,16.62,17.07,6089700.0
2025-05-28,16.83,16.83,16.13,16.15,8838600.0
2025-05-29,16.14,16.18,15.61,15.99,8699000.0
2025-05-30,16.040001,16.049999,15.63,15.71,6572800.0
2025-06-02,16.87,16.9,16.67,16.87,7573800.0
2025-06-03,16.56,17.11,16.56,16.96,6070900.0
2025-06-04,16.69,16.99,16.68,16.91,3854900.0
2025-06-05,16.99,17.07,16.46,16.7,6843200.0
2025-06-06,16.84,17.34,16.72,17.18,5596600.0
2025-06-09,16.44,16.77,16.27,16.56,7169100.0
2025-06-10,16.41,16.41,15.98,16.059999,5250300.0
2025-06-11,16.34,16.42,15.7,15.95,7700500.0
2025-06-12,16.42,16.45,15.76,16.07,6750300.0
2025-06-13,16.040001,16.4,16.030001,16.36,5568700.0
2025-06-16,16.8,17.059999,16.51,16.98,5656000.0
2025-06-17,17.37,17.6,17.2,17.58,5443000.0
2025-06-18,17.96,18.12,17.83,18.08,6006700.0
2025-06-20,18.07,18.07,17.35,17.66,6748700.0
2025-06-23,17.049999,17.16,16.77,16.84,7132700.0
2025-06-24,16.46,16.62,16.16,16.25,5854100.0
2025-06-25,16.059999,16.18,15.74,15.85,7409400.0
2025-06-26,15.65,15.68,15.08,15.66,10473200.0
2025-06-27,16.059999,16.6,16.01,16.54,6858600.0
2025-06-30,15.61,15.74,15.17,15.28,10495700.0
2025-07-01,14.95,15.22,14.6,15.11,7679900.0
2025-07-02,15.34,15.59,15.31,15.42,4987000.0
2025-07-03,15.59,15.83,15.1,15.25,5903200.0
2025-07-07,14.94,15.39,14.86,15.11,5914200.0
2025-07-08,14.86,15.04,14.75,14.83,5132000.0
2025-07-09,14.27,14.29,13.97,14.2,10515100.0
2025-07-10,14.58,14.9,14.47,14.75,6976600.0
2025-07-11,14.99,15.15,14.6,14.92,4630900.0
2025-07-14,15.26,15.51,15.18,15.29,4755800.0
2025-07-15,15.35,15.71,15.15,15.54,5882200.0
2025-07-16,15.83,15.95,15.49,15.8,4815500.0
2025-07-17,15.96,16.0,15.62,15.7,9792500.0
2025-07-18,15.94,16.01,15.5,15.85,5907600.0
2025-07-21,15.0,15.05,14.59,14.68,9926200.0
2025-07-22,14.39,14.53,14.32,14.47,14426000.0
2025-07-23,13.99,14.02,13.67,13.71,16970800.0
2025-07-24,14.0,14.1,13.7,13.86,19512100.0
2025-07-25,13.89,14.07,13.79,13.83,11393900.0
2025-07-28,13.87,13.92,13.46,13.67,13369500.0
2025-07-29,13.83,14.02,13.7,13.91,6434300.0
2025-07-30,13.35,13.48,13.26,13.35,9391300.0
2025-07-31,13.19,13.69,13.08,13.59,9965300.0
2025-08-01,13.58,13.73,13.42,13.62,4111500.0
2025-08-04,13.24,13.31,12.75,12.96,11741000.0
2025-08-05,13.08,13.38,13.05,13.19,6377600.0
2025-08-06,13.42,13.6,13.3,13.54,5812400.0
2025-08-07,13.48,13.85,13.35,13.53,6555300.0
2025-08-08,13.38,13.45,13.03,13.2,5272600.0
2025-08-11,13.15,13.17,12.88,13.07,5634600.0
2025-08-12,12.64,12.68,12.22,12.28,15996000.0
2025-08-13,12.45,12.55,12.29,12.4,10040600.0
2025-08-14,12.36,12.53,12.24,12.51,9931100.0
2025-08-15,12.85,13.03,12.78,12.83,6292600.0
2025-08-18,12.59,12.85,12.55,12.72,6028500.0
2025-08-19,12.28,12.28,12.02,12.16,12848700.0
2025-08-20,12.15,12.17,12.0,12.13,7808300.0
2025-08-21,12.24,12.45,12.19,12.4,7945600.0
2025-08-22,12.18,12.2,11.84,11.91,11972100.0
2025-08-25,11.75,12.01,11.73,11.95,9579400.0
2025-08-26,11.9,11.98,11.72,11.97,8306100.0
2025-08-27,12.29,12.38,12.09,12.19,8508900.0
2025-08-28,12.25,12.74,12.14,12.57,11814000.0
2025-08-29,12.65,12.85,12.43,12.83,10891300.0
2025-09-02,12.45,12.82,12.3,12.78,12009900.0
2025-09-03,13.14,13.21,12.92,13.06,9138500.0
2025-09-04,13.16,13.31,12.86,13.1,8296000.0
2025-09-05,13.22,13.25,12.89,12.94,8096400.0
2025-09-08,13.41,13.46,13.09,13.16,8776000.0
2025-09-09,13.28,13.35,12.96,13.26,8336300.0
2025-09-10,12.94,13.06,12.83,12.88,5923300.0
2025-09-11,12.79,12.93,12.39,12.42,8531900.0
2025-09-12,12.72,12.77,12.49,12.51,5782200.0
2025-09-15,12.62,12.95,12.6,12.91,7179400.0
2025-09-16,13.02,13.28,12.96,13.22,7302500.0
2025-09-17,13.35,13.43,13.08,13.1,6572900.0
2025-09-18,13.0,13.03,12.65,12.67,9211000.0
2025-09-19,12.51,12.67,12.48,12.57,7616800.0
2025-09-22,12.49,12.51,12.14,12.15,8917200.0
2025-09-23,12.08,12.37,12.06,12.36,5679500.0
2025-09-24,12.25,12.51,12.24,12.36,6307100.0
2025-09-25,12.7,12.8,12.41,12.59,13007000.0
2025-09-26,12.39,12.62,12.26,12.47,8745700.0
2025-09-29,12.5,12.95,12.49,12.82,10866800.0
2025-09-30,13.02,13.11,12.9,13.07,8161700.0
2025-10-01,13.16,13.71,13.04,13.62,12776300.0
2025-10-02,13.67,14.07,13.41,13.45,12824100.0
2025-10-03,13.37,13.43,13.0,13.05,12367000.0
2025-10-06,13.36,13.44,13.13,13.3,11112100.0
2025-10-07,13.52,13.84,13.47,13.78,13272100.0
2025-10-08,13.53,13.53,13.04,13.1,12162800.0
2025-10-09,13.23,13.24,12.73,12.74,12023300.0
2025-10-10,12.46,12.57,12.15,12.33,14857800.0
2025-10-13,12.02,12.3,11.93,12.18,15572900.0
2025-10-14,11.97,12.11,11.81,11.95,12624900.0
2025-10-15,11.91,11.96,11.69,11.88,13214000.0
2025-10-16,11.82,12.05,11.55,11.58,17492300.0
2025-10-17,11.62,11.96,11.59,11.87,12810000.0
2025-10-20,12.57,13.04,12.55,12.93,20825600.0
2025-10-21,12.91,13.2,12.84,13.15,22141600.0
2025-10-22,13.19,13.23,12.94,13.06,13743000.0
2025-10-23,12.99,13.22,12.89,12.93,13259000.0
2025-10-24,12.94,13.08,12.61,12.97,11876000.0
2025-10-27,12.85,13.08,12.79,12.89,11835000.0
2025-10-28,12.45,12.52,12.34,12.34,12228200.0
2025-10-29,12.2,12.45,12.18,12.21,11310400.0
2025-10-30,12.51,12.84,12.4,12.82,14142500.0
2025-10-31,13.18,13.35,12.94,13.25,16695300.0
2025-11-03,13.36,13.83,13.25,13.76,15043600.0
2025-11-04,13.66,14.17,13.56,13.93,16230700.0
2025-11-05,13.82,14.03,13.57,13.63,12499400.0
2025-11-06,13.84,14.25,13.52,14.17,19299500.0
2025-11-07,13.98,14.17,13.8,13.95,13785700.0
2025-11-10,13.88,14.13,13.75,14.1,11114700.0
2025-11-11,14.18,14.77,14.18,14.56,14448900.0
2025-11-12,14.62,14.77,14.42,14.65,10600500.0
2025-11-13,14.71,15.09,14.61,14.81,13225600.0
2025-11-14,14.49,14.78,14.1,14.56,12716500.0
2025-11-17,14.5,14.65,14.07,14.12,10568100.0
2025-11-18,14.03,14.27,13.79,14.22,11539700.0
2025-11-19,14.65,14.85,14.56,14.7,8212000.0
2025-11-20,14.47,14.83,14.37,14.42,9230300.0
2025-11-21,14.5,14.84,14.47,14.65,11438100.0
2025-11-24,14.31,14.5,14.25,14.41,7753700.0
2025-11-25,13.65,13.99,13.59,13.83,10551100.0
2025-11-26,14.17,14.37,14.06,14.25,10074700.0
2025-11-28,14.62,14.87,14.57,14.73,6018500.0
2025-12-01,15.02,15.31,14.8,15.21,12186500.0
2025-12-02,15.24,15.32,14.87,14.96,10157400.0
2025-12-03,15.33,15.58,15.3,15.47,11076800.0
2025-12-04,15.29,15.74,15.08,15.66,12809700.0
2025-12-05,16.37,17.0,16.3,16.37,24469400.0
2025-12-08,15.49,15.6,15.05,15.07,18518300.0
2025-12-09,14.6,14.86,14.08,14.1,18381500.0
2025-12-10,14.3,14.53,14.06,14.26,15030700.0
2025-12-11,13.5,13.59,12.99,13.08,26227900.0
2025-12-12,12.72,12.92,12.58,12.73,18834700.0
2025-12-15,12.57,12.65,12.37,12.46,16102700.0
2025-12-16,12.03,12.25,11.92,12.1,18039800.0
2025-12-17,12.41,12.69,12.32,12.64,12317500.0
2025-12-18,12.69,12.78,11.97,12.03,15884200.0
2025-12-19,12.08,12.23,11.97,12.19,12523800.0
2025-12-22,11.75,11.89,11.48,11.85,24677600.0
2025-12-23,12.15,12.93,12.03,12.9,24265300.0
2025-12-24,12.48,12.65,12.33,12.39,10352500.0
2025-12-26,12.85,13.01,12.68,12.81,18068000.0
2025-12-29,12.99,13.33,12.88,13.05,20827700.0
2025-12-30,13.67,13.68,13.01,13.12,28028600.0
2025-12-31,12.59,12.64,12.18,12.26,19900800.0
2026-01-02,11.88,12.26,11.8,12.06,16673900.0
2026-01-05,11.24,11.68,11.2,11.63,27807100.0
2026-01-06,11.25,11.32,11.01,11.28,27092900.0
2026-01-07,11.54,11.88,11.46,11.78,15261900.0
2026-01-08,11.48,11.48,11.11,11.27,25829900.0
2026-01-09,11.05,11.12,10.38,10.4,41104700.0
2026-01-12,10.68,11.35,10.6,11.18,27909800.0
2026-01-13,11.14,11.42,10.97,11.32,16766700.0
2026-01-14,10.57,10.57,10.17,10.24,36804800.0
2026-01-15,10.2,10.4,9.95,10.3,23765300.0
2026-01-16,10.23,10.37,10.07,10.33,14915800.0
2026-01-20,12.32,12.54,11.97,12.37,50395600.0
2026-01-21,13.62,13.74,13.03,13.64,54623300.0
2026-01-22,14.22,14.37,13.38,13.43,51397600.0
2026-01-23,14.16,14.17,13.7,13.97,26751600.0
2026-01-26,14.26,15.19,14.15,14.83,46425300.0
2026-01-27,14.42,15.17,14.19,14.7,31400300.0
2026-01-28,14.46,15.11,14.3,14.53,32750400.0
2026-01-29,14.76,15.22,14.47,15.06,28675400.0
2026-01-30,15.84,17.030001,15.67,16.9,35010600.0
2026-02-02,13.76,13.9,12.26,12.7,43704000.0
2026-02-03,12.7,13.16,12.66,12.98,13787300.0
2026-02-04,13.59,13.61,13.13,13.46,13198600.0
2026-02-05,13.54,13.68,12.92,13.52,17260000.0
2026-02-06,13.69,13.97,13.21,13.27,13699600.0
2026-02-09,12.2,12.5,12.11,12.17,11649900.0
2026-02-10,12.3,12.47,12.06,12.13,9268000.0
2026-02-11,12.06,12.42,12.02,12.32,10364100.0
2026-02-12,12.74,12.82,12.34,12.43,12603000.0
2026-02-13,12.23,12.61,12.23,12.44,8884700.0
2026-02-17,11.9,12.04,11.79,11.9,9544900.0
2026-02-18,11.78,11.9,11.54,11.87,9852700.0
2026-02-19,12.04,12.08,11.78,11.8,9977200.0
2026-02-20,11.88,12.37,11.81,12.01,10274000.0
2026-02-23,12.09,12.15,11.73,11.74,9403200.0
2026-02-24,11.6,11.7,11.38,11.46,7831800.0
2026-02-25,11.64,11.79,11.52,11.6,7762100.0
2026-02-26,11.3,11.42,11.17,11.38,10337400.0
2026-02-27,11.51,11.6,11.37,11.52,7457000.0
2026-03-02,11.93,12.04,11.72,12.0,17168300.0
2026-03-03,12.78,12.83,12.04,12.28,20735500.0
2026-03-04,11.85,11.95,11.64,11.78,12522600.0
2026-03-05,11.9,12.26,11.76,12.05,12980600.0
2026-03-06,12.53,13.19,12.4,12.75,26319100.0
2026-03-09,13.09,13.26,12.25,12.31,29248900.0
2026-03-10,12.19,12.38,11.92,12.27,14643100.0
2026-03-11,12.55,12.94,12.38,12.88,10224600.0
2026-03-12,13.04,13.13,12.67,13.04,14057900.0
2026-03-13,12.77,12.82,12.51,12.64,11989600.0
2026-03-16,12.51,12.61,12.05,12.21,10991300.0
2026-03-17,12.39,12.41,12.11,12.2,6352000.0
2026-03-18,12.19,12.79,12.09,12.67,14101500.0
2026-03-19,13.0,13.09,12.4,12.56,21405800.0
2026-03-20,12.25,12.5,12.21,12.39,10287300.0
2026-03-23,11.94,12.01,11.59,11.73,14397200.0
2026-03-24,11.84,11.9,11.66,11.73,6737300.0
2026-03-25,11.63,11.93,11.58,11.86,5642800.0
2026-03-26,11.89,12.1,11.79,11.84,8439200.0
2026-03-27,12.29,12.39,12.04,12.28,8514400.0
2026-03-30,11.69,11.77,11.57,11.68,9031100.0
2026-03-31,12.04,12.05,11.65,11.73,8115000.0
2026-04-01,11.55,11.57,11.31,11.42,7065600.0
2026-04-02,11.39,11.43,11.28,11.35,7923600.0
2026-04-06,11.59,11.6,11.36,11.37,4703400.0
2026-04-07,11.61,11.72,11.53,11.55,8146100.0
2026-04-08,11.1,11.24,10.97,11.08,10611700.0
2026-04-09,11.06,11.07,10.77,10.88,11520300.0
2026-04-10,10.81,10.9,10.7,10.77,6948100.0
2026-04-13,10.97,11.0,10.62,10.68,7345100.0
2026-04-14,10.73,10.75,10.4,10.56,8284300.0
2026-04-15,10.53,10.65,10.49,10.58,4993500.0
2026-04-16,10.61,10.79,10.6,10.78,4530200.0
2026-04-17,10.65,10.93,10.63,10.84,7532000.0
2026-04-20,10.87,11.0,10.79,10.85,7186200.0
2026-04-21,10.84,10.99,10.79,10.95,4804800.0
2026-04-22,11.07,11.16,10.94,10.95,5400300.0
2026-04-23,10.72,10.73,10.41,10.52,9074100.0
2026-04-24,10.34,10.36,10.18,10.31,11511200.0
2026-04-27,10.69,10.79,10.47,10.49,13640200.0
2026-04-28,10.4,10.54,10.28,10.33,18279100.0
2026-04-29,10.2,10.27,10.11,10.15,8683500.0
2026-04-30,10.16,10.72,10.15,10.6,19091200.0
2026-05-01,10.69,10.73,10.55,10.71,7259600.0
2026-05-04,10.86,11.08,10.84,10.95,12744500.0
2026-05-05,10.89,10.97,10.62,10.64,11185800.0
2026-05-06,10.46,10.51,10.35,10.45,11427200.0
2026-05-07,10.36,10.81,10.29,10.68,16306100.0
2026-05-08,10.87,10.92,10.52,10.57,8642300.0
2026-05-11,10.95,11.25,10.94,11.22,10225600.0
2026-05-12,10.99,11.01,10.78,10.91,7577200.0
2026-05-13,11.2,11.21,10.95,10.98,6926200.0
2026-05-14,10.82,11.21,10.76,11.16,10858000.0
2026-05-15,11.3,11.38,11.15,11.33,8907800.0
2026-05-18,11.45,11.61,11.36,11.54,8580900.0
2026-05-19,11.72,11.94,11.68,11.9,7342900.0
2026-05-20,11.69,11.78,11.37,11.49,8999400.0
2026-05-21,11.53,11.61,11.31,11.33,6415700.0
2026-05-22,11.13,11.2,10.9,10.94,9301800.0
2026-05-26,11.13,11.22,10.88,10.91,6268700.0
2026-05-27,11.09,11.41,11.09,11.18,9207800.0
2026-05-28,11.29,11.93,11.29,11.89,12138300.0
2026-05-29,12.15,12.22,11.87,11.93,12742200.0
2026-06-01,11.61,11.66,11.45,11.54,8716900.0
2026-06-02,11.34,11.52,11.33,11.47,5926300.0
2026-06-03,11.44,11.76,11.44,11.71,5708100.0
2026-06-04,11.99,12.23,11.97,12.12,8947700.0
2026-06-05,11.88,11.92,11.63,11.67,6443700.0
2026-06-08,11.4,11.44,11.23,11.37,4186100.0
2026-06-09,11.34,11.56,11.31,11.39,4161200.0
2026-06-10,11.65,11.72,11.5,11.54,6187700.0
2026-06-11,11.34,11.34,11.11,11.16,6887100.0
2026-06-12,11.18,11.38,11.16,11.35,5348500.0
2026-06-15,11.21,11.44,11.21,11.43,4717800.0
2026-06-16,11.46,11.83,11.44,11.76,5390700.0
2026-06-17,11.44,11.58,11.35,11.57,5383000.0
2026-06-18,11.41,11.82,11.41,11.74,6806800.0
2026-06-22,11.87,11.96,11.77,11.77,3662800.0
2026-06-23,11.58,11.67,11.41,11.5,5614800.0
2026-06-24,11.52,11.76,11.48,11.73,4699900.0
2026-06-25,11.94,11.98,11.58,11.75,6264600.0
2026-06-26,12.01,12.11,11.76,11.87,9248700.0
2026-06-29,11.52,11.55,11.38,11.43,5436900.0
2026-06-30,11.72,11.98,11.67,11.72,6091400.0
2026-07-01,11.65,11.72,11.51,11.52,3684900.0
2026-07-02,11.47,11.59,11.34,11.58,5114700.0
2026-07-06,11.52,11.72,11.46,11.71,3871000.0
2026-07-07,11.65,11.85,11.62,11.76,5501800.0
2026-07-08,11.84,11.85,11.54,11.6,5952400.0
2026-07-09,11.29,11.29,10.78,10.83,10983300.0
2026-07-10,10.57,10.62,10.35,10.6,8356400.0
2026-07-13,10.31,10.5,10.26,10.37,11573600.0
2026-07-14,10.41,10.55,10.32,10.52,5657700.0
2026-07-15,10.4,10.58,10.35,10.55,5971500.0
2026-07-16,10.59,10.69,10.18,10.42,11982800.0
2026-07-17,10.48,10.53,10.38,10.51,7122200.0
2026-07-20,10.38,10.38,10.23,10.29,7163200.0
2026-07-21,10.33,10.45,10.28,10.4,5293700.0
2026-07-22,10.46,10.65,10.45,10.6,5825300.0
2026-07-23,10.63,10.74,10.59,10.61,7649100.0
2026-07-24,10.81,10.82,10.49,10.55,7240200.0
2026-07-27,10.22,10.26,10.1,10.11,8718600.0
2026-07-28,10.03,10.03,9.75,9.8,15037900.0
2026-07-29,9.82,10.03,9.81,9.93,6439200.0
2026-07-30,9.89,10.11,9.82,10.01,10505900.0
2026-07-31,9.99,10.08,9.88,10.06,7111000.0
2026-08-03,10.11,10.14,10.0,10.11,6815200.0
2026-08-04,9.78,9.79,9.69,9.77,12619700.0
2026-08-05,9.76,9.83,9.7,9.74,7819400.0
2026-08-06,9.73,9.73,9.55,9.63,13407200.0
2026-08-07,9.78,9.81,9.68,9.74,8059800.0
2026-08-10,10.17,10.23,10.13,10.14,11466500.0
2026-08-11,10.18,10.22,10.02,10.07,7628100.0
2026-08-12,10.25,10.3,10.17,10.2,8935200.0
2026-08-13,10.01,10.12,9.89,9.97,11804500.0
2026-08-14,10.02,10.13,9.9,9.92,10851400.0
2026-08-17,9.77,9.85,9.72,9.83,8701400.0
2026-08-18,9.91,10.1,9.84,10.1,9057100.0
2026-08-19,10.29,10.33,10.0,10.01,11197300.0
2026-08-20,10.0,10.01,9.83,10.01,10541700.0
2026-08-21,10.07,10.13,9.99,9.99,7249800.0
2026-08-24,10.3,10.31,10.1,10.15,10193300.0
2026-08-25,9.92,10.24,9.88,10.23,11637100.0
2026-08-26,10.32,10.51,10.3,10.41,10839900.0
2026-08-27,10.55,10.73,10.41,10.43,10397300.0
2026-08-28,10.39,10.41,10.25,10.33,8629800.0
2026-08-31,10.42,10.59,10.34,10.54,9753000.0
2026-09-01,10.27,10.61,10.24,10.58,14734200.0
2026-09-02,10.57,10.76,10.53,10.75,12227000.0
2026-09-03,10.72,10.82,10.37,10.49,22245700.0
2026-09-04,10.65,10.72,10.54,10.56,16359600.0
2026-09-08,10.6,10.6,10.3,10.46,14247800.0
2026-09-09,10.27,10.39,10.07,10.09,14183800.0
2026-09-10,10.01,10.22,9.85,10.19,17270700.0
2026-09-11,10.09,10.23,10.08,10.17,11804200.0
2026-09-14,10.28,10.45,10.26,10.33,19520700.0
