date,open,high,low,close,volume
2006-10-26,437.76001,438.48001,428.0,429.20001,169438.0
2006-10-27,431.28,433.84,426.72,432.0,144238.0
2006-10-30,425.12,426.23999,414.88,415.84,378050.0
2006-10-31,411.51999,418.23999,406.56,416.79999,480038.0
2006-11-01,417.040009,422.56,411.60001,416.95999,424388.0
2006-11-02,413.92001,420.0,410.88,412.0,326988.0
2006-11-03,415.92001,422.0,415.20001,421.44,270463.0
2006-11-06,420.79999,429.92001,420.79999,427.60001,225725.0
2006-11-07,426.95999,427.84,419.60001,420.79999,198375.0
2006-11-08,420.95999,428.0,420.72,427.20001,246100.0
2006-11-09,432.0,436.95999,431.51999,436.0,296200.0
2006-11-10,433.76001,436.0,425.60001,426.39999,244575.0
2006-11-13,421.35999,423.60001,417.60001,418.79999,474788.0
2006-11-14,420.39999,422.79999,416.079987,417.12,191088.0
2006-11-15,418.79999,424.39999,418.079987,420.0,393300.0
2006-11-16,422.88,424.48001,404.0,404.72,576500.0
2006-11-17,403.67999,408.56,402.95999,407.51999,376750.0
2006-11-20,405.12,408.0,402.0,407.76001,227475.0
2006-11-21,410.39999,417.76001,408.32001,415.84,263100.0
2006-11-22,416.16,417.92001,404.64001,410.48001,326288.0
2006-11-24,414.0,416.48001,413.20001,414.39999,129300.0
2006-11-27,413.51999,418.64001,412.79999,418.39999,232600.0
2006-11-28,420.79999,423.76001,418.56,421.67999,228888.0
2006-11-29,425.12,433.44,424.0,433.12,321813.0
2006-11-30,436.16,441.67999,434.88,436.64001,274188.0
2006-12-01,434.39999,441.60001,432.0,440.39999,188250.0
2006-12-04,435.76001,436.32001,429.28,433.60001,279900.0
2006-12-05,436.56,438.32001,427.040009,434.39999,246175.0
2006-12-06,431.51999,436.23999,429.35999,431.12,294638.0
2006-12-07,429.76001,430.95999,426.88,430.88,228725.0
2006-12-08,434.079987,435.35999,427.20001,428.64001,217388.0
2006-12-11,424.0,428.16,421.51999,424.0,220225.0
2006-12-12,424.32001,426.39999,417.20001,420.39999,197150.0
2006-12-13,419.28,424.79999,418.32001,423.040009,203650.0
2006-12-14,427.92001,430.72,426.64001,429.84,192100.0
2006-12-15,431.84,434.39999,427.92001,434.39999,159875.0
2006-12-18,430.64001,430.88,424.95999,425.28,115750.0
2006-12-19,423.60001,433.92001,423.60001,432.0,190363.0
2006-12-20,432.39999,435.12,429.51999,432.39999,131388.0
2006-12-21,430.95999,430.95999,423.12,426.72,128025.0
2006-12-22,426.56,427.040009,421.67999,423.35999,90600.0
2006-12-26,425.28,425.60001,411.44,413.12,181950.0
2006-12-27,414.0,415.51999,409.76001,410.79999,146000.0
2006-12-28,412.23999,412.88,408.39999,410.39999,157650.0
2006-12-29,408.16,414.79999,408.0,412.79999,133250.0
2007-01-03,411.35999,411.35999,393.040009,395.20001,401713.0
2007-01-04,388.32001,391.20001,377.76001,379.12,557488.0
2007-01-05,379.20001,383.44,375.12,382.64001,454100.0
2007-01-08,389.76001,392.39999,376.0,379.92001,493650.0
2007-01-09,370.16,380.0,369.44,378.39999,502463.0
2007-01-10,373.12,374.0,362.88,362.88,793225.0
2007-01-11,362.0,369.12,352.079987,354.72,1126175.0
2007-01-12,354.23999,360.0,348.079987,357.040009,1258575.0
2007-01-16,353.28,355.20001,343.28,346.72,1148113.0
2007-01-17,343.92001,354.79999,341.60001,353.76001,1416750.0
2007-01-18,354.39999,356.79999,340.48001,345.84,1687750.0
2007-01-19,347.51999,356.0,347.040009,355.44,751750.0
2007-01-22,358.56,364.079987,347.51999,350.72,1325663.0
2007-01-23,354.88,366.64001,353.67999,365.20001,966100.0
2007-01-24,363.76001,369.44,357.67999,368.79999,671200.0
2007-01-25,369.51999,371.84,360.79999,362.16,474100.0
2007-01-26,364.79999,371.20001,364.39999,370.23999,548250.0
2007-01-29,367.44,369.44,359.20001,359.76001,391200.0
2007-01-30,361.92001,380.0,361.92001,378.88,713313.0
2007-01-31,377.28,387.60001,372.0,385.92001,738713.0
2007-02-01,386.0,392.0,381.12,382.72,659713.0
2007-02-02,385.76001,394.72,380.79999,394.72,586163.0
2007-02-05,396.95999,399.60001,390.32001,392.79999,715488.0
2007-02-06,397.20001,398.32001,390.48001,393.67999,604425.0
2007-02-07,396.16,398.39999,382.72,386.0,642200.0
2007-02-08,387.92001,400.16,385.040009,398.0,650063.0
2007-02-09,400.39999,405.92001,397.67999,399.92001,743300.0
2007-02-12,394.64001,396.39999,384.95999,386.95999,581175.0
2007-02-13,389.44,399.12,388.72,394.88,333750.0
2007-02-14,393.20001,396.39999,384.64001,387.60001,604400.0
2007-02-15,387.60001,388.64001,378.39999,386.79999,436050.0
2007-02-16,389.28,396.39999,388.32001,394.79999,365975.0
2007-02-20,386.079987,393.92001,382.72,389.35999,342500.0
2007-02-21,390.32001,401.35999,385.92001,398.88,530675.0
2007-02-22,398.0,405.60001,395.67999,402.64001,430488.0
2007-02-23,406.79999,409.44,401.040009,403.67999,477800.0
2007-02-26,406.48001,409.20001,402.16,407.20001,322475.0
2007-02-27,400.88,412.32001,399.60001,399.60001,635475.0
2007-02-28,405.12,411.20001,399.60001,409.44,414150.0
2007-03-01,407.92001,413.44,402.88,409.92001,342975.0
2007-03-02,412.0,413.12,406.79999,408.079987,325625.0
2007-03-05,400.23999,402.88,395.040009,396.95999,460150.0
2007-03-06,402.0,402.88,397.84,402.56,191675.0
2007-03-07,404.0,411.92001,403.20001,410.32001,418038.0
2007-03-08,412.48001,412.72,407.12,410.32001,202188.0
2007-03-09,409.60001,409.92001,400.56,400.88,229550.0
2007-03-12,396.79999,398.88,392.0,394.79999,416625.0
2007-03-13,397.040009,401.20001,389.35999,391.51999,369613.0
2007-03-14,392.16,394.56,388.88,393.12,246863.0
2007-03-15,394.56,395.28,388.079987,389.35999,172275.0
2007-03-16,391.84,396.16,382.23999,387.35999,288625.0
2007-03-19,388.0,392.0,385.60001,389.60001,235888.0
2007-03-20,388.79999,391.28,384.56,387.67999,240613.0
2007-03-21,388.0,390.56,384.79999,390.39999,319188.0
2007-03-22,393.60001,401.60001,393.60001,401.44,313988.0
2007-03-23,403.92001,407.12,402.0,404.56,283275.0
2007-03-26,410.48001,411.60001,405.60001,409.35999,361138.0
2007-03-27,406.0,410.16,405.040009,409.60001,336500.0
2007-03-28,415.92001,422.079987,414.0,416.0,765213.0
2007-03-29,421.12,431.84,419.20001,428.95999,852188.0
2007-03-30,428.079987,433.60001,426.0,426.79999,708725.0
2007-04-02,428.39999,433.76001,424.56,428.48001,463113.0
2007-04-03,423.84,424.56,416.39999,419.67999,549738.0
2007-04-04,417.12,420.88,413.20001,418.64001,537875.0
2007-04-05,422.0,422.16,414.079987,416.079987,399800.0
2007-04-09,415.67999,416.72,400.16,402.79999,589800.0
2007-04-10,402.23999,406.23999,402.23999,404.88,294963.0
2007-04-11,402.64001,410.0,400.0,403.67999,403950.0
2007-04-12,407.12,413.67999,406.39999,413.20001,274050.0
2007-04-13,414.64001,416.32001,411.92001,412.16,191363.0
2007-04-16,412.79999,413.84,405.67999,409.60001,277900.0
2007-04-17,411.51999,413.35999,401.60001,402.32001,280488.0
2007-04-18,400.39999,402.88,396.0,401.12,354575.0
2007-04-19,398.95999,399.20001,393.20001,393.76001,288088.0
2007-04-20,395.20001,400.88,393.92001,400.39999,232800.0
2007-04-23,400.079987,411.35999,399.76001,409.76001,400513.0
2007-04-24,410.48001,413.51999,400.32001,403.12,374638.0
2007-04-25,405.60001,411.35999,403.28,410.56,309175.0
2007-04-26,408.16,414.23999,404.56,407.51999,207113.0
2007-04-27,404.88,415.76001,404.23999,414.72,257888.0
2007-04-30,412.79999,415.67999,408.39999,409.92001,226950.0
2007-05-01,408.95999,413.040009,401.20001,402.88,320013.0
2007-05-02,400.95999,401.76001,393.84,396.72,652313.0
2007-05-03,394.79999,396.88,391.84,394.23999,412588.0
2007-05-04,395.20001,395.84,384.88,386.39999,519325.0
2007-05-07,382.79999,386.0,380.32001,384.48001,510800.0
2007-05-08,385.28,390.72,382.48001,389.12,428388.0
2007-05-09,388.48001,389.040009,379.12,384.079987,439713.0
2007-05-10,388.0,388.88,382.56,385.20001,300388.0
2007-05-11,388.16,390.64001,385.76001,388.56,292588.0
2007-05-14,390.88,391.44,386.39999,388.48001,191375.0
2007-05-15,387.28,393.44,387.12,391.92001,262575.0
2007-05-16,389.67999,390.64001,384.48001,388.23999,340013.0
2007-05-17,390.23999,401.76001,389.92001,401.28,397313.0
2007-05-18,401.12,404.48001,399.76001,400.79999,238013.0
2007-05-21,401.44,408.23999,397.35999,406.56,469100.0
2007-05-22,403.44,405.28,398.32001,399.35999,313400.0
2007-05-23,398.48001,402.72,396.079987,401.35999,287488.0
2007-05-24,399.92001,400.64001,388.72,391.44,313613.0
2007-05-25,395.67999,397.28,391.20001,396.0,164388.0
2007-05-29,390.0,391.20001,381.040009,387.20001,531138.0
2007-05-30,385.60001,389.20001,385.28,385.67999,303338.0
2007-05-31,385.20001,391.67999,380.64001,391.67999,480650.0
2007-06-01,393.040009,397.51999,390.88,395.67999,230063.0
2007-06-04,395.60001,405.20001,395.60001,402.79999,793100.0
2007-06-05,399.28,403.44,397.84,400.16,298363.0
2007-06-06,399.92001,404.16,397.60001,402.48001,309213.0
2007-06-07,402.079987,409.92001,402.079987,405.20001,388888.0
2007-06-08,399.040009,401.92001,392.32001,392.48001,433800.0
2007-06-11,395.20001,400.39999,392.88,398.72,332700.0
2007-06-12,398.0,398.72,393.84,396.48001,145025.0
2007-06-13,396.079987,403.28,394.079987,400.72,388788.0
2007-06-14,405.20001,410.56,404.72,408.79999,568013.0
2007-06-15,410.079987,413.28,408.39999,412.23999,458025.0
2007-06-18,411.35999,418.48001,409.51999,417.12,276075.0
2007-06-19,415.76001,420.64001,414.16,416.95999,249425.0
2007-06-20,416.079987,418.39999,406.79999,412.39999,532500.0
2007-06-21,419.35999,419.35999,410.48001,412.79999,308188.0
2007-06-22,415.67999,417.84,412.88,415.12,250788.0
2007-06-25,406.88,417.84,406.079987,415.67999,566738.0
2007-06-26,412.95999,413.040009,406.95999,408.95999,502863.0
2007-06-27,405.28,417.20001,403.84,415.040009,603375.0
2007-06-28,421.20001,423.92001,418.0,419.76001,482725.0
2007-06-29,423.20001,427.60001,421.35999,424.0,423888.0
2007-07-02,421.60001,428.64001,418.88,428.23999,191050.0
2007-07-03,426.32001,428.32001,425.60001,428.32001,86125.0
2007-07-05,433.60001,435.44,426.48001,433.20001,277750.0
2007-07-06,437.28,439.20001,434.79999,437.44,167788.0
2007-07-09,438.0,440.079987,433.76001,434.79999,288363.0
2007-07-10,434.39999,440.0,433.44,437.76001,215438.0
2007-07-11,436.39999,440.0,434.95999,437.28,213213.0
2007-07-12,441.35999,444.79999,433.67999,437.92001,330600.0
2007-07-13,441.12,445.040009,440.79999,444.32001,238138.0
2007-07-16,445.35999,447.67999,442.88,446.079987,224950.0
2007-07-17,449.20001,452.48001,442.23999,445.12,299313.0
2007-07-18,447.20001,453.20001,445.35999,452.64001,306338.0
2007-07-19,454.79999,457.35999,449.76001,456.64001,228863.0
2007-07-20,457.040009,458.32001,453.040009,456.0,140363.0
2007-07-23,449.60001,451.12,447.12,451.040009,290175.0
2007-07-24,442.72,444.32001,438.16,441.28,353988.0
2007-07-25,444.39999,459.51999,440.48001,459.51999,394175.0
2007-07-26,463.44,463.51999,448.32001,449.76001,554325.0
2007-07-27,452.79999,463.51999,449.60001,461.92001,402975.0
2007-07-30,463.60001,464.88,457.12,460.0,233538.0
2007-07-31,464.0,470.64001,462.79999,468.23999,283850.0
2007-08-01,468.0,473.60001,457.51999,462.079987,572325.0
2007-08-02,460.56,465.67999,458.72,461.60001,390500.0
2007-08-03,462.32001,462.56,451.51999,451.51999,267688.0
2007-08-06,444.0,444.72,431.040009,433.60001,502613.0
2007-08-07,432.32001,436.95999,428.23999,434.88,453425.0
2007-08-08,433.28,439.60001,432.079987,434.16,415850.0
2007-08-09,425.84,433.12,424.72,430.23999,273288.0
2007-08-10,422.72,430.48001,421.51999,429.12,256750.0
2007-08-13,435.60001,438.79999,426.95999,430.79999,300475.0
2007-08-14,433.44,434.72,428.32001,433.84,296688.0
2007-08-15,437.67999,445.92001,435.84,441.040009,269350.0
2007-08-16,438.64001,438.64001,421.84,428.64001,556113.0
2007-08-17,434.39999,437.92001,430.0,432.23999,608650.0
2007-08-20,427.12,429.44,421.84,428.32001,307000.0
2007-08-21,426.88,431.35999,415.67999,419.44,507225.0
2007-08-22,421.60001,424.16,414.079987,418.79999,396975.0
2007-08-23,421.040009,422.16,416.48001,421.20001,185013.0
2007-08-24,423.76001,430.16,423.28,429.12,274250.0
2007-08-27,426.39999,435.44,423.67999,434.64001,188388.0
2007-08-28,434.16,436.079987,429.76001,432.23999,240050.0
2007-08-29,436.0,444.39999,436.0,444.39999,270000.0
2007-08-30,442.0,445.12,439.35999,444.0,161425.0
2007-08-31,448.23999,449.28,444.32001,446.23999,128575.0
2007-09-04,447.67999,454.39999,447.44,454.0,127788.0
2007-09-05,452.079987,458.48001,451.67999,458.079987,141538.0
2007-09-06,463.60001,467.51999,454.95999,461.040009,523125.0
2007-09-07,460.39999,464.0,456.79999,462.079987,534738.0
2007-09-10,457.76001,472.23999,457.35999,470.32001,387200.0
2007-09-11,467.44,472.23999,463.60001,471.67999,592450.0
2007-09-12,473.67999,482.39999,472.95999,480.0,498450.0
2007-09-13,478.64001,482.95999,477.040009,481.35999,221038.0
2007-09-14,480.95999,484.56,476.23999,478.32001,445875.0
2007-09-17,478.16,486.72,477.51999,485.35999,269663.0
2007-09-18,485.12,497.28,483.67999,496.39999,375438.0
2007-09-19,495.44,497.92001,489.44,494.56,485125.0
2007-09-20,495.28,502.23999,492.32001,501.20001,206500.0
2007-09-21,502.23999,504.88,494.39999,497.12,352400.0
2007-09-24,495.84,500.79999,493.12,494.56,193200.0
2007-09-25,488.48001,490.48001,484.72,488.56,286450.0
2007-09-26,493.28,495.84,481.44,493.60001,407700.0
2007-09-27,501.040009,509.76001,498.72,507.51999,354650.0
2007-09-28,511.67999,514.0,499.35999,500.39999,334713.0
2007-10-01,498.16,499.51999,488.079987,492.72,308850.0
2007-10-02,488.39999,493.20001,484.56,493.040009,239088.0
2007-10-03,494.32001,496.56,488.79999,490.32001,165375.0
2007-10-04,487.35999,502.0,484.72,500.88,248263.0
2007-10-05,496.79999,501.12,494.72,498.23999,168838.0
2007-10-08,491.35999,492.48001,481.51999,486.079987,181000.0
2007-10-09,485.92001,496.72,485.60001,491.20001,388688.0
2007-10-10,492.56,499.35999,489.60001,499.20001,190238.0
2007-10-11,503.67999,512.64001,502.39999,508.72,259550.0
2007-10-12,508.64001,513.91998,507.28,512.0,175875.0
2007-10-15,520.0,527.84003,518.15997,527.12,261850.0
2007-10-16,529.67999,538.47998,528.0,535.84003,499788.0
2007-10-17,537.28003,542.71997,531.039978,533.039978,751513.0
2007-10-18,538.23999,547.20001,536.080017,545.35999,316238.0
2007-10-19,540.71997,542.47998,534.56,537.12,681375.0
2007-10-22,533.28003,538.88,527.76001,532.32001,625950.0
2007-10-23,536.23999,537.20001,525.76001,526.64001,285813.0
2007-10-24,527.76001,543.91998,527.20001,543.84003,311675.0
2007-10-25,548.32001,561.44,546.47998,560.96002,403775.0
2007-10-26,569.20001,570.15997,562.0,569.35999,363675.0
2007-10-29,572.56,581.20001,568.64001,580.0,416488.0
2007-10-30,572.32001,573.52002,556.32001,556.32001,515438.0
2007-10-31,568.64001,587.44,564.40002,586.15997,795050.0
2007-11-01,585.28003,585.35999,571.35999,577.35999,632600.0
2007-11-02,585.76001,595.35999,582.71997,594.79999,339363.0
2007-11-05,586.32001,596.79999,583.59998,588.32001,299738.0
2007-11-06,598.0,603.35999,594.96002,602.71997,363763.0
2007-11-07,607.52002,610.56,589.59998,595.84003,671113.0
2007-11-08,606.23999,608.47998,592.64001,592.64001,360913.0
2007-11-09,594.32001,600.79999,590.56,598.15997,470725.0
2007-11-12,584.47998,590.47998,581.91998,582.15997,470338.0
2007-11-13,579.67999,581.91998,560.23999,567.44,625225.0
2007-11-14,575.12,584.79999,574.15997,580.79999,315100.0
2007-11-15,577.76001,580.88,568.64001,578.40002,426638.0
2007-11-16,588.47998,593.039978,585.76001,591.20001,426713.0
2007-11-19,594.0,596.47998,585.76001,595.91998,341750.0
2007-11-20,602.080017,620.0,600.32001,618.71997,392375.0
2007-11-21,620.0,620.71997,605.76001,611.52002,483213.0
2007-11-23,611.20001,617.76001,609.67999,614.080017,77325.0
2007-11-26,611.28003,617.91998,607.12,610.0,300813.0
2007-11-27,597.84003,600.32001,592.47998,594.40002,523513.0
2007-11-28,596.56,597.44,568.56,574.40002,645075.0
2007-11-29,577.35999,587.039978,568.79999,573.12,514650.0
2007-11-30,561.28003,573.12,556.64001,559.28003,726613.0
2007-12-03,553.28003,566.47998,548.47998,565.59998,622100.0
2007-12-04,554.47998,557.59998,549.52002,555.20001,349388.0
2007-12-05,564.32001,568.0,546.40002,549.52002,654388.0
2007-12-06,548.23999,570.32001,547.84003,568.15997,515525.0
2007-12-07,560.23999,560.23999,548.15997,555.44,425525.0
2007-12-10,560.88,565.35999,549.20001,554.88,443025.0
2007-12-11,562.15997,570.32001,558.40002,562.080017,400825.0
2007-12-12,574.32001,597.52002,572.64001,591.20001,672900.0
2007-12-13,589.28003,592.080017,580.71997,585.35999,546313.0
2007-12-14,578.79999,583.52002,573.44,578.080017,270563.0
2007-12-17,572.88,575.84003,567.28003,575.12,249988.0
2007-12-18,586.64001,586.64001,563.12,568.88,347475.0
2007-12-19,572.79999,582.79999,570.40002,577.20001,288075.0
2007-12-20,575.84003,582.79999,573.12,576.79999,192488.0
2007-12-21,580.15997,592.32001,578.56,590.40002,306900.0
2007-12-24,587.44,591.76001,584.32001,591.59998,60438.0
2007-12-26,604.79999,609.76001,602.23999,607.28003,255950.0
2007-12-27,610.15997,617.76001,606.71997,610.0,330775.0
2007-12-28,615.039978,618.56,605.67999,607.12,301013.0
2007-12-31,609.67999,611.28003,598.47998,606.080017,316713.0
2008-01-02,619.039978,630.47998,617.67999,627.76001,554875.0
2008-01-03,629.039978,632.71997,622.32001,626.96002,626013.0
2008-01-04,621.59998,622.47998,613.67999,618.47998,518175.0
2008-01-07,616.56,616.56,597.35999,604.0,549188.0
2008-01-08,613.67999,616.56,606.15997,608.47998,325600.0
2008-01-09,605.20001,618.15997,602.0,602.0,617450.0
2008-01-10,592.96002,597.28003,588.080017,592.15997,550363.0
2008-01-11,586.96002,589.91998,582.0,584.71997,396738.0
2008-01-14,592.56,595.76001,587.20001,594.0,279813.0
2008-01-15,584.32001,585.35999,576.080017,582.23999,613575.0
2008-01-16,576.64001,578.40002,563.91998,574.79999,518863.0
2008-01-17,578.080017,580.47998,564.47998,568.23999,516425.0
2008-01-18,572.23999,575.12,565.67999,572.32001,276613.0
2008-01-22,555.59998,568.32001,552.79999,564.40002,578038.0
2008-01-23,555.59998,560.64001,549.039978,556.0,663213.0
2008-01-24,558.0,569.35999,552.080017,567.44,627675.0
2008-01-25,576.0,579.67999,568.88,575.28003,630425.0
2008-01-28,569.039978,579.76001,563.20001,578.79999,394488.0
2008-01-29,573.039978,583.84003,573.039978,583.84003,223888.0
2008-01-30,585.12,587.44,578.96002,584.64001,333288.0
2008-01-31,574.56,585.59998,568.56,578.79999,318013.0
2008-02-01,577.35999,578.0,561.35999,563.76001,419725.0
2008-02-04,565.20001,576.40002,562.79999,570.96002,417875.0
2008-02-05,563.44,564.15997,555.44,561.20001,670988.0
2008-02-06,563.84003,564.0,550.0,552.15997,509738.0
2008-02-07,548.96002,560.56,548.56,558.40002,408625.0
2008-02-08,566.23999,583.20001,565.28003,583.20001,834775.0
2008-02-11,581.35999,600.71997,576.79999,596.40002,627388.0
2008-02-12,589.52002,597.12,585.76001,588.71997,318975.0
2008-02-13,586.40002,596.23999,584.0,592.88,277500.0
2008-02-14,598.96002,606.96002,597.91998,606.080017,328275.0
2008-02-15,611.52002,612.79999,600.23999,607.44,419900.0
2008-02-19,623.67999,633.28003,619.35999,630.47998,535713.0
2008-02-20,625.12,639.12,621.76001,634.56,475800.0
2008-02-21,627.59998,634.15997,614.88,618.64001,765400.0
2008-02-22,627.039978,630.080017,617.12,628.79999,576300.0
2008-02-25,626.88,632.64001,620.64001,629.91998,324800.0
2008-02-26,628.40002,642.23999,626.71997,640.79999,532413.0
2008-02-27,639.28003,642.88,631.35999,631.35999,467175.0
2008-02-28,637.91998,653.67999,636.88,651.84003,407750.0
2008-02-29,649.039978,651.84003,643.35999,643.35999,389638.0
2008-03-03,651.84003,659.84003,644.88,650.56,630563.0
2008-03-04,653.84003,656.0,628.0,635.20001,773688.0
2008-03-05,643.91998,666.40002,642.64001,666.40002,946075.0
2008-03-06,662.32001,671.12,653.039978,671.12,712688.0
2008-03-07,666.47998,676.23999,660.23999,669.84003,673200.0
2008-03-10,664.56,685.039978,660.23999,685.039978,767475.0
2008-03-11,684.0,690.71997,674.32001,690.71997,1223838.0
2008-03-12,688.080017,696.080017,678.0,695.35999,1155763.0
2008-03-13,696.15997,702.32001,687.84003,697.67999,962188.0
2008-03-14,695.91998,702.080017,688.47998,692.080017,1072550.0
2008-03-17,671.35999,686.79999,651.84003,666.40002,1455100.0
2008-03-18,678.23999,696.32001,673.52002,686.40002,1083463.0
2008-03-19,676.56,688.0,654.47998,658.32001,1368825.0
2008-03-20,637.59998,655.67999,636.71997,650.40002,1468475.0
2008-03-24,647.67999,656.15997,640.64001,642.080017,531513.0
2008-03-25,646.0,652.96002,635.20001,651.76001,592575.0
2008-03-26,656.23999,681.84003,655.84003,678.47998,770750.0
2008-03-27,680.56,693.12,677.12,685.84003,590138.0
2008-03-28,680.080017,680.080017,670.96002,674.96002,612325.0
2008-03-31,677.76001,684.0,642.88,650.88,975513.0
2008-04-01,640.0,656.71997,638.15997,648.47998,670963.0
2008-04-02,646.40002,672.79999,639.67999,670.23999,772800.0
2008-04-03,663.20001,681.59998,661.12,669.20001,676438.0
2008-04-04,675.52002,680.96002,670.79999,679.039978,553075.0
2008-04-07,691.91998,701.039978,691.91998,695.44,533788.0
2008-04-08,696.0,700.64001,689.59998,697.52002,440988.0
2008-04-09,696.71997,717.59998,695.52002,711.20001,1025363.0
2008-04-10,712.64001,712.71997,697.12,705.44,802488.0
2008-04-11,701.20001,708.56,698.96002,707.84003,478888.0
2008-04-14,710.79999,717.67999,707.59998,717.12,539688.0
2008-04-15,728.080017,731.52002,725.35999,731.52002,634438.0
2008-04-16,729.76001,738.40002,720.15997,737.20001,986750.0
2008-04-17,737.35999,740.88,732.96002,738.96002,596563.0
2008-04-18,727.84003,750.71997,727.20001,750.32001,1150325.0
2008-04-21,747.76001,755.039978,741.52002,755.039978,585225.0
2008-04-22,749.44,766.64001,748.79999,760.64001,894863.0
2008-04-23,755.20001,764.080017,750.47998,761.44,1059863.0
2008-04-24,747.20001,758.79999,736.47998,745.59998,1388750.0
2008-04-25,759.52002,770.23999,756.40002,765.28003,1125213.0
2008-04-28,766.96002,769.91998,762.0,765.52002,606150.0
2008-04-29,751.35999,756.23999,741.20001,743.91998,950225.0
2008-04-30,748.64001,754.71997,730.47998,740.0,1191338.0
2008-05-01,726.23999,728.79999,711.12,723.039978,977400.0
2008-05-02,728.79999,750.71997,728.79999,747.20001,861488.0
2008-05-05,761.84003,775.35999,760.88,773.91998,917213.0
2008-05-06,775.76001,790.71997,775.20001,787.039978,946950.0
2008-05-07,785.84003,799.35999,776.96002,798.40002,1692338.0
2008-05-08,796.0,806.15997,786.40002,805.28003,1225888.0
2008-05-09,814.0,816.96002,805.52002,816.96002,1524588.0
2008-05-12,806.56,817.59998,800.56,800.88,1256275.0
2008-05-13,800.96002,819.76001,799.84003,813.67999,1497000.0
2008-05-14,809.84003,816.0,800.0,801.76001,1138188.0
2008-05-15,816.0,817.44,781.52002,801.67999,2030875.0
2008-05-16,822.88,823.84003,810.71997,818.15997,2208500.0
2008-05-19,819.59998,824.0,810.080017,822.40002,960300.0
2008-05-20,831.28003,836.96002,829.28003,834.40002,1267525.0
2008-05-21,836.88,866.47998,832.47998,866.47998,2145613.0
2008-05-22,862.40002,866.88,842.23999,845.039978,2510988.0
2008-05-23,863.35999,865.76001,843.039978,855.59998,1728350.0
2008-05-27,842.64001,847.20001,830.080017,834.080017,1359088.0
2008-05-28,824.080017,852.0,820.080017,847.35999,1679575.0
2008-05-29,835.20001,862.40002,816.96002,818.080017,2728800.0
2008-05-30,825.67999,830.88,810.15997,824.47998,1348750.0
2008-06-02,815.52002,837.67999,813.67999,824.40002,1017900.0
2008-06-03,817.67999,821.52002,792.0,805.20001,1221750.0
2008-06-04,798.96002,823.91998,788.96002,791.84003,1475813.0
2008-06-05,801.12,831.59998,793.91998,831.59998,1558638.0
2008-06-06,867.44,904.0,858.56,897.35999,4141775.0
2008-06-09,880.15997,892.96002,863.44,872.40002,1714813.0
2008-06-10,881.039978,891.28003,849.91998,856.15997,2465475.0
2008-06-11,870.15997,898.40002,866.47998,887.91998,2239475.0
2008-06-12,864.080017,893.20001,855.67999,890.15997,1768575.0
2008-06-13,871.35999,882.32001,868.0,873.59998,1242575.0
2008-06-16,902.0,902.0,864.56,871.91998,1523525.0
2008-06-17,866.15997,879.039978,864.23999,869.44,1527938.0
2008-06-18,870.0,888.88,856.96002,887.12,1566138.0
2008-06-19,886.32001,886.32001,855.20001,855.28003,2233250.0
2008-06-20,877.59998,889.76001,868.79999,873.12,2001150.0
2008-06-23,875.67999,894.56,875.28003,887.35999,1513500.0
2008-06-24,883.44,893.59998,880.0,887.59998,1193625.0
2008-06-25,882.15997,883.20001,854.64001,868.0,1743438.0
2008-06-26,891.039978,908.79999,886.47998,904.96002,1909275.0
2008-06-27,910.96002,926.15997,905.20001,910.0,1773950.0
2008-06-30,921.28003,922.64001,901.20001,909.28003,1493850.0
2008-07-01,925.52002,927.84003,907.52002,916.71997,1648513.0
2008-07-02,910.47998,937.84003,909.52002,934.71997,2266988.0
2008-07-03,934.32001,939.67999,927.35999,934.56,1158500.0
2008-07-07,914.32001,928.96002,903.76001,919.59998,1709525.0
2008-07-08,892.0,893.59998,875.67999,879.35999,2107900.0
2008-07-09,887.52002,894.47998,876.40002,877.20001,2319950.0
2008-07-10,891.52002,919.35999,883.67999,914.71997,1542875.0
2008-07-11,952.64001,953.35999,924.71997,939.12,1859913.0
2008-07-14,940.0,948.0,932.0,939.84003,940838.0
2008-07-15,941.59998,944.15997,880.64001,899.12,3450950.0
2008-07-16,892.15997,895.52002,855.76001,874.0,2634125.0
2008-07-17,870.88,885.91998,837.20001,844.23999,2775838.0
2008-07-18,846.71997,852.56,831.28003,835.52002,1727925.0
2008-07-21,840.79999,855.84003,832.56,853.35999,1193900.0
2008-07-22,841.59998,842.64001,814.96002,826.56,1697250.0
2008-07-23,819.12,829.84003,800.0,800.15997,2239250.0
2008-07-24,811.039978,815.44,796.40002,811.67999,1507450.0
2008-07-25,802.64001,803.28003,790.080017,794.15997,1784425.0
2008-07-28,798.40002,805.28003,790.64001,804.32001,1211425.0
2008-07-29,799.76001,799.91998,776.23999,784.32001,1877688.0
2008-07-30,786.0,821.28003,778.79999,817.039978,2491538.0
2008-07-31,817.84003,817.84003,791.91998,799.91998,1724700.0
2008-08-01,796.96002,829.12,796.0,808.32001,1553825.0
2008-08-04,801.20001,812.79999,770.79999,780.15997,1949313.0
2008-08-05,773.039978,782.0,763.44,764.71997,1485700.0
2008-08-06,770.40002,776.88,755.59998,763.35999,2058988.0
2008-08-07,777.35999,779.84003,760.23999,771.52002,1414488.0
2008-08-08,761.039978,763.039978,740.15997,741.44,1327888.0
2008-08-11,748.40002,750.15997,728.64001,740.080017,1612650.0
2008-08-12,743.59998,744.47998,726.40002,731.91998,1686550.0
2008-08-13,733.91998,758.15997,732.96002,750.0,2064000.0
2008-08-14,745.59998,754.56,728.32001,741.91998,1236375.0
2008-08-15,731.76001,737.59998,720.32001,734.40002,1767025.0
2008-08-18,741.12,745.039978,723.76001,730.080017,1264000.0
2008-08-19,728.47998,754.0,718.64001,741.91998,1762713.0
2008-08-20,749.44,755.67999,727.59998,751.84003,1828025.0
2008-08-21,774.64001,788.32001,766.40002,785.67999,2189563.0
2008-08-22,774.56,774.64001,738.0,740.32001,2101238.0
2008-08-25,741.28003,747.12,734.56,744.79999,1231113.0
2008-08-26,753.28003,761.44,743.28003,751.20001,1415075.0
2008-08-27,768.15997,771.59998,754.0,765.28003,1693538.0
2008-08-28,776.71997,776.71997,737.59998,747.12,1811200.0
2008-08-29,763.59998,765.52002,742.96002,742.96002,1099300.0
2008-09-02,695.039978,714.40002,694.23999,713.52002,2745563.0
2008-09-03,698.79999,708.0,693.20001,707.52002,1618088.0
2008-09-04,706.47998,708.64001,688.32001,696.15997,1933988.0
2008-09-05,695.20001,697.84003,679.76001,688.47998,1566663.0
2008-09-08,698.96002,701.76001,676.96002,687.44,1367538.0
2008-09-09,674.64001,676.88,657.44,658.79999,2486588.0
2008-09-10,670.23999,677.44,653.59998,663.76001,1820213.0
2008-09-11,663.12,663.67999,646.080017,651.91998,2212113.0
2008-09-12,657.28003,664.0,645.67999,651.91998,2277513.0
2008-09-15,617.67999,632.40002,607.28003,610.40002,2153538.0
2008-09-16,590.080017,605.67999,583.59998,599.91998,2690963.0
2008-09-17,601.84003,627.91998,587.67999,620.0,2539425.0
2008-09-18,637.039978,646.56,617.20001,633.35999,2115050.0
2008-09-19,660.88,666.0,635.20001,661.039978,1617125.0
2008-09-22,680.15997,713.28003,679.76001,700.96002,2319413.0
2008-09-23,704.79999,706.64001,671.28003,689.039978,1743725.0
2008-09-24,702.56,706.080017,676.40002,678.88,1378625.0
2008-09-25,673.59998,700.56,672.56,693.52002,1146725.0
2008-09-26,676.23999,693.35999,674.47998,689.67999,890900.0
2008-09-29,653.91998,657.35999,613.20001,616.71997,1478250.0
2008-09-30,632.79999,656.64001,628.88,656.080017,837438.0
2008-10-01,636.56,651.52002,619.20001,636.71997,1299075.0
2008-10-02,623.67999,624.47998,603.44,606.56,1282450.0
2008-10-03,594.23999,619.76001,594.23999,602.0,1614563.0
2008-10-06,586.32001,593.20001,564.71997,572.88,1692950.0
2008-10-07,587.84003,593.039978,566.23999,579.91998,1345088.0
2008-10-08,569.44,584.79999,557.52002,578.080017,1592988.0
2008-10-09,578.71997,582.40002,551.59998,556.79999,1156788.0
2008-10-10,521.20001,544.32001,506.56,532.0,2015488.0
2008-10-13,537.59998,542.23999,524.40002,542.23999,755763.0
2008-10-14,547.84003,550.71997,515.59998,520.23999,1121100.0
2008-10-15,497.67999,503.12,485.84,485.84,1077675.0
2008-10-16,482.64001,487.60001,451.84,474.72,1963700.0
2008-10-17,464.95999,488.79999,461.28,474.95999,1602763.0
2008-10-20,483.040009,500.0,472.079987,494.39999,1385575.0
2008-10-21,474.39999,476.79999,461.12,470.16,1207288.0
2008-10-22,452.079987,453.28,434.16,439.44,1203013.0
2008-10-23,444.23999,454.79999,438.079987,452.79999,1253363.0
2008-10-24,410.95999,429.12,410.48001,424.0,956388.0
2008-10-27,411.51999,431.35999,406.79999,406.79999,1173313.0
2008-10-28,422.79999,426.64001,403.51999,425.76001,989113.0
2008-10-29,435.12,453.67999,431.51999,445.44,1614475.0
2008-10-30,444.56,446.88,420.0,432.0,1272450.0
2008-10-31,423.92001,449.51999,416.16,444.72,1220550.0
2008-11-03,430.39999,441.12,417.28,419.92001,1124050.0
2008-11-04,434.72,470.23999,431.44,459.040009,1899700.0
2008-11-05,447.20001,455.040009,426.23999,430.72,1509175.0
2008-11-06,417.040009,419.44,394.48001,401.20001,1998700.0
2008-11-07,404.0,410.0,397.12,400.32001,951750.0
2008-11-10,423.44,426.39999,392.0,409.84,1603475.0
2008-11-11,398.79999,399.60001,383.76001,384.88,1189738.0
2008-11-12,378.72,380.88,365.92001,366.0,1273188.0
2008-11-13,373.67999,392.0,361.92001,392.0,1901963.0
2008-11-14,372.88,381.44,365.76001,369.44,1722713.0
2008-11-17,372.39999,385.44,358.39999,361.28,1396725.0
2008-11-18,362.48001,365.51999,352.16,358.16,1008763.0
2008-11-19,357.76001,361.28,346.079987,346.079987,1415213.0
2008-11-20,333.12,338.39999,314.88,316.39999,1831875.0
2008-11-21,326.48001,328.32001,313.28,328.0,1432750.0
2008-11-24,332.56,358.23999,325.20001,353.040009,1654163.0
2008-11-25,342.32001,343.28,327.60001,330.88,1721025.0
2008-11-26,339.35999,356.79999,327.76001,356.32001,2214350.0
2008-11-28,342.48001,344.88,331.35999,336.72,569463.0
2008-12-01,328.72,333.12,318.0,319.12,1142925.0
2008-12-02,324.0,325.51999,303.67999,308.0,1971413.0
2008-12-03,304.079987,311.040009,300.0,304.39999,2289400.0
2008-12-04,298.079987,305.51999,281.040009,283.28,2941438.0
2008-12-05,278.0,281.44,264.64001,274.0,3072675.0
2008-12-08,280.88,289.92001,277.040009,288.95999,2599550.0
2008-12-09,283.28,288.95999,273.76001,275.60001,2031838.0
2008-12-10,286.72,298.0,272.56,286.48001,4666225.0
2008-12-11,297.44,318.56,295.76001,309.12,3772275.0
2008-12-12,289.67999,308.95999,287.67999,304.79999,2955450.0
2008-12-15,320.95999,323.12,290.0,294.72,2851038.0
2008-12-16,291.51999,304.88,282.48001,291.51999,3235725.0
2008-12-17,288.39999,296.32001,274.079987,278.48001,5129100.0
2008-12-18,272.16,273.12,256.79999,261.84,5104588.0
2008-12-19,257.12,266.48001,255.44,264.48001,4811275.0
2008-12-22,262.72,265.12,244.16,245.039993,3410438.0
2008-12-23,246.88,248.48,233.039993,240.0,3495663.0
2008-12-24,231.84,234.72,228.64,232.16,1723750.0
2008-12-26,222.24001,234.0,221.84,232.8,2619650.0
2008-12-29,243.44,247.60001,231.36,247.36,3016713.0
2008-12-30,239.039993,244.24001,233.52,241.60001,2709138.0
2008-12-31,233.52,278.95999,233.2,264.79999,6101900.0
2009-01-02,270.16,287.28,267.67999,285.040009,4650038.0
2009-01-05,286.079987,302.64001,284.079987,298.39999,4356250.0
2009-01-06,306.88,310.0,294.23999,298.0,3957100.0
2009-01-07,293.67999,294.39999,265.67999,266.16,5455275.0
2009-01-08,263.84,266.88,255.12,265.60001,4595275.0
2009-01-09,257.040009,261.12,250.24001,258.95999,4403963.0
2009-01-12,247.92,250.48,244.0,245.2,4095613.0
2009-01-13,246.8,257.44,244.72,254.72,4966563.0
2009-01-14,252.24001,252.48,239.67999,249.84,5507038.0
2009-01-15,246.88,247.12,230.72,241.44,6868913.0
2009-01-16,248.080002,249.60001,236.8,238.88,4837875.0
2009-01-20,232.32001,246.32001,227.36,229.28,5207863.0
2009-01-21,232.8,248.56,229.12,248.24001,3989938.0
2009-01-22,236.32001,246.16,227.67999,240.16,5281688.0
2009-01-23,235.28,264.0,232.88,258.64001,5471838.0
2009-01-26,259.040009,272.79999,256.079987,257.12,4432963.0
2009-01-27,248.48,250.080002,233.44,236.0,5796250.0
2009-01-28,234.8,245.039993,229.039993,238.0,6740175.0
2009-01-29,230.24001,237.92,228.72,233.75999,4318775.0
2009-01-30,240.16,241.60001,231.36,233.75999,3308238.0
2009-02-02,227.52,236.0,225.12,227.2,3504063.0
2009-02-03,225.039993,231.52,224.8,230.96001,3154988.0
2009-02-04,234.39999,240.0,224.0,226.16,4163238.0
2009-02-05,226.24001,231.75999,222.32001,230.48,3797425.0
2009-02-06,218.96001,239.52,218.8,225.60001,8469925.0
2009-02-09,231.60001,234.96001,224.0,226.0,4637025.0
2009-02-10,232.24001,232.39999,213.75999,215.28,5937863.0
2009-02-11,214.8,217.28,206.88,208.64,4920000.0
2009-02-12,205.28,210.88,201.36,209.039993,5303475.0
2009-02-13,209.2,209.92,202.72,204.8,4567638.0
2009-02-17,194.48,195.60001,187.2,187.67999,4884313.0
2009-02-18,188.32001,189.039993,182.39999,182.88,5316088.0
2009-02-19,190.64,196.88,181.92,194.24001,6297400.0
2009-02-20,186.0,196.24001,185.67999,194.8,5260513.0
2009-02-23,199.28,199.84,185.36,186.56,4623388.0
2009-02-24,190.39999,196.0,185.44,195.52,3345238.0
2009-02-25,199.44,209.44,194.080002,208.0,5809900.0
2009-02-26,214.48,221.44,213.44,217.84,6006663.0
2009-02-27,211.52,219.52,208.080002,216.39999,3854925.0
2009-03-02,204.32001,205.92,188.24001,195.84,3972913.0
2009-03-03,203.44,204.32001,193.36,203.12,3629675.0
2009-03-04,215.52,223.67999,213.28,220.88,5841125.0
2009-03-05,218.64,219.2,209.60001,212.48,3035238.0
2009-03-06,220.0,223.92,213.84,223.92,3075725.0
2009-03-09,223.92,236.48,223.75999,229.2,4504075.0
2009-03-10,232.8,234.56,221.60001,222.64,2939138.0
2009-03-11,218.48,222.88,207.28,210.39999,4048325.0
2009-03-12,209.75999,227.75999,209.67999,225.84,4365588.0
2009-03-13,227.12,231.12,220.39999,221.039993,3394988.0
2009-03-16,216.080002,228.32001,213.44,226.0,3633450.0
2009-03-17,228.96001,239.12,227.60001,235.52,3703375.0
2009-03-18,234.96001,239.36,225.67999,236.88,3313238.0
2009-03-19,246.0,248.24001,240.56,242.88,4430363.0
2009-03-20,243.039993,249.2,242.080002,246.080002,2887425.0
2009-03-23,245.36,255.52,244.39999,254.24001,2953138.0
2009-03-24,249.12,255.52,247.92,252.88,2198150.0
2009-03-25,248.0,256.0,245.28,249.67999,3255938.0
2009-03-26,256.72,257.28,251.36,256.16,2448225.0
2009-03-27,248.080002,249.039993,244.32001,246.0,1896613.0
2009-03-30,237.75999,238.72,227.67999,229.60001,2715313.0
2009-03-31,229.44,235.92,226.080002,232.39999,1942738.0
2009-04-01,225.28,229.52,223.67999,228.64,2329913.0
2009-04-02,245.92,249.84,242.8,247.84,3290450.0
2009-04-03,245.75999,248.8,241.28,247.44,1961888.0
2009-04-06,239.60001,245.75999,235.92,241.84,2210600.0
2009-04-07,234.24001,236.72,231.039993,231.52,1319838.0
2009-04-08,228.24001,242.24001,226.56,235.92,2499713.0
2009-04-09,245.36,246.39999,239.36,245.52,1494013.0
2009-04-13,232.8,244.56,232.080002,237.44,2160038.0
2009-04-14,237.52,241.36,228.56,233.67999,1504700.0
2009-04-15,234.32001,236.8,230.96001,234.48,2152450.0
2009-04-16,235.75999,236.32001,231.44,234.32001,1431450.0
2009-04-17,238.24001,238.32001,233.84,235.60001,1703688.0
2009-04-20,221.75999,222.8,216.56,217.75999,3292850.0
2009-04-21,210.39999,221.039993,210.24001,218.64,1447013.0
2009-04-22,217.36,220.16,214.64,218.72,2103400.0
2009-04-23,222.0,223.12,217.67999,223.039993,1423200.0
2009-04-24,230.0,232.0,227.84,231.2,2014400.0
2009-04-27,217.12,229.28,216.88,224.64,2148875.0
2009-04-28,219.12,224.72,219.039993,222.8,1281025.0
2009-04-29,226.8,230.39999,225.75999,228.48,1467300.0
2009-04-30,226.48,230.8,225.84,229.039993,1427000.0
2009-05-01,232.8,240.48,232.16,236.96001,1914988.0
2009-05-04,239.67999,244.64,239.44,244.48,1743475.0
2009-05-05,243.12,244.48,239.92,241.2,1295275.0
2009-05-06,247.92,252.39999,245.84,251.44,2059700.0
2009-05-07,260.56,261.44,248.48,251.92,2094775.0
2009-05-08,258.16,261.92001,255.52,259.92001,1516025.0
2009-05-11,257.84,260.79999,255.60001,258.32001,1330450.0
2009-05-12,263.28,263.67999,258.39999,261.040009,1361525.0
2009-05-13,260.56,265.35999,255.52,257.51999,2325825.0
2009-05-14,255.84,262.079987,253.92,259.20001,1511138.0
2009-05-15,256.0,259.35999,248.64,250.39999,1690550.0
2009-05-18,256.95999,262.39999,256.0,261.67999,1515813.0
2009-05-19,262.56,264.56,258.079987,262.32001,1252025.0
2009-05-20,268.32001,272.64001,267.76001,270.95999,1959825.0
2009-05-21,265.35999,269.28,262.48001,267.040009,1254563.0
2009-05-22,267.84,270.32001,264.95999,269.60001,997138.0
2009-05-26,262.079987,273.60001,261.60001,272.88,1491600.0
2009-05-27,276.72,279.51999,272.72,276.64001,1532300.0
2009-05-28,279.76001,286.64001,278.79999,282.72,2200738.0
2009-05-29,290.48001,291.35999,285.51999,291.20001,2065525.0
2009-06-01,295.92001,300.72,294.23999,299.44,1496900.0
2009-06-02,297.040009,302.32001,295.60001,300.88,1397825.0
2009-06-03,297.67999,298.079987,284.48001,290.0,2582363.0
2009-06-04,297.44,304.79999,295.60001,301.51999,1820188.0
2009-06-05,301.60001,304.16,295.84,299.20001,1525525.0
2009-06-08,299.040009,301.76001,296.79999,300.32001,1266600.0
2009-06-09,304.56,306.88,301.44,305.51999,904725.0
2009-06-10,310.48001,313.67999,308.48001,311.76001,1709763.0
2009-06-11,315.44,320.0,314.48001,317.44,1518788.0
2009-06-12,313.60001,317.040009,312.56,315.44,1580675.0
2009-06-15,312.23999,312.32001,304.39999,308.16,2094263.0
2009-06-16,315.51999,316.079987,305.28,308.079987,1518638.0
2009-06-17,305.60001,310.95999,301.76001,309.60001,2095138.0
2009-06-18,308.23999,312.95999,306.64001,310.79999,1278425.0
2009-06-19,312.56,314.16,300.48001,303.76001,1958938.0
2009-06-22,296.0,296.079987,288.64001,290.0,1807338.0
2009-06-23,293.35999,301.51999,289.60001,299.28,1806150.0
2009-06-24,298.16,302.39999,295.92001,296.72,1691600.0
2009-06-25,300.48001,306.88,298.88,304.39999,1575750.0
2009-06-26,303.20001,303.67999,298.0,300.079987,1047175.0
2009-06-29,304.56,311.28,304.56,309.35999,1562375.0
2009-06-30,308.0,310.23999,298.39999,303.44,1683138.0
2009-07-01,309.60001,310.95999,296.64001,299.67999,2026800.0
2009-07-02,290.16,290.79999,287.92001,288.39999,1575263.0
2009-07-06,277.28,280.48001,275.67999,277.67999,1805438.0
2009-07-07,276.079987,277.20001,269.92001,270.48001,1922450.0
2009-07-08,269.040009,269.20001,260.0,260.56,2131950.0
2009-07-09,262.95999,263.60001,256.79999,262.16,2244113.0
2009-07-10,257.12,260.48001,254.88,259.040009,1405613.0
2009-07-13,256.48001,259.35999,252.56,258.95999,1976950.0
2009-07-14,262.88,263.51999,255.52,256.88,1577025.0
2009-07-15,263.20001,268.48001,260.56,267.76001,2488125.0
2009-07-16,263.12,269.12,262.72,268.48001,1395275.0
2009-07-17,270.72,276.72,270.64001,273.92001,1513138.0
2009-07-20,277.76001,279.44,273.76001,278.64001,1111263.0
2009-07-21,282.48001,283.040009,275.12,279.51999,1321825.0
2009-07-22,272.079987,279.84,271.44,278.48001,1537750.0
2009-07-23,274.64001,287.20001,274.39999,286.32001,1547550.0
2009-07-24,285.51999,290.16,283.51999,289.76001,1003200.0
2009-07-27,290.48001,291.84,287.67999,290.56,1227313.0
2009-07-28,286.23999,288.48001,282.95999,286.079987,1148625.0
2009-07-29,279.35999,279.84,266.88,267.76001,2299613.0
2009-07-30,274.88,286.32001,272.48001,283.92001,2175325.0
2009-07-31,281.12,296.72,280.64001,294.48001,1827663.0
2009-08-03,303.44,307.12,302.32001,303.35999,1858738.0
2009-08-04,301.76001,306.0,300.079987,303.76001,943263.0
2009-08-05,303.84,306.88,296.64001,305.60001,1592238.0
2009-08-06,304.48001,307.51999,298.56,306.16,1676263.0
2009-08-07,305.20001,307.51999,299.60001,301.20001,1300038.0
2009-08-10,303.20001,304.48001,299.20001,301.67999,854463.0
2009-08-11,297.92001,298.79999,292.79999,294.88,1230150.0
2009-08-12,295.76001,301.20001,295.67999,298.79999,1324138.0
2009-08-13,301.44,303.92001,297.67999,302.39999,1171238.0
2009-08-14,300.88,300.95999,286.88,288.23999,1618863.0
2009-08-17,282.48001,285.20001,279.28,284.16,1360038.0
2009-08-18,282.79999,296.32001,282.64001,294.88,1595300.0
2009-08-19,290.64001,307.76001,290.39999,304.95999,2254138.0
2009-08-20,303.76001,305.60001,300.39999,301.35999,1575563.0
2009-08-21,306.48001,309.44,303.12,305.84,1569350.0
2009-08-24,308.48001,309.92001,306.16,306.39999,1182425.0
2009-08-25,307.76001,310.39999,294.48001,297.35999,1741350.0
2009-08-26,294.079987,297.12,292.56,295.60001,1555238.0
2009-08-27,292.56,301.76001,289.28,301.76001,1371213.0
2009-08-28,303.35999,304.39999,297.28,301.28,1278788.0
2009-08-31,292.56,293.040009,286.39999,288.39999,1427213.0
2009-09-01,289.84,295.60001,281.76001,282.16,1587788.0
2009-09-02,280.32001,284.56,277.76001,281.44,1482125.0
2009-09-03,283.84,285.20001,280.32001,282.56,873375.0
2009-09-04,279.92001,283.35999,278.56,281.040009,1027788.0
2009-09-08,291.76001,297.28,288.95999,295.51999,1488788.0
2009-09-09,296.16,300.23999,294.079987,295.51999,989550.0
2009-09-10,295.040009,299.76001,293.28,298.95999,1074475.0
2009-09-11,300.48001,300.88,285.040009,286.56,1856738.0
2009-09-14,284.64001,287.92001,284.0,285.67999,1091013.0
2009-09-15,287.84,294.39999,283.92001,293.60001,1596188.0
2009-09-16,293.92001,300.0,291.76001,299.44,1480138.0
2009-09-17,298.079987,302.72,297.92001,299.92001,1142625.0
2009-09-18,300.0,300.56,296.32001,296.95999,889350.0
2009-09-21,288.79999,289.44,285.040009,286.79999,1651238.0
2009-09-22,294.72,296.32001,292.0,295.84,1016675.0
2009-09-23,294.39999,294.48001,280.79999,281.040009,2954400.0
2009-09-24,279.35999,279.84,270.0,271.76001,3002925.0
2009-09-25,271.35999,276.079987,269.51999,272.0,2066625.0
2009-09-28,272.0,278.0,271.67999,276.079987,1678413.0
2009-09-29,273.44,276.88,271.20001,274.48001,1591838.0
2009-09-30,276.95999,290.79999,272.56,289.51999,3105975.0
2009-10-01,290.23999,292.39999,284.32001,289.84,2923400.0
2009-10-02,283.92001,289.20001,283.12,286.95999,1861400.0
2009-10-05,283.60001,291.84,280.0,289.44,2180213.0
2009-10-06,292.0,296.0,290.0,292.32001,1837513.0
2009-10-07,292.88,294.16,283.60001,287.67999,1987163.0
2009-10-08,285.76001,298.72,285.20001,293.44,1867525.0
2009-10-09,295.040009,297.44,291.84,297.28,1513838.0
2009-10-12,302.56,303.76001,300.48001,301.51999,1235750.0
2009-10-13,304.16,306.079987,300.88,305.20001,1600375.0
2009-10-14,308.16,310.0,306.39999,308.88,1383838.0
2009-10-15,310.64001,320.88,308.72,319.28,2669938.0
2009-10-16,319.040009,323.92001,316.32001,323.60001,1963238.0
2009-10-19,322.32001,327.51999,321.44,326.079987,1573188.0
2009-10-20,326.72,326.88,320.32001,323.12,2058238.0
2009-10-21,320.72,335.35999,320.39999,330.64001,2305900.0
2009-10-22,330.32001,332.64001,326.56,331.76001,1463875.0
2009-10-23,332.23999,332.88,326.56,327.28,1364713.0
2009-10-26,330.39999,333.60001,318.88,321.040009,1731100.0
2009-10-27,322.23999,326.23999,318.23999,324.72,1633775.0
2009-10-28,322.16,323.67999,315.44,315.67999,1936350.0
2009-10-29,321.040009,329.040009,320.48001,327.20001,1518763.0
2009-10-30,324.16,325.51999,314.23999,314.56,1623113.0
2009-11-02,314.64001,321.76001,313.60001,319.76001,1428088.0
2009-11-03,315.20001,326.16,314.32001,324.95999,1604813.0
2009-11-04,328.079987,331.51999,325.12,327.92001,1881625.0
2009-11-05,327.28,329.040009,324.39999,326.39999,945375.0
2009-11-06,319.20001,322.95999,313.84,317.60001,2063125.0
2009-11-09,322.95999,327.92001,322.39999,324.0,1151338.0
2009-11-10,325.84,329.20001,318.64001,323.28,1278638.0
2009-11-11,326.39999,327.51999,321.28,324.39999,1108738.0
2009-11-12,320.72,322.23999,313.35999,314.16,1802450.0
2009-11-13,312.23999,315.67999,309.44,312.95999,1501313.0
2009-11-16,314.48001,324.72,314.23999,322.32001,1978488.0
2009-11-17,320.88,325.84,319.76001,323.84,1268700.0
2009-11-18,326.32001,328.0,321.35999,325.35999,1683763.0
2009-11-19,323.84,324.0,314.88,317.28,1647338.0
2009-11-20,312.64001,316.079987,311.60001,315.35999,1356200.0
2009-11-23,321.28,324.079987,312.95999,315.040009,1678450.0
2009-11-24,313.60001,314.56,306.64001,308.64001,1911775.0
2009-11-25,308.48001,316.64001,306.23999,316.0,1489938.0
2009-11-27,298.95999,309.51999,298.32001,308.0,1150450.0
2009-11-30,305.28,316.23999,304.79999,313.20001,1947863.0
2009-12-01,318.88,320.48001,316.56,316.95999,1361600.0
2009-12-02,316.32001,316.48001,309.12,310.72,1598150.0
2009-12-03,309.12,312.95999,306.39999,308.16,1337538.0
2009-12-04,314.32001,315.44,303.60001,306.64001,1988088.0
2009-12-07,301.12,304.64001,298.95999,299.92001,1710425.0
2009-12-08,296.72,297.76001,294.079987,294.79999,1533325.0
2009-12-09,295.51999,297.67999,284.48001,286.95999,2750188.0
2009-12-10,287.84,289.040009,282.95999,285.84,1946463.0
2009-12-11,285.12,285.44,281.76001,283.84,2210788.0
2009-12-14,284.95999,286.56,283.67999,284.64001,1507138.0
2009-12-15,286.39999,289.12,285.84,287.44,1703963.0
2009-12-16,288.64001,296.23999,288.64001,293.92001,2197063.0
2009-12-17,292.72,293.92001,288.0,290.88,1392225.0
2009-12-18,297.12,298.079987,290.39999,293.28,1773700.0
2009-12-21,295.60001,296.79999,288.95999,289.28,1203700.0
2009-12-22,290.0,295.76001,287.12,292.48001,1180275.0
2009-12-23,297.44,303.92001,297.12,301.92001,1452100.0
2009-12-24,302.88,305.92001,302.88,305.60001,408863.0
2009-12-28,311.51999,312.39999,310.079987,310.88,985988.0
2009-12-29,312.48001,312.56,308.0,310.72,822100.0
2009-12-30,311.60001,314.95999,309.67999,313.12,1176675.0
2009-12-31,315.12,315.67999,312.72,314.23999,719763.0
2010-01-04,320.32001,322.39999,318.95999,322.16,1426038.0
2010-01-05,322.0,323.60001,319.44,323.28,1306275.0
2010-01-06,322.56,329.51999,319.12,327.76001,2473725.0
2010-01-07,326.95999,328.64001,325.44,325.76001,1252963.0
2010-01-08,325.040009,329.35999,323.60001,327.44,1174188.0
2010-01-11,328.72,329.51999,323.67999,324.32001,1121988.0
2010-01-12,320.56,322.88,316.23999,317.040009,1495013.0
2010-01-13,315.20001,317.67999,309.040009,313.67999,1937838.0
2010-01-14,314.39999,315.51999,311.040009,312.48001,1071988.0
2010-01-15,311.76001,312.16,306.23999,307.20001,1576913.0
2010-01-19,304.56,311.60001,304.23999,311.44,1022538.0
2010-01-20,305.84,306.79999,303.040009,303.12,1429913.0
2010-01-21,305.76001,307.28,296.72,297.92001,1714650.0
2010-01-22,296.56,296.72,290.56,290.72,2237738.0
2010-01-25,292.0,295.92001,291.28,294.48001,1131550.0
2010-01-26,290.95999,294.64001,290.0,292.0,1138113.0
2010-01-27,292.32001,293.92001,284.88,288.64001,1850538.0
2010-01-28,290.48001,290.79999,285.92001,289.28,1448638.0
2010-01-29,291.040009,292.0,284.0,285.12,1794850.0
2010-02-01,288.16,293.84,286.16,293.76001,1305925.0
2010-02-02,294.72,303.44,294.16,300.23999,1831350.0
2010-02-03,302.79999,305.35999,300.0,301.20001,2250713.0
2010-02-04,296.95999,297.12,284.0,286.39999,2605938.0
2010-02-05,287.76001,288.39999,272.56,281.67999,3667938.0
2010-02-08,280.64001,282.95999,277.51999,280.72,1532313.0
2010-02-09,284.32001,301.76001,282.64001,289.67999,1593613.0
2010-02-10,288.72,293.60001,284.39999,292.079987,1290275.0
2010-02-11,292.64001,296.64001,287.60001,294.23999,1497450.0
2010-02-12,289.20001,290.95999,284.79999,290.48001,1570538.0
2010-02-16,297.60001,302.64001,296.64001,302.32001,1892513.0
2010-02-17,301.44,303.84,299.76001,303.76001,1291075.0
2010-02-18,307.20001,309.84,304.079987,309.84,2019650.0
2010-02-19,309.28,312.72,307.44,312.72,2112275.0
2010-02-22,313.040009,313.84,310.39999,312.23999,1423563.0
2010-02-23,309.12,309.67999,304.79999,306.64001,1408063.0
2010-02-24,307.60001,312.16,305.60001,311.92001,1246663.0
2010-02-25,302.79999,305.12,300.23999,304.88,1745050.0
2010-02-26,306.79999,311.84,306.32001,310.56,1138288.0
2010-03-01,312.39999,313.12,304.16,306.79999,1212763.0
2010-03-02,308.79999,315.35999,308.39999,310.39999,1269575.0
2010-03-03,312.56,316.48001,309.60001,315.20001,1554150.0
2010-03-04,312.64001,314.32001,310.64001,313.20001,1239588.0
2010-03-05,316.95999,319.67999,316.56,318.79999,1255713.0
2010-03-08,320.079987,320.39999,314.64001,318.32001,984788.0
2010-03-09,314.72,318.95999,314.48001,316.39999,1003800.0
2010-03-10,316.56,323.20001,314.72,319.20001,1889275.0
2010-03-11,318.72,320.39999,317.20001,320.39999,1009363.0
2010-03-12,321.28,321.92001,313.76001,316.079987,1418013.0
2010-03-15,313.040009,313.12,308.0,310.64001,1216125.0
2010-03-16,314.72,319.20001,313.92001,318.32001,1595350.0
2010-03-17,321.44,323.20001,318.16,321.84,1568913.0
2010-03-18,320.72,321.84,318.0,319.35999,946113.0
2010-03-19,313.60001,319.76001,310.79999,313.60001,1728450.0
2010-03-22,307.040009,317.040009,306.39999,316.48001,1330913.0
2010-03-23,315.12,318.64001,314.0,317.60001,695275.0
2010-03-24,311.92001,314.0,309.84,311.51999,1098813.0
2010-03-25,314.56,315.92001,311.040009,311.20001,1123363.0
2010-03-26,312.79999,312.95999,308.39999,310.64001,957463.0
2010-03-29,314.56,320.88,314.32001,319.67999,1301538.0
2010-03-30,319.20001,320.39999,317.040009,319.60001,854788.0
2010-03-31,323.20001,325.040009,319.28,322.32001,1678563.0
2010-04-01,328.079987,330.32001,327.67999,329.92001,1133750.0
2010-04-05,332.16,336.88,331.51999,336.56,956388.0
2010-04-06,335.92001,337.51999,334.64001,336.16,916538.0
2010-04-07,335.92001,336.72,331.60001,332.16,1066288.0
2010-04-08,328.95999,332.88,327.20001,331.51999,856713.0
2010-04-09,332.56,333.84,326.48001,329.35999,1130175.0
2010-04-12,328.88,331.92001,327.20001,327.44,795413.0
2010-04-13,326.95999,328.56,322.23999,327.12,1324150.0
2010-04-14,329.28,335.040009,327.51999,334.079987,1619975.0
2010-04-15,335.12,335.67999,332.0,333.67999,857750.0
2010-04-16,328.56,330.64001,322.79999,324.79999,2170825.0
2010-04-19,317.44,320.88,317.35999,320.88,1203788.0
2010-04-20,321.60001,325.44,321.20001,322.39999,857938.0
2010-04-21,323.28,324.88,318.95999,322.16,1468638.0
2010-04-22,317.76001,322.79999,314.32001,322.39999,849038.0
2010-04-23,320.23999,327.67999,319.040009,327.60001,1143813.0
2010-04-26,326.72,327.51999,322.23999,322.79999,901575.0
2010-04-27,320.79999,324.32001,314.56,314.95999,1528675.0
2010-04-28,318.16,320.56,314.64001,319.76001,1315313.0
2010-04-29,324.95999,328.64001,324.95999,328.32001,1423025.0
2010-04-30,331.35999,332.64001,327.60001,330.64001,1681200.0
2010-05-03,330.39999,335.20001,330.32001,331.67999,1042838.0
2010-05-04,325.28,325.35999,317.60001,317.60001,2063563.0
2010-05-05,305.84,313.92001,305.44,306.48001,2790738.0
2010-05-06,303.44,306.72,288.0,295.67999,3019750.0
2010-05-07,293.84,295.84,286.79999,290.48001,3110038.0
2010-05-10,298.0,300.0,292.79999,297.84,2289388.0
2010-05-11,295.44,299.040009,293.040009,294.079987,1725938.0
2010-05-12,295.12,297.60001,290.56,294.16,1615575.0
2010-05-13,290.48001,293.35999,288.64001,289.040009,2195338.0
2010-05-14,285.28,285.92001,276.0,278.48001,3031463.0
2010-05-17,275.60001,276.16,267.60001,271.040009,3232363.0
2010-05-18,276.079987,276.72,265.35999,267.76001,2968975.0
2010-05-19,266.16,269.040009,261.44,268.079987,3236213.0
2010-05-20,259.35999,262.39999,253.12,257.60001,3788038.0
2010-05-21,254.64,261.76001,253.60001,258.16,2969038.0
2010-05-24,259.20001,260.32001,256.72,257.35999,1413325.0
2010-05-25,247.84,255.12,247.44,254.8,2214625.0
2010-05-26,257.84,263.51999,257.84,260.72,2384438.0
2010-05-27,268.32001,274.64001,267.20001,274.48001,2855538.0
2010-05-28,273.51999,276.079987,268.0,272.32001,1373113.0
2010-06-01,269.20001,276.79999,265.040009,265.44,1768463.0
2010-06-02,266.88,271.67999,265.67999,270.32001,1307525.0
2010-06-03,269.20001,275.35999,265.76001,274.079987,2426550.0
2010-06-04,268.72,270.32001,260.16,261.44,1877050.0
2010-06-07,262.95999,266.32001,259.60001,260.72,1200400.0
2010-06-08,263.51999,266.0,261.12,265.51999,1334425.0
2010-06-09,271.51999,275.12,270.72,271.60001,2024813.0
2010-06-10,277.44,280.0,275.51999,278.16,1348275.0
2010-06-11,272.95999,276.72,270.079987,273.84,1211800.0
2010-06-14,277.76001,279.28,272.32001,274.64001,1074525.0
2010-06-15,277.28,281.92001,276.56,281.84,1295438.0
2010-06-16,280.56,285.84,279.12,283.92001,1397675.0
2010-06-17,284.79999,285.040009,280.079987,281.12,1066800.0
2010-06-18,279.67999,283.67999,278.72,283.28,808013.0
2010-06-21,287.76001,288.32001,280.72,282.64001,1222488.0
2010-06-22,283.12,284.88,280.0,280.0,962988.0
2010-06-23,276.64001,277.20001,271.51999,273.92001,1574688.0
2010-06-24,275.20001,276.72,272.0,275.12,1000813.0
2010-06-25,279.76001,285.67999,278.079987,285.28,1629613.0
2010-06-28,282.72,283.040009,280.72,281.67999,609725.0
2010-06-29,273.84,274.32001,271.60001,273.35999,1382363.0
2010-06-30,273.60001,276.39999,268.72,271.67999,1464750.0
2010-07-01,269.040009,269.35999,260.23999,262.95999,1742513.0
2010-07-02,263.60001,264.48001,258.56,260.79999,952450.0
2010-07-06,264.48001,266.72,258.16,260.88,1013525.0
2010-07-07,263.20001,269.35999,263.12,269.20001,1659575.0
2010-07-08,271.84,274.16,268.64001,273.84,1029125.0
2010-07-09,272.72,276.079987,271.28,274.72,805425.0
2010-07-12,272.72,274.32001,268.88,270.23999,924900.0
2010-07-13,276.0,278.72,275.92001,277.92001,955000.0
2010-07-14,276.56,281.44,275.35999,277.28,1084750.0
2010-07-15,277.51999,277.60001,271.67999,276.64001,1124588.0
2010-07-16,274.95999,275.040009,270.95999,273.28,1076263.0
2010-07-19,275.76001,279.76001,272.079987,275.67999,1031063.0
2010-07-20,273.20001,279.040009,272.56,278.56,938363.0
2010-07-21,280.72,281.040009,271.28,273.60001,1098488.0
2010-07-22,279.20001,284.48001,278.95999,283.35999,1363200.0
2010-07-23,281.92001,284.39999,281.040009,283.12,1073213.0
2010-07-26,282.32001,284.16,281.51999,282.79999,672225.0
2010-07-27,284.079987,284.079987,275.20001,277.35999,1540938.0
2010-07-28,275.51999,277.040009,271.92001,274.88,1219388.0
2010-07-29,276.48001,283.67999,276.48001,280.48001,1208575.0
2010-07-30,276.0,283.12,275.35999,282.72,890800.0
2010-08-02,289.44,292.79999,288.88,291.84,1144375.0
2010-08-03,293.51999,296.0,291.51999,295.28,1122313.0
2010-08-04,295.28,297.12,292.88,295.20001,1150800.0
2010-08-05,292.39999,294.88,292.079987,293.67999,634613.0
2010-08-06,289.92001,297.20001,286.39999,289.60001,1154200.0
2010-08-09,290.88,292.32001,289.12,292.23999,660738.0
2010-08-10,285.92001,288.95999,283.67999,286.95999,1010863.0
2010-08-11,283.35999,283.51999,277.92001,277.92001,1248225.0
2010-08-12,273.28,276.39999,270.32001,271.35999,1191875.0
2010-08-13,270.72,272.32001,268.56,270.32001,864213.0
2010-08-16,268.64001,270.23999,267.92001,268.88,795238.0
2010-08-17,272.48001,274.23999,270.23999,270.95999,813613.0
2010-08-18,267.51999,270.79999,264.23999,269.44,1658600.0
2010-08-19,269.28,269.51999,264.72,266.0,1007913.0
2010-08-20,264.079987,264.48001,261.51999,263.60001,1016713.0
2010-08-23,263.35999,265.040009,259.040009,259.44,1108825.0
2010-08-24,256.39999,257.67999,254.0,254.16,1285038.0
2010-08-25,254.24001,259.040009,252.0,258.95999,1685775.0
2010-08-26,260.0,263.35999,258.88,260.95999,1257300.0
2010-08-27,261.20001,268.56,256.48001,268.56,1743238.0
2010-08-30,265.040009,266.72,264.0,264.16,759275.0
2010-08-31,264.32001,265.92001,254.72,255.36,1878563.0
2010-09-01,259.76001,265.12,259.28,263.60001,1433925.0
2010-09-02,261.76001,267.44,260.72,267.12,935825.0
2010-09-03,267.20001,268.16,260.64001,264.72,1272075.0
2010-09-07,262.39999,265.51999,258.64001,262.16,1076038.0
2010-09-08,264.23999,268.16,262.64001,265.12,907488.0
2010-09-09,268.79999,269.84,262.79999,263.12,1030350.0
2010-09-10,267.12,270.56,265.92001,270.16,1033238.0
2010-09-13,273.51999,274.88,271.44,272.23999,927713.0
2010-09-14,272.079987,275.12,269.76001,271.12,997413.0
2010-09-15,267.51999,269.60001,266.39999,267.92001,1074263.0
2010-09-16,266.95999,267.67999,262.88,263.84,883813.0
2010-09-17,264.79999,265.44,258.72,261.20001,1199113.0
2010-09-20,262.079987,267.84,261.67999,265.76001,954075.0
2010-09-21,264.72,265.28,260.79999,261.20001,1240788.0
2010-09-22,263.84,264.79999,257.76001,260.64001,1505863.0
2010-09-23,258.39999,263.84,257.60001,261.35999,895875.0
2010-09-24,263.67999,267.51999,263.44,267.20001,1085675.0
2010-09-27,268.79999,268.88,263.51999,265.92001,830150.0
2010-09-28,265.76001,269.040009,263.67999,265.51999,798163.0
2010-09-29,265.51999,272.64001,263.84,271.51999,1315563.0
2010-09-30,275.84,279.67999,273.51999,278.72,1680425.0
2010-10-01,282.79999,285.040009,280.72,285.040009,1770588.0
2010-10-04,285.76001,287.44,283.60001,284.72,1232088.0
2010-10-05,287.20001,289.51999,285.76001,288.72,1567163.0
2010-10-06,288.88,293.35999,287.51999,290.23999,1317875.0
2010-10-07,292.79999,292.88,282.64001,283.67999,1371150.0
2010-10-08,284.95999,289.84,284.39999,289.20001,974925.0
2010-10-11,286.79999,288.72,284.79999,284.79999,575063.0
2010-10-12,286.72,286.88,283.040009,285.20001,900250.0
2010-10-13,288.56,290.88,287.92001,289.28,713588.0
2010-10-14,288.79999,292.32001,286.72,288.0,878350.0
2010-10-15,288.16,288.79999,281.51999,283.76001,1048113.0
2010-10-18,284.79999,290.23999,283.84,290.23999,1029438.0
2010-10-19,281.76001,284.23999,276.48001,276.95999,1828638.0
2010-10-20,277.60001,285.44,277.51999,284.72,1218988.0
2010-10-21,283.28,285.12,276.88,278.79999,1138513.0
2010-10-22,281.040009,283.92001,278.79999,283.92001,877863.0
2010-10-25,286.88,287.84,281.60001,284.56,945250.0
2010-10-26,283.60001,286.56,282.95999,285.44,613125.0
2010-10-27,282.48001,283.84,278.32001,283.35999,1026613.0
2010-10-28,285.28,285.35999,281.76001,283.12,643800.0
2010-10-29,282.23999,283.20001,278.48001,281.35999,754925.0
2010-11-01,289.12,289.60001,285.76001,286.48001,1081375.0
2010-11-02,290.079987,291.44,288.72,290.16,890288.0
2010-11-03,291.67999,295.040009,288.95999,293.92001,1653200.0
2010-11-04,298.48001,300.16,296.72,299.92001,1467550.0
2010-11-05,299.20001,301.20001,297.20001,301.20001,977800.0
2010-11-08,299.44,301.20001,297.12,300.23999,1108375.0
2010-11-09,302.16,302.48001,295.35999,296.39999,1341425.0
2010-11-10,300.56,304.48001,298.88,304.32001,1945975.0
2010-11-11,303.20001,304.32001,302.079987,302.72,1106150.0
2010-11-12,298.079987,299.28,291.76001,291.76001,1769275.0
2010-11-15,294.79999,295.35999,291.44,292.0,958938.0
2010-11-16,288.56,288.95999,283.44,283.60001,1862513.0
2010-11-17,282.56,284.88,276.88,277.84,2889638.0
2010-11-18,282.23999,284.64001,280.64001,284.0,1548025.0
2010-11-19,281.20001,282.0,278.32001,281.76001,953150.0
2010-11-22,280.0,280.79999,276.88,280.39999,932000.0
2010-11-23,277.92001,281.28,276.39999,279.60001,1357575.0
2010-11-24,280.079987,288.64001,279.040009,288.64001,1282588.0
2010-11-26,286.39999,287.76001,285.84,287.76001,290550.0
2010-11-29,289.84,294.48001,286.88,294.23999,1231913.0
2010-11-30,290.64001,293.67999,288.32001,288.32001,893213.0
2010-12-01,293.60001,298.32001,289.60001,297.60001,1192538.0
2010-12-02,297.12,302.39999,296.72,302.16,871863.0
2010-12-03,301.28,307.12,300.64001,306.48001,1333225.0
2010-12-06,306.16,307.60001,304.16,305.76001,749538.0
2010-12-07,309.76001,309.92001,302.32001,302.39999,957588.0
2010-12-08,303.84,305.35999,299.84,303.67999,952100.0
2010-12-09,303.92001,305.51999,301.040009,303.51999,950388.0
2010-12-10,303.67999,304.0,299.040009,301.28,671688.0
2010-12-13,306.0,306.88,301.51999,303.12,714738.0
2010-12-14,302.72,305.28,301.44,303.20001,554350.0
2010-12-15,300.23999,305.92001,300.23999,303.92001,994550.0
2010-12-16,303.76001,304.39999,301.44,302.16,687625.0
2010-12-17,302.16,304.32001,301.44,302.48001,842250.0
2010-12-20,303.20001,305.60001,299.35999,304.39999,694113.0
2010-12-21,305.12,306.95999,304.32001,306.32001,529850.0
2010-12-22,308.079987,309.92001,307.44,309.12,637263.0
2010-12-23,308.95999,312.64001,308.79999,311.84,549375.0
2010-12-27,310.39999,311.35999,308.79999,309.67999,480525.0
2010-12-28,311.51999,312.23999,310.23999,311.28,497800.0
2010-12-29,311.60001,311.92001,310.39999,310.56,388438.0
2010-12-30,307.60001,308.56,303.67999,304.95999,899013.0
2010-12-31,304.079987,314.0,303.76001,312.0,978450.0
2011-01-03,314.72,315.84,312.0,312.39999,607838.0
2011-01-04,312.0,312.079987,301.51999,304.64001,1758150.0
2011-01-05,302.39999,309.76001,300.64001,308.16,1582125.0
2011-01-06,306.48001,306.56,299.60001,301.44,1399413.0
2011-01-07,303.44,304.88,297.44,301.35999,1025713.0
2011-01-10,304.64001,306.0,302.39999,305.35999,980450.0
2011-01-11,307.35999,311.12,305.67999,311.040009,883925.0
2011-01-12,312.32001,314.16,311.040009,311.92001,933125.0
2011-01-13,312.0,313.51999,308.79999,309.20001,800413.0
2011-01-14,308.079987,311.60001,307.51999,311.35999,762175.0
2011-01-18,307.92001,312.0,307.84,309.84,718000.0
2011-01-19,311.76001,311.76001,307.51999,308.32001,811050.0
2011-01-20,302.0,302.88,298.23999,300.56,1706900.0
2011-01-21,300.79999,302.0,298.79999,300.079987,1025725.0
2011-01-24,295.20001,296.72,293.35999,295.44,1337175.0
2011-01-25,291.76001,292.23999,289.44,290.16,1207738.0
2011-01-26,290.32001,294.88,288.39999,294.79999,1378350.0
2011-01-27,292.79999,293.67999,287.44,287.51999,1232088.0
2011-01-28,290.0,301.67999,289.84,300.64001,3782888.0
2011-01-31,298.23999,312.079987,298.0,308.88,3422113.0
2011-02-01,309.35999,310.72,304.0,304.56,2034363.0
2011-02-02,304.88,308.48001,302.79999,305.44,1462100.0
2011-02-03,306.23999,307.12,302.48001,304.72,1053413.0
2011-02-04,307.040009,307.51999,297.28,298.72,2158938.0
2011-02-07,297.67999,298.95999,293.28,293.28,1369588.0
2011-02-08,291.040009,296.16,290.23999,293.12,2169475.0
2011-02-09,293.20001,295.35999,290.32001,292.0,1278013.0
2011-02-10,290.39999,294.88,290.079987,292.32001,1690075.0
2011-02-11,290.23999,292.16,286.95999,288.39999,1839125.0
2011-02-14,289.51999,292.32001,286.23999,287.040009,1743525.0
2011-02-15,287.84,288.16,281.76001,283.12,1365950.0
2011-02-16,285.20001,287.20001,281.67999,284.23999,2396188.0
2011-02-17,284.23999,288.64001,284.079987,288.48001,1642213.0
2011-02-18,291.040009,294.16,287.20001,290.88,2012000.0
2011-02-22,312.39999,312.39999,302.32001,307.92001,4715688.0
2011-02-23,312.0,323.28,310.79999,318.39999,5812038.0
2011-02-24,322.0,324.79999,309.28,311.76001,6136450.0
2011-02-25,314.95999,318.39999,312.48001,317.44,2203313.0
2011-02-28,315.60001,317.76001,312.79999,313.51999,1713025.0
2011-03-01,316.16,324.23999,315.84,323.84,2730763.0
2011-03-02,325.20001,331.20001,321.92001,331.12,3260325.0
2011-03-03,327.35999,330.64001,323.92001,329.44,2316225.0
2011-03-04,333.84,339.35999,332.56,338.64001,3464438.0
2011-03-07,342.0,342.64001,338.0,338.95999,3250138.0
2011-03-08,340.56,340.79999,335.28,338.48001,2495288.0
2011-03-09,341.28,341.60001,336.16,336.39999,2142625.0
2011-03-10,334.079987,337.20001,325.76001,331.20001,3843250.0
2011-03-11,323.28,328.16,322.88,325.51999,3365238.0
2011-03-14,325.040009,327.60001,322.23999,327.28,1597775.0
2011-03-15,315.040009,320.23999,313.20001,315.12,3371613.0
2011-03-16,317.35999,321.51999,313.60001,317.44,3139538.0
2011-03-17,322.88,329.20001,321.67999,325.51999,1889975.0
2011-03-18,324.88,328.079987,322.95999,327.76001,3311925.0
2011-03-21,330.16,331.67999,328.079987,329.040009,1596588.0
2011-03-22,328.56,336.23999,327.60001,335.44,2061925.0
2011-03-23,336.88,340.0,335.92001,336.88,2006263.0
2011-03-24,338.23999,340.32001,334.88,336.39999,1573688.0
2011-03-25,335.76001,338.64001,334.0,337.44,1554963.0
2011-03-28,331.51999,335.28,331.35999,331.35999,1530250.0
2011-03-29,331.92001,335.60001,330.56,334.64001,985813.0
2011-03-30,333.51999,336.16,330.64001,333.28,871988.0
2011-03-31,339.44,341.44,337.60001,340.79999,1651488.0
2011-04-01,341.76001,345.67999,339.84,345.35999,1877400.0
2011-04-04,344.95999,347.12,344.0,346.079987,1277363.0
2011-04-05,344.95999,347.12,344.079987,344.79999,1228700.0
2011-04-06,346.95999,348.72,344.95999,346.95999,1359313.0
2011-04-07,347.92001,352.88,346.39999,351.92001,1181238.0
2011-04-08,355.51999,361.60001,354.64001,361.20001,1566913.0
2011-04-11,358.32001,359.040009,348.64001,349.12,1811475.0
2011-04-12,345.92001,346.0,337.35999,338.39999,2267438.0
2011-04-13,341.44,343.60001,336.79999,342.0,1737775.0
2011-04-14,341.60001,346.79999,340.95999,346.23999,1232000.0
2011-04-15,344.72,351.67999,343.60001,349.67999,1409050.0
2011-04-18,345.28,345.51999,340.39999,343.040009,1353313.0
2011-04-19,340.95999,346.64001,340.0,343.60001,958600.0
2011-04-20,347.67999,354.79999,346.88,353.76001,1559825.0
2011-04-21,353.51999,357.12,352.72,356.56,822338.0
2011-04-25,358.95999,359.12,352.95999,356.23999,830038.0
2011-04-26,355.51999,357.60001,354.32001,355.84,725000.0
2011-04-27,356.56,360.32001,351.76001,360.16,1545713.0
2011-04-28,358.48001,362.079987,354.88,358.64001,1435813.0
2011-04-29,359.20001,362.79999,357.67999,361.20001,838863.0
2011-05-02,359.92001,364.79999,359.35999,359.44,1527363.0
2011-05-03,358.079987,358.64001,350.39999,352.64001,2006300.0
2011-05-04,351.35999,352.079987,344.64001,346.079987,1802538.0
2011-05-05,335.92001,336.39999,312.16,314.56,7612500.0
2011-05-06,313.92001,325.20001,308.0,310.95999,5262113.0
2011-05-09,315.28,328.32001,314.23999,326.95999,2771163.0
2011-05-10,321.76001,330.079987,319.84,328.64001,1925713.0
2011-05-11,325.35999,325.51999,309.76001,314.79999,3534950.0
2011-05-12,309.67999,318.95999,304.95999,314.23999,3776275.0
2011-05-13,314.16,316.88,308.23999,315.51999,2574263.0
2011-05-16,314.079987,316.16,307.60001,308.079987,1908113.0
2011-05-17,306.0,308.88,301.76001,308.39999,2480788.0
2011-05-18,313.35999,320.23999,311.76001,316.0,1951563.0
2011-05-19,316.48001,318.39999,311.51999,312.56,1713400.0
2011-05-20,311.51999,317.040009,304.23999,315.76001,2695300.0
2011-05-23,306.48001,309.84,304.23999,307.76001,2125000.0
2011-05-24,314.079987,316.0,309.20001,314.23999,1678688.0
2011-05-25,311.76001,320.79999,311.60001,319.44,2450625.0
2011-05-26,318.72,319.92001,314.56,316.79999,1549638.0
2011-05-27,318.0,318.79999,316.0,317.67999,944713.0
2011-05-31,325.28,325.92001,321.67999,324.0,1289788.0
2011-06-01,324.32001,324.48001,315.44,316.16,1554838.0
2011-06-02,317.35999,318.56,310.88,317.44,1962625.0
2011-06-03,311.44,317.76001,310.79999,317.28,1494163.0
2011-06-06,315.20001,315.60001,311.12,312.0,1375575.0
2011-06-07,311.84,314.72,308.56,312.39999,1154825.0
2011-06-08,314.79999,321.60001,314.79999,318.79999,2270475.0
2011-06-09,320.0,323.20001,318.079987,321.12,1108750.0
2011-06-10,316.64001,316.88,311.28,312.56,1447813.0
2011-06-13,309.76001,312.39999,303.60001,306.079987,1592013.0
2011-06-14,307.040009,313.60001,307.040009,312.79999,1052950.0
2011-06-15,311.67999,315.12,296.56,300.64001,2538400.0
2011-06-16,299.76001,300.95999,297.60001,299.35999,1314550.0
2011-06-17,294.0,296.23999,289.60001,293.040009,1662613.0
2011-06-20,291.92001,294.56,290.64001,293.76001,854000.0
2011-06-21,295.51999,297.76001,291.60001,294.32001,1221725.0
2011-06-22,295.76001,300.39999,295.28,296.79999,1117313.0
2011-06-23,286.0,288.88,281.67999,288.079987,3160463.0
2011-06-24,285.51999,287.040009,281.92001,286.48001,1497338.0
2011-06-27,282.64001,286.32001,281.12,285.12,912338.0
2011-06-28,287.040009,291.67999,285.51999,291.35999,1219063.0
2011-06-29,291.84,300.79999,291.51999,297.84,1981775.0
2011-06-30,297.84,300.72,294.64001,297.92001,1228713.0
2011-07-01,295.76001,299.35999,293.28,297.20001,1261250.0
2011-07-05,301.76001,305.84,301.040009,303.67999,1098488.0
2011-07-06,303.84,305.12,301.44,303.12,947038.0
2011-07-07,308.95999,311.84,307.35999,308.88,1710113.0
2011-07-08,304.079987,304.72,300.0,302.39999,1151125.0
2011-07-11,298.23999,301.040009,295.44,298.32001,1062188.0
2011-07-12,297.20001,305.76001,295.84,303.44,1397275.0
2011-07-13,304.16,310.95999,302.64001,306.79999,1326188.0
2011-07-14,309.44,310.0,296.48001,300.39999,1365400.0
2011-07-15,302.56,306.23999,302.39999,305.040009,1214825.0
2011-07-18,301.60001,301.84,296.79999,300.72,1072438.0
2011-07-19,305.28,308.95999,304.95999,306.0,985175.0
2011-07-20,308.16,308.95999,302.56,307.20001,916038.0
2011-07-21,308.72,312.64001,307.67999,309.76001,1131488.0
2011-07-22,308.64001,312.72,308.0,311.44,623650.0
2011-07-25,308.0,311.44,307.67999,309.44,500625.0
2011-07-26,308.32001,314.0,305.12,310.48001,1130375.0
2011-07-27,307.60001,307.92001,303.44,303.76001,1307450.0
2011-07-28,304.16,305.92001,302.23999,303.28,637775.0
2011-07-29,298.23999,300.72,297.60001,299.35999,1154575.0
2011-08-01,307.12,307.76001,291.67999,297.60001,1693450.0
2011-08-02,294.72,298.64001,290.72,291.20001,1312188.0
2011-08-03,291.51999,291.76001,284.72,286.88,1776650.0
2011-08-04,284.95999,285.20001,268.64001,269.84,3415875.0
2011-08-05,272.0,274.56,263.20001,271.60001,2794350.0
2011-08-08,260.39999,263.92001,250.24001,252.080002,3487925.0
2011-08-09,255.75999,258.64001,242.48,252.96001,3901175.0
2011-08-10,251.92,259.35999,248.24001,254.24001,3024450.0
2011-08-11,257.84,268.079987,255.44,266.39999,2704725.0
2011-08-12,270.79999,272.48001,265.040009,265.84,1436288.0
2011-08-15,269.28,274.32001,269.12,273.76001,1308450.0
2011-08-16,269.76001,273.76001,267.60001,270.64001,1607850.0
2011-08-17,275.28,277.040009,271.20001,272.079987,1729800.0
2011-08-18,264.16,264.72,252.48,253.75999,2415463.0
2011-08-19,251.75999,260.16,251.60001,256.95999,2069425.0
2011-08-22,261.76001,263.35999,254.8,261.76001,1795238.0
2011-08-23,263.12,268.32001,259.040009,267.35999,2177075.0
2011-08-24,266.0,268.88,263.12,264.64001,1613138.0
2011-08-25,267.67999,268.95999,257.92001,263.76001,1458750.0
2011-08-26,262.23999,266.0,257.67999,265.20001,1786850.0
2011-08-29,271.76001,272.16,269.51999,271.67999,878963.0
2011-08-30,271.84,277.040009,269.76001,275.51999,1170488.0
2011-08-31,274.64001,278.079987,273.92001,276.079987,1180913.0
2011-09-01,275.84,279.12,274.64001,275.76001,1069813.0
2011-09-02,266.95999,271.51999,265.35999,269.12,1486263.0
2011-09-06,260.95999,268.88,260.79999,268.72,1113663.0
2011-09-07,272.16,278.56,271.51999,277.51999,1347688.0
2011-09-08,277.20001,280.0,275.12,275.67999,1162363.0
2011-09-09,269.51999,271.76001,266.0,270.79999,1362850.0
2011-09-12,269.51999,275.92001,268.39999,275.35999,1212250.0
2011-09-13,276.95999,280.64001,275.20001,278.79999,1215288.0
2011-09-14,277.92001,278.64001,273.44,274.72,1371700.0
2011-09-15,277.84,279.67999,276.23999,276.79999,1128550.0
2011-09-16,277.20001,277.60001,270.16,273.12,1305113.0
2011-09-19,266.079987,267.67999,263.12,266.32001,1082425.0
2011-09-20,266.64001,271.51999,265.60001,267.44,957788.0
2011-09-21,267.92001,272.48001,263.28,263.35999,1527750.0
2011-09-22,251.2,254.64,246.8,249.039993,2741138.0
2011-09-23,245.52,250.39999,244.72,248.72,1998513.0
2011-09-26,245.67999,252.0,241.84,251.75999,1327050.0
2011-09-27,256.95999,262.64001,256.64001,258.95999,1557575.0
2011-09-28,259.040009,259.92001,249.36,250.0,1605725.0
2011-09-29,257.12,260.079987,253.28,255.75999,1721075.0
2011-09-30,248.72,252.56,243.67999,243.92,1956825.0
2011-10-03,240.080002,246.56,237.67999,237.92,2077275.0
2011-10-04,235.2,241.44,232.8,239.28,2407575.0
2011-10-05,240.48,247.2,238.24001,246.72,2471875.0
2011-10-06,245.92,256.64001,244.96001,255.84,1749313.0
2011-10-07,257.76001,259.35999,251.92,256.32001,1969875.0
2011-10-10,261.84,266.39999,261.44,265.92001,1426413.0
2011-10-11,262.79999,268.23999,261.20001,264.079987,1523075.0
2011-10-12,265.76001,267.60001,263.12,263.35999,930425.0
2011-10-13,260.64001,263.92001,257.51999,261.20001,1275550.0
2011-10-14,269.28,270.95999,266.64001,270.95999,1035188.0
2011-10-17,268.39999,269.35999,266.0,267.44,814338.0
2011-10-18,269.040009,275.60001,265.12,273.20001,1282513.0
2011-10-19,273.20001,277.040009,265.76001,266.48001,1324513.0
2011-10-20,265.92001,267.51999,260.16,266.64001,1495313.0
2011-10-21,271.35999,274.48001,268.32001,270.79999,1140925.0
2011-10-24,272.32001,283.76001,272.16,283.040009,2074325.0
2011-10-25,288.32001,291.92001,284.88,286.39999,2940038.0
2011-10-26,286.72,287.12,278.0,280.48001,2241438.0
2011-10-27,288.079987,291.040009,285.84,289.67999,1520713.0
2011-10-28,285.28,289.92001,284.72,288.23999,1023088.0
2011-10-31,283.67999,288.79999,282.16,285.92001,1201075.0
2011-11-01,277.040009,284.88,276.32001,281.60001,1941700.0
2011-11-02,288.48001,289.28,283.28,285.35999,1282300.0
2011-11-03,289.040009,292.16,285.76001,290.56,1359213.0
2011-11-04,290.39999,291.84,286.88,291.67999,1222525.0
2011-11-07,293.84,296.72,291.76001,296.72,2039600.0
2011-11-08,298.079987,299.51999,295.35999,299.44,1358800.0
2011-11-09,294.79999,302.0,291.92001,296.0,2530225.0
2011-11-10,300.88,303.60001,297.60001,301.76001,1540038.0
2011-11-11,302.88,306.079987,302.88,305.67999,1187588.0
2011-11-14,303.60001,304.39999,300.56,302.88,1095575.0
2011-11-15,304.95999,308.56,304.079987,307.44,1679950.0
2011-11-16,314.79999,317.92001,312.56,314.72,2814250.0
2011-11-17,312.56,313.76001,303.92001,305.84,2386913.0
2011-11-18,307.040009,307.44,298.79999,302.56,1540513.0
2011-11-21,299.28,301.35999,294.32001,300.72,1604513.0
2011-11-22,301.76001,304.95999,298.64001,302.56,1138625.0
2011-11-23,296.95999,299.76001,294.64001,297.28,1434163.0
2011-11-25,296.64001,301.12,295.67999,297.28,575613.0
2011-11-28,306.48001,307.040009,300.16,302.79999,1404950.0
2011-11-29,305.44,309.35999,304.32001,308.39999,2251888.0
2011-11-30,312.48001,314.0,309.67999,310.23999,2405613.0
2011-12-01,309.28,312.64001,305.44,308.88,1174113.0
2011-12-02,311.040009,312.72,308.23999,312.23999,1166438.0
2011-12-05,315.76001,316.0,309.67999,312.079987,1096500.0
2011-12-06,311.12,313.28,309.92001,312.0,1107938.0
2011-12-07,312.56,313.20001,307.92001,310.48001,1054288.0
2011-12-08,308.16,309.20001,301.76001,302.23999,1398388.0
2011-12-09,302.23999,308.079987,301.60001,308.0,825500.0
2011-12-12,303.67999,303.92001,301.35999,303.040009,818825.0
2011-12-13,304.56,312.72,304.56,308.88,2517288.0
2011-12-14,299.20001,300.64001,291.040009,293.28,2901813.0
2011-12-15,295.20001,295.51999,288.39999,289.040009,1577088.0
2011-12-16,289.44,292.0,285.84,290.16,1572350.0
2011-12-19,291.12,291.60001,287.44,289.60001,927275.0
2011-12-20,298.39999,300.88,297.76001,300.48001,1255200.0
2011-12-21,301.35999,305.92001,300.16,304.88,1341000.0
2011-12-22,306.16,308.39999,305.67999,306.23999,672100.0
2011-12-23,307.76001,308.88,306.95999,307.92001,270275.0
2011-12-27,307.92001,313.67999,307.67999,312.48001,979263.0
2011-12-28,311.040009,311.12,305.51999,306.72,706788.0
2011-12-29,307.12,307.67999,302.95999,307.28,1115538.0
2011-12-30,304.79999,307.92001,303.92001,304.88,514288.0
2012-01-03,313.92001,318.0,313.92001,317.51999,1546238.0
2012-01-04,316.0,319.67999,315.040009,318.16,1726600.0
2012-01-05,315.92001,318.79999,312.95999,313.35999,1474950.0
2012-01-06,315.12,315.12,310.88,313.76001,1220075.0
2012-01-09,312.88,313.12,308.48001,312.64001,938663.0
2012-01-10,316.56,317.84,314.64001,314.72,882788.0
2012-01-11,312.72,314.48001,309.92001,311.35999,1107638.0
2012-01-12,314.32001,317.28,303.60001,304.48001,2293825.0
2012-01-13,303.20001,305.67999,301.12,305.28,1408650.0
2012-01-17,308.72,310.72,306.48001,310.32001,1271813.0
2012-01-18,311.040009,312.23999,307.51999,310.64001,1556900.0
2012-01-19,312.64001,312.88,307.76001,309.51999,1315213.0
2012-01-20,305.35999,305.60001,301.44,302.23999,1650700.0
2012-01-23,304.16,308.16,303.67999,307.12,1058813.0
2012-01-24,302.39999,305.60001,302.0,304.79999,808288.0
2012-01-25,302.56,308.64001,299.92001,306.79999,1774825.0
2012-01-26,311.51999,311.67999,305.12,306.95999,881725.0
2012-01-27,306.23999,309.35999,304.72,306.39999,905850.0
2012-01-30,303.44,306.23999,302.64001,304.079987,668700.0
2012-01-31,310.64001,310.72,300.88,302.56,1210913.0
2012-02-01,305.040009,305.84,298.79999,299.040009,1295413.0
2012-02-02,297.28,298.56,293.44,297.040009,1146975.0
2012-02-03,297.92001,301.35999,296.56,300.72,1430913.0
2012-02-06,298.64001,300.23999,297.040009,298.64001,765763.0
2012-02-07,296.56,304.64001,296.32001,303.60001,1279625.0
2012-02-08,306.88,307.51999,301.51999,304.32001,1130725.0
2012-02-09,307.12,307.84,305.20001,306.64001,582938.0
2012-02-10,300.39999,304.16,300.079987,304.16,751075.0
2012-02-13,308.079987,310.32001,305.20001,309.51999,1801000.0
2012-02-14,312.48001,312.79999,308.079987,310.72,1052325.0
2012-02-15,312.48001,313.44,310.95999,313.44,1107075.0
2012-02-16,312.23999,315.20001,311.44,314.23999,795000.0
2012-02-17,317.67999,318.0,315.44,318.0,986850.0
2012-02-21,321.040009,325.92001,320.32001,324.64001,1423688.0
2012-02-22,324.0,326.64001,323.44,324.72,1106025.0
2012-02-23,324.48001,331.28,322.79999,330.95999,1214988.0
2012-02-24,332.79999,336.56,330.39999,336.079987,1503988.0
2012-02-27,332.23999,334.79999,328.23999,329.44,1417188.0
2012-02-28,330.95999,332.88,325.28,326.32001,1242913.0
2012-02-29,326.79999,328.56,320.79999,327.35999,2474675.0
2012-03-01,329.12,338.39999,326.56,334.0,3071988.0
2012-03-02,330.23999,330.56,323.84,326.16,1930275.0
2012-03-05,327.44,327.92001,324.56,327.76001,924863.0
2012-03-06,320.79999,323.20001,319.76001,321.040009,1261475.0
2012-03-07,320.23999,325.92001,319.28,324.88,1109288.0
2012-03-08,325.44,328.0,323.84,326.56,911325.0
2012-03-09,326.48001,330.88,325.92001,328.72,935900.0
2012-03-12,324.48001,326.079987,322.39999,325.60001,645075.0
2012-03-13,324.64001,328.48001,323.51999,326.64001,893375.0
2012-03-14,325.35999,327.51999,321.76001,323.28,1092875.0
2012-03-15,323.28,324.48001,317.60001,322.23999,3414350.0
2012-03-16,323.44,329.35999,322.72,328.23999,1076550.0
2012-03-19,329.51999,331.040009,328.48001,330.32001,724188.0
2012-03-20,326.23999,326.39999,321.84,323.44,1215913.0
2012-03-21,324.23999,327.76001,323.44,325.28,1052400.0
2012-03-22,319.20001,321.44,318.23999,321.12,1327450.0
2012-03-23,321.67999,329.67999,320.32001,325.51999,2200050.0
2012-03-26,325.67999,326.72,324.64001,326.16,543525.0
2012-03-27,326.79999,328.0,324.32001,325.67999,932513.0
2012-03-28,321.040009,321.60001,318.79999,321.51999,1227575.0
2012-03-29,320.23999,320.95999,310.95999,314.32001,1600488.0
2012-03-30,315.040009,317.040009,312.95999,313.84,735475.0
2012-04-02,311.44,321.040009,311.040009,320.23999,959613.0
2012-04-03,319.60001,320.16,315.44,317.28,628650.0
2012-04-04,312.95999,313.84,307.76001,310.72,1086675.0
2012-04-05,309.84,314.79999,309.67999,314.079987,532288.0
2012-04-09,308.48001,312.32001,306.88,311.76001,715500.0
2012-04-10,311.040009,313.35999,306.48001,308.079987,825250.0
2012-04-11,309.44,313.84,308.56,312.079987,1029088.0
2012-04-12,313.20001,317.12,313.040009,315.51999,724200.0
2012-04-13,314.0,314.64001,312.16,313.20001,508963.0
2012-04-16,313.040009,314.48001,309.84,313.44,720338.0
2012-04-17,318.64001,319.12,316.32001,317.12,675913.0
2012-04-18,315.76001,316.56,310.88,312.39999,641925.0
2012-04-19,312.32001,313.12,309.35999,311.67999,689088.0
2012-04-20,316.079987,316.88,312.95999,315.12,670525.0
2012-04-23,309.84,312.39999,308.39999,312.23999,693913.0
2012-04-24,314.95999,315.12,312.079987,313.35999,517850.0
2012-04-25,314.64001,316.72,312.32001,315.28,1070063.0
2012-04-26,315.51999,317.76001,315.040009,316.23999,669163.0
2012-04-27,316.39999,318.0,315.040009,316.95999,480638.0
2012-04-30,315.44,318.48001,314.95999,317.44,609150.0
2012-05-01,317.040009,322.32001,317.040009,321.20001,757450.0
2012-05-02,320.079987,320.48001,317.67999,319.12,713513.0
2012-05-03,315.44,315.51999,310.0,310.64001,1134963.0
2012-05-04,302.72,303.92001,295.35999,298.32001,2510975.0
2012-05-07,294.88,297.28,292.0,296.39999,1345650.0
2012-05-08,293.84,295.20001,289.20001,294.95999,1337388.0
2012-05-09,289.92001,293.28,288.23999,292.16,1426500.0
2012-05-10,294.88,295.76001,292.39999,292.88,593325.0
2012-05-11,290.16,294.16,289.92001,290.079987,563388.0
2012-05-14,285.67999,287.84,284.23999,284.88,657463.0
2012-05-15,286.39999,287.76001,281.76001,282.23999,784375.0
2012-05-16,281.51999,285.12,279.51999,280.39999,1330638.0
2012-05-17,283.040009,283.60001,278.88,280.32001,721625.0
2012-05-18,279.12,280.32001,275.44,275.44,901425.0
2012-05-21,277.44,281.51999,276.79999,281.20001,692525.0
2012-05-22,279.28,280.0,275.12,275.84,660525.0
2012-05-23,275.35999,275.67999,269.28,272.72,1162500.0
2012-05-24,274.32001,276.0,272.0,274.079987,896475.0
2012-05-25,273.67999,274.95999,273.28,273.76001,387750.0
2012-05-29,276.23999,278.079987,272.23999,273.84,777938.0
2012-05-30,268.16,268.32001,263.44,264.16,909888.0
2012-05-31,264.32001,264.72,258.95999,260.88,1363000.0
2012-06-01,253.60001,254.96001,248.24001,251.44,1827250.0
2012-06-04,250.72,254.48,249.84,254.080002,1482438.0
2012-06-05,252.88,254.64,252.48,254.080002,928925.0
2012-06-06,256.72,260.079987,255.60001,257.20001,1311325.0
2012-06-07,262.16,262.39999,252.88,253.75999,1021538.0
2012-06-08,249.52,255.2,249.039993,254.39999,1111950.0
2012-06-11,255.2,255.2,245.36,245.60001,1247625.0
2012-06-12,250.56,252.32001,248.96001,251.36,846613.0
2012-06-13,248.32001,253.2,247.67999,248.8,891650.0
2012-06-14,249.52,254.39999,248.32001,253.84,617663.0
2012-06-15,253.12,254.32001,251.60001,253.039993,610325.0
2012-06-18,248.16,252.88,247.44,250.56,693825.0
2012-06-19,253.92,254.48,251.92,253.44,915438.0
2012-06-20,252.39999,252.64,242.88,243.92,2736163.0
2012-06-21,242.39999,243.2,234.48,235.67999,2307575.0
2012-06-22,236.56,241.44,235.60001,240.8,1278888.0
2012-06-25,237.44,238.72,234.39999,238.39999,1082275.0
2012-06-26,238.32001,239.28,235.44,238.48,862200.0
2012-06-27,240.96001,242.96001,239.60001,241.60001,1166500.0
2012-06-28,239.52,240.16,232.16,236.0,1760075.0
2012-06-29,246.080002,256.23999,244.48,254.64,2551700.0
2012-07-02,251.44,253.60001,246.56,251.44,2193838.0
2012-07-03,261.51999,264.32001,260.32001,263.51999,1744875.0
2012-07-05,261.51999,264.64001,259.76001,260.95999,1239488.0
2012-07-06,254.16,255.92,252.39999,252.72,1196738.0
2012-07-09,253.67999,259.67999,253.28,257.35999,836713.0
2012-07-10,257.20001,257.35999,251.2,252.16,1024375.0
2012-07-11,255.60001,259.60001,254.24001,258.64001,1541913.0
2012-07-12,254.72,259.28,252.96001,257.60001,948850.0
2012-07-13,259.12,262.95999,259.12,261.44,615313.0
2012-07-16,262.39999,265.60001,260.72,264.95999,856525.0
2012-07-17,267.20001,268.32001,262.39999,267.040009,1149763.0
2012-07-18,267.84,270.0,267.040009,269.51999,870763.0
2012-07-19,273.92001,278.72,273.67999,277.12,1486100.0
2012-07-20,273.28,275.35999,271.67999,273.60001,1055038.0
2012-07-23,264.16,268.23999,262.64001,264.0,1222400.0
2012-07-24,264.79999,266.16,262.79999,265.20001,1046813.0
2012-07-25,264.79999,267.040009,259.60001,265.67999,1106275.0
2012-07-26,269.20001,270.0,266.16,267.28,704875.0
2012-07-27,268.079987,270.32001,267.040009,269.35999,727075.0
2012-07-30,268.79999,269.92001,266.95999,267.60001,649625.0
2012-07-31,267.60001,268.079987,261.20001,261.44,1135413.0
2012-08-01,264.23999,267.28,262.72,265.35999,1111963.0
2012-08-02,260.79999,264.32001,259.67999,260.79999,1036525.0
2012-08-03,268.23999,274.079987,267.76001,272.56,1484950.0
2012-08-06,271.60001,275.84,271.20001,275.35999,836700.0
2012-08-07,277.12,282.0,276.32001,279.28,848038.0
2012-08-08,280.23999,282.95999,277.60001,278.95999,756950.0
2012-08-09,279.67999,281.35999,278.39999,279.44,354563.0
2012-08-10,275.84,278.95999,274.72,278.79999,439038.0
2012-08-13,279.67999,280.0,275.040009,277.28,512100.0
2012-08-14,279.12,280.72,277.76001,279.35999,536425.0
2012-08-15,277.51999,283.60001,277.44,281.51999,976413.0
2012-08-16,282.64001,286.079987,281.35999,284.48001,893438.0
2012-08-17,286.079987,287.60001,284.16,287.60001,641338.0
2012-08-20,286.56,287.040009,283.92001,286.64001,661500.0
2012-08-21,290.64001,291.35999,287.44,287.84,868713.0
2012-08-22,287.76001,290.39999,287.28,289.76001,897113.0
2012-08-23,290.79999,291.60001,285.20001,286.079987,1219388.0
2012-08-24,287.44,289.35999,284.88,285.44,535225.0
2012-08-27,283.60001,284.95999,281.12,284.88,926350.0
2012-08-28,285.84,287.20001,284.16,286.32001,698438.0
2012-08-29,285.92001,285.92001,282.16,283.040009,954188.0
2012-08-30,283.28,283.60001,279.76001,282.079987,642013.0
2012-08-31,286.95999,288.64001,282.64001,287.12,1034725.0
2012-09-04,287.67999,287.84,282.79999,284.079987,824138.0
2012-09-05,283.76001,284.72,280.72,284.56,853275.0
2012-09-06,287.92001,290.88,281.84,281.84,1577913.0
2012-09-07,283.76001,288.0,280.079987,287.040009,1304588.0
2012-09-10,285.12,287.76001,284.32001,286.79999,537350.0
2012-09-11,288.79999,289.60001,287.60001,288.88,734888.0
2012-09-12,289.35999,290.23999,287.76001,288.32001,722213.0
2012-09-13,292.56,292.88,287.28,292.079987,1195038.0
2012-09-14,295.67999,297.35999,293.20001,294.72,919463.0
2012-09-17,294.88,296.16,281.84,286.0,3109013.0
2012-09-18,286.23999,287.51999,283.12,284.56,1011488.0
2012-09-19,279.60001,279.67999,271.67999,272.95999,2719813.0
2012-09-20,272.64001,276.079987,272.0,276.079987,1067725.0
2012-09-21,276.95999,277.92001,274.79999,275.92001,889813.0
2012-09-24,272.079987,273.20001,270.16,272.72,676825.0
2012-09-25,274.48001,276.0,270.0,270.0,746925.0
2012-09-26,268.0,268.079987,263.84,266.72,1409425.0
2012-09-27,270.64001,274.0,269.44,273.20001,981775.0
2012-09-28,272.88,274.23999,271.28,272.95999,690525.0
2012-10-01,275.60001,276.79999,273.20001,274.0,750638.0
2012-10-02,274.79999,275.040009,271.92001,272.16,589475.0
2012-10-03,268.56,268.72,260.16,260.88,2043863.0
2012-10-04,263.92001,272.32001,263.040009,271.51999,1510688.0
2012-10-05,269.60001,269.60001,264.0,266.79999,904125.0
2012-10-08,264.88,266.48001,264.079987,265.76001,443313.0
2012-10-09,267.60001,275.44,267.51999,273.44,1670350.0
2012-10-10,274.0,277.60001,269.84,270.72,1050838.0
2012-10-11,274.16,275.51999,271.51999,274.32001,1001138.0
2012-10-12,273.28,274.72,270.32001,272.0,585688.0
2012-10-15,268.95999,272.95999,266.48001,272.0,1317800.0
2012-10-16,271.51999,273.60001,271.20001,273.040009,767288.0
2012-10-17,274.23999,275.35999,271.51999,272.79999,643750.0
2012-10-18,270.0,274.48001,269.12,272.56,1038350.0
2012-10-19,275.60001,275.67999,266.16,266.72,1533913.0
2012-10-22,266.48001,267.35999,261.44,263.20001,2151675.0
2012-10-23,257.12,257.20001,252.96001,255.75999,1754688.0
2012-10-24,255.039993,255.67999,250.8,253.039993,1698888.0
2012-10-25,255.2,255.52,251.60001,254.24001,1061200.0
2012-10-26,253.2,254.88,252.48,254.32001,995325.0
2012-10-31,254.48,257.35999,253.60001,254.24001,657250.0
2012-11-01,254.8,258.0,254.16,256.48001,987388.0
2012-11-02,255.60001,255.67999,249.84,250.8,1000113.0
2012-11-05,251.039993,253.44,250.32001,252.88,872650.0
2012-11-06,255.44,263.040009,254.0,260.48001,1220450.0
2012-11-07,255.84,257.040009,248.0,249.67999,1765138.0
2012-11-08,250.39999,252.24001,248.64,250.39999,943200.0
2012-11-09,250.48,255.92,250.24001,253.84,860675.0
2012-11-12,253.84,255.28,251.67999,252.72,621325.0
2012-11-13,250.48,253.52,250.16,251.28,777213.0
2012-11-14,252.16,255.36,251.12,254.16,1487325.0
2012-11-15,255.52,255.92,249.60001,251.92,1497863.0
2012-11-16,254.56,256.39999,253.039993,255.44,1262388.0
2012-11-19,260.16,263.44,260.0,261.35999,1164063.0
2012-11-20,259.28,260.23999,252.72,255.60001,2115575.0
2012-11-21,256.0,257.35999,253.44,256.95999,1146263.0
2012-11-23,256.79999,259.60001,256.79999,258.56,272738.0
2012-11-26,256.48001,257.92001,256.0,257.51999,364900.0
2012-11-27,256.95999,257.84,254.64,255.84,578038.0
2012-11-28,250.96001,254.39999,250.32001,254.32001,835050.0
2012-11-29,259.35999,260.079987,256.88,257.35999,708825.0
2012-11-30,258.95999,260.95999,258.64001,260.48001,476488.0
2012-12-03,264.32001,264.88,260.23999,260.79999,644075.0
2012-12-04,257.84,260.56,257.28,259.20001,395938.0
2012-12-05,259.20001,259.67999,256.48001,257.76001,600263.0
2012-12-06,253.92,254.64,251.28,253.28,806175.0
2012-12-07,253.44,254.0,251.60001,252.24001,435450.0
2012-12-10,253.2,253.92,250.080002,251.12,395688.0
2012-12-11,251.36,251.92,249.75999,251.75999,610413.0
2012-12-12,254.8,256.88,252.32001,254.24001,754200.0
2012-12-13,252.96001,254.88,251.52,252.64,342263.0
2012-12-14,253.2,254.56,252.39999,254.48,315875.0
2012-12-17,254.8,256.79999,254.64,256.079987,348763.0
2012-12-18,256.79999,258.16,255.36,257.44,436825.0
2012-12-19,258.079987,263.040009,257.67999,261.35999,689400.0
2012-12-20,261.040009,263.60001,260.48001,261.84,399488.0
2012-12-21,257.28,258.88,256.16,258.88,784813.0
2012-12-24,257.51999,258.0,256.88,257.92001,192700.0
2012-12-26,264.39999,265.84,263.35999,265.20001,695050.0
2012-12-27,265.35999,265.76001,262.16,265.51999,488675.0
2012-12-28,265.44,266.079987,263.040009,264.32001,508638.0
2012-12-31,263.20001,267.76001,263.12,266.95999,593763.0
2013-01-02,272.0,272.72,269.60001,270.56,693100.0
2013-01-03,270.79999,271.60001,269.60001,269.92001,489425.0
2013-01-04,269.60001,271.12,268.56,271.040009,742613.0
2013-01-07,269.76001,271.76001,269.040009,271.35999,356675.0
2013-01-08,272.079987,272.23999,269.84,271.67999,480188.0
2013-01-09,271.60001,272.56,269.92001,271.040009,344075.0
2013-01-10,274.23999,274.56,272.48001,273.35999,432238.0
2013-01-11,270.95999,272.88,269.60001,272.48001,445038.0
2013-01-14,272.95999,274.48001,270.64001,274.23999,393363.0
2013-01-15,274.0,274.16,271.35999,271.92001,373963.0
2013-01-16,272.32001,274.64001,271.67999,274.23999,529425.0
2013-01-17,277.60001,279.51999,276.79999,277.35999,830513.0
2013-01-18,277.60001,278.48001,276.32001,278.16,499688.0
2013-01-22,278.56,280.72,278.0,280.079987,549188.0
2013-01-23,279.35999,280.079987,275.040009,276.88,768788.0
2013-01-24,278.39999,280.0,277.51999,278.079987,601700.0
2013-01-25,278.95999,279.35999,276.32001,278.23999,477875.0
2013-01-28,279.67999,279.92001,276.56,279.51999,457225.0
2013-01-29,281.51999,283.28,280.48001,282.32001,738900.0
2013-01-30,283.35999,284.23999,281.92001,283.92001,679050.0
2013-01-31,281.28,282.79999,280.95999,282.23999,552225.0
2013-02-01,280.16,284.16,279.51999,282.79999,673438.0
2013-02-04,279.12,280.56,277.67999,278.23999,639988.0
2013-02-05,280.39999,281.12,279.60001,280.23999,396438.0
2013-02-06,276.39999,280.79999,276.079987,280.32001,531750.0
2013-02-07,280.79999,281.20001,276.72,277.44,492888.0
2013-02-08,279.040009,279.67999,276.0,277.60001,391788.0
2013-02-11,276.39999,281.12,275.51999,280.95999,592138.0
2013-02-12,282.079987,283.12,281.35999,282.23999,341325.0
2013-02-13,283.35999,283.92001,279.92001,281.51999,641575.0
2013-02-14,282.079987,283.040009,281.28,282.16,264238.0
2013-02-15,277.51999,281.60001,275.84,277.76001,880125.0
2013-02-19,277.28,279.76001,276.56,279.67999,528300.0
2013-02-20,279.84,280.32001,271.35999,273.35999,1425088.0
2013-02-21,268.0,269.51999,266.79999,267.44,974163.0
2013-02-22,267.51999,269.040009,266.39999,268.79999,563938.0
2013-02-25,269.60001,270.0,265.35999,265.67999,550163.0
2013-02-26,267.60001,268.95999,265.44,266.64001,818563.0
2013-02-27,266.0,268.79999,265.67999,267.20001,627463.0
2013-02-28,267.12,268.0,263.67999,264.48001,664125.0
2013-03-01,261.28,262.23999,259.28,261.92001,619163.0
2013-03-04,260.79999,260.88,257.28,259.20001,751163.0
2013-03-05,260.32001,261.92001,259.20001,261.51999,524463.0
2013-03-06,260.72,260.72,257.84,260.32001,606988.0
2013-03-07,262.079987,264.0,261.67999,263.51999,702813.0
2013-03-08,262.95999,264.79999,261.92001,264.39999,383438.0
2013-03-11,262.88,265.20001,261.60001,264.32001,249738.0
2013-03-12,267.67999,268.79999,265.76001,266.079987,424188.0
2013-03-13,268.0,268.48001,264.23999,265.51999,422175.0
2013-03-14,266.079987,267.84,265.84,267.35999,262925.0
2013-03-15,268.88,269.20001,267.35999,268.79999,311300.0
2013-03-18,264.32001,270.0,264.0,269.20001,433938.0
2013-03-19,269.51999,269.84,264.39999,264.56,818438.0
2013-03-20,267.44,268.0,264.79999,267.60001,562763.0
2013-03-21,265.84,267.44,262.95999,264.39999,538550.0
2013-03-22,266.48001,268.88,264.95999,268.88,390075.0
2013-03-25,271.12,273.84,269.20001,270.79999,814038.0
2013-03-26,273.92001,276.079987,272.64001,275.60001,828075.0
2013-03-27,274.16,277.20001,273.67999,276.39999,580063.0
2013-03-28,276.72,278.72,276.23999,278.0,437638.0
2013-04-01,275.44,277.92001,274.56,277.44,438275.0
2013-04-02,275.20001,278.88,275.040009,277.20001,571175.0
2013-04-03,277.040009,277.35999,269.60001,270.079987,1091113.0
2013-04-04,265.84,268.88,263.76001,267.12,1089338.0
2013-04-05,264.64001,266.48001,263.35999,266.23999,727588.0
2013-04-08,266.48001,268.0,264.72,267.92001,382975.0
2013-04-09,266.64001,270.39999,265.84,269.12,455813.0
2013-04-10,268.32001,271.35999,267.67999,270.64001,488113.0
2013-04-11,269.67999,270.16,266.32001,267.67999,523513.0
2013-04-12,261.92001,262.88,258.48001,260.23999,1268475.0
2013-04-15,255.52,256.16,251.52,251.92,1360900.0
2013-04-16,252.88,254.56,250.72,254.080002,739988.0
2013-04-17,251.28,251.67999,246.32001,248.080002,1253250.0
2013-04-18,249.52,253.12,246.96001,253.12,1170950.0
2013-04-19,251.67999,252.64,250.39999,251.12,534263.0
2013-04-22,252.96001,255.2,250.080002,254.56,710075.0
2013-04-23,252.16,254.96001,251.36,254.88,572700.0
2013-04-24,256.16,261.35999,255.92,261.28,823775.0
2013-04-25,260.48001,267.60001,260.0,266.0,1038150.0
2013-04-26,265.67999,266.32001,262.56,264.95999,774000.0
2013-04-29,266.64001,269.92001,265.67999,268.88,614250.0
2013-04-30,269.12,269.12,264.95999,265.28,626925.0
2013-05-01,258.95999,260.48001,256.95999,259.12,1243625.0
2013-05-02,260.72,268.64001,260.32001,267.92001,989325.0
2013-05-03,271.20001,273.76001,270.39999,272.079987,1195725.0
2013-05-06,271.67999,274.39999,270.39999,273.12,587400.0
2013-05-07,272.95999,274.32001,270.64001,272.079987,616163.0
2013-05-08,273.60001,275.76001,272.95999,275.20001,614813.0
2013-05-09,273.67999,274.95999,271.92001,273.35999,522313.0
2013-05-10,268.72,274.23999,266.23999,273.12,931850.0
2013-05-13,271.28,272.64001,269.28,270.88,545288.0
2013-05-14,270.23999,271.44,267.60001,268.48001,591375.0
2013-05-15,264.79999,269.12,262.72,268.88,1232963.0
2013-05-16,269.44,272.48001,268.16,270.95999,604400.0
2013-05-17,273.84,274.32001,270.88,273.67999,709738.0
2013-05-20,272.64001,276.72,272.16,275.51999,467788.0
2013-05-21,275.040009,275.60001,272.079987,272.88,553000.0
2013-05-22,270.23999,272.79999,267.20001,267.67999,1324575.0
2013-05-23,263.12,268.39999,262.079987,268.32001,1136025.0
2013-05-24,265.35999,267.92001,264.64001,266.95999,518650.0
2013-05-28,272.079987,272.32001,269.67999,270.32001,472813.0
2013-05-29,269.60001,270.56,263.84,264.79999,1148900.0
2013-05-30,262.0,267.12,260.88,266.0,1120113.0
2013-05-31,263.28,264.88,260.23999,260.88,807088.0
2013-06-03,263.44,266.23999,262.32001,265.28,615850.0
2013-06-04,264.0,268.32001,262.48001,265.60001,454213.0
2013-06-05,267.20001,268.39999,265.92001,266.079987,546738.0
2013-06-06,268.39999,270.88,268.16,268.95999,742025.0
2013-06-07,267.20001,273.92001,266.39999,273.28,851563.0
2013-06-10,271.28,272.72,270.48001,272.0,309200.0
2013-06-11,268.32001,271.28,268.0,270.32001,539625.0
2013-06-12,272.79999,273.92001,271.28,272.23999,690888.0
2013-06-13,271.28,275.28,271.20001,274.64001,342713.0
2013-06-14,278.079987,278.72,277.040009,277.92001,782038.0
2013-06-17,278.88,279.51999,276.79999,278.079987,537013.0
2013-06-18,278.79999,280.16,277.67999,279.67999,319325.0
2013-06-19,279.67999,280.48001,277.040009,278.23999,442925.0
2013-06-20,271.84,272.23999,268.16,269.040009,1136875.0
2013-06-21,269.040009,269.51999,263.84,265.84,1297663.0
2013-06-24,264.39999,270.88,264.0,269.12,841838.0
2013-06-25,271.35999,271.60001,268.48001,269.92001,565950.0
2013-06-26,270.56,271.040009,265.44,270.39999,581100.0
2013-06-27,272.0,276.0,271.35999,274.64001,844988.0
2013-06-28,275.44,276.64001,272.95999,273.44,592350.0
2013-07-01,276.88,278.39999,275.67999,277.35999,588763.0
2013-07-02,279.20001,282.88,278.88,281.67999,1095275.0
2013-07-03,287.44,289.44,284.79999,286.72,1525400.0
2013-07-05,288.39999,292.72,287.51999,292.48001,903450.0
2013-07-08,290.32001,293.35999,289.76001,291.28,526538.0
2013-07-09,290.95999,294.39999,290.64001,294.16,714050.0
2013-07-10,298.0,301.12,296.56,299.44,1379175.0
2013-07-11,298.72,298.79999,295.040009,296.079987,1018863.0
2013-07-12,298.39999,300.79999,296.88,300.48001,700775.0
2013-07-15,298.95999,302.079987,298.88,301.35999,592738.0
2013-07-16,302.16,302.39999,299.76001,299.84,403738.0
2013-07-17,300.64001,302.72,299.84,302.39999,411375.0
2013-07-18,303.44,307.67999,303.44,306.72,604825.0
2013-07-19,308.88,308.95999,304.079987,307.60001,755138.0
2013-07-22,306.56,307.040009,302.88,303.35999,802075.0
2013-07-23,301.92001,305.51999,301.76001,304.72,577050.0
2013-07-24,302.88,304.079987,298.0,299.20001,899238.0
2013-07-25,299.35999,301.040009,296.0,300.64001,650200.0
2013-07-26,299.040009,299.12,295.51999,297.67999,400038.0
2013-07-29,298.39999,299.040009,296.0,297.040009,340050.0
2013-07-30,295.20001,295.28,292.0,293.35999,656025.0
2013-07-31,293.67999,299.35999,292.79999,298.88,783175.0
2013-08-01,304.79999,307.28,304.48001,306.16,1106475.0
2013-08-02,304.56,304.95999,302.72,303.51999,550588.0
2013-08-05,301.28,304.39999,301.040009,302.64001,340925.0
2013-08-06,302.32001,302.48001,298.16,299.67999,761325.0
2013-08-07,298.16,300.0,296.0,296.079987,741413.0
2013-08-08,294.16,294.88,290.79999,294.72,1357263.0
2013-08-09,296.48001,301.12,296.23999,300.72,906513.0
2013-08-12,299.20001,302.32001,298.16,302.079987,538300.0
2013-08-13,301.84,304.56,300.56,303.20001,558788.0
2013-08-14,302.79999,305.12,301.20001,304.72,637488.0
2013-08-15,306.48001,307.20001,303.84,305.92001,569963.0
2013-08-16,306.48001,308.56,304.079987,307.20001,667613.0
2013-08-19,305.60001,307.44,304.48001,305.35999,425150.0
2013-08-20,301.51999,305.67999,299.12,300.16,845900.0
2013-08-21,299.92001,300.16,295.92001,297.35999,685613.0
2013-08-22,297.20001,300.79999,296.72,300.32001,563925.0
2013-08-23,299.28,305.60001,298.16,303.60001,742913.0
2013-08-26,303.60001,304.079987,301.67999,303.67999,712575.0
2013-08-27,311.20001,312.39999,309.76001,310.95999,1811800.0
2013-08-28,313.76001,315.67999,312.0,312.64001,1616313.0
2013-08-29,312.64001,314.64001,307.92001,308.64001,1017725.0
2013-08-30,308.32001,310.79999,305.67999,307.84,1295613.0
2013-09-03,306.0,311.040009,305.84,310.079987,989725.0
2013-09-04,306.79999,308.39999,305.12,306.72,536650.0
2013-09-05,308.23999,310.16,306.39999,309.51999,551913.0
2013-09-06,312.64001,316.32001,312.23999,314.88,1304138.0
2013-09-09,313.92001,314.88,310.72,311.51999,988738.0
2013-09-10,305.76001,307.51999,304.23999,306.72,1337613.0
2013-09-11,307.92001,308.72,305.76001,307.84,693300.0
2013-09-12,308.79999,312.079987,308.48001,310.95999,612163.0
2013-09-13,307.76001,311.040009,306.88,310.79999,404275.0
2013-09-16,306.0,308.079987,304.79999,304.88,756575.0
2013-09-17,303.76001,304.16,300.95999,301.92001,845213.0
2013-09-18,303.12,310.39999,302.48001,309.44,979650.0
2013-09-19,308.48001,308.95999,304.32001,304.64001,861463.0
2013-09-20,303.76001,305.44,301.20001,302.16,703813.0
2013-09-23,298.64001,299.67999,297.28,298.16,731650.0
2013-09-24,296.39999,298.39999,294.79999,297.76001,729713.0
2013-09-25,298.32001,298.79999,294.56,295.040009,614200.0
2013-09-26,296.32001,297.35999,295.12,296.64001,367838.0
2013-09-27,296.39999,299.040009,295.28,295.67999,522713.0
2013-09-30,291.84,296.16,291.20001,294.79999,665813.0
2013-10-01,292.88,294.32001,291.28,293.44,792275.0
2013-10-02,293.44,300.32001,292.64001,299.35999,1378300.0
2013-10-03,300.64001,300.72,296.48001,297.12,605313.0
2013-10-04,299.51999,300.23999,297.67999,298.48001,346538.0
2013-10-07,294.32001,298.88,293.60001,297.12,575813.0
2013-10-08,299.040009,299.92001,297.76001,298.48001,431413.0
2013-10-09,295.040009,295.67999,291.60001,292.39999,1374863.0
2013-10-10,292.64001,298.32001,292.23999,296.79999,852225.0
2013-10-11,291.67999,294.72,291.35999,294.0,768350.0
2013-10-14,293.28,296.16,292.39999,294.95999,333175.0
2013-10-15,293.20001,294.95999,291.60001,291.76001,684388.0
2013-10-16,292.95999,297.44,292.64001,295.35999,612825.0
2013-10-17,292.0,292.56,289.040009,291.040009,1219613.0
2013-10-18,292.48001,292.72,290.72,291.60001,519650.0
2013-10-21,289.84,290.48001,286.79999,287.51999,615275.0
2013-10-22,287.84,289.20001,283.12,283.28,1277038.0
2013-10-23,278.23999,281.040009,277.35999,279.60001,1559738.0
2013-10-24,277.44,280.39999,276.72,279.92001,697888.0
2013-10-25,280.48001,282.79999,280.079987,282.56,479113.0
2013-10-28,282.23999,284.88,281.60001,284.39999,536675.0
2013-10-29,283.12,283.92001,282.32001,283.28,291638.0
2013-10-30,280.56,281.040009,278.48001,278.79999,741150.0
2013-10-31,278.23999,279.76001,276.88,277.51999,637525.0
2013-11-01,275.60001,275.60001,272.16,273.040009,1221863.0
2013-11-04,272.48001,274.23999,272.16,272.32001,571450.0
2013-11-05,271.44,271.92001,268.39999,269.35999,820663.0
2013-11-06,270.88,274.95999,270.88,273.51999,1249425.0
2013-11-07,272.32001,272.48001,270.48001,271.76001,594313.0
2013-11-08,272.64001,273.67999,270.95999,272.079987,465275.0
2013-11-11,272.23999,274.88,271.92001,274.079987,316688.0
2013-11-12,272.88,274.39999,268.0,269.12,942400.0
2013-11-13,270.79999,273.040009,270.079987,271.20001,495700.0
2013-11-14,269.44,272.95999,267.60001,271.44,790663.0
2013-11-15,272.39999,272.39999,270.72,271.040009,495563.0
2013-11-18,271.20001,272.64001,268.23999,268.95999,666625.0
2013-11-19,269.44,270.32001,267.84,269.76001,496088.0
2013-11-20,270.23999,271.040009,267.84,269.040009,646000.0
2013-11-21,271.67999,274.56,270.48001,273.35999,686075.0
2013-11-22,272.79999,273.60001,270.16,272.32001,717500.0
2013-11-25,269.12,271.35999,268.72,270.56,653325.0
2013-11-26,270.23999,270.88,268.64001,269.51999,407838.0
2013-11-27,265.44,265.84,263.60001,265.51999,980925.0
2013-11-29,266.56,269.60001,266.56,267.67999,483750.0
2013-12-02,267.76001,270.079987,267.35999,269.44,537275.0
2013-12-03,270.39999,276.23999,270.39999,276.079987,1751850.0
2013-12-04,278.079987,280.16,276.56,279.040009,1193938.0
2013-12-05,279.51999,281.35999,279.20001,279.44,612063.0
2013-12-06,279.35999,280.64001,278.95999,280.39999,339225.0
2013-12-09,280.79999,280.88,279.28,279.28,712463.0
2013-12-10,282.39999,282.79999,280.48001,282.48001,717913.0
2013-12-11,281.20001,282.079987,279.040009,279.84,912213.0
2013-12-12,281.12,281.28,279.67999,279.76001,541013.0
2013-12-13,277.67999,278.79999,276.56,277.12,777188.0
2013-12-16,279.20001,280.64001,279.040009,279.51999,496988.0
2013-12-17,280.39999,281.12,278.64001,278.95999,278588.0
2013-12-18,280.39999,281.51999,279.20001,280.23999,545125.0
2013-12-19,282.32001,284.95999,281.84,282.56,775575.0
2013-12-20,283.44,284.72,282.23999,283.84,403575.0
2013-12-23,283.44,284.0,282.56,282.88,284238.0
2013-12-24,283.67999,284.39999,283.67999,283.92001,114975.0
2013-12-26,282.0,285.51999,282.0,285.20001,357463.0
2013-12-27,286.88,288.56,286.56,286.72,474125.0
2013-12-30,286.079987,286.64001,283.92001,284.23999,380238.0
2013-12-31,282.23999,283.040009,281.12,282.56,674888.0
2014-01-02,277.51999,277.60001,273.12,273.84,1342588.0
2014-01-03,273.040009,273.040009,268.79999,270.0,1207313.0
2014-01-06,268.95999,269.76001,266.88,268.56,568075.0
2014-01-07,267.76001,269.84,267.60001,268.64001,390850.0
2014-01-08,268.23999,268.39999,264.23999,265.28,717688.0
2014-01-09,265.51999,265.60001,261.44,264.64001,815625.0
2014-01-10,265.040009,266.39999,263.44,265.51999,681500.0
2014-01-13,264.0,264.48001,261.76001,262.48001,780938.0
2014-01-14,264.16,265.92001,263.35999,264.32001,495913.0
2014-01-15,266.079987,270.79999,266.079987,270.16,911575.0
2014-01-16,269.28,269.67999,267.76001,269.20001,539675.0
2014-01-17,270.88,270.88,268.79999,269.51999,859600.0
2014-01-21,272.0,272.32001,269.92001,271.92001,490738.0
2014-01-22,273.60001,276.72,273.35999,276.48001,624463.0
2014-01-23,277.35999,279.35999,276.56,277.76001,709650.0
2014-01-24,278.23999,278.32001,274.88,276.64001,614463.0
2014-01-27,276.32001,276.95999,272.0,273.84,690575.0
2014-01-28,276.72,278.79999,276.72,277.51999,539138.0
2014-01-29,275.60001,279.040009,275.20001,277.84,619113.0
2014-01-30,280.88,281.44,279.51999,279.60001,409350.0
2014-01-31,278.39999,280.95999,278.0,278.39999,618538.0
2014-02-03,278.39999,279.20001,274.88,276.16,1527838.0
2014-02-04,277.76001,279.040009,276.95999,277.92001,329225.0
2014-02-05,278.64001,279.67999,276.48001,277.67999,458963.0
2014-02-06,281.28,281.60001,278.23999,279.20001,275738.0
2014-02-07,280.48001,286.0,280.0,285.12,793063.0
2014-02-10,285.51999,286.88,284.48001,285.040009,367650.0
2014-02-11,284.88,286.23999,284.32001,285.12,260600.0
2014-02-12,288.56,289.28,286.0,286.39999,551000.0
2014-02-13,285.92001,287.84,285.76001,286.95999,273125.0
2014-02-14,285.67999,287.76001,284.95999,287.28,218963.0
2014-02-18,290.39999,294.16,289.76001,293.28,594950.0
2014-02-19,293.60001,296.39999,293.12,295.20001,585350.0
2014-02-20,295.20001,295.67999,293.92001,295.040009,342263.0
2014-02-21,294.0,294.79999,291.84,293.51999,535375.0
2014-02-24,293.51999,296.88,293.12,294.32001,437400.0
2014-02-25,291.76001,293.040009,289.92001,292.72,422400.0
2014-02-26,293.92001,295.28,293.12,294.0,253638.0
2014-02-27,293.12,294.32001,292.0,293.51999,335950.0
2014-02-28,292.88,295.44,292.48001,293.92001,315638.0
2014-03-03,299.12,301.92001,298.72,300.16,934538.0
2014-03-04,297.44,297.60001,295.20001,296.48001,465838.0
2014-03-05,295.60001,296.16,289.60001,289.92001,687575.0
2014-03-06,289.040009,292.88,287.35999,292.56,456063.0
2014-03-07,293.28,295.28,293.040009,294.23999,277213.0
2014-03-10,290.23999,291.35999,289.44,290.39999,401363.0
2014-03-11,289.44,290.079987,286.16,286.48001,447613.0
2014-03-12,282.16,284.39999,280.32001,282.79999,821575.0
2014-03-13,281.92001,282.79999,281.040009,282.72,276413.0
2014-03-14,283.76001,285.35999,282.72,284.23999,450638.0
2014-03-17,282.88,283.28,279.76001,281.20001,319063.0
2014-03-18,281.76001,285.44,281.76001,284.64001,323250.0
2014-03-19,284.88,286.23999,283.60001,285.67999,291675.0
2014-03-20,284.64001,286.72,282.88,284.64001,286975.0
2014-03-21,286.079987,289.12,285.84,286.72,338500.0
2014-03-24,289.12,289.12,286.16,286.56,206050.0
2014-03-25,287.76001,289.12,284.95999,286.16,272988.0
2014-03-26,288.0,289.67999,286.88,288.72,242638.0
2014-03-27,292.0,293.20001,291.67999,292.0,260238.0
2014-03-28,294.32001,294.72,292.39999,292.95999,250063.0
2014-03-31,292.72,293.92001,290.88,292.72,265500.0
2014-04-01,291.60001,292.0,286.39999,286.64001,586075.0
2014-04-02,286.48001,287.60001,285.040009,286.39999,420775.0
2014-04-03,286.72,289.67999,286.32001,289.12,233475.0
2014-04-04,291.84,292.95999,291.12,291.44,303450.0
2014-04-07,289.60001,292.079987,288.079987,290.23999,253775.0
2014-04-08,291.67999,296.079987,290.56,295.20001,562250.0
2014-04-09,295.84,299.040009,295.20001,297.76001,558400.0
2014-04-10,297.84,298.64001,297.040009,297.60001,371138.0
2014-04-11,297.60001,300.32001,297.44,297.44,329788.0
2014-04-14,298.72,300.56,298.48001,299.040009,168550.0
2014-04-15,299.040009,300.32001,298.79999,299.12,339400.0
2014-04-16,302.23999,302.48001,298.0,299.84,583675.0
2014-04-17,300.079987,302.32001,299.60001,301.28,385488.0
2014-04-21,300.72,302.079987,300.39999,301.12,169200.0
2014-04-22,297.67999,297.84,295.35999,296.0,389825.0
2014-04-23,296.32001,296.95999,294.72,295.28,298700.0
2014-04-24,297.040009,297.76001,295.92001,296.39999,172163.0
2014-04-25,292.64001,293.76001,292.23999,292.79999,248925.0
2014-04-28,293.92001,294.0,291.84,293.67999,173938.0
2014-04-29,296.56,297.20001,293.44,293.76001,174850.0
2014-04-30,289.76001,290.56,288.95999,290.56,451463.0
2014-05-01,288.23999,290.48001,287.76001,289.28,317475.0
2014-05-02,289.35999,291.20001,288.79999,290.32001,230775.0
2014-05-05,290.079987,290.079987,287.67999,289.12,293000.0
2014-05-06,290.48001,292.0,289.28,289.51999,205288.0
2014-05-07,292.079987,293.60001,290.23999,292.79999,242288.0
2014-05-08,291.35999,292.16,290.64001,291.92001,162938.0
2014-05-09,293.35999,294.16,290.23999,291.20001,194038.0
2014-05-12,293.12,293.76001,292.16,292.72,187288.0
2014-05-13,294.64001,296.64001,293.67999,296.32001,277738.0
2014-05-14,297.76001,298.72,297.20001,297.44,321875.0
2014-05-15,296.95999,297.28,295.44,296.32001,167375.0
2014-05-16,296.88,298.16,296.72,297.84,196863.0
2014-05-19,299.35999,300.16,298.64001,299.040009,205600.0
2014-05-20,298.64001,300.32001,297.92001,300.16,168575.0
2014-05-21,302.16,305.44,302.0,303.84,570325.0
2014-05-22,304.88,305.28,303.35999,304.079987,429563.0
2014-05-23,304.79999,306.16,304.39999,305.44,318225.0
2014-05-27,304.0,305.35999,303.44,305.12,144438.0
2014-05-28,303.92001,304.079987,300.72,301.44,235625.0
2014-05-29,301.76001,304.48001,301.35999,303.28,148700.0
2014-05-30,301.20001,301.84,299.92001,301.44,163875.0
2014-06-02,300.16,300.56,299.040009,300.23999,388938.0
2014-06-03,299.92001,301.20001,299.60001,301.12,145013.0
2014-06-04,302.79999,303.76001,300.0,300.079987,213913.0
2014-06-05,298.16,300.79999,297.67999,300.39999,158550.0
2014-06-06,301.28,301.44,299.67999,300.88,129388.0
2014-06-09,303.76001,305.84,303.51999,305.44,383913.0
2014-06-10,306.64001,307.51999,304.39999,306.23999,220538.0
2014-06-11,305.76001,306.88,305.20001,306.0,146375.0
2014-06-12,310.39999,312.88,309.67999,312.64001,726238.0
2014-06-13,312.64001,314.23999,312.16,312.95999,369388.0
2014-06-16,313.51999,314.079987,312.95999,313.35999,227450.0
2014-06-17,313.040009,314.72,311.84,311.92001,270813.0
2014-06-18,313.28,313.60001,310.88,312.079987,280038.0
2014-06-19,311.20001,313.92001,310.23999,313.040009,294975.0
2014-06-20,314.16,315.51999,313.60001,314.56,336000.0
2014-06-23,314.32001,314.48001,312.56,313.28,272288.0
2014-06-24,312.72,314.0,311.92001,312.72,238700.0
2014-06-25,312.95999,314.56,311.12,314.32001,257438.0
2014-06-26,313.12,313.12,309.92001,311.76001,251950.0
2014-06-27,312.79999,313.12,310.79999,311.84,203425.0
2014-06-30,311.51999,311.76001,308.72,311.040009,228688.0
2014-07-01,312.16,312.95999,308.56,310.88,296713.0
2014-07-02,309.12,311.28,307.12,307.20001,331925.0
2014-07-03,307.12,307.20001,305.92001,306.0,180938.0
2014-07-07,306.16,306.32001,304.39999,305.35999,178550.0
2014-07-08,306.079987,307.35999,303.84,305.44,302263.0
2014-07-09,303.12,303.28,300.95999,301.51999,729763.0
2014-07-10,301.040009,303.92001,300.72,303.20001,459038.0
2014-07-11,300.56,301.20001,296.32001,297.28,618388.0
2014-07-14,296.48001,298.79999,295.67999,298.56,772763.0
2014-07-15,294.72,295.51999,292.64001,295.040009,553375.0
2014-07-16,296.64001,299.12,296.56,298.48001,522988.0
2014-07-17,302.72,303.28,299.84,302.64001,809575.0
2014-07-18,302.32001,303.20001,301.35999,301.76001,421050.0
2014-07-21,302.72,305.28,302.16,304.79999,433575.0
2014-07-22,304.56,304.56,302.88,303.60001,185738.0
2014-07-23,304.39999,306.39999,303.92001,305.28,282188.0
2014-07-24,305.44,305.67999,302.079987,302.56,343313.0
2014-07-25,300.079987,304.0,299.35999,302.16,340963.0
2014-07-28,300.16,302.48001,299.12,301.12,273688.0
2014-07-29,298.23999,300.16,297.60001,299.12,338650.0
2014-07-30,300.72,301.44,294.79999,295.35999,625688.0
2014-07-31,295.12,295.60001,290.16,290.56,597313.0
2014-08-01,288.95999,290.39999,287.84,289.51999,535513.0
2014-08-04,289.60001,292.48001,289.51999,291.84,302700.0
2014-08-05,290.64001,290.79999,287.60001,289.28,411213.0
2014-08-06,289.92001,290.79999,286.64001,287.60001,646963.0
2014-08-07,287.76001,289.67999,286.56,289.28,294588.0
2014-08-08,289.76001,290.079987,287.84,288.95999,281738.0
2014-08-11,289.84,291.67999,289.51999,289.76001,235775.0
2014-08-12,287.67999,289.040009,286.48001,287.92001,360688.0
2014-08-13,288.32001,289.35999,286.23999,288.16,305463.0
2014-08-14,286.72,286.88,280.32001,280.88,987650.0
2014-08-15,281.35999,284.88,281.040009,283.51999,665200.0
2014-08-18,280.88,281.12,279.040009,280.48001,347263.0
2014-08-19,280.16,280.48001,276.64001,277.67999,503563.0
2014-08-20,279.040009,279.44,277.51999,278.88,397350.0
2014-08-21,279.20001,282.079987,278.95999,280.72,486013.0
2014-08-22,278.64001,280.23999,277.60001,279.67999,488300.0
2014-08-25,278.39999,279.67999,277.92001,278.95999,416775.0
2014-08-26,280.79999,281.67999,278.79999,280.32001,378775.0
2014-08-27,280.23999,281.35999,278.79999,280.23999,317563.0
2014-08-28,282.079987,282.72,280.32001,282.56,319275.0
2014-08-29,284.64001,286.64001,283.84,286.079987,397750.0
2014-09-02,282.23999,283.28,276.79999,278.32001,753888.0
2014-09-03,281.040009,286.079987,280.079987,284.39999,551500.0
2014-09-04,283.040009,284.39999,281.12,282.39999,441688.0
2014-09-05,282.16,282.23999,277.28,279.20001,567963.0
2014-09-08,274.32001,277.60001,274.16,277.60001,356900.0
2014-09-09,278.079987,278.56,276.079987,276.95999,263138.0
2014-09-10,275.35999,275.44,272.16,274.079987,636763.0
2014-09-11,271.60001,278.48001,271.28,277.51999,1018825.0
2014-09-12,276.72,278.39999,274.39999,275.040009,514113.0
2014-09-15,273.76001,277.28,273.51999,276.48001,400125.0
2014-09-16,278.48001,283.35999,278.16,282.0,646725.0
2014-09-17,281.92001,282.95999,279.28,280.079987,644525.0
2014-09-18,281.44,281.51999,276.48001,276.95999,539063.0
2014-09-19,276.079987,277.76001,274.56,276.56,425375.0
2014-09-22,275.28,275.67999,272.23999,273.51999,493550.0
2014-09-23,274.23999,277.28,273.44,275.51999,341588.0
2014-09-24,276.23999,280.88,274.48001,280.0,768638.0
2014-09-25,280.64001,281.040009,277.20001,278.64001,533300.0
2014-09-26,279.28,282.56,278.72,281.28,379325.0
2014-09-29,280.0,284.95999,279.84,284.16,416688.0
2014-09-30,283.44,283.84,273.60001,275.28,1449013.0
2014-10-01,276.79999,279.84,272.39999,273.20001,860750.0
2014-10-02,270.079987,275.35999,269.12,274.95999,1058088.0
2014-10-03,273.35999,274.079987,269.12,270.16,822788.0
2014-10-06,270.16,273.20001,267.28,272.32001,567675.0
2014-10-07,270.32001,270.48001,266.88,267.51999,540475.0
2014-10-08,264.56,264.72,261.51999,264.0,932313.0
2014-10-09,261.20001,261.84,256.079987,256.88,989413.0
2014-10-10,257.040009,259.84,253.92,257.44,949900.0
2014-10-13,256.32001,258.56,253.67999,255.92,635850.0
2014-10-14,255.28,255.36,245.039993,246.8,1925463.0
2014-10-15,245.52,248.080002,242.72,245.36,1828538.0
2014-10-16,242.88,255.28,241.60001,248.8,2384188.0
2014-10-17,250.64,253.039993,248.24001,250.0,938625.0
2014-10-20,248.72,249.92,245.28,249.12,756300.0
2014-10-21,251.36,252.8,247.75999,250.39999,722313.0
2014-10-22,251.75999,252.0,243.67999,244.39999,1075250.0
2014-10-23,247.2,250.080002,246.16,248.48,907350.0
2014-10-24,246.39999,247.12,244.0,247.039993,706163.0
2014-10-27,242.32001,246.16,241.28,245.12,650413.0
2014-10-28,245.52,247.36,244.56,246.56,509750.0
2014-10-29,249.44,251.60001,248.0,249.84,954113.0
2014-10-30,247.12,248.080002,245.039993,246.080002,750375.0
2014-10-31,241.92,245.2,241.52,245.039993,585113.0
2014-11-03,244.080002,245.75999,237.28,238.080002,2361775.0
2014-11-04,234.48,234.96001,231.12,234.39999,1581838.0
2014-11-05,234.8,240.88,234.72,239.60001,1731388.0
2014-11-06,235.75999,237.52,234.080002,236.8,793963.0
2014-11-07,238.0,241.039993,237.84,238.080002,823138.0
2014-11-10,241.36,241.36,234.16,234.72,937400.0
2014-11-11,234.72,236.72,232.16,235.36,607450.0
2014-11-12,233.92,236.56,232.64,233.12,754075.0
2014-11-13,231.44,231.84,224.8,226.32001,2205788.0
2014-11-14,227.28,231.60001,226.32001,230.64,999863.0
2014-11-17,227.67999,230.24001,227.44,229.44,723913.0
2014-11-18,227.84,228.39999,225.52,225.60001,909075.0
2014-11-19,226.88,228.96001,224.8,226.0,841650.0
2014-11-20,228.080002,230.48,227.039993,229.84,903213.0
2014-11-21,232.48,233.12,229.67999,232.8,1351000.0
2014-11-24,231.2,233.84,229.2,229.92,1056588.0
2014-11-25,232.32001,232.56,224.080002,224.24001,3099275.0
2014-11-26,223.75999,225.44,222.8,223.2,1874175.0
2014-11-28,210.72,211.36,203.67999,204.64,2532100.0
2014-12-01,202.48,211.12,202.080002,210.56,3248750.0
2014-12-02,206.8,208.64,202.56,204.64,2553263.0
2014-12-03,205.12,207.12,202.8,204.64,1537938.0
2014-12-04,201.92,204.0,200.8,202.72,864738.0
2014-12-05,201.2,201.92,197.84,199.67999,1438500.0
2014-12-08,195.84,196.0,190.64,191.28,1912450.0
2014-12-09,190.96001,194.56,189.92,193.60001,1508375.0
2014-12-10,189.36,189.44,183.60001,186.24001,3276563.0
2014-12-11,183.75999,186.96001,181.039993,181.44,2695863.0
2014-12-12,178.64,178.96001,174.48,175.44,3308575.0
2014-12-15,175.67999,176.39999,167.75999,168.48,3217963.0
2014-12-16,165.2,173.84,164.24001,170.39999,5962000.0
2014-12-17,167.67999,179.44,166.8,170.72,5928050.0
2014-12-18,173.44,174.0,164.32001,165.92,4141300.0
2014-12-19,169.84,176.8,167.44,175.67999,3480113.0
2014-12-22,171.12,171.12,166.88,167.36,2572713.0
2014-12-23,167.52,174.16,167.52,172.48,2022325.0
2014-12-24,169.52,169.60001,166.72,168.39999,1220325.0
2014-12-26,169.75999,169.75999,165.039993,166.24001,1569313.0
2014-12-29,167.60001,167.60001,160.16,162.39999,2700738.0
2014-12-30,162.48,164.39999,161.36,162.32001,2138475.0
2014-12-31,160.080002,163.36,158.72,162.88,3037663.0
2015-01-02,159.75999,162.8,157.52,159.12,2638313.0
2015-01-05,154.64,154.88,150.32001,150.32001,3937438.0
2015-01-06,148.48,149.60001,144.0,144.39999,5279375.0
2015-01-07,146.39999,149.2,144.39999,146.96001,3916575.0
2015-01-08,146.24001,148.72,144.48,148.39999,3338188.0
2015-01-09,147.2,148.0,142.88,146.24001,3312775.0
2015-01-12,142.080002,142.080002,139.12,139.28,3845300.0
2015-01-13,138.0,141.84,136.8,140.96001,4125963.0
2015-01-14,139.60001,147.84,138.16,146.16,5296163.0
2015-01-15,148.32001,148.88,139.36,139.60001,6261588.0
2015-01-16,141.92,147.67999,141.75999,146.64,4717325.0
2015-01-20,141.36,142.8,138.8,139.84,3563363.0
2015-01-21,141.75999,144.24001,140.8,142.16,2957988.0
2015-01-22,142.72,143.52,137.28,139.28,4722638.0
2015-01-23,137.44,139.75999,135.67999,136.0,4067663.0
2015-01-26,136.0,138.8,134.88,134.96001,3548138.0
2015-01-27,135.36,139.28,135.2,137.67999,2901325.0
2015-01-28,135.67999,136.72,132.0,132.48,5010625.0
2015-01-29,134.39999,134.48,130.39999,133.44,3577388.0
2015-01-30,133.92,144.56,133.84,142.56,5995188.0
2015-02-02,147.2,149.60001,143.44,148.96001,5189975.0
2015-02-03,151.60001,162.32001,150.88,156.96001,9557625.0
2015-02-04,152.64,152.8,143.60001,146.24001,8318588.0
2015-02-05,147.92,155.84,147.84,152.24001,6273275.0
2015-02-06,153.44,159.039993,152.88,155.75999,5191263.0
2015-02-09,158.24001,161.44,157.44,158.16,4354900.0
2015-02-10,156.72,156.8,149.36,151.52,4217725.0
2015-02-11,147.92,149.67999,144.080002,148.080002,4519538.0
2015-02-12,152.32001,154.48,149.2,153.44,3990525.0
2015-02-13,157.84,159.75999,155.67999,156.96001,3862988.0
2015-02-17,155.039993,161.52,151.92,158.32001,3811400.0
2015-02-18,156.39999,158.64,153.36,154.080002,3145075.0
2015-02-19,147.60001,155.039993,147.12,152.8,6027513.0
2015-02-20,152.56,153.36,149.12,149.2,3568038.0
2015-02-23,145.36,148.72,144.16,144.88,6229325.0
2015-02-24,147.28,147.75999,144.16,144.32001,2277100.0
2015-02-25,145.2,150.39999,142.56,149.2,4786513.0
2015-02-26,146.24001,147.44,140.64,144.24001,5014588.0
2015-02-27,144.88,146.8,142.56,144.8,3558788.0
2015-03-02,145.039993,150.080002,144.16,146.56,2988463.0
2015-03-03,146.56,149.36,145.44,147.92,2859313.0
2015-03-04,149.67999,152.8,145.92,152.080002,4095288.0
2015-03-05,150.72,152.8,148.88,149.67999,2845650.0
2015-03-06,147.28,148.39999,143.75999,145.92,3432000.0
2015-03-09,145.44,149.12,145.12,146.8,2466125.0
2015-03-10,144.72,145.92,141.92,143.28,3344225.0
2015-03-11,142.72,142.8,139.52,142.16,3726263.0
2015-03-12,142.16,142.48,138.72,139.52,2975613.0
2015-03-13,137.2,137.36,133.36,134.39999,5575763.0
2015-03-16,131.75999,131.92,128.0,130.8,4962713.0
2015-03-17,128.39999,129.92,127.2,127.68,3909250.0
2015-03-18,125.44,134.24001,124.88,134.080002,6803463.0
2015-03-19,127.52,130.72,127.28,128.64,4052600.0
2015-03-20,132.39999,134.39999,131.039993,131.44,3674463.0
2015-03-23,131.67999,135.039993,131.52,134.24001,2645050.0
2015-03-24,135.75999,136.080002,133.67999,134.32001,2656113.0
2015-03-25,136.39999,140.24001,134.32001,138.88,3994238.0
2015-03-26,143.44,146.39999,141.2,145.67999,5439213.0
2015-03-27,143.28,143.28,136.96001,137.12,3954138.0
2015-03-30,138.39999,139.36,135.039993,137.84,3259450.0
2015-03-31,135.92,137.92,134.32001,134.72,2884625.0
2015-04-01,136.0,143.039993,135.44,140.64,4369238.0
2015-04-02,138.96001,141.44,136.48,140.48,4674100.0
2015-04-06,142.8,148.080002,141.52,147.44,5161613.0
2015-04-07,145.84,153.44,145.44,152.48,5493675.0
2015-04-08,149.67999,150.0,143.039993,144.56,4861588.0
2015-04-09,145.12,147.92,144.0,144.24001,2348750.0
2015-04-10,145.28,147.75999,145.039993,147.28,2039138.0
2015-04-13,149.84,150.39999,146.72,148.0,2315575.0
2015-04-14,149.84,152.24001,149.12,150.56,2729725.0
2015-04-15,152.24001,159.2,151.44,157.67999,6516925.0
2015-04-16,157.44,161.75999,155.75999,159.52,4219188.0
2015-04-17,158.32001,160.56,156.39999,158.72,2723788.0
2015-04-20,156.88,161.28,156.8,159.12,3107888.0
2015-04-21,158.56,159.67999,154.39999,155.60001,2903988.0
2015-04-22,155.67999,157.28,154.080002,154.88,2161838.0
2015-04-23,156.0,160.64,155.75999,158.080002,3176175.0
2015-04-24,156.72,157.84,155.36,157.36,2414700.0
2015-04-27,158.24001,159.2,155.52,156.16,1974113.0
2015-04-28,156.96001,159.039993,156.16,156.8,2605850.0
2015-04-29,157.12,163.2,157.039993,160.96001,3916663.0
2015-04-30,161.2,164.39999,160.72,164.080002,2384363.0
2015-05-01,162.39999,163.36,160.48,163.2,1818250.0
2015-05-04,162.080002,162.48,160.8,162.24001,1754450.0
2015-05-05,166.56,168.0,165.84,166.080002,3483213.0
2015-05-06,169.92,172.0,166.56,166.56,4421863.0
2015-05-07,166.32001,166.39999,160.88,161.60001,3068038.0
2015-05-08,162.48,163.84,159.75999,163.36,2185888.0
2015-05-11,163.84,164.32001,161.44,163.039993,1593675.0
2015-05-12,163.92,168.0,163.60001,165.92,2444175.0
2015-05-13,168.56,169.60001,164.88,164.88,2971675.0
2015-05-14,166.39999,167.12,163.2,164.24001,2141225.0
2015-05-15,161.2,164.39999,160.39999,164.16,2107350.0
2015-05-18,163.52,164.39999,161.84,163.52,1969950.0
2015-05-19,159.67999,160.16,156.64,157.039993,3565050.0
2015-05-20,158.72,159.75999,157.28,158.72,2844488.0
2015-05-21,162.16,164.72,161.60001,164.0,3321700.0
2015-05-22,160.8,162.56,160.72,162.0,1606775.0
2015-05-26,158.48,159.2,156.0,157.52,2549413.0
2015-05-27,155.67999,157.67999,155.12,155.84,2437100.0
2015-05-28,153.75999,156.48,152.72,156.48,3356013.0
2015-05-29,156.88,164.0,156.8,162.48,3994238.0
2015-06-01,162.88,163.84,160.32001,162.88,1935475.0
2015-06-02,164.24001,166.39999,163.28,165.44,2275825.0
2015-06-03,163.92,165.92,160.39999,161.36,2090675.0
2015-06-04,159.36,159.75999,156.39999,157.28,2546888.0
2015-06-05,154.0,160.0,153.84,159.2,2639275.0
2015-06-08,158.0,159.12,156.39999,157.67999,1432138.0
2015-06-09,161.60001,163.12,161.12,161.67999,1962013.0
2015-06-10,166.32001,166.39999,163.44,165.12,2833488.0
2015-06-11,164.96001,164.96001,162.64,163.92,1160638.0
2015-06-12,162.080002,163.28,161.52,162.16,1211600.0
2015-06-15,159.60001,161.60001,159.52,161.2,1256463.0
2015-06-16,161.36,162.72,161.039993,162.080002,805250.0
2015-06-17,164.96001,165.28,159.2,161.67999,2466850.0
2015-06-18,162.72,163.60001,161.36,162.88,1858013.0
2015-06-19,160.32001,161.2,158.88,160.16,1774213.0
2015-06-22,159.36,162.0,159.039993,161.28,1408363.0
2015-06-23,160.16,164.56,159.67999,163.75999,2267025.0
2015-06-24,162.96001,164.96001,160.32001,161.67999,2670688.0
2015-06-25,160.39999,160.96001,159.36,159.84,1508500.0
2015-06-26,158.32001,160.72,157.84,159.84,1364363.0
2015-06-29,156.72,157.84,155.92,156.080002,2362300.0
2015-06-30,157.92,160.0,157.2,159.039993,1841575.0
2015-07-01,156.32001,156.64,152.0,152.8,3128238.0
2015-07-02,153.28,155.36,151.44,151.44,2300313.0
2015-07-06,146.56,146.64,140.64,141.84,5214375.0
2015-07-07,140.72,143.28,135.60001,142.080002,5459000.0
2015-07-08,140.96001,141.60001,136.56,139.039993,2958588.0
2015-07-09,142.39999,143.28,140.24001,141.67999,2158288.0
2015-07-10,141.2,142.39999,139.36,141.36,2132975.0
2015-07-13,139.2,142.64,138.8,140.080002,2103163.0
2015-07-14,138.8,142.88,138.56,141.75999,2475300.0
2015-07-15,140.0,141.60001,137.2,137.84,3573813.0
2015-07-16,139.12,139.2,136.0,136.39999,2428513.0
2015-07-17,136.32001,136.39999,134.24001,135.92,2976488.0
2015-07-20,135.44,135.75999,133.52,133.52,2055688.0
2015-07-21,134.72,136.64,134.24001,135.28,1602138.0
2015-07-22,133.28,134.48,130.39999,130.72,3386963.0
2015-07-23,131.52,131.92,128.16,129.12,2836525.0
2015-07-24,129.44,129.44,126.88,128.24001,2905775.0
2015-07-27,126.48,127.2,125.12,125.2,4755175.0
2015-07-28,126.080002,128.72,125.12,126.8,2749613.0
2015-07-29,126.56,131.60001,126.4,129.92,4339963.0
2015-07-30,129.67999,130.96001,128.48,128.8,1733938.0
2015-07-31,128.96001,129.12,124.32,124.72,3075250.0
2015-08-03,122.32,123.76,119.84,120.8,4349038.0
2015-08-04,121.68,122.88,120.8,121.76,1817788.0
2015-08-05,122.48,124.16,119.2,120.24,3325950.0
2015-08-06,118.8,119.2,117.44,118.96,2991625.0
2015-08-07,117.76,118.24,116.16,116.48,2475525.0
2015-08-10,116.16,119.92,115.84,119.12,2560338.0
2015-08-11,115.84,116.32,114.16,115.92,3177363.0
2015-08-12,116.16,116.64,114.24,115.52,2300675.0
2015-08-13,114.24,114.24,111.84,112.72,3308050.0
2015-08-14,113.36,114.16,111.84,111.92,2085750.0
2015-08-17,112.4,113.28,110.88,111.12,2080838.0
2015-08-18,111.44,113.68,110.72,112.4,1932513.0
2015-08-19,111.84,112.24,107.28,107.44,4487400.0
2015-08-20,108.4,109.6,106.8,106.96,3940025.0
2015-08-21,107.68,108.56,104.48,105.84,3927350.0
2015-08-24,100.96,103.52,98.96,99.92,6165113.0
2015-08-25,104.16,104.4,101.68,101.84,4038163.0
2015-08-26,102.8,104.0,100.96,102.16,4054950.0
2015-08-27,104.4,112.0,104.32,111.6,7021275.0
2015-08-28,110.64,120.24,110.64,119.040001,8598013.0
2015-08-31,117.36,129.2,114.24,127.12,10985725.0
2015-09-01,123.84,124.72,117.52,118.48,7173325.0
2015-09-02,120.88,122.56,113.28,120.72,7385075.0
2015-09-03,121.84,126.8,120.4,122.72,5712138.0
2015-09-04,121.68,122.72,119.84,120.64,2765488.0
2015-09-08,119.28,121.6,116.64,120.16,3644588.0
2015-09-09,119.92,120.48,115.6,116.080002,2731413.0
2015-09-10,116.88,120.4,115.76,119.44,2436788.0
2015-09-11,116.96,118.88,115.52,117.2,3214238.0
2015-09-14,115.36,116.16,114.0,115.12,2223888.0
2015-09-15,115.84,117.44,114.8,116.56,2153038.0
2015-09-16,119.28,123.44,118.48,122.88,5533088.0
2015-09-17,123.040001,124.32,121.040001,121.84,3551763.0
2015-09-18,118.96,119.84,115.36,116.96,3599750.0
2015-09-21,119.36,121.52,118.56,120.4,2887375.0
2015-09-22,118.16,120.24,117.36,119.36,3544638.0
2015-09-23,120.64,121.92,114.8,115.52,4620525.0
2015-09-24,114.32,116.8,113.92,116.72,3334300.0
2015-09-25,118.48,119.84,116.8,117.76,2783438.0
2015-09-28,115.6,117.2,114.56,115.040001,2541425.0
2015-09-29,116.080002,118.080002,115.6,116.88,1837550.0
2015-09-30,116.4,118.56,115.68,117.44,3060838.0
2015-10-01,121.2,121.6,115.44,116.64,4043963.0
2015-10-02,114.32,118.4,113.68,118.16,3491463.0
2015-10-05,120.24,121.28,119.040001,120.0,2897725.0
2015-10-06,120.88,126.0,120.64,125.92,5568075.0
2015-10-07,127.44,128.39999,123.36,124.56,5104100.0
2015-10-08,125.28,129.36,124.56,128.32001,3707563.0
2015-10-09,128.32001,129.60001,127.040001,127.92,3722325.0
2015-10-12,127.92,127.92,121.6,122.48,3620138.0
2015-10-13,121.44,124.96,119.92,120.48,3733813.0
2015-10-14,119.84,121.28,118.8,120.4,2345463.0
2015-10-15,118.48,121.12,117.040001,121.040001,4521075.0
2015-10-16,122.24,122.56,119.28,121.76,2893050.0
2015-10-19,119.28,120.16,118.16,118.64,2648725.0
2015-10-20,118.4,119.92,116.88,117.84,2532213.0
2015-10-21,116.0,117.36,114.72,115.44,3319375.0
2015-10-22,116.96,117.84,114.8,116.080002,2078150.0
2015-10-23,113.84,115.12,113.040001,114.16,3346850.0
2015-10-26,113.44,113.6,112.0,112.080002,2644313.0
2015-10-27,109.68,110.8,108.88,110.56,3298113.0
2015-10-28,111.76,117.6,111.28,117.52,6116988.0
2015-10-29,117.68,119.52,116.64,117.040001,2749213.0
2015-10-30,117.28,120.16,116.56,118.48,2415288.0
2015-11-02,117.52,119.36,117.2,118.0,2009450.0
2015-11-03,120.32,123.6,119.52,122.24,4542538.0
2015-11-04,121.6,122.24,118.0,118.8,3222875.0
2015-11-05,117.36,118.72,115.36,115.84,3267375.0
2015-11-06,114.32,114.96,112.8,113.84,2799963.0
2015-11-09,112.8,113.84,111.6,112.64,2782213.0
2015-11-10,112.0,114.32,111.92,112.72,1985975.0
2015-11-11,112.48,112.72,109.12,110.080002,3019288.0
2015-11-12,107.6,109.6,106.56,106.8,4195875.0
2015-11-13,105.6,105.84,103.28,104.48,4322938.0
2015-11-16,104.0,107.44,102.48,107.12,4723425.0
2015-11-17,105.36,105.76,103.52,104.080002,2872350.0
2015-11-18,105.12,105.6,102.64,104.4,3094350.0
2015-11-19,103.36,104.24,102.88,103.68,2807150.0
2015-11-20,103.52,106.24,102.88,103.44,4722025.0
2015-11-23,102.72,105.92,102.56,104.16,3630650.0
2015-11-24,106.8,108.0,105.6,106.56,3195025.0
2015-11-25,104.88,107.36,103.68,107.12,3389625.0
2015-11-27,104.72,104.88,104.0,104.24,1327450.0
2015-11-30,105.44,105.84,103.2,103.44,2770025.0
2015-12-01,103.36,104.88,102.64,103.6,2457338.0
2015-12-02,102.16,104.24,99.040001,99.84,6567975.0
2015-12-03,100.72,103.76,99.6,102.16,4499675.0
2015-12-04,99.6,101.040001,98.64,99.68,5235563.0
2015-12-07,96.16,96.64,93.2,93.76,6665800.0
2015-12-08,92.16,95.76,91.6,93.44,4946713.0
2015-12-09,94.16,96.48,91.44,92.48,4858888.0
2015-12-10,91.52,92.56,90.64,90.96,4218238.0
2015-12-11,90.4,90.64,88.0,88.56,5557613.0
2015-12-14,87.76,90.4,86.32,89.28,4893525.0
2015-12-15,90.64,93.2,90.0,91.2,4486513.0
2015-12-16,89.84,90.72,87.040001,87.92,4548413.0
2015-12-17,87.6,87.6,85.68,85.92,3758075.0
2015-12-18,86.48,87.92,84.96,85.28,4639063.0
2015-12-21,84.8,86.0,84.16,85.28,3316550.0
2015-12-22,85.44,87.040001,85.28,86.16,2742775.0
2015-12-23,88.48,90.32,88.0,90.080002,4919263.0
2015-12-24,90.72,90.8,89.84,90.4,2379650.0
2015-12-28,88.48,88.56,87.28,87.44,2561988.0
2015-12-29,89.28,90.32,89.2,90.080002,2948150.0
2015-12-30,87.68,88.0,86.72,87.44,3099550.0
2015-12-31,86.72,89.92,86.56,88.0,3795288.0
2016-01-04,90.080002,91.36,86.56,87.84,4529588.0
2016-01-05,86.4,86.96,85.12,85.28,4021700.0
2016-01-06,82.4,83.76,80.48,80.88,9135888.0
2016-01-07,79.12,81.6,78.8,79.2,6499713.0
2016-01-08,79.6,80.16,77.68,78.4,5586050.0
2016-01-11,77.76,78.080002,73.6,74.0,10285050.0
2016-01-12,75.44,75.84,71.2,73.36,12760663.0
2016-01-13,74.4,75.12,71.44,72.72,12569463.0
2016-01-14,73.12,74.72,72.32,73.84,5953413.0
2016-01-15,70.32,71.2,69.12,70.32,11602613.0
2016-01-19,70.0,70.16,67.6,67.92,7540325.0
2016-01-20,66.72,66.96,63.36,65.92,10401950.0
2016-01-21,64.8,69.52,64.48,68.48,10902175.0
2016-01-22,72.72,74.32,71.76,74.16,7819525.0
2016-01-25,71.52,72.96,68.32,68.32,6934875.0
2016-01-26,70.48,74.48,69.92,71.76,6430600.0
2016-01-27,71.36,75.44,70.32,73.44,8928713.0
2016-01-28,78.4,78.88,75.28,77.6,8268888.0
2016-01-29,78.16,79.040001,75.040001,77.2,5901213.0
2016-02-01,74.8,74.88,71.92,72.16,6111225.0
2016-02-02,69.76,70.48,68.48,68.56,5554688.0
2016-02-03,70.72,74.8,68.32,74.72,9030788.0
2016-02-04,76.4,77.2,72.48,72.96,5623150.0
2016-02-05,72.32,73.84,70.4,71.28,4355950.0
2016-02-08,70.16,70.56,68.16,69.12,4787288.0
2016-02-09,68.080002,69.36,63.76,65.44,7226550.0
2016-02-10,63.76,67.2,63.12,63.68,8022850.0
2016-02-11,62.56,64.24,61.36,63.92,11998838.0
2016-02-12,65.28,68.16,64.080002,66.64,8488400.0
2016-02-16,67.92,68.16,65.44,66.48,6118750.0
2016-02-17,67.44,71.2,67.12,70.24,7534175.0
2016-02-18,72.24,72.56,69.2,69.28,6923763.0
2016-02-19,68.4,68.8,66.8,68.4,5945325.0
2016-02-22,71.2,72.080002,70.72,71.28,6746513.0
2016-02-23,70.080002,70.080002,67.44,67.84,7803400.0
2016-02-24,65.52,69.040001,65.12,68.72,6023738.0
2016-02-25,67.84,71.36,66.24,70.4,4938338.0
2016-02-26,73.12,73.28,69.6,70.24,7349925.0
2016-02-29,70.88,72.32,70.24,72.0,6325550.0
2016-03-01,71.84,74.080002,71.12,73.2,5950675.0
2016-03-02,72.080002,74.88,71.52,74.4,6188488.0
2016-03-03,73.040001,75.28,72.88,74.0,4296738.0
2016-03-04,74.32,77.2,73.44,77.2,6121725.0
2016-03-07,77.44,81.2,77.36,80.88,8387150.0
2016-03-08,80.32,80.32,77.2,77.2,5712563.0
2016-03-09,78.96,81.68,78.8,81.2,5498163.0
2016-03-10,79.68,80.96,79.040001,80.32,4136200.0
2016-03-11,81.68,82.32,80.48,81.52,3518000.0
2016-03-14,79.36,79.44,78.080002,79.040001,4664588.0
2016-03-15,77.84,77.92,76.72,77.6,4433888.0
2016-03-16,79.28,81.6,79.28,81.44,4788963.0
2016-03-17,82.96,84.8,82.32,84.4,5133838.0
2016-03-18,85.68,86.4,83.44,83.84,4864950.0
2016-03-21,84.0,84.96,82.88,84.72,4374413.0
2016-03-22,83.28,85.12,83.040001,84.32,3535925.0
2016-03-23,82.64,82.96,80.64,80.88,5024275.0
2016-03-24,78.24,80.8,77.92,80.48,6322038.0
2016-03-28,80.080002,80.48,78.96,80.080002,3406013.0
2016-03-29,77.68,78.56,77.040001,78.4,4371825.0
2016-03-30,79.92,81.040001,77.6,77.84,4619325.0
2016-03-31,77.44,79.36,77.36,77.6,4086550.0
2016-04-01,75.28,75.68,74.56,74.64,5033263.0
2016-04-04,74.56,75.68,72.4,72.64,4840888.0
2016-04-05,72.56,73.52,71.92,73.040001,5333550.0
2016-04-06,75.040001,77.040001,74.56,76.8,5712075.0
2016-04-07,75.92,76.4,74.64,76.080002,3525625.0
2016-04-08,79.84,80.88,79.44,80.24,5894563.0
2016-04-11,81.52,82.72,81.2,82.24,3633463.0
2016-04-12,82.96,85.76,82.48,85.12,7083088.0
2016-04-13,84.72,85.92,83.84,84.080002,5366750.0
2016-04-14,84.64,85.2,83.36,83.84,3969688.0
2016-04-15,82.24,82.64,81.040001,82.0,4372625.0
2016-04-18,78.72,81.92,78.32,81.36,4874688.0
2016-04-19,82.0,84.32,81.76,83.52,4684988.0
2016-04-20,81.92,87.040001,81.6,86.080002,5312650.0
2016-04-21,85.68,86.56,84.64,85.76,3392488.0
2016-04-22,86.0,87.44,85.52,86.080002,3745525.0
2016-04-25,86.24,86.48,83.76,84.4,2746975.0
2016-04-26,85.28,86.96,84.96,86.48,2398775.0
2016-04-27,88.24,89.76,86.080002,89.12,4740113.0
2016-04-28,89.28,90.72,88.8,89.76,3116988.0
2016-04-29,91.36,92.0,88.96,90.4,4350263.0
2016-05-02,89.92,90.0,87.6,88.4,2701800.0
2016-05-03,86.88,87.040001,85.28,85.92,3551525.0
2016-05-04,87.44,88.32,85.040001,86.32,3107025.0
2016-05-05,89.84,89.92,86.48,87.2,4269875.0
2016-05-06,86.48,89.2,86.24,87.68,3299588.0
2016-05-09,86.88,87.28,85.12,85.44,2767888.0
2016-05-10,86.0,88.16,85.76,87.92,2631888.0
2016-05-11,87.28,91.36,86.8,90.72,3667275.0
2016-05-12,92.24,92.24,89.76,91.6,2993300.0
2016-05-13,90.8,91.44,90.16,90.96,1903750.0
2016-05-16,93.44,94.32,93.040001,94.080002,3339175.0
2016-05-17,94.0,95.44,93.68,95.36,2788863.0
2016-05-18,94.8,96.0,93.6,93.6,3678188.0
2016-05-19,92.64,94.4,91.52,94.32,2737813.0
2016-05-20,94.32,94.88,92.88,94.0,2402500.0
2016-05-23,92.080002,93.52,91.92,93.28,2035138.0
2016-05-24,93.36,94.8,93.28,94.56,2136613.0
2016-05-25,95.36,96.4,94.32,96.24,3123013.0
2016-05-26,96.88,96.96,95.36,95.6,2707213.0
2016-05-27,94.72,95.92,94.4,95.84,1761138.0
2016-05-31,95.84,97.040001,94.56,94.96,2106338.0
2016-06-01,92.96,95.44,92.48,95.44,3194138.0
2016-06-02,93.36,95.68,93.2,94.88,2800263.0
2016-06-03,95.12,95.12,93.6,94.56,2396238.0
2016-06-06,96.080002,96.64,95.2,96.32,2926275.0
2016-06-07,96.8,97.92,96.56,97.76,2280963.0
2016-06-08,98.72,99.6,98.24,99.44,3312538.0
2016-06-09,97.52,98.56,97.52,98.0,2253463.0
2016-06-10,96.16,96.8,94.64,94.96,2627675.0
2016-06-13,93.68,95.52,93.6,94.080002,2270488.0
2016-06-14,93.84,94.32,93.28,93.84,1980300.0
2016-06-15,92.56,94.24,91.44,91.76,2918800.0
2016-06-16,91.2,91.36,88.88,89.12,3883588.0
2016-06-17,91.6,93.36,91.12,93.28,4365225.0
2016-06-20,94.56,95.68,94.080002,95.28,3259663.0
2016-06-21,94.080002,95.52,93.52,95.12,2727875.0
2016-06-22,95.92,96.32,92.64,93.92,3257088.0
2016-06-23,95.36,96.0,94.24,95.84,2368438.0
2016-06-24,91.040001,92.64,90.88,91.2,4098063.0
2016-06-27,89.76,89.76,87.68,89.52,3084863.0
2016-06-28,91.2,91.76,89.6,91.76,2922875.0
2016-06-29,92.4,95.68,92.0,94.32,3102713.0
2016-06-30,93.28,94.32,92.16,92.56,2756088.0
2016-07-01,92.16,94.24,92.0,94.24,2570888.0
2016-07-05,90.8,90.96,88.72,89.44,3770288.0
2016-07-06,88.72,91.28,88.080002,90.64,2179525.0
2016-07-07,92.0,92.32,85.92,86.56,4539438.0
2016-07-08,87.28,87.6,85.68,86.64,2692588.0
2016-07-11,87.28,87.6,85.12,85.2,2100738.0
2016-07-12,88.32,89.84,87.12,89.52,3828088.0
2016-07-13,88.56,89.2,85.2,86.0,4293163.0
2016-07-14,86.88,87.6,86.080002,86.96,2683238.0
2016-07-15,87.92,88.64,87.12,87.92,2957013.0
2016-07-18,86.32,87.040001,85.76,86.56,2480275.0
2016-07-19,86.32,86.56,85.44,85.6,2223175.0
2016-07-20,84.4,86.8,84.080002,85.84,3318988.0
2016-07-21,85.44,86.0,83.92,83.92,2542975.0
2016-07-22,83.92,84.0,82.4,83.36,2811775.0
2016-07-25,81.6,81.84,80.88,81.040001,3042163.0
2016-07-26,80.8,81.36,80.16,80.64,2977275.0
2016-07-27,80.8,81.36,78.48,79.2,3619338.0
2016-07-28,78.8,79.12,77.28,77.36,3546300.0
2016-07-29,77.040001,78.48,76.4,78.080002,3188438.0
2016-08-01,76.96,77.2,75.040001,75.28,4745975.0
2016-08-02,76.72,77.040001,73.92,74.64,3786738.0
2016-08-03,74.8,77.52,73.84,77.52,4553713.0
2016-08-04,76.56,79.28,76.32,78.72,3780075.0
2016-08-05,78.64,78.96,77.28,78.88,3856125.0
2016-08-08,80.24,81.68,80.16,80.8,3611363.0
2016-08-09,81.52,81.92,80.080002,80.56,3217800.0
2016-08-10,80.8,81.68,78.0,78.16,3878975.0
2016-08-11,79.12,82.56,78.88,81.68,3946300.0
2016-08-12,82.4,84.0,82.080002,84.0,3991263.0
2016-08-15,84.72,86.24,84.48,86.080002,4245650.0
2016-08-16,86.32,87.68,85.6,87.36,4274225.0
2016-08-17,87.040001,88.16,86.080002,87.92,4175325.0
2016-08-18,88.88,90.72,88.88,90.4,7362925.0
2016-08-19,90.72,91.040001,89.84,90.72,3873375.0
2016-08-22,88.8,88.88,87.6,87.76,3115513.0
2016-08-23,86.4,89.44,86.24,88.72,5971813.0
2016-08-24,87.52,88.24,85.92,86.56,3725563.0
2016-08-25,86.4,87.84,86.080002,87.6,2966363.0
2016-08-26,87.52,89.68,86.8,87.6,3285813.0
2016-08-29,86.64,87.36,86.32,86.8,3099063.0
2016-08-30,87.44,87.76,85.52,85.84,3436475.0
2016-08-31,84.96,85.28,82.32,82.88,3815000.0
2016-09-01,81.52,82.16,79.6,80.48,7381888.0
2016-09-02,81.6,82.72,81.2,81.92,4647313.0
2016-09-06,81.68,83.2,81.28,83.12,4204763.0
2016-09-07,83.2,84.32,82.48,84.16,4457100.0
2016-09-08,85.68,88.24,84.64,87.68,6787150.0
2016-09-09,86.24,86.56,84.64,84.72,3610350.0
2016-09-12,83.2,85.92,82.96,85.12,3353863.0
2016-09-13,83.92,84.56,82.8,82.96,4793325.0
2016-09-14,82.16,83.44,80.32,80.72,6737950.0
2016-09-15,81.12,82.080002,80.080002,81.12,4738550.0
2016-09-16,79.44,80.56,79.2,80.0,4880863.0
2016-09-19,80.24,81.6,79.84,79.84,5723913.0
2016-09-20,78.96,81.040001,78.56,80.56,5591238.0
2016-09-21,82.0,83.28,81.68,83.2,5514575.0
2016-09-22,84.56,84.88,83.84,84.24,6683125.0
2016-09-23,83.92,84.64,80.72,81.52,6432350.0
2016-09-26,82.72,84.32,82.48,83.44,5347263.0
2016-09-27,81.52,82.32,80.64,81.2,6940463.0
2016-09-28,82.4,86.56,80.96,85.2,11730200.0
2016-09-29,86.16,88.16,85.68,86.96,7906988.0
2016-09-30,87.76,88.16,87.040001,87.44,5452663.0
2016-10-03,88.32,89.44,87.28,88.8,4709063.0
2016-10-04,89.44,89.6,88.32,88.72,7292938.0
2016-10-05,90.64,91.2,89.84,90.8,5825413.0
2016-10-06,91.76,92.32,91.040001,92.080002,5324850.0
2016-10-07,91.92,92.080002,90.16,90.64,6808750.0
2016-10-10,92.24,94.16,92.16,93.36,6527025.0
2016-10-11,93.52,93.92,91.84,92.64,7669700.0
2016-10-12,91.68,91.92,90.88,91.44,5786288.0
2016-10-13,91.36,92.080002,89.92,91.92,7672113.0
2016-10-14,92.0,92.080002,90.8,91.52,6650825.0
2016-10-17,91.28,91.44,90.16,90.96,4504238.0
2016-10-18,91.84,92.0,90.56,91.6,4800775.0
2016-10-19,92.56,94.32,92.4,93.28,6027788.0
2016-10-20,91.92,92.32,91.12,91.44,5650650.0
2016-10-21,91.2,92.0,90.64,91.84,4957163.0
2016-10-24,90.8,91.52,89.6,91.44,6367538.0
2016-10-25,90.72,91.36,89.76,89.92,5826588.0
2016-10-26,88.56,90.48,88.24,88.72,7191438.0
2016-10-27,89.68,90.4,88.96,89.68,3084113.0
2016-10-28,88.8,89.84,87.44,88.080002,3621300.0
2016-10-31,86.72,87.040001,84.24,84.24,5659538.0
2016-11-01,85.2,85.52,83.44,84.56,4287363.0
2016-11-02,82.8,83.68,81.2,82.24,6201275.0
2016-11-03,81.92,82.16,80.16,80.64,4878825.0
2016-11-04,79.76,80.96,78.72,79.84,6995025.0
2016-11-07,80.48,81.28,79.68,81.28,4289838.0
2016-11-08,80.48,82.0,80.24,80.8,3653675.0
2016-11-09,81.12,82.96,80.32,82.24,5021763.0
2016-11-10,80.8,81.68,80.32,80.32,4254500.0
2016-11-11,79.040001,79.2,77.92,78.16,6020100.0
2016-11-14,77.84,79.040001,76.48,78.96,5609213.0
2016-11-15,80.64,83.2,80.64,82.72,7735588.0
2016-11-16,82.24,83.68,81.2,81.84,5161013.0
2016-11-17,83.52,83.84,80.96,81.040001,5044513.0
2016-11-18,81.92,82.64,80.88,82.56,3471238.0
2016-11-21,84.8,86.32,84.48,86.16,5342900.0
2016-11-22,85.92,86.48,83.92,85.040001,5539438.0
2016-11-23,84.8,86.16,84.48,85.36,3265150.0
2016-11-25,84.0,84.4,82.24,82.64,3716738.0
2016-11-28,83.76,84.8,82.8,83.52,7272513.0
2016-11-29,80.8,81.2,79.76,80.48,8365475.0
2016-11-30,80.48,88.8,80.48,87.44,13783213.0
2016-12-01,90.56,92.16,90.080002,90.64,11358200.0
2016-12-02,91.2,92.080002,90.56,91.84,4765288.0
2016-12-05,92.88,93.040001,90.72,90.8,5669463.0
2016-12-06,89.76,90.8,89.44,90.32,3787775.0
2016-12-07,89.28,90.080002,88.56,88.72,5295650.0
2016-12-08,89.2,90.48,88.64,90.48,4089013.0
2016-12-09,91.44,91.68,90.88,91.52,4110950.0
2016-12-12,95.2,95.52,92.64,92.96,6605013.0
2016-12-13,94.32,94.48,92.96,93.84,4160575.0
2016-12-14,92.72,93.84,90.4,90.56,5098325.0
2016-12-15,89.52,91.6,89.36,90.88,4573563.0
2016-12-16,91.52,92.64,91.2,92.4,4373725.0
2016-12-19,92.16,92.88,91.76,92.0,2404400.0
2016-12-20,93.36,93.76,92.64,92.96,2378988.0
2016-12-21,93.2,93.36,91.2,91.52,2883788.0
2016-12-22,92.0,92.72,91.68,91.68,2284900.0
2016-12-23,91.6,92.56,91.52,92.48,1325338.0
2016-12-27,93.12,94.32,93.12,93.84,1767913.0
2016-12-28,94.24,94.72,93.92,94.0,2217950.0
2016-12-29,94.0,94.48,93.44,93.76,2014638.0
2016-12-30,93.28,93.76,93.12,93.76,1855538.0
2017-01-03,95.84,96.0,90.88,91.52,4522938.0
2017-01-04,91.36,93.040001,90.88,92.64,2258475.0
2017-01-05,93.52,94.32,92.080002,93.6,2668338.0
2017-01-06,94.080002,94.48,92.96,93.44,1909950.0
2017-01-09,92.16,92.24,90.4,90.48,2600950.0
2017-01-10,90.96,90.96,88.56,88.56,2982700.0
2017-01-11,89.68,91.84,88.48,90.96,4008375.0
2017-01-12,90.96,93.040001,90.96,92.32,3417325.0
2017-01-13,91.6,92.24,90.96,91.28,1976200.0
2017-01-17,92.8,92.96,91.2,91.44,2123713.0
2017-01-18,89.52,90.96,88.64,89.28,3819300.0
2017-01-19,89.92,90.32,88.8,89.36,1967863.0
2017-01-20,91.6,92.0,90.96,91.12,3325863.0
2017-01-23,89.68,91.040001,89.68,90.56,1831338.0
2017-01-24,90.96,91.84,90.88,90.96,1920900.0
2017-01-25,90.4,91.68,90.16,90.48,2386225.0
2017-01-26,91.52,92.64,91.36,92.24,2691938.0
2017-01-27,91.2,91.52,90.16,91.2,2486913.0
2017-01-30,90.8,90.8,89.84,90.24,2055200.0
2017-01-31,91.2,91.84,90.24,90.56,2398375.0
2017-02-01,91.36,92.4,90.64,91.84,2516413.0
2017-02-02,92.56,92.72,91.44,92.080002,2469950.0
2017-02-03,91.92,92.96,91.68,92.32,2615425.0
2017-02-06,92.16,92.32,90.72,91.040001,3050775.0
2017-02-07,89.68,89.84,88.88,89.52,4761688.0
2017-02-08,88.88,90.24,88.32,89.84,3436513.0
2017-02-09,89.84,91.12,89.84,90.8,2550863.0
2017-02-10,92.24,92.64,91.84,92.0,3327850.0
2017-02-13,90.96,91.2,90.4,90.56,2563000.0
2017-02-14,91.84,91.92,90.8,91.040001,2317950.0
2017-02-15,90.64,91.6,90.56,90.88,2451975.0
2017-02-16,91.52,91.6,90.16,91.28,1721550.0
2017-02-17,90.56,91.36,90.48,91.12,1726275.0
2017-02-21,93.040001,93.12,92.080002,92.32,3152675.0
2017-02-22,91.040001,91.2,90.56,90.88,2315925.0
2017-02-23,92.88,93.2,92.0,92.24,2406825.0
2017-02-24,91.52,92.080002,91.52,91.68,1415263.0
2017-02-27,92.48,92.56,91.6,91.76,1295313.0
2017-02-28,90.88,91.76,90.24,91.6,2112063.0
2017-03-01,92.080002,92.4,91.2,91.2,1822313.0
2017-03-02,89.68,90.4,89.2,89.36,2716800.0
2017-03-03,89.52,90.64,89.44,90.32,1803200.0
2017-03-06,90.56,90.88,89.92,90.24,1953800.0
2017-03-07,91.040001,91.12,90.080002,90.16,1365938.0
2017-03-08,88.88,89.76,84.96,85.36,8220150.0
2017-03-09,84.56,84.72,82.56,84.24,6027038.0
2017-03-10,84.16,84.16,82.0,82.32,5452925.0
2017-03-13,82.32,82.72,81.76,82.24,5135000.0
2017-03-14,80.88,81.68,80.16,81.52,5459863.0
2017-03-15,82.48,83.28,81.92,83.040001,4261850.0
2017-03-16,83.12,83.2,82.32,82.88,2803625.0
2017-03-17,83.36,83.44,82.56,82.64,2235463.0
2017-03-20,82.080002,82.88,81.76,82.16,1720975.0
2017-03-21,82.4,82.64,80.56,80.88,3113150.0
2017-03-22,80.16,81.12,79.040001,80.96,2805350.0
2017-03-23,80.32,80.56,79.92,80.080002,2325138.0
2017-03-24,80.4,80.8,79.84,80.72,2014375.0
2017-03-27,79.44,80.4,79.040001,80.32,2813025.0
2017-03-28,80.88,81.84,80.72,81.2,2226100.0
2017-03-29,81.44,83.2,81.36,82.96,2894438.0
2017-03-30,83.76,84.72,83.52,84.56,3571350.0
2017-03-31,84.16,85.28,84.080002,85.12,2428825.0
2017-04-03,84.96,85.040001,84.16,84.4,2099513.0
2017-04-04,85.040001,85.92,84.72,85.68,3048200.0
2017-04-05,86.72,87.12,85.2,85.44,3623500.0
2017-04-06,86.56,87.040001,86.4,86.88,2740113.0
2017-04-07,87.12,87.76,86.96,87.68,2401600.0
2017-04-10,88.56,89.12,88.32,89.12,2770813.0
2017-04-11,89.040001,89.68,88.48,89.36,3068638.0
2017-04-12,89.92,90.080002,88.64,88.88,3221625.0
2017-04-13,89.44,89.6,88.8,89.040001,2171225.0
2017-04-17,89.040001,89.2,88.32,88.48,1856675.0
2017-04-18,88.0,88.8,87.52,88.32,1812950.0
2017-04-19,88.24,88.4,84.16,84.96,6307875.0
2017-04-20,84.64,85.44,84.16,84.32,3669788.0
2017-04-21,84.4,84.4,82.0,82.56,4833100.0
2017-04-24,82.32,82.48,81.68,82.0,3479663.0
2017-04-25,82.0,83.040001,81.44,82.88,2961788.0
2017-04-26,81.92,83.68,81.76,82.080002,3350838.0
2017-04-27,81.040001,82.080002,80.32,81.92,4250500.0
2017-04-28,82.32,82.64,81.36,81.92,1991575.0
2017-05-01,81.52,81.68,80.96,81.2,2014538.0
2017-05-02,81.36,81.36,78.88,79.36,5518288.0
2017-05-03,79.68,80.080002,78.88,79.44,4567550.0
2017-05-04,78.0,78.080002,75.44,75.68,8780438.0
2017-05-05,75.76,77.76,75.76,77.28,4447763.0
2017-05-08,77.2,78.0,76.24,77.36,3817188.0
2017-05-09,77.12,77.36,75.84,76.56,2553775.0
2017-05-10,77.6,79.6,77.44,78.88,4174700.0
2017-05-11,79.92,80.32,79.2,79.52,2421525.0
2017-05-12,79.76,79.84,78.8,79.6,2429450.0
2017-05-15,82.16,82.24,81.040001,81.36,4589063.0
2017-05-16,81.76,82.080002,80.72,80.88,2103113.0
2017-05-17,81.52,82.32,80.8,81.52,3381713.0
2017-05-18,81.040001,82.48,80.72,82.080002,2661463.0
2017-05-19,83.2,83.92,83.040001,83.84,3096025.0
2017-05-22,84.4,84.8,84.0,84.32,3061763.0
2017-05-23,84.64,85.2,84.32,85.12,3281375.0
2017-05-24,84.96,85.6,84.32,84.8,4027150.0
2017-05-25,84.0,84.64,80.080002,80.32,10476625.0
2017-05-26,81.12,82.4,80.72,82.24,3928063.0
2017-05-30,81.36,82.4,81.040001,81.92,1993850.0
2017-05-31,79.92,80.4,78.88,79.68,4164263.0
2017-06-01,80.080002,81.28,79.28,79.28,3772663.0
2017-06-02,78.64,79.44,77.84,78.88,3842900.0
2017-06-05,77.76,78.56,77.44,78.4,3517088.0
2017-06-06,77.92,79.92,77.84,79.76,3296013.0
2017-06-07,78.72,79.040001,75.52,75.68,7337350.0
2017-06-08,75.2,76.24,74.96,75.44,5105413.0
2017-06-09,75.52,76.4,75.28,75.92,3203088.0
2017-06-12,76.88,77.2,76.080002,76.16,3184850.0
2017-06-13,76.080002,76.96,75.28,76.8,3249588.0
2017-06-14,76.32,76.72,73.6,73.84,7585975.0
2017-06-15,73.76,73.92,73.28,73.44,3950813.0
2017-06-16,74.080002,74.16,73.6,73.92,2675475.0
2017-06-19,74.16,74.4,72.88,72.96,3225288.0
2017-06-20,71.44,71.76,70.64,71.6,6079375.0
2017-06-21,71.76,72.64,69.2,69.68,7649775.0
2017-06-22,70.4,71.28,70.16,70.24,3949263.0
2017-06-23,70.4,71.12,70.0,70.88,3878550.0
2017-06-26,71.040001,71.68,70.16,71.44,4657875.0
2017-06-27,71.92,73.12,71.84,72.8,3642500.0
2017-06-28,72.8,73.76,72.24,73.6,3671000.0
2017-06-29,74.16,74.72,73.44,73.68,3907375.0
2017-06-30,74.56,76.0,74.32,76.0,4084850.0
2017-07-03,76.4,77.040001,76.32,76.96,2525100.0
2017-07-05,76.48,76.64,73.84,74.0,8522750.0
2017-07-06,75.52,76.48,74.32,74.48,5235238.0
2017-07-07,73.52,73.6,72.0,72.8,5411413.0
2017-07-10,72.32,73.76,72.16,73.040001,3458050.0
2017-07-11,72.88,74.48,72.64,74.16,3079813.0
2017-07-12,75.68,76.4,74.16,74.64,4775163.0
2017-07-13,75.12,76.0,74.88,75.76,2572575.0
2017-07-14,76.24,76.88,75.84,76.72,3102538.0
2017-07-17,76.32,76.8,75.6,75.6,3129063.0
2017-07-18,76.8,76.88,75.76,76.32,3374100.0
2017-07-19,76.56,77.76,76.56,77.52,3197088.0
2017-07-20,78.16,78.24,76.64,76.88,2574188.0
2017-07-21,76.48,76.56,74.56,74.72,4681600.0
2017-07-24,75.76,76.16,75.52,76.0,2467075.0
2017-07-25,77.52,78.56,77.2,78.48,3451875.0
2017-07-26,79.2,80.080002,78.4,79.68,4864788.0
2017-07-27,80.24,80.64,79.44,80.48,3371375.0
2017-07-28,80.72,81.6,80.64,81.36,4163500.0
2017-07-31,81.2,82.56,80.56,82.24,4068650.0
2017-08-01,81.36,81.44,79.2,80.72,5192463.0
2017-08-02,80.56,81.36,79.6,81.12,3381200.0
2017-08-03,81.68,81.84,79.92,80.16,2911000.0
2017-08-04,80.4,81.28,79.76,81.040001,2203288.0
2017-08-07,80.16,80.96,79.52,80.8,2478188.0
2017-08-08,80.24,81.2,80.080002,80.48,2929425.0
2017-08-09,80.96,81.2,80.32,81.2,2168325.0
2017-08-10,81.92,82.0,79.2,79.28,3117075.0
2017-08-11,79.040001,80.24,78.64,79.92,1862525.0
2017-08-14,79.84,80.48,77.68,77.76,3157713.0
2017-08-15,77.28,78.080002,77.040001,78.0,2484475.0
2017-08-16,78.16,78.8,76.48,76.56,4711213.0
2017-08-17,76.32,77.28,76.16,76.96,1996350.0
2017-08-18,77.28,79.84,76.72,79.76,3808500.0
2017-08-21,78.96,79.28,77.12,77.68,3784875.0
2017-08-22,78.080002,78.72,77.76,78.16,1781075.0
2017-08-23,78.080002,79.2,77.84,79.040001,2071550.0
2017-08-24,78.32,78.4,76.88,77.68,2270838.0
2017-08-25,77.68,78.24,77.52,78.0,1898438.0
2017-08-28,77.52,77.6,75.36,76.24,4060300.0
2017-08-29,75.84,76.0,74.72,75.68,2457625.0
2017-08-30,75.2,76.32,74.88,75.040001,2361325.0
2017-08-31,75.92,77.52,75.92,77.040001,3188713.0
2017-09-01,76.8,77.36,76.080002,77.36,2001538.0
2017-09-05,79.28,80.0,79.12,79.36,3080538.0
2017-09-06,80.16,80.72,79.68,80.32,2578350.0
2017-09-07,79.84,80.48,79.68,80.24,2600600.0
2017-09-08,79.92,80.16,77.28,77.84,3009788.0
2017-09-11,77.28,78.88,76.88,78.56,2051388.0
2017-09-12,78.64,79.12,78.4,78.96,1771288.0
2017-09-13,79.36,80.56,79.12,80.56,2818125.0
2017-09-14,81.36,82.24,80.88,81.040001,3195125.0
2017-09-15,81.52,81.76,81.12,81.6,2010550.0
2017-09-18,81.12,81.6,80.32,81.36,2366313.0
2017-09-19,81.76,81.92,80.4,80.88,1903975.0
2017-09-20,81.52,82.64,81.040001,81.92,2876938.0
2017-09-21,81.44,82.080002,81.040001,82.0,1450413.0
2017-09-22,81.6,82.080002,81.44,81.92,1635600.0
2017-09-25,82.72,84.48,82.72,84.4,3731025.0
2017-09-26,83.68,84.080002,83.12,83.92,1799000.0
2017-09-27,84.16,84.48,83.52,84.16,2003313.0
2017-09-28,85.040001,85.2,82.8,83.44,2335900.0
2017-09-29,83.12,83.68,82.88,83.44,1639650.0
2017-10-02,81.36,81.84,80.96,81.68,2215125.0
2017-10-03,81.68,82.0,81.28,81.44,1409863.0
2017-10-04,81.44,81.92,80.48,80.64,1634750.0
2017-10-05,81.12,82.8,81.040001,82.0,1623425.0
2017-10-06,80.080002,80.16,79.36,79.76,2938700.0
2017-10-09,80.24,80.48,79.68,80.0,1372038.0
2017-10-10,81.6,82.56,81.52,82.24,1938325.0
2017-10-11,82.48,82.96,81.76,82.88,1738038.0
2017-10-12,81.36,82.32,81.040001,81.84,1902313.0
2017-10-13,83.040001,83.2,82.32,82.96,2301488.0
2017-10-16,84.24,84.32,83.36,83.68,2005713.0
2017-10-17,83.76,84.24,82.64,83.92,2050638.0
2017-10-18,84.080002,84.4,83.44,83.84,1682738.0
2017-10-19,82.72,83.36,82.56,82.8,1447388.0
2017-10-20,82.32,83.52,82.32,83.44,1498163.0
2017-10-23,83.76,83.92,82.96,83.36,1418275.0
2017-10-24,83.84,84.4,83.12,84.32,2296338.0
2017-10-25,83.84,84.16,83.36,83.84,2154125.0
2017-10-26,83.6,84.64,83.44,84.56,1918000.0
2017-10-27,84.48,86.8,84.4,86.72,3087375.0
2017-10-30,84.48,87.44,84.48,86.96,1573300.0
2017-10-31,86.8,87.68,86.64,87.44,1754150.0
2017-11-01,88.24,88.48,86.56,87.2,2644000.0
2017-11-02,87.2,88.080002,86.96,87.92,1259913.0
2017-11-03,88.0,89.6,87.44,89.44,2356400.0
2017-11-06,89.52,92.56,89.36,92.080002,3844275.0
2017-11-07,91.76,92.24,91.36,91.92,2236850.0
2017-11-08,91.52,93.040001,90.64,91.28,4651825.0
2017-11-09,91.36,92.4,91.2,91.68,2460463.0
2017-11-10,91.84,92.16,90.88,91.36,1464125.0
2017-11-13,91.36,91.84,90.48,91.040001,1737313.0
2017-11-14,90.8,90.88,88.64,89.040001,2690813.0
2017-11-15,88.64,89.2,88.16,88.72,1722063.0
2017-11-16,88.56,89.36,88.24,88.56,1529000.0
2017-11-17,89.68,90.88,89.6,90.8,2048400.0
2017-11-20,90.16,90.32,89.2,90.24,1429750.0
2017-11-21,90.4,91.6,90.4,91.2,1529913.0
2017-11-22,92.4,92.96,91.76,92.8,2246163.0
2017-11-24,93.92,94.32,93.6,94.32,1174263.0
2017-11-27,93.2,93.44,92.080002,92.72,1735750.0
2017-11-28,92.48,93.040001,92.24,92.64,1013688.0
2017-11-29,92.64,93.28,90.88,91.76,2011713.0
2017-11-30,92.4,92.64,90.96,91.76,2227388.0
2017-12-01,93.2,94.24,92.8,93.36,1768150.0
2017-12-04,92.32,92.64,91.76,91.92,1523463.0
2017-12-05,91.76,92.72,91.68,92.32,1614300.0
2017-12-06,91.2,91.28,89.44,89.6,2423625.0
2017-12-07,90.16,90.88,90.080002,90.64,1137925.0
2017-12-08,92.16,92.4,91.2,91.92,1178325.0
2017-12-11,92.32,92.88,92.0,92.8,1797863.0
2017-12-12,93.12,93.12,90.96,91.52,3106863.0
2017-12-13,91.68,91.84,90.4,90.64,2276638.0
2017-12-14,89.76,91.44,89.68,91.44,1134150.0
2017-12-15,91.76,91.92,91.2,91.68,1201063.0
2017-12-18,92.0,92.24,90.96,91.52,1633500.0
2017-12-19,91.84,92.080002,91.6,92.080002,856138.0
2017-12-20,92.32,92.96,91.84,92.88,1264725.0
2017-12-21,92.32,93.36,92.16,93.12,1391950.0
2017-12-22,92.64,93.52,92.64,93.28,823925.0
2017-12-26,93.84,95.92,93.76,95.6,2199875.0
2017-12-27,95.44,95.68,94.96,95.36,1033775.0
2017-12-28,95.28,95.84,95.040001,95.76,1546013.0
2017-12-29,96.16,96.72,95.84,96.080002,1475238.0
2018-01-02,96.56,96.8,96.080002,96.56,1497588.0
2018-01-03,97.36,98.88,97.36,98.72,2156150.0
2018-01-04,98.64,99.36,98.48,98.96,1480988.0
2018-01-05,98.24,98.64,97.68,98.48,1609888.0
2018-01-08,98.48,99.040001,98.16,99.040001,1229225.0
2018-01-09,99.28,101.12,98.96,100.56,2666150.0
2018-01-10,101.36,101.68,100.8,101.44,1821550.0
2018-01-11,102.080002,103.36,101.6,101.6,2579100.0
2018-01-12,101.44,103.12,101.2,102.96,2850200.0
2018-01-16,102.48,102.88,101.44,102.080002,2277850.0
2018-01-17,101.84,102.72,101.68,102.24,1993013.0
2018-01-18,102.0,102.8,101.6,102.080002,2075713.0
2018-01-19,101.44,101.92,100.88,101.76,2168175.0
2018-01-22,101.44,102.72,101.040001,102.24,1866225.0
2018-01-23,102.72,103.92,102.64,103.76,2077238.0
2018-01-24,103.52,105.84,103.28,105.76,3267225.0
2018-01-25,106.24,106.4,104.24,104.48,2096800.0
2018-01-26,104.88,106.32,104.8,105.92,3971988.0
2018-01-29,104.88,105.2,104.080002,104.88,1978613.0
2018-01-30,103.52,103.6,102.72,103.2,4303675.0
2018-01-31,103.28,104.080002,102.32,103.84,2462013.0
2018-02-01,104.64,106.080002,104.24,105.92,2509275.0
2018-02-02,104.96,105.36,103.36,104.32,3594688.0
2018-02-05,104.24,104.56,101.84,102.16,3841075.0
2018-02-06,101.6,103.040001,101.36,101.6,2954538.0
2018-02-07,101.76,102.48,98.24,98.96,4613663.0
2018-02-08,99.36,99.52,96.64,96.72,3407438.0
2018-02-09,96.88,97.12,93.2,94.88,5397888.0
2018-02-12,95.84,96.8,94.96,95.12,2039013.0
2018-02-13,94.32,95.44,93.68,94.96,2372763.0
2018-02-14,93.84,97.84,93.52,97.44,4469888.0
2018-02-15,96.72,98.88,95.92,98.64,2406038.0
2018-02-16,98.16,99.52,97.76,99.040001,2222813.0
2018-02-20,99.36,100.48,98.8,99.12,2719738.0
2018-02-21,98.64,99.52,98.24,98.32,1422550.0
2018-02-22,99.68,101.52,99.040001,100.72,2411838.0
2018-02-23,100.88,102.56,100.8,102.16,2300125.0
2018-02-26,101.84,103.36,101.44,102.88,1748425.0
2018-02-27,102.72,102.8,100.88,101.2,2128950.0
2018-02-28,101.68,102.080002,98.72,98.96,3475800.0
2018-03-01,98.080002,99.040001,96.88,98.8,3238863.0
2018-03-02,97.76,98.96,96.8,98.96,2254713.0
2018-03-05,98.64,101.040001,98.56,100.72,2458350.0
2018-03-06,100.96,101.12,100.080002,100.56,2256988.0
2018-03-07,99.84,100.72,97.52,98.8,3119713.0
2018-03-08,98.56,98.64,96.64,97.2,2881225.0
2018-03-09,98.16,100.0,98.080002,99.76,2423100.0
2018-03-12,99.28,99.52,97.76,98.96,2185138.0
2018-03-13,98.48,100.0,97.2,97.92,3024238.0
2018-03-14,98.24,98.72,97.12,98.24,2319625.0
2018-03-15,98.8,99.36,98.32,98.72,1467363.0
2018-03-16,98.8,100.96,98.56,100.4,3485088.0
2018-03-19,100.56,100.64,99.12,100.4,2855363.0
2018-03-20,102.080002,103.2,101.68,102.48,2281838.0
2018-03-21,103.68,105.68,103.44,105.44,2886025.0
2018-03-22,104.080002,104.4,103.44,103.6,1966450.0
2018-03-23,104.72,106.4,104.64,106.24,2269888.0
2018-03-26,105.84,106.24,104.96,105.68,3121838.0
2018-03-27,106.24,106.32,104.32,104.64,2577163.0
2018-03-28,104.16,105.040001,102.8,104.32,2372900.0
2018-03-29,103.92,105.28,103.52,104.72,2039800.0
2018-04-02,103.84,103.84,101.6,101.92,2413925.0
2018-04-03,102.24,102.88,101.76,102.48,1146825.0
2018-04-04,100.4,102.64,100.16,102.56,2538850.0
2018-04-05,102.56,103.52,101.92,102.64,2155788.0
2018-04-06,102.4,102.8,99.76,100.080002,3147513.0
2018-04-09,101.52,102.64,101.36,102.16,1601763.0
2018-04-10,104.16,106.16,104.16,106.0,2968450.0
2018-04-11,106.4,108.72,106.0,107.6,3085563.0
2018-04-12,107.2,108.32,106.4,108.16,1859000.0
2018-04-13,108.4,109.12,108.0,108.4,1770350.0
2018-04-16,107.92,108.0,106.72,107.040001,1753075.0
2018-04-17,106.16,107.52,105.92,107.28,1644388.0
2018-04-18,109.6,111.2,109.12,111.040001,3322388.0
2018-04-19,111.6,112.0,109.76,110.16,2178550.0
2018-04-20,109.28,110.72,108.96,110.0,1478875.0
2018-04-23,108.88,111.52,108.4,111.36,2074100.0
2018-04-24,110.8,112.0,109.040001,109.44,2510050.0
2018-04-25,109.52,110.080002,108.4,109.76,1707313.0
2018-04-26,110.64,110.72,109.36,110.16,2151713.0
2018-04-27,109.44,110.4,109.36,109.84,1601475.0
2018-04-30,108.96,112.0,108.8,110.4,3617163.0
2018-05-01,109.52,109.6,108.0,108.88,2011513.0
2018-05-02,108.48,110.080002,108.080002,109.36,1727875.0
2018-05-03,109.040001,110.8,108.64,110.56,1519750.0
2018-05-04,110.64,113.040001,110.64,112.72,2346763.0
2018-05-07,113.52,114.4,112.24,112.8,3598650.0
2018-05-08,113.44,113.76,109.28,112.48,6607813.0
2018-05-09,114.16,115.28,114.080002,114.96,2435313.0
2018-05-10,115.040001,115.52,114.0,115.28,1953388.0
2018-05-11,114.96,115.44,113.92,114.0,1758750.0
2018-05-14,114.4,115.2,114.32,115.040001,2033313.0
2018-05-15,114.96,115.52,114.0,115.2,2236963.0
2018-05-16,114.72,115.84,114.4,115.68,1683025.0
2018-05-17,116.32,117.040001,115.2,115.92,2149863.0
2018-05-18,115.52,116.0,114.96,115.44,1557263.0
2018-05-21,115.84,117.36,115.76,117.36,1681888.0
2018-05-22,117.2,117.92,116.4,116.48,2459500.0
2018-05-23,116.24,116.64,115.12,116.080002,2011438.0
2018-05-24,114.32,115.2,114.16,114.32,1931738.0
2018-05-25,111.44,111.44,109.2,109.44,5070300.0
2018-05-29,108.56,108.8,106.64,108.080002,3289125.0
2018-05-30,108.64,110.8,108.64,110.64,3015113.0
2018-05-31,108.64,110.32,107.68,108.4,3030750.0
2018-06-01,107.28,108.16,106.0,106.0,2868513.0
2018-06-04,106.4,106.64,104.48,104.96,2484438.0
2018-06-05,104.24,106.080002,104.0,105.76,2788663.0
2018-06-06,105.52,106.0,104.0,105.28,2116213.0
2018-06-07,105.68,106.88,105.6,106.8,1776825.0
2018-06-08,106.48,107.12,105.44,106.16,1979263.0
2018-06-11,105.36,107.36,105.2,106.88,1836325.0
2018-06-12,106.72,107.92,106.64,107.2,2434163.0
2018-06-13,106.8,108.16,106.64,107.76,2182113.0
2018-06-14,108.4,108.48,107.2,108.16,1667250.0
2018-06-15,107.52,107.52,104.32,104.4,3436813.0
2018-06-18,105.36,106.64,104.96,106.32,2223113.0
2018-06-19,104.8,105.68,104.080002,105.12,1999775.0
2018-06-20,106.56,107.52,105.2,106.24,2540238.0
2018-06-21,105.12,107.28,104.96,106.48,2245375.0
2018-06-22,109.68,112.24,108.72,112.16,4109475.0
2018-06-25,112.080002,112.4,109.84,110.16,3099950.0
2018-06-26,111.28,114.48,110.32,114.16,4205538.0
2018-06-27,115.92,118.4,115.84,117.2,4305113.0
2018-06-28,117.84,119.92,117.52,118.88,3882688.0
2018-06-29,119.44,120.64,119.36,120.48,2701250.0
2018-07-02,120.0,120.48,118.96,119.68,2692025.0
2018-07-03,121.52,122.0,117.84,119.36,2636363.0
2018-07-05,120.0,120.4,117.6,118.24,2737150.0
2018-07-06,117.36,119.84,117.28,119.68,2367950.0
2018-07-09,119.76,120.24,118.48,120.24,1612275.0
2018-07-10,120.88,121.36,119.84,120.56,1926900.0
2018-07-11,119.040001,120.24,113.76,114.48,4801038.0
2018-07-12,115.040001,115.6,113.12,115.12,2938800.0
2018-07-13,115.36,117.28,115.2,115.76,2398038.0
2018-07-16,113.6,113.84,110.88,111.52,3900275.0
2018-07-17,110.72,112.4,110.080002,111.6,6807063.0
2018-07-18,110.8,112.88,110.24,112.8,2784425.0
2018-07-19,112.64,114.32,112.24,113.040001,2766288.0
2018-07-20,113.44,113.84,112.56,113.2,2851188.0
2018-07-23,114.56,115.2,112.4,112.72,2937000.0
2018-07-24,112.88,114.8,112.88,113.84,2495563.0
2018-07-25,114.24,115.84,113.36,115.36,2686538.0
2018-07-26,114.72,116.32,114.72,115.76,1978288.0
2018-07-27,115.6,116.0,113.52,114.56,1882913.0
2018-07-30,116.72,117.12,116.16,116.32,2155038.0
2018-07-31,115.040001,115.2,113.92,114.24,2030488.0
2018-08-01,112.72,113.76,111.92,112.72,2264225.0
2018-08-02,112.080002,115.36,111.84,114.88,2169663.0
2018-08-03,114.48,114.8,112.88,114.16,2062800.0
2018-08-06,115.2,116.32,114.4,114.48,2556025.0
2018-08-07,115.44,115.84,114.72,114.88,1672350.0
2018-08-08,113.52,113.52,110.4,111.2,3609975.0
2018-08-09,111.76,112.24,110.96,111.040001,2018688.0
2018-08-10,112.080002,112.96,111.92,112.64,2255250.0
2018-08-13,112.080002,112.4,109.44,112.080002,3422513.0
2018-08-14,113.76,113.84,111.12,111.92,2367788.0
2018-08-15,110.24,110.32,107.52,108.080002,5946038.0
2018-08-16,108.56,109.2,108.16,109.040001,2308625.0
2018-08-17,110.48,110.56,108.88,109.52,2552363.0
2018-08-20,109.52,110.4,109.28,110.080002,2190300.0
2018-08-21,111.68,111.84,110.48,110.64,1340450.0
2018-08-22,113.040001,114.56,112.48,114.16,2537700.0
2018-08-23,113.6,114.48,113.28,114.16,1441388.0
2018-08-24,116.0,116.64,114.88,115.44,1787913.0
2018-08-27,115.84,116.080002,115.28,116.0,1358450.0
2018-08-28,116.080002,116.080002,114.8,115.44,1341263.0
2018-08-29,116.24,117.36,115.84,117.28,2214938.0
2018-08-30,117.52,118.64,117.12,118.0,1791738.0
2018-08-31,117.84,118.24,117.2,117.68,1375350.0
2018-09-04,118.8,118.96,116.24,116.64,1879475.0
2018-09-05,116.64,117.12,115.52,115.92,1609200.0
2018-09-06,115.68,115.92,112.8,114.4,1942388.0
2018-09-07,113.040001,114.32,112.56,114.24,1718588.0
2018-09-10,115.040001,115.36,113.36,113.68,1242663.0
2018-09-11,114.16,117.040001,113.84,116.8,1551400.0
2018-09-12,118.0,119.68,117.84,118.24,2331063.0
2018-09-13,116.88,117.36,115.12,115.92,2303338.0
2018-09-14,115.84,117.68,114.48,116.0,2044750.0
2018-09-17,116.88,117.28,115.36,115.76,1802913.0
2018-09-18,117.52,118.48,116.72,117.52,1835950.0
2018-09-19,117.92,119.6,117.84,119.52,2182925.0
2018-09-20,120.16,120.4,118.24,118.4,1846075.0
2018-09-21,119.92,121.2,118.24,119.68,3544988.0
2018-09-24,121.76,122.88,121.36,122.0,3086350.0
2018-09-25,122.56,122.88,121.44,122.16,2287988.0
2018-09-26,121.36,121.92,120.72,120.88,1383150.0
2018-09-27,122.080002,122.16,121.2,122.080002,1472738.0
2018-09-28,121.92,124.56,121.84,124.16,2314638.0
2018-10-01,124.0,128.080002,123.6,127.6,3278550.0
2018-10-02,127.6,127.68,126.64,126.96,1999750.0
2018-10-03,126.8,129.92,125.36,128.64,3278025.0
2018-10-04,128.24001,128.24001,124.88,125.92,3300213.0
2018-10-05,125.76,127.040001,124.8,125.52,3253288.0
2018-10-08,124.48,125.68,124.24,125.44,2473338.0
2018-10-09,126.24,127.2,125.12,126.56,2912575.0
2018-10-10,126.16,126.16,122.96,123.040001,2259738.0
2018-10-11,121.76,122.16,119.12,119.6,3723563.0
2018-10-12,121.12,121.28,119.36,120.96,3340900.0
2018-10-15,120.96,121.36,119.76,121.040001,2797250.0
2018-10-16,120.72,122.16,120.4,121.52,2308700.0
2018-10-17,120.4,120.48,117.52,118.56,3950950.0
2018-10-18,116.48,118.080002,116.080002,116.48,2988300.0
2018-10-19,117.44,118.4,117.040001,117.76,2574550.0
2018-10-22,116.8,118.0,116.0,117.92,2182725.0
2018-10-23,114.88,115.12,111.44,112.32,5841738.0
2018-10-24,113.92,114.72,112.32,112.4,3376750.0
2018-10-25,113.44,114.64,113.28,113.68,1922625.0
2018-10-26,112.96,115.040001,112.48,114.64,2714938.0
2018-10-29,114.0,114.24,112.32,112.88,2657913.0
2018-10-30,111.2,113.28,110.96,112.24,2458200.0
2018-10-31,111.92,113.040001,110.16,110.32,3998850.0
2018-11-01,110.88,110.88,106.96,107.68,4506738.0
2018-11-02,107.36,108.16,106.24,106.48,3595175.0
2018-11-05,107.92,108.72,106.32,106.4,2456175.0
2018-11-06,107.12,107.36,103.92,105.44,3702325.0
2018-11-07,106.080002,106.48,103.84,104.48,3240038.0
2018-11-08,103.92,104.48,102.56,102.72,3425125.0
2018-11-09,101.2,102.72,100.56,101.6,3858088.0
2018-11-12,102.88,103.76,99.52,99.84,4355875.0
2018-11-13,99.36,99.84,92.96,93.52,10619463.0
2018-11-14,96.16,97.36,95.040001,95.6,6936100.0
2018-11-15,95.92,97.28,95.44,95.84,4923988.0
2018-11-16,97.6,98.4,94.96,96.56,3793375.0
2018-11-19,95.040001,97.44,93.6,97.12,4316188.0
2018-11-20,94.64,95.2,89.28,90.16,9022213.0
2018-11-21,92.080002,94.56,91.36,92.16,4777600.0
2018-11-23,87.040001,87.52,85.52,86.64,6942050.0
2018-11-26,87.6,88.48,87.040001,87.52,4877700.0
2018-11-27,87.76,88.64,85.12,87.6,4510763.0
2018-11-28,86.8,88.32,84.8,85.28,6097725.0
2018-11-29,86.72,88.32,86.080002,86.96,4139988.0
2018-11-30,85.040001,87.44,84.080002,85.84,5852475.0
2018-12-03,90.16,90.16,88.16,90.16,4072788.0
2018-12-04,90.0,90.8,89.2,89.44,3399300.0
2018-12-06,86.88,88.0,84.8,87.52,5738675.0
2018-12-07,90.96,91.84,88.64,88.88,5410950.0
2018-12-10,86.96,88.24,85.6,86.0,3925263.0
2018-12-11,88.32,88.8,86.8,87.6,2606038.0
2018-12-12,88.56,89.040001,86.32,86.56,3284500.0
2018-12-13,85.92,90.16,85.76,89.68,6635338.0
2018-12-14,88.72,88.8,86.24,86.56,4474000.0
2018-12-17,87.12,87.28,83.28,83.6,5016200.0
2018-12-18,83.28,83.28,77.84,78.32,7047738.0
2018-12-19,79.76,81.6,79.36,80.16,4808563.0
2018-12-20,78.48,79.68,77.12,77.76,5516575.0
2018-12-21,76.96,78.24,76.32,76.56,4862650.0
2018-12-24,75.92,76.16,74.24,74.32,2699775.0
2018-12-26,74.0,79.36,73.84,79.2,5122350.0
2018-12-27,76.72,77.2,74.96,76.96,4572338.0
2018-12-28,76.32,77.2,75.040001,76.24,2850425.0
2018-12-31,77.040001,77.68,75.52,77.28,3552175.0
2019-01-02,75.36,80.64,74.88,78.8,4137850.0
2019-01-03,79.92,80.080002,77.2,79.6,4027375.0
2019-01-04,81.36,83.12,80.48,81.44,4864513.0
2019-01-07,82.16,84.16,81.84,82.32,4031138.0
2019-01-08,83.44,84.4,82.88,84.0,3644150.0
2019-01-09,86.48,88.8,85.52,88.4,6148538.0
2019-01-10,87.12,89.12,86.8,88.8,2647250.0
2019-01-11,87.84,88.4,86.48,87.2,3576688.0
2019-01-14,86.48,87.44,85.040001,85.52,3882538.0
2019-01-15,86.8,88.32,86.8,88.0,2989488.0
2019-01-16,87.6,88.56,86.56,88.48,4094163.0
2019-01-17,87.040001,88.8,86.16,88.24,4481600.0
2019-01-18,88.96,90.96,88.32,90.48,5105025.0
2019-01-22,88.72,89.28,87.44,88.96,4597175.0
2019-01-23,89.36,89.52,87.12,88.4,3630600.0
2019-01-24,88.48,89.84,88.24,89.36,2748363.0
2019-01-25,89.6,90.4,89.28,90.0,2220975.0
2019-01-28,87.52,87.76,86.24,87.6,3613913.0
2019-01-29,88.96,90.64,88.96,89.28,2847825.0
2019-01-30,90.72,92.32,90.32,91.2,2582500.0
2019-01-31,92.0,93.040001,90.080002,90.8,3443350.0
2019-02-01,91.2,93.52,91.12,93.040001,2362475.0
2019-02-04,91.040001,92.16,89.6,92.0,2478475.0
2019-02-05,90.24,91.76,89.84,90.32,2743163.0
2019-02-06,89.68,91.28,89.040001,90.56,2399100.0
2019-02-07,90.080002,90.32,87.040001,88.56,2777825.0
2019-02-08,88.8,89.040001,87.76,88.64,1734588.0
2019-02-11,86.72,88.48,86.16,88.080002,2945863.0
2019-02-12,90.56,90.72,89.040001,89.28,2233888.0
2019-02-13,90.4,91.76,90.32,90.72,2597725.0
2019-02-14,90.16,91.84,89.36,91.84,3395525.0
2019-02-15,92.88,93.84,92.56,93.68,2346175.0
2019-02-19,93.12,94.4,93.040001,94.24,2636700.0
2019-02-20,93.84,96.16,93.76,95.44,2125913.0
2019-02-21,95.12,95.52,94.64,95.040001,1654338.0
2019-02-22,96.0,96.48,95.44,95.6,1635113.0
2019-02-25,93.84,94.16,92.0,92.56,3565650.0
2019-02-26,92.88,93.6,92.32,93.040001,2493225.0
2019-02-27,94.64,95.92,94.080002,95.12,2688475.0
2019-02-28,95.36,95.92,94.8,95.6,1783638.0
2019-03-01,95.6,96.24,92.88,93.28,3959200.0
2019-03-04,94.72,95.28,93.44,94.4,2754200.0
2019-03-05,95.28,95.44,94.080002,94.56,2590213.0
2019-03-06,93.68,94.32,92.64,94.0,3225238.0
2019-03-07,94.64,94.88,94.0,94.48,2221275.0
2019-03-08,92.080002,93.92,91.12,93.84,3694688.0
2019-03-11,94.96,95.2,94.16,94.88,2812000.0
2019-03-12,95.52,96.16,94.8,95.12,2052438.0
2019-03-13,96.4,97.68,96.24,97.52,3626700.0
2019-03-14,97.76,98.16,97.12,97.76,2648075.0
2019-03-15,96.64,97.92,96.48,97.6,2030775.0
2019-03-18,97.84,98.96,97.68,98.48,2304938.0
2019-03-19,99.040001,99.28,97.92,98.24,1948513.0
2019-03-20,98.16,100.16,98.0,100.0,2446100.0
2019-03-21,99.84,100.4,99.12,99.52,1866700.0
2019-03-22,98.4,98.56,96.88,97.84,2842488.0
2019-03-25,97.44,98.64,96.64,98.0,2457838.0
2019-03-26,99.92,100.32,99.2,99.76,2047625.0
2019-03-27,99.92,100.080002,97.76,98.72,2391100.0
2019-03-28,97.2,98.8,97.12,98.8,2587638.0
2019-03-29,100.48,100.48,99.36,100.0,2203938.0
2019-04-01,100.96,102.64,100.64,102.56,2856938.0
2019-04-02,103.040001,104.32,102.8,104.080002,2901425.0
2019-04-03,104.0,104.48,103.2,103.92,3037750.0
2019-04-04,103.84,104.32,102.88,103.36,2172100.0
2019-04-05,103.84,105.36,103.76,105.2,2344913.0
2019-04-08,105.84,107.28,105.84,107.2,2982438.0
2019-04-09,106.8,107.040001,105.92,106.64,3424225.0
2019-04-10,107.040001,107.68,106.64,107.28,2108263.0
2019-04-11,106.72,107.040001,105.44,106.16,2359750.0
2019-04-12,106.88,107.2,106.24,106.4,2317625.0
2019-04-15,105.84,106.32,105.12,105.92,1979563.0
2019-04-16,105.84,107.040001,105.040001,106.96,1681163.0
2019-04-17,107.040001,107.12,106.080002,106.24,1932463.0
2019-04-18,106.4,106.72,105.84,106.56,1549138.0
2019-04-22,108.88,109.76,108.8,109.36,2547713.0
2019-04-23,109.76,110.88,109.68,110.32,2315425.0
2019-04-24,110.48,110.56,109.28,109.44,1879188.0
2019-04-25,109.52,109.84,108.0,108.24,2195313.0
2019-04-26,107.040001,107.12,103.68,104.72,5269263.0
2019-04-29,105.2,106.0,104.4,105.84,2926275.0
2019-04-30,106.8,106.88,105.44,106.32,2096425.0
2019-05-01,106.24,106.48,104.48,105.76,3221438.0
2019-05-02,103.36,103.52,101.52,102.56,5288613.0
2019-05-03,102.96,104.080002,102.8,102.96,3274225.0
2019-05-06,102.32,104.88,102.32,104.56,4741500.0
2019-05-07,102.24,102.8,101.040001,101.84,3743113.0
2019-05-08,102.24,103.84,102.0,103.12,2893750.0
2019-05-09,102.56,102.96,101.44,102.48,2399013.0
2019-05-10,102.4,103.44,102.32,102.72,2353613.0
2019-05-13,105.12,105.52,101.12,101.44,4848838.0
2019-05-14,102.72,103.6,102.48,102.96,2536025.0
2019-05-15,102.16,104.080002,102.080002,103.76,2752538.0
2019-05-16,104.8,105.92,104.64,105.12,2457738.0
2019-05-17,105.28,106.080002,104.24,104.64,2948463.0
2019-05-20,104.96,105.76,104.24,105.2,2682613.0
2019-05-21,104.88,105.36,104.4,105.040001,1840013.0
2019-05-22,103.92,104.4,101.52,101.92,3444325.0
2019-05-23,98.96,98.96,95.36,96.72,5696450.0
2019-05-24,97.76,97.92,95.6,97.84,2690888.0
2019-05-28,98.96,98.96,97.6,97.84,2925488.0
2019-05-29,96.24,98.24,94.64,97.92,4513238.0
2019-05-30,98.24,98.32,93.76,94.080002,3688588.0
2019-05-31,91.6,92.32,88.32,88.8,5039950.0
2019-06-03,90.4,90.56,87.68,87.92,4144100.0
2019-06-04,88.56,89.52,87.6,89.28,2809363.0
2019-06-05,88.080002,88.16,84.24,86.16,5199913.0
2019-06-06,85.92,88.72,85.2,88.48,3949350.0
2019-06-07,87.76,90.4,87.6,89.84,3269400.0
2019-06-10,89.84,90.8,88.32,88.88,2936625.0
2019-06-11,89.52,89.76,88.32,88.88,2360613.0
2019-06-12,87.040001,87.2,84.56,85.12,4382650.0
2019-06-13,88.56,88.64,86.48,87.040001,4366050.0
2019-06-14,87.36,88.32,86.88,87.52,3216363.0
2019-06-17,86.8,87.6,86.0,86.48,3940363.0
2019-06-18,87.92,90.48,87.68,90.0,4511600.0
2019-06-19,89.12,90.72,88.8,90.64,5144688.0
2019-06-20,93.52,95.2,93.040001,94.8,5822450.0
2019-06-21,94.88,95.84,94.8,95.76,3071975.0
2019-06-24,95.6,96.32,94.16,96.080002,3329000.0
2019-06-25,96.32,96.88,95.52,96.0,2896213.0
2019-06-26,98.32,99.44,98.0,98.32,4382438.0
2019-06-27,98.32,99.12,98.080002,98.32,3304888.0
2019-06-28,98.64,98.8,95.84,96.32,3607100.0
2019-07-01,99.52,99.6,96.88,98.24,3904350.0
2019-07-02,97.68,97.68,93.12,93.6,6164288.0
2019-07-03,94.48,94.88,93.2,94.16,2461275.0
2019-07-05,94.88,95.92,94.56,95.6,2838250.0
2019-07-08,96.0,97.040001,95.28,95.44,3144800.0
2019-07-09,95.84,96.4,95.36,96.32,1831988.0
2019-07-10,98.64,100.56,98.4,100.24,4188488.0
2019-07-11,100.56,101.040001,99.84,100.4,2230188.0
2019-07-12,100.080002,100.64,99.52,100.16,1864188.0
2019-07-15,100.8,100.88,98.32,98.4,2717275.0
2019-07-16,98.96,99.76,94.88,96.56,4500138.0
2019-07-17,96.88,96.88,93.92,94.0,3774625.0
2019-07-18,94.32,94.4,90.96,92.48,4824113.0
2019-07-19,92.56,93.52,91.44,93.36,3138538.0
2019-07-22,92.96,93.68,92.64,93.44,2999463.0
2019-07-23,93.44,94.56,92.72,94.48,2235125.0
2019-07-24,94.48,95.6,91.76,92.72,4365500.0
2019-07-25,93.84,94.16,92.64,92.8,2486525.0
2019-07-26,93.12,93.68,92.4,93.2,2157050.0
2019-07-29,94.16,94.72,92.72,94.56,2837450.0
2019-07-30,94.72,96.8,94.56,96.64,2717500.0
2019-07-31,97.2,97.6,96.0,96.32,3487513.0
2019-08-01,94.96,95.040001,88.96,90.48,7204325.0
2019-08-02,92.72,92.8,91.52,91.84,4697250.0
2019-08-05,90.48,92.32,90.32,90.96,5893975.0
2019-08-06,91.44,91.52,88.72,89.12,3784238.0
2019-08-07,86.48,87.12,83.92,86.72,6763025.0
2019-08-08,86.88,87.92,86.32,87.68,2943325.0
2019-08-09,89.76,91.040001,89.6,90.24,3621725.0
2019-08-12,90.96,91.52,90.080002,90.88,3017350.0
2019-08-13,90.64,95.44,90.48,94.96,5961538.0
2019-08-14,91.68,92.16,89.84,91.52,5230788.0
2019-08-15,90.4,91.36,89.76,90.8,3736775.0
2019-08-16,91.040001,91.52,90.24,91.2,2934063.0
2019-08-19,92.8,93.68,92.0,93.28,3048788.0
2019-08-20,92.72,93.92,91.76,93.040001,3079800.0
2019-08-21,94.72,94.96,92.4,92.88,3012050.0
2019-08-22,93.28,93.6,91.28,92.24,2723800.0
2019-08-23,89.84,91.12,88.64,89.52,4256988.0
2019-08-26,91.52,91.92,89.12,89.44,3258313.0
2019-08-27,89.92,91.68,89.36,91.36,3070175.0
2019-08-28,93.76,94.32,92.4,93.12,3798725.0
2019-08-29,93.2,94.64,93.2,94.24,2845675.0
2019-08-30,93.92,94.080002,90.8,91.68,3818588.0
2019-09-03,88.72,90.16,87.92,89.76,3508138.0
2019-09-04,92.24,94.16,92.16,93.68,3640475.0
2019-09-05,94.4,96.080002,93.2,93.6,3410813.0
2019-09-06,91.68,94.8,91.28,94.16,2792525.0
2019-09-09,95.36,96.8,95.2,96.64,2925375.0
2019-09-10,96.88,97.84,95.2,95.84,3195700.0
2019-09-11,95.92,96.4,92.64,93.44,4790675.0
2019-09-12,90.56,92.16,90.24,91.76,4467400.0
2019-09-13,91.92,92.24,91.040001,91.52,1759300.0
2019-09-16,99.92,105.28,99.6,102.64,10127500.0
2019-09-17,103.44,103.44,97.2,98.32,12328888.0
2019-09-18,97.040001,98.16,96.080002,96.8,4318013.0
2019-09-19,97.76,98.32,96.88,97.52,3791363.0
2019-09-20,97.84,98.56,96.64,97.6,3009613.0
2019-09-23,97.12,97.92,96.32,97.68,2557938.0
2019-09-24,96.96,97.2,94.88,95.2,3676788.0
2019-09-25,93.28,94.56,92.8,94.4,2699925.0
2019-09-26,93.44,94.56,92.48,94.4,2621225.0
2019-09-27,92.56,94.72,92.4,93.28,3215050.0
2019-09-30,92.080002,92.8,90.080002,90.72,3148013.0
2019-10-01,91.12,91.44,88.56,89.52,3282413.0
2019-10-02,89.6,89.6,87.12,87.84,3548150.0
2019-10-03,86.64,87.84,85.12,87.44,3670125.0
2019-10-04,88.56,89.12,86.88,88.32,3493338.0
2019-10-07,89.12,90.24,87.84,88.32,2510275.0
2019-10-08,86.96,88.16,86.56,87.12,3048913.0
2019-10-09,89.44,89.68,87.44,87.92,2974925.0
2019-10-10,88.88,89.76,88.4,89.52,2633863.0
2019-10-11,89.92,91.68,89.92,91.36,4597325.0
2019-10-14,89.28,89.76,88.24,89.44,2963863.0
2019-10-15,89.2,89.84,88.080002,88.48,3113238.0
2019-10-16,88.080002,89.84,88.080002,89.12,2535325.0
2019-10-17,88.56,90.48,88.080002,90.24,2197750.0
2019-10-18,90.72,91.12,89.2,89.76,2495125.0
2019-10-21,88.4,89.76,88.32,89.68,2197450.0
2019-10-22,90.48,91.52,89.92,90.72,2758975.0
2019-10-23,90.24,93.6,90.16,93.2,3218288.0
2019-10-24,93.6,94.32,93.44,93.84,2016850.0
2019-10-25,93.68,94.72,92.88,94.64,2064113.0
2019-10-28,94.72,95.040001,92.8,93.2,2371638.0
2019-10-29,91.52,93.36,91.36,92.64,2198250.0
2019-10-30,92.56,92.56,90.88,91.76,2995100.0
2019-10-31,91.12,91.2,89.68,90.4,2764125.0
2019-11-01,91.6,94.080002,91.52,93.52,3279475.0
2019-11-04,95.44,95.92,94.24,94.48,3043050.0
2019-11-05,95.36,96.080002,95.28,95.44,2096388.0
2019-11-06,95.68,96.64,93.76,94.48,4253388.0
2019-11-07,95.84,96.64,94.88,95.040001,3258350.0
2019-11-08,93.84,96.0,93.12,95.92,3007900.0
2019-11-11,94.32,95.84,94.16,95.12,2223975.0
2019-11-12,95.68,96.16,94.48,94.96,2174300.0
2019-11-13,94.4,96.16,94.4,95.68,2805600.0
2019-11-14,96.32,96.48,94.8,95.28,2546963.0
2019-11-15,94.96,97.040001,94.96,96.64,2205175.0
2019-11-18,95.84,96.080002,94.64,95.2,3133963.0
2019-11-19,93.68,93.92,92.16,92.56,3603938.0
2019-11-20,93.44,95.84,92.96,95.2,4793388.0
2019-11-21,96.48,98.0,96.32,97.6,3373875.0
2019-11-22,97.6,97.68,96.080002,96.88,2237288.0
2019-11-25,96.24,97.12,95.76,96.88,2349188.0
2019-11-26,97.36,97.84,96.64,97.52,2056675.0
2019-11-27,97.28,97.76,96.16,97.12,1884600.0
2019-11-29,95.44,95.52,92.32,92.96,3345288.0
2019-12-02,94.24,94.48,92.96,93.36,1741188.0
2019-12-03,93.36,94.88,92.72,94.080002,2904463.0
2019-12-04,96.48,98.0,96.4,97.52,3670338.0
2019-12-05,98.48,98.8,97.2,97.52,2974575.0
2019-12-06,97.040001,100.0,96.96,98.56,2626563.0
2019-12-09,98.0,99.040001,98.0,98.64,1587100.0
2019-12-10,98.48,99.44,98.16,99.12,1284188.0
2019-12-11,98.64,98.96,97.12,98.4,1918325.0
2019-12-12,98.4,99.76,98.4,98.96,2787500.0
2019-12-13,99.28,101.040001,99.12,99.92,2137638.0
2019-12-16,100.64,100.96,100.48,100.72,801663.0
2019-12-17,101.2,102.080002,101.2,101.76,1494075.0
2019-12-18,101.28,102.32,100.96,101.92,1483338.0
2019-12-19,102.0,102.8,101.68,102.24,959575.0
2019-12-20,101.76,101.76,100.48,101.040001,1429338.0
2019-12-23,100.88,101.76,100.72,101.6,931600.0
2019-12-24,101.84,102.32,101.84,102.16,431738.0
2019-12-26,102.56,103.52,102.56,103.12,881688.0
2019-12-27,103.36,103.68,102.56,103.28,1137988.0
2019-12-30,104.080002,104.16,102.32,103.12,1121463.0
2019-12-31,101.68,103.68,101.52,102.48,1450663.0
2020-01-02,102.4,102.8,101.6,102.48,1563638.0
2020-01-03,106.16,106.56,104.24,105.44,4325450.0
2020-01-06,106.4,106.56,104.96,105.28,2598413.0
2020-01-07,104.8,105.44,104.080002,105.040001,1742075.0
2020-01-08,104.48,104.56,99.12,101.28,6918425.0
2020-01-09,99.6,100.32,98.32,99.92,3439450.0
2020-01-10,99.44,99.84,98.72,99.28,2016750.0
2020-01-13,98.48,98.48,97.28,97.6,2858525.0
2020-01-14,98.16,98.56,97.6,98.24,2336713.0
2020-01-15,97.6,97.76,96.4,97.44,1881763.0
2020-01-16,97.6,98.88,97.6,98.32,1960813.0
2020-01-17,98.64,98.96,97.92,98.64,2220763.0
2020-01-21,97.76,98.72,97.68,97.92,1709638.0
2020-01-22,96.24,96.32,95.040001,95.2,3196463.0
2020-01-23,92.8,93.68,92.0,93.28,3858525.0
2020-01-24,91.92,92.0,90.48,91.44,3051025.0
2020-01-27,88.88,89.92,88.16,88.8,3142588.0
2020-01-28,89.28,90.56,88.88,90.0,3048700.0
2020-01-29,90.24,90.32,88.72,89.28,2720475.0
2020-01-30,87.44,88.72,86.8,88.64,3689650.0
2020-01-31,87.040001,87.84,85.6,86.72,4051950.0
2020-02-03,86.0,86.72,83.84,83.92,5052888.0
2020-02-04,85.44,85.6,83.2,83.52,5189425.0
2020-02-05,86.0,87.12,84.72,85.6,5089350.0
2020-02-06,85.12,86.16,84.4,85.92,3249838.0
2020-02-07,84.8,85.76,84.32,84.64,2610963.0
2020-02-10,83.84,84.48,83.040001,83.36,2825925.0
2020-02-11,85.040001,85.12,83.6,84.0,3117025.0
2020-02-12,86.56,86.88,85.68,86.48,3927025.0
2020-02-13,86.56,87.2,86.0,86.72,3609588.0
2020-02-14,87.68,87.92,86.72,87.6,3057125.0
2020-02-18,86.080002,87.6,86.0,87.6,2676363.0
2020-02-19,89.040001,89.84,88.16,89.44,3137575.0
2020-02-20,90.48,91.44,90.0,90.24,3422725.0
2020-02-21,88.64,89.68,87.92,89.28,3380650.0
2020-02-24,85.040001,86.48,84.4,85.92,4694088.0
2020-02-25,86.080002,86.24,83.2,83.2,4134238.0
2020-02-26,83.040001,84.4,80.88,81.52,4913738.0
2020-02-27,77.76,79.92,76.8,78.24,6233213.0
2020-02-28,75.36,76.0,73.36,75.6,5373138.0
2020-03-02,77.36,79.36,76.32,79.36,5173363.0
2020-03-03,80.0,81.44,77.76,79.12,6408250.0
2020-03-04,80.88,81.040001,78.080002,78.88,5793713.0
2020-03-05,78.48,78.8,76.4,76.88,4140325.0
2020-03-06,74.080002,74.16,68.8,69.84,9782050.0
2020-03-09,54.56,58.4,52.0,52.16,19268563.0
2020-03-10,56.72,58.64,54.88,57.92,10698375.0
2020-03-11,56.16,56.72,54.72,55.52,8137688.0
2020-03-12,51.52,54.4,51.44,52.32,11630325.0
2020-03-13,55.12,57.040001,52.32,55.68,9832213.0
2020-03-16,48.72,51.040001,46.56,48.4,9516613.0
2020-03-17,48.32,49.2,45.040001,45.68,8618150.0
2020-03-18,40.48,41.44,34.32,37.68,23764250.0
2020-03-19,38.32,45.36,36.8,42.96,16267000.0
2020-03-20,42.24,42.96,37.44,39.52,18333663.0
2020-03-23,38.16,39.2,36.24,39.040001,9050388.0
2020-03-24,40.48,40.56,38.32,39.84,10639513.0
2020-03-25,39.12,41.28,38.0,40.64,12344863.0
2020-03-26,39.2,39.68,37.12,38.64,15703500.0
2020-03-27,36.080002,36.24,34.64,35.76,15312050.0
2020-03-30,33.68,34.24,32.24,33.84,20541175.0
2020-03-31,34.96,34.96,33.28,33.68,15639525.0
2020-04-01,33.92,35.040001,33.040001,35.040001,14878650.0
2020-04-02,36.64,45.36,36.0,40.88,40226725.0
2020-04-03,45.6,48.16,43.52,47.2,28238825.0
2020-04-06,44.96,45.68,42.96,43.84,20350275.0
2020-04-07,43.68,44.24,39.12,40.72,23432475.0
2020-04-08,40.64,43.2,39.52,42.96,21113950.0
2020-04-09,43.2,46.24,38.4,39.84,37976150.0
2020-04-13,39.76,40.56,38.8,39.44,15693888.0
2020-04-14,38.080002,38.4,36.24,37.28,23984000.0
2020-04-15,35.44,35.76,34.4,35.44,27402750.0
2020-04-16,35.2,35.28,33.2,34.88,30161238.0
2020-04-17,33.2,34.080002,32.8,33.68,31270575.0
2020-04-20,30.08,32.4,29.6,30.0,109403825.0
2020-04-21,25.52,27.2,18.48,22.48,124913013.0
2020-04-22,23.2,23.52,20.0,20.08,54487213.0
2020-04-23,21.44,22.96,20.8,21.12,39783688.0
2020-04-24,21.52,21.84,20.08,20.56,22760050.0
2020-04-27,18.4,18.4,17.040001,17.52,33885000.0
2020-04-28,17.28,18.0,16.88,17.040001,19476850.0
2020-04-29,18.01,18.22,17.46,18.0,23378600.0
2020-04-30,18.76,19.3,17.86,19.12,24001300.0
2020-05-01,19.12,19.18,18.42,18.86,13831100.0
2020-05-04,18.58,19.68,18.36,19.67,14044800.0
2020-05-05,20.76,21.79,20.74,21.51,20954800.0
2020-05-06,21.29,21.51,20.3,20.85,17295800.0
2020-05-07,21.88,21.91,20.27,20.47,12745400.0
2020-05-08,21.08,21.67,20.66,21.47,10472500.0
2020-05-11,21.53,21.6,20.76,21.17,10461600.0
2020-05-12,21.4,21.57,20.89,20.97,10138500.0
2020-05-13,21.049999,21.31,20.3,20.6,10082900.0
2020-05-14,20.73,21.82,20.59,21.45,11539700.0
2020-05-15,21.95,22.61,21.68,22.39,11525000.0
2020-05-18,24.040001,24.8,23.8,24.31,19664300.0
2020-05-19,24.47,24.71,24.040001,24.44,9373400.0
2020-05-20,24.95,25.54,24.88,25.34,11752400.0
2020-05-21,26.5,27.49,25.88,26.6,21259800.0
2020-05-22,26.09,26.15,25.059999,25.57,10614700.0
2020-05-26,25.93,25.99,25.33,25.66,12891300.0
2020-05-27,25.18,25.34,24.26,25.0,13839700.0
2020-05-28,24.84,25.58,24.55,25.030001,8087000.0
2020-05-29,24.64,26.43,24.6,25.88,12731400.0
2020-06-01,25.72,26.47,25.56,26.22,8201000.0
2020-06-02,26.55,27.1,26.47,27.07,9131500.0
2020-06-03,27.17,27.53,26.65,27.12,11428000.0
2020-06-04,27.08,27.62,26.81,27.5,11377000.0
2020-06-05,28.59,29.19,28.37,28.87,11820600.0
2020-06-08,28.97,29.0,28.11,28.37,14161900.0
2020-06-09,28.07,28.55,27.68,28.42,10176400.0
2020-06-10,28.08,29.07,27.72,28.43,8303000.0
2020-06-11,26.8,27.17,25.94,26.36,22801300.0
2020-06-12,26.64,26.81,25.85,26.43,8885100.0
2020-06-15,25.47,27.07,25.36,26.98,8642100.0
2020-06-16,27.86,28.29,26.97,27.64,11803900.0
2020-06-17,27.47,27.75,27.17,27.28,7388800.0
2020-06-18,27.31,28.02,27.24,27.89,6278300.0
2020-06-19,28.66,28.86,27.54,28.23,13501000.0
2020-06-22,28.43,29.040001,28.33,28.98,8862100.0
2020-06-23,29.3,29.42,28.59,28.72,7358700.0
2020-06-24,28.41,28.62,26.82,27.25,11101100.0
2020-06-25,27.18,28.049999,27.09,27.94,8768600.0
2020-06-26,27.67,27.7,27.12,27.36,5255000.0
2020-06-29,27.81,28.47,27.62,28.27,6966500.0
2020-06-30,27.89,28.55,27.8,28.059999,5840600.0
2020-07-01,28.3,28.51,27.93,28.35,6960400.0
2020-07-02,28.79,29.049999,28.34,28.75,5545500.0
2020-07-06,28.79,29.26,28.77,28.96,6146000.0
2020-07-07,28.85,29.21,28.76,28.79,4674500.0
2020-07-08,29.030001,29.29,28.84,29.18,4676500.0
2020-07-09,29.07,29.11,28.21,28.41,5602300.0
2020-07-10,28.48,29.17,28.41,29.030001,5432400.0
2020-07-13,29.01,29.15,28.39,28.5,6540200.0
2020-07-14,28.23,29.08,28.16,28.88,5057500.0
2020-07-15,29.08,29.5,28.81,29.29,7041200.0
2020-07-16,29.18,29.43,29.030001,29.16,3240400.0
2020-07-17,29.17,29.24,28.72,29.1,3570200.0
2020-07-20,28.9,29.25,28.59,29.12,3863800.0
2020-07-21,29.98,30.22,29.64,29.72,8338300.0
2020-07-22,29.44,29.89,29.36,29.75,3925800.0
2020-07-23,29.59,29.93,29.12,29.41,5925100.0
2020-07-24,29.37,29.51,29.059999,29.44,4947500.0
2020-07-27,29.34,29.86,28.98,29.72,6268500.0
2020-07-28,29.46,29.54,29.27,29.35,4423700.0
2020-07-29,29.6,29.75,29.45,29.57,3114500.0
2020-07-30,28.99,29.01,27.9,28.93,10024400.0
2020-07-31,29.09,29.16,28.59,29.07,5026800.0
2020-08-03,29.15,29.65,29.030001,29.34,5893900.0
2020-08-04,29.23,30.15,29.21,29.78,7706300.0
2020-08-05,30.84,31.02,30.15,30.23,9088300.0
2020-08-06,30.52,30.58,30.12,30.18,4339800.0
2020-08-07,29.89,29.92,29.58,29.85,4867900.0
2020-08-10,30.16,30.36,29.97,30.16,4234800.0
2020-08-11,30.6,30.66,29.82,29.82,5563600.0
2020-08-12,30.47,30.76,30.31,30.56,5305700.0
2020-08-13,30.48,30.66,30.26,30.4,3414100.0
2020-08-14,30.23,30.42,30.02,30.33,3792900.0
2020-08-17,30.24,30.85,30.22,30.77,4307900.0
2020-08-18,30.41,30.83,30.39,30.6,5589500.0
2020-08-19,30.59,30.82,30.41,30.66,3781500.0
2020-08-20,30.02,30.59,29.78,30.52,6112100.0
2020-08-21,30.0,30.24,29.64,30.18,6523300.0
2020-08-24,30.33,30.54,30.23,30.35,4511800.0
2020-08-25,30.97,31.02,30.59,30.92,5251900.0
2020-08-26,31.07,31.19,30.84,30.93,5402600.0
2020-08-27,30.89,30.9,30.27,30.67,4372600.0
2020-08-28,30.72,30.8,30.52,30.72,2437800.0
2020-08-31,30.9,30.9,30.39,30.58,3825200.0
2020-09-01,30.64,30.94,30.54,30.61,3902000.0
2020-09-02,30.58,30.6,29.59,29.86,7281600.0
2020-09-03,29.15,29.78,29.040001,29.64,7999000.0
2020-09-04,29.42,29.45,28.4,28.51,7365900.0
2020-09-08,26.88,26.96,26.27,26.75,10546400.0
2020-09-09,26.84,27.69,26.71,27.41,5310500.0
2020-09-10,27.23,27.47,26.75,26.79,4856800.0
2020-09-11,26.92,27.27,26.73,27.040001,3362000.0
2020-09-14,26.74,27.02,26.6,26.94,3311200.0
2020-09-15,27.059999,27.7,26.96,27.52,3914100.0
2020-09-16,28.2,28.8,28.059999,28.7,5785600.0
2020-09-17,28.57,29.39,28.43,29.23,4584300.0
2020-09-18,29.19,29.43,28.9,29.059999,3058100.0
2020-09-21,28.67,28.76,27.66,28.29,5361800.0
2020-09-22,28.36,28.53,27.82,28.17,3020500.0
2020-09-23,28.35,28.84,28.0,28.030001,5108100.0
2020-09-24,28.3,28.59,28.13,28.5,3418800.0
2020-09-25,28.3,28.56,28.17,28.35,2445200.0
2020-09-28,28.5,28.86,28.3,28.69,2428800.0
2020-09-29,28.31,28.32,27.28,27.7,5337100.0
2020-09-30,27.94,28.56,27.89,28.29,3445400.0
2020-10-01,27.76,27.86,26.77,27.51,6557100.0
2020-10-02,26.25,26.89,26.09,26.35,8583300.0
2020-10-05,27.58,28.16,27.44,27.93,7854900.0
2020-10-06,28.66,28.91,28.31,28.39,6288700.0
2020-10-07,28.16,28.41,27.89,28.39,5526200.0
2020-10-08,28.99,29.2,28.75,29.14,6567400.0
2020-10-09,28.99,29.25,28.59,28.69,4596400.0
2020-10-12,28.4,28.4,27.73,28.07,4553100.0
2020-10-13,28.46,28.65,28.27,28.46,3624000.0
2020-10-14,28.89,29.049999,28.8,28.98,3190200.0
2020-10-15,28.07,28.95,28.01,28.94,5276500.0
2020-10-16,28.59,28.87,28.33,28.72,2516700.0
2020-10-19,28.83,29.01,28.59,28.59,2803000.0
2020-10-20,28.48,29.31,28.46,29.049999,4391800.0
2020-10-21,28.61,28.78,27.93,28.1,5165700.0
2020-10-22,28.3,28.75,28.28,28.51,3235600.0
2020-10-23,28.55,28.56,27.78,27.88,3986200.0
2020-10-26,27.33,27.46,26.95,27.11,4646700.0
2020-10-27,27.31,27.95,27.23,27.69,3037200.0
2020-10-28,26.44,26.56,26.09,26.31,7011000.0
2020-10-29,24.92,25.74,24.75,25.6,8401400.0
2020-10-30,25.31,25.4,24.96,25.25,5424500.0
2020-11-02,25.16,26.29,25.14,26.26,5385100.0
2020-11-03,26.94,27.01,26.45,26.72,7241300.0
2020-11-04,27.12,27.63,26.69,27.44,5982500.0
2020-11-05,27.41,27.7,27.08,27.16,5115000.0
2020-11-06,26.83,26.87,26.2,26.47,5117700.0
2020-11-09,28.59,28.82,28.059999,28.07,9840300.0
2020-11-10,28.66,28.97,28.47,28.91,6602400.0
2020-11-11,29.7,29.75,28.92,29.040001,6376600.0
2020-11-12,29.21,29.44,28.62,28.66,6070900.0
2020-11-13,28.52,28.57,28.059999,28.13,4367600.0
2020-11-16,29.12,29.17,28.66,28.81,4576600.0
2020-11-17,28.57,29.02,28.48,28.87,3613700.0
2020-11-18,29.07,29.36,28.96,29.0,4112100.0
2020-11-19,28.93,29.14,28.75,29.09,2934300.0
2020-11-20,28.93,29.36,28.92,29.27,4907100.0
2020-11-23,29.58,29.72,29.41,29.52,4398000.0
2020-11-24,30.23,31.030001,30.21,30.8,9091700.0
2020-11-25,31.3,31.68,31.02,31.37,5865600.0
2020-11-27,31.12,31.36,31.030001,31.22,2904900.0
2020-11-30,31.12,31.29,30.68,30.97,6778500.0
2020-12-01,30.92,30.96,30.34,30.62,4536800.0
2020-12-02,30.58,31.43,30.58,30.97,7064300.0
2020-12-03,30.89,31.36,30.81,31.25,5559700.0
2020-12-04,31.31,31.74,31.28,31.56,6930200.0
2020-12-07,31.44,31.87,31.31,31.4,4785400.0
2020-12-08,31.22,31.47,31.040001,31.41,3786000.0
2020-12-09,31.55,31.66,30.9,31.34,7632800.0
2020-12-10,31.84,32.65,31.83,32.11,7572000.0
2020-12-11,32.029999,32.13,31.77,31.94,3394000.0
2020-12-14,32.14,32.23,31.37,32.17,4877200.0
2020-12-15,32.32,32.62,32.25,32.54,3503300.0
2020-12-16,32.55,32.81,32.32,32.74,4349300.0
2020-12-17,33.0099983,33.23,32.92,33.16,4534000.0
2020-12-18,33.33,33.67,33.26,33.48,4759000.0
2020-12-21,32.18,32.84,32.12,32.64,6144300.0
2020-12-22,32.28,32.47,32.0,32.09,3749600.0
2020-12-23,32.33,33.080002,32.33,32.75,5077500.0
2020-12-24,32.66,32.92,32.57,32.92,1694300.0
2020-12-28,32.88,33.049999,32.51,32.59,4917500.0
2020-12-29,32.95,32.99,32.66,32.78,3631000.0
2020-12-30,32.58,33.22,32.55,32.91,4840000.0
2020-12-31,32.73,33.099998,32.63,33.0099983,4424600.0
2021-01-04,33.0,33.29,32.24,32.38,14340200.0
2021-01-05,33.38,34.12,33.38,33.94,13616800.0
2021-01-06,33.94,34.47,33.56,34.11,7461100.0
2021-01-07,34.35,34.59,34.29,34.53,4103100.0
2021-01-08,34.93,35.5,34.75,35.43,7554600.0
2021-01-11,34.88,35.41,34.81,35.26,5100500.0
2021-01-12,35.65,36.0099983,35.57,35.9,4185800.0
2021-01-13,35.77,36.099998,35.6,35.8,4457000.0
2021-01-14,35.7,36.32,35.61,36.24,5175000.0
2021-01-15,35.72,35.82,35.13,35.34,5492200.0
2021-01-19,35.71,35.89,35.53,35.75,3804300.0
2021-01-20,36.14,36.2,35.69,35.79,3222600.0
2021-01-21,35.82,36.0,35.64,35.76,3010300.0
2021-01-22,34.96,35.62,34.91,35.23,4673300.0
2021-01-25,35.11,35.66,35.029999,35.59,4134500.0
2021-01-26,35.69,35.8,35.38,35.45,2628100.0
2021-01-27,35.41,35.93,35.02,35.5,4918800.0
2021-01-28,35.92,36.0099983,35.22,35.25,5409000.0
2021-01-29,35.64,35.77,35.11,35.18,3916100.0
2021-02-01,35.77,36.18,35.25,36.12,6051400.0
2021-02-02,36.97,37.049999,36.72,36.82,6274700.0
2021-02-03,37.19,37.78,37.19,37.44,6804100.0
2021-02-04,37.61,37.95,37.2,37.81,5033700.0
2021-02-05,38.33,38.4,37.95,38.19,4379100.0
2021-02-08,38.47,38.98,38.47,38.94,4216200.0
2021-02-09,38.7,39.21,38.52,39.17,4904300.0
2021-02-10,39.24,39.47,39.0099983,39.28,5053600.0
2021-02-11,39.32,39.38,38.87,38.97,3738000.0
2021-02-12,39.0099983,40.07,39.0099983,39.94,5785100.0
2021-02-16,40.19,40.47,40.049999,40.45,5467400.0
2021-02-17,40.27,40.96,40.13,40.89,7391500.0
2021-02-18,41.09,41.13,40.11,40.27,6708600.0
2021-02-19,40.26,40.49,39.55,39.68,5537500.0
2021-02-22,40.55,41.42,40.55,41.28,5814300.0
2021-02-23,41.15,41.73,40.74,41.62,5638200.0
2021-02-24,41.88,42.57,41.79,42.5,6504700.0
2021-02-25,42.32,42.77,42.15,42.46,4515200.0
2021-02-26,42.12,42.14,41.12,41.31,5913100.0
2021-03-01,41.3,41.61,40.31,40.6,6956000.0
2021-03-02,40.95,41.07,40.07,40.07,8272200.0
2021-03-03,40.88,41.65,40.55,41.14,4764400.0
2021-03-04,41.87,43.46,41.5,43.07,11815300.0
2021-03-05,44.080002,44.51,43.91,44.44,7883300.0
2021-03-08,44.12,44.24,43.43,43.5,5083900.0
2021-03-09,43.73,43.82,43.07,43.11,5503200.0
2021-03-10,43.28,43.81,42.79,43.74,5733300.0
2021-03-11,43.91,44.64,43.71,44.6,6588700.0
2021-03-12,44.36,44.63,44.23,44.35,4643200.0
2021-03-15,43.9,44.34,43.46,44.26,5710000.0
2021-03-16,43.57,44.099998,43.32,43.83,4932400.0
2021-03-17,43.69,43.93,43.24,43.82,5837900.0
2021-03-18,42.99,43.060001,39.71,40.47,18801800.0
2021-03-19,40.83,41.99,40.26,41.77,6430000.0
2021-03-22,41.97,42.18,41.59,41.71,4162300.0
2021-03-23,40.29,40.91,39.27,39.37,12356900.0
2021-03-24,40.69,41.83,40.53,41.45,11330200.0
2021-03-25,40.47,40.62,39.31,39.89,9477000.0
2021-03-26,41.38,41.83,41.25,41.53,10091000.0
2021-03-29,41.23,41.96,40.95,41.92,6376300.0
2021-03-30,41.16,41.66,41.040001,41.17,4151600.0
2021-03-31,40.99,41.7,40.22,40.53,6368600.0
2021-04-01,41.47,42.18,40.3,41.84,11598400.0
2021-04-05,41.21,41.26,39.52,40.28,9801000.0
2021-04-06,41.16,41.69,40.58,40.7,6734200.0
2021-04-07,40.54,41.049999,39.91,40.86,9987600.0
2021-04-08,40.64,40.93,40.27,40.82,4288200.0
2021-04-09,40.62,40.87,40.48,40.64,3705600.0
2021-04-12,41.28,41.57,40.77,40.9,5998400.0
2021-04-13,41.33,41.48,41.15,41.4,5063600.0
2021-04-14,42.15,43.39,42.0099983,43.040001,9353500.0
2021-04-15,43.060001,43.44,42.88,43.27,4391600.0
2021-04-16,43.34,43.38,42.98,43.18,4680000.0
2021-04-19,43.22,43.49,43.049999,43.32,3324500.0
2021-04-20,43.35,43.42,42.040001,42.74,6415200.0
2021-04-21,41.79,42.55,41.72,41.77,5800300.0
2021-04-22,42.24,42.26,41.6,42.09,3278100.0
2021-04-23,41.91,42.61,41.85,42.46,4206300.0
2021-04-26,41.78,42.52,41.74,42.33,3150900.0
2021-04-27,42.66,43.19,42.48,43.11,3454400.0
2021-04-28,43.44,43.97,43.36,43.53,5500900.0
2021-04-29,44.47,44.61,43.84,44.26,5920400.0
2021-04-30,43.38,43.55,43.049999,43.27,5007000.0
2021-05-03,43.56,44.09,43.55,43.98,3309500.0
2021-05-04,44.74,44.91,44.33,44.87,5357600.0
2021-05-05,45.23,45.54,44.39,44.66,6912400.0
2021-05-06,44.8,44.82,44.15,44.41,6635600.0
2021-05-07,44.060001,44.63,43.91,44.43,4252900.0
2021-05-10,44.85,44.91,43.9,44.48,4391900.0
2021-05-11,43.92,44.93,43.92,44.87,6925400.0
2021-05-12,45.13,45.7,45.099998,45.22,6838000.0
2021-05-13,43.98,44.48,43.35,43.81,7610000.0
2021-05-14,44.44,44.79,44.34,44.71,5058400.0
2021-05-17,44.88,45.41,44.86,45.39,3831000.0
2021-05-18,45.13,45.39,43.94,44.84,9166100.0
2021-05-19,43.7,43.7,42.53,43.43,9180000.0
2021-05-20,43.24,43.32,42.32,42.48,5320000.0
2021-05-21,43.5,43.8,43.37,43.7,4204900.0
2021-05-24,44.28,45.15,44.11,45.02,5146000.0
2021-05-25,45.07,45.31,44.78,44.92,3602800.0
2021-05-26,44.74,45.3,44.64,45.2,3817100.0
2021-05-27,45.19,45.64,45.049999,45.55,3193000.0
2021-05-28,45.82,45.93,45.18,45.42,4847100.0
2021-06-01,46.58,46.94,45.97,46.33,6374900.0
2021-06-02,46.56,47.029999,46.36,46.9,3682400.0
2021-06-03,47.099998,47.15,46.51,46.97,3378700.0
2021-06-04,47.45,47.49,47.0099983,47.26,3654400.0
2021-06-07,47.34,47.54,47.07,47.27,3871200.0
2021-06-08,47.080002,47.9,46.8,47.88,5129100.0
2021-06-09,47.95,48.099998,47.42,47.58,4609200.0
2021-06-10,47.99,48.16,46.9,47.83,8677300.0
2021-06-11,47.93,48.25,47.89,48.07,4385300.0
2021-06-14,48.4,48.61,48.080002,48.32,4764900.0
2021-06-15,48.68,49.0099983,48.63,48.98,4356400.0
2021-06-16,48.86,49.46,48.75,48.75,6152600.0
2021-06-17,48.92,49.0,47.33,48.040001,11054200.0
2021-06-18,47.85,48.66,47.84,48.36,6247600.0
2021-06-21,48.4,49.41,48.33,49.36,8816200.0
2021-06-22,49.3,49.62,49.14,49.42,3734400.0
2021-06-23,50.09,50.25,49.58,49.72,4732700.0
2021-06-24,49.41,49.91,49.35,49.84,5415100.0
2021-06-25,50.029999,50.33,49.49,50.25,5274000.0
2021-06-28,50.07,50.07,49.39,49.54,4247100.0
2021-06-29,49.94,50.14,49.48,49.89,3032300.0
2021-06-30,49.92,50.37,49.62,49.88,2849000.0
2021-07-01,51.21,51.4,50.42,50.62,4757500.0
2021-07-02,50.5,51.060001,50.31,50.93,4438300.0
2021-07-06,50.62,50.7,49.32,49.9,10848100.0
2021-07-07,49.85,50.15,48.22,48.66,10566400.0
2021-07-08,48.71,49.54,48.32,49.52,6350400.0
2021-07-09,50.0,50.54,49.96,50.41,4279000.0
2021-07-12,49.94,50.38,49.62,50.31,2504700.0
2021-07-13,50.51,51.28,50.26,51.15,4387200.0
2021-07-14,51.13,51.18,49.28,49.7,6735300.0
2021-07-15,49.13,49.75,48.99,49.040001,3927600.0
2021-07-16,49.4,49.56,48.38,49.14,4517900.0
2021-07-19,47.62,47.64,45.35,45.84,8948900.0
2021-07-20,45.64,46.61,45.02,46.51,4781100.0
2021-07-21,47.36,48.46,47.36,48.27,6502600.0
2021-07-22,48.68,49.42,48.34,49.17,4516700.0
2021-07-23,49.25,49.53,49.029999,49.47,2741300.0
2021-07-26,49.26,49.71,49.0099983,49.67,2857400.0
2021-07-27,49.58,49.71,49.040001,49.47,2654800.0
2021-07-28,49.63,49.97,49.45,49.72,3104400.0
2021-07-29,50.18,50.69,50.07,50.64,2657900.0
2021-07-30,50.7,51.02,50.44,50.66,3605700.0
2021-08-02,50.35,50.43,48.63,49.18,5876500.0
2021-08-03,48.11,48.93,47.87,48.85,8234700.0
2021-08-04,47.54,48.14,47.18,47.2,6803000.0
2021-08-05,47.34,48.16,47.34,48.099998,3124300.0
2021-08-06,48.42,48.51,47.35,47.57,5245000.0
2021-08-09,46.47,46.7,45.85,46.6,5248000.0
2021-08-10,46.97,48.0099983,46.93,47.68,4148700.0
2021-08-11,47.2,48.34,46.91,48.3,5227000.0
2021-08-12,48.16,48.35,47.72,48.099998,2808600.0
2021-08-13,48.11,48.23,47.32,47.43,3401700.0
2021-08-16,46.38,47.28,45.94,47.040001,4733700.0
2021-08-17,46.66,47.2,46.33,46.58,3086100.0
2021-08-18,46.73,46.84,45.29,45.4,5795500.0
2021-08-19,44.29,44.89,43.8,44.77,6017300.0
2021-08-20,43.9,44.31,43.42,43.43,4596600.0
2021-08-23,45.35,46.18,45.34,45.85,4578600.0
2021-08-24,46.67,47.47,46.61,47.37,4881900.0
2021-08-25,47.33,48.0,47.099998,47.81,4801300.0
2021-08-26,47.24,47.8,46.95,47.48,4904400.0
2021-08-27,48.02,48.28,47.92,48.15,4109900.0
2021-08-30,48.15,48.59,47.86,48.4,3661500.0
2021-08-31,48.18,48.49,47.96,48.040001,4069700.0
2021-09-01,47.36,48.24,47.2,47.93,8122400.0
2021-09-02,49.0099983,49.52,48.93,48.95,6151400.0
2021-09-03,48.97,49.26,48.6,48.66,5343600.0
2021-09-07,47.93,48.37,47.73,48.040001,3771400.0
2021-09-08,48.88,48.89,48.32,48.59,4176500.0
2021-09-09,47.82,48.87,47.45,47.75,7491000.0
2021-09-10,49.0,49.040001,48.67,48.8,3994500.0
2021-09-13,49.4,49.7,49.16,49.48,3264000.0
2021-09-14,49.78,49.8,49.049999,49.31,2952400.0
2021-09-15,50.45,51.07,50.44,50.69,5718000.0
2021-09-16,50.55,50.84,50.0,50.7,2729200.0
2021-09-17,50.2,50.45,49.85,50.32,4635000.0
2021-09-20,49.57,49.82,48.89,49.6,4460900.0
2021-09-21,49.61,49.69,48.74,49.58,3450100.0
2021-09-22,50.26,50.72,50.09,50.48,2938800.0
2021-09-23,50.76,51.49,50.72,51.38,3030500.0
2021-09-24,51.29,52.0,51.26,51.82,2591100.0
2021-09-27,52.84,53.080002,52.63,52.91,4389400.0
2021-09-28,53.46,53.52,52.18,52.4,5253600.0
2021-09-29,52.56,53.099998,52.24,52.32,4428900.0
2021-09-30,51.7,53.36,51.38,52.56,12376500.0
2021-10-01,52.62,53.39,52.34,53.26,4791400.0
2021-10-04,54.07,55.049999,54.07,54.49,6919200.0
2021-10-05,55.27,55.73,55.16,55.63,5824100.0
2021-10-06,54.77,54.79,53.98,54.16,7943700.0
2021-10-07,54.02,55.36,53.74,55.36,6956400.0
2021-10-08,55.72,56.029999,55.060001,55.47,5639800.0
2021-10-11,56.41,56.69,56.13,56.18,3831700.0
2021-10-12,56.32,56.72,55.83,56.11,5368000.0
2021-10-13,55.63,56.45,55.39,56.16,2840700.0
2021-10-14,56.65,56.85,56.15,56.81,3403400.0
2021-10-15,57.25,57.45,56.87,57.15,3622200.0
2021-10-18,57.73,57.92,56.79,56.96,4094100.0
2021-10-19,56.9,57.88,56.7,57.42,4098800.0
2021-10-20,57.0,58.19,56.87,58.12,6032000.0
2021-10-21,57.58,57.81,56.34,57.41,4738800.0
2021-10-22,57.74,58.040001,57.21,58.029999,3350200.0
2021-10-25,58.42,58.69,57.78,57.83,5180200.0
2021-10-26,58.080002,58.62,57.87,58.45,3509200.0
2021-10-27,57.64,58.17,56.88,56.9,6731400.0
2021-10-28,56.85,57.42,56.38,57.4,5412000.0
2021-10-29,56.79,57.39,56.4,57.15,5320600.0
2021-11-01,57.91,58.040001,57.46,57.53,2787600.0
2021-11-02,57.31,57.76,57.09,57.53,2953900.0
2021-11-03,56.16,56.58,55.21,55.34,7707600.0
2021-11-04,57.31,57.4,54.53,54.92,9145500.0
2021-11-05,55.65,56.74,55.15,56.55,4738500.0
2021-11-08,56.58,57.13,56.56,57.09,3037600.0
2021-11-09,57.21,58.029999,56.97,57.97,5106600.0
2021-11-10,57.79,58.0099983,55.95,56.32,5134400.0
2021-11-11,56.44,56.85,55.82,56.22,5376300.0
2021-11-12,55.81,56.35,55.65,55.98,5869800.0
2021-11-15,55.39,56.14,55.18,56.07,4955300.0
2021-11-16,56.0,56.5,55.68,56.2,4190100.0
2021-11-17,55.86,55.91,54.46,55.0,7492900.0
2021-11-18,55.37,55.77,54.84,55.55,4623700.0
2021-11-19,54.84,54.93,53.52,53.78,6388900.0
2021-11-22,53.99,54.91,53.91,54.45,7353500.0
2021-11-23,55.45,56.27,55.44,56.2,5877400.0
2021-11-24,55.81,56.38,55.78,55.88,4109000.0
2021-11-26,52.33,52.38,48.56,49.63,18765600.0
2021-11-29,51.97,52.17,49.64,50.17,13571400.0
2021-11-30,48.62,49.11,46.47,47.91,21152500.0
2021-12-01,49.09,49.52,46.87,47.040001,12413700.0
2021-12-02,46.53,48.6,46.16,48.29,14552000.0
2021-12-03,49.7,49.93,47.55,48.0,10857300.0
2021-12-06,49.049999,50.72,48.77,50.51,8107500.0
2021-12-07,51.32,52.56,51.32,51.59,9476800.0
2021-12-08,51.77,52.66,51.71,52.42,5778000.0
2021-12-09,51.92,52.07,50.97,51.02,5814100.0
2021-12-10,51.72,52.099998,51.32,52.029999,6199000.0
2021-12-13,51.55,52.099998,51.2,51.44,6370000.0
2021-12-14,50.78,51.23,50.32,50.92,4796200.0
2021-12-15,50.64,51.69,50.24,51.62,5326100.0
2021-12-16,51.57,52.46,51.29,51.87,4873300.0
2021-12-17,51.29,51.43,50.37,50.78,5796800.0
2021-12-20,49.029999,49.98,47.96,49.9,8896700.0
2021-12-21,50.9,51.61,50.59,51.57,4867600.0
2021-12-22,51.42,52.52,51.25,52.48,5877200.0
2021-12-23,52.48,53.24,52.35,53.13,3662700.0
2021-12-27,52.98,54.65,52.81,54.52,4326300.0
2021-12-28,54.83,55.14,54.54,54.67,2862300.0
2021-12-29,54.48,55.67,54.36,55.080002,3933400.0
2021-12-30,55.32,55.73,55.029999,55.099998,3649000.0
2021-12-31,54.89,55.17,54.040001,54.36,2497900.0
2022-01-03,53.97,55.16,53.94,54.83,5602900.0
2022-01-04,55.31,56.049999,55.25,55.59,4857000.0
2022-01-05,56.16,56.48,55.43,55.43,5043500.0
2022-01-06,57.099998,57.31,56.65,56.89,4954400.0
2022-01-07,56.9,57.040001,56.37,56.67,6023600.0
2022-01-10,56.57,56.78,55.83,56.16,3758000.0
2022-01-11,56.95,58.28,56.54,58.16,6841500.0
2022-01-12,58.37,59.17,58.36,58.91,5171600.0
2022-01-13,59.02,59.13,58.21,58.27,4680700.0
2022-01-14,59.099998,59.98,59.07,59.97,6031200.0
2022-01-18,60.36,61.09,60.16,60.97,6240800.0
2022-01-19,61.25,61.9,60.98,61.049999,5435700.0
2022-01-20,61.24,62.17,60.61,60.66,4278400.0
2022-01-21,60.87,61.24,60.080002,60.78,5410200.0
2022-01-24,59.91,60.22,58.81,60.11,9098900.0
2022-01-25,59.91,61.17,59.88,60.97,6104800.0
2022-01-26,61.67,62.52,61.41,61.68,6735100.0
2022-01-27,62.66,62.71,61.36,61.86,5749100.0
2022-01-28,62.64,62.99,61.42,61.97,4187100.0
2022-01-31,62.19,62.5,61.36,62.48,3142800.0
2022-02-01,61.91,62.76,61.58,62.53,4308300.0
2022-02-02,62.78,62.86,61.75,62.52,3332600.0
2022-02-03,62.099998,63.81,61.9,63.51,5222200.0
2022-02-04,64.68,65.35,64.65,64.91,4830400.0
2022-02-07,64.61,65.050003,64.47,64.68,2247200.0
2022-02-08,63.71,63.83,62.85,63.62,4923200.0
2022-02-09,63.79,64.37,63.51,64.17,3933700.0
2022-02-10,63.9,65.080002,63.59,63.96,4787600.0
2022-02-11,64.43,66.34,64.37,65.74,12309200.0
2022-02-14,64.97,66.88,64.8,66.36,9540700.0
2022-02-15,64.2,64.4,63.54,64.28,10076300.0
2022-02-16,65.080002,65.87,63.5,63.54,6978300.0
2022-02-17,63.62,64.5,63.42,64.17,7116200.0
2022-02-18,63.14,65.0,62.92,64.74,8438400.0
2022-02-22,66.86,66.93,65.28,65.54,9307800.0
2022-02-23,65.9,67.32,65.66,66.24,8562400.0
2022-02-24,70.19,70.24,65.07,66.34,18256700.0
2022-02-25,65.56,66.12,64.4,65.8,8803300.0
2022-02-28,67.38,68.26,66.82,67.48,8886500.0
2022-03-01,70.34,72.63,70.099998,71.82,16803600.0
2022-03-02,74.15,76.2,71.75,75.42,21956100.0
2022-03-03,74.76,76.37,74.0,74.53,18443800.0
2022-03-04,77.0,80.0,76.18,79.46,17341900.0
2022-03-07,79.93,83.4,79.7,82.37,16563300.0
2022-03-08,85.43,87.84,81.57,85.43,29882700.0
2022-03-09,80.0,81.099998,72.27,75.47,29934600.0
2022-03-10,77.059998,77.48,72.98,74.059998,11738200.0
2022-03-11,74.81,76.55,74.26,76.4,7937300.0
2022-03-14,73.53,73.56,71.46,72.84,9470000.0
2022-03-15,69.57,70.55,67.9,68.63,13575300.0
2022-03-16,70.64,71.080002,67.73,68.28,7392700.0
2022-03-17,72.65,74.44,72.39,73.68,9653600.0
2022-03-18,74.25,75.0,73.55,74.64,4440900.0
2022-03-21,77.41,79.66,77.26,79.54,6410800.0
2022-03-22,78.69,79.65,77.55,78.56,4175300.0
2022-03-23,81.38,82.48,81.080002,81.95,6155100.0
2022-03-24,81.67,81.78,79.3,79.75,4417200.0
2022-03-25,78.88,81.73,78.41,80.74,7534500.0
2022-03-28,76.85,77.92,74.15,74.53,8934500.0
2022-03-29,72.3,76.43,72.07,76.15,8954800.0
2022-03-30,78.07,78.7,77.3,77.91,5239100.0
2022-03-31,75.76,76.84,73.34,74.12,10749400.0
2022-04-01,73.37,74.8,73.25,74.17,4926700.0
2022-04-04,76.46,77.2,75.33,76.86,6157100.0
2022-04-05,77.34,77.71,74.54,74.8,7542800.0
2022-04-06,76.25,76.75,72.16,73.050003,7040900.0
2022-04-07,73.26,73.84,71.080002,73.11,5749300.0
2022-04-08,72.69,74.6,72.39,74.11,5666300.0
2022-04-11,71.75,72.76,71.3,72.3,5209400.0
2022-04-12,74.95,76.38,74.91,75.98,6839800.0
2022-04-13,77.15,78.56,75.89,78.42,6918900.0
2022-04-14,77.34,80.44,77.23,79.57,7437200.0
2022-04-18,80.81,81.7,80.0,80.41,5326100.0
2022-04-19,78.059998,78.080002,76.34,76.86,7626100.0
2022-04-20,77.51,77.92,75.57,77.24,5056200.0
2022-04-21,78.34,79.27,77.07,78.12,4815700.0
2022-04-22,76.98,77.47,76.28,76.31,3730500.0
2022-04-25,72.64,74.99,71.98,74.65,5073600.0
2022-04-26,75.33,76.94,74.37,76.46,7354100.0
2022-04-27,75.12,76.61,74.87,76.37,4545800.0
2022-04-28,76.28,78.23,75.86,78.080002,6856000.0
2022-04-29,78.8,79.68,76.94,77.16,6097900.0
2022-05-02,75.38,78.43,74.86,78.38,4467600.0
2022-05-03,76.92,77.83,76.040001,76.69,2990700.0
2022-05-04,79.4,80.72,78.66,80.22,5420100.0
2022-05-05,82.21,82.37,79.23,80.48,5997700.0
2022-05-06,81.63,82.41,80.43,82.13,5679700.0
2022-05-09,79.81,80.029999,76.38,76.57,5630900.0
2022-05-10,77.07,77.33,74.22,74.53,5741000.0
2022-05-11,77.76,79.040001,77.39,78.18,4659600.0
2022-05-12,78.49,79.47,77.91,79.23,4322700.0
2022-05-13,80.6,81.42,79.93,81.28,4194500.0
2022-05-16,80.98,83.39,80.82,83.11,4820700.0
2022-05-17,83.050003,83.63,80.86,81.11,4118300.0
2022-05-18,82.019997,82.040001,78.65,79.29,3882200.0
2022-05-19,78.5,81.35,78.45,80.58,4135300.0
2022-05-20,81.21,81.84,80.26,81.65,3103800.0
2022-05-23,81.36,82.16,80.91,81.97,2989800.0
2022-05-24,82.029999,82.84,81.34,82.0,1537600.0
2022-05-25,82.21,82.69,81.53,82.48,1940400.0
2022-05-26,83.15,85.099998,83.15,84.59,3780800.0
2022-05-27,84.33,85.52,84.11,85.46,2371900.0
2022-05-31,87.99,88.32,84.7,85.47,7416000.0
2022-06-01,86.71,87.2,85.5,85.54,4762300.0
2022-06-02,85.88,87.49,85.27,87.25,3769500.0
2022-06-03,87.21,89.56,86.96,89.47,3671500.0
2022-06-06,89.07,89.22,87.85,88.39,2315800.0
2022-06-07,88.68,90.11,88.089996,90.040001,3893800.0
2022-06-08,90.26,92.2,89.74,91.99,5357200.0
2022-06-09,91.029999,91.49,90.72,91.080002,4583600.0
2022-06-10,90.24,90.78,88.5,90.13,5865200.0
2022-06-13,89.28,91.15,87.68,90.36,6681900.0
2022-06-14,90.98,91.92,87.37,88.45,4675900.0
2022-06-15,88.050003,88.81,86.24,86.93,4420500.0
2022-06-16,86.44,88.55,85.050003,87.66,5171300.0
2022-06-17,86.5,86.78,81.94,83.34,8744600.0
2022-06-21,84.49,85.3,83.65,84.050003,3674400.0
2022-06-22,78.83,82.33,78.49,80.88,5215400.0
2022-06-23,81.63,81.9,78.96,78.98,3918500.0
2022-06-24,80.19,82.17,79.63,81.27,3456200.0
2022-06-27,81.29,83.39,80.4,82.93,4591500.0
2022-06-28,83.99,85.17,83.33,84.72,4226000.0
2022-06-29,85.87,86.4,82.91,82.95,4619800.0
2022-06-30,82.089996,82.3,79.93,80.35,4631500.0
2022-07-01,82.099998,82.46,80.84,81.67,4689800.0
2022-07-05,78.47,78.52,73.42,74.78,10752700.0
2022-07-06,73.49,74.24,71.46,73.67,8899500.0
2022-07-07,76.46,77.87,76.27,76.55,6993200.0
2022-07-08,78.59,79.010002,77.080002,78.54,6450600.0
2022-07-11,77.81,78.92,76.63,78.23,4950300.0
2022-07-12,74.82,75.32,72.56,72.81,6104700.0
2022-07-13,73.07,74.51,72.23,73.19,4365800.0
2022-07-14,71.019997,73.3,69.51,72.85,5355800.0
2022-07-15,74.080002,74.63,73.059998,73.74,3367700.0
2022-07-18,76.92,77.54,76.53,76.81,5382200.0
2022-07-19,76.0,78.21,75.99,78.050003,3172000.0
2022-07-20,77.17,78.26,76.48,77.64,3125900.0
2022-07-21,75.27,76.28,74.7,75.49,3979200.0
2022-07-22,75.18,76.58,74.43,74.53,5768500.0
2022-07-25,75.84,76.4,74.93,76.22,2807500.0
2022-07-26,77.3,77.44,75.0,75.16,2949300.0
2022-07-27,76.4,78.19,75.42,77.87,3166400.0
2022-07-28,78.45,78.52,76.48,77.13,4322000.0
2022-07-29,79.17,80.49,78.0,78.050003,3632800.0
2022-08-01,74.79,75.62,74.010002,75.13,3326800.0
2022-08-02,76.029999,77.41,75.28,75.93,2737300.0
2022-08-03,76.28,76.55,73.3,73.53,4033700.0
2022-08-04,72.83,73.6,70.96,71.53,5215500.0
2022-08-05,70.46,73.18,70.42,71.54,3139200.0
2022-08-08,71.59,73.71,71.47,73.54,4429500.0
2022-08-09,74.2,74.92,72.62,73.45,2492200.0
2022-08-10,73.25,74.98,71.45,74.32,4622300.0
2022-08-11,75.83,76.97,74.98,76.28,4687300.0
2022-08-12,75.34,75.46,74.3,74.98,2949600.0
2022-08-15,71.39,73.36,71.26,72.88,4446200.0
2022-08-16,72.67,73.84,70.67,71.24,5750100.0
2022-08-17,71.65,73.17,71.089996,72.050003,3800700.0
2022-08-18,73.59,74.83,73.32,74.21,3315900.0
2022-08-19,74.050003,75.37,73.83,74.059998,2700600.0
2022-08-22,72.79,74.77,71.45,74.68,7937300.0
2022-08-23,75.83,77.28,75.81,76.83,3782000.0
2022-08-24,76.85,78.07,76.22,78.040001,3857400.0
2022-08-25,78.34,78.38,75.83,76.5,2960200.0
2022-08-26,75.46,76.19,74.77,75.85,2424600.0
2022-08-29,77.019997,78.96,76.71,78.69,3693500.0
2022-08-30,76.6,76.75,74.28,75.47,4968000.0
2022-08-31,73.84,75.089996,73.059998,73.11,4538500.0
2022-09-01,72.089996,72.72,70.8,70.95,4319300.0
2022-09-02,73.18,73.22,71.3,71.43,4050300.0
2022-09-06,72.34,72.45,71.15,71.42,5250400.0
2022-09-07,69.17,69.72,67.59,67.62,7540200.0
2022-09-08,68.54,69.28,67.65,68.089996,4277100.0
2022-09-09,70.33,71.61,70.029999,71.099998,4953600.0
2022-09-12,72.63,73.21,72.07,72.37,3710000.0
2022-09-13,72.11,72.73,70.099998,72.010002,6056900.0
2022-09-14,72.72,73.72,72.25,72.73,2594400.0
2022-09-15,71.089996,71.15,69.34,69.76,3898100.0
2022-09-16,70.33,70.81,69.44,69.9,3384500.0
2022-09-19,67.62,70.27,67.49,70.050003,2863900.0
2022-09-20,69.54,69.59,68.41,69.22,3569200.0
2022-09-21,70.49,70.62,68.099998,68.68,4537900.0
2022-09-22,70.42,70.81,68.53,68.97,2928800.0
2022-09-23,65.89,65.9,64.65,65.32,5923200.0
2022-09-26,65.37,66.25,63.15,63.2,5064500.0
2022-09-27,64.3,65.53,63.69,64.42,3273500.0
2022-09-28,65.26,67.34,64.95,67.13,2603400.0
2022-09-29,67.31,67.76,66.25,66.77,2762700.0
2022-09-30,65.64,66.5,64.85,65.28,2397100.0
2022-10-03,68.6,68.9,67.17,67.89,5256000.0
2022-10-04,69.91,71.0,69.31,70.28,6673400.0
2022-10-05,71.16,72.16,69.87,71.94,4927200.0
2022-10-06,71.74,73.040001,71.61,72.99,2981200.0
2022-10-07,73.27,75.85,73.25,75.099998,4670000.0
2022-10-10,75.29,76.11,73.6,73.78,3511500.0
2022-10-11,72.56,73.07,71.4,71.75,2476200.0
2022-10-12,71.42,71.6,70.2,70.93,2338900.0
2022-10-13,70.39,72.87,70.37,72.52,2304000.0
2022-10-14,71.4,71.72,69.75,70.17,2518900.0
2022-10-17,71.17,71.48,69.78,70.13,3255400.0
2022-10-18,69.36,69.78,67.85,68.7,3291200.0
2022-10-19,68.87,70.57,68.55,70.040001,3094900.0
2022-10-20,71.089996,71.88,69.71,70.18,2545800.0
2022-10-21,70.15,70.99,69.46,70.57,1564300.0
2022-10-24,70.24,71.18,69.8,70.38,1722400.0
2022-10-25,70.59,71.45,70.23,70.61,1517400.0
2022-10-26,71.36,73.14,71.35,72.97,3435400.0
2022-10-27,73.69,74.089996,73.11,73.62,1308800.0
2022-10-28,72.71,73.3,72.029999,72.82,1511200.0
2022-10-31,71.39,72.64,70.72,71.53,3088100.0
2022-11-01,73.8,73.89,72.66,73.12,4586900.0
2022-11-02,73.12,74.88,72.79,74.080002,2796300.0
2022-11-03,73.050003,74.010002,72.86,73.29,1482000.0
2022-11-04,76.54,76.94,75.5,76.82,3679900.0
2022-11-07,76.84,77.72,76.22,76.56,2231400.0
2022-11-08,76.27,76.49,74.080002,74.47,2539700.0
2022-11-09,73.17,73.2,71.58,71.67,2585500.0
2022-11-10,71.66,72.99,71.19,72.24,2020500.0
2022-11-11,74.53,75.15,73.68,74.38,3191900.0
2022-11-14,73.54,74.62,71.88,71.91,2680700.0
2022-11-15,72.12,74.78,71.6,73.25,3318100.0
2022-11-16,72.11,72.47,71.38,72.040001,3359600.0
2022-11-17,71.15,71.44,69.52,70.14,5000100.0
2022-11-18,67.73,69.12,67.46,69.029999,8376000.0
2022-11-21,66.67,69.37,65.37,69.029999,12862900.0
2022-11-22,69.92,70.76,69.58,69.98,3715000.0
2022-11-23,67.84,68.22,66.86,67.41,4693000.0
2022-11-25,68.19,68.49,66.78,66.96,1703600.0
2022-11-28,65.16,67.69,65.0,66.88,7370900.0
2022-11-29,68.51,69.12,67.19,68.34,6290800.0
2022-11-30,70.3,70.44,69.55,70.23,3724000.0
2022-12-01,71.64,72.14,70.3,70.45,4571200.0
2022-12-02,70.6,71.14,69.35,69.84,3459200.0
2022-12-05,71.56,71.78,67.25,67.72,5259100.0
2022-12-06,66.97,67.36,64.52,65.23,6746200.0
2022-12-07,65.47,65.89,63.2,63.65,5443900.0
2022-12-08,64.61,64.68,62.46,62.71,8334600.0
2022-12-09,63.07,63.75,61.81,62.85,7184900.0
2022-12-12,63.21,64.63,63.049999,64.41,4520100.0
2022-12-13,65.16,66.47,65.14,65.86,4496100.0
2022-12-14,66.79,67.67,66.080002,67.36,7394100.0
2022-12-15,66.9,67.050003,65.68,66.15,4665300.0
2022-12-16,64.35,65.82,64.14,64.9,4847100.0
2022-12-19,65.77,66.5,64.83,66.07,3920700.0
2022-12-20,65.83,66.8,64.82,66.22,2501300.0
2022-12-21,67.61,68.16,67.41,68.059998,3292400.0
2022-12-22,68.48,68.59,66.85,67.7,2381800.0
2022-12-23,68.94,69.56,68.87,69.32,2928900.0
2022-12-27,69.59,70.54,69.059998,69.53,3147900.0
2022-12-28,69.18,69.22,67.53,68.58,2782800.0
2022-12-29,67.55,68.59,67.37,68.53,1972300.0
2022-12-30,68.36,70.27,68.35,70.11,3648500.0
2023-01-03,68.64,69.65,67.12,67.64,3339700.0
2023-01-04,65.58,65.58,63.98,64.3,4215300.0
2023-01-05,64.32,65.75,63.93,64.78,3555500.0
2023-01-06,65.82,66.18,64.46,64.83,2994000.0
2023-01-09,66.49,67.33,65.45,65.88,2941100.0
2023-01-10,66.27,66.68,65.22,65.9,2000400.0
2023-01-11,67.24,68.22,66.46,68.050003,3545100.0
2023-01-12,69.12,69.32,68.42,68.61,2616300.0
2023-01-13,69.3,70.089996,68.92,70.050003,2503300.0
2023-01-17,70.86,71.14,69.46,70.86,3796500.0
2023-01-18,71.59,72.029999,69.35,69.51,3172700.0
2023-01-19,70.19,71.14,69.69,70.59,2814900.0
2023-01-20,70.86,71.56,69.97,71.55,2438400.0
2023-01-23,71.82,72.25,71.29,71.5,1661100.0
2023-01-24,71.59,71.66,69.88,70.22,1653200.0
2023-01-25,70.41,71.089996,69.64,70.51,1613200.0
2023-01-26,71.65,71.76,70.27,70.93,1481400.0
2023-01-27,71.74,71.78,69.2,69.5,3185000.0
2023-01-30,68.68,69.87,68.029999,68.099998,2345800.0
2023-01-31,67.86,69.37,67.67,69.32,1391600.0
2023-02-01,69.21,69.41,66.76,67.36,3538500.0
2023-02-02,66.99,67.49,65.9,66.57,2561500.0
2023-02-03,66.73,68.39,64.35,64.4,4875300.0
2023-02-06,65.07,65.53,63.67,65.5,2694200.0
2023-02-07,65.83,67.85,65.82,67.76,3598100.0
2023-02-08,68.4,68.79,67.61,68.68,2052000.0
2023-02-09,67.88,68.5,67.12,67.92,2430700.0
2023-02-10,69.019997,69.9,68.95,69.87,2817200.0
2023-02-13,69.38,70.43,69.07,69.5,3458200.0
2023-02-14,68.22,69.63,68.010002,69.4,1601500.0
2023-02-15,68.79,69.39,67.8,69.019997,1907600.0
2023-02-16,68.82,69.39,68.42,68.45,2369700.0
2023-02-17,66.36,67.26,66.010002,67.019997,3851700.0
2023-02-21,67.5,67.82,66.54,66.69,2432700.0
2023-02-22,66.4,66.67,64.89,64.92,3495600.0
2023-02-23,66.22,66.65,65.7,66.38,2136800.0
2023-02-24,65.56,67.15,65.11,67.099998,2593400.0
2023-02-27,66.63,66.76,65.73,66.25,3024800.0
2023-02-28,67.8,67.93,67.16,67.21,1886400.0
2023-03-01,67.14,68.12,66.73,68.07,2577600.0
2023-03-02,68.44,68.76,67.89,68.3,1623900.0
2023-03-03,67.19,69.91,67.14,69.86,5179300.0
2023-03-06,69.29,70.52,69.050003,70.49,3977800.0
2023-03-07,70.14,70.22,67.56,67.85,5071200.0
2023-03-08,67.13,67.85,66.78,67.099998,3018100.0
2023-03-09,67.9,68.39,66.17,66.24,2436600.0
2023-03-10,66.37,67.56,66.2,67.14,2989500.0
2023-03-13,64.51,66.82,64.07,65.25,5203900.0
2023-03-14,64.019997,65.32,62.34,62.93,6367400.0
2023-03-15,60.26,60.97,57.94,60.02,13746500.0
2023-03-16,58.72,61.09,58.040001,60.049999,8441800.0
2023-03-17,59.94,60.02,57.83,58.66,9071700.0
2023-03-20,58.73,59.87,58.049999,59.79,5391600.0
2023-03-21,60.54,61.32,60.11,61.23,3975100.0
2023-03-22,61.39,62.67,60.92,61.61,3512800.0
2023-03-23,62.51,63.02,60.9,60.99,2635500.0
2023-03-24,60.31,61.25,59.84,60.96,3721100.0
2023-03-27,62.24,64.27,61.86,64.15,8701200.0
2023-03-28,63.76,64.98,63.76,64.55,4149500.0
2023-03-29,65.010002,65.35,64.0,64.15,2593100.0
2023-03-30,64.81,65.54,64.19,65.32,3295100.0
2023-03-31,65.92,66.5,65.26,66.44,2730700.0
2023-04-03,69.93,70.7,69.63,70.27,8377900.0
2023-04-04,71.13,71.13,69.58,70.27,3592700.0
2023-04-05,70.49,70.55,69.68,70.24,3015000.0
2023-04-06,70.35,70.49,69.77,70.26,2839300.0
2023-04-10,70.23,70.79,69.62,69.76,2884600.0
2023-04-11,70.080002,71.21,69.97,71.07,3346800.0
2023-04-12,71.74,72.65,71.61,72.43,4474100.0
2023-04-13,72.36,72.63,71.65,71.8,2790900.0
2023-04-14,72.059998,72.45,71.34,72.089996,3170400.0
2023-04-17,71.66,71.85,70.48,70.84,2985700.0
2023-04-18,70.92,71.36,70.089996,70.73,1468800.0
2023-04-19,69.72,69.98,68.86,69.3,3621100.0
2023-04-20,67.86,68.34,67.51,67.6,3486800.0
2023-04-21,68.58,68.72,67.91,68.21,2620200.0
2023-04-24,68.29,69.6,68.11,69.25,1924400.0
2023-04-25,68.54,68.57,67.26,67.62,2262600.0
2023-04-26,67.18,67.83,65.2,65.36,5692100.0
2023-04-27,65.83,66.21,65.16,65.81,2752700.0
2023-04-28,65.85,67.6,65.53,67.5,3043600.0
2023-05-01,66.34,66.93,65.62,66.55,2939000.0
2023-05-02,65.48,65.5,62.99,63.049999,6535700.0
2023-05-03,61.31,61.39,60.16,60.31,12166700.0
2023-05-04,60.5,61.66,59.78,60.7,4997400.0
2023-05-05,62.73,63.34,62.61,63.029999,4699400.0
2023-05-08,64.75,64.89,64.050003,64.26,3454600.0
2023-05-09,63.84,65.15,63.099998,64.87,5831500.0
2023-05-10,64.8,64.8,63.59,64.39,2683700.0
2023-05-11,63.26,63.62,62.62,63.25,4023300.0
2023-05-12,63.21,63.5,61.94,62.07,4068600.0
2023-05-15,62.7,63.46,62.37,62.99,4837800.0
2023-05-16,63.11,63.54,62.45,62.54,1987100.0
2023-05-17,63.87,64.99,63.060001,64.6,4276000.0
2023-05-18,64.32,64.4,63.58,64.040001,2496600.0
2023-05-19,64.61,64.66,63.25,63.9,2489800.0
2023-05-22,63.59,64.33,63.36,63.91,1645000.0
2023-05-23,64.64,65.4,64.5,64.87,3409700.0
2023-05-24,65.96,66.24,64.94,65.66,3775800.0
2023-05-25,64.46,64.7,63.21,64.089996,4322700.0
2023-05-26,64.9,64.99,64.36,64.8,2145100.0
2023-05-30,62.85,62.97,61.7,62.3,6442600.0
2023-05-31,61.48,62.09,60.61,60.63,4040700.0
2023-06-01,60.66,63.37,60.63,62.55,3631400.0
2023-06-02,64.099998,64.36,63.46,64.15,6934800.0
2023-06-05,65.37,65.41,64.019997,64.029999,3038400.0
2023-06-06,63.080002,64.43,63.0099983,63.79,2569500.0
2023-06-07,64.49,65.21,64.21,64.71,3520500.0
2023-06-08,64.89,64.94,61.82,63.46,8579200.0
2023-06-09,63.64,64.19,62.79,62.93,3354100.0
2023-06-12,61.0,61.23,60.02,60.24,5985300.0
2023-06-13,62.09,62.65,61.99,62.14,3473500.0
2023-06-14,63.0,63.2,61.26,61.83,4818600.0
2023-06-15,62.21,63.77,62.14,63.41,3445600.0
2023-06-16,63.48,64.53,63.28,64.35,2972700.0
2023-06-20,63.75,63.96,62.61,63.92,2313600.0
2023-06-21,63.83,65.089996,63.7,65.040001,2725500.0
2023-06-22,63.15,63.65,62.14,62.52,3875200.0
2023-06-23,61.040001,62.49,60.97,62.42,2403000.0
2023-06-26,62.15,63.14,62.080002,62.73,2084500.0
2023-06-27,62.33,62.63,61.099998,61.3,2610100.0
2023-06-28,61.47,62.94,60.87,62.52,2461500.0
2023-06-29,62.75,63.64,62.25,62.96,1992200.0
2023-06-30,63.35,63.97,63.15,63.55,3132800.0
2023-07-03,63.82,64.11,63.12,63.39,1220800.0
2023-07-05,64.66,64.85,63.9,64.63,2965600.0
2023-07-06,64.33,64.56,63.12,64.44,2372000.0
2023-07-07,64.14,66.050003,64.14,65.85,2782900.0
2023-07-10,65.63,66.31,65.16,65.54,2449000.0
2023-07-11,66.029999,67.050003,65.89,67.029999,2349500.0
2023-07-12,67.62,67.97,67.26,67.87,3046200.0
2023-07-13,67.79,69.099998,67.53,69.089996,3608700.0
2023-07-14,68.53,68.57,67.36,67.47,2398600.0
2023-07-17,66.85,67.4,66.53,66.58,2280800.0
2023-07-18,66.79,68.12,66.65,67.96,2550100.0
2023-07-19,68.39,68.92,67.49,67.69,1935000.0
2023-07-20,68.33,68.49,67.13,68.050003,2031400.0
2023-07-21,68.52,69.31,68.17,68.99,2993000.0
2023-07-24,69.61,70.93,69.29,70.69,2420200.0
2023-07-25,70.4,71.41,70.27,71.16,2340100.0
2023-07-26,70.59,71.31,70.41,70.66,1384300.0
2023-07-27,71.16,71.99,70.72,71.43,1807200.0
2023-07-28,71.32,72.24,70.87,72.089996,1751500.0
2023-07-31,72.75,73.29,72.56,73.17,2068900.0
2023-08-01,72.68,73.19,72.17,72.96,1480900.0
2023-08-02,72.67,72.74,70.88,71.48,3170000.0
2023-08-03,71.7,73.25,71.7,73.14,2921700.0
2023-08-04,73.22,74.29,72.94,73.79,2016600.0
2023-08-07,73.76,73.87,73.040001,73.82,1858800.0
2023-08-08,72.47,74.27,72.040001,74.059998,4218700.0
2023-08-09,74.78,75.36,74.21,75.099998,4777100.0
2023-08-10,74.66,75.089996,73.96,74.2,3443900.0
2023-08-11,74.14,74.81,73.95,74.25,3136500.0
2023-08-14,73.69,74.22,73.35,73.81,3545400.0
2023-08-15,73.25,73.26,72.18,72.62,3907500.0
2023-08-16,72.9,73.15,71.29,71.37,3789600.0
2023-08-17,72.57,72.82,71.92,71.98,2647600.0
2023-08-18,72.18,73.059998,71.91,72.79,2734000.0
2023-08-21,73.42,73.51,72.42,72.58,2085600.0
2023-08-22,72.76,72.87,72.059998,72.28,1656100.0
2023-08-23,70.8,72.0,70.43,71.36,3836900.0
2023-08-24,70.88,71.73,70.45,71.41,2368700.0
2023-08-25,72.62,72.66,70.82,72.45,3106000.0
2023-08-28,72.4,73.13,72.11,72.41,1618700.0
2023-08-29,72.66,73.35,71.79,73.32,2890400.0
2023-08-30,73.73,74.010002,73.059998,73.66,2228100.0
2023-08-31,74.48,75.18,73.95,75.059998,2900700.0
2023-09-01,76.0,76.94,75.94,76.92,4205600.0
2023-09-05,78.07,78.78,77.39,77.76,4782200.0
2023-09-06,77.6,78.77,77.42,78.52,3159800.0
2023-09-07,78.15,78.5,77.44,77.95,2671400.0
2023-09-08,78.14,78.73,77.88,78.3,2039000.0
2023-09-11,78.93,79.12,78.14,78.37,2083800.0
2023-09-12,79.36,80.010002,79.31,79.7,3308800.0
2023-09-13,79.86,80.040001,79.23,79.68,2783800.0
2023-09-14,80.66,81.14,80.53,81.12,3098900.0
2023-09-15,80.29,81.34,80.089996,81.29,2873800.0
2023-09-18,81.79,81.94,80.8,81.45,5940800.0
2023-09-19,82.18,82.28,81.12,81.5,6657100.0
2023-09-20,80.56,81.59,80.13,80.14,4117600.0
2023-09-21,81.25,81.51,80.4,80.41,3095900.0
2023-09-22,81.55,81.6,79.99,80.63,2704300.0
2023-09-25,80.59,80.65,79.67,80.39,1918300.0
2023-09-26,79.97,81.050003,79.89,80.88,2522700.0
2023-09-27,82.24,83.29,82.050003,82.9,4257900.0
2023-09-28,82.32,82.61,81.22,81.57,3169000.0
2023-09-29,81.9,81.94,80.47,80.86,2398100.0
2023-10-02,81.18,81.28,79.19,79.39,3492100.0
2023-10-03,79.81,80.37,79.25,79.93,2899300.0
2023-10-04,77.97,77.97,75.22,75.59,7853800.0
2023-10-05,74.11,75.45,73.61,73.99,5599100.0
2023-10-06,74.43,74.57,73.34,74.16,3894400.0
2023-10-09,76.76,77.4,76.23,77.13,6892100.0
2023-10-10,77.19,77.19,76.19,76.71,4237600.0
2023-10-11,76.19,76.4,74.76,75.67,6048300.0
2023-10-12,76.58,76.61,74.62,75.42,4244100.0
2023-10-13,77.71,79.18,77.16,78.99,6765100.0
2023-10-16,78.63,78.89,77.87,78.39,5156200.0
2023-10-17,77.98,78.88,77.4,78.8,3914400.0
2023-10-18,79.72,80.36,79.32,79.84,4647300.0
2023-10-19,79.37,81.75,78.94,81.68,5924400.0
2023-10-20,81.59,81.98,80.17,80.7,4660500.0
2023-10-23,80.22,80.27,78.35,78.89,4607100.0
2023-10-24,78.040001,78.22,76.31,76.93,6629600.0
2023-10-25,77.11,78.73,75.64,78.46,6116800.0
2023-10-26,76.83,77.59,76.49,76.89,3518500.0
2023-10-27,77.62,78.98,76.58,78.36,5522600.0
2023-10-30,77.24,77.58,75.36,76.050003,5929500.0
2023-10-31,76.21,77.019997,74.56,75.019997,4604000.0
2023-11-01,76.66,76.72,74.24,74.75,4143000.0
2023-11-02,74.91,76.53,74.79,76.18,4191600.0
2023-11-03,75.29,76.41,74.14,74.85,5052600.0
2023-11-06,75.89,76.089996,74.77,74.91,2764300.0
2023-11-07,72.99,73.15,71.61,71.8,7413600.0
2023-11-08,71.27,71.67,69.65,70.19,7264500.0
2023-11-09,70.75,71.66,70.14,70.25,4327700.0
2023-11-10,71.31,72.22,71.12,71.79,3754400.0
2023-11-13,71.81,72.96,71.77,72.92,3075600.0
2023-11-14,73.23,74.040001,72.36,72.69,2688500.0
2023-11-15,71.81,72.38,71.18,71.34,5002800.0
2023-11-16,69.61,69.71,67.45,68.050003,6745900.0
2023-11-17,69.14,70.95,69.14,70.75,5921000.0
2023-11-20,72.18,73.07,71.94,72.3,3985400.0
2023-11-21,72.059998,72.59,71.75,72.53,2543500.0
2023-11-22,69.28,71.9,68.81,71.61,5283900.0
2023-11-24,70.95,71.86,70.75,70.82,1453900.0
2023-11-27,70.3,71.089996,69.54,69.96,4633000.0
2023-11-28,70.64,71.83,70.24,71.26,2508200.0
2023-11-29,72.12,72.87,70.6,72.52,4573000.0
2023-11-30,73.5,74.21,70.029999,70.14,9702200.0
2023-12-01,70.93,71.59,69.040001,69.24,4353000.0
2023-12-04,68.66,69.77,67.87,68.47,5104000.0
2023-12-05,68.74,69.24,67.47,67.58,4833500.0
2023-12-06,65.98,66.35,64.61,64.76,9506200.0
2023-12-07,65.65,65.74,64.35,65.11,4561900.0
2023-12-08,66.11,66.9,65.92,66.53,4055200.0
2023-12-11,66.5,67.029999,65.98,66.8,2589200.0
2023-12-12,64.93,65.059998,63.84,64.25,7103800.0
2023-12-13,64.42,65.35,64.34,65.33,3575200.0
2023-12-14,66.95,67.8,66.9,67.16,5062800.0
2023-12-15,67.19,67.32,65.88,67.15,3451100.0
2023-12-18,68.89,69.58,67.55,68.089996,5558900.0
2023-12-19,68.3,69.43,68.26,69.36,4039100.0
2023-12-20,70.15,70.3,68.66,68.79,5252100.0
2023-12-21,68.13,69.080002,68.13,69.029999,3290400.0
2023-12-22,69.63,69.96,68.49,68.69,4299800.0
2023-12-26,70.52,71.099998,70.11,70.21,4996900.0
2023-12-27,70.019997,70.17,68.9,68.92,3785600.0
2023-12-28,68.35,68.94,66.97,67.18,5754500.0
2023-12-29,67.68,67.75,66.63,66.65,3301800.0
2024-01-02,67.56,67.56,65.48,65.77,7908600.0
2024-01-03,66.92,68.36,66.72,68.19,7136800.0
2024-01-04,68.19,68.39,66.4,67.57,5001000.0
2024-01-05,68.83,69.32,68.36,69.029999,4995400.0
2024-01-08,66.07,66.49,65.54,66.4,6270300.0
2024-01-09,67.3,67.95,66.71,67.39,4394100.0
2024-01-10,68.27,68.68,66.34,66.56,6307700.0
2024-01-11,68.35,68.92,67.11,67.65,7436400.0
2024-01-12,69.38,69.81,67.57,68.019997,7191500.0
2024-01-16,68.089996,68.25,67.11,67.25,4904800.0
2024-01-17,66.48,67.96,66.28,67.94,4463000.0
2024-01-18,68.36,69.31,67.79,69.059998,4685900.0
2024-01-19,69.41,69.72,68.21,68.82,4629800.0
2024-01-22,68.88,70.5,68.72,69.69,4992500.0
2024-01-23,69.34,70.33,69.12,69.66,3164800.0
2024-01-24,69.97,70.88,69.66,70.54,4857600.0
2024-01-25,71.48,72.45,71.019997,72.23,4979600.0
2024-01-26,71.98,73.19,71.13,73.099998,4822100.0
2024-01-29,72.43,72.45,71.48,72.050003,3444900.0
2024-01-30,72.0,73.099998,71.72,72.81,3559200.0
2024-01-31,72.32,72.37,70.66,70.92,5073700.0
2024-02-01,71.59,71.99,68.96,69.07,13358700.0
2024-02-02,68.029999,68.36,67.19,67.51,5654700.0
2024-02-05,67.83,68.59,66.85,68.18,3284500.0
2024-02-06,68.65,69.099998,68.12,68.81,4413400.0
2024-02-07,68.94,69.43,68.7,69.42,5234200.0
2024-02-08,70.27,71.6,70.22,71.52,6147400.0
2024-02-09,71.94,72.28,71.099998,71.67,2761600.0
2024-02-12,71.53,72.13,71.53,72.11,3839000.0
2024-02-13,72.54,73.22,71.95,72.65,3632000.0
2024-02-14,73.07,73.53,71.37,71.55,4632500.0
2024-02-15,71.77,73.2,71.77,72.84,4230900.0
2024-02-16,72.95,73.63,72.44,73.41,4208900.0
2024-02-20,73.44,73.45,72.059998,72.42,3468600.0
2024-02-21,72.17,73.22,72.16,73.2,3781200.0
2024-02-22,72.99,74.050003,72.91,73.6,2748500.0
2024-02-23,72.19,72.66,71.66,71.92,3403200.0
2024-02-26,71.55,73.24,71.48,72.79,3578500.0
2024-02-27,73.21,74.16,73.14,73.85,5301700.0
2024-02-28,74.46,74.74,73.27,73.62,3991500.0
2024-02-29,74.07,74.45,73.2,73.36,3861400.0
2024-03-01,74.74,75.94,74.53,74.96,5359600.0
2024-03-04,75.43,75.5,73.83,74.010002,3332700.0
2024-03-05,73.62,74.67,73.11,73.45,4262700.0
2024-03-06,74.67,75.73,74.16,74.34,4988900.0
2024-03-07,73.56,74.77,73.4,74.23,3758500.0
2024-03-08,74.019997,74.080002,72.99,73.36,4037800.0
2024-03-11,72.97,73.9,72.37,73.62,3072600.0
2024-03-12,73.42,74.16,73.010002,73.35,4134600.0
2024-03-13,74.75,75.25,74.37,75.089996,4435500.0
2024-03-14,75.9,76.76,75.74,76.3,4238600.0
2024-03-15,75.97,76.64,75.87,76.33,3141500.0
2024-03-18,77.019997,78.18,76.61,77.98,3403700.0
2024-03-19,78.089996,78.78,77.94,78.43,2720500.0
2024-03-20,77.2,77.52,76.62,77.25,4254600.0
2024-03-21,76.83,77.0,76.14,76.82,2742000.0
2024-03-22,77.07,77.12,76.31,76.68,2396200.0
2024-03-25,76.99,78.21,76.99,77.76,2189200.0
2024-03-26,77.94,77.98,77.21,77.29,2776800.0
2024-03-27,76.92,77.54,76.82,77.51,2412300.0
2024-03-28,78.27,78.94,78.019997,78.73,4745600.0
2024-04-01,79.080002,80.2,78.8,79.67,4000100.0
2024-04-02,80.63,80.92,79.88,80.79,4241700.0
2024-04-03,81.31,81.82,81.099998,81.25,3254800.0
2024-04-04,81.07,82.84,80.43,82.27,6112200.0
2024-04-05,82.58,83.25,82.12,82.4,3836500.0
2024-04-08,82.38,82.73,81.17,82.2,3757200.0
2024-04-09,82.13,82.25,80.87,81.15,3895500.0
2024-04-10,81.39,82.11,80.43,82.089996,6834100.0
2024-04-11,81.67,81.67,80.79,81.55,6287700.0
2024-04-12,83.0,83.41,81.23,81.53,9718400.0
2024-04-15,81.0,81.7,80.089996,81.65,10203200.0
2024-04-16,81.31,81.72,81.010002,81.33,4285400.0
2024-04-17,80.28,80.96,78.69,78.91,5967300.0
2024-04-18,79.12,79.49,78.2,78.78,4529600.0
2024-04-19,78.72,79.53,78.56,78.85,7562400.0
2024-04-22,77.86,78.99,77.57,78.78,3299600.0
2024-04-23,78.25,80.099998,78.16,79.98,3355400.0
2024-04-24,79.71,80.25,79.16,79.64,3662900.0
2024-04-25,79.57,80.49,78.75,80.44,3009000.0
2024-04-26,80.97,80.97,80.059998,80.39,1605300.0
2024-04-29,80.07,80.33,79.17,79.5,3934100.0
2024-04-30,78.93,79.22,77.79,78.38,3829200.0
2024-05-01,77.37,78.38,75.76,75.93,5965400.0
2024-05-02,76.099998,76.4,75.37,75.93,4710000.0
2024-05-03,75.74,75.92,75.019997,75.13,2875100.0
2024-05-06,75.54,75.98,74.96,75.66,6195900.0
2024-05-07,75.25,76.16,74.64,75.5,4327400.0
2024-05-08,74.72,76.18,74.55,76.11,2423800.0
2024-05-09,76.07,76.56,75.88,76.52,2240300.0
2024-05-10,76.68,76.83,75.24,75.3,2746600.0
2024-05-13,75.72,76.43,75.6,76.13,3055300.0
2024-05-14,75.3,75.87,74.84,75.21,2186600.0
2024-05-15,74.45,75.88,73.88,75.88,3660000.0
2024-05-16,76.64,76.74,75.93,76.25,3195900.0
2024-05-17,76.35,77.11,76.16,76.97,2019100.0
2024-05-20,76.55,77.55,76.18,76.73,2040500.0
2024-05-21,75.99,76.53,75.53,76.16,2009600.0
2024-05-22,75.21,75.9,74.82,74.87,2337200.0
2024-05-23,75.96,76.18,74.040001,74.45,1915600.0
2024-05-24,74.88,75.6,74.73,75.35,1163600.0
2024-05-28,76.76,77.78,76.57,77.66,2300500.0
2024-05-29,77.66,77.67,76.56,76.57,1619000.0
2024-05-30,76.050003,76.72,75.25,75.53,2339500.0
2024-05-31,75.63,75.84,74.33,74.82,2038300.0
2024-06-03,73.93,73.93,71.76,71.83,5763800.0
2024-06-04,70.96,71.45,70.44,71.089996,2421100.0
2024-06-05,71.4,71.98,70.76,71.89,2058500.0
2024-06-06,72.12,73.47,71.96,73.26,1933300.0
2024-06-07,73.56,73.92,72.96,73.019997,2049500.0
2024-06-10,73.78,75.55,73.56,75.46,4022900.0
2024-06-11,75.34,75.99,74.91,75.51,1891700.0
2024-06-12,76.83,76.92,75.57,75.98,2465300.0
2024-06-13,76.31,76.52,75.69,75.74,1685400.0
2024-06-14,76.62,76.78,75.84,76.080002,2347100.0
2024-06-17,76.66,77.98,76.55,77.79,2589800.0
2024-06-18,77.88,78.83,77.76,78.67,1757300.0
2024-06-20,79.28,79.53,78.85,79.41,1446500.0
2024-06-21,79.44,79.79,78.4,78.65,1538800.0
2024-06-24,78.52,79.8,78.49,79.7,1402400.0
2024-06-25,79.47,79.83,78.75,78.9,1272300.0
2024-06-26,78.94,79.55,78.27,78.75,1581900.0
2024-06-27,79.7,80.029999,79.22,79.92,1785700.0
2024-06-28,80.029999,80.040001,79.080002,79.59,1359600.0
2024-07-01,80.21,81.69,79.82,81.54,2272800.0
2024-07-02,81.98,82.019997,80.83,81.11,1182500.0
2024-07-03,80.95,81.6,80.57,81.27,734700.0
2024-07-05,82.010002,82.6,81.23,81.31,1979700.0
2024-07-08,80.59,81.019997,80.29,80.42,2029600.0
2024-07-09,80.12,80.65,79.46,79.77,1913000.0
2024-07-10,79.42,80.69,79.18,80.48,2291900.0
2024-07-11,79.93,80.99,79.73,80.94,2998200.0
2024-07-12,81.25,81.32,80.11,80.25,3003800.0
2024-07-15,80.26,80.38,79.57,80.12,2206700.0
2024-07-16,78.68,79.41,78.68,79.059998,2012200.0
2024-07-17,80.0,80.71,79.95,80.62,2459300.0
2024-07-18,80.59,81.089996,79.84,79.9,1425500.0
2024-07-19,79.51,80.22,77.86,78.0,2636000.0
2024-07-22,77.17,77.75,76.86,77.62,1556600.0
2024-07-23,76.96,77.13,75.72,76.62,3124100.0
2024-07-24,76.87,77.48,76.3,76.81,2129200.0
2024-07-25,76.17,77.78,75.54,77.46,1824000.0
2024-07-26,76.82,76.94,75.55,76.11,2125100.0
2024-07-29,76.73,76.99,74.74,75.19,1955400.0
2024-07-30,74.45,74.77,74.0,74.46,3304600.0
2024-07-31,76.33,77.91,75.9,77.74,4582800.0
2024-08-01,77.79,77.85,75.64,76.29,3633500.0
2024-08-02,73.81,73.82,72.43,73.39,5001300.0
2024-08-05,71.94,73.26,71.83,73.22,3939500.0
2024-08-06,71.77,73.39,71.73,72.45,3377900.0
2024-08-07,73.94,75.17,73.69,74.69,4944000.0
2024-08-08,74.53,75.8,74.44,75.36,3034300.0
2024-08-09,75.67,76.35,75.25,76.22,2923600.0
2024-08-12,77.19,79.17,76.93,78.63,4745000.0
2024-08-13,78.38,78.46,77.31,77.64,2300800.0
2024-08-14,77.6,77.75,76.3,76.59,1721700.0
2024-08-15,77.29,78.0,77.15,77.41,1640500.0
2024-08-16,76.23,76.65,75.69,76.32,2476000.0
2024-08-19,76.25,76.38,74.089996,74.38,4881200.0
2024-08-20,74.74,75.019997,73.68,73.83,2761700.0
2024-08-21,74.32,74.81,72.11,72.6,2769800.0
2024-08-22,72.83,74.17,72.71,73.58,3170300.0
2024-08-23,74.99,75.76,74.87,75.55,3008600.0
2024-08-26,78.07,78.32,77.62,77.83,4196800.0
2024-08-27,77.39,77.6,76.14,76.49,3537500.0
2024-08-28,75.4,76.23,74.8,75.48,1852500.0
2024-08-29,76.77,77.65,76.099998,76.77,4062000.0
2024-08-30,75.19,75.22,74.12,74.34,3341400.0
2024-09-03,72.15,72.15,70.85,71.089996,4967800.0
2024-09-04,70.62,71.5,69.55,69.61,4701400.0
2024-09-05,70.73,71.53,69.51,69.89,3482600.0
2024-09-06,70.55,70.87,67.91,68.93,3708600.0
2024-09-09,68.49,69.66,68.050003,69.27,2685200.0
2024-09-10,69.45,69.49,66.019997,66.96,4038100.0
2024-09-11,67.85,68.62,66.37,67.85,3143200.0
2024-09-12,69.07,70.46,68.53,69.89,4037300.0
2024-09-13,70.2,70.93,69.12,69.84,2453000.0
2024-09-16,70.61,71.22,70.13,70.88,3317900.0
2024-09-17,70.9,72.29,70.84,71.72,1952300.0
2024-09-18,71.010002,71.94,70.58,70.66,2443800.0
2024-09-19,72.22,73.21,71.79,72.75,4126900.0
2024-09-20,72.42,73.14,72.050003,72.92,1353300.0
2024-09-23,72.96,73.53,71.17,72.25,2837700.0
2024-09-24,73.85,73.86,72.83,73.29,2387000.0
2024-09-25,72.35,72.8,70.94,71.48,3469200.0
2024-09-26,69.22,70.12,68.6,69.010002,4593800.0
2024-09-27,69.3,70.32,68.8,70.27,3214700.0
2024-09-30,69.96,70.87,69.42,69.92,2338500.0
2024-10-01,69.34,73.73,69.29,72.11,13945000.0
2024-10-02,73.95,74.21,71.62,72.76,4093000.0
2024-10-03,73.74,75.9,73.45,75.73,7082200.0
2024-10-04,76.21,77.4,75.76,76.35,5843100.0
2024-10-07,77.42,79.31,77.29,79.2,4353500.0
2024-10-08,76.83,76.94,74.57,75.79,8048000.0
2024-10-09,74.11,75.36,73.41,75.25,6501500.0
2024-10-10,76.15,78.040001,75.76,77.77,4533100.0
2024-10-11,77.010002,77.88,76.69,77.49,3642400.0
2024-10-14,76.059998,76.65,75.48,75.93,3943200.0
2024-10-15,72.27,72.95,71.67,72.76,4116700.0
2024-10-16,72.38,72.67,71.53,72.4,2195300.0
2024-10-17,72.050003,72.84,71.31,72.62,2541700.0
2024-10-18,71.74,71.92,70.57,71.38,4342300.0
2024-10-21,72.4,72.87,71.71,72.26,2941400.0
2024-10-22,73.19,74.65,73.0,73.98,3782100.0
2024-10-23,73.49,74.029999,72.91,73.55,2413400.0
2024-10-24,73.75,74.080002,72.27,73.059998,2218600.0
2024-10-25,73.8,74.49,73.36,74.23,3676100.0
2024-10-28,69.77,70.64,69.67,70.43,7429100.0
2024-10-29,70.12,70.31,69.14,69.66,4015900.0
2024-10-30,70.67,71.63,70.36,71.36,3934400.0
2024-10-31,71.81,73.35,71.44,73.080002,9183500.0
2024-11-01,73.63,73.8,71.95,72.019997,4533400.0
2024-11-04,73.86,74.43,73.28,74.29,3240200.0
2024-11-05,74.92,75.34,74.050003,74.73,2839500.0
2024-11-06,73.23,75.32,73.23,74.54,4179100.0
2024-11-07,74.010002,75.56,73.51,74.66,3133400.0
2024-11-08,73.84,73.94,72.66,73.13,2984700.0
2024-11-11,71.21,71.45,70.64,70.94,3272100.0
2024-11-12,71.78,71.85,70.5,70.69,1905500.0
2024-11-13,70.33,71.5,69.6,70.73,3449100.0
2024-11-14,72.059998,72.089996,70.82,71.29,2088900.0
2024-11-15,70.87,71.35,69.56,69.75,3629400.0
2024-11-18,70.93,72.31,70.9,72.07,3116200.0
2024-11-19,72.4,72.71,71.4,72.31,3959400.0
2024-11-20,72.84,72.84,71.6,72.019997,1362400.0
2024-11-21,73.13,73.26,72.39,73.2,1848100.0
2024-11-22,73.099998,74.58,72.94,74.25,2573800.0
2024-11-25,72.94,73.44,71.73,72.099998,3299000.0
2024-11-26,72.52,73.34,71.010002,71.61,2882200.0
2024-11-27,71.63,72.3,71.16,71.72,1575900.0
2024-11-29,72.32,72.74,71.51,71.61,1757600.0
2024-12-02,71.87,71.95,70.7,71.040001,3553900.0
2024-12-03,72.16,73.32,71.8,73.040001,3199100.0
2024-12-04,73.41,73.45,71.52,71.88,2784100.0
2024-12-05,71.95,72.17,71.22,71.47,1525200.0
2024-12-06,70.62,70.71,69.99,70.24,3083800.0
2024-12-09,71.23,71.97,71.16,71.17,2061700.0
2024-12-10,71.54,72.13,71.32,71.4,2475900.0
2024-12-11,72.58,73.59,72.15,73.33,3061900.0
2024-12-12,72.9,73.58,72.19,73.21,2830100.0
2024-12-13,73.62,74.5,73.55,74.21,2713400.0
2024-12-16,74.15,74.3,73.61,73.7,1947900.0
2024-12-17,72.96,73.35,72.31,73.3,2140100.0
2024-12-18,73.67,74.38,72.92,72.94,2338100.0
2024-12-19,73.93,74.11,72.61,72.61,2099400.0
2024-12-20,72.27,73.41,71.96,73.099998,1599800.0
2024-12-23,72.91,73.07,72.099998,73.059998,1894400.0
2024-12-24,73.7,74.029999,73.45,73.65,1011800.0
2024-12-26,74.26,74.38,72.9,73.13,1808600.0
2024-12-27,74.099998,74.4,73.69,73.85,1462000.0
2024-12-30,74.86,75.27,74.46,74.82,1621000.0
2024-12-31,75.24,75.75,74.97,75.55,1273500.0
2025-01-02,76.84,77.56,76.84,76.93,3269400.0
2025-01-03,77.41,78.22,77.26,77.92,1875300.0
2025-01-06,78.43,78.9,77.059998,77.3,2141800.0
2025-01-07,78.13,78.44,77.7,78.17,3912400.0
2025-01-08,78.35,78.46,77.059998,77.3,3259100.0
2025-01-10,81.54,81.82,79.37,80.64,5048700.0
2025-01-13,81.51,82.82,81.37,82.23,5060500.0
2025-01-14,81.9,82.080002,81.21,81.67,4679800.0
2025-01-15,82.28,84.58,82.28,84.34,4891900.0
2025-01-16,83.49,83.6,81.99,82.94,3607100.0
2025-01-17,82.52,83.0,82.23,82.52,2297600.0
2025-01-21,80.62,81.34,80.45,81.11,2410900.0
2025-01-22,80.72,81.21,80.32,80.43,2798000.0
2025-01-23,80.56,81.040001,79.16,79.21,3803200.0
2025-01-24,80.07,80.22,79.019997,79.6,1922700.0
2025-01-27,79.28,79.54,77.23,77.93,1954800.0
2025-01-28,78.87,78.95,77.81,78.86,1592300.0
2025-01-29,78.019997,78.65,77.18,77.78,1670500.0
2025-01-30,77.77,78.77,77.46,77.75,2238600.0
2025-01-31,77.6,78.26,76.76,78.019997,3539800.0
2025-02-03,78.42,78.77,76.94,77.82,4200200.0
2025-02-04,75.7,78.3,75.6,77.51,6136900.0
2025-02-05,76.57,77.0,75.83,76.089996,1985200.0
2025-02-06,76.36,76.73,75.27,75.45,2168400.0
2025-02-07,76.22,76.29,75.46,75.86,2013900.0
2025-02-10,76.94,77.51,76.61,77.4,2814500.0
2025-02-11,78.37,78.49,77.87,78.27,2284100.0
2025-02-12,77.15,77.46,76.29,76.32,4918700.0
2025-02-13,75.68,76.47,75.58,76.39,1897100.0
2025-02-14,76.58,76.74,75.63,75.82,2426000.0
2025-02-18,76.69,77.11,76.35,76.96,2324900.0
2025-02-19,78.059998,78.2,77.23,77.45,1554200.0
2025-02-20,77.92,78.47,77.62,77.76,1627000.0
2025-02-21,76.7,76.85,75.34,75.35,2749100.0
2025-02-24,75.71,76.14,75.45,75.97,2930800.0
2025-02-25,75.6,75.61,73.74,74.13,2386600.0
2025-02-26,73.91,74.27,73.41,73.85,3229400.0
2025-02-27,75.019997,75.79,74.69,75.28,2641900.0
2025-02-28,74.58,75.47,74.25,75.22,2351600.0
2025-03-03,75.33,75.56,72.93,73.32,3996300.0
2025-03-04,72.75,73.61,71.71,73.31,2030600.0
2025-03-05,71.4,71.49,70.089996,71.42,3811000.0
2025-03-06,71.37,72.019997,70.49,71.13,3038700.0
2025-03-07,72.74,73.31,71.77,72.089996,4195700.0
2025-03-10,72.059998,72.25,70.74,70.89,1777100.0
2025-03-11,71.8,72.17,70.98,71.45,1876200.0
2025-03-12,72.32,72.97,72.040001,72.8,2389100.0
2025-03-13,72.080002,72.44,71.41,71.62,3119100.0
2025-03-14,71.89,72.43,71.65,72.28,2054600.0
2025-03-17,72.98,73.17,72.43,72.71,2873700.0
2025-03-18,73.39,73.49,71.97,72.21,2739000.0
2025-03-19,72.080002,72.88,71.93,72.42,1747400.0
2025-03-20,72.23,73.8,72.040001,73.73,2523100.0
2025-03-21,73.39,73.96,73.14,73.79,1528800.0
2025-03-24,74.13,74.97,73.94,74.88,2755300.0
2025-03-25,75.23,75.36,74.12,74.82,1922900.0
2025-03-26,75.34,75.94,75.13,75.42,2469600.0
2025-03-27,75.26,75.68,74.78,75.48,1590800.0
2025-03-28,75.52,75.54,74.54,74.77,2430300.0
2025-03-31,75.52,77.72,75.28,77.33,3147400.0
2025-04-01,77.6,78.010002,76.88,77.080002,2753900.0
2025-04-02,76.72,77.86,76.69,77.74,2808400.0
2025-04-03,72.16,72.7,71.44,72.25,6279800.0
2025-04-04,66.9,68.42,65.5,67.92,9319900.0
2025-04-07,65.64,69.2,64.94,65.98,7869100.0
2025-04-08,66.6,66.8,62.74,63.34,8411300.0
2025-04-09,61.73,68.050003,60.67,67.58,15313000.0
2025-04-10,64.77,65.47,63.6,65.32,6596700.0
2025-04-11,64.65,66.79,64.5,66.46,4386200.0
2025-04-14,67.12,67.13,65.62,66.66,3146200.0
2025-04-15,66.47,66.92,65.92,66.48,1779200.0
2025-04-16,66.99,67.97,66.99,67.75,5452100.0
2025-04-17,68.35,70.050003,68.15,69.48,4776000.0
2025-04-21,68.27,68.66,67.44,68.62,2343000.0
2025-04-22,68.89,70.27,68.72,69.37,4499000.0
2025-04-23,68.99,69.81,67.19,68.050003,8908500.0
2025-04-24,68.65,68.86,67.7,68.46,4336600.0
2025-04-25,68.050003,69.18,68.040001,69.029999,3272100.0
2025-04-28,68.87,69.040001,67.17,67.76,3232700.0
2025-04-29,66.69,66.81,65.83,65.85,4650000.0
2025-04-30,65.45,65.72,63.3,63.56,10236300.0
2025-05-01,63.59,65.080002,63.099998,64.52,10673900.0
2025-05-02,64.53,64.6,63.11,64.010002,7095900.0
2025-05-05,62.85,63.02,61.75,62.37,4867100.0
2025-05-06,64.7,65.41,64.46,64.6,5745700.0
2025-05-07,64.41,64.67,63.26,63.51,4008500.0
2025-05-08,64.44,65.74,64.43,65.6,4643900.0
2025-05-09,65.96,66.82,65.87,66.61,4361300.0
2025-05-12,69.080002,69.28,67.48,67.6,4861900.0
2025-05-13,68.45,69.88,68.4,69.59,4728000.0
2025-05-14,69.28,69.55,68.7,68.73,2802500.0
2025-05-15,67.41,67.79,66.87,67.59,5263400.0
2025-05-16,67.83,68.54,67.42,68.099998,3769400.0
2025-05-19,68.11,69.099998,67.88,68.51,5136900.0
2025-05-20,68.37,68.8,67.78,68.66,2786100.0
2025-05-21,69.14,69.16,67.57,67.59,5467400.0
2025-05-22,66.88,67.55,66.57,67.14,3512500.0
2025-05-23,66.97,68.22,66.96,67.99,4285000.0
2025-05-27,67.48,67.6,66.47,67.28,3938200.0
2025-05-28,68.33,68.96,67.83,67.89,5201800.0
2025-05-29,67.63,67.64,66.78,67.19,4856900.0
2025-05-30,67.099998,67.25,65.96,67.15,8793200.0
2025-06-02,69.99,70.040001,68.64,69.55,7125100.0
2025-06-03,69.62,70.5,69.37,69.89,3996900.0
2025-06-04,70.0,70.56,68.64,69.34,6455200.0
2025-06-05,70.43,70.61,69.79,69.93,2613700.0
2025-06-06,70.36,71.52,70.36,71.38,3488000.0
2025-06-09,71.4,72.18,71.080002,72.050003,2893900.0
2025-06-10,72.17,73.07,71.26,71.6,5541900.0
2025-06-11,73.019997,75.32,72.8,74.82,8888000.0
2025-06-12,74.010002,75.41,73.75,75.050003,11696900.0
2025-06-13,80.47,81.14,78.64,80.22,33971200.0
2025-06-16,79.010002,79.6,76.25,78.59,40622400.0
2025-06-17,80.44,82.89,80.089996,82.3,26239300.0
2025-06-18,83.099998,83.46,80.16,82.27,36772300.0
2025-06-20,82.25,83.38,81.86,83.12,14229000.0
2025-06-23,83.25,83.57,76.41,76.41,50659400.0
2025-06-24,73.34,73.86,71.97,73.0,16119600.0
2025-06-25,72.93,74.23,72.79,73.31,12401000.0
2025-06-26,73.63,74.68,73.089996,73.59,9514900.0
2025-06-27,74.019997,74.34,72.87,73.28,11610800.0
2025-06-30,73.48,73.63,72.72,73.11,5917500.0
2025-07-01,73.61,74.040001,73.32,73.93,4425200.0
2025-07-02,74.32,76.019997,73.51,75.59,6491400.0
2025-07-03,75.41,75.92,74.88,75.19,4394800.0
2025-07-07,75.84,76.89,75.57,76.48,6155000.0
2025-07-08,76.18,77.59,76.050003,76.96,4287200.0
2025-07-09,76.45,77.52,76.28,76.93,3839700.0
2025-07-10,75.37,75.92,74.96,75.39,6704000.0
2025-07-11,76.089996,77.35,76.080002,77.29,4487200.0
2025-07-14,77.27,77.27,75.5,75.62,7289700.0
2025-07-15,75.31,75.88,74.94,75.26,5941400.0
2025-07-16,74.21,75.33,73.99,75.19,6178100.0
2025-07-17,75.010002,76.26,74.87,76.16,4350000.0
2025-07-18,76.97,77.31,75.8,75.93,7583500.0
2025-07-21,75.62,75.91,74.99,75.59,2884800.0
2025-07-22,75.059998,75.47,74.55,75.35,3946300.0
2025-07-23,74.81,75.33,74.44,75.28,4811500.0
2025-07-24,75.87,76.34,75.15,76.089996,5938400.0
2025-07-25,76.11,76.11,74.8,74.85,3287400.0
2025-07-28,76.7,77.24,76.21,77.17,3796800.0
2025-07-29,77.45,80.24,77.34,79.8,7928200.0
2025-07-30,80.16,81.13,79.73,81.040001,4957400.0
2025-07-31,79.86,80.42,78.92,79.59,3817100.0
2025-08-01,79.71,79.83,77.19,77.46,7087100.0
2025-08-04,75.64,77.16,75.46,76.11,5326700.0
2025-08-05,75.51,75.75,74.89,75.019997,5894000.0
2025-08-06,76.31,76.84,73.32,73.79,8908700.0
2025-08-07,74.059998,74.54,73.42,73.42,3578400.0
2025-08-08,73.93,74.4,72.39,73.3,5793400.0
2025-08-11,73.94,74.23,73.36,73.8,3307600.0
2025-08-12,73.22,73.58,72.8,72.95,2929300.0
2025-08-13,72.78,72.83,71.56,72.46,5653500.0
2025-08-14,73.36,73.78,72.88,73.74,4551100.0
2025-08-15,72.72,73.22,72.29,72.8,8046900.0
2025-08-18,72.35,73.63,71.81,73.17,5247900.0
2025-08-19,72.5,72.75,72.059998,72.3,3423300.0
2025-08-20,73.16,73.63,72.59,73.52,3858800.0
2025-08-21,73.29,74.41,73.089996,74.13,3185700.0
2025-08-22,74.28,74.73,74.12,74.64,4873300.0
2025-08-25,75.19,76.12,75.17,75.75,3175800.0
2025-08-26,74.58,75.12,73.85,74.050003,3174400.0
2025-08-27,74.13,75.11,74.13,74.68,3322100.0
2025-08-28,74.94,75.67,74.11,75.24,3522000.0
2025-08-29,75.35,75.45,74.74,74.84,3510200.0
2025-09-02,76.080002,76.96,75.67,76.76,5380800.0
2025-09-03,75.61,75.83,74.59,74.83,6270900.0
2025-09-04,73.87,74.55,73.75,74.18,4503100.0
2025-09-05,73.019997,73.019997,71.96,72.63,5101500.0
2025-09-08,73.49,73.54,72.57,73.040001,3943300.0
2025-09-09,73.99,74.52,73.29,73.39,4228800.0
2025-09-10,74.0,75.050003,73.79,74.71,6039000.0
2025-09-11,73.19,73.55,72.93,73.0,3876000.0
2025-09-12,74.17,74.45,73.26,73.31,4990100.0
2025-09-15,74.26,74.68,73.97,74.23,3985500.0
2025-09-16,75.080002,75.86,74.8,75.67,5063900.0
2025-09-17,75.41,75.7,74.67,74.97,4020200.0
2025-09-18,75.12,75.66,74.28,74.69,4176200.0
2025-09-19,73.95,74.48,73.33,73.52,5958100.0
2025-09-22,72.8,73.59,72.72,73.45,2787100.0
2025-09-23,74.36,75.33,74.33,75.050003,5617600.0
2025-09-24,75.88,76.69,75.58,76.39,3939900.0
2025-09-25,76.029999,77.040001,75.55,76.99,5736700.0
2025-09-26,77.059998,78.32,76.93,77.019997,5918400.0
2025-09-29,75.43,75.5,74.32,74.59,6341200.0
2025-09-30,73.87,74.35,73.4,73.75,7709100.0
2025-10-01,72.65,73.49,72.46,73.14,6348600.0
2025-10-02,72.28,72.96,71.28,71.54,6317200.0
2025-10-03,71.77,72.3,71.63,71.71,6657000.0
2025-10-06,72.43,73.16,72.24,72.87,5435400.0
2025-10-07,72.48,73.23,72.22,73.2,4845800.0
2025-10-08,73.52,74.13,73.25,73.53,4321100.0
2025-10-09,73.81,73.91,72.24,72.51,4670900.0
2025-10-10,70.77,71.37,69.3,69.39,8290900.0
2025-10-13,70.31,70.89,69.9,70.28,4026900.0
2025-10-14,69.15,69.6,68.51,69.0,5106900.0
2025-10-15,69.71,69.86,68.71,68.99,4069300.0
2025-10-16,69.12,69.22,67.53,67.81,7635800.0
2025-10-17,67.72,68.16,67.44,67.98,5517900.0
2025-10-20,66.98,67.9,66.98,67.83,6113000.0
2025-10-21,68.050003,69.14,67.040001,68.27,10824400.0
2025-10-22,69.52,71.18,69.33,70.63,14092800.0
2025-10-23,73.11,73.99,72.86,73.29,9561300.0
2025-10-24,73.67,74.25,73.089996,73.18,6467300.0
2025-10-27,73.21,73.82,72.77,73.12,4563100.0
2025-10-28,72.050003,72.33,71.14,71.39,4540300.0
2025-10-29,71.81,72.64,71.74,71.8,4418000.0
2025-10-30,71.39,72.35,71.16,71.71,2787200.0
2025-10-31,72.57,72.89,72.010002,72.56,7030300.0
2025-11-03,72.56,73.2,72.059998,72.74,4473600.0
2025-11-04,71.92,72.52,71.78,71.93,3196200.0
2025-11-05,71.68,72.46,70.94,71.029999,3309200.0
2025-11-06,70.62,71.11,70.13,70.88,4127300.0
2025-11-07,71.28,71.45,70.72,71.26,3627000.0
2025-11-10,71.59,71.77,70.86,71.68,2525500.0
2025-11-11,72.43,73.07,72.43,72.72,3677200.0
2025-11-12,71.089996,71.089996,69.64,69.79,5070800.0
2025-11-13,70.5,70.54,69.85,69.85,4174700.0
2025-11-14,71.32,71.96,71.13,71.38,4159900.0
2025-11-17,71.6,71.78,71.29,71.3,3647400.0
2025-11-18,71.32,72.68,70.91,72.5,5343000.0
2025-11-19,70.48,70.91,70.11,70.88,4790200.0
2025-11-20,71.27,71.79,70.019997,70.15,5542200.0
2025-11-21,69.27,69.53,68.58,69.3,7120500.0
2025-11-24,69.27,70.59,68.85,70.42,4551300.0
2025-11-25,68.95,69.49,68.26,69.25,5888800.0
2025-11-26,69.07,70.19,69.050003,70.040001,3201800.0
2025-11-28,70.44,71.3,70.44,71.07,3363800.0
2025-12-01,70.61,71.33,70.61,71.059998,4462800.0
2025-12-02,70.54,71.040001,69.72,70.2,6339600.0
2025-12-03,70.75,71.3,70.37,70.66,3173600.0
2025-12-04,70.65,71.76,70.35,71.39,3957500.0
2025-12-05,71.33,72.34,71.31,71.92,4323600.0
2025-12-08,70.82,71.18,70.27,70.49,3073400.0
2025-12-09,70.38,70.42,69.66,69.86,3111300.0
2025-12-10,69.43,70.7,69.13,70.54,8096000.0
2025-12-11,68.59,69.29,68.31,69.25,8487500.0
2025-12-12,68.87,69.13,68.47,68.81,5306000.0
2025-12-15,68.49,68.53,67.61,67.89,6298800.0
2025-12-16,66.75,66.78,65.99,66.17,6816100.0
2025-12-17,67.22,68.059998,66.83,67.98,7398000.0
2025-12-18,67.77,67.94,67.099998,67.19,4713800.0
2025-12-19,67.74,68.2,67.44,68.029999,4003300.0
2025-12-22,69.56,69.85,69.22,69.73,4491500.0
2025-12-23,69.62,70.36,69.45,70.3,3517300.0
2025-12-24,70.47,70.58,69.94,70.2,1596400.0
2025-12-26,69.66,69.76,68.18,68.48,4224500.0
2025-12-29,69.85,70.13,69.57,69.61,2758000.0
2025-12-30,70.28,70.33,69.65,69.74,2324200.0
2025-12-31,70.2,70.26,68.85,69.16,2218700.0
2026-01-02,68.43,69.15,68.15,68.96,5012300.0
2026-01-05,69.73,70.4,69.23,70.22,4987100.0
2026-01-06,70.6,70.74,68.46,68.51,5432900.0
2026-01-07,68.24,68.31,67.35,67.79,5317500.0
2026-01-08,68.79,70.65,68.39,70.54,6558600.0
2026-01-09,70.88,71.94,70.77,70.78,5925100.0
2026-01-12,70.96,72.0,70.47,71.65,5703400.0
2026-01-13,72.78,73.94,72.75,73.48,10694200.0
2026-01-14,74.26,75.16,71.41,72.61,17618100.0
2026-01-15,71.6,71.71,71.0,71.13,4748400.0
2026-01-16,72.3,72.52,71.57,71.65,4492100.0
2026-01-20,72.8,73.13,71.71,71.86,7577200.0
2026-01-21,72.84,73.46,72.6,73.34,4291300.0
2026-01-22,72.43,72.5,71.27,71.82,4973400.0
2026-01-23,73.76,74.050003,73.38,73.95,5427600.0
2026-01-26,73.36,73.77,72.94,73.48,4486300.0
2026-01-27,73.95,75.71,73.69,75.66,6164600.0
2026-01-28,76.26,76.74,75.63,76.62,6508700.0
2026-01-29,80.11,80.38,78.17,79.14,13188800.0
2026-01-30,79.44,79.95,77.65,79.52,11586200.0
2026-02-02,75.5,75.67,74.46,75.33,8544400.0
2026-02-03,75.85,77.64,75.64,77.47,10887400.0
2026-02-04,76.52,79.37,76.2,77.88,17514900.0
2026-02-05,76.86,77.31,75.88,76.69,5989500.0
2026-02-06,76.24,77.99,76.17,76.99,6661500.0
2026-02-09,76.83,78.63,76.79,78.019997,3201100.0
2026-02-10,78.3,78.44,77.28,78.029999,6542000.0
2026-02-11,79.68,79.83,78.24,78.89,10313100.0
2026-02-12,78.0,78.07,75.71,76.38,7442600.0
2026-02-13,76.12,76.72,75.66,76.22,6172200.0
2026-02-17,76.21,76.48,75.18,75.73,9329600.0
2026-02-18,77.92,79.63,77.85,79.4,10251400.0
2026-02-19,80.43,81.27,79.69,81.19,11768000.0
2026-02-20,80.54,81.24,80.17,80.85,9427300.0
2026-02-23,81.49,81.92,80.5,80.9,5941200.0
2026-02-24,81.19,81.22,79.8,80.76,10649500.0
2026-02-25,80.099998,80.14,79.32,79.73,6547300.0
2026-02-26,78.15,81.24,78.040001,79.77,18725900.0
2026-02-27,82.0,82.12,80.58,81.95,12164700.0
2026-03-02,87.62,88.64,83.2,87.19,41780500.0
2026-03-03,94.099998,94.37,87.33,90.2,50397900.0
2026-03-04,90.22,91.59,89.11,91.56,28457300.0
2026-03-05,94.46,98.83,94.059998,96.31,47311300.0
2026-03-06,105.38,109.98,104.53,108.77,68722000.0
2026-03-09,119.42,124.07,98.47,104.33,143771900.0
2026-03-10,107.13,107.56,94.23,105.86,135401400.0
2026-03-11,105.029999,108.36,100.99,108.050003,80928900.0
2026-03-12,115.69,119.13,113.91,118.39,93641500.0
2026-03-13,115.080002,121.15,114.56,119.89,59716000.0
2026-03-16,116.93,118.91,114.36,115.029999,66869700.0
2026-03-17,117.42,119.13,116.07,118.84,40127600.0
2026-03-18,121.029999,122.87,117.45,121.67,70647800.0
2026-03-19,120.4,125.19,114.68,117.36,96157300.0
2026-03-20,118.96,123.019997,118.33,121.43,49738900.0
2026-03-23,113.29,114.45,106.45,110.56,91139700.0
2026-03-24,115.23,116.35,112.77,114.54,48623800.0
2026-03-25,109.29,114.25,109.019997,113.39,41976300.0
2026-03-26,116.73,118.94,115.2,117.26,42398600.0
2026-03-27,120.79,125.3,120.47,124.2,32843700.0
2026-03-30,126.84,130.080002,126.31,129.83,40484900.0
2026-03-31,129.35001,130.92999,124.2,127.25,58856900.0
2026-04-01,124.86,125.73,122.48,124.089996,45287000.0
2026-04-02,139.27,140.0,131.89,137.92,63983600.0
2026-04-06,138.50999,140.89,136.38,138.94,28315500.0
2026-04-07,141.33,143.98,130.0,138.080002,50936400.0
2026-04-08,119.059998,125.23,118.059998,124.58,52449300.0
2026-04-09,127.19,129.64,123.059998,126.96,44214800.0
2026-04-10,125.61,127.78,123.98,124.82,16178900.0
2026-04-13,133.37,133.53,127.16,128.47,22427800.0
2026-04-14,127.099998,127.23,122.91,123.85,14735600.0
2026-04-15,123.25,125.24,122.33,122.59,13952800.0
2026-04-16,124.07,128.28,124.050003,125.84,13470200.0
2026-04-17,114.73,116.87,110.35,116.040001,38315300.0
2026-04-20,119.84,122.88,119.4,121.32,15244900.0
2026-04-21,121.51,128.89,121.029999,128.25,23309500.0
2026-04-22,127.36,131.0099945,127.07,129.39999,11894500.0
2026-04-23,131.25999,137.46001,129.87,134.72,19181600.0
2026-04-24,132.63,133.87,129.55,132.39999,14228400.0
2026-04-27,133.96001,136.49001,133.21001,134.72,7019600.0
2026-04-28,138.85001,140.39999,138.020004,139.60001,11944900.0
2026-04-29,146.14999,151.63,145.94,150.63,14903300.0
2026-04-30,146.32001,149.059998,144.48,147.089996,10614100.0
2026-05-01,143.53,143.85001,138.8,142.8,12798600.0
2026-05-04,143.85001,149.47,142.23,147.61,15170600.0
2026-05-05,143.91,144.8,142.14,144.17,8551000.0
2026-05-06,135.33,136.64,132.56,133.95,12535300.0
2026-05-07,128.77,136.78999,127.38,134.97,15902200.0
2026-05-08,132.37,135.22,132.14,133.59,7739600.0
2026-05-11,136.69,140.89999,135.86,138.66,6252800.0
2026-05-12,143.83,144.8,143.089996,144.3,6109900.0
2026-05-13,143.92,145.0,141.27,142.039993,4719900.0
2026-05-14,140.94,143.0,140.59,143.0,4656000.0
2026-05-15,145.55,148.41,145.17,148.23,5588300.0
2026-05-18,145.91,154.080002,144.96001,149.28999,10817300.0
2026-05-19,152.88,153.5,150.22,152.96001,5514800.0
2026-05-20,149.45,150.53999,141.96001,144.27,11573800.0
2026-05-21,149.27,150.25999,140.23,142.53999,10203800.0
2026-05-22,141.42999,143.78,138.71001,140.92,7541300.0
2026-05-26,136.34,138.7,135.94,137.0,7574200.0
2026-05-27,131.39,133.58,129.64,131.029999,8423300.0
2026-05-28,133.34,133.84,127.77,130.78,7533300.0
2026-05-29,128.31,130.32001,126.55,129.089996,8226600.0
2026-06-01,135.64999,138.91,133.020004,135.5,11053300.0
2026-06-02,135.070007,137.67,134.17999,137.27,3831200.0
2026-06-03,139.46001,141.42,138.39,140.86,4766200.0
2026-06-04,136.67,137.050003,135.0099945,136.74001,4192000.0
2026-06-05,135.14,135.2,132.24001,133.020004,4653800.0
2026-06-08,134.95,136.53,133.95,135.14999,4564300.0
2026-06-09,132.0099945,133.039993,128.17999,131.3,9321500.0
2026-06-10,132.92999,136.61,132.63,134.3,7519500.0
2026-06-11,134.27,135.98,127.87,128.83,12187300.0
2026-06-12,127.029999,129.77,125.3,125.43,8521300.0
2026-06-15,119.84,121.48,119.019997,121.21,5839100.0
2026-06-16,116.34,116.99,113.31,115.47,7728800.0
2026-06-17,115.44,120.0,114.13,114.23,5504000.0
2026-06-18,112.47,115.33,110.48,114.87,5560100.0
2026-06-22,112.63,112.81,111.13,112.69,4524400.0
2026-06-23,110.92,111.53,110.059998,111.26,3153900.0
2026-06-24,106.29,107.66,105.65,106.29,5035500.0
2026-06-25,106.029999,110.050003,105.87,109.31,6186900.0
2026-06-26,105.83,106.17,104.07,105.48,9624500.0
2026-06-29,106.65,107.99,106.19,107.080002,3173300.0
2026-06-30,108.15,108.15,105.12,106.44,3736500.0
2026-07-01,104.55,105.0,103.15,103.27,3111300.0
2026-07-02,102.85,104.46,102.42,103.98,2203900.0
2026-07-06,104.53,105.019997,103.66,104.35,1635900.0
2026-07-07,105.67,109.84,105.49,108.92,7307100.0
2026-07-08,112.36,115.0,110.95,112.21,14148900.0
2026-07-09,110.84,110.9,108.38,109.010002,5521900.0
2026-07-10,109.31,110.9,107.49,108.7,4488400.0
2026-07-13,111.89,119.050003,111.71,117.79,13024300.0
2026-07-14,120.65,121.37,117.73,120.17,10211300.0
2026-07-15,121.45,121.87,118.35,121.38,6332500.0
2026-07-16,121.21,121.43,118.7,119.3,3993100.0
2026-07-17,123.2,124.88,121.45,123.96,5953900.0
2026-07-20,123.78,126.57,123.44,125.51,6696100.0
2026-07-21,128.92,129.39999,127.5,128.85001,6079700.0
2026-07-22,131.42,132.91,130.59,131.67999,6708200.0
2026-07-23,138.52,142.33,138.14999,139.49001,12732100.0
2026-07-24,137.72,137.81,133.53,136.69,9036300.0
2026-07-27,128.66,128.66,124.58,124.76,9422500.0
2026-07-28,123.67,124.55,118.48,120.49,8187100.0
2026-07-29,128.46001,130.3,128.0099945,129.31,7865600.0
2026-07-30,127.12,129.21001,126.91,127.48,3744800.0
2026-07-31,130.17999,130.98,127.95,129.17,4676600.0
2026-08-03,120.8,122.86,119.54,122.12,7297300.0
2026-08-04,117.0,117.62,114.86,115.78,7619300.0
2026-08-05,115.96,116.010002,113.86,114.88,5345700.0
2026-08-06,116.46,119.73,116.19,118.87,5341900.0
2026-08-07,117.67,120.099998,117.51,117.98,4510600.0
2026-08-10,122.089996,126.28,122.059998,125.92,5180900.0
2026-08-11,124.75,127.85,124.46,127.61,8426700.0
2026-08-12,126.64,127.83,125.86,127.3,3612400.0
2026-08-13,124.57,126.96,123.19,125.029999,5059900.0
2026-08-14,124.79,126.92,124.17,126.6,3850800.0
2026-08-17,127.29,130.57001,126.37,130.28999,5279800.0
2026-08-18,131.61,132.25,130.14,130.66,4333100.0
2026-08-19,131.17,133.36,130.44,130.91,4393900.0
2026-08-20,134.71001,135.17,133.14,134.53999,4434800.0
2026-08-21,134.98,135.91,133.89,134.64,3550000.0
2026-08-24,133.5,133.74001,131.14999,132.21001,3433400.0
2026-08-25,128.089996,129.71001,126.089996,126.15,5395400.0
2026-08-26,125.47,129.46001,125.41,127.35,3351500.0
2026-08-27,128.14999,130.96001,127.48,130.0099945,3058600.0
2026-08-28,128.13,130.14,128.0,129.7,2121700.0
2026-08-31,133.0099945,134.34,132.38,133.7,4205400.0
2026-09-01,137.19,141.039993,136.089996,141.0,8187700.0
2026-09-02,139.42,142.17999,138.44,141.14999,4700100.0
2026-09-03,142.12,143.46001,140.97,142.089996,4036600.0
2026-09-04,140.14999,143.029999,138.0099945,141.96001,3708400.0
2026-09-08,144.60001,146.23,143.0099945,146.029999,6272600.0
2026-09-09,148.8,150.039993,147.75999,149.97,5523700.0
2026-09-10,154.78,158.88,152.48,158.38,10095000.0
2026-09-11,152.5,155.020004,152.35001,154.89999,6710600.0
2026-09-14,159.42999,160.27,154.77,156.66,7651200.0
