date,open,high,low,close,volume
2013-01-02,21.74,21.85,21.72,21.82,898700.0
2013-01-03,21.9,22.0,21.89,21.99,1314200.0
2013-01-04,22.030001,22.049999,21.98,21.99,1087600.0
2013-01-07,21.99,22.01,21.92,21.92,1973600.0
2013-01-08,21.96,21.99,21.95,21.95,1172100.0
2013-01-09,22.02,22.040001,21.99,22.02,832400.0
2013-01-10,21.87,21.88,21.77,21.8,2258100.0
2013-01-11,21.71,21.76,21.7,21.74,1126900.0
2013-01-14,21.73,21.75,21.69,21.71,879800.0
2013-01-15,21.75,21.81,21.72,21.77,1684000.0
2013-01-16,21.78,21.81,21.77,21.79,1140900.0
2013-01-17,21.77,21.79,21.74,21.75,416900.0
2013-01-18,21.84,21.91,21.83,21.85,722800.0
2013-01-22,21.83,21.86,21.81,21.83,747900.0
2013-01-23,21.8,21.88,21.79,21.83,748300.0
2013-01-24,21.86,21.87,21.81,21.83,255600.0
2013-01-25,21.79,21.8,21.76,21.78,996000.0
2013-01-28,21.78,21.81,21.78,21.79,191200.0
2013-01-29,21.76,21.77,21.71,21.73,890800.0
2013-01-30,21.67,21.68,21.61,21.64,2960500.0
2013-01-31,21.64,21.65,21.6,21.62,1539900.0
2013-02-01,21.59,21.64,21.53,21.6,1045700.0
2013-02-04,21.69,21.73,21.66,21.71,846700.0
2013-02-05,21.76,21.78,21.68,21.7,594500.0
2013-02-06,21.78,21.79,21.75,21.77,738700.0
2013-02-07,21.84,21.92,21.83,21.89,1216100.0
2013-02-08,21.88,21.92,21.86,21.9,900500.0
2013-02-11,21.92,21.95,21.89,21.92,1008700.0
2013-02-12,21.91,21.92,21.82,21.87,487100.0
2013-02-13,21.85,21.89,21.83,21.88,224900.0
2013-02-14,21.98,21.99,21.93,21.94,621700.0
2013-02-15,21.98,22.0,21.96,21.96,1042200.0
2013-02-19,22.0,22.01,21.96,21.97,522300.0
2013-02-20,22.0,22.15,22.0,22.13,1373200.0
2013-02-21,22.2,22.25,22.16,22.22,1818900.0
2013-02-22,22.24,22.28,22.22,22.23,437100.0
2013-02-25,22.17,22.36,22.16,22.32,3314000.0
2013-02-26,22.31,22.36,22.26,22.34,988300.0
2013-02-27,22.29,22.31,22.24,22.25,1192500.0
2013-02-28,22.3,22.38,22.28,22.37,1144000.0
2013-03-01,22.47,22.52,22.43,22.44,3861200.0
2013-03-04,22.47,22.48,22.41,22.43,1776600.0
2013-03-05,22.37,22.44,22.36,22.4,730500.0
2013-03-06,22.43,22.51,22.43,22.49,1083300.0
2013-03-07,22.4,22.41,22.35,22.39,633800.0
2013-03-08,22.57,22.6,22.53,22.56,855600.0
2013-03-11,22.57,22.58,22.51,22.51,601900.0
2013-03-12,22.47,22.53,22.47,22.5,213700.0
2013-03-13,22.57,22.64,22.56,22.59,504900.0
2013-03-14,22.62,22.63,22.47,22.5,706700.0
2013-03-15,22.39,22.42,22.37,22.4,1333200.0
2013-03-18,22.53,22.55,22.46,22.54,2671100.0
2013-03-19,22.53,22.64,22.52,22.61,1268900.0
2013-03-20,22.5,22.57,22.49,22.56,882400.0
2013-03-21,22.55,22.58,22.51,22.56,337400.0
2013-03-22,22.49,22.5,22.4,22.42,530700.0
2013-03-25,22.48,22.58,22.48,22.58,735100.0
2013-03-26,22.56,22.6,22.53,22.57,407400.0
2013-03-27,22.66,22.69,22.65,22.66,1034100.0
2013-03-28,22.63,22.63,22.56,22.6,773100.0
2013-04-01,22.57,22.58,22.5,22.52,404300.0
2013-04-02,22.56,22.59,22.54,22.57,507600.0
2013-04-03,22.54,22.54,22.49,22.52,540800.0
2013-04-04,22.67,22.68,22.48,22.49,1112300.0
2013-04-05,22.45,22.46,22.4,22.45,493400.0
2013-04-08,22.46,22.54,22.46,22.51,592600.0
2013-04-09,22.43,22.47,22.38,22.41,487600.0
2013-04-10,22.41,22.46,22.4,22.43,1021800.0
2013-04-11,22.37,22.37,22.33,22.37,807600.0
2013-04-12,22.38,22.39,22.33,22.34,1658200.0
2013-04-15,22.35,22.42,22.35,22.41,838900.0
2013-04-16,22.32,22.35,22.21,22.23,1223700.0
2013-04-17,22.33,22.49,22.33,22.47,956800.0
2013-04-18,22.44,22.48,22.4,22.46,460400.0
2013-04-19,22.43,22.52,22.39,22.5,1373100.0
2013-04-22,22.55,22.56,22.48,22.49,807200.0
2013-04-23,22.57,22.6,22.53,22.57,1002200.0
2013-04-24,22.58,22.6,22.53,22.56,1951500.0
2013-04-25,22.47,22.54,22.47,22.51,747400.0
2013-04-26,22.44,22.45,22.39,22.41,466200.0
2013-04-29,22.34,22.35,22.31,22.31,1675500.0
2013-04-30,22.3,22.3,22.17,22.2,1611900.0
2013-05-01,22.15,22.2,22.12,22.18,590200.0
2013-05-02,22.31,22.37,22.29,22.33,1081900.0
2013-05-03,22.37,22.38,22.25,22.32,562700.0
2013-05-06,22.33,22.39,22.33,22.37,296200.0
2013-05-07,22.31,22.37,22.31,22.37,379900.0
2013-05-08,22.25,22.27,22.21,22.27,524400.0
2013-05-09,22.33,22.51,22.33,22.48,334300.0
2013-05-10,22.56,22.67,22.55,22.6,738300.0
2013-05-13,22.6,22.65,22.58,22.64,1317200.0
2013-05-14,22.66,22.73,22.62,22.73,1252600.0
2013-05-15,22.8,22.84,22.75,22.79,757200.0
2013-05-16,22.77,22.8,22.69,22.78,1887500.0
2013-05-17,22.91,22.94,22.88,22.92,1011900.0
2013-05-20,22.86,22.86,22.75,22.78,677500.0
2013-05-21,22.85,22.88,22.73,22.79,1028900.0
2013-05-22,22.79,22.94,22.67,22.89,1448300.0
2013-05-23,22.76,22.8,22.72,22.74,858400.0
2013-05-24,22.73,22.74,22.68,22.71,918400.0
2013-05-28,22.78,22.89,22.76,22.87,502700.0
2013-05-29,22.73,22.75,22.67,22.7,445700.0
2013-05-30,22.59,22.62,22.52,22.55,820900.0
2013-05-31,22.6,22.7,22.59,22.61,1526200.0
2013-06-03,22.6,22.64,22.37,22.45,1843900.0
2013-06-04,22.49,22.53,22.45,22.46,832600.0
2013-06-05,22.46,22.47,22.4,22.42,1766400.0
2013-06-06,22.34,22.35,22.0,22.13,2643100.0
2013-06-07,22.17,22.21,22.13,22.16,1114000.0
2013-06-10,22.25,22.28,22.14,22.17,1415900.0
2013-06-11,22.11,22.12,21.98,21.98,1210800.0
2013-06-12,22.0,22.02,21.9,21.97,634000.0
2013-06-13,21.93,21.96,21.86,21.9,587100.0
2013-06-14,21.95,21.95,21.86,21.88,612000.0
2013-06-17,21.89,21.94,21.84,21.84,579700.0
2013-06-18,21.93,21.93,21.83,21.86,608200.0
2013-06-19,21.85,22.1,21.82,22.059999,1676000.0
2013-06-20,22.2,22.27,22.18,22.19,3540400.0
2013-06-21,22.3,22.39,22.27,22.34,1795700.0
2013-06-24,22.43,22.43,22.32,22.36,7513000.0
2013-06-25,22.38,22.44,22.36,22.4,979700.0
2013-06-26,22.45,22.53,22.43,22.52,938200.0
2013-06-27,22.51,22.57,22.47,22.51,1745900.0
2013-06-28,22.49,22.61,22.49,22.56,1184200.0
2013-07-01,22.55,22.57,22.5,22.51,1386400.0
2013-07-02,22.63,22.67,22.57,22.66,1648300.0
2013-07-03,22.63,22.63,22.52,22.57,496400.0
2013-07-05,22.88,22.92,22.87,22.9,1436600.0
2013-07-08,22.86,22.86,22.82,22.84,11033500.0
2013-07-09,22.85,22.98,22.85,22.93,1441100.0
2013-07-10,22.87,22.88,22.66,22.78,991200.0
2013-07-11,22.51,22.55,22.38,22.42,3677500.0
2013-07-12,22.53,22.54,22.44,22.47,799200.0
2013-07-15,22.52,22.55,22.48,22.49,1286000.0
2013-07-16,22.42,22.44,22.31,22.33,795800.0
2013-07-17,22.31,22.45,22.31,22.38,8168300.0
2013-07-18,22.45,22.49,22.4,22.42,506800.0
2013-07-19,22.4,22.41,22.34,22.36,521900.0
2013-07-22,22.28,22.28,22.21,22.26,1621900.0
2013-07-23,22.26,22.28,22.17,22.19,1086400.0
2013-07-24,22.23,22.31,22.2,22.27,1054600.0
2013-07-25,22.24,22.24,22.11,22.12,908600.0
2013-07-26,22.11,22.14,22.07,22.1,643200.0
2013-07-29,22.13,22.16,22.09,22.1,1401400.0
2013-07-30,22.09,22.19,22.09,22.15,2149000.0
2013-07-31,22.22,22.24,22.030001,22.09,2205500.0
2013-08-01,22.18,22.3,22.18,22.28,1741300.0
2013-08-02,22.22,22.22,22.13,22.16,776900.0
2013-08-05,22.17,22.2,22.13,22.13,953900.0
2013-08-06,22.1,22.12,22.049999,22.07,383900.0
2013-08-07,22.030001,22.040001,21.97,21.98,1735600.0
2013-08-08,21.93,21.94,21.86,21.91,1749900.0
2013-08-09,21.94,21.95,21.92,21.93,799100.0
2013-08-12,22.02,22.02,21.98,21.99,1564000.0
2013-08-13,22.1,22.14,22.09,22.1,976900.0
2013-08-14,22.1,22.11,22.059999,22.09,614100.0
2013-08-15,22.13,22.16,21.92,21.94,1530200.0
2013-08-16,21.91,22.01,21.91,21.98,1645600.0
2013-08-19,21.95,21.98,21.95,21.97,760500.0
2013-08-20,21.86,21.88,21.82,21.87,983000.0
2013-08-21,21.94,22.02,21.92,21.98,1618800.0
2013-08-22,22.030001,22.059999,22.0,22.030001,325600.0
2013-08-23,22.07,22.07,21.95,21.99,1691100.0
2013-08-26,21.99,22.030001,21.98,21.99,363600.0
2013-08-27,21.97,21.97,21.92,21.92,491100.0
2013-08-28,22.0,22.059999,22.0,22.01,976300.0
2013-08-29,22.15,22.19,22.13,22.16,786100.0
2013-08-30,22.18,22.24,22.17,22.19,843200.0
2013-09-03,22.24,22.3,22.24,22.26,1264500.0
2013-09-04,22.23,22.25,22.18,22.18,1956500.0
2013-09-05,22.26,22.34,22.24,22.33,1345500.0
2013-09-06,22.23,22.24,22.16,22.2,533300.0
2013-09-09,22.14,22.16,22.07,22.09,557700.0
2013-09-10,22.11,22.12,22.09,22.09,1808300.0
2013-09-11,22.08,22.09,22.0,22.01,629700.0
2013-09-12,22.049999,22.049999,21.96,22.01,411200.0
2013-09-13,22.01,22.059999,21.98,21.99,963600.0
2013-09-16,21.87,21.94,21.87,21.94,894700.0
2013-09-17,21.91,21.94,21.9,21.9,685200.0
2013-09-18,21.9,21.91,21.63,21.65,2489800.0
2013-09-19,21.63,21.7,21.63,21.68,4203300.0
2013-09-20,21.7,21.74,21.68,21.69,2028500.0
2013-09-23,21.68,21.73,21.68,21.7,1721600.0
2013-09-24,21.73,21.75,21.7,21.74,420300.0
2013-09-25,21.7,21.71,21.65,21.67,725300.0
2013-09-26,21.71,21.76,21.7,21.72,495300.0
2013-09-27,21.63,21.66,21.6,21.64,516900.0
2013-09-30,21.6,21.64,21.59,21.63,281900.0
2013-10-01,21.58,21.64,21.57,21.61,339200.0
2013-10-02,21.52,21.55,21.51,21.53,772400.0
2013-10-03,21.54,21.55,21.47,21.51,1360200.0
2013-10-04,21.55,21.62,21.53,21.61,445500.0
2013-10-07,21.56,21.61,21.54,21.55,1020300.0
2013-10-08,21.55,21.58,21.52,21.56,935000.0
2013-10-09,21.68,21.72,21.65,21.66,1066900.0
2013-10-10,21.71,21.73,21.66,21.7,3259800.0
2013-10-11,21.65,21.7,21.63,21.66,883300.0
2013-10-14,21.61,21.64,21.59,21.62,323200.0
2013-10-15,21.73,21.74,21.67,21.7,624900.0
2013-10-16,21.65,21.77,21.65,21.69,706700.0
2013-10-17,21.48,21.5,21.45,21.45,1094000.0
2013-10-18,21.46,21.47,21.43,21.45,497500.0
2013-10-21,21.5,21.5,21.45,21.47,288300.0
2013-10-22,21.42,21.42,21.33,21.35,1984700.0
2013-10-23,21.35,21.37,21.33,21.36,2519600.0
2013-10-24,21.32,21.35,21.32,21.33,490000.0
2013-10-25,21.34,21.35,21.32,21.34,290700.0
2013-10-28,21.37,21.39,21.34,21.38,798000.0
2013-10-29,21.4,21.47,21.36,21.44,1168300.0
2013-10-30,21.44,21.53,21.4,21.48,1204200.0
2013-10-31,21.55,21.63,21.53,21.63,1646900.0
2013-11-01,21.72,21.77,21.71,21.75,2661500.0
2013-11-04,21.72,21.73,21.69,21.69,583100.0
2013-11-05,21.73,21.77,21.73,21.74,439700.0
2013-11-06,21.68,21.7,21.65,21.67,898800.0
2013-11-07,21.87,21.89,21.73,21.77,2729200.0
2013-11-08,21.88,21.96,21.87,21.9,689600.0
2013-11-11,21.86,21.87,21.83,21.84,309200.0
2013-11-12,21.86,21.88,21.82,21.85,410800.0
2013-11-13,21.83,21.89,21.78,21.8,937600.0
2013-11-14,21.83,21.85,21.77,21.8,662700.0
2013-11-15,21.78,21.8,21.76,21.76,503700.0
2013-11-18,21.7,21.75,21.68,21.73,384100.0
2013-11-19,21.74,21.76,21.7,21.72,265800.0
2013-11-20,21.68,21.85,21.67,21.82,537100.0
2013-11-21,21.83,21.85,21.8,21.82,441200.0
2013-11-22,21.75,21.76,21.72,21.73,548000.0
2013-11-25,21.79,21.81,21.76,21.76,310400.0
2013-11-26,21.76,21.78,21.69,21.69,280100.0
2013-11-27,21.69,21.74,21.68,21.72,265800.0
2013-11-29,21.67,21.71,21.65,21.7,314400.0
2013-12-02,21.77,21.78,21.74,21.77,481300.0
2013-12-03,21.71,21.72,21.65,21.7,298900.0
2013-12-04,21.76,21.77,21.66,21.69,919600.0
2013-12-05,21.65,21.66,21.58,21.58,625800.0
2013-12-06,21.62,21.63,21.58,21.58,323900.0
2013-12-09,21.59,21.59,21.55,21.56,561800.0
2013-12-10,21.5,21.52,21.48,21.5,524600.0
2013-12-11,21.49,21.53,21.45,21.49,950300.0
2013-12-12,21.53,21.58,21.51,21.57,569000.0
2013-12-13,21.57,21.61,21.57,21.58,617400.0
2013-12-16,21.54,21.56,21.51,21.54,607100.0
2013-12-17,21.57,21.59,21.51,21.54,441300.0
2013-12-18,21.53,21.66,21.45,21.63,2020800.0
2013-12-19,21.67,21.7,21.66,21.68,1888400.0
2013-12-20,21.71,21.71,21.63,21.66,1297400.0
2013-12-23,21.62,21.63,21.59,21.62,333000.0
2013-12-24,21.66,21.67,21.63,21.64,333400.0
2013-12-26,21.63,21.65,21.63,21.63,270500.0
2013-12-27,21.52,21.61,21.5,21.59,794800.0
2013-12-30,21.54,21.54,21.47,21.49,968300.0
2013-12-31,21.52,21.55,21.49,21.52,656900.0
2014-01-02,21.67,21.69,21.64,21.65,1220400.0
2014-01-03,21.69,21.75,21.68,21.74,968800.0
2014-01-06,21.73,21.74,21.64,21.68,707400.0
2014-01-07,21.7,21.76,21.69,21.74,947700.0
2014-01-08,21.76,21.82,21.73,21.78,1141700.0
2014-01-09,21.79,21.8,21.75,21.76,651800.0
2014-01-10,21.72,21.72,21.62,21.67,486200.0
2014-01-13,21.66,21.68,21.62,21.62,541100.0
2014-01-14,21.65,21.67,21.62,21.66,509400.0
2014-01-15,21.77,21.8,21.75,21.76,453600.0
2014-01-16,21.71,21.77,21.7,21.74,638200.0
2014-01-17,21.78,21.84,21.76,21.82,1170200.0
2014-01-21,21.82,21.83,21.77,21.78,581900.0
2014-01-22,21.77,21.81,21.77,21.81,347900.0
2014-01-23,21.66,21.67,21.59,21.59,1391300.0
2014-01-24,21.6,21.62,21.58,21.62,1208100.0
2014-01-27,21.6,21.63,21.58,21.62,946000.0
2014-01-28,21.6,21.65,21.6,21.63,448200.0
2014-01-29,21.6,21.65,21.6,21.63,903700.0
2014-01-30,21.74,21.79,21.72,21.77,2343900.0
2014-01-31,21.82,21.85,21.79,21.83,1531000.0
2014-02-03,21.8,21.82,21.74,21.76,1813700.0
2014-02-04,21.79,21.81,21.77,21.78,528000.0
2014-02-05,21.79,21.81,21.74,21.75,755800.0
2014-02-06,21.69,21.73,21.67,21.72,3575900.0
2014-02-07,21.7,21.71,21.64,21.65,369200.0
2014-02-10,21.65,21.66,21.62,21.63,697500.0
2014-02-11,21.63,21.65,21.58,21.63,594200.0
2014-02-12,21.68,21.69,21.64,21.65,523700.0
2014-02-13,21.55,21.56,21.53,21.53,2552100.0
2014-02-14,21.5,21.51,21.49,21.49,511900.0
2014-02-18,21.46,21.47,21.44,21.45,1244500.0
2014-02-19,21.47,21.52,21.46,21.51,589600.0
2014-02-20,21.53,21.57,21.51,21.54,378000.0
2014-02-21,21.55,21.55,21.49,21.52,958700.0
2014-02-24,21.52,21.55,21.49,21.51,464000.0
2014-02-25,21.47,21.52,21.45,21.48,438200.0
2014-02-26,21.55,21.59,21.54,21.56,389100.0
2014-02-27,21.57,21.57,21.5,21.52,255900.0
2014-02-28,21.39,21.43,21.35,21.38,603200.0
2014-03-03,21.42,21.47,21.4,21.46,877500.0
2014-03-04,21.45,21.5,21.44,21.48,295200.0
2014-03-05,21.5,21.5,21.45,21.47,392800.0
2014-03-06,21.38,21.39,21.32,21.35,1978100.0
2014-03-07,21.38,21.39,21.35,21.37,752100.0
2014-03-10,21.38,21.39,21.36,21.38,581600.0
2014-03-11,21.39,21.4,21.35,21.38,418700.0
2014-03-12,21.35,21.36,21.31,21.32,1455100.0
2014-03-13,21.27,21.35,21.25,21.33,878100.0
2014-03-14,21.32,21.32,21.24,21.28,215100.0
2014-03-17,21.29,21.3,21.24,21.26,456600.0
2014-03-18,21.28,21.31,21.26,21.27,1077000.0
2014-03-19,21.29,21.46,21.25,21.43,1102000.0
2014-03-20,21.5,21.53,21.47,21.5,595200.0
2014-03-21,21.47,21.49,21.44,21.47,601400.0
2014-03-24,21.5,21.5,21.37,21.41,448200.0
2014-03-25,21.46,21.5,21.39,21.42,312500.0
2014-03-26,21.46,21.47,21.41,21.42,175300.0
2014-03-27,21.47,21.49,21.43,21.48,403000.0
2014-03-28,21.46,21.5,21.45,21.48,337900.0
2014-03-31,21.47,21.48,21.42,21.46,320100.0
2014-04-01,21.44,21.47,21.42,21.46,198800.0
2014-04-02,21.48,21.51,21.46,21.5,306600.0
2014-04-03,21.56,21.58,21.55,21.56,363600.0
2014-04-04,21.55,21.59,21.53,21.54,658500.0
2014-04-07,21.5,21.51,21.47,21.49,294700.0
2014-04-08,21.36,21.38,21.33,21.35,1182400.0
2014-04-09,21.34,21.36,21.27,21.27,782400.0
2014-04-10,21.29,21.3,21.23,21.26,776400.0
2014-04-11,21.27,21.27,21.24,21.27,549600.0
2014-04-14,21.34,21.35,21.32,21.33,358200.0
2014-04-15,21.36,21.38,21.32,21.35,431100.0
2014-04-16,21.35,21.37,21.34,21.37,192500.0
2014-04-17,21.32,21.37,21.31,21.37,243900.0
2014-04-21,21.36,21.4,21.36,21.39,160300.0
2014-04-22,21.36,21.4,21.35,21.37,177300.0
2014-04-23,21.36,21.37,21.33,21.37,107500.0
2014-04-24,21.39,21.39,21.34,21.34,467800.0
2014-04-25,21.33,21.34,21.31,21.34,285800.0
2014-04-28,21.29,21.34,21.29,21.32,243500.0
2014-04-29,21.33,21.36,21.33,21.34,133800.0
2014-04-30,21.28,21.3,21.25,21.28,545500.0
2014-05-01,21.27,21.28,21.25,21.27,598500.0
2014-05-02,21.35,21.35,21.25,21.27,330900.0
2014-05-05,21.25,21.26,21.24,21.26,238000.0
2014-05-06,21.16,21.17,21.14,21.16,581200.0
2014-05-07,21.15,21.18,21.15,21.17,802800.0
2014-05-08,21.2,21.24,21.19,21.22,880100.0
2014-05-09,21.31,21.37,21.31,21.35,553000.0
2014-05-12,21.33,21.37,21.33,21.37,381800.0
2014-05-13,21.39,21.44,21.39,21.42,278500.0
2014-05-14,21.42,21.42,21.4,21.41,385000.0
2014-05-15,21.44,21.45,21.37,21.39,427900.0
2014-05-16,21.38,21.41,21.38,21.39,358700.0
2014-05-19,21.37,21.39,21.35,21.39,201900.0
2014-05-20,21.4,21.41,21.39,21.4,420800.0
2014-05-21,21.44,21.47,21.4,21.4,864300.0
2014-05-22,21.46,21.46,21.44,21.44,217700.0
2014-05-23,21.49,21.5,21.47,21.48,639100.0
2014-05-27,21.48,21.51,21.47,21.47,330200.0
2014-05-28,21.52,21.53,21.51,21.53,1722800.0
2014-05-29,21.51,21.53,21.47,21.52,384000.0
2014-05-30,21.47,21.5,21.46,21.47,248900.0
2014-06-02,21.53,21.55,21.5,21.55,1003500.0
2014-06-03,21.5,21.53,21.5,21.53,191700.0
2014-06-04,21.52,21.56,21.52,21.55,503600.0
2014-06-05,21.6,21.6,21.45,21.46,599300.0
2014-06-06,21.49,21.51,21.47,21.47,363900.0
2014-06-09,21.54,21.57,21.51,21.55,1982400.0
2014-06-10,21.57,21.6,21.56,21.59,393900.0
2014-06-11,21.55,21.59,21.55,21.59,200500.0
2014-06-12,21.55,21.56,21.52,21.54,4938800.0
2014-06-13,21.52,21.56,21.52,21.54,876400.0
2014-06-16,21.5,21.51,21.48,21.48,465900.0
2014-06-17,21.53,21.54,21.51,21.54,633900.0
2014-06-18,21.5,21.53,21.46,21.47,461600.0
2014-06-19,21.41,21.45,21.39,21.43,1804200.0
2014-06-20,21.47,21.48,21.44,21.44,606700.0
2014-06-23,21.43,21.45,21.4,21.4,1338500.0
2014-06-24,21.41,21.47,21.41,21.42,467300.0
2014-06-25,21.39,21.41,21.38,21.4,229300.0
2014-06-26,21.43,21.45,21.4,21.41,362800.0
2014-06-27,21.38,21.38,21.34,21.34,275400.0
2014-06-30,21.33,21.33,21.26,21.26,900200.0
2014-07-01,21.28,21.29,21.27,21.27,367700.0
2014-07-02,21.33,21.33,21.31,21.31,191300.0
2014-07-03,21.4,21.42,21.39,21.39,352800.0
2014-07-07,21.41,21.41,21.39,21.4,219800.0
2014-07-08,21.4,21.4,21.37,21.39,274300.0
2014-07-09,21.38,21.4,21.33,21.34,1009400.0
2014-07-10,21.37,21.39,21.36,21.37,695100.0
2014-07-11,21.38,21.4,21.37,21.38,373800.0
2014-07-14,21.39,21.39,21.37,21.37,307200.0
2014-07-15,21.38,21.45,21.37,21.44,595600.0
2014-07-16,21.49,21.49,21.47,21.49,591700.0
2014-07-17,21.48,21.5,21.46,21.48,862100.0
2014-07-18,21.51,21.52,21.47,21.48,1315700.0
2014-07-21,21.48,21.5,21.47,21.47,3294900.0
2014-07-22,21.53,21.56,21.53,21.54,436200.0
2014-07-23,21.53,21.57,21.53,21.55,2365200.0
2014-07-24,21.56,21.58,21.56,21.58,216500.0
2014-07-25,21.61,21.63,21.59,21.62,337800.0
2014-07-28,21.62,21.62,21.6,21.62,176500.0
2014-07-29,21.64,21.67,21.64,21.66,293700.0
2014-07-30,21.73,21.75,21.69,21.71,3327900.0
2014-07-31,21.73,21.74,21.71,21.74,820900.0
2014-08-01,21.7,21.72,21.65,21.71,1786300.0
2014-08-04,21.69,21.7,21.68,21.7,787500.0
2014-08-05,21.74,21.77,21.73,21.75,529100.0
2014-08-06,21.78,21.78,21.71,21.72,1290300.0
2014-08-07,21.74,21.79,21.74,21.75,1517300.0
2014-08-08,21.72,21.72,21.66,21.7,904000.0
2014-08-11,21.71,21.72,21.71,21.71,169900.0
2014-08-12,21.74,21.76,21.72,21.73,320800.0
2014-08-13,21.72,21.78,21.71,21.75,306000.0
2014-08-14,21.72,21.76,21.7,21.74,439400.0
2014-08-15,21.71,21.73,21.69,21.7,418100.0
2014-08-18,21.71,21.75,21.71,21.74,194800.0
2014-08-19,21.8,21.83,21.8,21.82,342200.0
2014-08-20,21.85,21.93,21.85,21.92,885900.0
2014-08-21,21.91,21.92,21.88,21.89,306600.0
2014-08-22,21.89,21.97,21.89,21.94,1079100.0
2014-08-25,22.0,22.0,21.97,22.0,496600.0
2014-08-26,21.98,22.040001,21.97,22.02,969600.0
2014-08-27,21.99,22.0,21.95,21.97,1081800.0
2014-08-28,22.02,22.02,21.96,21.97,561700.0
2014-08-29,21.99,22.040001,21.95,22.02,756000.0
2014-09-02,22.11,22.12,22.08,22.09,2210600.0
2014-09-03,22.07,22.09,22.059999,22.07,884600.0
2014-09-04,22.19,22.34,22.19,22.3,1796000.0
2014-09-05,22.3,22.32,22.26,22.3,763300.0
2014-09-08,22.36,22.47,22.35,22.43,1138800.0
2014-09-09,22.48,22.49,22.38,22.39,1404100.0
2014-09-10,22.47,22.47,22.42,22.43,758500.0
2014-09-11,22.42,22.46,22.41,22.45,622200.0
2014-09-12,22.46,22.48,22.38,22.43,633100.0
2014-09-15,22.43,22.44,22.41,22.43,917700.0
2014-09-16,22.42,22.43,22.33,22.39,1488200.0
2014-09-17,22.37,22.55,22.36,22.53,2058700.0
2014-09-18,22.47,22.49,22.42,22.43,1146700.0
2014-09-19,22.5,22.57,22.5,22.55,4859200.0
2014-09-22,22.55,22.59,22.53,22.53,1261500.0
2014-09-23,22.49,22.56,22.47,22.53,716900.0
2014-09-24,22.61,22.65,22.6,22.63,1746800.0
2014-09-25,22.72,22.73,22.65,22.67,4432700.0
2014-09-26,22.73,22.81,22.72,22.8,1206900.0
2014-09-29,22.77,22.8,22.75,22.78,1324300.0
2014-09-30,22.91,22.91,22.85,22.87,2182500.0
2014-10-01,22.89,22.91,22.82,22.85,2711200.0
2014-10-02,22.77,22.84,22.73,22.78,2002000.0
2014-10-03,23.02,23.08,23.01,23.08,4528100.0
2014-10-06,23.01,23.02,22.78,22.82,2433400.0
2014-10-07,22.8,22.86,22.75,22.78,1793900.0
2014-10-08,22.79,22.85,22.66,22.68,5304300.0
2014-10-09,22.69,22.79,22.66,22.75,2343300.0
2014-10-10,22.84,22.87,22.8,22.86,5000900.0
2014-10-13,22.74,22.78,22.72,22.73,1278100.0
2014-10-14,22.8,22.85,22.77,22.83,1088200.0
2014-10-15,22.61,22.69,22.45,22.59,3995200.0
2014-10-16,22.64,22.68,22.53,22.59,2590000.0
2014-10-17,22.6,22.67,22.59,22.66,774900.0
2014-10-20,22.65,22.65,22.57,22.58,632500.0
2014-10-21,22.64,22.7,22.64,22.7,975900.0
2014-10-22,22.78,22.82,22.76,22.8,1199500.0
2014-10-23,22.8,22.85,22.8,22.82,1654900.0
2014-10-24,22.77,22.8,22.73,22.78,760600.0
2014-10-27,22.76,22.77,22.7,22.72,1045400.0
2014-10-28,22.67,22.72,22.66,22.68,824900.0
2014-10-29,22.68,22.87,22.63,22.85,4131300.0
2014-10-30,22.9,22.91,22.85,22.91,1385100.0
2014-10-31,23.15,23.17,23.07,23.09,2494300.0
2014-11-03,23.18,23.23,23.17,23.2,3115800.0
2014-11-04,23.19,23.2,23.09,23.14,961900.0
2014-11-05,23.28,23.29,23.22,23.25,1306900.0
2014-11-06,23.31,23.42,23.3,23.41,2041900.0
2014-11-07,23.36,23.37,23.24,23.27,2449300.0
2014-11-10,23.24,23.35,23.23,23.34,3801400.0
2014-11-11,23.34,23.36,23.2,23.25,1471200.0
2014-11-12,23.27,23.36,23.25,23.33,881500.0
2014-11-13,23.3,23.34,23.28,23.31,1127000.0
2014-11-14,23.43,23.44,23.21,23.25,1879500.0
2014-11-17,23.32,23.37,23.32,23.37,941000.0
2014-11-18,23.26,23.3,23.25,23.26,2395500.0
2014-11-19,23.26,23.31,23.2,23.3,1783800.0
2014-11-20,23.26,23.32,23.24,23.27,1938900.0
2014-11-21,23.39,23.48,23.39,23.46,1371800.0
2014-11-24,23.46,23.46,23.39,23.4,647100.0
2014-11-25,23.43,23.43,23.32,23.35,2760200.0
2014-11-26,23.3,23.31,23.23,23.28,1043100.0
2014-11-28,23.36,23.47,23.36,23.47,652300.0
2014-12-01,23.34,23.37,23.31,23.36,755600.0
2014-12-02,23.5,23.55,23.48,23.55,884000.0
2014-12-03,23.62,23.64,23.59,23.62,1289900.0
2014-12-04,23.55,23.57,23.42,23.53,2190000.0
2014-12-05,23.68,23.75,23.68,23.71,976700.0
2014-12-08,23.71,23.73,23.6,23.66,1889500.0
2014-12-09,23.51,23.56,23.39,23.55,1616200.0
2014-12-10,23.5,23.52,23.4,23.42,980100.0
2014-12-11,23.52,23.56,23.5,23.51,2236800.0
2014-12-12,23.41,23.47,23.38,23.43,1318500.0
2014-12-15,23.47,23.5,23.4,23.48,1093700.0
2014-12-16,23.28,23.39,23.27,23.31,1392600.0
2014-12-17,23.39,23.64,23.37,23.6,2199500.0
2014-12-18,23.68,23.71,23.65,23.67,1398100.0
2014-12-19,23.67,23.78,23.64,23.77,1562600.0
2014-12-22,23.77,23.81,23.73,23.79,1002000.0
2014-12-23,23.91,23.91,23.87,23.91,876100.0
2014-12-24,23.87,23.88,23.85,23.88,231500.0
2014-12-26,23.88,23.91,23.88,23.89,400400.0
2014-12-29,23.88,23.97,23.86,23.95,924000.0
2014-12-30,23.86,23.89,23.84,23.89,1883200.0
2014-12-31,23.92,23.98,23.9,23.97,2858800.0
2015-01-02,24.12,24.2,24.11,24.2,1887600.0
2015-01-05,24.31,24.31,24.22,24.25,2855500.0
2015-01-06,24.3,24.31,24.19,24.3,2262700.0
2015-01-07,24.43,24.47,24.34,24.39,2384600.0
2015-01-08,24.49,24.5,24.42,24.49,1685500.0
2015-01-09,24.5,24.5,24.36,24.38,2320100.0
2015-01-12,24.43,24.44,24.36,24.38,1938700.0
2015-01-13,24.47,24.5,24.41,24.45,1003700.0
2015-01-14,24.36,24.43,24.34,24.4,1373300.0
2015-01-15,24.43,24.58,24.4,24.48,2587500.0
2015-01-16,24.6,24.74,24.55,24.59,3106100.0
2015-01-20,24.61,24.7,24.6,24.69,1526900.0
2015-01-21,24.5,24.68,24.43,24.62,2895500.0
2015-01-22,24.76,25.01,24.69,24.99,3542900.0
2015-01-23,25.2,25.21,25.059999,25.21,2381900.0
2015-01-26,25.2,25.2,25.11,25.17,2516900.0
2015-01-27,24.96,25.0,24.85,24.93,2282400.0
2015-01-28,24.99,25.1,24.94,25.08,1987000.0
2015-01-29,25.059999,25.19,25.0,25.1,1564500.0
2015-01-30,25.13,25.16,25.1,25.13,1740900.0
2015-02-02,25.1,25.11,25.02,25.08,1816100.0
2015-02-03,24.91,24.93,24.69,24.79,4196800.0
2015-02-04,24.85,24.95,24.85,24.94,1158600.0
2015-02-05,24.85,24.87,24.73,24.76,922900.0
2015-02-06,25.0,25.09,24.98,25.059999,2861900.0
2015-02-09,25.049999,25.059999,24.98,25.040001,1661800.0
2015-02-10,25.07,25.1,25.040001,25.07,1133800.0
2015-02-11,25.1,25.18,25.09,25.16,2328700.0
2015-02-12,25.0,25.02,24.87,24.92,1878600.0
2015-02-13,24.89,24.93,24.85,24.91,1038800.0
2015-02-17,24.87,24.95,24.86,24.88,754000.0
2015-02-18,24.92,25.02,24.86,24.89,1736200.0
2015-02-19,24.94,24.98,24.92,24.98,523800.0
2015-02-20,25.059999,25.08,24.88,24.96,1902500.0
2015-02-23,25.01,25.059999,24.99,25.030001,2062500.0
2015-02-24,25.040001,25.12,24.97,24.98,1096300.0
2015-02-25,24.95,25.030001,24.91,24.93,1104000.0
2015-02-26,25.09,25.22,25.08,25.19,1625200.0
2015-02-27,25.2,25.23,25.15,25.2,2502900.0
2015-03-02,25.19,25.26,25.16,25.25,2238700.0
2015-03-03,25.22,25.25,25.15,25.24,1175900.0
2015-03-04,25.3,25.41,25.3,25.37,1635700.0
2015-03-05,25.48,25.54,25.43,25.49,1929500.0
2015-03-06,25.75,25.82,25.75,25.8,3306000.0
2015-03-09,25.78,25.83,25.75,25.8,2286300.0
2015-03-10,25.98,26.08,25.9,26.07,4272800.0
2015-03-11,26.25,26.4,26.21,26.36,3921600.0
2015-03-12,26.19,26.27,26.15,26.22,2784500.0
2015-03-13,26.3,26.5,26.3,26.49,3128100.0
2015-03-16,26.32,26.36,26.22,26.29,3028400.0
2015-03-17,26.22,26.31,26.18,26.3,2263500.0
2015-03-18,26.3,26.3,25.77,25.78,6037600.0
2015-03-19,26.09,26.23,26.07,26.17,3046600.0
2015-03-20,25.88,25.94,25.69,25.82,5947100.0
2015-03-23,25.58,25.68,25.52,25.54,4322300.0
2015-03-24,25.56,25.68,25.56,25.62,1700100.0
2015-03-25,25.47,25.57,25.47,25.55,5766300.0
2015-03-26,25.49,25.72,25.46,25.64,1953900.0
2015-03-27,25.67,25.7,25.56,25.66,1464600.0
2015-03-30,25.8,25.87,25.75,25.86,2087300.0
2015-03-31,25.98,26.0,25.79,25.9,2205300.0
2015-04-01,25.86,25.98,25.84,25.91,1787000.0
2015-04-02,25.7,25.73,25.65,25.71,2079800.0
2015-04-06,25.4,25.6,25.36,25.51,4332500.0
2015-04-07,25.72,25.81,25.65,25.8,3336400.0
2015-04-08,25.65,25.87,25.65,25.84,1595900.0
2015-04-09,25.91,26.14,25.89,26.11,5820800.0
2015-04-10,26.17,26.22,26.12,26.17,2372800.0
2015-04-13,26.22,26.24,26.17,26.21,3787600.0
2015-04-14,26.02,26.02,25.9,26.01,1565500.0
2015-04-15,26.01,26.1,25.86,25.89,1838800.0
2015-04-16,25.78,25.88,25.62,25.69,2882400.0
2015-04-17,25.72,25.73,25.61,25.63,1840500.0
2015-04-20,25.78,25.82,25.73,25.78,1430500.0
2015-04-21,25.89,25.9,25.7,25.81,1709900.0
2015-04-22,25.77,25.84,25.76,25.81,693600.0
2015-04-23,25.79,25.81,25.57,25.62,1236700.0
2015-04-24,25.52,25.63,25.48,25.52,2295700.0
2015-04-27,25.53,25.56,25.38,25.44,2261800.0
2015-04-28,25.39,25.39,25.25,25.28,3006600.0
2015-04-29,25.13,25.14,24.9,25.059999,6270900.0
2015-04-30,25.07,25.1,24.86,24.91,4334100.0
2015-05-01,24.91,25.1,24.88,25.030001,3059800.0
2015-05-04,25.07,25.14,25.07,25.1,1788900.0
2015-05-05,25.1,25.14,24.98,25.030001,4566800.0
2015-05-06,24.83,24.85,24.69,24.75,4300300.0
2015-05-07,24.85,24.93,24.83,24.88,5211300.0
2015-05-08,24.87,24.99,24.85,24.91,2066800.0
2015-05-11,25.01,25.02,24.95,24.99,1624500.0
2015-05-12,24.85,24.86,24.78,24.85,1658100.0
2015-05-13,24.68,24.7,24.56,24.63,3241200.0
2015-05-14,24.5,24.64,24.5,24.55,2641300.0
2015-05-15,24.66,24.68,24.47,24.51,2638400.0
2015-05-18,24.63,24.77,24.63,24.75,1648900.0
2015-05-19,25.059999,25.09,25.01,25.040001,2874900.0
2015-05-20,25.11,25.17,25.040001,25.09,3120700.0
2015-05-21,25.059999,25.09,25.02,25.049999,1373500.0
2015-05-22,25.22,25.3,25.22,25.28,2198500.0
2015-05-26,25.53,25.59,25.49,25.56,3438300.0
2015-05-27,25.67,25.68,25.53,25.57,2553500.0
2015-05-28,25.61,25.67,25.47,25.5,2598500.0
2015-05-29,25.49,25.53,25.42,25.46,1380600.0
2015-06-01,25.49,25.67,25.47,25.61,1924200.0
2015-06-02,25.29,25.3,25.13,25.22,2613000.0
2015-06-03,25.21,25.21,25.02,25.049999,2798100.0
2015-06-04,25.059999,25.1,24.97,25.08,2653700.0
2015-06-05,25.44,25.46,25.26,25.3,9123700.0
2015-06-08,25.17,25.19,24.99,25.01,2181900.0
2015-06-09,25.049999,25.09,24.95,24.98,1720800.0
2015-06-10,24.8,24.91,24.79,24.84,3695600.0
2015-06-11,24.99,25.049999,24.89,24.91,2166800.0
2015-06-12,24.99,25.01,24.84,24.89,1882300.0
2015-06-15,25.01,25.01,24.86,24.87,3983700.0
2015-06-16,24.92,24.97,24.89,24.92,2510200.0
2015-06-17,24.87,24.97,24.67,24.7,3489300.0
2015-06-18,24.55,24.7,24.54,24.62,3449400.0
2015-06-19,24.68,24.71,24.64,24.68,1866100.0
2015-06-22,24.67,24.75,24.61,24.73,4485400.0
2015-06-23,25.049999,25.059999,24.94,25.02,2062300.0
2015-06-24,25.01,25.030001,24.93,24.97,1201100.0
2015-06-25,24.95,24.98,24.92,24.93,2613500.0
2015-06-26,25.030001,25.07,24.96,25.0,1349400.0
2015-06-29,25.030001,25.059999,24.8,24.86,3796100.0
2015-06-30,24.91,25.07,24.9,25.030001,7634100.0
2015-07-01,25.16,25.25,25.12,25.23,2330200.0
2015-07-02,25.18,25.19,25.12,25.17,3496800.0
2015-07-06,25.29,25.29,25.15,25.22,1954800.0
2015-07-07,25.44,25.46,25.25,25.3,3097000.0
2015-07-08,25.22,25.28,25.18,25.2,1298400.0
2015-07-09,25.22,25.34,25.21,25.28,3374900.0
2015-07-10,25.040001,25.17,25.030001,25.1,2044100.0
2015-07-13,25.29,25.36,25.26,25.35,1643500.0
2015-07-14,25.24,25.33,25.24,25.31,612000.0
2015-07-15,25.39,25.47,25.39,25.42,1598600.0
2015-07-16,25.56,25.57,25.46,25.56,2289000.0
2015-07-17,25.57,25.62,25.57,25.62,1151700.0
2015-07-20,25.65,25.66,25.58,25.63,2512700.0
2015-07-21,25.59,25.6,25.41,25.45,2840400.0
2015-07-22,25.54,25.59,25.51,25.51,1785000.0
2015-07-23,25.49,25.49,25.38,25.41,3810000.0
2015-07-24,25.51,25.51,25.41,25.45,743400.0
2015-07-27,25.23,25.26,25.18,25.25,5693200.0
2015-07-28,25.33,25.35,25.27,25.27,2007400.0
2015-07-29,25.31,25.44,25.2,25.41,1706900.0
2015-07-30,25.5,25.58,25.5,25.51,2261100.0
2015-07-31,25.22,25.46,25.2,25.43,1651200.0
2015-08-03,25.46,25.51,25.43,25.49,1996500.0
2015-08-04,25.48,25.63,25.44,25.62,1009500.0
2015-08-05,25.6,25.68,25.55,25.61,884200.0
2015-08-06,25.62,25.62,25.54,25.56,1835600.0
2015-08-07,25.67,25.69,25.49,25.52,1993200.0
2015-08-10,25.53,25.54,25.36,25.4,1613700.0
2015-08-11,25.33,25.45,25.32,25.4,5032700.0
2015-08-12,25.19,25.19,25.059999,25.13,2714900.0
2015-08-13,25.23,25.28,25.17,25.17,1704900.0
2015-08-14,25.2,25.26,25.15,25.24,5183200.0
2015-08-17,25.22,25.33,25.22,25.28,865800.0
2015-08-18,25.36,25.36,25.31,25.34,567100.0
2015-08-19,25.35,25.35,25.17,25.18,1372300.0
2015-08-20,25.11,25.15,25.030001,25.040001,3300700.0
2015-08-21,24.89,24.93,24.76,24.8,5819900.0
2015-08-24,24.22,24.51,24.2,24.39,4701500.0
2015-08-25,24.57,24.74,24.56,24.56,3267600.0
2015-08-26,24.77,24.89,24.68,24.86,4857700.0
2015-08-27,25.01,25.07,24.95,25.02,9085500.0
2015-08-28,25.0,25.16,25.0,25.1,1192600.0
2015-08-31,25.02,25.14,25.02,25.059999,1489000.0
2015-09-01,24.96,25.01,24.89,24.91,1700600.0
2015-09-02,25.030001,25.059999,25.0,25.040001,864900.0
2015-09-03,25.19,25.23,25.13,25.16,2175700.0
2015-09-04,25.16,25.22,25.08,25.13,1015000.0
2015-09-08,25.08,25.09,25.01,25.040001,602000.0
2015-09-09,25.14,25.17,25.040001,25.040001,1448900.0
2015-09-10,25.030001,25.07,24.9,24.94,1149500.0
2015-09-11,24.94,24.95,24.83,24.83,679600.0
2015-09-14,24.84,24.91,24.84,24.84,667300.0
2015-09-15,24.87,24.97,24.86,24.94,780800.0
2015-09-16,24.91,24.92,24.83,24.87,909000.0
2015-09-17,24.82,24.88,24.61,24.61,2143500.0
2015-09-18,24.6,24.88,24.6,24.86,1347200.0
2015-09-21,24.94,25.049999,24.92,25.01,746200.0
2015-09-22,25.08,25.16,25.059999,25.12,1691700.0
2015-09-23,25.14,25.17,25.059999,25.12,526900.0
2015-09-24,25.0,25.049999,24.9,25.040001,1780900.0
2015-09-25,25.14,25.16,25.08,25.08,626700.0
2015-09-28,25.17,25.18,25.01,25.049999,1812100.0
2015-09-29,25.09,25.09,24.98,25.01,620200.0
2015-09-30,25.1,25.15,25.09,25.1,821100.0
2015-10-01,25.11,25.11,25.02,25.09,1220500.0
2015-10-02,24.86,25.030001,24.82,25.030001,1398600.0
2015-10-05,25.0,25.07,24.98,25.040001,1415100.0
2015-10-06,25.01,25.01,24.86,24.87,698600.0
2015-10-07,24.88,24.94,24.86,24.9,965500.0
2015-10-08,24.89,24.91,24.75,24.84,1499500.0
2015-10-09,24.73,24.75,24.67,24.72,1041500.0
2015-10-12,24.69,24.7,24.65,24.7,1162800.0
2015-10-13,24.7,24.72,24.66,24.66,819900.0
2015-10-14,24.56,24.6,24.43,24.45,1267500.0
2015-10-15,24.59,24.63,24.52,24.61,891500.0
2015-10-16,24.62,24.68,24.59,24.65,851800.0
2015-10-19,24.69,24.74,24.68,24.72,657500.0
2015-10-20,24.67,24.72,24.65,24.7,696400.0
2015-10-21,24.7,24.74,24.69,24.73,973200.0
2015-10-22,24.97,25.1,24.97,25.09,1042400.0
2015-10-23,25.22,25.32,25.21,25.3,1556600.0
2015-10-26,25.29,25.29,25.19,25.22,457700.0
2015-10-27,25.23,25.26,25.19,25.24,428300.0
2015-10-28,25.19,25.47,25.1,25.45,1547600.0
2015-10-29,25.43,25.43,25.32,25.34,847700.0
2015-10-30,25.25,25.28,25.15,25.25,1029400.0
2015-11-02,25.18,25.26,25.18,25.23,713500.0
2015-11-03,25.33,25.39,25.3,25.3,1132700.0
2015-11-04,25.44,25.54,25.43,25.51,2291200.0
2015-11-05,25.52,25.55,25.49,25.53,2320000.0
2015-11-06,25.83,25.87,25.79,25.83,3481300.0
2015-11-09,25.86,25.86,25.74,25.78,2125700.0
2015-11-10,25.89,25.91,25.82,25.85,1386900.0
2015-11-11,25.79,25.82,25.74,25.78,12430500.0
2015-11-12,25.81,25.81,25.63,25.67,5168800.0
2015-11-13,25.77,25.84,25.76,25.76,1042200.0
2015-11-16,25.83,25.9,25.82,25.9,2398900.0
2015-11-17,25.93,25.98,25.89,25.94,3042600.0
2015-11-18,25.93,26.0,25.89,25.94,3710500.0
2015-11-19,25.77,25.82,25.7,25.76,2226900.0
2015-11-20,25.8,25.94,25.79,25.94,1627100.0
2015-11-23,25.97,26.02,25.9,25.98,1602300.0
2015-11-24,25.94,25.97,25.89,25.93,1288100.0
2015-11-25,26.01,26.07,25.93,25.98,875500.0
2015-11-27,26.07,26.07,26.01,26.02,1755600.0
2015-11-30,26.08,26.1,26.049999,26.08,1890200.0
2015-12-01,26.0,26.02,25.94,25.96,1095100.0
2015-12-02,26.07,26.14,25.99,26.02,1853600.0
2015-12-03,25.71,25.73,25.38,25.4,6194000.0
2015-12-04,25.52,25.65,25.44,25.58,1944000.0
2015-12-07,25.7,25.71,25.62,25.66,2440500.0
2015-12-08,25.59,25.63,25.57,25.58,1419700.0
2015-12-09,25.42,25.44,25.27,25.31,3344400.0
2015-12-10,25.4,25.47,25.39,25.45,2889700.0
2015-12-11,25.37,25.42,25.29,25.35,845400.0
2015-12-14,25.35,25.4,25.27,25.4,1320300.0
2015-12-15,25.41,25.55,25.41,25.54,1141700.0
2015-12-16,25.51,25.61,25.36,25.54,2429500.0
2015-12-17,25.72,25.81,25.68,25.78,2856500.0
2015-12-18,25.76,25.76,25.62,25.63,1650200.0
2015-12-21,25.61,25.62,25.53,25.54,1357900.0
2015-12-22,25.48,25.53,25.45,25.5,1639300.0
2015-12-23,25.55,25.63,25.53,25.54,1887000.0
2015-12-24,25.45,25.48,25.43,25.48,834200.0
2015-12-28,25.44,25.46,25.42,25.45,1159600.0
2015-12-29,25.53,25.58,25.49,25.52,1025800.0
2015-12-30,25.52,25.58,25.52,25.52,666100.0
2015-12-31,25.59,25.67,25.58,25.65,1500400.0
2016-01-04,25.65,25.79,25.63,25.69,1136200.0
2016-01-05,25.82,25.9,25.81,25.84,1524800.0
2016-01-06,25.86,25.87,25.75,25.77,1032100.0
2016-01-07,25.66,25.71,25.5,25.51,4223300.0
2016-01-08,25.63,25.68,25.56,25.56,2147600.0
2016-01-11,25.65,25.69,25.59,25.68,2310300.0
2016-01-12,25.71,25.79,25.67,25.72,2911700.0
2016-01-13,25.76,25.77,25.68,25.68,1176400.0
2016-01-14,25.67,25.79,25.64,25.75,1238700.0
2016-01-15,25.58,25.71,25.57,25.69,4286300.0
2016-01-19,25.78,25.78,25.68,25.74,1620600.0
2016-01-20,25.72,25.77,25.67,25.75,1599100.0
2016-01-21,25.84,25.87,25.7,25.72,1752900.0
2016-01-22,25.78,25.87,25.76,25.86,1102500.0
2016-01-25,25.79,25.83,25.77,25.78,431700.0
2016-01-26,25.79,25.8,25.72,25.73,722100.0
2016-01-27,25.69,25.75,25.67,25.71,1386700.0
2016-01-28,25.63,25.65,25.55,25.59,1931000.0
2016-01-29,25.82,25.92,25.82,25.86,1775200.0
2016-02-01,25.75,25.77,25.68,25.69,1233300.0
2016-02-02,25.67,25.73,25.64,25.67,675700.0
2016-02-03,25.51,25.51,25.15,25.23,2496900.0
2016-02-04,25.07,25.13,25.01,25.059999,2113400.0
2016-02-05,25.19,25.25,25.14,25.17,1477100.0
2016-02-08,25.25,25.25,25.059999,25.11,905600.0
2016-02-09,24.92,24.98,24.83,24.93,1361400.0
2016-02-10,24.99,25.11,24.86,24.88,1109000.0
2016-02-11,24.77,24.85,24.72,24.81,2050000.0
2016-02-12,24.94,24.98,24.89,24.92,1285800.0
2016-02-16,25.07,25.17,25.059999,25.14,779200.0
2016-02-17,25.19,25.2,25.1,25.13,688400.0
2016-02-18,25.2,25.2,25.1,25.14,535800.0
2016-02-19,25.19,25.2,25.059999,25.07,2762000.0
2016-02-22,25.3,25.31,25.25,25.26,764700.0
2016-02-23,25.29,25.32,25.24,25.27,588700.0
2016-02-24,25.36,25.37,25.22,25.29,1143800.0
2016-02-25,25.33,25.35,25.23,25.27,1267000.0
2016-02-26,25.38,25.49,25.36,25.44,1476000.0
2016-02-29,25.53,25.53,25.46,25.49,782000.0
2016-03-01,25.51,25.58,25.5,25.5,1250000.0
2016-03-02,25.56,25.58,25.46,25.48,946900.0
2016-03-03,25.43,25.44,25.29,25.32,933200.0
2016-03-04,25.3,25.31,25.17,25.25,919100.0
2016-03-07,25.33,25.34,25.17,25.2,834700.0
2016-03-08,25.15,25.24,25.14,25.21,413600.0
2016-03-09,25.31,25.32,25.15,25.22,637500.0
2016-03-10,25.22,25.22,24.89,24.97,1419000.0
2016-03-11,25.0,25.030001,24.89,24.95,1090600.0
2016-03-14,25.030001,25.09,24.99,25.049999,1779800.0
2016-03-15,25.059999,25.1,25.040001,25.07,944300.0
2016-03-16,25.14,25.17,24.78,24.8,2988300.0
2016-03-17,24.6,24.63,24.54,24.58,1744500.0
2016-03-18,24.61,24.67,24.57,24.64,2202900.0
2016-03-21,24.67,24.74,24.67,24.72,1761900.0
2016-03-22,24.78,24.82,24.75,24.79,1180700.0
2016-03-23,24.88,24.95,24.88,24.92,1560900.0
2016-03-24,24.96,24.97,24.91,24.93,809400.0
2016-03-28,24.86,24.89,24.84,24.88,856100.0
2016-03-29,24.86,24.89,24.64,24.66,2853300.0
2016-03-30,24.63,24.63,24.51,24.58,3034800.0
2016-03-31,24.5,24.54,24.44,24.54,1858700.0
2016-04-01,24.58,24.65,24.5,24.53,1064500.0
2016-04-04,24.49,24.54,24.47,24.51,822700.0
2016-04-05,24.54,24.62,24.49,24.53,1372300.0
2016-04-06,24.55,24.56,24.43,24.48,2582100.0
2016-04-07,24.51,24.53,24.45,24.51,932800.0
2016-04-08,24.45,24.48,24.38,24.42,797900.0
2016-04-11,24.38,24.38,24.29,24.36,1338500.0
2016-04-12,24.37,24.45,24.34,24.36,1052700.0
2016-04-13,24.49,24.58,24.49,24.55,1139800.0
2016-04-14,24.59,24.63,24.56,24.61,1303700.0
2016-04-15,24.56,24.57,24.48,24.54,1007700.0
2016-04-18,24.53,24.53,24.45,24.49,724900.0
2016-04-19,24.36,24.39,24.33,24.37,1030800.0
2016-04-20,24.4,24.51,24.37,24.51,1428700.0
2016-04-21,24.4,24.53,24.39,24.51,1002600.0
2016-04-22,24.6,24.67,24.55,24.65,1517300.0
2016-04-25,24.58,24.58,24.52,24.57,676400.0
2016-04-26,24.42,24.52,24.4,24.5,881700.0
2016-04-27,24.45,24.57,24.38,24.47,1056700.0
2016-04-28,24.35,24.37,24.27,24.27,1081600.0
2016-04-29,24.12,24.15,24.09,24.1,2024500.0
2016-05-02,24.059999,24.07,23.97,24.01,3467800.0
2016-05-03,23.97,24.1,23.96,24.08,3855300.0
2016-05-04,24.13,24.19,24.1,24.17,2898800.0
2016-05-05,24.24,24.32,24.23,24.29,1761200.0
2016-05-06,24.27,24.35,24.25,24.32,2125600.0
2016-05-09,24.37,24.4,24.35,24.39,2404200.0
2016-05-10,24.4,24.43,24.35,24.41,1076200.0
2016-05-11,24.34,24.34,24.26,24.29,924700.0
2016-05-12,24.32,24.39,24.29,24.38,721700.0
2016-05-13,24.48,24.56,24.48,24.49,1182800.0
2016-05-16,24.47,24.5,24.44,24.48,554100.0
2016-05-17,24.48,24.49,24.42,24.48,662200.0
2016-05-18,24.55,24.67,24.5,24.65,1650600.0
2016-05-19,24.7,24.71,24.64,24.69,2701700.0
2016-05-20,24.66,24.72,24.65,24.69,888000.0
2016-05-23,24.71,24.73,24.63,24.68,1127200.0
2016-05-24,24.73,24.78,24.72,24.76,1107700.0
2016-05-25,24.75,24.76,24.68,24.69,1408500.0
2016-05-26,24.59,24.68,24.58,24.65,1425600.0
2016-05-27,24.71,24.8,24.71,24.79,1906300.0
2016-05-31,24.77,24.84,24.72,24.84,1066700.0
2016-06-01,24.73,24.77,24.69,24.7,1106000.0
2016-06-02,24.69,24.75,24.68,24.73,834700.0
2016-06-03,24.41,24.42,24.33,24.34,2995100.0
2016-06-06,24.36,24.39,24.27,24.34,941100.0
2016-06-07,24.31,24.34,24.28,24.3,1145800.0
2016-06-08,24.21,24.24,24.18,24.23,1564500.0
2016-06-09,24.32,24.36,24.31,24.34,1355200.0
2016-06-10,24.4,24.53,24.39,24.5,1867100.0
2016-06-13,24.5,24.51,24.4,24.44,1033900.0
2016-06-14,24.55,24.62,24.55,24.59,1682700.0
2016-06-15,24.58,24.58,24.44,24.53,1713800.0
2016-06-16,24.65,24.72,24.48,24.5,1753600.0
2016-06-17,24.42,24.47,24.37,24.39,1038700.0
2016-06-20,24.21,24.28,24.21,24.25,1573700.0
2016-06-21,24.29,24.37,24.29,24.37,812800.0
2016-06-22,24.25,24.31,24.19,24.26,1529300.0
2016-06-23,24.13,24.22,24.12,24.15,2863000.0
2016-06-24,24.82,24.83,24.6,24.78,5926400.0
2016-06-27,24.94,25.059999,24.93,24.99,4645600.0
2016-06-28,24.87,24.97,24.87,24.87,5571900.0
2016-06-29,24.8,24.81,24.74,24.79,1328200.0
2016-06-30,24.8,24.96,24.78,24.84,2207400.0
2016-07-01,24.73,24.81,24.71,24.76,736500.0
2016-07-05,24.77,24.93,24.77,24.93,887000.0
2016-07-06,24.89,24.99,24.85,24.86,1914600.0
2016-07-07,24.85,24.94,24.83,24.92,548200.0
2016-07-08,24.89,24.98,24.87,24.93,1173400.0
2016-07-11,24.96,25.02,24.95,25.0,1126300.0
2016-07-12,24.94,24.98,24.91,24.98,659100.0
2016-07-13,24.92,24.93,24.86,24.92,1157000.0
2016-07-14,24.89,24.91,24.85,24.86,884500.0
2016-07-15,24.94,25.0,24.91,24.96,2601900.0
2016-07-18,24.99,24.99,24.94,24.98,488400.0
2016-07-19,25.08,25.13,25.08,25.1,1071200.0
2016-07-20,25.16,25.17,25.1,25.12,1111200.0
2016-07-21,25.11,25.16,25.08,25.08,614200.0
2016-07-22,25.12,25.23,25.11,25.21,1118300.0
2016-07-25,25.2,25.22,25.16,25.17,1383800.0
2016-07-26,25.12,25.15,25.08,25.14,1717400.0
2016-07-27,25.14,25.22,25.01,25.02,1522600.0
2016-07-28,24.96,25.02,24.93,25.01,1165900.0
2016-07-29,24.77,24.79,24.65,24.67,3306200.0
2016-08-01,24.75,24.76,24.71,24.74,705500.0
2016-08-02,24.6,24.61,24.55,24.57,1902300.0
2016-08-03,24.66,24.71,24.64,24.71,1459400.0
2016-08-04,24.74,24.77,24.72,24.75,349800.0
2016-08-05,24.92,24.96,24.85,24.88,834700.0
2016-08-08,24.93,24.93,24.9,24.9,601800.0
2016-08-09,24.9,24.91,24.83,24.85,671700.0
2016-08-10,24.7,24.75,24.69,24.72,1372100.0
2016-08-11,24.75,24.8,24.71,24.79,740500.0
2016-08-12,24.67,24.75,24.66,24.75,745900.0
2016-08-15,24.73,24.73,24.68,24.71,539000.0
2016-08-16,24.56,24.57,24.48,24.49,1974600.0
2016-08-17,24.53,24.58,24.43,24.51,1490000.0
2016-08-18,24.43,24.44,24.32,24.33,1147700.0
2016-08-19,24.45,24.46,24.42,24.42,1072200.0
2016-08-22,24.46,24.47,24.42,24.45,1017400.0
2016-08-23,24.41,24.44,24.39,24.43,1427500.0
2016-08-24,24.49,24.54,24.48,24.5,1047400.0
2016-08-25,24.47,24.51,24.46,24.5,987200.0
2016-08-26,24.45,24.71,24.36,24.68,2873900.0
2016-08-29,24.76,24.77,24.69,24.7,1152900.0
2016-08-30,24.78,24.86,24.77,24.83,4898800.0
2016-08-31,24.86,24.87,24.8,24.82,2955800.0
2016-09-01,24.85,24.87,24.72,24.73,1397600.0
2016-09-02,24.68,24.81,24.67,24.79,2454100.0
2016-09-06,24.72,24.73,24.5,24.5,3033400.0
2016-09-07,24.5,24.57,24.48,24.54,1175200.0
2016-09-08,24.44,24.59,24.42,24.57,1295000.0
2016-09-09,24.65,24.7,24.63,24.64,1208100.0
2016-09-12,24.64,24.66,24.54,24.6,1337500.0
2016-09-13,24.67,24.73,24.62,24.7,771400.0
2016-09-14,24.7,24.71,24.6,24.64,413600.0
2016-09-15,24.65,24.69,24.6,24.63,994000.0
2016-09-16,24.78,24.84,24.75,24.83,1459600.0
2016-09-19,24.75,24.77,24.72,24.77,2601000.0
2016-09-20,24.78,24.82,24.77,24.81,2403400.0
2016-09-21,24.8,24.83,24.65,24.7,1220700.0
2016-09-22,24.58,24.67,24.56,24.67,1275800.0
2016-09-23,24.71,24.72,24.66,24.68,632200.0
2016-09-26,24.61,24.63,24.58,24.63,362400.0
2016-09-27,24.69,24.72,24.64,24.65,317200.0
2016-09-28,24.68,24.74,24.65,24.67,259900.0
2016-09-29,24.71,24.72,24.63,24.69,958900.0
2016-09-30,24.68,24.72,24.64,24.68,1338600.0
2016-10-03,24.7,24.76,24.7,24.73,732500.0
2016-10-04,24.87,24.93,24.78,24.84,1735000.0
2016-10-05,24.85,24.91,24.84,24.87,4292500.0
2016-10-06,24.95,25.030001,24.94,25.0,1200900.0
2016-10-07,24.97,25.07,24.94,24.96,2114200.0
2016-10-10,25.049999,25.08,25.01,25.059999,818600.0
2016-10-11,25.15,25.28,25.14,25.25,2256000.0
2016-10-12,25.31,25.35,25.26,25.32,1502100.0
2016-10-13,25.27,25.3,25.21,25.23,919700.0
2016-10-14,25.31,25.37,25.27,25.36,689500.0
2016-10-17,25.33,25.34,25.28,25.3,945200.0
2016-10-18,25.3,25.33,25.27,25.32,1219300.0
2016-10-19,25.31,25.34,25.28,25.33,1853000.0
2016-10-20,25.38,25.44,25.37,25.41,676300.0
2016-10-21,25.5,25.54,25.49,25.5,3574000.0
2016-10-24,25.49,25.55,25.48,25.53,721000.0
2016-10-25,25.6,25.62,25.49,25.52,1204400.0
2016-10-26,25.45,25.51,25.42,25.51,833800.0
2016-10-27,25.5,25.59,25.48,25.56,1390300.0
2016-10-28,25.54,25.54,25.39,25.41,1992400.0
2016-10-31,25.48,25.51,25.42,25.42,1010000.0
2016-11-01,25.34,25.35,25.24,25.29,2885900.0
2016-11-02,25.19,25.21,25.12,25.2,1744300.0
2016-11-03,25.18,25.2,25.1,25.13,1328500.0
2016-11-04,25.14,25.15,25.059999,25.059999,940800.0
2016-11-07,25.25,25.31,25.25,25.27,2672900.0
2016-11-08,25.27,25.34,25.25,25.34,913400.0
2016-11-09,25.38,25.5,25.37,25.5,2429100.0
2016-11-10,25.57,25.62,25.5,25.55,2705400.0
2016-11-11,25.52,25.62,25.51,25.59,1098700.0
2016-11-14,25.83,25.9,25.8,25.84,7033900.0
2016-11-15,25.88,25.92,25.84,25.88,4443000.0
2016-11-16,25.91,26.0,25.89,25.95,3750500.0
2016-11-17,25.91,26.1,25.91,26.1,2053000.0
2016-11-18,26.16,26.24,26.12,26.19,1549400.0
2016-11-21,26.11,26.17,26.059999,26.09,3162100.0
2016-11-22,26.11,26.2,26.09,26.13,2045200.0
2016-11-23,26.3,26.35,26.25,26.29,2362100.0
2016-11-25,26.19,26.25,26.16,26.24,3108300.0
2016-11-28,26.24,26.25,26.16,26.17,2102900.0
2016-11-29,26.21,26.22,26.08,26.11,1772200.0
2016-11-30,26.21,26.32,26.19,26.25,3417000.0
2016-12-01,26.2,26.25,26.1,26.11,1638200.0
2016-12-02,26.07,26.1,26.030001,26.049999,1791600.0
2016-12-05,25.96,25.98,25.81,25.88,4654700.0
2016-12-06,25.94,26.0,25.91,25.98,2478800.0
2016-12-07,25.96,25.96,25.89,25.9,1903600.0
2016-12-08,26.08,26.17,26.040001,26.13,2135000.0
2016-12-09,26.23,26.3,26.21,26.24,1499800.0
2016-12-12,26.12,26.18,26.059999,26.09,1717500.0
2016-12-13,26.1,26.14,26.040001,26.12,1766700.0
2016-12-14,26.08,26.44,26.030001,26.37,3033900.0
2016-12-15,26.59,26.76,26.57,26.66,3657600.0
2016-12-16,26.65,26.67,26.5,26.57,2103900.0
2016-12-19,26.6,26.66,26.53,26.65,1334000.0
2016-12-20,26.76,26.77,26.66,26.7,2896300.0
2016-12-21,26.59,26.65,26.56,26.62,1278800.0
2016-12-22,26.59,26.66,26.51,26.65,1713900.0
2016-12-23,26.65,26.67,26.59,26.63,909600.0
2016-12-27,26.65,26.65,26.62,26.62,655300.0
2016-12-28,26.73,26.77,26.66,26.69,1247400.0
2016-12-29,26.63,26.63,26.53,26.54,1331900.0
2016-12-30,26.44,26.46,26.35,26.46,1767900.0
2017-01-03,26.71,26.83,26.61,26.7,3455500.0
2017-01-04,26.57,26.59,26.47,26.5,3534000.0
2017-01-05,26.37,26.38,26.18,26.22,4269600.0
2017-01-06,26.39,26.44,26.3,26.41,3202700.0
2017-01-09,26.42,26.44,26.31,26.34,3506100.0
2017-01-10,26.33,26.38,26.26,26.35,2060000.0
2017-01-11,26.5,26.61,26.17,26.29,4496600.0
2017-01-12,26.13,26.23,26.049999,26.19,2173900.0
2017-01-13,26.18,26.28,26.13,26.16,1828400.0
2017-01-17,25.93,25.97,25.91,25.92,3444500.0
2017-01-18,26.02,26.18,25.97,26.16,3939800.0
2017-01-19,26.21,26.28,26.11,26.12,1595500.0
2017-01-20,26.13,26.17,26.02,26.030001,11995800.0
2017-01-23,25.95,25.99,25.86,25.89,2300900.0
2017-01-24,25.89,25.93,25.82,25.9,1638200.0
2017-01-25,25.89,25.91,25.81,25.81,2168900.0
2017-01-26,25.96,26.030001,25.93,25.98,3848100.0
2017-01-27,25.95,26.01,25.93,25.99,2262300.0
2017-01-30,26.049999,26.059999,25.91,25.94,1139200.0
2017-01-31,25.77,25.78,25.68,25.73,3570300.0
2017-02-01,25.82,25.85,25.71,25.75,4271800.0
2017-02-02,25.69,25.8,25.65,25.79,1361500.0
2017-02-03,25.82,25.82,25.71,25.78,2033200.0
2017-02-06,25.86,25.89,25.78,25.8,1703300.0
2017-02-07,25.96,26.01,25.86,25.93,1601500.0
2017-02-08,25.9,25.92,25.84,25.9,1412300.0
2017-02-09,25.9,26.01,25.89,26.0,1191500.0
2017-02-10,26.09,26.1,25.99,26.030001,1022100.0
2017-02-13,26.08,26.12,26.07,26.09,1089600.0
2017-02-14,26.059999,26.19,26.059999,26.15,2502000.0
2017-02-15,26.24,26.26,26.09,26.1,934400.0
2017-02-16,26.0,26.01,25.93,25.95,2129400.0
2017-02-17,25.96,26.08,25.96,26.08,999100.0
2017-02-21,26.21,26.25,26.17,26.2,1421800.0
2017-02-22,26.23,26.27,26.13,26.14,2048700.0
2017-02-23,26.11,26.13,26.059999,26.08,1291600.0
2017-02-24,26.08,26.13,26.059999,26.13,714500.0
2017-02-27,26.07,26.14,26.01,26.13,768600.0
2017-02-28,26.08,26.15,26.030001,26.11,2266900.0
2017-03-01,26.32,26.34,26.23,26.29,1646400.0
2017-03-02,26.39,26.42,26.35,26.4,2871200.0
2017-03-03,26.31,26.36,26.17,26.17,2932900.0
2017-03-06,26.2,26.28,26.2,26.26,1043200.0
2017-03-07,26.31,26.32,26.26,26.29,687200.0
2017-03-08,26.34,26.39,26.33,26.38,1171800.0
2017-03-09,26.31,26.36,26.29,26.33,1519800.0
2017-03-10,26.26,26.28,26.12,26.15,2008600.0
2017-03-13,26.16,26.19,26.13,26.19,1252100.0
2017-03-14,26.25,26.28,26.2,26.28,1214100.0
2017-03-15,26.25,26.25,25.97,25.97,3038700.0
2017-03-16,25.92,25.97,25.88,25.88,2869100.0
2017-03-17,25.91,25.92,25.86,25.89,1814700.0
2017-03-20,25.87,25.93,25.86,25.9,742900.0
2017-03-21,25.77,25.77,25.72,25.74,1933800.0
2017-03-22,25.73,25.76,25.7,25.72,970200.0
2017-03-23,25.73,25.77,25.72,25.75,1110700.0
2017-03-24,25.74,25.76,25.69,25.74,2017600.0
2017-03-27,25.53,25.61,25.52,25.6,1814800.0
2017-03-28,25.6,25.76,25.58,25.74,1657600.0
2017-03-29,25.84,25.85,25.79,25.79,550700.0
2017-03-30,25.83,25.96,25.81,25.96,1195300.0
2017-03-31,25.92,25.97,25.89,25.95,880100.0
2017-04-03,25.97,26.0,25.94,25.95,645000.0
2017-04-04,25.99,26.01,25.96,25.98,813100.0
2017-04-05,25.99,26.11,25.94,25.97,4699400.0
2017-04-06,25.98,26.030001,25.97,26.030001,807500.0
2017-04-07,26.07,26.16,26.040001,26.15,1037600.0
2017-04-10,26.12,26.13,26.08,26.1,666800.0
2017-04-11,26.049999,26.049999,25.99,26.02,688200.0
2017-04-12,26.02,26.059999,25.87,25.89,1544800.0
2017-04-13,25.91,25.99,25.91,25.98,820600.0
2017-04-17,25.89,25.93,25.83,25.91,880800.0
2017-04-18,25.78,25.82,25.69,25.69,1290900.0
2017-04-19,25.76,25.8,25.75,25.78,417500.0
2017-04-20,25.71,25.79,25.68,25.79,668900.0
2017-04-21,25.8,25.84,25.79,25.81,745900.0
2017-04-24,25.57,25.62,25.57,25.57,1643100.0
2017-04-25,25.59,25.59,25.48,25.5,1698300.0
2017-04-26,25.6,25.65,25.54,25.56,863600.0
2017-04-27,25.61,25.66,25.58,25.6,724600.0
2017-04-28,25.56,25.6,25.54,25.57,840200.0
2017-05-01,25.56,25.6,25.53,25.59,617700.0
2017-05-02,25.59,25.62,25.55,25.55,332500.0
2017-05-03,25.58,25.66,25.55,25.65,876700.0
2017-05-04,25.61,25.61,25.49,25.49,885400.0
2017-05-05,25.51,25.52,25.44,25.45,680100.0
2017-05-08,25.55,25.61,25.55,25.59,773200.0
2017-05-09,25.7,25.75,25.67,25.72,1847600.0
2017-05-10,25.7,25.76,25.7,25.73,549000.0
2017-05-11,25.76,25.76,25.71,25.74,349100.0
2017-05-12,25.65,25.65,25.61,25.61,690600.0
2017-05-15,25.52,25.57,25.52,25.54,739800.0
2017-05-16,25.39,25.41,25.33,25.35,1746200.0
2017-05-17,25.28,25.29,25.18,25.18,1257800.0
2017-05-18,25.21,25.33,25.19,25.27,1206800.0
2017-05-19,25.12,25.14,25.07,25.09,1152100.0
2017-05-22,25.040001,25.059999,25.0,25.049999,1134000.0
2017-05-23,25.030001,25.17,25.02,25.16,1008900.0
2017-05-24,25.16,25.18,25.08,25.08,1115900.0
2017-05-25,25.09,25.13,25.08,25.11,1103100.0
2017-05-26,25.18,25.2,25.15,25.17,413400.0
2017-05-30,25.16,25.18,25.12,25.14,1113800.0
2017-05-31,25.1,25.1,25.02,25.08,959000.0
2017-06-01,25.13,25.14,25.09,25.11,917100.0
2017-06-02,25.02,25.030001,24.97,24.99,1416000.0
2017-06-05,25.02,25.040001,25.0,25.01,1086100.0
2017-06-06,24.96,24.99,24.94,24.95,895700.0
2017-06-07,25.01,25.049999,24.94,24.98,522500.0
2017-06-08,25.049999,25.11,25.049999,25.07,724300.0
2017-06-09,25.2,25.2,25.13,25.15,652100.0
2017-06-12,25.12,25.16,25.1,25.11,429800.0
2017-06-13,25.09,25.1,25.059999,25.08,398000.0
2017-06-14,24.95,25.11,24.91,25.059999,1676600.0
2017-06-15,25.18,25.23,25.18,25.21,1148400.0
2017-06-16,25.17,25.18,25.1,25.12,917400.0
2017-06-19,25.16,25.23,25.15,25.23,637300.0
2017-06-20,25.23,25.29,25.23,25.27,615200.0
2017-06-21,25.26,25.27,25.2,25.22,1105800.0
2017-06-22,25.22,25.25,25.2,25.23,896800.0
2017-06-23,25.18,25.18,25.12,25.15,323100.0
2017-06-26,25.12,25.2,25.11,25.19,596600.0
2017-06-27,25.02,25.040001,24.91,24.91,1282600.0
2017-06-28,24.92,24.92,24.81,24.83,944400.0
2017-06-29,24.81,24.81,24.71,24.71,1831800.0
2017-06-30,24.76,24.79,24.73,24.75,1529700.0
2017-07-03,24.87,24.9,24.85,24.9,794300.0
2017-07-05,24.96,24.96,24.9,24.91,1570200.0
2017-07-06,24.83,24.85,24.79,24.8,357800.0
2017-07-07,24.85,24.89,24.83,24.84,376400.0
2017-07-10,24.87,24.88,24.84,24.85,212900.0
2017-07-11,24.87,24.88,24.75,24.76,1556800.0
2017-07-12,24.79,24.83,24.75,24.76,900900.0
2017-07-13,24.77,24.82,24.76,24.77,411500.0
2017-07-14,24.67,24.68,24.61,24.62,768100.0
2017-07-17,24.62,24.64,24.59,24.62,508200.0
2017-07-18,24.48,24.51,24.45,24.49,970500.0
2017-07-19,24.5,24.55,24.5,24.55,785600.0
2017-07-20,24.51,24.52,24.35,24.4,1016700.0
2017-07-21,24.37,24.38,24.3,24.32,644600.0
2017-07-24,24.33,24.37,24.32,24.33,419700.0
2017-07-25,24.3,24.37,24.26,24.37,757900.0
2017-07-26,24.38,24.41,24.18,24.23,1329500.0
2017-07-27,24.28,24.38,24.26,24.32,1390700.0
2017-07-28,24.24,24.25,24.16,24.17,859200.0
2017-07-31,24.21,24.22,24.040001,24.07,1432700.0
2017-08-01,24.08,24.13,24.040001,24.11,1150800.0
2017-08-02,24.1,24.11,23.98,24.08,2221800.0
2017-08-03,24.1,24.11,24.02,24.02,2071800.0
2017-08-04,24.12,24.3,24.11,24.23,2543100.0
2017-08-07,24.27,24.27,24.21,24.22,852700.0
2017-08-08,24.19,24.33,24.17,24.26,1390400.0
2017-08-09,24.3,24.33,24.23,24.24,1164800.0
2017-08-10,24.26,24.28,24.19,24.2,947700.0
2017-08-11,24.16,24.21,24.09,24.11,1472100.0
2017-08-14,24.2,24.23,24.18,24.21,832100.0
2017-08-15,24.36,24.38,24.3,24.32,915100.0
2017-08-16,24.39,24.39,24.22,24.24,757500.0
2017-08-17,24.32,24.32,24.25,24.29,542600.0
2017-08-18,24.21,24.27,24.2,24.21,249100.0
2017-08-21,24.18,24.19,24.11,24.14,632900.0
2017-08-22,24.21,24.26,24.21,24.24,558000.0
2017-08-23,24.2,24.21,24.14,24.14,686900.0
2017-08-24,24.18,24.2,24.16,24.19,807600.0
2017-08-25,24.16,24.21,23.97,23.99,1768700.0
2017-08-28,23.98,23.98,23.9,23.92,1302600.0
2017-08-29,23.81,23.95,23.81,23.95,1602900.0
2017-08-30,24.030001,24.11,24.01,24.1,1435200.0
2017-08-31,24.14,24.15,24.030001,24.030001,1254400.0
2017-09-01,24.02,24.11,24.0,24.08,1087700.0
2017-09-05,24.01,24.01,23.92,23.95,702800.0
2017-09-06,23.94,23.96,23.87,23.93,3111600.0
2017-09-07,23.77,23.83,23.73,23.76,2717600.0
2017-09-08,23.67,23.73,23.66,23.7,922300.0
2017-09-11,23.81,23.87,23.78,23.86,1451100.0
2017-09-12,23.87,23.89,23.82,23.85,2010900.0
2017-09-13,23.87,24.02,23.87,23.99,1976200.0
2017-09-14,23.99,23.99,23.9,23.92,1644000.0
2017-09-15,23.84,23.87,23.78,23.84,1469500.0
2017-09-18,23.87,23.94,23.83,23.9,611100.0
2017-09-19,23.84,23.9,23.81,23.83,582300.0
2017-09-20,23.82,24.07,23.74,24.02,2371000.0
2017-09-21,24.0,24.0,23.91,23.95,1203900.0
2017-09-22,23.9,23.94,23.86,23.93,1051700.0
2017-09-25,24.02,24.08,24.0,24.07,1238200.0
2017-09-26,24.16,24.23,24.12,24.15,1075800.0
2017-09-27,24.29,24.3,24.2,24.27,1619600.0
2017-09-28,24.23,24.23,24.18,24.2,816300.0
2017-09-29,24.17,24.23,24.15,24.18,642100.0
2017-10-02,24.3,24.36,24.27,24.32,1225700.0
2017-10-03,24.32,24.33,24.27,24.31,442700.0
2017-10-04,24.28,24.3,24.26,24.28,637400.0
2017-10-05,24.36,24.42,24.34,24.41,831400.0
2017-10-06,24.45,24.47,24.35,24.37,1172000.0
2017-10-09,24.36,24.37,24.31,24.33,1368300.0
2017-10-10,24.25,24.25,24.18,24.2,2710800.0
2017-10-11,24.16,24.19,24.12,24.13,1299800.0
2017-10-12,24.18,24.22,24.14,24.18,1161600.0
2017-10-13,24.1,24.19,24.09,24.18,824600.0
2017-10-16,24.22,24.25,24.18,24.24,733500.0
2017-10-17,24.32,24.36,24.28,24.3,1242500.0
2017-10-18,24.33,24.34,24.26,24.27,726100.0
2017-10-19,24.22,24.24,24.18,24.21,490100.0
2017-10-20,24.31,24.37,24.3,24.35,577900.0
2017-10-23,24.43,24.44,24.37,24.38,610200.0
2017-10-24,24.41,24.43,24.36,24.42,419800.0
2017-10-25,24.36,24.39,24.33,24.36,459500.0
2017-10-26,24.44,24.63,24.44,24.62,2757500.0
2017-10-27,24.71,24.75,24.65,24.68,2014700.0
2017-10-30,24.71,24.71,24.55,24.56,707600.0
2017-10-31,24.6,24.61,24.56,24.58,683200.0
2017-11-01,24.65,24.66,24.58,24.63,1327300.0
2017-11-02,24.64,24.65,24.55,24.63,1168200.0
2017-11-03,24.6,24.71,24.6,24.69,1159700.0
2017-11-06,24.72,24.72,24.63,24.63,753800.0
2017-11-07,24.7,24.74,24.66,24.67,830000.0
2017-11-08,24.66,24.69,24.65,24.66,1051800.0
2017-11-09,24.64,24.65,24.54,24.56,794900.0
2017-11-10,24.54,24.55,24.5,24.54,779300.0
2017-11-13,24.56,24.59,24.55,24.56,383600.0
2017-11-14,24.45,24.48,24.37,24.39,2395500.0
2017-11-15,24.35,24.41,24.33,24.38,976000.0
2017-11-16,24.4,24.43,24.38,24.41,751700.0
2017-11-17,24.37,24.39,24.32,24.34,969800.0
2017-11-20,24.39,24.47,24.39,24.46,737700.0
2017-11-21,24.45,24.45,24.4,24.43,914100.0
2017-11-22,24.36,24.36,24.23,24.24,1565200.0
2017-11-24,24.14,24.14,24.1,24.13,751900.0
2017-11-27,24.07,24.17,24.059999,24.16,1222300.0
2017-11-28,24.19,24.27,24.19,24.26,1448100.0
2017-11-29,24.27,24.3,24.22,24.25,869700.0
2017-11-30,24.22,24.23,24.12,24.19,2147600.0
2017-12-01,24.24,24.26,24.09,24.17,1941700.0
2017-12-04,24.25,24.28,24.24,24.25,1310800.0
2017-12-05,24.3,24.32,24.26,24.29,593900.0
2017-12-06,24.31,24.37,24.31,24.35,327700.0
2017-12-07,24.39,24.41,24.34,24.4,431300.0
2017-12-08,24.42,24.47,24.41,24.44,370500.0
2017-12-11,24.42,24.45,24.38,24.44,562900.0
2017-12-12,24.49,24.52,24.47,24.48,503300.0
2017-12-13,24.44,24.46,24.3,24.31,2250900.0
2017-12-14,24.36,24.4,24.31,24.33,1208600.0
2017-12-15,24.36,24.45,24.36,24.43,1388900.0
2017-12-18,24.31,24.37,24.28,24.37,1257400.0
2017-12-19,24.36,24.37,24.3,24.3,591800.0
2017-12-20,24.31,24.32,24.24,24.27,421500.0
2017-12-21,24.3,24.31,24.25,24.26,1463000.0
2017-12-22,24.29,24.32,24.27,24.27,184700.0
2017-12-26,24.26,24.26,24.24,24.25,517500.0
2017-12-27,24.19,24.22,24.18,24.2,678700.0
2017-12-28,24.13,24.15,24.11,24.13,426100.0
2017-12-29,24.040001,24.049999,23.98,24.030001,1459200.0
2018-01-02,23.93,23.97,23.92,23.93,546200.0
2018-01-03,23.98,24.030001,23.97,24.02,679900.0
2018-01-04,23.95,23.96,23.92,23.94,650500.0
2018-01-05,23.98,24.0,23.95,23.96,370100.0
2018-01-08,24.059999,24.08,24.040001,24.07,969800.0
2018-01-09,24.11,24.14,24.1,24.12,1158400.0
2018-01-10,24.0,24.09,24.0,24.059999,485100.0
2018-01-11,23.98,23.98,23.93,23.96,586800.0
2018-01-12,23.8,23.82,23.71,23.71,1098700.0
2018-01-16,23.66,23.68,23.55,23.58,2527000.0
2018-01-17,23.64,23.66,23.52,23.64,1057700.0
2018-01-18,23.62,23.64,23.58,23.61,425700.0
2018-01-19,23.6,23.65,23.58,23.65,748900.0
2018-01-22,23.59,23.64,23.56,23.57,1338400.0
2018-01-23,23.56,23.57,23.49,23.51,735500.0
2018-01-24,23.31,23.32,23.25,23.28,2078500.0
2018-01-25,23.17,23.38,23.09,23.31,4503100.0
2018-01-26,23.27,23.28,23.19,23.26,1603500.0
2018-01-29,23.34,23.39,23.3,23.32,1411200.0
2018-01-30,23.22,23.32,23.21,23.28,1466600.0
2018-01-31,23.21,23.31,23.17,23.25,1401800.0
2018-02-01,23.24,23.25,23.11,23.13,1743300.0
2018-02-02,23.27,23.35,23.23,23.27,3709800.0
2018-02-05,23.35,23.4,23.34,23.37,3408900.0
2018-02-06,23.48,23.51,23.37,23.42,2694900.0
2018-02-07,23.47,23.61,23.45,23.6,2405400.0
2018-02-08,23.52,23.61,23.51,23.6,1663600.0
2018-02-09,23.61,23.65,23.58,23.62,1841300.0
2018-02-12,23.6,23.6,23.53,23.54,1097600.0
2018-02-13,23.43,23.44,23.39,23.41,1308500.0
2018-02-14,23.47,23.48,23.23,23.23,1639500.0
2018-02-15,23.18,23.23,23.12,23.13,1538000.0
2018-02-16,23.25,23.31,23.2,23.29,812600.0
2018-02-20,23.4,23.45,23.39,23.44,1366800.0
2018-02-21,23.46,23.55,23.4,23.53,1138000.0
2018-02-22,23.47,23.48,23.42,23.45,2011900.0
2018-02-23,23.49,23.52,23.46,23.5,523300.0
2018-02-26,23.49,23.53,23.47,23.47,1095400.0
2018-02-27,23.53,23.65,23.52,23.62,1527100.0
2018-02-28,23.65,23.71,23.64,23.69,1119700.0
2018-03-01,23.74,23.77,23.58,23.61,1405800.0
2018-03-02,23.54,23.56,23.5,23.51,602700.0
2018-03-05,23.56,23.57,23.49,23.51,1274300.0
2018-03-06,23.46,23.46,23.41,23.45,1492700.0
2018-03-07,23.42,23.54,23.41,23.43,443000.0
2018-03-08,23.46,23.6,23.46,23.58,520100.0
2018-03-09,23.6,23.6,23.53,23.55,641000.0
2018-03-12,23.55,23.57,23.5,23.52,1024800.0
2018-03-13,23.5,23.53,23.43,23.46,609600.0
2018-03-14,23.47,23.51,23.46,23.47,1280200.0
2018-03-15,23.5,23.59,23.5,23.56,564300.0
2018-03-16,23.56,23.65,23.56,23.62,782500.0
2018-03-19,23.54,23.56,23.49,23.52,403400.0
2018-03-20,23.59,23.66,23.59,23.66,841100.0
2018-03-21,23.58,23.62,23.46,23.47,1043800.0
2018-03-22,23.5,23.55,23.49,23.5,723600.0
2018-03-23,23.45,23.46,23.4,23.42,798700.0
2018-03-26,23.34,23.36,23.29,23.31,1186400.0
2018-03-27,23.42,23.44,23.37,23.42,533400.0
2018-03-28,23.5,23.63,23.5,23.63,696500.0
2018-03-29,23.56,23.63,23.56,23.61,942600.0
2018-04-02,23.54,23.62,23.54,23.6,301100.0
2018-04-03,23.64,23.66,23.62,23.64,541300.0
2018-04-04,23.6,23.63,23.57,23.63,634500.0
2018-04-05,23.68,23.75,23.66,23.72,720400.0
2018-04-06,23.63,23.67,23.61,23.63,1083700.0
2018-04-09,23.56,23.58,23.55,23.57,2411100.0
2018-04-10,23.5,23.55,23.48,23.51,876800.0
2018-04-11,23.49,23.52,23.43,23.49,696500.0
2018-04-12,23.58,23.6,23.52,23.54,1713300.0
2018-04-13,23.55,23.56,23.52,23.54,1506500.0
2018-04-16,23.44,23.48,23.43,23.46,512100.0
2018-04-17,23.5,23.52,23.46,23.46,574000.0
2018-04-18,23.48,23.52,23.46,23.51,388000.0
2018-04-19,23.49,23.6,23.49,23.58,298900.0
2018-04-20,23.69,23.74,23.67,23.72,1691000.0
2018-04-23,23.8,23.88,23.8,23.87,1482900.0
2018-04-24,23.86,23.88,23.81,23.84,1062600.0
2018-04-25,23.93,23.96,23.91,23.94,816400.0
2018-04-26,23.89,24.059999,23.89,24.049999,958500.0
2018-04-27,24.1,24.12,24.030001,24.030001,826800.0
2018-04-30,24.13,24.14,24.07,24.13,782700.0
2018-05-01,24.25,24.32,24.24,24.29,2809700.0
2018-05-02,24.29,24.4,24.23,24.4,1757300.0
2018-05-03,24.31,24.35,24.27,24.3,883200.0
2018-05-04,24.39,24.41,24.31,24.33,925100.0
2018-05-07,24.4,24.42,24.36,24.38,997100.0
2018-05-08,24.48,24.52,24.43,24.47,767000.0
2018-05-09,24.44,24.48,24.42,24.47,583000.0
2018-05-10,24.36,24.45,24.33,24.36,673200.0
2018-05-11,24.29,24.35,24.28,24.32,369600.0
2018-05-14,24.26,24.36,24.25,24.35,946400.0
2018-05-15,24.54,24.58,24.47,24.5,1044400.0
2018-05-16,24.56,24.6,24.53,24.56,2209100.0
2018-05-17,24.6,24.62,24.56,24.59,796700.0
2018-05-18,24.67,24.68,24.61,24.64,484000.0
2018-05-21,24.66,24.69,24.61,24.62,971300.0
2018-05-22,24.6,24.64,24.59,24.61,740900.0
2018-05-23,24.74,24.79,24.71,24.71,2260800.0
2018-05-24,24.7,24.7,24.63,24.68,471600.0
2018-05-25,24.8,24.81,24.77,24.8,604700.0
2018-05-29,24.92,25.0,24.91,24.97,1098400.0
2018-05-30,24.85,24.87,24.76,24.78,2345800.0
2018-05-31,24.78,24.82,24.74,24.76,3064000.0
2018-06-01,24.79,24.88,24.77,24.8,1583400.0
2018-06-04,24.72,24.8,24.7,24.78,2888900.0
2018-06-05,24.8,24.85,24.7,24.75,1837200.0
2018-06-06,24.65,24.68,24.6,24.68,1524800.0
2018-06-07,24.59,24.63,24.58,24.63,1027100.0
2018-06-08,24.68,24.69,24.64,24.64,586500.0
2018-06-11,24.64,24.67,24.61,24.66,948400.0
2018-06-12,24.66,24.75,24.64,24.71,1051300.0
2018-06-13,24.69,24.78,24.64,24.67,1800800.0
2018-06-14,24.82,24.99,24.82,24.99,3826300.0
2018-06-15,24.96,25.0,24.95,24.97,1226700.0
2018-06-18,25.0,25.01,24.97,24.97,1152700.0
2018-06-19,25.07,25.09,25.030001,25.040001,849600.0
2018-06-20,25.040001,25.08,25.030001,25.059999,1258100.0
2018-06-21,25.040001,25.059999,24.95,24.99,3080000.0
2018-06-22,24.92,24.99,24.9,24.9,1596700.0
2018-06-25,24.88,24.9,24.84,24.86,941900.0
2018-06-26,24.92,24.99,24.91,24.99,1220600.0
2018-06-27,25.040001,25.17,25.040001,25.14,1612500.0
2018-06-28,25.15,25.17,25.09,25.14,798900.0
2018-06-29,25.02,25.040001,24.94,24.94,1134200.0
2018-07-02,25.11,25.11,25.059999,25.059999,788600.0
2018-07-03,25.0,25.0,24.96,24.98,492100.0
2018-07-05,24.92,24.95,24.89,24.9,860800.0
2018-07-06,24.81,24.84,24.78,24.82,727600.0
2018-07-09,24.77,24.87,24.76,24.83,791800.0
2018-07-10,24.9,24.92,24.84,24.84,873200.0
2018-07-11,24.84,25.030001,24.84,25.01,795600.0
2018-07-12,25.030001,25.040001,24.99,25.030001,1109800.0
2018-07-13,25.08,25.1,25.0,25.0,543700.0
2018-07-16,24.95,24.99,24.93,24.96,458500.0
2018-07-17,25.0,25.11,25.0,25.07,1234200.0
2018-07-18,25.15,25.15,25.08,25.1,507500.0
2018-07-19,25.23,25.24,25.07,25.15,1390200.0
2018-07-20,24.99,25.01,24.93,24.95,1048500.0
2018-07-23,24.95,25.02,24.95,24.99,1576300.0
2018-07-24,24.99,25.01,24.94,25.0,353900.0
2018-07-25,24.94,25.0,24.87,24.88,397200.0
2018-07-26,24.97,25.049999,24.96,25.049999,1280000.0
2018-07-27,25.040001,25.040001,25.01,25.02,439700.0
2018-07-30,24.97,24.97,24.91,24.93,591300.0
2018-07-31,24.96,24.99,24.94,24.98,576200.0
2018-08-01,25.01,25.030001,24.99,25.01,445800.0
2018-08-02,25.1,25.17,25.08,25.15,906700.0
2018-08-03,25.19,25.19,25.11,25.17,730700.0
2018-08-06,25.23,25.25,25.2,25.21,647900.0
2018-08-07,25.15,25.2,25.14,25.18,304900.0
2018-08-08,25.18,25.2,25.14,25.15,288500.0
2018-08-09,25.19,25.3,25.18,25.3,474400.0
2018-08-10,25.49,25.52,25.42,25.48,718400.0
2018-08-13,25.47,25.53,25.44,25.49,700800.0
2018-08-14,25.5,25.62,25.49,25.59,1770600.0
2018-08-15,25.66,25.67,25.58,25.59,877900.0
2018-08-16,25.56,25.62,25.5,25.57,640800.0
2018-08-17,25.49,25.51,25.44,25.44,1019300.0
2018-08-20,25.44,25.47,25.37,25.38,606200.0
2018-08-21,25.3,25.32,25.17,25.23,1564500.0
2018-08-22,25.16,25.21,25.14,25.16,983300.0
2018-08-23,25.28,25.35,25.23,25.32,1141900.0
2018-08-24,25.25,25.27,25.16,25.2,767500.0
2018-08-27,25.16,25.17,25.08,25.1,1301900.0
2018-08-28,25.01,25.1,25.01,25.1,993500.0
2018-08-29,25.1,25.14,25.049999,25.059999,597200.0
2018-08-30,25.11,25.15,25.08,25.08,610000.0
2018-08-31,25.16,25.24,25.12,25.19,988600.0
2018-09-04,25.32,25.37,25.29,25.3,2664700.0
2018-09-05,25.21,25.26,25.21,25.21,476900.0
2018-09-06,25.19,25.24,25.17,25.21,873700.0
2018-09-07,25.25,25.31,25.23,25.28,741000.0
2018-09-10,25.23,25.24,25.2,25.23,955000.0
2018-09-11,25.25,25.28,25.23,25.25,621900.0
2018-09-12,25.22,25.24,25.12,25.16,850100.0
2018-09-13,25.049999,25.11,25.040001,25.09,518500.0
2018-09-14,25.12,25.21,25.1,25.18,1536400.0
2018-09-17,25.07,25.09,25.059999,25.059999,338400.0
2018-09-18,25.049999,25.13,25.02,25.1,393500.0
2018-09-19,25.1,25.13,25.059999,25.09,267900.0
2018-09-20,24.94,24.98,24.9,24.91,1248000.0
2018-09-21,25.01,25.030001,24.97,24.99,742700.0
2018-09-24,24.91,25.01,24.89,24.99,2013500.0
2018-09-25,24.97,25.01,24.94,25.01,695100.0
2018-09-26,25.059999,25.059999,24.93,25.02,629000.0
2018-09-27,25.17,25.22,25.12,25.2,2658200.0
2018-09-28,25.3,25.31,25.22,25.26,1125200.0
2018-10-01,25.27,25.33,25.25,25.3,1595100.0
2018-10-02,25.37,25.39,25.32,25.34,1471500.0
2018-10-03,25.38,25.45,25.37,25.42,1033800.0
2018-10-04,25.43,25.48,25.38,25.43,1018000.0
2018-10-05,25.41,25.45,25.39,25.4,1279500.0
2018-10-08,25.5,25.51,25.43,25.43,761000.0
2018-10-09,25.51,25.54,25.41,25.42,898600.0
2018-10-10,25.39,25.42,25.35,25.39,1051600.0
2018-10-11,25.29,25.34,25.25,25.25,446700.0
2018-10-12,25.31,25.36,25.3,25.33,1070400.0
2018-10-15,25.27,25.29,25.25,25.27,422600.0
2018-10-16,25.21,25.28,25.21,25.28,244900.0
2018-10-17,25.36,25.43,25.33,25.41,641500.0
2018-10-18,25.44,25.53,25.42,25.52,541900.0
2018-10-19,25.51,25.52,25.42,25.47,667200.0
2018-10-22,25.52,25.57,25.52,25.56,1247000.0
2018-10-23,25.54,25.56,25.49,25.52,711300.0
2018-10-24,25.66,25.68,25.62,25.65,1189200.0
2018-10-25,25.66,25.75,25.66,25.72,1760100.0
2018-10-26,25.75,25.75,25.63,25.65,585100.0
2018-10-29,25.71,25.75,25.69,25.72,400700.0
2018-10-30,25.76,25.84,25.75,25.83,571700.0
2018-10-31,25.86,25.88,25.8,25.82,814100.0
2018-11-01,25.72,25.72,25.62,25.65,781400.0
2018-11-02,25.67,25.74,25.62,25.71,802900.0
2018-11-05,25.71,25.71,25.64,25.7,752800.0
2018-11-06,25.67,25.68,25.63,25.64,422200.0
2018-11-07,25.52,25.62,25.52,25.59,892800.0
2018-11-08,25.64,25.78,25.61,25.74,960500.0
2018-11-09,25.81,25.85,25.77,25.79,756900.0
2018-11-12,25.95,26.02,25.92,26.02,617600.0
2018-11-13,25.95,25.97,25.88,25.93,1204600.0
2018-11-14,25.93,25.94,25.8,25.84,714100.0
2018-11-15,25.94,25.94,25.84,25.9,475800.0
2018-11-16,25.74,25.75,25.7,25.71,991400.0
2018-11-19,25.69,25.71,25.64,25.69,496700.0
2018-11-20,25.72,25.85,25.72,25.82,374800.0
2018-11-21,25.77,25.82,25.76,25.82,514600.0
2018-11-23,25.82,25.88,25.82,25.87,147200.0
2018-11-26,25.82,25.92,25.82,25.92,244700.0
2018-11-27,25.9,26.030001,25.9,25.99,1076000.0
2018-11-28,26.0,26.040001,25.81,25.86,1654300.0
2018-11-29,25.85,25.88,25.82,25.82,535900.0
2018-11-30,25.88,25.99,25.88,25.92,325700.0
2018-12-03,25.88,25.93,25.87,25.93,478600.0
2018-12-04,25.78,25.93,25.78,25.88,879100.0
2018-12-06,25.87,25.88,25.79,25.87,492100.0
2018-12-07,25.82,25.85,25.78,25.8,1236600.0
2018-12-10,25.85,25.99,25.85,25.97,1093100.0
2018-12-11,25.99,26.08,25.98,26.040001,554600.0
2018-12-12,26.0,26.0,25.9,25.94,874300.0
2018-12-13,25.96,26.01,25.93,25.94,832900.0
2018-12-14,26.09,26.12,26.040001,26.040001,446600.0
2018-12-17,25.98,26.0,25.94,25.97,437300.0
2018-12-18,25.91,25.98,25.91,25.96,903600.0
2018-12-19,25.88,25.97,25.81,25.97,850000.0
2018-12-20,25.82,25.87,25.71,25.77,1127500.0
2018-12-21,25.82,25.97,25.82,25.94,1157000.0
2018-12-24,25.62,25.62,25.49,25.55,907100.0
2018-12-26,25.58,25.72,25.56,25.68,723700.0
2018-12-27,25.66,25.66,25.52,25.57,571600.0
2018-12-28,25.47,25.55,25.47,25.5,892100.0
2018-12-31,25.52,25.53,25.45,25.45,625300.0
2019-01-02,25.66,25.7,25.62,25.64,1241600.0
2019-01-03,25.61,25.61,25.5,25.5,486200.0
2019-01-04,25.62,25.62,25.46,25.46,1367300.0
2019-01-07,25.36,25.39,25.34,25.35,947600.0
2019-01-08,25.42,25.45,25.4,25.43,1929000.0
2019-01-09,25.35,25.37,25.19,25.19,1293800.0
2019-01-10,25.26,25.35,25.26,25.34,691400.0
2019-01-11,25.33,25.39,25.33,25.36,624700.0
2019-01-14,25.34,25.37,25.32,25.36,597000.0
2019-01-15,25.41,25.54,25.39,25.45,1286500.0
2019-01-16,25.46,25.5,25.46,25.48,268900.0
2019-01-17,25.48,25.55,25.47,25.48,330400.0
2019-01-18,25.49,25.59,25.49,25.56,1957700.0
2019-01-22,25.63,25.63,25.54,25.56,794700.0
2019-01-23,25.55,25.58,25.5,25.5,1153800.0
2019-01-24,25.53,25.68,25.53,25.65,267400.0
2019-01-25,25.55,25.55,25.43,25.44,619100.0
2019-01-28,25.44,25.47,25.4,25.46,932700.0
2019-01-29,25.46,25.47,25.42,25.47,591200.0
2019-01-30,25.47,25.5,25.3,25.34,1213100.0
2019-01-31,25.31,25.41,25.31,25.39,1455000.0
2019-02-01,25.35,25.42,25.35,25.39,1043600.0
2019-02-04,25.46,25.5,25.46,25.46,806700.0
2019-02-05,25.51,25.56,25.48,25.53,633000.0
2019-02-06,25.55,25.64,25.55,25.63,575200.0
2019-02-07,25.65,25.69,25.64,25.69,396900.0
2019-02-08,25.69,25.72,25.67,25.72,263800.0
2019-02-11,25.78,25.85,25.78,25.82,829300.0
2019-02-12,25.8,25.82,25.72,25.73,437000.0
2019-02-13,25.82,25.87,25.77,25.87,374100.0
2019-02-14,25.84,25.9,25.82,25.84,522600.0
2019-02-15,25.83,25.88,25.78,25.79,480000.0
2019-02-19,25.79,25.79,25.68,25.69,1069200.0
2019-02-20,25.72,25.73,25.65,25.71,352200.0
2019-02-21,25.69,25.75,25.69,25.73,209100.0
2019-02-22,25.73,25.75,25.69,25.72,165800.0
2019-02-25,25.68,25.74,25.68,25.7,372100.0
2019-02-26,25.66,25.71,25.56,25.6,391400.0
2019-02-27,25.57,25.64,25.57,25.62,389100.0
2019-02-28,25.61,25.67,25.6,25.64,340500.0
2019-03-01,25.63,25.75,25.61,25.74,886700.0
2019-03-04,25.77,25.82,25.77,25.77,254100.0
2019-03-05,25.81,25.88,25.8,25.84,426200.0
2019-03-06,25.83,25.85,25.82,25.84,782600.0
2019-03-07,25.95,26.07,25.95,26.07,689700.0
2019-03-08,25.99,25.99,25.96,25.99,512400.0
2019-03-11,25.95,25.99,25.93,25.93,605700.0
2019-03-12,25.9,25.91,25.85,25.88,593800.0
2019-03-13,25.84,25.85,25.75,25.76,519800.0
2019-03-14,25.83,25.85,25.82,25.84,266500.0
2019-03-15,25.82,25.82,25.77,25.8,349800.0
2019-03-18,25.75,25.81,25.75,25.77,381500.0
2019-03-19,25.73,25.76,25.72,25.74,269400.0
2019-03-20,25.75,25.78,25.56,25.59,1034500.0
2019-03-21,25.69,25.81,25.68,25.75,575800.0
2019-03-22,25.8,25.86,25.79,25.8,690100.0
2019-03-25,25.76,25.81,25.76,25.8,416100.0
2019-03-26,25.83,25.88,25.82,25.88,254000.0
2019-03-27,25.89,25.92,25.87,25.91,225300.0
2019-03-28,25.99,26.030001,25.97,26.0,315000.0
2019-03-29,25.98,26.030001,25.97,26.030001,582400.0
2019-04-01,25.97,26.030001,25.96,26.01,877300.0
2019-04-02,26.049999,26.1,26.030001,26.040001,325500.0
2019-04-03,25.98,26.0,25.95,26.0,2471200.0
2019-04-04,26.049999,26.049999,26.030001,26.030001,294000.0
2019-04-05,26.040001,26.09,26.040001,26.059999,222400.0
2019-04-08,25.98,26.0,25.96,25.97,329800.0
2019-04-09,25.93,25.98,25.93,25.98,958800.0
2019-04-10,26.02,26.02,25.93,25.94,1064300.0
2019-04-11,26.01,26.030001,25.98,26.02,287100.0
2019-04-12,25.92,25.98,25.91,25.96,336400.0
2019-04-15,25.93,25.97,25.93,25.95,197500.0
2019-04-16,25.99,26.01,25.96,26.01,267200.0
2019-04-17,25.99,26.01,25.98,25.99,162200.0
2019-04-18,26.09,26.14,26.08,26.13,491700.0
2019-04-22,26.09,26.1,26.07,26.07,230300.0
2019-04-23,26.18,26.22,26.16,26.16,734000.0
2019-04-24,26.23,26.34,26.19,26.29,565400.0
2019-04-25,26.33,26.35,26.3,26.34,709900.0
2019-04-26,26.3,26.31,26.25,26.31,268300.0
2019-04-29,26.31,26.33,26.25,26.25,293500.0
2019-04-30,26.16,26.21,26.15,26.17,1107300.0
2019-05-01,26.14,26.23,26.07,26.2,732900.0
2019-05-02,26.21,26.27,26.21,26.26,240100.0
2019-05-03,26.27,26.28,26.16,26.16,1292700.0
2019-05-06,26.22,26.23,26.17,26.18,453100.0
2019-05-07,26.21,26.25,26.19,26.2,451300.0
2019-05-08,26.19,26.23,26.17,26.21,254100.0
2019-05-09,26.21,26.23,26.12,26.16,205000.0
2019-05-10,26.12,26.16,26.09,26.15,273200.0
2019-05-13,26.07,26.16,26.07,26.15,395400.0
2019-05-14,26.19,26.21,26.19,26.21,200100.0
2019-05-15,26.24,26.26,26.19,26.22,414700.0
2019-05-16,26.26,26.32,26.26,26.29,169400.0
2019-05-17,26.3,26.35,26.3,26.35,399700.0
2019-05-20,26.34,26.34,26.32,26.33,400400.0
2019-05-21,26.37,26.39,26.31,26.37,758700.0
2019-05-22,26.37,26.39,26.36,26.39,311500.0
2019-05-23,26.46,26.47,26.31,26.34,538400.0
2019-05-24,26.3,26.31,26.25,26.25,228000.0
2019-05-28,26.3,26.38,26.3,26.36,455000.0
2019-05-29,26.4,26.43,26.38,26.42,355200.0
2019-05-30,26.44,26.46,26.42,26.43,228300.0
2019-05-31,26.39,26.39,26.31,26.32,569600.0
2019-06-03,26.3,26.3,26.15,26.18,2164100.0
2019-06-04,26.2,26.22,26.13,26.15,880800.0
2019-06-05,26.13,26.24,26.11,26.24,1373700.0
2019-06-06,26.15,26.19,26.09,26.15,567000.0
2019-06-07,26.059999,26.08,26.0,26.040001,685100.0
2019-06-10,26.08,26.14,26.07,26.07,497700.0
2019-06-11,26.08,26.11,26.059999,26.08,160500.0
2019-06-12,26.11,26.16,26.07,26.15,407200.0
2019-06-13,26.17,26.19,26.15,26.17,288800.0
2019-06-14,26.26,26.33,26.24,26.31,541100.0
2019-06-17,26.27,26.33,26.27,26.32,226000.0
2019-06-18,26.29,26.38,26.29,26.36,782400.0
2019-06-19,26.31,26.33,26.19,26.24,853600.0
2019-06-20,26.09,26.12,26.07,26.08,652300.0
2019-06-21,26.059999,26.09,25.95,25.95,1123300.0
2019-06-24,25.94,25.96,25.9,25.91,3073800.0
2019-06-25,25.91,26.01,25.89,25.97,1605700.0
2019-06-26,25.98,26.01,25.93,25.99,224300.0
2019-06-27,25.98,26.0,25.98,25.99,753200.0
2019-06-28,25.97,26.01,25.94,25.97,285900.0
2019-07-01,26.049999,26.17,26.040001,26.16,1022300.0
2019-07-02,26.12,26.16,26.09,26.14,383900.0
2019-07-03,26.12,26.16,26.09,26.14,677800.0
2019-07-05,26.27,26.34,26.27,26.28,389700.0
2019-07-08,26.31,26.34,26.3,26.33,316900.0
2019-07-09,26.36,26.37,26.34,26.35,370400.0
2019-07-10,26.29,26.31,26.23,26.24,540500.0
2019-07-11,26.23,26.27,26.23,26.24,158900.0
2019-07-12,26.24,26.24,26.17,26.19,208900.0
2019-07-15,26.19,26.23,26.19,26.23,217900.0
2019-07-16,26.3,26.36,26.3,26.35,485600.0
2019-07-17,26.34,26.34,26.28,26.3,260000.0
2019-07-18,26.3,26.32,26.16,26.16,350600.0
2019-07-19,26.28,26.33,26.26,26.29,332100.0
2019-07-22,26.32,26.34,26.31,26.34,286100.0
2019-07-23,26.43,26.47,26.43,26.46,309900.0
2019-07-24,26.45,26.48,26.42,26.46,292300.0
2019-07-25,26.44,26.53,26.41,26.51,1315600.0
2019-07-26,26.52,26.58,26.52,26.55,438500.0
2019-07-29,26.59,26.6,26.56,26.57,803900.0
2019-07-30,26.59,26.61,26.57,26.57,274300.0
2019-07-31,26.58,26.74,26.55,26.73,810400.0
2019-08-01,26.8,26.8,26.64,26.65,1117900.0
2019-08-02,26.66,26.66,26.58,26.59,370700.0
2019-08-05,26.48,26.5,26.42,26.46,1188500.0
2019-08-06,26.49,26.51,26.45,26.49,369900.0
2019-08-07,26.44,26.48,26.4,26.47,1999900.0
2019-08-08,26.51,26.51,26.42,26.49,2407900.0
2019-08-09,26.46,26.49,26.41,26.46,523600.0
2019-08-12,26.43,26.45,26.41,26.44,650200.0
2019-08-13,26.44,26.56,26.43,26.56,483800.0
2019-08-14,26.55,26.62,26.53,26.62,813600.0
2019-08-15,26.6,26.67,26.59,26.64,2435300.0
2019-08-16,26.71,26.71,26.64,26.66,730300.0
2019-08-19,26.68,26.73,26.67,26.72,517900.0
2019-08-20,26.73,26.74,26.65,26.66,516700.0
2019-08-21,26.67,26.71,26.66,26.69,1076900.0
2019-08-22,26.67,26.7,26.64,26.67,299600.0
2019-08-23,26.7,26.77,26.51,26.52,2520300.0
2019-08-26,26.62,26.66,26.61,26.66,487700.0
2019-08-27,26.62,26.64,26.61,26.64,284900.0
2019-08-28,26.68,26.71,26.67,26.7,808700.0
2019-08-29,26.73,26.79,26.7,26.77,1463500.0
2019-08-30,26.79,26.92,26.75,26.87,623500.0
2019-09-03,26.99,27.01,26.9,26.93,1803600.0
2019-09-04,26.82,26.83,26.75,26.76,1136600.0
2019-09-05,26.68,26.77,26.67,26.77,799900.0
2019-09-06,26.73,26.78,26.7,26.78,813300.0
2019-09-09,26.74,26.75,26.7,26.73,936100.0
2019-09-10,26.75,26.77,26.74,26.76,286900.0
2019-09-11,26.84,26.87,26.83,26.84,449500.0
2019-09-12,26.88,26.9,26.72,26.76,450400.0
2019-09-13,26.71,26.75,26.7,26.72,2010800.0
2019-09-16,26.8,26.86,26.8,26.84,433100.0
2019-09-17,26.82,26.84,26.72,26.72,395400.0
2019-09-18,26.76,26.86,26.75,26.82,895600.0
2019-09-19,26.76,26.79,26.73,26.76,517200.0
2019-09-20,26.83,26.86,26.82,26.83,303200.0
2019-09-23,26.89,26.89,26.85,26.87,355300.0
2019-09-24,26.85,26.85,26.77,26.77,513600.0
2019-09-25,26.9,26.99,26.88,26.98,894900.0
2019-09-26,26.95,27.059999,26.93,27.049999,821500.0
2019-09-27,27.040001,27.040001,26.98,27.01,394300.0
2019-09-30,27.1,27.11,27.059999,27.1,427500.0
2019-10-01,27.16,27.17,27.0,27.01,972700.0
2019-10-02,27.030001,27.040001,26.98,26.99,713300.0
2019-10-03,27.0,27.01,26.9,26.98,896300.0
2019-10-04,26.98,27.0,26.95,26.96,2127300.0
2019-10-07,26.95,27.01,26.94,27.01,452900.0
2019-10-08,27.0,27.08,27.0,27.049999,1320500.0
2019-10-09,27.0,27.049999,27.0,27.030001,346000.0
2019-10-10,26.96,26.99,26.91,26.92,467300.0
2019-10-11,26.82,26.86,26.79,26.82,558800.0
2019-10-14,26.88,26.9,26.86,26.9,336600.0
2019-10-15,26.91,26.93,26.81,26.82,413600.0
2019-10-16,26.8,26.82,26.73,26.75,614600.0
2019-10-17,26.66,26.68,26.63,26.65,545400.0
2019-10-18,26.61,26.63,26.55,26.55,397300.0
2019-10-21,26.54,26.59,26.54,26.57,391100.0
2019-10-22,26.61,26.64,26.56,26.63,2139300.0
2019-10-23,26.64,26.66,26.6,26.62,408100.0
2019-10-24,26.61,26.72,26.61,26.7,624900.0
2019-10-25,26.71,26.75,26.69,26.73,368600.0
2019-10-28,26.71,26.72,26.69,26.71,505800.0
2019-10-29,26.71,26.72,26.67,26.7,325400.0
2019-10-30,26.7,26.78,26.63,26.64,319200.0
2019-10-31,26.61,26.64,26.59,26.59,293500.0
2019-11-01,26.6,26.61,26.56,26.58,648800.0
2019-11-04,26.62,26.68,26.61,26.68,389200.0
2019-11-05,26.73,26.8,26.72,26.78,1795200.0
2019-11-06,26.75,26.79,26.75,26.78,425200.0
2019-11-07,26.8,26.87,26.8,26.84,548200.0
2019-11-08,26.91,26.92,26.88,26.9,237400.0
2019-11-11,26.87,26.87,26.85,26.86,135500.0
2019-11-12,26.9,26.92,26.88,26.9,347500.0
2019-11-13,26.92,26.92,26.89,26.89,150900.0
2019-11-14,26.91,26.93,26.85,26.87,123200.0
2019-11-15,26.83,26.84,26.81,26.81,439200.0
2019-11-18,26.79,26.79,26.73,26.76,528700.0
2019-11-19,26.77,26.79,26.76,26.79,269700.0
2019-11-20,26.8,26.83,26.79,26.79,473500.0
2019-11-21,26.79,26.85,26.78,26.83,111300.0
2019-11-22,26.81,26.92,26.81,26.91,225800.0
2019-11-25,26.93,26.94,26.89,26.93,601200.0
2019-11-26,26.92,26.94,26.9,26.9,307900.0
2019-11-27,26.94,26.96,26.93,26.94,176000.0
2019-11-29,26.95,26.98,26.9,26.91,2004200.0
2019-12-02,26.88,26.89,26.79,26.8,704800.0
2019-12-03,26.77,26.79,26.75,26.77,499700.0
2019-12-04,26.7,26.76,26.68,26.74,317000.0
2019-12-05,26.72,26.72,26.68,26.68,270800.0
2019-12-06,26.76,26.82,26.75,26.78,313400.0
2019-12-09,26.74,26.78,26.74,26.75,212200.0
2019-12-10,26.71,26.75,26.7,26.72,205700.0
2019-12-11,26.7,26.72,26.59,26.62,552300.0
2019-12-12,26.61,26.74,26.61,26.66,627300.0
2019-12-13,26.58,26.66,26.58,26.66,291700.0
2019-12-16,26.59,26.63,26.57,26.61,814400.0
2019-12-17,26.64,26.66,26.63,26.66,199300.0
2019-12-18,26.69,26.72,26.68,26.71,237900.0
2019-12-19,26.72,26.73,26.69,26.71,427300.0
2019-12-20,26.76,26.81,26.76,26.8,686800.0
2019-12-23,26.37,26.37,26.24,26.26,826000.0
2019-12-24,26.27,26.28,26.24,26.26,274200.0
2019-12-26,26.24,26.26,26.21,26.22,235100.0
2019-12-27,26.12,26.14,26.07,26.09,573300.0
2019-12-30,26.040001,26.049999,26.0,26.040001,527600.0
2019-12-31,25.96,25.98,25.93,25.97,505200.0
2020-01-02,26.049999,26.08,25.99,26.059999,556500.0
2020-01-03,26.12,26.12,26.040001,26.09,663500.0
2020-01-06,26.02,26.049999,26.02,26.030001,308800.0
2020-01-07,26.1,26.14,26.1,26.12,145100.0
2020-01-08,26.15,26.21,26.14,26.19,685600.0
2020-01-09,26.24,26.28,26.24,26.24,167000.0
2020-01-10,26.26,26.27,26.21,26.22,211800.0
2020-01-13,26.25,26.26,26.21,26.22,217000.0
2020-01-14,26.27,26.28,26.22,26.23,589900.0
2020-01-15,26.18,26.22,26.18,26.19,242500.0
2020-01-16,26.19,26.24,26.19,26.23,108600.0
2020-01-17,26.29,26.32,26.29,26.32,284500.0
2020-01-21,26.26,26.31,26.26,26.3,327200.0
2020-01-22,26.27,26.33,26.27,26.28,216500.0
2020-01-23,26.33,26.37,26.32,26.35,126400.0
2020-01-24,26.38,26.42,26.38,26.39,221800.0
2020-01-27,26.4,26.44,26.4,26.43,226800.0
2020-01-28,26.46,26.48,26.43,26.43,158400.0
2020-01-29,26.48,26.49,26.44,26.47,152600.0
2020-01-30,26.43,26.44,26.39,26.39,160900.0
2020-01-31,26.35,26.36,26.27,26.28,784700.0
2020-02-03,26.38,26.43,26.38,26.41,860600.0
2020-02-04,26.43,26.45,26.43,26.45,469400.0
2020-02-05,26.52,26.55,26.5,26.55,388100.0
2020-02-06,26.55,26.62,26.55,26.6,140600.0
2020-02-07,26.59,26.66,26.59,26.66,95700.0
2020-02-10,26.68,26.71,26.66,26.7,256100.0
2020-02-11,26.69,26.69,26.66,26.67,268900.0
2020-02-12,26.66,26.75,26.66,26.74,172400.0
2020-02-13,26.74,26.77,26.72,26.77,592400.0
2020-02-14,26.77,26.78,26.73,26.76,162600.0
2020-02-18,26.86,26.87,26.8,26.86,148400.0
2020-02-19,26.91,26.94,26.9,26.91,246100.0
2020-02-20,26.94,26.99,26.93,26.99,385600.0
2020-02-21,26.94,26.94,26.82,26.83,1199500.0
2020-02-24,26.87,26.88,26.78,26.84,335800.0
2020-02-25,26.83,26.84,26.73,26.76,355000.0
2020-02-26,26.79,26.84,26.76,26.78,1037600.0
2020-02-27,26.64,26.68,26.59,26.62,1103600.0
2020-02-28,26.62,26.71,26.49,26.53,4081100.0
2020-03-02,26.41,26.42,26.29,26.39,1447200.0
2020-03-03,26.39,26.39,26.23,26.28,1429500.0
2020-03-04,26.37,26.41,26.34,26.37,613900.0
2020-03-05,26.24,26.28,26.16,26.17,848300.0
2020-03-06,25.93,26.040001,25.92,26.02,1574800.0
2020-03-09,25.74,25.75,24.64,25.74,2684400.0
2020-03-10,25.91,26.16,25.91,26.12,5135700.0
2020-03-11,26.040001,26.17,26.01,26.16,722700.0
2020-03-12,26.25,26.66,26.19,26.44,3224700.0
2020-03-13,26.57,27.97,26.54,27.44,1333500.0
2020-03-16,26.65,26.69,26.33,26.56,1673200.0
2020-03-17,26.93,27.1,26.91,27.030001,1456000.0
2020-03-18,27.23,28.01,27.22,27.44,4116300.0
2020-03-19,28.89,28.9,27.75,28.09,4056500.0
2020-03-20,28.0,28.08,27.68,28.01,6811700.0
2020-03-23,27.86,28.0,27.73,27.97,2220200.0
2020-03-24,27.55,27.74,27.51,27.65,5991000.0
2020-03-25,27.55,27.64,27.3,27.39,4433200.0
2020-03-26,27.15,27.16,26.94,26.95,7221000.0
2020-03-27,27.08,27.11,26.67,26.73,4150600.0
2020-03-30,26.89,26.95,26.84,26.85,2272500.0
2020-03-31,26.98,27.049999,26.79,26.83,1534800.0
2020-04-01,26.99,27.049999,26.95,27.0,3000000.0
2020-04-02,27.12,27.21,27.040001,27.14,3650000.0
2020-04-03,27.26,27.35,27.24,27.29,3110700.0
2020-04-06,27.27,27.36,27.25,27.3,1704900.0
2020-04-07,27.01,27.1,27.0,27.049999,2140300.0
2020-04-08,27.07,27.15,27.07,27.15,2153400.0
2020-04-09,26.95,27.0,26.89,26.95,1685500.0
2020-04-13,26.94,26.97,26.88,26.91,1185600.0
2020-04-14,26.82,26.84,26.76,26.76,2435900.0
2020-04-15,27.049999,27.059999,26.88,26.96,2069600.0
2020-04-16,27.02,27.18,26.99,27.08,2609300.0
2020-04-17,27.02,27.040001,26.97,27.01,881600.0
2020-04-20,27.07,27.1,27.01,27.1,1298900.0
2020-04-21,27.2,27.22,27.1,27.14,1643800.0
2020-04-22,27.1,27.23,27.1,27.22,947700.0
2020-04-23,27.24,27.26,27.1,27.23,1491100.0
2020-04-24,27.2,27.23,27.16,27.17,843600.0
2020-04-27,27.059999,27.13,27.049999,27.1,2184200.0
2020-04-28,26.98,27.08,26.97,27.07,1051400.0
2020-04-29,26.98,27.040001,26.94,26.96,781800.0
2020-04-30,26.97,27.0,26.76,26.79,1839200.0
2020-05-01,26.79,26.84,26.74,26.82,1096100.0
2020-05-04,26.93,26.98,26.91,26.97,1000500.0
2020-05-05,27.0,27.030001,26.9,26.99,4938200.0
2020-05-06,27.07,27.13,27.040001,27.12,755100.0
2020-05-07,27.15,27.18,27.01,27.040001,653200.0
2020-05-08,27.030001,27.059999,26.91,27.030001,1091300.0
2020-05-11,27.08,27.16,27.059999,27.13,4346000.0
2020-05-12,27.02,27.08,26.99,27.08,629400.0
2020-05-13,27.02,27.15,27.0,27.13,826600.0
2020-05-14,27.19,27.21,27.13,27.16,940300.0
2020-05-15,27.12,27.2,27.09,27.18,450800.0
2020-05-18,27.08,27.1,26.95,26.96,1819600.0
2020-05-19,26.93,26.95,26.87,26.94,803400.0
2020-05-20,26.83,26.86,26.79,26.85,1790200.0
2020-05-21,26.84,26.94,26.83,26.91,1025400.0
2020-05-22,27.0,27.030001,26.98,26.99,2072200.0
2020-05-26,26.81,26.82,26.75,26.79,1059900.0
2020-05-27,26.78,26.87,26.76,26.78,581800.0
2020-05-28,26.72,26.74,26.61,26.64,3065100.0
2020-05-29,26.58,26.65,26.53,26.6,1369300.0
2020-06-01,26.53,26.55,26.45,26.45,1381400.0
2020-06-02,26.4,26.44,26.36,26.42,787400.0
2020-06-03,26.38,26.39,26.26,26.26,6785400.0
2020-06-04,26.28,26.28,26.1,26.16,3238700.0
2020-06-05,26.16,26.23,26.14,26.21,4095300.0
2020-06-08,26.16,26.19,26.12,26.14,1794500.0
2020-06-09,26.14,26.15,26.030001,26.059999,1034100.0
2020-06-10,25.99,26.07,25.88,25.93,1231100.0
2020-06-11,26.040001,26.2,25.97,26.19,1079800.0
2020-06-12,26.18,26.37,26.14,26.26,1784900.0
2020-06-15,26.28,26.3,26.11,26.15,725200.0
2020-06-16,26.17,26.3,26.17,26.23,1421400.0
2020-06-17,26.24,26.33,26.24,26.25,751200.0
2020-06-18,26.31,26.38,26.29,26.35,616000.0
2020-06-19,26.3,26.42,26.3,26.38,1957900.0
2020-06-22,26.32,26.32,26.21,26.24,935100.0
2020-06-23,26.1,26.15,26.049999,26.15,1563800.0
2020-06-24,26.21,26.29,26.2,26.27,1174900.0
2020-06-25,26.35,26.37,26.31,26.31,1144800.0
2020-06-26,26.33,26.41,26.32,26.35,556200.0
2020-06-29,26.28,26.39,26.28,26.36,551400.0
2020-06-30,26.39,26.41,26.28,26.32,995400.0
2020-07-01,26.31,26.33,26.23,26.26,736900.0
2020-07-02,26.24,26.33,26.2,26.28,519300.0
2020-07-06,26.12,26.17,26.09,26.14,984100.0
2020-07-07,26.15,26.22,26.15,26.2,598100.0
2020-07-08,26.14,26.15,26.049999,26.059999,439000.0
2020-07-09,26.040001,26.16,26.030001,26.15,629200.0
2020-07-10,26.09,26.13,26.059999,26.11,219500.0
2020-07-13,26.07,26.09,26.01,26.07,374500.0
2020-07-14,26.09,26.09,25.99,26.02,774400.0
2020-07-15,25.9,25.98,25.87,25.95,525400.0
2020-07-16,25.98,26.049999,25.91,26.040001,373900.0
2020-07-17,25.97,25.97,25.91,25.93,420100.0
2020-07-20,25.93,25.97,25.88,25.89,296500.0
2020-07-21,25.86,25.87,25.68,25.73,1351000.0
2020-07-22,25.65,25.68,25.62,25.66,653800.0
2020-07-23,25.68,25.69,25.56,25.61,1249900.0
2020-07-24,25.55,25.58,25.49,25.5,1095200.0
2020-07-27,25.33,25.35,25.25,25.31,1412600.0
2020-07-28,25.33,25.36,25.29,25.35,1246000.0
2020-07-29,25.28,25.28,25.17,25.23,1282400.0
2020-07-30,25.2,25.25,25.12,25.13,537200.0
2020-07-31,25.15,25.29,25.13,25.28,1742100.0
2020-08-03,25.39,25.41,25.27,25.28,1447400.0
2020-08-04,25.34,25.35,25.19,25.19,1094400.0
2020-08-05,25.059999,25.11,25.01,25.08,1266200.0
2020-08-06,25.09,25.16,25.040001,25.08,766900.0
2020-08-07,25.25,25.31,25.22,25.23,1201700.0
2020-08-10,25.27,25.3,25.21,25.27,1037600.0
2020-08-11,25.26,25.33,25.22,25.31,1124600.0
2020-08-12,25.23,25.27,25.19,25.23,607700.0
2020-08-13,25.17,25.24,25.11,25.22,1077600.0
2020-08-14,25.17,25.19,25.13,25.18,1913500.0
2020-08-17,25.12,25.12,25.07,25.07,951900.0
2020-08-18,24.92,24.98,24.89,24.93,1104800.0
2020-08-19,24.95,25.15,24.92,25.13,1512800.0
2020-08-20,25.19,25.19,25.059999,25.059999,933200.0
2020-08-21,25.2,25.26,25.18,25.18,1667500.0
2020-08-24,25.11,25.22,25.11,25.22,450400.0
2020-08-25,25.14,25.19,25.12,25.13,869200.0
2020-08-26,25.19,25.19,25.08,25.1,879900.0
2020-08-27,25.02,25.22,25.0,25.13,698300.0
2020-08-28,24.96,25.01,24.92,24.93,1200300.0
2020-08-31,24.9,24.94,24.85,24.9,1732200.0
2020-09-01,24.8,24.97,24.8,24.95,1022900.0
2020-09-02,25.049999,25.1,25.030001,25.040001,1923900.0
2020-09-03,25.07,25.13,25.040001,25.049999,1004400.0
2020-09-04,25.14,25.18,25.040001,25.09,1193400.0
2020-09-08,25.21,25.25,25.18,25.22,1556900.0
2020-09-09,25.2,25.2,25.15,25.18,646300.0
2020-09-10,25.07,25.24,25.040001,25.23,950300.0
2020-09-11,25.17,25.23,25.17,25.18,467800.0
2020-09-14,25.1,25.15,25.08,25.12,611900.0
2020-09-15,25.1,25.17,25.09,25.14,448500.0
2020-09-16,25.1,25.2,25.08,25.17,601600.0
2020-09-17,25.2,25.2,25.08,25.08,875600.0
2020-09-18,25.11,25.13,25.049999,25.11,820100.0
2020-09-21,25.24,25.34,25.23,25.29,1408500.0
2020-09-22,25.3,25.42,25.28,25.38,1328300.0
2020-09-23,25.45,25.54,25.4,25.52,12116400.0
2020-09-24,25.54,25.56,25.44,25.48,2385000.0
2020-09-25,25.57,25.6,25.54,25.55,1410500.0
2020-09-28,25.45,25.5,25.43,25.47,756400.0
2020-09-29,25.4,25.42,25.35,25.35,1239000.0
2020-09-30,25.4,25.45,25.3,25.35,1218000.0
2020-10-01,25.33,25.38,25.31,25.31,915800.0
2020-10-02,25.37,25.38,25.33,25.37,1354000.0
2020-10-05,25.27,25.27,25.22,25.26,1047100.0
2020-10-06,25.22,25.35,25.22,25.33,2283000.0
2020-10-07,25.31,25.32,25.28,25.3,1158500.0
2020-10-08,25.3,25.35,25.28,25.29,885300.0
2020-10-09,25.17,25.2,25.12,25.14,1993200.0
2020-10-12,25.13,25.14,25.11,25.11,676000.0
2020-10-13,25.22,25.27,25.21,25.26,12537500.0
2020-10-14,25.21,25.23,25.17,25.2,879300.0
2020-10-15,25.32,25.35,25.3,25.32,1417200.0
2020-10-16,25.28,25.3,25.26,25.29,951300.0
2020-10-19,25.17,25.23,25.16,25.21,545900.0
2020-10-20,25.15,25.17,25.1,25.13,1538500.0
2020-10-21,25.049999,25.049999,24.96,25.0,1624000.0
2020-10-22,25.040001,25.1,25.040001,25.1,1276100.0
2020-10-23,25.030001,25.1,25.030001,25.040001,481500.0
2020-10-26,25.09,25.13,25.09,25.13,368300.0
2020-10-27,25.059999,25.09,25.040001,25.08,181800.0
2020-10-28,25.23,25.27,25.2,25.24,648700.0
2020-10-29,25.3,25.41,25.3,25.34,1219600.0
2020-10-30,25.32,25.4,25.3,25.37,608500.0
2020-11-02,25.42,25.43,25.38,25.4,1713500.0
2020-11-03,25.23,25.27,25.18,25.26,6207800.0
2020-11-04,25.27,25.3,25.19,25.22,1126600.0
2020-11-05,25.01,25.07,24.95,24.98,1556800.0
2020-11-06,24.92,24.97,24.87,24.89,3497000.0
2020-11-09,24.86,25.09,24.86,25.049999,1846300.0
2020-11-10,25.0,25.059999,25.0,25.049999,734400.0
2020-11-11,25.12,25.15,25.08,25.08,495700.0
2020-11-12,25.1,25.11,25.049999,25.08,497400.0
2020-11-13,25.049999,25.059999,25.02,25.030001,1036000.0
2020-11-16,25.01,25.02,24.97,24.97,2991700.0
2020-11-17,24.91,24.95,24.91,24.93,1027300.0
2020-11-18,24.92,24.94,24.88,24.94,408400.0
2020-11-19,25.01,25.01,24.89,24.9,302800.0
2020-11-20,24.89,24.94,24.89,24.93,333800.0
2020-11-23,24.85,25.030001,24.84,24.97,749600.0
2020-11-24,24.94,24.97,24.85,24.85,665600.0
2020-11-25,24.85,24.87,24.8,24.81,599100.0
2020-11-27,24.8,24.8,24.75,24.76,198300.0
2020-11-30,24.69,24.82,24.68,24.82,435700.0
2020-12-01,24.72,24.75,24.58,24.6,980900.0
2020-12-02,24.63,24.64,24.56,24.57,1125200.0
2020-12-03,24.44,24.49,24.41,24.44,1003000.0
2020-12-04,24.41,24.5,24.4,24.47,1834200.0
2020-12-07,24.48,24.52,24.44,24.51,896900.0
2020-12-08,24.49,24.55,24.49,24.54,612100.0
2020-12-09,24.51,24.6,24.49,24.55,518700.0
2020-12-10,24.55,24.55,24.45,24.48,608700.0
2020-12-11,24.52,24.55,24.51,24.54,1017700.0
2020-12-14,24.41,24.5,24.4,24.47,455400.0
2020-12-15,24.42,24.45,24.38,24.39,853900.0
2020-12-16,24.33,24.46,24.32,24.36,749800.0
2020-12-17,24.22,24.24,24.19,24.23,922000.0
2020-12-18,24.27,24.3,24.25,24.26,898400.0
2020-12-21,24.37,24.38,24.26,24.31,618900.0
2020-12-22,24.34,24.45,24.34,24.44,1401500.0
2020-12-23,24.33,24.38,24.3,24.33,758600.0
2020-12-24,24.33,24.36,24.33,24.35,280500.0
2020-12-28,24.31,24.37,24.28,24.35,1036100.0
2020-12-29,24.27,24.29,24.22,24.27,1444700.0
2020-12-30,24.2,24.21,24.16,24.17,1463900.0
2020-12-31,24.17,24.27,24.17,24.24,801500.0
2021-01-04,24.13,24.26,24.13,24.26,1322800.0
2021-01-05,24.2,24.22,24.11,24.12,723300.0
2021-01-06,24.18,24.22,24.09,24.09,1042800.0
2021-01-07,24.21,24.27,24.21,24.23,1018000.0
2021-01-08,24.19,24.34,24.18,24.27,1677700.0
2021-01-11,24.44,24.47,24.37,24.42,1445200.0
2021-01-12,24.41,24.41,24.27,24.29,1360500.0
2021-01-13,24.36,24.39,24.32,24.37,956500.0
2021-01-14,24.41,24.42,24.28,24.32,614300.0
2021-01-15,24.42,24.48,24.41,24.48,1177500.0
2021-01-19,24.39,24.43,24.38,24.41,1408600.0
2021-01-20,24.43,24.46,24.38,24.4,489300.0
2021-01-21,24.33,24.35,24.28,24.29,803900.0
2021-01-22,24.35,24.35,24.3,24.34,847100.0
2021-01-25,24.35,24.41,24.34,24.37,580600.0
2021-01-26,24.33,24.35,24.29,24.3,857300.0
2021-01-27,24.41,24.51,24.39,24.45,982200.0
2021-01-28,24.42,24.43,24.37,24.39,663600.0
2021-01-29,24.37,24.43,24.37,24.42,876000.0
2021-02-01,24.48,24.55,24.47,24.54,2183100.0
2021-02-02,24.57,24.61,24.55,24.57,1459000.0
2021-02-03,24.58,24.61,24.56,24.56,1656900.0
2021-02-04,24.63,24.69,24.63,24.67,1394400.0
2021-02-05,24.59,24.6,24.53,24.53,1402500.0
2021-02-08,24.54,24.55,24.5,24.52,1732500.0
2021-02-09,24.42,24.44,24.37,24.39,2006900.0
2021-02-10,24.35,24.38,24.34,24.38,654000.0
2021-02-11,24.35,24.39,24.34,24.37,257000.0
2021-02-12,24.44,24.45,24.36,24.39,501800.0
2021-02-16,24.4,24.43,24.37,24.39,1107500.0
2021-02-17,24.51,24.54,24.49,24.49,937800.0
2021-02-18,24.43,24.48,24.4,24.41,585300.0
2021-02-19,24.35,24.38,24.32,24.35,1163300.0
2021-02-22,24.3,24.33,24.25,24.28,706800.0
2021-02-23,24.3,24.33,24.26,24.3,441600.0
2021-02-24,24.34,24.38,24.26,24.26,913600.0
2021-02-25,24.19,24.34,24.17,24.34,952200.0
2021-02-26,24.39,24.52,24.39,24.52,1347700.0
2021-03-01,24.5,24.56,24.5,24.54,2242400.0
2021-03-02,24.53,24.56,24.45,24.45,1381600.0
2021-03-03,24.53,24.54,24.47,24.52,1015200.0
2021-03-04,24.57,24.71,24.53,24.68,2128000.0
2021-03-05,24.74,24.81,24.73,24.77,2631000.0
2021-03-08,24.85,24.91,24.83,24.91,1656300.0
2021-03-09,24.8,24.82,24.77,24.77,1468100.0
2021-03-10,24.75,24.82,24.73,24.73,2050200.0
2021-03-11,24.7,24.74,24.61,24.61,1643300.0
2021-03-12,24.76,24.78,24.68,24.69,789100.0
2021-03-15,24.76,24.78,24.72,24.74,504500.0
2021-03-16,24.75,24.8,24.73,24.74,338800.0
2021-03-17,24.75,24.79,24.61,24.62,3055700.0
2021-03-18,24.74,24.77,24.69,24.77,901800.0
2021-03-19,24.81,24.84,24.76,24.78,2222500.0
2021-03-22,24.74,24.77,24.71,24.73,850600.0
2021-03-23,24.84,24.88,24.82,24.88,1252400.0
2021-03-24,24.93,24.95,24.89,24.94,1726800.0
2021-03-25,24.94,25.040001,24.94,25.01,1476700.0
2021-03-26,25.0,25.01,24.96,24.98,654800.0
2021-03-29,24.99,25.040001,24.97,25.040001,1128400.0
2021-03-30,25.12,25.15,25.11,25.14,749900.0
2021-03-31,25.11,25.12,25.049999,25.12,1381600.0
2021-04-01,25.049999,25.09,25.01,25.01,1955700.0
2021-04-05,24.99,25.0,24.92,24.93,1704600.0
2021-04-06,24.91,24.92,24.86,24.87,1845900.0
2021-04-07,24.85,24.92,24.82,24.9,758900.0
2021-04-08,24.84,24.84,24.78,24.79,582000.0
2021-04-09,24.85,24.86,24.8,24.81,691200.0
2021-04-12,24.79,24.82,24.79,24.8,479900.0
2021-04-13,24.78,24.78,24.71,24.71,498700.0
2021-04-14,24.69,24.72,24.65,24.68,632200.0
2021-04-15,24.66,24.7,24.65,24.68,390300.0
2021-04-16,24.65,24.67,24.63,24.65,431700.0
2021-04-19,24.53,24.56,24.51,24.51,1068000.0
2021-04-20,24.52,24.57,24.5,24.55,827200.0
2021-04-21,24.6,24.62,24.52,24.52,417300.0
2021-04-22,24.55,24.61,24.55,24.59,358100.0
2021-04-23,24.48,24.53,24.44,24.45,567800.0
2021-04-26,24.48,24.49,24.43,24.45,802000.0
2021-04-27,24.47,24.49,24.44,24.46,364800.0
2021-04-28,24.5,24.51,24.37,24.37,472700.0
2021-04-29,24.39,24.43,24.38,24.38,266300.0
2021-04-30,24.45,24.58,24.45,24.58,1124700.0
2021-05-03,24.52,24.52,24.45,24.47,1026600.0
2021-05-04,24.55,24.59,24.53,24.58,1225600.0
2021-05-05,24.58,24.59,24.56,24.57,1427800.0
2021-05-06,24.5,24.5,24.45,24.45,476200.0
2021-05-07,24.38,24.4,24.27,24.27,1844700.0
2021-05-10,24.22,24.28,24.22,24.27,659600.0
2021-05-11,24.25,24.26,24.22,24.25,549500.0
2021-05-12,24.36,24.43,24.33,24.43,2379900.0
2021-05-13,24.41,24.45,24.38,24.39,450000.0
2021-05-14,24.31,24.32,24.29,24.29,638300.0
2021-05-17,24.3,24.31,24.25,24.26,251800.0
2021-05-18,24.15,24.19,24.14,24.15,673700.0
2021-05-19,24.2,24.29,24.14,24.26,1294600.0
2021-05-20,24.2,24.2,24.14,24.14,848700.0
2021-05-21,24.17,24.26,24.17,24.22,685900.0
2021-05-24,24.18,24.19,24.15,24.16,716000.0
2021-05-25,24.13,24.17,24.11,24.13,618800.0
2021-05-26,24.19,24.24,24.14,24.22,336300.0
2021-05-27,24.22,24.24,24.19,24.2,354600.0
2021-05-28,24.3,24.3,24.21,24.22,600300.0
2021-06-01,24.15,24.18,24.12,24.18,740200.0
2021-06-02,24.22,24.24,24.18,24.18,1497400.0
2021-06-03,24.28,24.36,24.28,24.33,2083200.0
2021-06-04,24.24,24.25,24.21,24.24,1383300.0
2021-06-07,24.21,24.23,24.18,24.2,842900.0
2021-06-08,24.24,24.25,24.21,24.23,691000.0
2021-06-09,24.17,24.26,24.16,24.25,814700.0
2021-06-10,24.29,24.29,24.2,24.23,769600.0
2021-06-11,24.3,24.38,24.3,24.35,1090100.0
2021-06-14,24.31,24.35,24.31,24.33,905900.0
2021-06-15,24.34,24.37,24.34,24.35,469600.0
2021-06-16,24.35,24.56,24.34,24.55,1917600.0
2021-06-17,24.66,24.75,24.64,24.74,1970500.0
2021-06-18,24.81,24.85,24.79,24.82,1275600.0
2021-06-21,24.74,24.76,24.69,24.7,655200.0
2021-06-22,24.73,24.76,24.65,24.66,454500.0
2021-06-23,24.63,24.71,24.61,24.7,1048400.0
2021-06-24,24.68,24.72,24.66,24.68,414200.0
2021-06-25,24.63,24.71,24.61,24.69,356900.0
2021-06-28,24.71,24.73,24.68,24.7,777600.0
2021-06-29,24.77,24.79,24.74,24.76,634300.0
2021-06-30,24.79,24.86,24.79,24.83,869600.0
2021-07-01,24.84,24.9,24.81,24.9,2239600.0
2021-07-02,24.88,24.9,24.79,24.8,1107400.0
2021-07-06,24.86,24.92,24.84,24.89,1152100.0
2021-07-07,24.9,24.97,24.88,24.93,699100.0
2021-07-08,24.82,24.86,24.81,24.83,1236800.0
2021-07-09,24.79,24.81,24.76,24.77,1252200.0
2021-07-12,24.82,24.82,24.77,24.8,426500.0
2021-07-13,24.91,24.95,24.85,24.95,1477500.0
2021-07-14,24.84,24.86,24.83,24.83,890100.0
2021-07-15,24.88,24.92,24.86,24.9,376900.0
2021-07-16,24.91,24.94,24.89,24.93,812600.0
2021-07-19,24.93,24.98,24.9,24.97,1113000.0
2021-07-20,25.040001,25.049999,24.99,25.0,1459200.0
2021-07-21,25.02,25.030001,24.93,24.94,754900.0
2021-07-22,24.86,24.98,24.86,24.97,953500.0
2021-07-23,24.97,25.01,24.97,24.98,429200.0
2021-07-26,24.94,24.94,24.87,24.9,449400.0
2021-07-27,24.86,24.9,24.82,24.86,787300.0
2021-07-28,24.9,24.94,24.79,24.79,749500.0
2021-07-29,24.72,24.73,24.69,24.7,826200.0
2021-07-30,24.72,24.78,24.7,24.77,624000.0
2021-08-02,24.72,24.76,24.71,24.74,908000.0
2021-08-03,24.72,24.77,24.72,24.75,584100.0
2021-08-04,24.68,24.81,24.68,24.79,651900.0
2021-08-05,24.79,24.81,24.76,24.79,154500.0
2021-08-06,24.9,24.95,24.88,24.93,1315500.0
2021-08-09,24.92,24.99,24.92,24.98,432600.0
2021-08-10,25.030001,25.030001,25.0,25.0,868700.0
2021-08-11,24.96,24.99,24.93,24.95,993700.0
2021-08-12,24.98,25.0,24.97,24.98,178900.0
2021-08-13,24.91,24.93,24.84,24.86,741000.0
2021-08-16,24.86,24.89,24.85,24.88,487200.0
2021-08-17,24.96,25.030001,24.96,25.030001,1009400.0
2021-08-18,25.01,25.059999,24.97,25.030001,537400.0
2021-08-19,25.1,25.15,25.08,25.15,990400.0
2021-08-20,25.15,25.16,25.11,25.12,775600.0
2021-08-23,25.02,25.040001,24.97,24.97,1123400.0
2021-08-24,24.98,25.0,24.93,24.95,1077100.0
2021-08-25,24.99,25.02,24.93,24.93,668400.0
2021-08-26,24.97,25.01,24.97,25.0,322000.0
2021-08-27,25.01,25.030001,24.88,24.89,860300.0
2021-08-30,24.89,24.92,24.88,24.89,380200.0
2021-08-31,24.85,24.91,24.83,24.89,697100.0
2021-09-01,24.83,24.85,24.81,24.84,1026700.0
2021-09-02,24.81,24.83,24.77,24.78,806600.0
2021-09-03,24.72,24.75,24.7,24.73,726500.0
2021-09-07,24.82,24.86,24.8,24.85,452600.0
2021-09-08,24.9,24.94,24.87,24.89,1004800.0
2021-09-09,24.83,24.88,24.81,24.83,197600.0
2021-09-10,24.82,24.88,24.81,24.87,399600.0
2021-09-13,24.9,24.9,24.86,24.87,157500.0
2021-09-14,24.8,24.89,24.79,24.87,380500.0
2021-09-15,24.83,24.86,24.82,24.82,187700.0
2021-09-16,24.94,24.96,24.93,24.93,424200.0
2021-09-17,24.97,25.030001,24.95,25.02,2018400.0
2021-09-20,25.049999,25.059999,25.01,25.030001,1386000.0
2021-09-21,25.02,25.049999,25.01,25.01,625000.0
2021-09-22,25.030001,25.11,24.97,25.08,883600.0
2021-09-23,25.0,25.01,24.96,24.98,515700.0
2021-09-24,25.059999,25.07,25.030001,25.049999,459200.0
2021-09-27,25.09,25.09,25.049999,25.08,255500.0
2021-09-28,25.15,25.19,25.13,25.17,2258100.0
2021-09-29,25.25,25.35,25.24,25.35,843000.0
2021-09-30,25.33,25.35,25.27,25.31,777700.0
2021-10-01,25.23,25.28,25.23,25.26,1521900.0
2021-10-04,25.18,25.2,25.15,25.18,875100.0
2021-10-05,25.25,25.25,25.19,25.23,648000.0
2021-10-06,25.33,25.35,25.29,25.3,1121500.0
2021-10-07,25.29,25.3,25.26,25.29,480000.0
2021-10-08,25.25,25.29,25.24,25.27,383500.0
2021-10-11,25.28,25.34,25.26,25.34,1882400.0
2021-10-12,25.35,25.39,25.34,25.37,778800.0
2021-10-13,25.3,25.31,25.23,25.23,759800.0
2021-10-14,25.2,25.24,25.2,25.23,509000.0
2021-10-15,25.22,25.25,25.19,25.2,488200.0
2021-10-18,25.22,25.24,25.18,25.21,1630300.0
2021-10-19,25.13,25.17,25.11,25.15,968400.0
2021-10-20,25.14,25.16,25.09,25.11,780500.0
2021-10-21,25.11,25.17,25.1,25.17,538700.0
2021-10-22,25.13,25.16,25.1,25.12,378400.0
2021-10-25,25.17,25.19,25.16,25.16,354900.0
2021-10-26,25.16,25.23,25.16,25.21,784000.0
2021-10-27,25.16,25.2,25.14,25.2,336100.0
2021-10-28,25.13,25.13,25.02,25.049999,567800.0
2021-10-29,25.12,25.3,25.12,25.25,799200.0
2021-11-01,25.24,25.25,25.17,25.17,2226100.0
2021-11-02,25.21,25.26,25.2,25.23,1107800.0
2021-11-03,25.25,25.27,25.16,25.17,1701600.0
2021-11-04,25.27,25.34,25.27,25.3,1068900.0
2021-11-05,25.33,25.37,25.27,25.28,636700.0
2021-11-08,25.25,25.26,25.21,25.23,604700.0
2021-11-09,25.21,25.25,25.18,25.2,305300.0
2021-11-10,25.26,25.47,25.24,25.47,1698500.0
2021-11-11,25.47,25.53,25.47,25.53,568000.0
2021-11-12,25.54,25.55,25.48,25.5,259500.0
2021-11-15,25.51,25.64,25.49,25.64,505600.0
2021-11-16,25.68,25.74,25.65,25.74,1412100.0
2021-11-17,25.72,25.75,25.67,25.69,683000.0
2021-11-18,25.67,25.69,25.62,25.62,708100.0
2021-11-19,25.7,25.76,25.69,25.75,678500.0
2021-11-22,25.85,25.89,25.81,25.88,1089500.0
2021-11-23,25.89,25.9,25.84,25.87,776400.0
2021-11-24,25.98,26.0,25.94,25.97,1009200.0
2021-11-26,25.81,25.82,25.74,25.77,1100400.0
2021-11-29,25.83,25.86,25.81,25.82,750000.0
2021-11-30,25.65,25.92,25.62,25.7,2115600.0
2021-12-01,25.7,25.78,25.65,25.77,1826900.0
2021-12-02,25.7,25.79,25.7,25.78,732400.0
2021-12-03,25.79,25.86,25.74,25.77,1324100.0
2021-12-06,25.8,25.85,25.79,25.81,682100.0
2021-12-07,25.89,25.89,25.81,25.82,2785100.0
2021-12-08,25.78,25.79,25.69,25.7,584500.0
2021-12-09,25.76,25.83,25.75,25.79,751800.0
2021-12-10,25.8,25.83,25.73,25.75,560700.0
2021-12-13,25.76,25.84,25.76,25.83,711700.0
2021-12-14,25.81,25.89,25.8,25.88,621700.0
2021-12-15,25.89,25.98,25.82,25.84,734900.0
2021-12-16,25.73,25.78,25.71,25.73,1118600.0
2021-12-17,25.76,25.91,25.76,25.91,545200.0
2021-12-20,25.85,25.89,25.83,25.88,1423000.0
2021-12-21,25.87,25.91,25.85,25.85,887000.0
2021-12-22,25.8,25.81,25.74,25.75,2101600.0
2021-12-23,25.81,25.81,25.73,25.73,2216500.0
2021-12-27,25.78,25.78,25.74,25.74,1344300.0
2021-12-28,25.76,25.81,25.75,25.77,820200.0
2021-12-29,25.74,25.74,25.66,25.7,1252000.0
2021-12-30,25.74,25.78,25.71,25.74,367600.0
2021-12-31,25.69,25.71,25.62,25.63,1161300.0
2022-01-03,25.74,25.81,25.74,25.79,3449500.0
2022-01-04,25.81,25.82,25.74,25.81,1310300.0
2022-01-05,25.72,25.79,25.69,25.78,1029900.0
2022-01-06,25.77,25.82,25.74,25.8,1398600.0
2022-01-07,25.74,25.75,25.64,25.66,540400.0
2022-01-10,25.77,25.78,25.7,25.72,1004300.0
2022-01-11,25.71,25.74,25.61,25.61,1311700.0
2022-01-12,25.53,25.53,25.43,25.44,3489200.0
2022-01-13,25.37,25.43,25.36,25.43,3801200.0
2022-01-14,25.44,25.53,25.42,25.5,2303000.0
2022-01-18,25.6,25.67,25.58,25.66,1940200.0
2022-01-19,25.59,25.62,25.57,25.6,1510100.0
2022-01-20,25.59,25.68,25.56,25.68,1033000.0
2022-01-21,25.58,25.62,25.58,25.61,1224500.0
2022-01-24,25.72,25.75,25.66,25.69,1946000.0
2022-01-25,25.76,25.78,25.69,25.7,1312800.0
2022-01-26,25.71,25.86,25.71,25.84,1583300.0
2022-01-27,26.01,26.07,25.98,26.059999,1530300.0
2022-01-28,26.040001,26.07,26.0,26.049999,1791500.0
2022-01-31,25.97,25.99,25.85,25.87,2055800.0
2022-02-01,25.8,25.85,25.79,25.8,4019500.0
2022-02-02,25.7,25.74,25.68,25.7,4401600.0
2022-02-03,25.61,25.62,25.51,25.57,6514000.0
2022-02-04,25.6,25.63,25.54,25.55,2243900.0
2022-02-07,25.59,25.59,25.53,25.56,1159800.0
2022-02-08,25.59,25.63,25.58,25.6,1590900.0
2022-02-09,25.56,25.6,25.54,25.57,638800.0
2022-02-10,25.68,25.7,25.48,25.61,2931500.0
2022-02-11,25.66,25.74,25.61,25.72,2208700.0
2022-02-14,25.78,25.82,25.75,25.79,1933900.0
2022-02-15,25.73,25.78,25.68,25.69,1251000.0
2022-02-16,25.68,25.68,25.61,25.64,695200.0
2022-02-17,25.65,25.67,25.62,25.65,859500.0
2022-02-18,25.67,25.75,25.66,25.72,1144300.0
2022-02-22,25.71,25.73,25.67,25.73,1171700.0
2022-02-23,25.69,25.77,25.67,25.76,1214300.0
2022-02-24,26.040001,26.16,25.94,25.97,4162400.0
2022-02-25,25.93,25.94,25.84,25.84,1293400.0
2022-02-28,25.93,25.93,25.86,25.88,1352500.0
2022-03-01,26.0,26.12,25.98,26.08,2498000.0
2022-03-02,26.12,26.19,26.040001,26.059999,1451400.0
2022-03-03,26.13,26.22,26.11,26.16,1780800.0
2022-03-04,26.45,26.47,26.36,26.36,3212400.0
2022-03-07,26.43,26.58,26.42,26.55,2507900.0
2022-03-08,26.5,26.57,26.41,26.5,1497200.0
2022-03-09,26.25,26.31,26.19,26.24,1594900.0
2022-03-10,26.31,26.38,26.29,26.37,1098000.0
2022-03-11,26.39,26.56,26.36,26.51,1661300.0
2022-03-14,26.46,26.51,26.4,26.5,1739500.0
2022-03-15,26.4,26.52,26.37,26.47,762600.0
2022-03-16,26.37,26.5,26.28,26.28,1958400.0
2022-03-17,26.27,26.29,26.13,26.22,3088600.0
2022-03-18,26.36,26.37,26.24,26.25,913700.0
2022-03-21,26.27,26.35,26.25,26.35,1232300.0
2022-03-22,26.32,26.36,26.29,26.34,928500.0
2022-03-23,26.41,26.44,26.36,26.37,465600.0
2022-03-24,26.43,26.46,26.37,26.4,1666300.0
2022-03-25,26.39,26.43,26.35,26.41,599200.0
2022-03-28,26.56,26.56,26.46,26.49,1086700.0
2022-03-29,26.25,26.35,26.21,26.33,1542200.0
2022-03-30,26.17,26.2,26.13,26.19,3972300.0
2022-03-31,26.28,26.32,26.19,26.3,1679100.0
2022-04-01,26.37,26.4,26.34,26.34,1824200.0
2022-04-04,26.43,26.48,26.41,26.46,1158100.0
2022-04-05,26.45,26.6,26.42,26.6,2081500.0
2022-04-06,26.56,26.68,26.55,26.62,1653400.0
2022-04-07,26.6,26.69,26.58,26.67,880400.0
2022-04-08,26.75,26.78,26.66,26.67,1706700.0
2022-04-11,26.72,26.74,26.69,26.73,797200.0
2022-04-12,26.71,26.82,26.69,26.82,1410200.0
2022-04-13,26.86,26.87,26.68,26.71,2906500.0
2022-04-14,26.8,26.93,26.8,26.83,1525700.0
2022-04-18,26.88,26.96,26.86,26.94,1149000.0
2022-04-19,26.99,27.01,26.95,27.0,1498500.0
2022-04-20,26.84,26.86,26.79,26.81,1235200.0
2022-04-21,26.77,26.91,26.75,26.89,2180300.0
2022-04-22,26.98,27.09,26.97,27.049999,1207300.0
2022-04-25,27.18,27.23,27.15,27.18,2316400.0
2022-04-26,27.25,27.36,27.24,27.35,2241400.0
2022-04-27,27.55,27.61,27.48,27.52,3872300.0
2022-04-28,27.72,27.77,27.67,27.68,2427100.0
2022-04-29,27.6,27.62,27.48,27.57,3029200.0
2022-05-02,27.68,27.74,27.62,27.71,2294100.0
2022-05-03,27.58,27.69,27.56,27.66,2199600.0
2022-05-04,27.6,27.71,27.39,27.43,10608800.0
2022-05-05,27.6,27.79,27.6,27.66,3165300.0
2022-05-06,27.63,27.74,27.6,27.71,2506400.0
2022-05-09,27.74,27.81,27.64,27.72,3017700.0
2022-05-10,27.7,27.8,27.7,27.78,10162000.0
2022-05-11,27.71,27.81,27.63,27.81,2300200.0
2022-05-12,27.92,28.049999,27.89,28.049999,3214900.0
2022-05-13,28.07,28.07,27.93,27.97,2855600.0
2022-05-16,27.93,27.97,27.84,27.86,1721900.0
2022-05-17,27.67,27.69,27.61,27.63,7703800.0
2022-05-18,27.69,27.78,27.63,27.77,2184000.0
2022-05-19,27.56,27.56,27.44,27.48,6258400.0
2022-05-20,27.53,27.61,27.52,27.54,2677600.0
2022-05-23,27.35,27.37,27.27,27.29,3716700.0
2022-05-24,27.26,27.27,27.16,27.21,3642500.0
2022-05-25,27.33,27.37,27.26,27.31,1545200.0
2022-05-26,27.26,27.28,27.2,27.22,1289400.0
2022-05-27,27.18,27.24,27.12,27.16,2677900.0
2022-05-31,27.24,27.29,27.17,27.21,2716100.0
2022-06-01,27.24,27.46,27.23,27.42,3746400.0
2022-06-02,27.29,27.33,27.18,27.18,6241000.0
2022-06-03,27.25,27.33,27.21,27.3,5713900.0
2022-06-06,27.29,27.39,27.28,27.36,2805900.0
2022-06-07,27.46,27.46,27.32,27.33,1496600.0
2022-06-08,27.36,27.41,27.33,27.41,1002500.0
2022-06-09,27.43,27.62,27.4,27.61,4253600.0
2022-06-10,27.78,27.85,27.77,27.83,2510900.0
2022-06-13,28.0,28.13,27.97,28.1,6183800.0
2022-06-14,28.040001,28.21,28.030001,28.16,4136500.0
2022-06-15,28.1,28.21,27.92,27.94,5882000.0
2022-06-16,27.88,27.96,27.59,27.67,4908000.0
2022-06-17,27.91,28.049999,27.9,27.95,2106900.0
2022-06-21,27.84,27.9,27.79,27.85,2527800.0
2022-06-22,27.85,27.85,27.71,27.81,1780800.0
2022-06-23,27.85,27.91,27.77,27.84,2163500.0
2022-06-24,27.82,27.85,27.74,27.78,1427100.0
2022-06-27,27.74,27.76,27.66,27.73,1464900.0
2022-06-28,27.86,27.91,27.83,27.89,1676900.0
2022-06-29,27.96,28.059999,27.95,28.049999,2025400.0
2022-06-30,28.07,28.09,27.93,27.96,2113500.0
2022-07-01,28.14,28.21,28.040001,28.049999,2964500.0
2022-07-05,28.45,28.52,28.41,28.45,3325500.0
2022-07-06,28.56,28.65,28.53,28.58,4650600.0
2022-07-07,28.58,28.64,28.53,28.59,2323700.0
2022-07-08,28.6,28.67,28.53,28.57,1736300.0
2022-07-11,28.86,28.92,28.8,28.9,4233500.0
2022-07-12,28.89,28.91,28.8,28.89,1586700.0
2022-07-13,28.95,28.97,28.7,28.83,1624200.0
2022-07-14,29.14,29.2,28.95,29.030001,3071100.0
2022-07-15,28.93,28.96,28.82,28.86,2392000.0
2022-07-18,28.68,28.71,28.54,28.7,3623300.0
2022-07-19,28.48,28.53,28.43,28.52,3228200.0
2022-07-20,28.49,28.66,28.48,28.6,2222100.0
2022-07-21,28.64,28.67,28.52,28.52,2831800.0
2022-07-22,28.52,28.53,28.35,28.48,3151300.0
2022-07-25,28.39,28.49,28.38,28.44,2012600.0
2022-07-26,28.58,28.66,28.58,28.66,2452400.0
2022-07-27,28.6,28.7,28.39,28.42,4947700.0
2022-07-28,28.44,28.54,28.39,28.4,2361500.0
2022-07-29,28.46,28.5,28.29,28.29,5538600.0
2022-08-01,28.19,28.22,28.12,28.18,5826900.0
2022-08-02,28.25,28.41,28.21,28.36,15058800.0
2022-08-03,28.41,28.55,28.4,28.44,2811300.0
2022-08-04,28.43,28.45,28.24,28.26,2536100.0
2022-08-05,28.54,28.56,28.46,28.5,3199400.0
2022-08-08,28.43,28.47,28.36,28.46,2802800.0
2022-08-09,28.36,28.45,28.35,28.43,1437600.0
2022-08-10,28.12,28.16,27.98,28.12,6198200.0
2022-08-11,28.030001,28.14,27.98,28.14,2888900.0
2022-08-12,28.23,28.32,28.21,28.25,3069800.0
2022-08-15,28.34,28.5,28.34,28.5,4475400.0
2022-08-16,28.54,28.54,28.43,28.49,3038700.0
2022-08-17,28.54,28.58,28.46,28.53,2704800.0
2022-08-18,28.58,28.79,28.58,28.75,2970300.0
2022-08-19,28.91,28.96,28.89,28.93,3143700.0
2022-08-22,29.01,29.2,29.01,29.17,4688200.0
2022-08-23,29.16,29.17,28.93,29.049999,14555300.0
2022-08-24,29.17,29.21,29.0,29.07,4544400.0
2022-08-25,29.059999,29.1,28.98,29.02,2440300.0
2022-08-26,28.86,29.15,28.8,29.13,2743800.0
2022-08-29,29.12,29.18,29.059999,29.14,3902000.0
2022-08-30,29.07,29.22,29.049999,29.13,2619700.0
2022-08-31,29.2,29.22,29.030001,29.11,2497800.0
2022-09-01,29.29,29.47,29.27,29.37,4864200.0
2022-09-02,29.25,29.39,29.18,29.38,2678200.0
2022-09-06,29.53,29.63,29.47,29.55,15048800.0
2022-09-07,29.64,29.65,29.34,29.34,3382800.0
2022-09-08,29.47,29.51,29.37,29.4,2431100.0
2022-09-09,29.2,29.23,29.15,29.19,3388900.0
2022-09-12,29.030001,29.059999,28.95,29.040001,3580900.0
2022-09-13,29.31,29.46,29.25,29.44,7862100.0
2022-09-14,29.36,29.42,29.31,29.38,2120700.0
2022-09-15,29.41,29.43,29.35,29.4,2349500.0
2022-09-16,29.5,29.52,29.34,29.4,3646500.0
2022-09-19,29.5,29.51,29.36,29.38,1741700.0
2022-09-20,29.53,29.56,29.46,29.52,2065100.0
2022-09-21,29.66,29.92,29.64,29.81,4722000.0
2022-09-22,29.77,29.89,29.73,29.85,2584200.0
2022-09-23,30.049999,30.37,30.049999,30.32,4964300.0
2022-09-26,30.44,30.7,30.39,30.66,7721000.0
2022-09-27,30.59,30.76,30.52,30.67,7688600.0
2022-09-28,30.7,30.73,30.23,30.27,9864700.0
2022-09-29,30.31,30.36,30.12,30.15,6257300.0
2022-09-30,30.27,30.27,30.09,30.15,4762000.0
2022-10-03,30.17,30.22,29.96,30.01,3432000.0
2022-10-04,29.82,29.84,29.58,29.6,12310600.0
2022-10-05,29.92,30.030001,29.84,29.88,4949000.0
2022-10-06,30.059999,30.2,30.0,30.18,3243700.0
2022-10-07,30.24,30.34,30.16,30.3,4733000.0
2022-10-10,30.42,30.48,30.32,30.43,4099600.0
2022-10-11,30.41,30.49,30.21,30.45,4843100.0
2022-10-12,30.46,30.53,30.38,30.45,2466400.0
2022-10-13,30.56,30.58,30.14,30.25,7358300.0
2022-10-14,30.33,30.49,30.31,30.46,3993800.0
2022-10-17,30.25,30.27,30.09,30.15,4010000.0
2022-10-18,30.08,30.23,30.059999,30.13,5326500.0
2022-10-19,30.31,30.41,30.27,30.35,3372900.0
2022-10-20,30.31,30.4,30.16,30.37,3437500.0
2022-10-21,30.47,30.49,30.049999,30.11,6352400.0
2022-10-24,30.21,30.23,30.07,30.14,3132200.0
2022-10-25,29.95,29.95,29.79,29.81,5338900.0
2022-10-26,29.69,29.69,29.48,29.5,7681000.0
2022-10-27,29.68,29.75,29.53,29.73,4312800.0
2022-10-28,29.78,29.87,29.74,29.78,2480000.0
2022-10-31,29.98,30.049999,29.96,30.030001,2920800.0
2022-11-01,29.84,30.08,29.82,30.02,3313600.0
2022-11-02,29.92,30.15,29.7,30.15,5314900.0
2022-11-03,30.4,30.43,30.27,30.4,8854500.0
2022-11-04,30.030001,30.13,29.8,29.83,5481400.0
2022-11-07,29.71,29.77,29.62,29.66,3220200.0
2022-11-08,29.69,29.7,29.44,29.53,4722300.0
2022-11-09,29.68,29.8,29.54,29.75,2870800.0
2022-11-10,29.26,29.3,29.07,29.07,10429200.0
2022-11-11,28.81,28.9,28.61,28.65,8430900.0
2022-11-14,28.83,28.87,28.7,28.78,6588500.0
2022-11-15,28.55,28.85,28.52,28.68,5245200.0
2022-11-16,28.6,28.72,28.58,28.62,2510600.0
2022-11-17,28.83,28.88,28.73,28.73,3651700.0
2022-11-18,28.75,28.84,28.7,28.81,3321400.0
2022-11-21,29.030001,29.11,29.0,29.059999,3623300.0
2022-11-22,28.97,28.99,28.87,28.88,3115900.0
2022-11-23,28.8,28.81,28.57,28.58,4713200.0
2022-11-25,28.66,28.69,28.57,28.58,1306400.0
2022-11-28,28.56,28.8,28.53,28.79,2833000.0
2022-11-29,28.8,28.84,28.7,28.84,1322500.0
2022-11-30,28.72,28.92,28.54,28.61,4062300.0
2022-12-01,28.31,28.38,28.24,28.26,6989500.0
2022-12-02,28.36,28.44,28.2,28.23,3845600.0
2022-12-05,28.25,28.47,28.22,28.46,5149200.0
2022-12-06,28.4,28.53,28.34,28.48,4039400.0
2022-12-07,28.37,28.46,28.35,28.39,2869900.0
2022-12-08,28.36,28.4,28.29,28.3,2483300.0
2022-12-09,28.34,28.39,28.23,28.36,2643000.0
2022-12-12,28.34,28.45,28.29,28.38,4195200.0
2022-12-13,28.030001,28.15,28.02,28.13,9962200.0
2022-12-14,28.09,28.17,27.95,28.0,5789100.0
2022-12-15,28.059999,28.35,28.040001,28.26,9086600.0
2022-12-16,28.28,28.33,28.2,28.31,5050300.0
2022-12-19,28.030001,28.12,27.99,28.07,5859400.0
2022-12-20,27.92,27.94,27.81,27.88,3683600.0
2022-12-21,27.92,27.99,27.87,27.95,4431800.0
2022-12-22,28.0,28.059999,27.97,27.99,2743500.0
2022-12-23,28.01,28.049999,27.95,27.98,1852300.0
2022-12-27,28.0,28.01,27.92,27.97,3022400.0
2022-12-28,27.92,28.07,27.88,28.07,1992100.0
2022-12-29,27.95,27.98,27.87,27.9,2110500.0
2022-12-30,27.86,27.93,27.77,27.81,3437100.0
2023-01-03,28.07,28.16,27.99,28.11,4482600.0
2023-01-04,27.97,28.07,27.94,28.01,1979100.0
2023-01-05,28.2,28.3,28.19,28.27,3417800.0
2023-01-06,28.26,28.33,27.9,27.9,3794000.0
2023-01-09,27.78,27.79,27.66,27.73,9855100.0
2023-01-10,27.73,27.79,27.69,27.75,1670000.0
2023-01-11,27.74,27.81,27.72,27.75,1929800.0
2023-01-12,27.57,27.75,27.44,27.48,4370500.0
2023-01-13,27.55,27.56,27.46,27.47,2049500.0
2023-01-17,27.44,27.58,27.41,27.55,2566900.0
2023-01-18,27.33,27.57,27.31,27.55,3212900.0
2023-01-19,27.5,27.57,27.44,27.48,2509100.0
2023-01-20,27.56,27.6,27.44,27.44,2634900.0
2023-01-23,27.51,27.53,27.44,27.48,3615600.0
2023-01-24,27.49,27.58,27.43,27.45,1754000.0
2023-01-25,27.44,27.47,27.35,27.36,2230900.0
2023-01-26,27.4,27.52,27.39,27.43,2657100.0
2023-01-27,27.52,27.54,27.44,27.47,2554400.0
2023-01-30,27.48,27.57,27.45,27.57,3006500.0
2023-01-31,27.55,27.61,27.5,27.51,2126300.0
2023-02-01,27.43,27.51,27.22,27.25,7138000.0
2023-02-02,27.32,27.48,27.31,27.43,4302100.0
2023-02-03,27.65,27.79,27.6,27.79,7868200.0
2023-02-06,27.9,28.01,27.87,27.95,6884400.0
2023-02-07,28.01,28.059999,27.79,27.9,4282800.0
2023-02-08,27.88,27.94,27.86,27.93,1416500.0
2023-02-09,27.71,27.89,27.71,27.89,3609000.0
2023-02-10,27.9,28.01,27.88,27.98,3201800.0
2023-02-13,27.99,28.0,27.88,27.9,2010600.0
2023-02-14,27.92,27.97,27.78,27.88,3456700.0
2023-02-15,28.09,28.14,28.059999,28.07,4805900.0
2023-02-16,28.14,28.18,28.059999,28.11,4101800.0
2023-02-17,28.19,28.23,28.07,28.09,4187800.0
2023-02-21,28.13,28.2,28.059999,28.18,2532000.0
2023-02-22,28.18,28.29,28.14,28.27,1745200.0
2023-02-23,28.27,28.35,28.25,28.28,4056600.0
2023-02-24,28.49,28.5,28.44,28.49,4869300.0
2023-02-27,28.38,28.4,28.29,28.34,3470300.0
2023-02-28,28.31,28.42,28.26,28.42,4060400.0
2023-03-01,28.26,28.34,28.22,28.27,3932300.0
2023-03-02,28.46,28.49,28.4,28.42,3976200.0
2023-03-03,28.37,28.45,28.3,28.31,2795100.0
2023-03-06,28.28,28.31,28.21,28.27,4169000.0
2023-03-07,28.35,28.63,28.34,28.62,4149300.0
2023-03-08,28.61,28.67,28.55,28.61,3127600.0
2023-03-09,28.55,28.56,28.5,28.53,2749300.0
2023-03-10,28.35,28.37,28.2,28.35,5632800.0
2023-03-13,28.16,28.19,28.059999,28.09,5300200.0
2023-03-14,28.11,28.2,28.08,28.09,3386400.0
2023-03-15,28.47,28.51,28.38,28.39,5141900.0
2023-03-16,28.39,28.41,28.31,28.36,2670100.0
2023-03-17,28.29,28.33,28.15,28.2,2192400.0
2023-03-20,28.059999,28.09,28.040001,28.040001,2226300.0
2023-03-21,27.99,28.07,27.97,28.030001,2354900.0
2023-03-22,27.99,28.040001,27.71,27.82,5645600.0
2023-03-23,27.78,27.89,27.73,27.86,3328800.0
2023-03-24,28.0,28.059999,28.0,28.030001,2368700.0
2023-03-27,27.99,28.0,27.94,27.94,1910500.0
2023-03-28,27.88,27.92,27.83,27.84,2077200.0
2023-03-29,27.91,27.95,27.87,27.91,1684100.0
2023-03-30,27.78,27.81,27.76,27.78,1006600.0
2023-03-31,27.84,27.9,27.79,27.88,2569800.0
2023-04-03,27.83,27.86,27.74,27.75,1753500.0
2023-04-04,27.75,27.76,27.6,27.64,2610700.0
2023-04-05,27.65,27.76,27.59,27.72,2528900.0
2023-04-06,27.79,27.8,27.69,27.74,2156600.0
2023-04-10,27.93,27.98,27.9,27.9,1882500.0
2023-04-11,27.79,27.85,27.77,27.8,785100.0
2023-04-12,27.65,27.7,27.62,27.65,2645600.0
2023-04-13,27.5,27.53,27.46,27.52,2468300.0
2023-04-14,27.57,27.72,27.56,27.68,2777400.0
2023-04-17,27.78,27.86,27.76,27.82,2011700.0
2023-04-18,27.77,27.79,27.72,27.72,1713400.0
2023-04-19,27.76,27.8,27.73,27.78,2011200.0
2023-04-20,27.76,27.78,27.71,27.78,1992300.0
2023-04-21,27.74,27.86,27.73,27.75,1885500.0
2023-04-24,27.71,27.73,27.64,27.66,1424500.0
2023-04-25,27.72,27.82,27.72,27.79,2056500.0
2023-04-26,27.57,27.71,27.56,27.7,2395100.0
2023-04-27,27.77,27.79,27.69,27.71,1971100.0
2023-04-28,27.8,27.84,27.7,27.75,3285800.0
2023-05-01,27.77,27.91,27.77,27.89,3558800.0
2023-05-02,27.93,27.97,27.81,27.82,7964800.0
2023-05-03,27.72,27.74,27.6,27.67,3155000.0
2023-05-04,27.7,27.75,27.65,27.7,3589400.0
2023-05-05,27.75,27.77,27.64,27.66,2238100.0
2023-05-08,27.63,27.71,27.62,27.7,1426500.0
2023-05-09,27.81,27.83,27.76,27.79,1240200.0
2023-05-10,27.71,27.78,27.69,27.74,1378900.0
2023-05-11,27.88,27.94,27.86,27.92,3647200.0
2023-05-12,27.97,28.1,27.96,28.1,2960500.0
2023-05-15,28.049999,28.07,28.02,28.02,1000300.0
2023-05-16,28.049999,28.11,28.0,28.09,2215200.0
2023-05-17,28.15,28.22,28.13,28.14,1376300.0
2023-05-18,28.29,28.37,28.29,28.35,2358100.0
2023-05-19,28.3,28.34,28.21,28.27,1897300.0
2023-05-22,28.29,28.32,28.25,28.29,1093400.0
2023-05-23,28.36,28.4,28.31,28.37,925500.0
2023-05-24,28.38,28.49,28.38,28.47,2664200.0
2023-05-25,28.54,28.61,28.54,28.6,2450100.0
2023-05-26,28.56,28.64,28.54,28.59,1989400.0
2023-05-30,28.52,28.59,28.52,28.56,2059000.0
2023-05-31,28.64,28.72,28.59,28.61,1903400.0
2023-06-01,28.56,28.56,27.4,28.27,5617500.0
2023-06-02,28.41,28.58,28.4,28.57,7704200.0
2023-06-05,28.64,28.65,28.52,28.52,2170600.0
2023-06-06,28.65,28.67,28.59,28.61,704000.0
2023-06-07,28.55,28.63,28.48,28.62,890200.0
2023-06-08,28.49,28.49,28.39,28.39,1922100.0
2023-06-09,28.45,28.49,28.42,28.48,1252100.0
2023-06-12,28.47,28.54,28.46,28.49,1207500.0
2023-06-13,28.4,28.45,28.36,28.4,2690300.0
2023-06-14,28.29,28.41,28.24,28.26,6221200.0
2023-06-15,28.27,28.27,28.09,28.1,1918400.0
2023-06-16,28.11,28.19,28.09,28.15,1682400.0
2023-06-20,28.24,28.3,28.23,28.23,1405700.0
2023-06-21,28.26,28.28,28.09,28.1,1237700.0
2023-06-22,28.16,28.22,28.12,28.2,1311100.0
2023-06-23,28.31,28.39,28.3,28.35,1626800.0
2023-06-26,28.32,28.34,28.29,28.32,1055900.0
2023-06-27,28.22,28.29,28.2,28.25,1113700.0
2023-06-28,28.37,28.44,28.34,28.38,1333200.0
2023-06-29,28.5,28.53,28.44,28.5,722600.0
2023-06-30,28.43,28.45,28.35,28.38,1405500.0
2023-07-03,28.42,28.43,28.35,28.41,847300.0
2023-07-05,28.42,28.54,28.42,28.54,828400.0
2023-07-06,28.47,28.6,28.46,28.47,882700.0
2023-07-07,28.39,28.4,28.22,28.23,1959500.0
2023-07-10,28.27,28.29,28.15,28.16,1270700.0
2023-07-11,28.13,28.17,28.07,28.09,2025000.0
2023-07-12,27.89,27.89,27.76,27.76,1287900.0
2023-07-13,27.66,27.67,27.55,27.57,1183700.0
2023-07-14,27.59,27.64,27.56,27.62,837900.0
2023-07-17,27.65,27.69,27.59,27.59,1196900.0
2023-07-18,27.61,27.67,27.58,27.61,672000.0
2023-07-19,27.71,27.79,27.68,27.72,1566900.0
2023-07-20,27.79,27.92,27.78,27.88,2486600.0
2023-07-21,27.94,28.0,27.94,27.96,2215600.0
2023-07-24,28.030001,28.07,27.98,28.059999,1487700.0
2023-07-25,28.14,28.14,28.030001,28.030001,1526200.0
2023-07-26,28.02,28.049999,27.92,27.95,1435500.0
2023-07-27,28.1,28.22,28.1,28.21,3183500.0
2023-07-28,28.18,28.2,28.09,28.17,1139000.0
2023-07-31,28.2,28.24,28.14,28.22,889000.0
2023-08-01,28.34,28.39,28.3,28.35,1082000.0
2023-08-02,28.4,28.5,28.4,28.45,726900.0
2023-08-03,28.49,28.51,28.39,28.43,519600.0
2023-08-04,28.26,28.31,28.22,28.29,851800.0
2023-08-07,28.31,28.36,28.29,28.31,348300.0
2023-08-08,28.48,28.53,28.44,28.44,649200.0
2023-08-09,28.43,28.46,28.39,28.46,889100.0
2023-08-10,28.4,28.51,28.33,28.51,1192400.0
2023-08-11,28.54,28.59,28.49,28.57,1444300.0
2023-08-14,28.71,28.75,28.59,28.67,846800.0
2023-08-15,28.61,28.7,28.58,28.68,952900.0
2023-08-16,28.68,28.78,28.65,28.76,1066900.0
2023-08-17,28.67,28.81,28.66,28.75,686700.0
2023-08-18,28.79,28.81,28.73,28.77,677100.0
2023-08-21,28.75,28.79,28.72,28.74,2276700.0
2023-08-22,28.8,28.86,28.79,28.84,649000.0
2023-08-23,28.87,28.88,28.74,28.74,2112800.0
2023-08-24,28.89,28.97,28.84,28.97,1421000.0
2023-08-25,28.97,29.09,28.89,29.01,2377400.0
2023-08-28,28.99,29.01,28.96,28.96,710700.0
2023-08-29,29.07,29.07,28.79,28.8,2199100.0
2023-08-30,28.71,28.76,28.66,28.75,2983600.0
2023-08-31,28.86,28.92,28.86,28.89,2707600.0
2023-09-01,28.82,29.08,28.81,29.07,1260200.0
2023-09-05,29.16,29.25,29.16,29.22,1215500.0
2023-09-06,29.21,29.29,29.18,29.23,647600.0
2023-09-07,29.29,29.34,29.28,29.3,1034600.0
2023-09-08,29.29,29.33,29.21,29.33,1033200.0
2023-09-11,29.2,29.22,29.15,29.19,630500.0
2023-09-12,29.27,29.28,29.21,29.24,1827200.0
2023-09-13,29.23,29.26,29.19,29.26,549400.0
2023-09-14,29.37,29.45,29.33,29.44,1268500.0
2023-09-15,29.42,29.44,29.37,29.42,1295700.0
2023-09-18,29.4,29.44,29.34,29.37,479400.0
2023-09-19,29.35,29.4,29.33,29.39,366500.0
2023-09-20,29.35,29.46,29.26,29.44,827900.0
2023-09-21,29.5,29.53,29.44,29.46,980500.0
2023-09-22,29.53,29.56,29.46,29.53,1063900.0
2023-09-25,29.62,29.69,29.61,29.64,1412600.0
2023-09-26,29.66,29.74,29.65,29.73,1642700.0
2023-09-27,29.8,29.91,29.79,29.87,1609900.0
2023-09-28,29.76,29.79,29.69,29.71,1106400.0
2023-09-29,29.65,29.75,29.65,29.73,1589600.0
2023-10-02,29.85,29.97,29.85,29.96,3727200.0
2023-10-03,30.0,30.07,29.92,29.99,2486400.0
2023-10-04,29.89,29.98,29.88,29.9,1114900.0
2023-10-05,29.86,29.9,29.8,29.8,1368300.0
2023-10-06,29.91,29.95,29.7,29.74,1488100.0
2023-10-09,29.82,29.83,29.73,29.73,1777700.0
2023-10-10,29.71,29.73,29.64,29.66,2275900.0
2023-10-11,29.64,29.74,29.61,29.66,1343600.0
2023-10-12,29.76,29.92,29.76,29.91,1691000.0
2023-10-13,29.91,29.98,29.9,29.93,942200.0
2023-10-16,29.87,29.92,29.8,29.8,761500.0
2023-10-17,29.88,29.89,29.77,29.81,603400.0
2023-10-18,29.88,29.95,29.86,29.92,799000.0
2023-10-19,29.89,29.91,29.77,29.83,1728900.0
2023-10-20,29.84,29.88,29.82,29.84,769500.0
2023-10-23,29.84,29.87,29.66,29.69,1462800.0
2023-10-24,29.8,29.89,29.79,29.86,1564900.0
2023-10-25,29.94,29.96,29.88,29.94,1347000.0
2023-10-26,29.99,30.07,29.97,30.01,1026300.0
2023-10-27,29.95,30.0,29.92,29.97,1032400.0
2023-10-30,29.92,29.93,29.84,29.85,719400.0
2023-10-31,29.95,30.07,29.93,30.030001,970400.0
2023-11-01,30.13,30.17,30.02,30.040001,3264600.0
2023-11-02,29.84,29.94,29.81,29.89,1849900.0
2023-11-03,29.65,29.7,29.55,29.61,3525400.0
2023-11-06,29.59,29.65,29.56,29.64,1529900.0
2023-11-07,29.77,29.8,29.7,29.74,1004600.0
2023-11-08,29.79,29.8,29.71,29.73,585300.0
2023-11-09,29.74,29.87,29.7,29.86,1062400.0
2023-11-10,29.84,29.89,29.82,29.84,836200.0
2023-11-13,29.85,29.88,29.78,29.8,3831800.0
2023-11-14,29.51,29.52,29.32,29.33,2938300.0
2023-11-15,29.42,29.48,29.38,29.44,1378300.0
2023-11-16,29.42,29.47,29.35,29.46,790900.0
2023-11-17,29.39,29.42,29.3,29.3,1455100.0
2023-11-20,29.25,29.26,29.17,29.21,1715000.0
2023-11-21,29.14,29.28,29.14,29.24,1349700.0
2023-11-22,29.38,29.44,29.34,29.34,4330300.0
2023-11-24,29.26,29.27,29.2,29.21,983600.0
2023-11-27,29.2,29.23,29.15,29.15,1450400.0
2023-11-28,29.1,29.13,29.0,29.049999,1524100.0
2023-11-29,29.07,29.12,29.02,29.08,1900400.0
2023-11-30,29.23,29.3,29.19,29.29,4121100.0
2023-12-01,29.31,29.34,29.16,29.2,2520400.0
2023-12-04,29.35,29.39,29.29,29.33,2271800.0
2023-12-05,29.37,29.46,29.32,29.44,1836800.0
2023-12-06,29.4,29.51,29.4,29.51,1537500.0
2023-12-07,29.41,29.43,29.25,29.35,2570400.0
2023-12-08,29.51,29.51,29.39,29.46,1456200.0
2023-12-11,29.52,29.54,29.47,29.5,956200.0
2023-12-12,29.46,29.5,29.41,29.42,1034200.0
2023-12-13,29.4,29.47,29.12,29.17,1509200.0
2023-12-14,28.99,29.01,28.86,28.9,3746200.0
2023-12-15,29.030001,29.11,29.02,29.09,4411500.0
2023-12-18,27.32,27.37,27.31,27.34,1916800.0
2023-12-19,27.27,27.28,27.21,27.22,2544400.0
2023-12-20,27.25,27.35,27.24,27.34,2362500.0
2023-12-21,27.18,27.25,27.16,27.16,1696100.0
2023-12-22,27.11,27.17,27.07,27.15,1511500.0
2023-12-26,27.12,27.13,27.08,27.09,1106200.0
2023-12-27,27.040001,27.040001,26.93,26.95,783700.0
2023-12-28,26.98,27.07,26.92,27.040001,2087100.0
2023-12-29,27.08,27.1,27.02,27.09,983400.0
2024-01-02,27.29,27.33,27.26,27.32,2109400.0
2024-01-03,27.42,27.47,27.36,27.41,1222900.0
2024-01-04,27.42,27.43,27.35,27.41,2839300.0
2024-01-05,27.43,27.44,27.26,27.41,1082100.0
2024-01-08,27.38,27.39,27.31,27.36,1193100.0
2024-01-09,27.39,27.48,27.38,27.45,407200.0
2024-01-10,27.44,27.46,27.39,27.4,1514800.0
2024-01-11,27.45,27.52,27.38,27.42,1172800.0
2024-01-12,27.4,27.46,27.35,27.45,849000.0
2024-01-16,27.63,27.71,27.62,27.69,1061500.0
2024-01-17,27.75,27.79,27.71,27.71,930100.0
2024-01-18,27.75,27.78,27.73,27.74,2123700.0
2024-01-19,27.74,27.76,27.69,27.7,1116600.0
2024-01-22,27.69,27.73,27.66,27.71,2171700.0
2024-01-23,27.75,27.85,27.75,27.78,996900.0
2024-01-24,27.57,27.71,27.56,27.7,851100.0
2024-01-25,27.72,27.83,27.72,27.78,1250900.0
2024-01-26,27.74,27.78,27.71,27.78,1154700.0
2024-01-29,27.85,27.88,27.77,27.78,1286200.0
2024-01-30,27.76,27.83,27.73,27.76,460600.0
2024-01-31,27.71,27.86,27.65,27.83,3424500.0
2024-02-01,27.81,27.84,27.66,27.69,3755500.0
2024-02-02,27.88,27.97,27.86,27.94,3216000.0
2024-02-05,28.059999,28.13,28.059999,28.09,3422600.0
2024-02-06,28.1,28.11,28.0,28.01,621700.0
2024-02-07,28.0,28.01,27.96,27.98,849000.0
2024-02-08,28.059999,28.08,28.0,28.01,1686900.0
2024-02-09,28.02,28.030001,27.98,27.99,1118200.0
2024-02-12,28.030001,28.07,28.0,28.02,1127700.0
2024-02-13,28.18,28.26,28.18,28.24,3596900.0
2024-02-14,28.24,28.24,28.17,28.19,3242200.0
2024-02-15,28.11,28.14,28.059999,28.08,948900.0
2024-02-16,28.18,28.18,28.07,28.09,643500.0
2024-02-20,28.0,28.059999,27.97,28.049999,1142700.0
2024-02-21,28.040001,28.08,28.02,28.02,878600.0
2024-02-22,28.059999,28.08,28.02,28.02,895300.0
2024-02-23,28.01,28.049999,28.0,28.040001,538700.0
2024-02-26,27.99,28.02,27.98,27.99,636800.0
2024-02-27,28.01,28.030001,27.97,28.01,1424900.0
2024-02-28,28.049999,28.08,28.02,28.030001,502900.0
2024-02-29,28.0,28.12,27.97,28.09,1038700.0
2024-03-01,28.11,28.16,28.030001,28.040001,779700.0
2024-03-04,28.040001,28.049999,28.0,28.040001,853200.0
2024-03-05,28.030001,28.049999,27.96,28.01,1249300.0
2024-03-06,27.95,27.96,27.87,27.91,841600.0
2024-03-07,27.86,27.88,27.77,27.77,1081500.0
2024-03-08,27.71,27.78,27.7,27.78,939800.0
2024-03-11,27.79,27.83,27.78,27.81,541900.0
2024-03-12,27.85,27.9,27.82,27.83,832000.0
2024-03-13,27.81,27.83,27.76,27.8,304700.0
2024-03-14,27.86,27.97,27.86,27.95,1062900.0
2024-03-15,27.99,28.0,27.96,27.98,396600.0
2024-03-18,27.99,28.049999,27.99,28.040001,659700.0
2024-03-19,28.12,28.14,28.09,28.11,909000.0
2024-03-20,28.19,28.2,27.98,27.98,837900.0
2024-03-21,28.08,28.18,28.07,28.17,719600.0
2024-03-22,28.26,28.32,28.24,28.32,736500.0
2024-03-25,28.25,28.26,28.22,28.25,255200.0
2024-03-26,28.22,28.28,28.21,28.27,245800.0
2024-03-27,28.3,28.32,28.28,28.29,209600.0
2024-03-28,28.32,28.37,28.3,28.37,392000.0
2024-04-01,28.38,28.51,28.37,28.48,664400.0
2024-04-02,28.46,28.46,28.4,28.44,582100.0
2024-04-03,28.41,28.42,28.29,28.31,3024900.0
2024-04-04,28.23,28.31,28.22,28.31,1404900.0
2024-04-05,28.41,28.43,28.31,28.34,469200.0
2024-04-08,28.33,28.33,28.28,28.3,379200.0
2024-04-09,28.23,28.31,28.22,28.29,600400.0
2024-04-10,28.49,28.62,28.49,28.59,1016800.0
2024-04-11,28.56,28.69,28.56,28.61,1112400.0
2024-04-12,28.82,28.86,28.8,28.84,620700.0
2024-04-15,28.85,28.9,28.84,28.89,614100.0
2024-04-16,28.89,28.97,28.86,28.93,1490800.0
2024-04-17,28.88,28.92,28.8,28.84,1293500.0
2024-04-18,28.84,28.9,28.83,28.9,826400.0
2024-04-19,28.84,28.92,28.82,28.9,831000.0
2024-04-22,28.97,28.97,28.88,28.91,302600.0
2024-04-23,28.88,28.89,28.76,28.79,780900.0
2024-04-24,28.81,28.86,28.8,28.82,299700.0
2024-04-25,28.87,28.88,28.75,28.76,639700.0
2024-04-26,28.85,28.95,28.84,28.89,1018400.0
2024-04-29,28.85,28.88,28.75,28.8,783200.0
2024-04-30,28.89,28.98,28.86,28.98,819900.0
2024-05-01,28.97,28.99,28.82,28.95,3025300.0
2024-05-02,28.85,28.89,28.72,28.73,1344600.0
2024-05-03,28.6,28.7,28.55,28.65,856400.0
2024-05-06,28.63,28.69,28.63,28.68,1365000.0
2024-05-07,28.68,28.78,28.67,28.76,450300.0
2024-05-08,28.8,28.82,28.78,28.8,361700.0
2024-05-09,28.78,28.79,28.7,28.7,388400.0
2024-05-10,28.73,28.78,28.7,28.74,406200.0
2024-05-13,28.69,28.75,28.69,28.73,371700.0
2024-05-14,28.69,28.71,28.67,28.67,525200.0
2024-05-15,28.56,28.64,28.49,28.49,705600.0
2024-05-16,28.56,28.59,28.52,28.56,1726900.0
2024-05-17,28.61,28.62,28.53,28.56,698000.0
2024-05-20,28.58,28.6,28.57,28.6,296000.0
2024-05-21,28.61,28.63,28.58,28.6,281200.0
2024-05-22,28.65,28.71,28.63,28.69,309400.0
2024-05-23,28.63,28.75,28.62,28.75,326300.0
2024-05-24,28.67,28.69,28.63,28.66,253100.0
2024-05-28,28.56,28.64,28.56,28.62,402200.0
2024-05-29,28.7,28.78,28.68,28.78,383000.0
2024-05-30,28.69,28.7,28.65,28.69,322100.0
2024-05-31,28.62,28.69,28.59,28.67,797000.0
2024-06-03,28.64,28.66,28.52,28.52,786900.0
2024-06-04,28.58,28.59,28.51,28.53,540300.0
2024-06-05,28.55,28.63,28.54,28.57,1348600.0
2024-06-06,28.58,28.6,28.53,28.53,222500.0
2024-06-07,28.72,28.78,28.72,28.77,369400.0
2024-06-10,28.89,28.9,28.83,28.84,752800.0
2024-06-11,28.92,28.93,28.86,28.88,396600.0
2024-06-12,28.63,28.75,28.61,28.75,835200.0
2024-06-13,28.6,28.9,28.57,28.86,2156700.0
2024-06-14,29.030001,29.059999,28.97,28.99,434500.0
2024-06-17,28.98,29.01,28.92,28.92,204900.0
2024-06-18,28.95,28.95,28.88,28.91,179600.0
2024-06-20,28.97,29.030001,28.96,29.030001,346900.0
2024-06-21,29.08,29.12,29.07,29.1,935100.0
2024-06-24,29.0,29.040001,28.98,29.0,1158700.0
2024-06-25,29.059999,29.09,29.02,29.030001,872400.0
2024-06-26,29.17,29.2,29.13,29.17,334700.0
2024-06-27,29.09,29.14,29.08,29.13,314400.0
2024-06-28,29.15,29.18,29.1,29.13,941200.0
2024-07-01,29.08,29.18,29.040001,29.14,770900.0
2024-07-02,29.14,29.16,29.09,29.1,544000.0
2024-07-03,29.030001,29.030001,28.92,28.98,1535700.0
2024-07-05,28.92,28.97,28.88,28.88,969300.0
2024-07-08,28.88,28.94,28.87,28.93,333900.0
2024-07-09,28.95,28.99,28.93,28.97,633200.0
2024-07-10,28.96,28.96,28.94,28.94,929600.0
2024-07-11,28.75,28.81,28.72,28.79,1004700.0
2024-07-12,28.72,28.75,28.68,28.69,1111400.0
2024-07-15,28.69,28.76,28.68,28.74,1727000.0
2024-07-16,28.8,28.82,28.74,28.74,382600.0
2024-07-17,28.62,28.65,28.59,28.61,1065900.0
2024-07-18,28.67,28.76,28.66,28.74,1840600.0
2024-07-19,28.78,28.82,28.78,28.82,378000.0
2024-07-22,28.81,28.83,28.8,28.8,1065600.0
2024-07-23,28.85,28.87,28.83,28.85,359000.0
2024-07-24,28.78,28.84,28.76,28.84,313800.0
2024-07-25,28.84,28.86,28.79,28.84,272000.0
2024-07-26,28.81,28.84,28.8,28.82,230400.0
2024-07-29,28.92,28.96,28.89,28.9,1107000.0
2024-07-30,28.95,28.97,28.9,28.92,273800.0
2024-07-31,28.75,28.87,28.74,28.76,533400.0
2024-08-01,28.83,28.89,28.79,28.86,1206500.0
2024-08-02,28.63,28.63,28.54,28.57,1180300.0
2024-08-05,28.32,28.48,28.31,28.41,2084300.0
2024-08-06,28.53,28.53,28.48,28.5,787300.0
2024-08-07,28.58,28.59,28.54,28.56,921900.0
2024-08-08,28.63,28.67,28.59,28.6,304900.0
2024-08-09,28.58,28.59,28.55,28.57,350500.0
2024-08-12,28.61,28.63,28.57,28.57,181600.0
2024-08-13,28.53,28.53,28.42,28.42,229400.0
2024-08-14,28.43,28.45,28.35,28.45,615900.0
2024-08-15,28.6,28.6,28.52,28.55,378400.0
2024-08-16,28.48,28.53,28.41,28.41,320200.0
2024-08-19,28.37,28.37,28.26,28.26,4595700.0
2024-08-20,28.21,28.23,28.14,28.16,487200.0
2024-08-21,28.16,28.23,28.01,28.07,568500.0
2024-08-22,28.12,28.23,28.12,28.2,3506400.0
2024-08-23,28.2,28.21,27.94,27.96,968500.0
2024-08-26,28.01,28.040001,27.98,28.02,318200.0
2024-08-27,28.01,28.02,27.93,27.93,1806500.0
2024-08-28,28.09,28.12,28.040001,28.09,588200.0
2024-08-29,28.18,28.24,28.16,28.19,1799000.0
2024-08-30,28.25,28.3,28.21,28.27,2138600.0
2024-09-03,28.26,28.35,28.23,28.32,2698700.0
2024-09-04,28.27,28.28,28.17,28.18,738600.0
2024-09-05,28.14,28.21,28.1,28.14,426500.0
2024-09-06,28.17,28.23,28.059999,28.18,759100.0
2024-09-09,28.26,28.3,28.25,28.3,361600.0
2024-09-10,28.32,28.35,28.3,28.31,371600.0
2024-09-11,28.34,28.35,28.31,28.34,332800.0
2024-09-12,28.3,28.32,28.21,28.22,330200.0
2024-09-13,28.14,28.2,28.13,28.18,957300.0
2024-09-16,28.07,28.13,28.059999,28.09,1623800.0
2024-09-17,28.12,28.18,28.12,28.18,456000.0
2024-09-18,28.09,28.23,27.97,28.21,638800.0
2024-09-19,28.18,28.22,28.07,28.09,331100.0
2024-09-20,28.15,28.21,28.1,28.14,370000.0
2024-09-23,28.17,28.21,28.14,28.18,310900.0
2024-09-24,28.12,28.16,28.02,28.02,213000.0
2024-09-25,28.02,28.22,28.01,28.21,263300.0
2024-09-26,28.15,28.2,28.07,28.08,389400.0
2024-09-27,28.02,28.11,28.0,28.07,845300.0
2024-09-30,28.07,28.21,28.07,28.18,1322300.0
2024-10-01,28.27,28.35,28.24,28.3,1300200.0
2024-10-02,28.37,28.44,28.37,28.42,815000.0
2024-10-03,28.5,28.57,28.48,28.51,1203700.0
2024-10-04,28.7,28.73,28.66,28.67,456200.0
2024-10-07,28.68,28.7,28.65,28.69,283200.0
2024-10-08,28.66,28.73,28.66,28.69,5172200.0
2024-10-09,28.77,28.82,28.76,28.82,222300.0
2024-10-10,28.8,28.9,28.8,28.81,349900.0
2024-10-11,28.82,28.84,28.8,28.83,270200.0
2024-10-14,28.92,28.96,28.88,28.92,1291800.0
2024-10-15,28.87,28.96,28.87,28.94,373800.0
2024-10-16,28.95,29.040001,28.94,29.02,191500.0
2024-10-17,29.1,29.11,29.07,29.11,720000.0
2024-10-18,29.030001,29.049999,29.01,29.030001,352900.0
2024-10-21,29.059999,29.18,29.059999,29.16,304500.0
2024-10-22,29.17,29.2,29.15,29.19,197200.0
2024-10-23,29.28,29.34,29.28,29.29,1481600.0
2024-10-24,29.23,29.26,29.18,29.18,294400.0
2024-10-25,29.2,29.29,29.2,29.28,211400.0
2024-10-28,29.25,29.3,29.25,29.28,208700.0
2024-10-29,29.37,29.38,29.27,29.29,423900.0
2024-10-30,29.3,29.31,29.2,29.22,395000.0
2024-10-31,29.18,29.28,29.17,29.2,754400.0
2024-11-01,29.21,29.33,29.2,29.32,591000.0
2024-11-04,29.16,29.21,29.13,29.21,504800.0
2024-11-05,29.13,29.17,29.059999,29.09,1181500.0
2024-11-06,29.61,29.62,29.49,29.56,1287600.0
2024-11-07,29.37,29.42,29.29,29.32,1276600.0
2024-11-08,29.44,29.6,29.43,29.52,439600.0
2024-11-11,29.69,29.74,29.68,29.69,1832800.0
2024-11-12,29.8,29.89,29.79,29.82,1604300.0
2024-11-13,29.83,29.99,29.83,29.99,778700.0
2024-11-14,30.0,30.13,29.95,30.11,678000.0
2024-11-15,30.059999,30.11,30.0,30.08,738200.0
2024-11-18,30.01,30.02,29.89,29.93,1559100.0
2024-11-19,29.91,29.97,29.9,29.92,707200.0
2024-11-20,30.049999,30.12,30.049999,30.07,717900.0
2024-11-21,30.059999,30.2,29.99,30.17,706200.0
2024-11-22,30.31,30.41,30.28,30.33,337600.0
2024-11-25,30.059999,30.2,30.049999,30.12,1069600.0
2024-11-26,30.13,30.22,30.11,30.16,904800.0
2024-11-27,29.94,30.0,29.85,29.9,780700.0
2024-11-29,29.91,29.94,29.85,29.85,475200.0
2024-12-02,30.030001,30.12,29.98,30.030001,850200.0
2024-12-03,29.95,30.030001,29.94,30.02,375700.0
2024-12-04,30.07,30.1,29.94,30.01,475100.0
2024-12-05,29.89,29.94,29.84,29.85,1046900.0
2024-12-06,29.86,29.99,29.85,29.93,557500.0
2024-12-09,29.9,30.0,29.88,29.98,1351700.0
2024-12-10,30.040001,30.12,30.030001,30.049999,480300.0
2024-12-11,30.09,30.17,30.08,30.15,1269400.0
2024-12-12,30.17,30.25,30.1,30.25,815600.0
2024-12-13,30.22,30.27,30.21,30.26,1272800.0
2024-12-16,30.25,30.3,30.19,30.21,1629900.0
2024-12-17,30.23,30.26,30.19,30.24,392100.0
2024-12-18,30.28,30.63,30.24,30.59,988500.0
2024-12-19,30.57,30.69,30.55,30.65,713700.0
2024-12-20,30.59,30.6,30.44,30.5,992000.0
2024-12-23,29.29,29.35,29.25,29.29,818700.0
2024-12-24,29.3,29.37,29.28,29.37,388600.0
2024-12-26,29.34,29.35,29.28,29.31,554600.0
2024-12-27,29.26,29.31,29.25,29.26,462200.0
2024-12-30,29.33,29.39,29.29,29.29,775000.0
2024-12-31,29.35,29.46,29.34,29.42,752400.0
2025-01-02,29.51,29.71,29.49,29.67,1397600.0
2025-01-03,29.63,29.68,29.56,29.58,7968000.0
2025-01-06,29.39,29.43,29.35,29.39,3883300.0
2025-01-07,29.37,29.5,29.36,29.5,1505600.0
2025-01-08,29.65,29.66,29.58,29.61,2158500.0
2025-01-10,29.74,29.82,29.68,29.76,1409900.0
2025-01-13,29.85,29.9,29.82,29.85,1352600.0
2025-01-14,29.76,29.78,29.66,29.66,1161100.0
2025-01-15,29.53,29.7,29.5,29.61,1056200.0
2025-01-16,29.67,29.71,29.57,29.61,658100.0
2025-01-17,29.69,29.73,29.58,29.72,1072300.0
2025-01-21,29.44,29.48,29.32,29.34,1743100.0
2025-01-22,29.37,29.42,29.36,29.39,1497400.0
2025-01-23,29.41,29.49,29.32,29.38,876500.0
2025-01-24,29.24,29.26,29.14,29.2,10044500.0
2025-01-27,29.12,29.22,29.12,29.21,978000.0
2025-01-28,29.32,29.37,29.31,29.33,390100.0
2025-01-29,29.41,29.43,29.34,29.39,1136700.0
2025-01-30,29.3,29.44,29.28,29.39,897100.0
2025-01-31,29.47,29.52,29.32,29.51,811000.0
2025-02-03,29.73,29.78,29.54,29.64,2511700.0
2025-02-04,29.49,29.51,29.37,29.37,1148400.0
2025-02-05,29.26,29.32,29.21,29.32,1628200.0
2025-02-06,29.38,29.41,29.29,29.3,1254400.0
2025-02-07,29.32,29.49,29.31,29.43,1054500.0
2025-02-10,29.51,29.53,29.47,29.52,754200.0
2025-02-11,29.46,29.48,29.36,29.42,973400.0
2025-02-12,29.49,29.54,29.33,29.44,865600.0
2025-02-13,29.38,29.4,29.17,29.2,1642600.0
2025-02-14,29.08,29.12,29.059999,29.12,658600.0
2025-02-18,29.17,29.21,29.14,29.18,1484900.0
2025-02-19,29.22,29.29,29.19,29.21,518600.0
2025-02-20,29.13,29.14,28.98,28.98,1311300.0
2025-02-21,29.09,29.11,29.040001,29.08,680500.0
2025-02-24,29.09,29.13,29.040001,29.1,885500.0
2025-02-25,29.030001,29.07,28.97,28.99,1099300.0
2025-02-26,29.07,29.1,28.98,29.049999,610400.0
2025-02-27,29.22,29.29,29.19,29.26,1078900.0
2025-02-28,29.3,29.4,29.28,29.39,2018300.0
2025-03-03,29.16,29.18,29.08,29.11,1346700.0
2025-03-04,29.01,29.059999,28.85,28.85,971100.0
2025-03-05,28.58,28.6,28.48,28.5,1374200.0
2025-03-06,28.41,28.51,28.35,28.48,575500.0
2025-03-07,28.31,28.43,28.3,28.39,531300.0
2025-03-10,28.36,28.45,28.35,28.41,1299800.0
2025-03-11,28.26,28.31,28.22,28.25,1346900.0
2025-03-12,28.35,28.38,28.27,28.32,408700.0
2025-03-13,28.43,28.44,28.36,28.42,468900.0
2025-03-14,28.37,28.41,28.35,28.39,1693600.0
2025-03-17,28.33,28.34,28.26,28.28,569900.0
2025-03-18,28.32,28.35,28.24,28.26,457600.0
2025-03-19,28.36,28.43,28.31,28.33,382600.0
2025-03-20,28.48,28.5,28.41,28.41,765300.0
2025-03-21,28.48,28.53,28.46,28.5,621400.0
2025-03-24,28.5,28.61,28.5,28.55,551000.0
2025-03-25,28.49,28.54,28.46,28.52,329100.0
2025-03-26,28.6,28.65,28.56,28.65,318900.0
2025-03-27,28.6,28.62,28.51,28.56,618200.0
2025-03-28,28.54,28.56,28.47,28.51,364700.0
2025-03-31,28.51,28.6,28.51,28.54,980900.0
2025-04-01,28.57,28.6,28.52,28.57,371300.0
2025-04-02,28.49,28.52,28.42,28.45,382800.0
2025-04-03,27.85,28.02,27.79,27.95,5057800.0
2025-04-04,28.040001,28.3,28.02,28.26,1486100.0
2025-04-07,28.25,28.42,28.25,28.38,2740500.0
2025-04-08,28.26,28.39,28.2,28.25,491600.0
2025-04-09,27.98,28.34,27.98,28.29,1720700.0
2025-04-10,27.88,27.9,27.63,27.7,1867600.0
2025-04-11,27.31,27.56,27.29,27.45,1811600.0
2025-04-14,27.48,27.5,27.33,27.36,967700.0
2025-04-15,27.42,27.53,27.39,27.51,757700.0
2025-04-16,27.34,27.37,27.24,27.28,1330500.0
2025-04-17,27.33,27.36,27.27,27.3,499900.0
2025-04-21,27.02,27.08,26.99,27.040001,1208900.0
2025-04-22,27.09,27.21,27.059999,27.19,2219200.0
2025-04-23,27.28,27.47,27.25,27.44,3933500.0
2025-04-24,27.32,27.38,27.29,27.32,757100.0
2025-04-25,27.42,27.45,27.35,27.39,680600.0
2025-04-28,27.38,27.39,27.21,27.22,520300.0
2025-04-29,27.25,27.32,27.24,27.31,852100.0
2025-04-30,27.37,27.42,27.33,27.41,829300.0
2025-05-01,27.49,27.63,27.48,27.57,1921400.0
2025-05-02,27.44,27.55,27.36,27.53,1285500.0
2025-05-05,27.39,27.52,27.39,27.48,617700.0
2025-05-06,27.37,27.4,27.31,27.31,650000.0
2025-05-07,27.39,27.52,27.36,27.51,812100.0
2025-05-08,27.52,27.77,27.51,27.74,869400.0
2025-05-09,27.65,27.68,27.59,27.66,1307000.0
2025-05-12,27.98,28.11,27.95,28.049999,1948500.0
2025-05-13,27.94,27.96,27.81,27.81,736900.0
2025-05-14,27.73,27.87,27.71,27.87,1026600.0
2025-05-15,27.78,27.84,27.75,27.8,850400.0
2025-05-16,27.81,27.92,27.77,27.88,807800.0
2025-05-19,27.65,27.72,27.64,27.69,894200.0
2025-05-20,27.71,27.71,27.59,27.61,430300.0
2025-05-21,27.48,27.5,27.4,27.49,859200.0
2025-05-22,27.54,27.63,27.53,27.57,656700.0
2025-05-23,27.44,27.47,27.34,27.37,1261300.0
2025-05-27,27.4,27.52,27.4,27.52,1060500.0
2025-05-28,27.58,27.61,27.53,27.61,801300.0
2025-05-29,27.48,27.5,27.42,27.46,980400.0
2025-05-30,27.51,27.55,27.44,27.45,1030000.0
2025-06-02,27.33,27.35,27.25,27.26,1051200.0
2025-06-03,27.41,27.45,27.38,27.44,1306600.0
2025-06-04,27.37,27.39,27.28,27.32,769700.0
2025-06-05,27.2,27.33,27.2,27.3,1105500.0
2025-06-06,27.47,27.48,27.4,27.44,758400.0
2025-06-09,27.45,27.45,27.37,27.37,604600.0
2025-06-10,27.35,27.43,27.35,27.4,732100.0
2025-06-11,27.35,27.37,27.27,27.3,833300.0
2025-06-12,27.09,27.14,27.059999,27.1,1260800.0
2025-06-13,27.27,27.29,27.14,27.17,2720900.0
2025-06-16,27.1,27.2,27.049999,27.2,1534100.0
2025-06-17,27.19,27.4,27.19,27.38,2361400.0
2025-06-18,27.35,27.45,27.29,27.43,2202600.0
2025-06-20,27.36,27.42,27.33,27.4,1191600.0
2025-06-23,27.52,27.53,27.27,27.29,2885600.0
2025-06-24,27.21,27.22,27.1,27.15,1538800.0
2025-06-25,27.22,27.22,27.07,27.08,1828600.0
2025-06-26,26.96,27.01,26.9,26.97,1559900.0
2025-06-27,26.99,27.049999,26.95,27.02,1373700.0
2025-06-30,27.0,27.0,26.87,26.88,1023100.0
2025-07-01,26.83,26.91,26.81,26.87,1503800.0
2025-07-02,26.94,26.97,26.85,26.85,774500.0
2025-07-03,26.95,27.0,26.91,26.98,1148900.0
2025-07-07,27.030001,27.14,27.02,27.07,1337800.0
2025-07-08,27.15,27.19,27.08,27.09,1337300.0
2025-07-09,27.1,27.13,27.08,27.09,703200.0
2025-07-10,27.14,27.21,27.12,27.14,1244700.0
2025-07-11,27.19,27.24,27.16,27.22,597500.0
2025-07-14,27.25,27.3,27.22,27.29,1313500.0
2025-07-15,27.3,27.46,27.29,27.44,1713300.0
2025-07-16,27.47,27.51,27.18,27.34,2539400.0
2025-07-17,27.46,27.49,27.44,27.46,1520200.0
2025-07-18,27.33,27.42,27.31,27.42,910600.0
2025-07-21,27.3,27.32,27.19,27.24,2401200.0
2025-07-22,27.23,27.25,27.09,27.1,1688600.0
2025-07-23,27.16,27.18,27.049999,27.059999,2129500.0
2025-07-24,27.1,27.14,27.049999,27.13,895000.0
2025-07-25,27.25,27.28,27.19,27.19,871000.0
2025-07-28,27.4,27.51,27.37,27.5,1843200.0
2025-07-29,27.62,27.64,27.55,27.57,1876000.0
2025-07-30,27.76,27.86,27.67,27.84,1900300.0
2025-07-31,27.9,27.92,27.82,27.9,1316200.0
2025-08-01,27.57,27.66,27.53,27.57,3105600.0
2025-08-04,27.52,27.58,27.5,27.56,935500.0
2025-08-05,27.59,27.63,27.52,27.56,1073700.0
2025-08-06,27.47,27.48,27.37,27.4,1137500.0
2025-08-07,27.41,27.49,27.38,27.38,1405500.0
2025-08-08,27.42,27.45,27.39,27.43,490900.0
2025-08-11,27.5,27.56,27.48,27.54,1225200.0
2025-08-12,27.51,27.51,27.34,27.4,863100.0
2025-08-13,27.33,27.33,27.27,27.33,962300.0
2025-08-14,27.41,27.47,27.4,27.43,657100.0
2025-08-15,27.34,27.36,27.31,27.34,660600.0
2025-08-18,27.39,27.44,27.39,27.41,646000.0
2025-08-19,27.42,27.48,27.41,27.48,582100.0
2025-08-20,27.45,27.47,27.42,27.46,658600.0
2025-08-21,27.5,27.6,27.5,27.6,1186400.0
2025-08-22,27.61,27.62,27.29,27.33,1552700.0
2025-08-25,27.39,27.57,27.36,27.55,791300.0
2025-08-26,27.49,27.51,27.45,27.48,675500.0
2025-08-27,27.61,27.61,27.47,27.49,524000.0
2025-08-28,27.44,27.46,27.36,27.39,819400.0
2025-08-29,27.46,27.47,27.37,27.37,661500.0
2025-09-02,27.57,27.57,27.46,27.55,931700.0
2025-09-03,27.53,27.56,27.46,27.5,577200.0
2025-09-04,27.53,27.59,27.53,27.54,906000.0
2025-09-05,27.38,27.42,27.31,27.4,1127400.0
2025-09-08,27.33,27.38,27.31,27.31,513600.0
2025-09-09,27.33,27.43,27.29,27.42,385200.0
2025-09-10,27.41,27.45,27.37,27.44,465200.0
2025-09-11,27.41,27.41,27.35,27.35,926000.0
2025-09-12,27.45,27.45,27.38,27.39,1069900.0
2025-09-15,27.34,27.36,27.3,27.3,586800.0
2025-09-16,27.21,27.22,27.11,27.13,874700.0
2025-09-17,27.17,27.23,27.01,27.22,1662000.0
2025-09-18,27.33,27.41,27.32,27.35,1542100.0
2025-09-19,27.42,27.44,27.38,27.43,715300.0
2025-09-22,27.36,27.41,27.33,27.33,805500.0
2025-09-23,27.35,27.37,27.3,27.31,886000.0
2025-09-24,27.49,27.52,27.47,27.51,802100.0
2025-09-25,27.59,27.72,27.59,27.7,1273600.0
2025-09-26,27.66,27.66,27.59,27.6,605500.0
2025-09-29,27.51,27.56,27.5,27.54,748800.0
2025-09-30,27.53,27.54,27.46,27.51,1106800.0
2025-10-01,27.43,27.53,27.42,27.5,1273400.0
2025-10-02,27.48,27.61,27.48,27.54,949500.0
2025-10-03,27.51,27.53,27.47,27.49,707700.0
2025-10-06,27.66,27.67,27.59,27.62,967700.0
2025-10-07,27.72,27.78,27.69,27.78,891000.0
2025-10-08,27.83,27.9,27.81,27.84,937200.0
2025-10-09,27.88,28.059999,27.88,28.030001,2422400.0
2025-10-10,28.01,28.01,27.85,27.89,1210600.0
2025-10-13,27.96,28.0,27.95,27.99,580700.0
2025-10-14,27.98,28.0,27.9,27.91,805500.0
2025-10-15,27.89,27.89,27.8,27.83,1133500.0
2025-10-16,27.79,27.81,27.71,27.72,868100.0
2025-10-17,27.75,27.8,27.74,27.75,670700.0
2025-10-20,27.78,27.82,27.76,27.82,714500.0
2025-10-21,27.91,27.93,27.87,27.93,1433400.0
2025-10-22,27.96,27.96,27.87,27.9,1081100.0
2025-10-23,27.95,27.95,27.91,27.91,501300.0
2025-10-24,27.91,27.96,27.9,27.91,691800.0
2025-10-27,27.89,27.93,27.88,27.88,818000.0
2025-10-28,27.91,27.93,27.84,27.86,1573900.0
2025-10-29,27.91,28.059999,27.85,28.02,1968800.0
2025-10-30,28.12,28.13,28.08,28.13,1519100.0
2025-10-31,28.16,28.21,28.16,28.21,972400.0
2025-11-03,28.26,28.28,28.18,28.23,852300.0
2025-11-04,28.31,28.35,28.28,28.32,1204600.0
2025-11-05,28.35,28.38,28.32,28.33,1340000.0
2025-11-06,28.24,28.26,28.18,28.18,1293800.0
2025-11-07,28.15,28.18,28.11,28.16,1150600.0
2025-11-10,28.17,28.22,28.16,28.18,997900.0
2025-11-11,28.1,28.15,28.09,28.14,1383900.0
2025-11-12,28.21,28.22,28.13,28.15,1043900.0
2025-11-13,28.1,28.11,28.02,28.07,1014100.0
2025-11-14,28.07,28.14,28.059999,28.11,1099300.0
2025-11-17,28.17,28.2,28.15,28.18,1188500.0
2025-11-18,28.18,28.23,28.15,28.21,1428100.0
2025-11-19,28.29,28.4,28.27,28.39,1917200.0
2025-11-20,28.35,28.41,28.33,28.41,1492900.0
2025-11-21,28.43,28.45,28.37,28.39,1305200.0
2025-11-24,28.38,28.42,28.37,28.39,996000.0
2025-11-25,28.32,28.33,28.24,28.31,1281600.0
2025-11-26,28.33,28.33,28.22,28.23,1130500.0
2025-11-28,28.27,28.27,28.18,28.21,1215800.0
2025-12-01,28.12,28.21,28.11,28.2,2996300.0
2025-12-02,28.22,28.25,28.18,28.19,1528300.0
2025-12-03,28.09,28.1,28.02,28.049999,1962500.0
2025-12-04,28.02,28.11,28.02,28.11,1479800.0
2025-12-05,28.08,28.13,28.059999,28.08,1639400.0
2025-12-08,28.08,28.16,28.08,28.12,1143400.0
2025-12-09,28.14,28.2,28.13,28.16,1191700.0
2025-12-10,28.16,28.16,27.98,28.01,2309500.0
2025-12-11,27.9,27.94,27.86,27.91,1143000.0
2025-12-12,27.95,27.98,27.93,27.95,1141700.0
2025-12-15,27.91,27.96,27.88,27.93,568400.0
2025-12-16,27.85,27.94,27.81,27.9,881400.0
2025-12-17,27.99,27.99,27.92,27.96,655400.0
2025-12-18,27.93,28.01,27.93,27.98,764300.0
2025-12-19,28.02,28.07,28.01,28.07,553300.0
2025-12-22,27.02,27.040001,27.0,27.030001,1148200.0
2025-12-23,26.97,26.99,26.93,26.94,1032800.0
2025-12-24,26.94,26.96,26.93,26.95,699400.0
2025-12-26,26.92,27.0,26.92,26.97,743400.0
2025-12-29,26.96,27.02,26.94,26.98,794700.0
2025-12-30,27.02,27.049999,27.0,27.049999,627500.0
2025-12-31,27.059999,27.11,27.030001,27.030001,575900.0
2026-01-02,27.08,27.12,27.040001,27.11,2375000.0
2026-01-05,27.17,27.19,27.049999,27.07,1632900.0
2026-01-06,27.1,27.16,27.09,27.16,1253200.0
2026-01-07,27.15,27.2,27.14,27.2,1122800.0
2026-01-08,27.25,27.28,27.22,27.27,591000.0
2026-01-09,27.3,27.36,27.3,27.33,806900.0
2026-01-12,27.25,27.28,27.22,27.28,991700.0
2026-01-13,27.27,27.37,27.27,27.35,747800.0
2026-01-14,27.31,27.35,27.28,27.33,535700.0
2026-01-15,27.41,27.45,27.39,27.43,700000.0
2026-01-16,27.38,27.45,27.37,27.43,1463100.0
2026-01-20,27.17,27.23,27.15,27.21,931300.0
2026-01-21,27.18,27.3,27.18,27.27,1005400.0
2026-01-22,27.21,27.22,27.12,27.15,826800.0
2026-01-23,27.13,27.14,26.91,26.91,686100.0
2026-01-26,26.81,26.82,26.72,26.78,1392400.0
2026-01-27,26.66,26.67,26.4,26.47,1780800.0
2026-01-28,26.6,26.74,26.56,26.63,2744700.0
2026-01-29,26.57,26.71,26.57,26.59,1592500.0
2026-01-30,26.73,26.85,26.7,26.85,2763800.0
2026-02-02,26.96,27.030001,26.91,26.99,2780900.0
2026-02-03,26.98,26.99,26.9,26.92,1165000.0
2026-02-04,26.97,27.030001,26.95,27.01,1122400.0
2026-02-05,27.01,27.09,27.0,27.09,1840300.0
2026-02-06,27.02,27.02,26.97,27.01,1305200.0
2026-02-09,26.81,26.85,26.78,26.79,1344900.0
2026-02-10,26.73,26.81,26.73,26.8,1037900.0
2026-02-11,26.82,26.87,26.76,26.83,1454400.0
2026-02-12,26.81,26.86,26.77,26.82,1103000.0
2026-02-13,26.82,26.89,26.8,26.82,840600.0
2026-02-17,26.95,27.01,26.89,26.91,1048600.0
2026-02-18,26.99,27.08,26.97,27.08,1865700.0
2026-02-19,27.16,27.17,27.1,27.12,937600.0
2026-02-20,27.14,27.16,27.040001,27.09,1281600.0
2026-02-23,27.07,27.09,27.02,27.09,713500.0
2026-02-24,27.13,27.15,27.09,27.11,817300.0
2026-02-25,27.14,27.14,27.049999,27.08,1029100.0
2026-02-26,27.09,27.17,27.059999,27.1,1354900.0
2026-02-27,27.1,27.12,27.049999,27.08,1037400.0
2026-03-02,27.32,27.4,27.28,27.33,3348800.0
2026-03-03,27.54,27.65,27.45,27.46,3237200.0
2026-03-04,27.42,27.46,27.39,27.41,2493200.0
2026-03-05,27.49,27.59,27.48,27.48,4089300.0
2026-03-06,27.57,27.59,27.44,27.47,3315900.0
2026-03-09,27.51,27.59,27.41,27.46,4290500.0
2026-03-10,27.36,27.48,27.34,27.45,3283500.0
2026-03-11,27.52,27.57,27.47,27.55,3203200.0
2026-03-12,27.63,27.71,27.62,27.68,2316100.0
2026-03-13,27.77,27.91,27.75,27.89,4225700.0
2026-03-16,27.74,27.78,27.68,27.73,7286100.0
2026-03-17,27.67,27.71,27.64,27.68,3599400.0
2026-03-18,27.74,27.85,27.7,27.85,4278500.0
2026-03-19,27.79,27.81,27.5,27.58,5031400.0
2026-03-20,27.66,27.75,27.66,27.68,4216900.0
2026-03-23,27.6,27.64,27.48,27.56,4152900.0
2026-03-24,27.66,27.71,27.58,27.65,3131800.0
2026-03-25,27.63,27.72,27.63,27.7,3161100.0
2026-03-26,27.76,27.82,27.72,27.81,2410200.0
2026-03-27,27.83,27.88,27.78,27.84,2421300.0
2026-03-30,27.91,28.0,27.91,27.98,2470800.0
2026-03-31,27.85,27.89,27.77,27.78,3450000.0
2026-04-01,27.67,27.74,27.63,27.73,4154600.0
2026-04-02,27.85,27.89,27.78,27.86,3579400.0
2026-04-06,27.81,27.87,27.77,27.83,3497200.0
2026-04-07,27.83,27.84,27.73,27.75,3871900.0
2026-04-08,27.45,27.61,27.45,27.53,5403000.0
2026-04-09,27.51,27.56,27.44,27.48,3167600.0
2026-04-10,27.42,27.49,27.42,27.44,4865800.0
2026-04-13,27.54,27.54,27.38,27.38,3728900.0
2026-04-14,27.3,27.33,27.27,27.32,4075700.0
2026-04-15,27.31,27.34,27.28,27.29,1926300.0
2026-04-16,27.34,27.38,27.33,27.37,1324700.0
2026-04-17,27.24,27.36,27.2,27.36,1974600.0
2026-04-20,27.35,27.38,27.3,27.32,1209500.0
2026-04-21,27.35,27.47,27.34,27.47,1641300.0
2026-04-22,27.44,27.49,27.4,27.48,768400.0
2026-04-23,27.53,27.58,27.47,27.53,830200.0
2026-04-24,27.5,27.53,27.45,27.48,1463800.0
2026-04-27,27.41,27.46,27.39,27.45,1210300.0
2026-04-28,27.53,27.55,27.49,27.53,3308700.0
2026-04-29,27.56,27.63,27.55,27.61,2659200.0
2026-04-30,27.48,27.5,27.34,27.36,3652900.0
2026-05-01,27.33,27.42,27.26,27.41,2575400.0
2026-05-04,27.43,27.51,27.42,27.48,1855900.0
2026-05-05,27.48,27.5,27.44,27.5,691900.0
2026-05-06,27.34,27.37,27.32,27.35,2479300.0
2026-05-07,27.32,27.41,27.3,27.41,1528600.0
2026-05-08,27.32,27.35,27.31,27.34,1070300.0
2026-05-11,27.35,27.36,27.33,27.35,959200.0
2026-05-12,27.48,27.51,27.44,27.45,2007800.0
2026-05-13,27.52,27.54,27.5,27.51,2113600.0
2026-05-14,27.55,27.63,27.54,27.62,2309200.0
2026-05-15,27.72,27.77,27.71,27.77,1851100.0
2026-05-18,27.68,27.73,27.67,27.7,2992100.0
2026-05-19,27.79,27.81,27.76,27.79,1914800.0
2026-05-20,27.79,27.82,27.67,27.73,2509300.0
2026-05-21,27.8,27.83,27.71,27.73,1832400.0
2026-05-22,27.76,27.82,27.75,27.77,2021800.0
2026-05-26,27.75,27.78,27.73,27.75,1929200.0
2026-05-27,27.72,27.79,27.71,27.75,2693300.0
2026-05-28,27.77,27.79,27.69,27.7,2942100.0
2026-05-29,27.71,27.74,27.63,27.66,4610000.0
2026-06-01,27.77,27.83,27.75,27.76,2057400.0
2026-06-02,27.74,27.81,27.74,27.76,2048200.0
2026-06-03,27.86,27.88,27.83,27.86,1725500.0
2026-06-04,27.79,27.85,27.78,27.84,880100.0
2026-06-05,27.92,28.049999,27.9,28.02,2008900.0
2026-06-08,27.99,28.040001,27.97,28.030001,2424900.0
2026-06-09,27.96,28.049999,27.94,28.01,2008200.0
2026-06-10,27.98,28.049999,27.95,28.049999,1741900.0
2026-06-11,28.08,28.13,27.92,27.95,2647800.0
2026-06-12,27.96,27.99,27.94,27.95,2225500.0
2026-06-15,27.89,27.97,27.87,27.97,4139500.0
2026-06-16,27.96,27.97,27.89,27.93,1794200.0
2026-06-17,27.94,28.22,27.94,28.18,2963900.0
2026-06-18,28.23,28.32,28.21,28.3,2054900.0
2026-06-22,28.34,28.37,28.29,28.36,2516200.0
2026-06-23,28.43,28.48,28.4,28.45,2494600.0
2026-06-24,28.54,28.56,28.49,28.53,2043800.0
2026-06-25,28.49,28.51,28.44,28.48,2075800.0
2026-06-26,28.39,28.47,28.38,28.46,1893400.0
2026-06-29,28.44,28.44,28.37,28.37,1750400.0
2026-06-30,28.45,28.47,28.38,28.41,1484200.0
2026-07-01,28.48,28.49,28.42,28.49,1996400.0
2026-07-02,28.29,28.35,28.27,28.34,2644200.0
2026-07-06,28.39,28.41,28.31,28.32,2837900.0
2026-07-07,28.34,28.41,28.33,28.4,1902000.0
2026-07-08,28.41,28.46,28.35,28.36,1338200.0
2026-07-09,28.35,28.37,28.33,28.36,1543400.0
2026-07-10,28.36,28.39,28.31,28.39,1810500.0
2026-07-13,28.38,28.5,28.37,28.5,3187900.0
2026-07-14,28.32,28.4,28.29,28.39,2503500.0
2026-07-15,28.37,28.37,28.22,28.25,2209200.0
2026-07-16,28.28,28.35,28.28,28.34,2893800.0
2026-07-17,28.38,28.38,28.33,28.33,1134200.0
2026-07-20,28.38,28.43,28.38,28.39,1898100.0
2026-07-21,28.43,28.48,28.42,28.48,1231400.0
2026-07-22,28.43,28.47,28.43,28.45,1230800.0
2026-07-23,28.54,28.59,28.53,28.56,1529300.0
2026-07-24,28.58,28.58,28.52,28.58,1113500.0
2026-07-27,28.56,28.6,28.55,28.6,1602600.0
2026-07-28,28.59,28.6,28.52,28.58,1037400.0
2026-07-29,28.57,28.59,28.3,28.42,2286600.0
2026-07-30,28.36,28.36,28.12,28.14,4809000.0
2026-07-31,28.24,28.31,28.13,28.17,2731200.0
2026-08-03,28.11,28.19,28.11,28.17,2506000.0
2026-08-04,28.16,28.17,28.13,28.16,2144400.0
2026-08-05,28.1,28.12,28.08,28.09,2092700.0
2026-08-06,28.12,28.2,28.11,28.19,1666000.0
2026-08-07,28.059999,28.11,28.049999,28.07,1718300.0
2026-08-10,28.12,28.16,28.11,28.14,3241000.0
2026-08-11,28.15,28.18,28.14,28.14,1247400.0
2026-08-12,28.11,28.21,28.11,28.2,1496900.0
2026-08-13,28.17,28.21,28.16,28.18,1127800.0
2026-08-14,28.1,28.13,28.059999,28.11,1362200.0
2026-08-17,28.059999,28.13,28.059999,28.1,643300.0
2026-08-18,28.12,28.14,28.09,28.14,772700.0
2026-08-19,27.95,27.96,27.88,27.88,1473100.0
2026-08-20,27.88,27.94,27.87,27.91,719600.0
2026-08-21,27.89,27.94,27.89,27.9,592900.0
2026-08-24,27.94,27.98,27.94,27.96,934100.0
2026-08-25,27.94,27.97,27.93,27.94,763000.0
2026-08-26,28.01,28.040001,28.0,28.02,572700.0
2026-08-27,27.99,28.02,27.99,28.02,1048100.0
2026-08-28,28.030001,28.2,28.01,28.18,1452700.0
2026-08-31,28.13,28.16,28.11,28.12,1242100.0
2026-09-01,28.16,28.21,28.13,28.21,1546400.0
2026-09-02,28.17,28.18,28.12,28.17,1047400.0
2026-09-03,27.99,28.030001,27.95,28.01,2009500.0
2026-09-04,28.040001,28.08,28.030001,28.08,1776000.0
2026-09-08,27.96,28.0,27.96,27.99,1090900.0
2026-09-09,27.92,27.99,27.92,27.98,1378100.0
2026-09-10,28.049999,28.049999,27.99,28.030001,1233400.0
2026-09-11,28.030001,28.07,28.02,28.07,1712300.0
2026-09-14,28.2,28.24,28.14,28.17,1808600.0
