date,open,high,low,close,volume
2013-01-02,66.93,67.089996,66.21,66.62,5286400.0
2013-01-03,66.62,66.94,66.49,66.61,3571000.0
2013-01-04,66.81,66.95,66.52,66.92,2338700.0
2013-01-07,66.94,67.12,66.76,67.07,2243600.0
2013-01-08,67.080002,67.2,66.74,66.94,1533700.0
2013-01-09,67.16,67.22,66.93,67.13,2134400.0
2013-01-10,67.36,67.55,66.94,67.2,2824100.0
2013-01-11,67.29,67.37,66.9,67.16,2022000.0
2013-01-14,67.34,67.36,67.15,67.35,1787200.0
2013-01-15,67.29,67.76,67.15,67.67,2101400.0
2013-01-16,67.56,67.63,67.38,67.59,2384800.0
2013-01-17,67.88,67.92,67.72,67.8,2421900.0
2013-01-18,67.89,68.089996,67.66,68.089996,2277500.0
2013-01-22,68.15,68.45,68.010002,68.44,2187400.0
2013-01-23,68.48,68.53,68.26,68.42,2383100.0
2013-01-24,68.6,68.74,68.33,68.56,2346200.0
2013-01-25,68.8,68.99,68.61,68.95,2095600.0
2013-01-28,69.17,69.29,68.81,69.13,3364700.0
2013-01-29,69.17,69.33,69.059998,69.33,2343700.0
2013-01-30,69.31,69.31,68.54,68.67,1872600.0
2013-01-31,68.52,68.61,68.089996,68.26,2186400.0
2013-02-01,68.62,68.86,68.35,68.66,3376600.0
2013-02-04,68.42,68.77,68.29,68.5,2827500.0
2013-02-05,68.75,68.79,68.25,68.34,2401200.0
2013-02-06,68.18,68.59,68.029999,68.58,8277600.0
2013-02-07,68.58,68.7,68.11,68.29,1793400.0
2013-02-08,68.44,68.92,68.37,68.92,2799900.0
2013-02-11,68.85,69.089996,68.8,69.019997,2177700.0
2013-02-12,69.16,69.55,69.010002,69.54,2357700.0
2013-02-13,69.71,69.73,69.31,69.5,2525900.0
2013-02-14,69.47,69.49,69.17,69.21,2169200.0
2013-02-15,69.33,69.34,68.97,69.24,1504200.0
2013-02-19,69.45,69.8,69.36,69.79,1673700.0
2013-02-20,69.83,70.07,69.34,69.34,1764500.0
2013-02-21,69.31,69.36,68.66,68.82,2185700.0
2013-02-22,69.15,69.51,69.040001,69.51,1941400.0
2013-02-25,69.74,69.82,68.19,68.19,2550400.0
2013-02-26,68.54,68.85,68.12,68.66,2382800.0
2013-02-27,68.76,69.48,68.56,69.16,1551400.0
2013-02-28,69.16,69.46,69.059998,69.089996,4566400.0
2013-03-01,68.91,69.41,68.56,69.32,3862400.0
2013-03-04,69.28,70.019997,69.28,69.84,3141000.0
2013-03-05,70.15,70.54,69.83,70.39,2835800.0
2013-03-06,70.61,70.74,69.92,70.18,3021800.0
2013-03-07,70.41,70.41,69.79,69.85,1923300.0
2013-03-08,70.22,70.23,69.53,69.97,2473300.0
2013-03-11,69.97,70.12,69.71,70.029999,1712600.0
2013-03-12,70.13,70.13,69.65,69.77,2190100.0
2013-03-13,69.8,70.029999,69.56,69.84,1785000.0
2013-03-14,69.95,70.37,69.86,70.28,2647700.0
2013-03-15,70.21,70.47,69.92,70.44,2243800.0
2013-03-18,69.88,70.28,69.87,70.050003,2398300.0
2013-03-19,70.080002,70.23,69.27,69.71,3055200.0
2013-03-20,69.98,70.07,69.69,69.93,3110100.0
2013-03-21,69.7,70.2,69.67,69.72,1723800.0
2013-03-22,69.4,69.64,69.26,69.55,3143500.0
2013-03-25,69.67,70.0,69.42,69.56,2676500.0
2013-03-26,69.75,70.21,69.75,70.16,1722600.0
2013-03-27,69.95,70.29,69.8,70.29,2463100.0
2013-03-28,70.36,70.58,70.099998,70.53,2632300.0
2013-04-01,70.66,70.77,70.11,70.74,2501200.0
2013-04-02,70.98,71.3,70.79,70.96,2546100.0
2013-04-03,71.2,71.27,70.56,70.71,2215900.0
2013-04-04,70.84,71.94,70.76,71.86,1905200.0
2013-04-05,71.22,72.25,71.089996,72.25,2288300.0
2013-04-08,72.28,72.9,71.83,72.83,1773500.0
2013-04-09,73.089996,73.15,72.46,72.84,2537900.0
2013-04-10,73.12,73.41,72.9,73.29,2088000.0
2013-04-11,73.45,74.080002,73.25,73.72,2425000.0
2013-04-12,73.71,73.94,73.51,73.9,1618800.0
2013-04-15,73.65,73.82,72.37,72.37,3345500.0
2013-04-16,72.89,73.65,72.34,73.57,3296300.0
2013-04-17,73.3,73.38,72.27,72.79,3039700.0
2013-04-18,72.95,73.019997,72.33,72.68,2616900.0
2013-04-19,72.95,73.85,72.76,73.8,1621200.0
2013-04-22,74.010002,74.080002,73.28,73.7,2638500.0
2013-04-23,74.059998,74.26,73.58,74.11,3312300.0
2013-04-24,74.18,74.4,73.95,74.27,1750700.0
2013-04-25,74.37,74.41,73.62,74.019997,2981700.0
2013-04-26,73.95,74.28,73.71,73.78,2601000.0
2013-04-29,74.36,74.47,73.85,74.41,1889800.0
2013-04-30,74.45,75.29,74.37,75.28,2439700.0
2013-05-01,75.39,75.43,74.53,74.68,6260100.0
2013-05-02,74.79,75.47,74.79,75.17,2590600.0
2013-05-03,75.68,75.87,75.32,75.47,2878800.0
2013-05-06,75.48,75.92,75.48,75.86,2427700.0
2013-05-07,75.97,76.32,75.71,76.28,2442800.0
2013-05-08,76.19,76.48,75.9,76.32,2703100.0
2013-05-09,76.15,76.34,75.71,75.82,2255800.0
2013-05-10,76.040001,76.17,75.75,76.099998,1706300.0
2013-05-13,76.059998,76.51,76.040001,76.46,2114100.0
2013-05-14,76.48,76.95,76.45,76.74,2081600.0
2013-05-15,76.8,77.5,76.44,77.5,2836800.0
2013-05-16,77.39,77.71,76.86,77.099998,2485200.0
2013-05-17,77.29,77.57,77.050003,77.53,1717700.0
2013-05-20,77.66,77.77,77.37,77.71,2534100.0
2013-05-21,77.9,78.33,77.87,78.15,2321300.0
2013-05-22,78.029999,78.86,75.75,76.25,5514100.0
2013-05-23,75.63,75.63,74.35,74.82,5071800.0
2013-05-24,74.56,74.78,73.78,74.63,3020000.0
2013-05-28,75.49,75.6,73.55,73.99,3666200.0
2013-05-29,73.41,73.47,71.54,72.42,5983200.0
2013-05-30,72.31,72.95,71.66,71.74,3753500.0
2013-05-31,71.48,72.16,70.75,70.78,6474200.0
2013-06-03,70.76,71.5,70.099998,71.18,6934600.0
2013-06-04,71.28,71.48,70.19,70.19,4116400.0
2013-06-05,70.050003,70.47,69.4,69.61,4197000.0
2013-06-06,69.66,70.81,69.15,70.73,5111000.0
2013-06-07,70.95,71.13,69.75,70.74,3588900.0
2013-06-10,70.9,70.96,69.98,70.13,3347500.0
2013-06-11,69.35,69.95,69.059998,69.089996,4747000.0
2013-06-12,69.48,69.62,67.93,68.15,3558600.0
2013-06-13,67.86,70.14,67.8,69.92,4603500.0
2013-06-14,69.99,71.040001,69.74,70.18,3547000.0
2013-06-17,70.69,71.080002,69.93,70.38,4148100.0
2013-06-18,70.49,71.2,70.099998,70.74,4303700.0
2013-06-19,70.51,70.93,68.35,68.57,4929600.0
2013-06-20,67.78,67.91,65.39,65.72,8148100.0
2013-06-21,66.23,67.17,65.41,66.61,7812200.0
2013-06-24,64.83,67.099998,64.28,65.68,8414700.0
2013-06-25,66.44,67.18,65.69,66.78,11383300.0
2013-06-26,67.53,67.97,67.33,67.79,6721700.0
2013-06-27,68.34,69.18,68.21,69.15,5114900.0
2013-06-28,68.89,69.35,68.39,68.72,6234200.0
2013-07-01,69.26,69.53,68.37,68.57,3141000.0
2013-07-02,68.67,69.68,67.92,69.62,3707600.0
2013-07-03,69.39,69.39,68.34,69.16,2446400.0
2013-07-05,69.15,69.26,67.37,68.83,2506100.0
2013-07-08,69.089996,69.56,68.84,68.9,2918000.0
2013-07-09,69.3,70.14,68.97,69.88,1955900.0
2013-07-10,69.87,70.080002,69.35,69.91,3267800.0
2013-07-11,70.95,71.67,70.72,71.6,3844300.0
2013-07-12,71.83,71.9,70.88,71.16,3398200.0
2013-07-15,71.38,71.69,71.040001,71.46,2942200.0
2013-07-16,71.38,71.8,71.31,71.51,2946400.0
2013-07-17,71.83,71.97,71.42,71.77,2209600.0
2013-07-18,72.089996,72.41,71.77,72.38,1931600.0
2013-07-19,72.31,72.51,72.019997,72.33,1864400.0
2013-07-22,72.38,72.69,72.099998,72.55,1934800.0
2013-07-23,72.78,72.86,72.21,72.47,1402800.0
2013-07-24,72.6,72.7,70.57,71.059998,3115300.0
2013-07-25,70.99,71.28,70.59,71.17,1760800.0
2013-07-26,70.95,71.35,70.66,71.23,1586800.0
2013-07-29,71.07,71.4,70.59,70.7,3562300.0
2013-07-30,70.9,71.33,70.25,70.49,2362600.0
2013-07-31,70.33,70.73,68.77,69.34,3443900.0
2013-08-01,69.61,69.81,68.89,69.07,3445000.0
2013-08-02,69.24,69.35,68.71,68.73,2578300.0
2013-08-05,68.54,68.98,68.47,68.68,2831300.0
2013-08-06,68.6,68.97,68.33,68.44,3889300.0
2013-08-07,68.64,68.7,67.92,68.26,2021200.0
2013-08-08,68.47,68.64,67.93,68.29,2476400.0
2013-08-09,68.2,69.28,68.099998,68.89,2893000.0
2013-08-12,68.81,68.81,68.089996,68.4,2709000.0
2013-08-13,68.4,68.5,67.27,67.46,3778200.0
2013-08-14,67.4,67.62,67.15,67.2,2538300.0
2013-08-15,66.65,66.82,65.72,65.97,3630500.0
2013-08-16,65.92,65.92,64.24,64.35,4256700.0
2013-08-19,64.38,64.38,63.47,63.5,4763500.0
2013-08-20,63.87,65.22,63.65,64.94,4124500.0
2013-08-21,64.36,65.82,64.0,64.79,4437200.0
2013-08-22,64.95,65.21,64.43,65.18,2499500.0
2013-08-23,65.22,65.88,64.94,65.86,2917800.0
2013-08-26,65.86,66.0,65.47,65.67,2925200.0
2013-08-27,65.089996,65.74,65.0,65.35,3355100.0
2013-08-28,65.47,65.47,64.81,64.95,2142600.0
2013-08-29,64.77,65.059998,64.48,65.050003,2334600.0
2013-08-30,65.21,65.47,64.41,64.5,3852400.0
2013-09-03,64.75,64.99,63.4,63.94,6455100.0
2013-09-04,64.0,64.71,63.71,64.49,4261500.0
2013-09-05,64.55,64.55,63.74,63.81,3024700.0
2013-09-06,64.39,65.38,64.39,64.8,4582200.0
2013-09-09,64.87,66.15,64.83,66.15,3579700.0
2013-09-10,66.31,66.5,65.72,66.099998,2905300.0
2013-09-11,66.16,66.63,66.050003,66.63,2568000.0
2013-09-12,66.65,67.0,66.080002,66.2,2628600.0
2013-09-13,66.29,66.52,66.059998,66.39,2582600.0
2013-09-16,67.37,67.93,66.88,67.050003,4413800.0
2013-09-17,67.029999,67.56,66.9,67.010002,3328300.0
2013-09-18,67.010002,69.36,66.31,69.28,4452500.0
2013-09-19,69.44,70.07,69.17,69.22,5138400.0
2013-09-20,69.07,69.38,67.94,68.089996,4082500.0
2013-09-23,67.45,67.78,66.97,67.010002,3523100.0
2013-09-24,66.99,67.17,66.46,66.5,4447700.0
2013-09-25,66.64,67.15,66.21,66.72,2626300.0
2013-09-26,66.83,67.16,66.68,67.13,1465400.0
2013-09-27,66.94,67.21,66.41,66.85,3412300.0
2013-09-30,66.29,67.0,65.89,66.14,3804700.0
2013-10-01,66.15,67.8,66.0,67.099998,4416100.0
2013-10-02,66.77,67.24,66.45,67.2,2604000.0
2013-10-03,66.92,67.059998,65.68,66.029999,6150600.0
2013-10-04,66.059998,66.42,65.53,65.9,2389200.0
2013-10-07,65.54,66.47,65.5,66.2,2267400.0
2013-10-08,66.11,66.42,65.47,65.48,2622000.0
2013-10-09,65.5,66.18,65.4,65.49,2896600.0
2013-10-10,66.019997,67.22,66.0,67.16,2370200.0
2013-10-11,67.050003,67.9,66.86,67.83,2111100.0
2013-10-14,67.44,67.94,67.26,67.87,2278000.0
2013-10-15,67.77,68.19,67.48,67.62,3231700.0
2013-10-16,67.9,68.96,67.77,68.89,3066400.0
2013-10-17,68.65,70.059998,68.53,69.93,3258600.0
2013-10-18,70.3,70.32,69.46,69.86,2685200.0
2013-10-21,69.83,69.88,69.11,69.44,2276500.0
2013-10-22,69.5,70.36,69.45,70.080002,3611600.0
2013-10-23,69.95,70.25,69.68,70.21,4650000.0
2013-10-24,70.45,70.45,69.79,70.19,1600400.0
2013-10-25,70.36,71.13,70.2,71.050003,2213000.0
2013-10-28,71.099998,71.099998,69.95,70.54,3347400.0
2013-10-29,70.16,70.54,69.73,70.13,3174900.0
2013-10-30,70.040001,70.23,69.2,69.54,2466500.0
2013-10-31,69.62,69.78,68.66,69.13,4039600.0
2013-11-01,69.41,69.7,68.73,69.49,3448800.0
2013-11-04,69.86,69.95,68.98,69.62,2640800.0
2013-11-05,69.35,69.35,68.35,68.48,2533800.0
2013-11-06,68.57,69.0,68.29,68.38,2256900.0
2013-11-07,68.39,68.63,67.38,67.53,3236900.0
2013-11-08,66.92,67.22,65.66,66.62,3577500.0
2013-11-11,66.5,67.099998,66.45,66.69,2243000.0
2013-11-12,66.51,66.65,65.86,66.39,2269900.0
2013-11-13,66.29,66.82,65.96,66.82,2547100.0
2013-11-14,66.99,67.78,66.9,67.29,2483500.0
2013-11-15,67.35,67.65,67.14,67.54,2140300.0
2013-11-18,67.79,67.8,67.050003,67.12,1739500.0
2013-11-19,66.98,67.14,66.38,66.65,2202800.0
2013-11-20,66.61,67.27,65.65,65.84,2922700.0
2013-11-21,66.019997,66.51,65.75,66.35,2998000.0
2013-11-22,66.48,66.55,65.74,66.089996,1919400.0
2013-11-25,66.16,66.21,65.69,65.78,2934200.0
2013-11-26,65.93,65.94,65.4,65.55,2673400.0
2013-11-27,65.58,66.16,65.48,66.11,2990600.0
2013-11-29,65.83,66.19,65.4,65.5,2259600.0
2013-12-02,65.43,65.62,64.86,65.12,3659000.0
2013-12-03,64.91,65.21,64.71,64.99,2246800.0
2013-12-04,64.47,65.69,64.39,65.23,3189600.0
2013-12-05,65.17,65.55,64.71,65.46,2622100.0
2013-12-06,65.92,66.099998,65.61,65.93,2022500.0
2013-12-09,66.26,66.31,65.66,66.25,2326100.0
2013-12-10,66.13,66.51,66.080002,66.080002,2439600.0
2013-12-11,66.089996,66.2,64.5,64.56,2789100.0
2013-12-12,64.46,64.6,63.96,64.2,2746100.0
2013-12-13,64.43,65.12,64.19,64.36,3165400.0
2013-12-16,64.51,64.75,64.29,64.58,2571400.0
2013-12-17,64.61,65.059998,64.36,64.88,2640100.0
2013-12-18,64.91,66.089996,64.15,66.029999,4120500.0
2013-12-19,65.84,65.87,64.75,65.12,3297500.0
2013-12-20,65.11,65.58,64.95,65.52,3832900.0
2013-12-23,65.72,66.050003,65.57,65.65,4183400.0
2013-12-24,64.68,64.86,64.53,64.7,1801200.0
2013-12-26,64.82,65.24,64.59,64.75,4333500.0
2013-12-27,64.9,65.0,64.32,64.89,3277100.0
2013-12-30,64.88,65.16,64.76,64.91,3603900.0
2013-12-31,64.92,65.15,64.45,64.56,5576900.0
2014-01-02,64.28,64.75,64.050003,64.57,5829600.0
2014-01-03,64.49,65.18,64.41,64.93,2771700.0
2014-01-06,65.14,65.56,64.93,65.26,2917500.0
2014-01-07,65.24,65.82,65.07,65.55,2582600.0
2014-01-08,65.38,65.62,64.94,65.23,3368400.0
2014-01-09,65.49,65.51,64.75,65.23,2543000.0
2014-01-10,65.76,66.16,65.61,66.12,2683900.0
2014-01-13,66.099998,66.23,65.5,65.68,3650800.0
2014-01-14,65.91,66.36,65.66,66.16,2383400.0
2014-01-15,66.15,66.78,66.15,66.66,3069700.0
2014-01-16,66.55,66.81,66.55,66.78,2704800.0
2014-01-17,66.85,66.97,66.33,66.39,2957800.0
2014-01-21,66.72,67.25,66.59,66.99,3255800.0
2014-01-22,67.029999,67.47,67.0,67.28,3432800.0
2014-01-23,67.050003,67.26,66.8,67.12,3262600.0
2014-01-24,66.82,66.92,66.14,66.28,2745800.0
2014-01-27,66.32,66.58,65.51,65.77,3818500.0
2014-01-28,65.85,66.44,65.79,66.32,2406700.0
2014-01-29,65.99,66.29,65.63,65.96,3308200.0
2014-01-30,66.21,67.21,66.15,66.96,2990100.0
2014-01-31,66.43,67.62,66.22,67.32,5454400.0
2014-02-03,67.22,67.32,65.99,66.25,7310400.0
2014-02-04,66.32,67.089996,66.059998,67.050003,4472100.0
2014-02-05,66.6,67.010002,66.54,66.91,2656000.0
2014-02-06,66.95,67.5,66.91,67.4,2755500.0
2014-02-07,67.82,68.010002,67.4,67.91,5918800.0
2014-02-10,68.12,68.75,67.68,68.55,6276300.0
2014-02-11,68.43,69.16,68.33,68.82,7136400.0
2014-02-12,69.019997,69.029999,68.52,68.86,3335400.0
2014-02-13,68.61,69.44,68.49,69.12,2754600.0
2014-02-14,69.010002,69.52,69.010002,69.39,2509200.0
2014-02-18,69.61,69.73,69.029999,69.73,3819900.0
2014-02-19,69.6,70.43,69.56,69.69,4334000.0
2014-02-20,69.7,70.24,69.29,69.54,3503400.0
2014-02-21,69.58,70.0,69.2,69.71,2406000.0
2014-02-24,69.98,70.57,69.84,69.88,3690100.0
2014-02-25,70.0,70.44,69.85,70.11,3329500.0
2014-02-26,70.35,70.53,70.010002,70.27,4623500.0
2014-02-27,70.3,70.53,69.78,70.080002,3334400.0
2014-02-28,70.15,70.99,70.050003,70.73,8733500.0
2014-03-03,70.29,70.84,70.059998,70.77,5816200.0
2014-03-04,71.27,71.88,71.14,71.79,4444400.0
2014-03-05,71.84,72.010002,71.14,71.7,3489400.0
2014-03-06,71.83,71.83,70.94,71.099998,3705600.0
2014-03-07,70.77,70.97,70.019997,70.33,3665900.0
2014-03-10,70.36,70.44,69.69,69.96,6387500.0
2014-03-11,70.050003,70.67,70.0,70.4,5101900.0
2014-03-12,70.15,70.69,70.15,70.61,2711900.0
2014-03-13,70.74,70.87,70.15,70.28,3688000.0
2014-03-14,70.34,70.78,70.16,70.46,2713900.0
2014-03-17,71.029999,71.07,70.4,70.61,3115600.0
2014-03-18,70.63,70.9,70.34,70.82,2483700.0
2014-03-19,71.0,71.19,69.24,69.48,4561500.0
2014-03-20,69.37,69.62,68.79,69.6,3811500.0
2014-03-21,69.82,70.47,69.75,70.24,2970400.0
2014-03-24,70.44,70.49,69.42,69.78,5826500.0
2014-03-25,69.87,70.089996,69.44,69.96,3125500.0
2014-03-26,70.25,70.38,69.16,69.17,4286800.0
2014-03-27,69.15,69.67,68.87,69.61,3097600.0
2014-03-28,69.76,70.29,69.73,70.029999,2278400.0
2014-03-31,70.45,70.83,69.79,70.62,3597700.0
2014-04-01,70.77,70.94,70.13,70.94,5804400.0
2014-04-02,70.9,71.07,70.53,71.0,3266700.0
2014-04-03,71.099998,71.13,70.6,70.85,2372300.0
2014-04-04,71.15,71.53,70.77,71.089996,3600300.0
2014-04-07,71.11,71.8,71.080002,71.32,3845100.0
2014-04-08,71.38,71.8,71.11,71.76,2935500.0
2014-04-09,72.0,72.0,71.2,71.58,4339600.0
2014-04-10,71.69,71.98,70.71,70.9,4136300.0
2014-04-11,70.77,71.15,70.37,70.47,3785000.0
2014-04-14,70.83,70.99,70.37,70.89,2963500.0
2014-04-15,70.99,71.76,70.84,71.73,3800100.0
2014-04-16,71.98,72.28,71.68,72.19,2141600.0
2014-04-17,72.14,72.15,71.51,71.77,3736800.0
2014-04-21,71.87,72.26,71.78,72.18,2447200.0
2014-04-22,72.26,72.43,71.64,72.34,2889700.0
2014-04-23,72.33,72.47,71.87,72.050003,3180700.0
2014-04-24,72.2,72.49,72.07,72.35,2332400.0
2014-04-25,72.39,72.43,71.91,72.07,2608900.0
2014-04-28,72.29,72.69,71.94,72.63,2994200.0
2014-04-29,72.85,72.99,72.48,72.68,2944200.0
2014-04-30,72.82,72.99,72.45,72.94,2660700.0
2014-05-01,73.059998,73.32,72.31,73.25,3817400.0
2014-05-02,72.9,73.55,72.86,73.23,3495200.0
2014-05-05,73.0,73.44,72.69,73.38,2628500.0
2014-05-06,73.059998,73.39,72.87,73.12,2879800.0
2014-05-07,73.28,74.050003,73.16,74.0,4417300.0
2014-05-08,73.97,74.51,73.9,74.17,3389200.0
2014-05-09,74.22,74.45,73.8,74.22,3706300.0
2014-05-12,74.14,74.6,74.14,74.45,2983200.0
2014-05-13,74.48,75.019997,73.86,73.97,2476600.0
2014-05-14,74.050003,74.3,73.69,74.0,3956800.0
2014-05-15,74.050003,74.080002,73.35,73.96,2941200.0
2014-05-16,74.029999,74.65,73.65,74.64,2478900.0
2014-05-19,74.61,74.61,74.0,74.34,2420400.0
2014-05-20,74.39,74.6,73.87,74.11,2210200.0
2014-05-21,74.36,74.36,73.5,73.62,2164800.0
2014-05-22,73.69,73.9,73.45,73.49,1820600.0
2014-05-23,73.49,74.17,73.49,74.14,1418000.0
2014-05-27,74.34,74.71,74.18,74.67,2713200.0
2014-05-28,74.4,74.43,73.76,74.2,2363100.0
2014-05-29,74.3,74.4,74.010002,74.35,2379800.0
2014-05-30,74.28,74.78,74.22,74.69,3281400.0
2014-06-02,74.92,75.11,74.56,74.92,3096500.0
2014-06-03,74.91,74.97,74.62,74.88,1828800.0
2014-06-04,74.89,75.19,74.63,75.029999,1910500.0
2014-06-05,75.2,76.44,74.91,76.41,4992400.0
2014-06-06,76.77,76.77,75.95,76.089996,9927200.0
2014-06-09,76.17,76.34,75.029999,75.17,2468000.0
2014-06-10,75.11,75.19,74.34,74.61,2614700.0
2014-06-11,74.31,74.73,74.040001,74.41,2365800.0
2014-06-12,74.4,74.46,73.65,74.22,2249600.0
2014-06-13,74.22,74.53,73.73,74.41,1853100.0
2014-06-16,74.35,74.66,73.92,74.029999,2643400.0
2014-06-17,73.98,74.3,73.7,74.22,1942400.0
2014-06-18,74.23,74.91,73.92,74.74,2734500.0
2014-06-19,74.94,75.36,74.7,75.36,2555800.0
2014-06-20,75.36,75.66,74.95,75.62,2133100.0
2014-06-23,75.59,75.91,75.3,75.31,4780100.0
2014-06-24,74.62,74.91,74.43,74.67,3286300.0
2014-06-25,74.59,74.78,74.33,74.52,3838900.0
2014-06-26,74.56,74.59,74.23,74.45,2612600.0
2014-06-27,74.34,75.029999,74.28,75.019997,2013100.0
2014-06-30,75.07,75.080002,74.34,74.84,4124700.0
2014-07-01,74.89,75.44,74.63,75.24,3025500.0
2014-07-02,75.24,75.24,74.63,75.059998,2935000.0
2014-07-03,74.79,74.88,74.31,74.63,2878500.0
2014-07-07,74.51,74.97,74.51,74.85,2436200.0
2014-07-08,74.62,75.32,74.62,75.07,3175000.0
2014-07-09,75.17,75.31,74.66,75.19,2534800.0
2014-07-10,74.81,75.7,74.72,75.53,3409400.0
2014-07-11,75.5,75.63,75.17,75.54,2629400.0
2014-07-14,75.72,75.98,75.4,75.91,1907000.0
2014-07-15,75.96,76.099998,75.57,75.96,2907800.0
2014-07-16,76.12,76.27,75.74,76.2,2204200.0
2014-07-17,76.059998,76.18,75.7,75.81,2930400.0
2014-07-18,75.85,76.58,75.8,76.56,2042200.0
2014-07-21,76.36,76.42,76.050003,76.28,2612300.0
2014-07-22,76.41,76.75,76.41,76.52,2536100.0
2014-07-23,76.61,76.77,76.41,76.66,1972200.0
2014-07-24,76.85,76.88,76.38,76.56,2035000.0
2014-07-25,76.66,76.66,76.0,76.029999,4739600.0
2014-07-28,76.15,76.76,76.099998,76.56,2155500.0
2014-07-29,76.7,76.74,76.089996,76.19,1898000.0
2014-07-30,76.17,76.48,75.67,76.029999,3117400.0
2014-07-31,75.65,75.92,74.9,74.9,3195700.0
2014-08-01,74.89,75.4,74.72,74.72,3394800.0
2014-08-04,74.92,75.41,74.39,75.24,2458400.0
2014-08-05,74.95,75.2,74.31,74.47,2968400.0
2014-08-06,74.26,74.79,74.0,74.44,1930600.0
2014-08-07,74.67,74.88,74.32,74.48,2299300.0
2014-08-08,74.6,74.97,74.33,74.92,2574200.0
2014-08-11,75.12,75.61,75.0,75.39,2307300.0
2014-08-12,75.37,75.61,75.13,75.27,1510400.0
2014-08-13,75.41,76.39,75.41,76.36,1847200.0
2014-08-14,76.5,76.64,76.15,76.31,2020500.0
2014-08-15,76.55,76.72,75.95,76.23,2972400.0
2014-08-18,76.41,76.99,76.41,76.98,2328200.0
2014-08-19,77.15,77.33,76.88,77.14,1893300.0
2014-08-20,77.15,77.61,76.72,77.49,2361100.0
2014-08-21,77.55,77.84,77.32,77.37,2436900.0
2014-08-22,77.34,77.37,76.49,76.75,2568700.0
2014-08-25,77.13,77.2,76.31,76.58,1913700.0
2014-08-26,76.62,76.94,76.6,76.73,1762400.0
2014-08-27,76.82,77.0,76.59,76.78,1527300.0
2014-08-28,76.72,76.93,76.5,76.77,2491900.0
2014-08-29,76.87,77.18,76.71,77.18,1857400.0
2014-09-02,77.050003,77.33,76.98,77.19,2356800.0
2014-09-03,77.35,77.49,77.11,77.39,2254000.0
2014-09-04,77.39,77.61,76.86,77.099998,2032500.0
2014-09-05,77.23,77.95,77.13,77.92,2285600.0
2014-09-08,77.86,78.080002,77.61,77.84,3472300.0
2014-09-09,77.84,77.84,77.22,77.36,2389600.0
2014-09-10,77.25,77.25,76.080002,76.14,3369300.0
2014-09-11,76.059998,76.43,75.85,76.2,3158100.0
2014-09-12,75.85,75.87,73.45,73.86,5664200.0
2014-09-15,73.83,74.2,73.24,73.5,4031200.0
2014-09-16,73.53,74.44,73.5,74.22,3866000.0
2014-09-17,74.45,74.85,74.099998,74.2,3340200.0
2014-09-18,74.29,74.4,73.51,73.55,3321000.0
2014-09-19,73.55,73.96,73.39,73.64,3465500.0
2014-09-22,73.55,73.6,73.059998,73.059998,2511100.0
2014-09-23,73.029999,73.35,72.5,72.53,5408600.0
2014-09-24,71.85,72.53,71.53,71.67,4459300.0
2014-09-25,71.71,71.81,71.089996,71.35,5149900.0
2014-09-26,71.24,72.38,71.12,72.31,3992400.0
2014-09-29,71.88,72.26,71.48,72.21,3798600.0
2014-09-30,72.24,72.41,71.68,71.85,4720400.0
2014-10-01,71.6,72.39,71.6,71.91,6004400.0
2014-10-02,71.85,72.27,71.32,71.79,4035000.0
2014-10-03,72.089996,72.42,71.67,72.24,3338400.0
2014-10-06,72.43,72.84,72.25,72.43,2874400.0
2014-10-07,72.29,72.64,71.85,71.86,2711000.0
2014-10-08,72.040001,73.46,71.99,73.42,4952700.0
2014-10-09,73.35,74.29,73.3,73.42,4812800.0
2014-10-10,73.53,74.4,73.47,73.49,4856500.0
2014-10-13,73.8,74.31,73.5,73.56,4322300.0
2014-10-14,73.87,75.26,73.77,74.75,4833400.0
2014-10-15,74.49,75.059998,73.78,74.46,6098400.0
2014-10-16,73.49,74.79,73.49,74.58,4380100.0
2014-10-17,75.17,75.26,74.050003,74.67,3592900.0
2014-10-20,74.8,75.83,74.69,75.81,3538000.0
2014-10-21,76.050003,76.54,75.62,76.5,3590600.0
2014-10-22,76.55,77.019997,76.39,76.52,3685100.0
2014-10-23,76.97,77.28,76.58,77.11,4636200.0
2014-10-24,77.17,77.45,76.61,77.050003,3367300.0
2014-10-27,77.010002,77.65,76.95,77.62,3241900.0
2014-10-28,77.4,77.96,77.32,77.96,2537300.0
2014-10-29,77.83,77.88,76.85,77.52,3652200.0
2014-10-30,77.42,78.010002,77.13,78.010002,2619400.0
2014-10-31,78.39,79.050003,78.3,78.99,5992000.0
2014-11-03,79.029999,79.68,78.87,79.68,5130100.0
2014-11-04,79.66,79.82,79.0,79.81,2749400.0
2014-11-05,79.98,80.18,79.18,79.64,2257200.0
2014-11-06,79.61,79.91,78.9,79.029999,3025000.0
2014-11-07,79.11,79.31,78.55,78.93,3680900.0
2014-11-10,78.75,79.62,78.68,79.58,2141300.0
2014-11-11,79.55,79.64,78.92,79.27,2158300.0
2014-11-12,79.3,79.35,78.54,78.67,3648500.0
2014-11-13,78.83,79.29,78.73,79.099998,4038700.0
2014-11-14,79.099998,79.24,78.29,78.45,3117900.0
2014-11-17,78.35,78.93,78.35,78.8,2501400.0
2014-11-18,78.81,79.25,78.66,79.14,2609900.0
2014-11-19,78.92,79.17,78.42,78.43,2985900.0
2014-11-20,78.37,78.79,78.059998,78.69,3400800.0
2014-11-21,79.29,79.38,78.96,79.18,2827500.0
2014-11-24,79.34,79.72,79.29,79.46,3367400.0
2014-11-25,79.63,79.78,79.31,79.6,4664900.0
2014-11-26,79.65,80.44,79.65,80.37,2303900.0
2014-11-28,80.57,81.44,80.4,80.57,2225200.0
2014-12-01,80.5,81.059998,80.27,80.37,5767100.0
2014-12-02,80.36,80.96,79.86,80.87,3641400.0
2014-12-03,80.89,80.98,80.55,80.79,3620900.0
2014-12-04,80.77,81.11,80.37,81.0,3367000.0
2014-12-05,80.82,80.82,79.96,80.59,4100400.0
2014-12-08,80.45,82.38,80.44,81.099998,2651600.0
2014-12-09,80.3,81.64,80.22,81.47,3905800.0
2014-12-10,81.26,81.66,81.050003,81.39,3634400.0
2014-12-11,81.38,81.87,81.28,81.54,2845100.0
2014-12-12,81.36,81.79,80.8,80.83,3903500.0
2014-12-15,81.28,81.29,79.63,79.78,5900900.0
2014-12-16,79.78,80.39,79.17,79.67,7097800.0
2014-12-17,79.79,81.54,79.78,81.5,7227900.0
2014-12-18,82.07,82.16,81.43,82.07,6041800.0
2014-12-19,82.24,82.44,81.8,82.029999,5490300.0
2014-12-22,81.15,82.34,81.11,82.28,3600200.0
2014-12-23,82.57,82.63,81.83,82.050003,4804100.0
2014-12-24,82.26,82.41,81.62,81.71,1306900.0
2014-12-26,82.12,82.25,81.72,82.0,2907700.0
2014-12-29,81.9,82.77,81.8,82.45,2789100.0
2014-12-30,82.44,82.88,82.19,82.39,3292600.0
2014-12-31,82.77,83.089996,80.92,81.0,4494500.0
2015-01-02,81.7,82.29,81.34,82.22,5570500.0
2015-01-05,82.0,82.88,81.75,82.67,6073700.0
2015-01-06,82.75,83.75,82.75,83.49,7577100.0
2015-01-07,83.81,84.89,83.37,84.77,6920700.0
2015-01-08,85.35,85.36,84.41,85.089996,5255000.0
2015-01-09,85.089996,85.52,84.56,85.13,4643900.0
2015-01-12,85.34,85.87,85.18,85.78,5131800.0
2015-01-13,86.080002,86.33,85.2,85.65,5859600.0
2015-01-14,85.6,86.43,85.15,86.39,6249100.0
2015-01-15,86.57,86.81,86.040001,86.59,5004100.0
2015-01-16,86.59,87.45,86.28,87.34,4717000.0
2015-01-20,87.73,87.85,86.45,86.65,5012700.0
2015-01-21,86.69,86.69,86.18,86.59,4354500.0
2015-01-22,86.93,88.22,86.71,88.13,4450600.0
2015-01-23,88.11,88.35,87.68,87.88,3491800.0
2015-01-26,88.0,88.69,87.64,88.62,2885100.0
2015-01-27,88.4,89.0,88.3,88.65,3209400.0
2015-01-28,88.83,89.27,88.059998,88.059998,3948900.0
2015-01-29,88.46,88.46,87.46,88.37,3337500.0
2015-01-30,88.21,88.25,86.54,86.55,4969800.0
2015-02-02,86.53,86.69,84.69,86.32,7523600.0
2015-02-03,86.33,87.099998,85.66,87.07,4617400.0
2015-02-04,86.87,87.089996,86.21,86.71,3332800.0
2015-02-05,86.92,87.79,86.67,87.75,2921600.0
2015-02-06,87.54,87.66,84.83,85.2,6323300.0
2015-02-09,85.12,85.61,84.58,84.6,4235700.0
2015-02-10,84.75,85.059998,83.85,84.87,6144500.0
2015-02-11,85.040001,85.32,84.040001,84.62,4027100.0
2015-02-12,84.82,85.72,84.52,85.63,4523100.0
2015-02-13,85.9,85.94,84.56,85.059998,3444500.0
2015-02-17,85.0,85.86,84.65,84.85,6414800.0
2015-02-18,84.84,85.75,84.22,85.64,5487900.0
2015-02-19,85.69,85.69,83.61,83.8,5415600.0
2015-02-20,83.82,84.74,83.69,84.61,4982700.0
2015-02-23,84.62,85.33,84.55,85.29,3883800.0
2015-02-24,85.15,85.15,83.25,83.61,6027700.0
2015-02-25,83.7,84.53,83.53,83.63,6699700.0
2015-02-26,83.62,83.66,82.53,82.72,4738700.0
2015-02-27,82.98,83.58,82.43,83.37,4328200.0
2015-03-02,83.58,84.77,83.46,83.85,5353500.0
2015-03-03,83.74,83.93,82.97,83.69,4311400.0
2015-03-04,83.69,83.8,82.7,82.89,3054200.0
2015-03-05,83.099998,83.95,83.050003,83.13,3503900.0
2015-03-06,82.059998,82.089996,80.22,80.37,7166500.0
2015-03-09,80.65,81.19,80.65,81.010002,6548000.0
2015-03-10,80.77,81.33,80.65,80.95,5985700.0
2015-03-11,81.050003,81.29,80.71,81.019997,2833100.0
2015-03-12,81.32,82.54,81.29,82.43,4013200.0
2015-03-13,82.42,82.61,81.83,82.38,2863500.0
2015-03-16,82.84,83.72,82.62,83.23,2761500.0
2015-03-17,83.07,83.58,82.71,83.2,3764800.0
2015-03-18,83.21,85.18,82.73,84.94,5781800.0
2015-03-19,84.82,85.41,84.55,84.9,5663200.0
2015-03-20,85.4,87.11,85.11,87.029999,6004800.0
2015-03-23,87.029999,87.61,86.74,86.92,3644100.0
2015-03-24,86.86,86.89,86.16,86.18,5828800.0
2015-03-25,85.89,86.080002,83.95,84.19,5391800.0
2015-03-26,83.98,84.15,83.37,83.75,5638200.0
2015-03-27,83.82,84.22,83.52,83.86,2330600.0
2015-03-30,84.22,85.14,84.010002,85.059998,4149800.0
2015-03-31,84.68,85.28,84.07,84.31,2982800.0
2015-04-01,84.37,84.65,83.53,84.19,6666100.0
2015-04-02,84.34,85.14,84.14,84.83,3905900.0
2015-04-06,85.11,86.0,84.98,85.71,4398100.0
2015-04-07,85.69,85.81,84.2,84.2,3039000.0
2015-04-08,84.47,84.57,84.089996,84.33,2630300.0
2015-04-09,84.19,84.19,82.38,82.58,5098700.0
2015-04-10,83.010002,83.49,82.28,82.52,3651600.0
2015-04-13,82.49,82.82,82.28,82.3,2348700.0
2015-04-14,82.48,83.0,82.4,82.59,3662600.0
2015-04-15,82.92,82.93,81.92,81.97,3514000.0
2015-04-16,81.82,82.53,81.43,82.18,3395400.0
2015-04-17,81.86,82.28,81.24,81.8,5055300.0
2015-04-20,82.13,82.39,81.66,81.92,3191200.0
2015-04-21,82.14,82.58,81.83,82.059998,3830400.0
2015-04-22,82.080002,82.66,82.010002,82.23,3852800.0
2015-04-23,82.22,82.63,82.050003,82.45,2266200.0
2015-04-24,82.54,83.099998,82.25,82.62,2291700.0
2015-04-27,82.69,83.31,82.32,82.51,2973300.0
2015-04-28,82.43,82.62,81.82,82.35,3423400.0
2015-04-29,81.56,81.96,80.48,80.69,3149400.0
2015-04-30,80.37,80.47,78.89,79.38,8753800.0
2015-05-01,79.47,80.53,79.31,79.98,5902600.0
2015-05-04,80.24,80.8,79.94,80.059998,4563700.0
2015-05-05,80.019997,80.019997,78.19,78.32,6407200.0
2015-05-06,78.35,78.54,77.72,78.17,6480100.0
2015-05-07,78.28,79.68,78.21,79.37,6360600.0
2015-05-08,80.15,81.57,80.12,80.48,5136500.0
2015-05-11,80.17,80.71,79.029999,79.27,3080600.0
2015-05-12,78.68,79.76,78.12,79.51,4739300.0
2015-05-13,80.0,80.35,78.59,78.75,6222300.0
2015-05-14,79.19,80.31,78.99,80.27,4905400.0
2015-05-15,80.6,81.33,80.41,81.089996,4390600.0
2015-05-18,80.82,81.059998,80.44,80.88,3450200.0
2015-05-19,80.48,81.080002,80.41,80.6,2784700.0
2015-05-20,80.71,81.080002,80.43,80.53,3427400.0
2015-05-21,80.61,80.71,79.78,80.15,2667800.0
2015-05-22,79.86,80.6,79.6,80.050003,4067500.0
2015-05-26,80.0,80.050003,79.21,79.44,3041700.0
2015-05-27,79.74,80.35,79.36,80.22,2978600.0
2015-05-28,80.17,80.39,79.65,80.059998,2772000.0
2015-05-29,79.93,80.2,79.029999,79.14,4786500.0
2015-06-01,79.39,80.26,79.019997,80.11,4464400.0
2015-06-02,79.76,79.8,79.029999,79.37,3313200.0
2015-06-03,79.15,79.31,78.14,78.23,3886000.0
2015-06-04,78.15,78.44,77.83,78.080002,3710100.0
2015-06-05,77.050003,77.8,76.5,77.21,6141000.0
2015-06-08,77.2,77.41,76.9,77.07,3347100.0
2015-06-09,76.82,77.21,76.4,76.51,4604500.0
2015-06-10,76.47,77.73,76.38,77.050003,4332000.0
2015-06-11,77.62,77.81,77.37,77.52,9411000.0
2015-06-12,77.24,77.76,77.22,77.45,3125500.0
2015-06-15,77.38,77.38,76.85,77.029999,3565200.0
2015-06-16,77.099998,77.77,76.94,77.65,5474800.0
2015-06-17,77.71,78.37,77.12,78.31,3922300.0
2015-06-18,78.36,79.72,78.31,79.39,5616900.0
2015-06-19,79.44,79.61,78.53,78.78,5986300.0
2015-06-22,78.78,79.13,77.89,77.97,3898700.0
2015-06-23,77.65,77.82,77.18,77.32,2933200.0
2015-06-24,77.35,77.66,76.87,76.9,3900200.0
2015-06-25,77.0,77.0,76.089996,76.12,4820600.0
2015-06-26,75.3,76.089996,75.089996,75.9,3789500.0
2015-06-29,75.62,76.38,74.67,74.72,5112000.0
2015-06-30,75.13,75.39,74.5,74.69,5855900.0
2015-07-01,74.38,75.92,74.36,75.92,6318900.0
2015-07-02,76.46,77.14,75.98,76.11,4303700.0
2015-07-06,75.73,76.69,75.64,76.59,5116700.0
2015-07-07,77.0,77.93,76.81,77.79,5921000.0
2015-07-08,77.37,77.76,77.25,77.49,4941800.0
2015-07-09,77.68,77.94,76.93,77.12,3312900.0
2015-07-10,77.44,78.28,77.26,77.76,4774100.0
2015-07-13,77.82,78.74,77.46,77.87,2887800.0
2015-07-14,78.0,78.3,77.57,78.029999,2422900.0
2015-07-15,77.83,78.44,77.68,78.16,2238100.0
2015-07-16,78.29,78.89,78.29,78.79,2494800.0
2015-07-17,78.74,78.83,78.27,78.51,1803100.0
2015-07-20,78.32,78.74,78.080002,78.6,2164800.0
2015-07-21,78.68,78.99,78.37,78.38,3540700.0
2015-07-22,78.45,79.0,78.37,78.72,2883500.0
2015-07-23,78.67,78.71,77.27,77.74,3188900.0
2015-07-24,77.77,78.33,77.53,78.07,2800300.0
2015-07-27,77.94,78.66,77.94,78.21,3003000.0
2015-07-28,78.22,78.51,77.98,78.26,2674000.0
2015-07-29,78.17,78.9,77.85,78.77,7988100.0
2015-07-30,78.65,78.78,78.12,78.38,2932500.0
2015-07-31,78.92,79.63,78.85,79.0,5490400.0
2015-08-03,79.27,79.57,79.0,79.49,3766400.0
2015-08-04,79.72,79.86,78.73,78.91,4087300.0
2015-08-05,79.0,79.15,78.080002,78.39,3783100.0
2015-08-06,78.46,78.55,77.19,78.5,3473300.0
2015-08-07,78.37,78.9,77.8,78.79,3942600.0
2015-08-10,79.099998,79.17,78.18,78.54,2605100.0
2015-08-11,78.34,79.39,78.25,79.059998,4539900.0
2015-08-12,78.78,79.33,78.36,79.31,3229200.0
2015-08-13,79.13,79.73,78.47,79.4,2381900.0
2015-08-14,79.17,79.86,78.87,79.83,2558200.0
2015-08-17,79.91,80.57,79.49,80.51,2912600.0
2015-08-18,80.47,80.83,80.24,80.73,2904800.0
2015-08-19,80.51,80.62,79.77,80.25,2401000.0
2015-08-20,79.86,80.26,79.42,79.66,3999800.0
2015-08-21,79.26,79.56,78.18,78.18,4126300.0
2015-08-24,75.52,77.07,72.25,74.52,10864500.0
2015-08-25,75.52,76.0,72.46,72.47,9163900.0
2015-08-26,73.19,74.63,72.86,74.43,5067500.0
2015-08-27,75.12,76.47,74.48,75.87,5627400.0
2015-08-28,75.82,75.98,75.22,75.76,3881100.0
2015-08-31,75.58,75.75,74.029999,74.029999,6197200.0
2015-09-01,73.29,73.66,72.099998,72.62,7218400.0
2015-09-02,73.089996,73.63,72.72,73.37,5018500.0
2015-09-03,73.62,74.11,73.4,73.57,3712600.0
2015-09-04,73.12,73.12,71.67,72.2,4262900.0
2015-09-08,72.84,73.49,72.61,73.29,3004500.0
2015-09-09,73.87,74.14,72.34,72.45,3338100.0
2015-09-10,72.33,73.37,72.25,72.61,4609500.0
2015-09-11,72.6,74.019997,72.49,74.0,3892500.0
2015-09-14,74.11,74.25,73.82,74.040001,3040500.0
2015-09-15,74.07,74.93,73.57,74.77,2737200.0
2015-09-16,74.72,75.75,74.69,75.57,3318500.0
2015-09-17,75.65,77.74,75.27,76.43,6337800.0
2015-09-18,75.89,77.21,75.54,76.3,5798800.0
2015-09-21,76.34,77.34,76.3,76.95,3176300.0
2015-09-22,76.41,76.83,75.81,75.98,2963500.0
2015-09-23,75.5,76.080002,75.089996,75.7,3708700.0
2015-09-24,75.59,75.91,74.53,74.99,3707600.0
2015-09-25,75.32,75.92,74.85,75.29,3330000.0
2015-09-28,75.12,75.15,73.57,74.12,4094600.0
2015-09-29,74.57,75.23,74.050003,74.91,3784900.0
2015-09-30,75.45,75.69,74.91,75.54,6237100.0
2015-10-01,75.66,76.029999,75.11,75.91,4105200.0
2015-10-02,76.11,76.48,75.040001,76.46,4602000.0
2015-10-05,76.78,77.88,76.75,77.75,5176500.0
2015-10-06,77.79,78.21,77.35,77.57,3570700.0
2015-10-07,77.88,78.46,77.61,78.46,4211900.0
2015-10-08,78.39,79.19,78.13,79.12,3953200.0
2015-10-09,79.11,79.18,78.6,78.99,3102700.0
2015-10-12,79.16,79.85,78.99,79.55,3216500.0
2015-10-13,79.3,79.6,78.7,78.93,2362700.0
2015-10-14,79.089996,79.18,78.17,78.34,3349200.0
2015-10-15,78.42,79.41,78.35,79.41,2533600.0
2015-10-16,79.46,80.15,79.43,80.010002,2875000.0
2015-10-19,79.98,81.13,79.87,81.13,3146100.0
2015-10-20,80.98,81.32,80.76,81.099998,2781500.0
2015-10-21,81.25,81.49,80.74,80.8,3460600.0
2015-10-22,80.96,81.77,80.81,81.51,3504200.0
2015-10-23,81.54,81.68,80.23,80.72,3421300.0
2015-10-26,80.75,80.94,80.050003,80.7,3280000.0
2015-10-27,80.69,80.88,80.27,80.67,7135300.0
2015-10-28,80.67,81.26,79.25,80.74,4576600.0
2015-10-29,80.5,80.74,80.089996,80.63,3283100.0
2015-10-30,80.64,80.81,79.82,79.89,7057100.0
2015-11-02,80.07,81.6,79.78,81.59,6869600.0
2015-11-03,81.41,81.49,80.45,80.77,5285300.0
2015-11-04,80.82,80.96,80.17,80.41,3165100.0
2015-11-05,80.44,80.82,79.98,80.73,2804100.0
2015-11-06,79.43,79.76,77.72,78.22,7070200.0
2015-11-09,77.72,77.89,76.38,76.88,5919100.0
2015-11-10,76.87,77.94,76.85,77.76,4688800.0
2015-11-11,77.76,78.18,77.56,77.85,2228400.0
2015-11-12,77.64,78.010002,77.18,77.32,3212200.0
2015-11-13,77.36,77.75,76.38,76.44,4250100.0
2015-11-16,76.27,77.32,76.12,77.32,3117900.0
2015-11-17,77.11,77.98,77.029999,77.32,3845600.0
2015-11-18,77.41,78.050003,76.92,78.0,3429200.0
2015-11-19,78.099998,78.63,77.89,78.24,3628100.0
2015-11-20,78.73,79.31,78.5,79.22,3964600.0
2015-11-23,79.26,79.69,79.11,79.39,2370000.0
2015-11-24,78.96,79.13,78.32,78.97,3498900.0
2015-11-25,79.010002,79.48,78.93,79.29,1959700.0
2015-11-27,79.26,80.23,79.24,79.98,1348700.0
2015-11-30,80.27,80.46,79.18,79.39,7609800.0
2015-12-01,79.5,80.52,79.42,80.49,3847300.0
2015-12-02,80.26,80.37,78.73,78.85,5713500.0
2015-12-03,78.73,78.85,77.4,77.61,4737300.0
2015-12-04,77.68,79.29,77.65,79.089996,3434100.0
2015-12-07,78.96,79.19,78.52,78.87,4195100.0
2015-12-08,78.44,79.089996,78.36,78.8,3638600.0
2015-12-09,78.53,79.16,77.96,78.36,4218800.0
2015-12-10,78.49,78.76,77.73,77.8,3465000.0
2015-12-11,77.62,78.010002,77.17,77.66,3420800.0
2015-12-14,77.77,78.059998,77.07,78.019997,4775000.0
2015-12-15,78.37,79.26,78.37,78.87,3449100.0
2015-12-16,79.2,80.57,79.010002,80.41,4699300.0
2015-12-17,80.51,80.59,79.78,80.010002,3726800.0
2015-12-18,79.92,80.050003,79.080002,79.080002,5724400.0
2015-12-21,79.5,79.87,78.96,79.39,4455300.0
2015-12-22,79.57,80.21,79.56,79.71,6484300.0
2015-12-23,78.8,79.44,78.71,79.42,4029000.0
2015-12-24,79.27,79.69,78.98,79.42,1426000.0
2015-12-28,79.16,79.87,79.010002,79.86,6628800.0
2015-12-29,80.0,80.8,79.87,80.71,3499800.0
2015-12-30,80.65,80.91,80.37,80.43,3114300.0
2015-12-31,80.39,80.64,79.72,79.73,3292400.0
2016-01-04,79.07,79.099998,78.040001,78.77,8843700.0
2016-01-05,78.8,80.54,78.73,80.29,7114700.0
2016-01-06,79.57,80.19,79.53,80.07,5481200.0
2016-01-07,79.099998,79.43,78.43,78.51,6297500.0
2016-01-08,79.040001,79.099998,77.33,77.46,4628600.0
2016-01-11,77.53,78.36,77.5,77.9,4956800.0
2016-01-12,78.31,78.41,76.98,77.38,5951900.0
2016-01-13,77.63,78.2,76.099998,76.27,7679400.0
2016-01-14,76.17,76.78,75.52,76.089996,5167500.0
2016-01-15,75.14,75.76,74.55,75.57,5571400.0
2016-01-19,75.92,76.56,75.57,75.97,4978100.0
2016-01-20,75.099998,75.3,72.33,73.93,9091600.0
2016-01-21,74.28,75.39,73.68,74.34,6849300.0
2016-01-22,75.059998,76.7,74.94,76.41,4542700.0
2016-01-25,76.25,77.07,75.73,75.93,4670100.0
2016-01-26,76.28,77.55,76.13,77.52,5214000.0
2016-01-27,77.42,77.42,75.54,76.019997,4883200.0
2016-01-28,76.46,76.74,75.15,75.44,5584400.0
2016-01-29,75.9,77.07,75.33,76.99,11112200.0
2016-02-01,76.52,77.77,76.27,77.12,6925300.0
2016-02-02,76.75,77.0,75.99,76.42,6406000.0
2016-02-03,76.81,77.23,75.98,76.93,5729100.0
2016-02-04,76.88,77.39,76.18,76.97,4286700.0
2016-02-05,76.81,76.81,75.44,75.51,4033800.0
2016-02-08,75.019997,75.12,72.19,73.35,5440900.0
2016-02-09,72.61,72.8,71.44,72.0,8405600.0
2016-02-10,72.47,73.48,72.18,72.5,3877700.0
2016-02-11,71.48,71.95,70.89,71.47,4930700.0
2016-02-12,72.13,72.49,71.55,72.29,5067000.0
2016-02-16,72.85,73.7,72.51,73.62,3888900.0
2016-02-17,73.69,75.089996,73.69,74.25,3060900.0
2016-02-18,74.41,75.2,73.95,75.0,3539700.0
2016-02-19,74.74,75.75,74.49,75.43,2885500.0
2016-02-22,76.029999,76.71,76.0,76.15,2966500.0
2016-02-23,76.080002,76.85,75.83,75.95,2608300.0
2016-02-24,75.62,76.019997,75.080002,75.86,2997500.0
2016-02-25,76.2,77.45,76.2,77.41,3399900.0
2016-02-26,77.33,77.68,76.98,77.010002,3180500.0
2016-02-29,76.93,77.78,76.59,76.71,5057700.0
2016-03-01,76.78,78.88,76.64,78.87,5309500.0
2016-03-02,78.56,79.48,78.41,79.44,3621700.0
2016-03-03,79.47,79.86,79.059998,79.86,2907800.0
2016-03-04,79.73,79.94,79.29,79.87,2740000.0
2016-03-07,79.46,80.26,79.32,80.080002,3504600.0
2016-03-08,79.97,80.040001,79.16,79.26,2829000.0
2016-03-09,79.51,80.12,79.33,79.7,3566700.0
2016-03-10,80.25,80.41,78.53,79.41,2472500.0
2016-03-11,80.21,81.27,80.029999,81.19,2520900.0
2016-03-14,81.07,81.28,80.75,81.2,2593900.0
2016-03-15,80.86,81.41,80.69,81.24,1898100.0
2016-03-16,81.010002,82.35,80.72,82.22,3439600.0
2016-03-17,82.35,83.56,81.98,83.38,5526400.0
2016-03-18,83.54,83.75,83.019997,83.019997,3281800.0
2016-03-21,81.96,82.22,81.22,81.36,4343000.0
2016-03-22,81.2,81.61,80.88,81.36,4791300.0
2016-03-23,81.36,81.45,80.87,80.92,2837500.0
2016-03-24,80.78,81.019997,80.23,80.95,2839400.0
2016-03-28,80.93,81.86,80.91,81.68,3885100.0
2016-03-29,81.78,83.49,81.53,83.45,5022700.0
2016-03-30,83.66,83.84,83.22,83.29,3503100.0
2016-03-31,83.28,83.91,83.11,83.8,7533800.0
2016-04-01,83.63,83.83,83.17,83.69,5267300.0
2016-04-04,83.86,83.94,83.28,83.57,6908900.0
2016-04-05,83.2,83.42,82.81,83.019997,3251300.0
2016-04-06,83.050003,83.26,82.59,83.22,2940500.0
2016-04-07,83.019997,83.22,82.33,82.7,2339400.0
2016-04-08,83.13,83.5,82.95,83.16,3370300.0
2016-04-11,83.32,83.56,82.97,82.99,2848100.0
2016-04-12,83.17,83.79,82.96,83.59,2504600.0
2016-04-13,83.83,83.87,82.94,83.22,2827000.0
2016-04-14,83.17,83.23,82.54,82.76,2044200.0
2016-04-15,82.92,83.58,82.5,83.38,2429100.0
2016-04-18,83.25,83.79,83.14,83.78,2347400.0
2016-04-19,84.010002,84.010002,83.48,83.82,3137200.0
2016-04-20,83.83,84.0,82.33,82.4,4085800.0
2016-04-21,82.36,82.53,80.68,80.93,5046100.0
2016-04-22,80.93,81.95,80.81,81.81,3124400.0
2016-04-25,81.55,82.5,81.53,82.49,2385600.0
2016-04-26,82.79,83.28,82.51,82.81,3190800.0
2016-04-27,82.79,82.92,81.86,82.76,3244500.0
2016-04-28,82.26,83.089996,81.94,82.59,2870600.0
2016-04-29,82.19,82.37,81.029999,81.83,4117300.0
2016-05-02,81.78,83.31,81.78,83.099998,4008000.0
2016-05-03,83.07,83.29,82.59,83.23,3305700.0
2016-05-04,82.71,84.58,82.71,84.42,4138600.0
2016-05-05,84.53,84.82,84.13,84.66,3324300.0
2016-05-06,84.65,85.66,84.26,85.59,3499300.0
2016-05-09,85.86,86.67,85.62,86.53,4568700.0
2016-05-10,86.72,86.82,86.22,86.52,4034800.0
2016-05-11,86.47,86.47,84.34,84.67,4063900.0
2016-05-12,84.77,85.44,84.080002,85.16,3471000.0
2016-05-13,84.93,84.93,83.81,84.4,3991500.0
2016-05-16,84.39,85.45,84.32,85.2,3374900.0
2016-05-17,84.99,84.99,83.16,83.62,4308300.0
2016-05-18,83.27,83.36,81.37,82.31,4708500.0
2016-05-19,81.79,81.98,80.96,81.39,4316000.0
2016-05-20,81.7,82.19,81.55,82.040001,3296100.0
2016-05-23,82.18,82.36,81.85,82.050003,2744000.0
2016-05-24,82.56,83.21,82.26,83.07,2998500.0
2016-05-25,83.29,83.29,82.25,83.07,3250000.0
2016-05-26,82.91,83.48,82.72,83.23,3053400.0
2016-05-27,83.37,84.029999,83.29,83.68,3006900.0
2016-05-31,83.55,83.92,83.16,83.67,4810900.0
2016-06-01,83.38,83.95,83.3,83.74,4417500.0
2016-06-02,83.5,84.2,83.29,84.17,8043500.0
2016-06-03,84.98,85.24,84.099998,84.51,4295200.0
2016-06-06,84.59,84.77,83.42,83.86,3231900.0
2016-06-07,84.23,84.62,83.99,84.37,2424600.0
2016-06-08,84.31,84.98,84.050003,84.91,3099000.0
2016-06-09,84.91,85.26,84.61,85.099998,4132700.0
2016-06-10,84.78,85.019997,84.34,84.7,2538400.0
2016-06-13,84.73,85.36,84.62,84.72,3250300.0
2016-06-14,84.72,85.019997,84.19,84.5,3437300.0
2016-06-15,84.69,85.59,84.57,85.3,2829400.0
2016-06-16,85.18,85.81,84.76,85.78,2827100.0
2016-06-17,85.83,85.83,84.98,85.64,4408400.0
2016-06-20,86.050003,86.79,85.65,85.76,3987000.0
2016-06-21,85.31,85.57,84.93,85.32,3614700.0
2016-06-22,85.5,85.51,84.98,85.19,3994500.0
2016-06-23,85.58,85.94,85.44,85.62,1672700.0
2016-06-24,84.13,85.72,83.54,84.86,5661700.0
2016-06-27,84.52,85.050003,83.71,84.92,4769800.0
2016-06-28,85.47,86.72,85.15,86.71,5128700.0
2016-06-29,87.12,87.88,87.010002,87.76,4395600.0
2016-06-30,87.99,88.67,87.27,88.67,6555800.0
2016-07-01,88.97,89.4,88.44,88.7,4731800.0
2016-07-05,88.71,89.68,88.6,89.68,3808400.0
2016-07-06,89.55,89.65,88.85,89.29,4577200.0
2016-07-07,89.2,89.26,87.88,88.37,5342000.0
2016-07-08,88.86,89.84,88.75,89.8,2663400.0
2016-07-11,89.87,90.59,89.33,90.4,3381400.0
2016-07-12,90.41,90.54,89.68,90.39,3727600.0
2016-07-13,90.6,90.89,90.19,90.89,4902800.0
2016-07-14,90.61,90.84,89.87,90.080002,3060500.0
2016-07-15,90.07,90.18,89.46,90.11,3345600.0
2016-07-18,90.24,90.38,90.0,90.35,2699700.0
2016-07-19,90.35,90.79,89.93,90.79,1916500.0
2016-07-20,90.95,91.040001,90.51,90.8,2100600.0
2016-07-21,90.6,90.98,90.2,90.98,2179600.0
2016-07-22,90.89,92.050003,90.7,91.78,2482900.0
2016-07-25,91.81,92.14,91.3,91.61,2374700.0
2016-07-26,91.69,91.97,90.94,91.16,2460200.0
2016-07-27,91.14,91.14,89.7,90.45,3935200.0
2016-07-28,90.31,91.65,90.099998,91.29,2853100.0
2016-07-29,91.54,92.92,91.2,92.45,3502600.0
2016-08-01,92.33,92.75,92.26,92.65,3335100.0
2016-08-02,92.38,92.54,91.0,91.17,3877100.0
2016-08-03,90.85,91.23,90.15,90.64,3829400.0
2016-08-04,90.75,90.92,90.11,90.27,2649700.0
2016-08-05,90.32,90.6,90.010002,90.33,2941600.0
2016-08-08,90.27,90.91,90.11,90.49,2240200.0
2016-08-09,90.64,90.98,89.94,90.98,3474300.0
2016-08-10,91.24,91.4,90.59,90.88,5302900.0
2016-08-11,90.85,90.89,89.37,89.85,4788300.0
2016-08-12,90.050003,91.059998,89.78,90.23,2972100.0
2016-08-15,90.37,90.68,90.099998,90.14,2961400.0
2016-08-16,89.84,89.95,88.94,89.059998,4166800.0
2016-08-17,88.98,89.49,88.37,89.42,5192000.0
2016-08-18,89.29,89.69,88.67,89.089996,4074800.0
2016-08-19,88.97,89.07,88.26,88.52,3284900.0
2016-08-22,88.75,89.07,88.54,89.0,3671000.0
2016-08-23,89.31,89.51,89.010002,89.050003,6526100.0
2016-08-24,89.28,89.29,88.16,88.66,6064800.0
2016-08-25,88.9,89.6,88.62,89.059998,3219700.0
2016-08-26,89.22,89.77,87.59,88.18,5844000.0
2016-08-29,88.37,89.33,88.36,89.050003,3318600.0
2016-08-30,89.24,89.35,88.099998,88.88,3431900.0
2016-08-31,88.79,89.27,88.47,88.97,5003000.0
2016-09-01,89.07,89.099998,88.3,88.75,4098000.0
2016-09-02,89.27,90.61,89.13,89.52,4439500.0
2016-09-06,89.91,90.22,89.12,90.21,3874300.0
2016-09-07,90.089996,90.8,89.79,90.75,2874200.0
2016-09-08,90.35,90.5,89.55,89.64,3123900.0
2016-09-09,88.62,88.87,86.07,86.089996,7589300.0
2016-09-12,85.92,87.51,85.66,87.11,7088200.0
2016-09-13,86.080002,86.11,84.15,84.34,7223000.0
2016-09-14,84.56,85.080002,84.27,84.61,4781900.0
2016-09-15,84.58,85.059998,84.13,84.93,4320500.0
2016-09-16,84.83,85.050003,84.35,84.97,6251400.0
2016-09-19,85.25,85.84,85.16,85.74,3407700.0
2016-09-20,86.14,86.25,85.61,85.61,3905800.0
2016-09-21,85.76,86.84,84.6,86.71,6905000.0
2016-09-22,87.51,88.34,87.29,88.26,3575700.0
2016-09-23,88.019997,88.83,87.29,88.53,4722300.0
2016-09-26,88.28,88.95,88.0,88.74,3440200.0
2016-09-27,89.029999,89.029999,87.65,87.8,6479800.0
2016-09-28,87.94,88.59,87.67,88.52,2676300.0
2016-09-29,88.22,88.28,87.080002,87.34,4662800.0
2016-09-30,87.65,88.19,86.73,86.74,6718600.0
2016-10-03,86.010002,86.29,84.95,85.12,10473900.0
2016-10-04,85.0,85.040001,83.46,83.96,7415500.0
2016-10-05,84.12,84.55,82.17,82.26,8125200.0
2016-10-06,81.85,82.89,81.11,82.29,6760300.0
2016-10-07,82.8,83.63,81.77,82.15,6036800.0
2016-10-10,82.15,83.010002,82.15,82.66,2818300.0
2016-10-11,82.55,82.74,81.64,81.86,4306600.0
2016-10-12,81.99,82.92,81.86,82.8,3492600.0
2016-10-13,82.47,83.59,82.22,83.45,3633600.0
2016-10-14,83.3,83.99,82.91,83.080002,3187500.0
2016-10-17,83.15,83.77,83.080002,83.26,3154000.0
2016-10-18,83.81,84.28,83.51,83.79,2533200.0
2016-10-19,83.81,84.089996,83.34,83.97,2871000.0
2016-10-20,83.96,84.33,83.32,83.78,3261100.0
2016-10-21,83.38,83.69,83.099998,83.47,3193800.0
2016-10-24,83.85,84.51,83.33,83.66,3948800.0
2016-10-25,83.32,83.62,83.059998,83.51,3161400.0
2016-10-26,83.19,83.31,81.85,82.42,4093100.0
2016-10-27,82.27,82.31,80.040001,80.26,5969300.0
2016-10-28,80.39,81.14,80.15,80.45,4819100.0
2016-10-31,80.8,81.91,80.47,81.76,5009700.0
2016-11-01,81.4,81.47,79.7,79.98,7465200.0
2016-11-02,79.85,80.080002,78.79,78.81,7847600.0
2016-11-03,78.87,79.010002,78.18,78.2,7221900.0
2016-11-04,78.39,79.080002,78.059998,78.82,4432600.0
2016-11-07,79.41,80.23,79.41,80.2,5860500.0
2016-11-08,80.18,80.89,79.8,80.62,4023300.0
2016-11-09,78.7,80.0,77.77,79.4,10045800.0
2016-11-10,79.3,79.34,76.98,78.07,13504700.0
2016-11-11,78.0,79.51,77.95,78.54,5066000.0
2016-11-14,78.4,80.61,78.019997,80.4,6755200.0
2016-11-15,80.67,81.34,79.18,79.73,7719900.0
2016-11-16,79.76,80.0,78.9,79.5,10337100.0
2016-11-17,79.46,80.059998,78.58,78.69,3645200.0
2016-11-18,78.79,79.13,78.42,78.92,3655600.0
2016-11-21,79.18,79.75,78.59,78.68,3488200.0
2016-11-22,79.07,80.099998,78.83,80.059998,4226700.0
2016-11-23,79.36,79.8,79.040001,79.72,6542100.0
2016-11-25,79.8,80.63,79.74,80.18,1904500.0
2016-11-28,80.18,81.080002,80.13,80.55,4065700.0
2016-11-29,80.63,81.73,80.57,81.32,3754200.0
2016-11-30,80.55,81.050003,80.0,80.39,6826400.0
2016-12-01,79.92,80.21,78.76,79.21,6361900.0
2016-12-02,79.56,80.83,79.43,80.0,3695900.0
2016-12-05,80.010002,80.69,79.73,80.59,3457200.0
2016-12-06,80.8,81.47,80.5,81.11,4024800.0
2016-12-07,81.17,82.86,81.07,82.73,5754300.0
2016-12-08,82.45,83.53,82.010002,83.3,4404200.0
2016-12-09,83.35,83.99,83.019997,83.21,4506200.0
2016-12-12,82.98,83.81,82.83,83.76,3610700.0
2016-12-13,84.099998,84.19,83.14,83.72,4015100.0
2016-12-14,83.62,83.83,81.75,81.89,4857300.0
2016-12-15,81.82,82.47,81.16,81.41,3915200.0
2016-12-16,81.58,83.17,81.45,82.63,6581100.0
2016-12-19,82.91,83.88,82.9,83.52,3663600.0
2016-12-20,83.48,84.080002,83.18,83.71,5193600.0
2016-12-21,83.71,84.26,82.42,82.44,4998400.0
2016-12-22,80.64,80.88,79.91,80.61,3891700.0
2016-12-23,80.72,82.28,80.49,80.82,4504400.0
2016-12-27,80.94,81.3,80.61,80.99,3833000.0
2016-12-28,81.18,81.18,80.24,80.5,3979500.0
2016-12-29,80.76,81.74,80.45,81.5,4259400.0
2016-12-30,81.59,82.7,81.2,82.53,6673400.0
2017-01-03,82.98,83.0,82.14,82.8,9380300.0
2017-01-04,82.91,84.19,82.83,84.010002,6598700.0
2017-01-05,83.7,84.38,82.92,84.28,8555700.0
2017-01-06,84.019997,84.7,83.82,84.29,3901200.0
2017-01-09,84.53,84.53,83.5,83.53,3546100.0
2017-01-10,83.57,83.57,82.78,82.82,3959600.0
2017-01-11,82.87,82.96,82.23,82.31,4498000.0
2017-01-12,82.4,82.77,81.6,82.73,4670700.0
2017-01-13,82.72,83.019997,82.33,82.61,3658100.0
2017-01-17,82.96,83.32,82.76,83.25,4139200.0
2017-01-18,83.22,83.67,83.029999,83.39,3317400.0
2017-01-19,83.080002,83.25,82.34,82.54,3169200.0
2017-01-20,82.57,83.19,82.38,83.14,3285400.0
2017-01-23,83.26,83.97,83.0,83.84,3165600.0
2017-01-24,83.84,84.21,83.5,83.86,4204200.0
2017-01-25,83.81,84.16,83.059998,83.31,3461500.0
2017-01-26,83.32,83.72,83.029999,83.15,4093700.0
2017-01-27,83.39,83.5,82.019997,82.34,2996000.0
2017-01-30,82.099998,82.27,81.57,81.78,3182600.0
2017-01-31,81.8,82.95,81.8,82.37,11091400.0
2017-02-01,82.28,82.89,81.32,81.38,4555800.0
2017-02-02,81.43,82.43,81.42,82.35,4754800.0
2017-02-03,82.96,83.23,82.46,82.8,4165000.0
2017-02-06,82.9,83.059998,82.49,82.66,2985800.0
2017-02-07,82.73,83.029999,82.24,82.37,3250700.0
2017-02-08,82.62,83.2,82.3,83.019997,3316700.0
2017-02-09,83.019997,83.38,82.92,83.22,2806600.0
2017-02-10,83.19,83.86,83.029999,83.81,2983800.0
2017-02-13,83.88,84.2,83.38,83.84,3968200.0
2017-02-14,83.64,83.69,82.75,83.4,2687900.0
2017-02-15,82.88,83.25,82.34,83.12,3687300.0
2017-02-16,83.21,84.17,83.12,83.61,3097800.0
2017-02-17,83.81,83.9,83.07,83.77,2624100.0
2017-02-21,83.68,84.93,83.57,84.84,5646700.0
2017-02-22,84.96,85.25,84.13,84.56,3464400.0
2017-02-23,84.79,85.07,84.22,85.0,3430900.0
2017-02-24,84.98,85.43,84.52,85.4,3667400.0
2017-02-27,85.39,86.16,85.32,85.85,3326700.0
2017-02-28,85.85,85.85,85.059998,85.26,5778100.0
2017-03-01,85.0,85.49,84.7,85.0,6282800.0
2017-03-02,84.88,84.95,84.25,84.54,3060400.0
2017-03-03,84.47,84.55,83.35,84.21,4177700.0
2017-03-06,84.059998,84.099998,83.43,83.83,3237400.0
2017-03-07,83.65,83.79,83.029999,83.43,4658000.0
2017-03-08,82.94,83.040001,81.83,81.89,4814100.0
2017-03-09,81.73,82.22,80.48,80.66,5604300.0
2017-03-10,81.3,81.71,79.98,80.41,6278800.0
2017-03-13,80.5,81.11,80.34,80.61,4691000.0
2017-03-14,80.53,80.79,80.07,80.59,4582400.0
2017-03-15,80.83,82.64,80.78,82.22,7177800.0
2017-03-16,82.13,82.62,81.91,82.059998,4456700.0
2017-03-17,82.4,82.7,82.0,82.44,4380600.0
2017-03-20,82.5,82.74,82.16,82.37,2748500.0
2017-03-21,82.48,82.72,81.88,82.010002,6969700.0
2017-03-22,81.51,81.56,80.55,81.37,4618000.0
2017-03-23,81.38,82.63,81.26,81.97,7610200.0
2017-03-24,82.089996,82.45,81.78,81.88,4399200.0
2017-03-27,81.76,82.12,80.89,81.14,4556000.0
2017-03-28,81.33,81.61,80.57,81.49,4232100.0
2017-03-29,81.46,81.96,81.21,81.95,3123200.0
2017-03-30,81.82,82.23,81.28,82.099998,4593300.0
2017-03-31,82.13,82.89,81.99,82.59,7167900.0
2017-04-03,82.36,82.99,82.32,82.83,7469000.0
2017-04-04,82.71,83.37,82.6,82.83,5359300.0
2017-04-05,82.91,83.41,82.82,82.95,4738600.0
2017-04-06,82.77,83.54,82.43,83.39,4711500.0
2017-04-07,83.59,83.88,83.27,83.51,4483800.0
2017-04-10,83.56,84.16,83.36,84.029999,2547800.0
2017-04-11,84.059998,84.77,83.94,84.61,3864200.0
2017-04-12,84.58,84.9,84.31,84.46,3526900.0
2017-04-13,84.43,84.65,84.16,84.27,2759500.0
2017-04-17,84.4,85.31,84.31,85.29,3875000.0
2017-04-18,85.22,85.6,85.16,85.52,2807300.0
2017-04-19,85.45,85.72,85.25,85.4,3622900.0
2017-04-20,85.24,85.47,84.8,85.41,3109100.0
2017-04-21,85.36,85.46,84.96,85.099998,3261900.0
2017-04-24,85.5,85.55,83.39,84.16,6595300.0
2017-04-25,84.16,84.64,84.019997,84.51,3412300.0
2017-04-26,84.45,84.62,83.67,83.88,4185400.0
2017-04-27,84.010002,84.21,83.5,83.66,4822200.0
2017-04-28,83.44,83.57,82.49,82.79,5983700.0
2017-05-01,83.15,83.53,82.46,83.28,6003600.0
2017-05-02,83.38,83.59,82.83,83.14,4930000.0
2017-05-03,83.099998,83.2,81.76,82.029999,6207500.0
2017-05-04,81.52,81.76,80.7,81.63,8025100.0
2017-05-05,81.81,82.4,81.77,82.4,5458100.0
2017-05-08,82.58,82.58,81.36,81.82,3940600.0
2017-05-09,81.81,81.92,81.059998,81.38,5790900.0
2017-05-10,81.37,82.3,81.17,82.019997,3801400.0
2017-05-11,81.72,81.85,80.9,81.61,3542600.0
2017-05-12,81.61,81.78,81.21,81.28,3115400.0
2017-05-15,81.35,82.22,81.3,81.52,3263900.0
2017-05-16,81.52,81.69,80.71,80.97,4338600.0
2017-05-17,80.92,81.61,80.75,81.3,7243700.0
2017-05-18,81.17,81.96,80.73,81.75,4128200.0
2017-05-19,81.69,82.68,81.35,82.19,6390100.0
2017-05-22,82.22,82.8,82.16,82.51,3433700.0
2017-05-23,82.68,82.99,82.53,82.58,2960100.0
2017-05-24,82.69,83.3,82.65,83.25,2578500.0
2017-05-25,83.39,83.65,83.080002,83.26,3146900.0
2017-05-26,83.23,83.33,82.4,82.66,3046100.0
2017-05-30,82.65,82.82,82.14,82.14,1865200.0
2017-05-31,82.28,82.53,81.87,82.19,5515000.0
2017-06-01,81.96,82.72,81.76,82.62,6557200.0
2017-06-02,82.96,83.65,82.96,83.47,3999500.0
2017-06-05,83.26,83.38,82.73,83.11,4919900.0
2017-06-06,83.16,83.18,82.59,82.71,4358300.0
2017-06-07,82.69,83.44,82.62,83.29,3191200.0
2017-06-08,83.32,83.32,82.35,83.089996,2963600.0
2017-06-09,83.089996,83.95,82.8,83.67,4950400.0
2017-06-12,83.6,84.44,83.47,84.42,4049500.0
2017-06-13,84.38,84.69,84.029999,84.61,2787500.0
2017-06-14,85.12,85.3,84.44,84.73,5317300.0
2017-06-15,84.37,85.39,84.3,85.16,3757200.0
2017-06-16,85.27,85.32,84.57,84.94,4497900.0
2017-06-19,84.94,84.99,84.54,84.95,4892200.0
2017-06-20,85.0,85.24,84.099998,84.75,3194300.0
2017-06-21,84.75,84.99,84.040001,84.58,2559700.0
2017-06-22,84.47,84.83,84.13,84.66,6220800.0
2017-06-23,83.89,84.63,83.75,84.15,3759000.0
2017-06-26,84.36,85.059998,84.36,84.75,6417400.0
2017-06-27,84.33,84.83,83.94,83.99,3925300.0
2017-06-28,84.22,84.59,83.93,84.19,2956300.0
2017-06-29,83.92,83.92,83.080002,83.23,3985800.0
2017-06-30,83.46,83.88,82.99,83.23,4206900.0
2017-07-03,83.56,84.46,83.37,84.29,3169500.0
2017-07-05,84.44,84.44,82.94,83.099998,5370200.0
2017-07-06,82.59,82.97,81.44,81.54,4091400.0
2017-07-07,81.74,82.23,81.43,82.0,3249800.0
2017-07-10,82.18,82.26,81.19,81.25,4164100.0
2017-07-11,81.31,81.39,80.58,81.16,3346600.0
2017-07-12,81.71,82.63,81.54,82.16,3189200.0
2017-07-13,82.22,82.49,82.0,82.29,2556100.0
2017-07-14,82.79,83.23,82.71,83.080002,2577600.0
2017-07-17,83.080002,83.88,82.92,83.75,2730700.0
2017-07-18,83.78,83.93,83.34,83.57,3012500.0
2017-07-19,83.7,84.23,83.52,84.2,2949700.0
2017-07-20,84.25,84.39,83.77,83.81,3140400.0
2017-07-21,83.87,83.97,83.35,83.75,2967100.0
2017-07-24,83.73,83.83,83.21,83.59,2659300.0
2017-07-25,83.65,83.78,83.13,83.7,2785000.0
2017-07-26,83.73,84.57,83.54,84.28,2976800.0
2017-07-27,83.98,84.73,83.48,84.38,2828800.0
2017-07-28,84.4,84.66,83.98,84.15,3024500.0
2017-07-31,84.24,84.38,83.6,84.26,2967600.0
2017-08-01,84.52,85.0,83.97,84.64,3142900.0
2017-08-02,84.46,84.46,83.59,83.87,2192000.0
2017-08-03,83.72,84.18,83.4,83.7,2032500.0
2017-08-04,83.68,84.14,83.5,83.98,2068700.0
2017-08-07,84.0,84.11,83.57,83.89,1642700.0
2017-08-08,83.73,83.92,83.28,83.49,2324400.0
2017-08-09,83.55,83.59,83.050003,83.21,4508400.0
2017-08-10,83.029999,83.18,82.61,82.61,4190800.0
2017-08-11,82.63,82.69,81.73,82.099998,2692800.0
2017-08-14,82.44,83.63,82.3,83.47,2160200.0
2017-08-15,83.31,83.31,82.67,83.22,2260000.0
2017-08-16,83.32,83.81,83.32,83.55,2945300.0
2017-08-17,83.45,83.75,82.99,83.029999,2053900.0
2017-08-18,82.82,82.95,81.95,82.19,2011600.0
2017-08-21,82.2,83.21,82.07,83.07,2487600.0
2017-08-22,83.080002,83.33,82.61,82.83,1835300.0
2017-08-23,82.86,83.78,82.65,83.68,1889800.0
2017-08-24,83.85,84.33,83.37,83.42,2012200.0
2017-08-25,83.69,84.13,83.31,83.82,2147300.0
2017-08-28,83.86,83.94,82.92,83.18,2072000.0
2017-08-29,83.059998,83.45,83.0,83.089996,1401700.0
2017-08-30,82.95,83.57,82.62,83.56,2054100.0
2017-08-31,83.79,84.27,83.63,84.040001,3212700.0
2017-09-01,84.059998,84.68,83.95,84.33,3385900.0
2017-09-05,84.42,84.68,83.68,84.099998,3705200.0
2017-09-06,84.27,84.89,84.19,84.32,3330500.0
2017-09-07,84.49,85.0,84.36,84.86,2313000.0
2017-09-08,84.63,85.24,84.56,84.93,2334500.0
2017-09-11,85.12,85.8,85.0,85.71,2352600.0
2017-09-12,85.58,85.8,84.39,84.7,3991300.0
2017-09-13,84.72,84.76,84.19,84.48,1840100.0
2017-09-14,84.37,85.22,84.17,85.18,2839400.0
2017-09-15,85.13,85.38,84.58,85.34,3172800.0
2017-09-18,85.32,85.47,84.61,84.88,3442200.0
2017-09-19,84.95,84.97,84.26,84.32,2916500.0
2017-09-20,84.54,84.66,83.72,84.089996,2741300.0
2017-09-21,84.080002,84.63,83.92,83.93,6278500.0
2017-09-22,83.17,83.48,82.44,82.49,4549600.0
2017-09-25,82.49,83.31,82.49,82.97,5536300.0
2017-09-26,83.13,83.38,82.91,83.11,3099300.0
2017-09-27,82.94,83.099998,82.07,82.36,3812800.0
2017-09-28,82.19,83.0,82.19,82.92,4114300.0
2017-09-29,82.8,83.18,82.62,83.089996,4245200.0
2017-10-02,83.22,83.26,82.84,82.97,4533800.0
2017-10-03,82.96,83.040001,82.66,82.85,6710800.0
2017-10-04,82.92,83.33,82.63,83.27,4137400.0
2017-10-05,83.38,83.99,83.37,83.57,3398700.0
2017-10-06,83.13,83.37,82.6,83.3,2594800.0
2017-10-09,83.34,83.71,83.25,83.5,2248200.0
2017-10-10,83.76,84.32,83.5,83.75,6012600.0
2017-10-11,83.82,84.29,83.81,84.029999,2944800.0
2017-10-12,84.059998,84.57,83.93,84.57,2787500.0
2017-10-13,84.88,85.0,84.4,84.79,2662600.0
2017-10-16,84.73,84.9,84.3,84.37,1972300.0
2017-10-17,84.28,84.52,84.12,84.47,2191300.0
2017-10-18,84.37,84.69,84.21,84.38,1935900.0
2017-10-19,84.36,84.54,83.84,84.13,1838700.0
2017-10-20,84.059998,84.099998,83.33,83.65,2929900.0
2017-10-23,83.75,83.83,83.23,83.33,2618800.0
2017-10-24,83.17,83.44,82.54,82.83,2521400.0
2017-10-25,82.48,82.87,82.019997,82.59,3490900.0
2017-10-26,82.81,83.0,81.61,81.91,3916400.0
2017-10-27,81.86,82.49,81.34,82.28,2979900.0
2017-10-30,81.86,82.54,81.86,82.21,3061000.0
2017-10-31,82.22,82.35,81.49,82.2,4422700.0
2017-11-01,82.34,82.78,82.15,82.6,3507700.0
2017-11-02,82.85,83.64,82.73,83.3,5159300.0
2017-11-03,82.89,83.41,82.53,83.089996,2458400.0
2017-11-06,83.16,83.88,83.11,83.65,3156300.0
2017-11-07,83.69,84.6,83.68,84.33,3992500.0
2017-11-08,84.27,84.8,84.23,84.75,2058200.0
2017-11-09,84.44,85.35,84.21,84.84,3856400.0
2017-11-10,84.41,85.21,84.25,84.93,3657400.0
2017-11-13,84.98,85.48,84.85,85.36,3487200.0
2017-11-14,85.12,85.42,85.029999,85.18,4039200.0
2017-11-15,85.050003,85.2,84.27,84.32,5171100.0
2017-11-16,84.11,85.11,84.099998,85.019997,5137200.0
2017-11-17,84.81,85.07,84.55,84.65,2782600.0
2017-11-20,84.71,84.79,84.26,84.4,3613800.0
2017-11-21,84.64,85.080002,84.51,85.029999,3056900.0
2017-11-22,84.87,85.13,84.63,84.84,2347400.0
2017-11-24,84.91,85.089996,84.88,84.95,1255000.0
2017-11-27,85.040001,85.050003,84.52,84.55,2218000.0
2017-11-28,84.51,84.62,83.79,84.23,2946800.0
2017-11-29,84.019997,84.45,83.76,84.26,4633900.0
2017-11-30,84.53,84.65,84.14,84.39,4849800.0
2017-12-01,84.49,84.91,83.85,84.59,4664700.0
2017-12-04,84.76,85.099998,84.15,84.17,4484100.0
2017-12-05,83.75,84.3,83.45,83.47,4372600.0
2017-12-06,83.34,83.78,83.0,83.39,3967900.0
2017-12-07,83.6,83.68,83.11,83.6,4049100.0
2017-12-08,83.93,84.18,83.55,84.029999,3448600.0
2017-12-11,84.050003,84.15,83.84,84.019997,5326200.0
2017-12-12,84.46,84.66,83.74,84.43,4732000.0
2017-12-13,84.62,84.97,84.41,84.57,3887100.0
2017-12-14,84.62,84.88,84.38,84.55,4901000.0
2017-12-15,84.66,85.25,84.63,85.080002,4909500.0
2017-12-18,85.26,86.14,85.25,85.64,5169400.0
2017-12-19,85.67,85.69,83.67,83.82,5259200.0
2017-12-20,83.86,84.089996,82.84,82.85,7831900.0
2017-12-21,81.95,81.95,81.18,81.27,4701300.0
2017-12-22,81.32,81.95,81.22,81.83,6484400.0
2017-12-26,81.85,82.46,81.68,82.24,2874500.0
2017-12-27,82.82,82.82,82.31,82.51,4341500.0
2017-12-28,82.39,83.029999,82.31,82.95,3172900.0
2017-12-29,83.11,83.28,82.85,82.98,2957300.0
2018-01-02,83.040001,83.17,82.4,82.67,4639500.0
2018-01-03,82.73,82.93,82.26,82.43,5516900.0
2018-01-04,82.45,82.48,80.99,81.010002,4734100.0
2018-01-05,81.17,81.23,80.84,81.050003,5742900.0
2018-01-08,81.16,81.61,81.040001,81.47,4763200.0
2018-01-09,81.5,81.73,80.39,80.42,4631000.0
2018-01-10,80.099998,80.23,79.11,79.52,6244400.0
2018-01-11,79.71,79.93,79.17,79.25,5067100.0
2018-01-12,79.029999,79.24,78.47,78.61,5154600.0
2018-01-16,78.9,80.029999,78.74,78.76,5760800.0
2018-01-17,79.089996,79.4,78.7,79.31,5560300.0
2018-01-18,79.010002,79.099998,78.22,78.29,4548200.0
2018-01-19,78.42,78.72,78.2,78.71,4546800.0
2018-01-22,78.83,79.47,78.74,79.43,4767400.0
2018-01-23,79.79,80.55,79.66,80.53,4599700.0
2018-01-24,80.42,80.61,79.83,80.11,6242500.0
2018-01-25,79.97,80.11,79.45,79.97,4765000.0
2018-01-26,79.97,80.080002,79.23,79.69,4966400.0
2018-01-29,79.48,79.49,78.57,78.62,5280200.0
2018-01-30,78.27,78.59,77.92,78.050003,6937600.0
2018-01-31,78.27,79.48,78.019997,79.45,8845500.0
2018-02-01,79.089996,79.74,77.6,77.74,7313200.0
2018-02-02,77.16,77.6,76.44,77.080002,11151800.0
2018-02-05,76.7,77.54,74.69,74.79,8861900.0
2018-02-06,73.55,75.2,73.089996,74.8,12554100.0
2018-02-07,74.78,75.92,74.43,74.48,7480000.0
2018-02-08,74.15,74.93,72.27,72.34,11116900.0
2018-02-09,72.79,74.74,72.050003,74.15,12718500.0
2018-02-12,74.59,74.63,72.11,74.18,15209300.0
2018-02-13,74.010002,74.91,73.52,74.7,8766100.0
2018-02-14,74.059998,74.25,73.16,74.16,8225700.0
2018-02-15,74.27,75.010002,74.059998,74.88,7359200.0
2018-02-16,75.11,75.67,74.82,75.29,7002400.0
2018-02-20,75.059998,75.68,74.31,74.4,5766000.0
2018-02-21,74.4,74.53,72.93,72.93,7852900.0
2018-02-22,73.28,74.31,73.13,73.76,7412700.0
2018-02-23,74.029999,74.96,73.92,74.94,6884100.0
2018-02-26,75.31,75.36,74.64,75.15,6336100.0
2018-02-27,75.3,75.35,73.38,73.4,7635400.0
2018-02-28,73.66,74.35,73.35,73.35,9175500.0
2018-03-01,73.19,74.3,72.83,73.42,8794700.0
2018-03-02,73.07,73.47,72.62,73.39,8408100.0
2018-03-05,73.19,74.57,73.14,74.22,5558100.0
2018-03-06,74.34,74.73,73.69,74.57,6039100.0
2018-03-07,74.23,75.089996,74.19,75.029999,9868300.0
2018-03-08,75.2,75.35,74.79,75.17,6381300.0
2018-03-09,75.17,75.58,74.68,75.58,6293400.0
2018-03-12,75.63,76.089996,75.38,75.91,6661400.0
2018-03-13,76.16,76.51,75.72,75.98,4877100.0
2018-03-14,75.91,76.35,75.73,76.050003,5945100.0
2018-03-15,76.18,76.31,75.63,76.029999,5680500.0
2018-03-16,75.94,76.66,75.77,76.56,4951000.0
2018-03-19,76.46,76.48,75.42,75.9,3999400.0
2018-03-20,75.85,76.38,75.35,75.64,5677000.0
2018-03-21,75.55,75.85,74.68,75.080002,5905400.0
2018-03-22,74.9,75.97,74.61,74.64,5605700.0
2018-03-23,74.62,74.83,73.12,73.31,9530900.0
2018-03-26,73.029999,73.56,72.68,73.43,6979200.0
2018-03-27,73.53,74.68,72.67,73.71,9132000.0
2018-03-28,73.97,75.7,73.84,75.56,8917300.0
2018-03-29,75.77,75.95,75.16,75.47,5993400.0
2018-04-02,75.34,75.67,73.95,74.45,6487700.0
2018-04-03,74.57,75.42,74.080002,75.080002,9987300.0
2018-04-04,74.66,76.089996,74.49,75.87,5502800.0
2018-04-05,75.92,75.99,75.19,75.84,4195900.0
2018-04-06,75.67,76.25,75.019997,75.27,4817500.0
2018-04-09,75.32,75.63,74.91,75.029999,4466300.0
2018-04-10,75.35,75.49,74.83,74.95,7318500.0
2018-04-11,74.81,75.68,74.74,75.11,3892500.0
2018-04-12,75.23,75.24,74.050003,74.27,4049600.0
2018-04-13,74.2,74.72,74.089996,74.66,3817100.0
2018-04-16,74.75,75.37,74.57,75.12,4279000.0
2018-04-17,75.29,76.42,75.059998,76.0,4503600.0
2018-04-18,76.18,76.28,75.83,75.84,4122900.0
2018-04-19,75.59,75.67,74.21,74.74,6917900.0
2018-04-20,74.66,74.96,73.95,74.050003,5171200.0
2018-04-23,74.080002,74.38,73.66,73.99,4325700.0
2018-04-24,74.050003,74.58,73.85,74.27,5852200.0
2018-04-25,74.029999,74.41,73.55,74.13,4055400.0
2018-04-26,74.35,75.52,74.25,75.099998,5551000.0
2018-04-27,75.059998,76.64,74.97,76.39,6278700.0
2018-04-30,76.42,76.71,76.07,76.089996,6625500.0
2018-05-01,76.080002,76.93,75.94,76.78,5251600.0
2018-05-02,76.61,76.83,75.83,76.5,5361800.0
2018-05-03,76.26,76.77,76.16,76.45,5839500.0
2018-05-04,76.41,77.49,76.41,77.29,3746600.0
2018-05-07,77.4,77.9,77.35,77.81,4670300.0
2018-05-08,77.8,77.8,77.17,77.42,4311600.0
2018-05-09,77.26,77.96,77.16,77.94,4685300.0
2018-05-10,78.23,78.7,78.07,78.55,3664000.0
2018-05-11,78.59,78.87,78.16,78.28,2694500.0
2018-05-14,78.22,78.39,77.24,77.61,3536200.0
2018-05-15,77.22,77.22,76.12,76.35,5134300.0
2018-05-16,76.5,76.75,76.010002,76.12,4400400.0
2018-05-17,76.089996,76.35,75.58,75.74,3998100.0
2018-05-18,75.83,76.12,75.5,75.84,3343800.0
2018-05-21,76.010002,76.87,75.6,76.74,3671500.0
2018-05-22,76.73,76.95,76.42,76.85,3470800.0
2018-05-23,76.8,77.86,76.79,77.62,3983200.0
2018-05-24,77.64,77.94,77.040001,77.46,3173500.0
2018-05-25,77.53,78.019997,77.42,77.73,3597300.0
2018-05-29,77.54,78.23,77.32,78.099998,4611800.0
2018-05-30,78.050003,79.4,77.83,79.16,4901800.0
2018-05-31,78.91,79.19,78.59,78.89,5430500.0
2018-06-01,78.59,79.43,78.43,79.24,7233800.0
2018-06-04,79.4,79.95,79.11,79.93,5391500.0
2018-06-05,80.22,80.3,79.56,79.72,5543000.0
2018-06-06,79.72,79.91,79.32,79.91,4006100.0
2018-06-07,79.92,80.12,79.43,79.91,3353300.0
2018-06-08,79.97,80.27,79.79,80.2,2773200.0
2018-06-11,80.11,80.27,79.93,80.080002,4168300.0
2018-06-12,80.029999,80.77,79.82,80.56,3287900.0
2018-06-13,80.56,80.7,78.81,78.99,7230900.0
2018-06-14,79.25,80.010002,79.25,79.74,4458200.0
2018-06-15,79.72,80.26,79.53,79.69,11131800.0
2018-06-18,78.78,79.050003,78.44,78.98,6391600.0
2018-06-19,78.74,79.28,78.74,78.9,11275400.0
2018-06-20,78.96,79.89,78.91,79.78,7327500.0
2018-06-21,80.0,80.26,79.62,80.16,3719700.0
2018-06-22,80.33,80.84,79.97,80.79,4391700.0
2018-06-25,80.65,80.9,80.089996,80.58,5904500.0
2018-06-26,80.74,81.17,80.37,80.84,3751000.0
2018-06-27,81.050003,81.26,80.51,80.53,4559900.0
2018-06-28,80.53,81.35,80.44,81.25,3896700.0
2018-06-29,81.099998,81.8,80.62,81.45,5235400.0
2018-07-02,81.52,81.54,80.080002,81.0,7926500.0
2018-07-03,81.040001,82.18,80.84,81.61,7325300.0
2018-07-05,81.85,82.62,81.54,82.58,7214700.0
2018-07-06,82.79,83.16,82.74,83.019997,7887400.0
2018-07-09,83.13,83.13,81.94,82.36,6621300.0
2018-07-10,82.51,82.73,82.029999,82.53,4561900.0
2018-07-11,82.43,82.71,82.18,82.26,5127900.0
2018-07-12,82.52,82.65,82.080002,82.51,4042100.0
2018-07-13,82.55,82.9,82.2,82.26,5013800.0
2018-07-16,82.11,82.2,81.36,81.82,3023900.0
2018-07-17,81.95,82.059998,81.19,81.28,4031200.0
2018-07-18,81.16,81.45,80.55,80.92,5185600.0
2018-07-19,80.88,82.15,80.65,81.87,4358700.0
2018-07-20,81.59,81.8,80.86,81.080002,3265500.0
2018-07-23,81.040001,81.18,80.43,80.91,4379600.0
2018-07-24,80.89,81.029999,80.3,80.5,4174900.0
2018-07-25,80.54,81.28,80.39,81.14,4521400.0
2018-07-26,81.25,81.82,81.050003,81.41,4385400.0
2018-07-27,81.56,81.61,80.46,80.54,4788000.0
2018-07-30,80.51,80.78,79.99,80.59,4002000.0
2018-07-31,80.84,82.31,80.84,81.94,5737300.0
2018-08-01,81.35,82.53,81.13,82.52,7798900.0
2018-08-02,82.35,82.66,82.010002,82.19,4748200.0
2018-08-03,82.23,83.12,82.15,83.080002,4342700.0
2018-08-06,83.12,83.38,82.77,82.97,4655000.0
2018-08-07,83.12,83.38,82.4,82.82,3047100.0
2018-08-08,82.77,82.8,82.15,82.34,2415400.0
2018-08-09,82.34,82.65,82.19,82.38,3720900.0
2018-08-10,82.49,82.5,81.6,81.75,4524100.0
2018-08-13,81.66,81.85,81.38,81.59,2755400.0
2018-08-14,81.58,82.2,81.58,81.99,3249400.0
2018-08-15,82.040001,82.72,81.81,82.62,5202600.0
2018-08-16,82.63,83.3,82.56,83.29,3329800.0
2018-08-17,83.11,84.07,83.11,84.059998,4698400.0
2018-08-20,84.17,84.55,84.0,84.12,4629200.0
2018-08-21,84.0,84.15,83.41,83.61,3149000.0
2018-08-22,83.53,83.64,82.83,83.14,2954900.0
2018-08-23,83.15,83.3,82.9,82.93,2528800.0
2018-08-24,82.93,83.43,82.8,83.42,3897100.0
2018-08-27,83.49,83.56,82.84,83.12,4479000.0
2018-08-28,83.24,84.25,83.019997,84.24,4653100.0
2018-08-29,84.23,84.44,84.07,84.26,3564900.0
2018-08-30,84.35,84.37,83.65,83.72,2968300.0
2018-08-31,83.78,84.23,83.72,84.050003,3305800.0
2018-09-04,83.86,84.07,82.95,83.050003,4718600.0
2018-09-05,83.019997,83.82,82.58,83.53,5407700.0
2018-09-06,83.66,84.0,83.64,83.77,3760300.0
2018-09-07,83.55,83.55,82.77,82.86,4234400.0
2018-09-10,83.25,83.7,83.11,83.23,3089200.0
2018-09-11,83.010002,83.5,82.88,83.22,3980300.0
2018-09-12,83.24,83.47,82.98,83.26,2827800.0
2018-09-13,83.61,83.93,83.34,83.67,3813600.0
2018-09-14,83.55,83.62,82.54,83.14,5215800.0
2018-09-17,83.13,83.58,82.87,83.41,4414700.0
2018-09-18,83.3,83.53,82.87,83.010002,8039400.0
2018-09-19,83.050003,83.080002,81.91,82.040001,4410600.0
2018-09-20,82.050003,82.86,81.77,82.81,4308300.0
2018-09-21,82.69,83.21,82.57,82.78,7292200.0
2018-09-24,81.44,81.61,79.84,80.17,4111200.0
2018-09-25,80.19,80.62,80.080002,80.18,4781800.0
2018-09-26,80.17,80.28,79.18,79.22,8971900.0
2018-09-27,79.62,79.97,79.38,79.6,4942200.0
2018-09-28,79.71,80.68,79.63,80.68,6092300.0
2018-10-01,80.6,80.82,79.92,79.93,7215600.0
2018-10-02,79.95,80.19,79.63,79.75,5746700.0
2018-10-03,79.75,80.019997,78.44,78.9,7104300.0
2018-10-04,78.58,78.65,77.73,78.24,6759300.0
2018-10-05,78.26,78.69,78.15,78.2,4971600.0
2018-10-08,78.32,79.63,78.2,79.33,5246900.0
2018-10-09,79.35,79.79,78.96,79.44,5852000.0
2018-10-10,79.25,79.69,78.24,78.26,8837400.0
2018-10-11,78.39,78.39,75.93,76.019997,12471700.0
2018-10-12,76.84,77.07,75.38,75.82,10167900.0
2018-10-15,75.79,77.040001,75.73,76.33,8526800.0
2018-10-16,76.47,78.050003,76.12,77.9,5315400.0
2018-10-17,77.82,78.0,77.050003,77.6,5088900.0
2018-10-18,77.59,78.18,77.22,77.45,6818700.0
2018-10-19,77.5,78.37,77.5,78.12,5357300.0
2018-10-22,78.19,78.58,77.029999,77.029999,7499300.0
2018-10-23,76.77,77.86,76.44,77.37,6988400.0
2018-10-24,77.57,78.78,77.42,78.099998,6016200.0
2018-10-25,78.2,79.53,77.86,79.099998,6215700.0
2018-10-26,79.18,79.18,76.68,77.2,11721400.0
2018-10-29,77.72,78.72,77.69,78.18,7159600.0
2018-10-30,78.3,79.85,78.099998,79.25,9053000.0
2018-10-31,79.22,79.38,78.17,78.32,8322000.0
2018-11-01,78.38,78.85,78.029999,78.69,6062700.0
2018-11-02,78.84,78.86,77.15,78.040001,7609100.0
2018-11-05,78.2,79.46,78.18,79.2,6753000.0
2018-11-06,79.28,79.63,79.080002,79.6,4127900.0
2018-11-07,79.95,80.58,79.52,80.55,7559200.0
2018-11-08,80.42,80.67,79.95,80.61,3559700.0
2018-11-09,80.52,80.87,80.16,80.6,3388500.0
2018-11-12,80.71,81.43,80.54,80.76,4969800.0
2018-11-13,80.82,81.13,80.19,80.68,4882600.0
2018-11-14,80.79,81.0,80.099998,80.48,4545800.0
2018-11-15,80.24,80.28,79.13,79.93,6413700.0
2018-11-16,79.78,80.91,79.7,80.79,4347600.0
2018-11-19,80.93,81.49,80.41,80.9,7117500.0
2018-11-20,80.5,81.14,80.059998,80.07,5295700.0
2018-11-21,80.059998,80.81,79.73,80.14,4139600.0
2018-11-23,79.88,80.35,79.51,79.98,2815500.0
2018-11-26,80.27,80.48,79.76,80.13,4422200.0
2018-11-27,80.059998,80.48,79.74,80.47,5183600.0
2018-11-28,80.5,81.26,80.15,81.19,8681300.0
2018-11-29,81.14,81.61,80.66,81.21,5681000.0
2018-11-30,81.41,82.050003,81.13,81.98,6641000.0
2018-12-03,82.48,82.56,81.56,82.42,7407000.0
2018-12-04,82.35,82.63,80.99,81.2,9346700.0
2018-12-06,80.75,83.31,80.019997,83.21,15059500.0
2018-12-07,82.94,83.089996,81.81,82.12,9987800.0
2018-12-10,82.17,82.24,80.58,81.59,5804300.0
2018-12-11,82.059998,82.39,81.63,81.63,5108800.0
2018-12-12,82.12,82.25,80.26,80.37,6943900.0
2018-12-13,79.52,80.5,79.45,79.88,6131600.0
2018-12-14,79.58,80.010002,79.24,79.65,10390400.0
2018-12-17,79.74,79.99,76.47,76.65,20329300.0
2018-12-18,77.49,77.96,77.07,77.44,9575700.0
2018-12-19,77.46,78.0,76.28,76.59,10760000.0
2018-12-20,76.49,76.72,74.89,75.44,13284100.0
2018-12-21,75.61,77.019997,74.32,74.39,16609300.0
2018-12-24,74.080002,74.33,71.68,71.74,9335800.0
2018-12-26,71.89,74.14,71.080002,74.14,16977000.0
2018-12-27,73.59,74.21,72.019997,74.13,12102300.0
2018-12-28,74.91,75.18,73.8,74.37,12729300.0
2018-12-31,74.31,74.72,73.3,74.57,15750600.0
2019-01-02,73.56,73.7,72.53,72.95,12880400.0
2019-01-03,72.77,74.57,72.71,73.46,12264300.0
2019-01-04,73.74,75.019997,73.3,74.32,9389000.0
2019-01-07,74.6,75.61,74.4,75.050003,9227900.0
2019-01-08,75.53,76.79,75.33,76.6,10761000.0
2019-01-09,76.78,76.87,75.76,76.49,6434200.0
2019-01-10,76.25,77.75,76.080002,77.53,8671800.0
2019-01-11,77.46,77.83,77.099998,77.75,5141900.0
2019-01-14,77.5,77.94,77.18,77.49,4934500.0
2019-01-15,77.6,78.42,77.57,78.23,5377200.0
2019-01-16,78.21,79.059998,78.099998,78.78,6164000.0
2019-01-17,78.63,79.2,78.47,79.16,4327000.0
2019-01-18,79.49,79.5,78.82,79.43,6397100.0
2019-01-22,79.26,79.54,78.58,79.19,6062600.0
2019-01-23,79.33,79.4,78.68,79.2,3972000.0
2019-01-24,78.97,79.65,78.69,79.47,4142500.0
2019-01-25,79.74,80.52,79.59,80.46,5713400.0
2019-01-28,80.31,81.33,80.059998,81.25,5471200.0
2019-01-29,81.13,81.93,80.97,81.89,4832200.0
2019-01-30,81.92,82.85,81.83,82.55,6635900.0
2019-01-31,82.45,83.47,81.78,83.41,13041700.0
2019-02-01,83.49,83.75,81.72,82.88,16142500.0
2019-02-04,82.86,83.5,82.2,83.5,13612800.0
2019-02-05,83.58,84.029999,83.059998,83.98,10279100.0
2019-02-06,83.67,83.89,83.16,83.43,8419900.0
2019-02-07,83.18,84.22,82.91,84.12,8823200.0
2019-02-08,83.8,84.45,83.65,84.12,6853900.0
2019-02-11,84.25,84.51,83.96,84.35,4999200.0
2019-02-12,84.55,84.55,83.51,83.82,8588900.0
2019-02-13,83.83,84.33,83.52,84.25,5697000.0
2019-02-14,84.38,84.84,83.99,84.52,6928100.0
2019-02-15,84.74,85.099998,84.54,85.089996,4998600.0
2019-02-19,84.91,85.27,84.75,85.07,5981200.0
2019-02-20,85.010002,85.010002,83.98,84.54,7918900.0
2019-02-21,84.059998,84.7,83.78,84.62,4756900.0
2019-02-22,84.79,85.45,84.52,85.12,4490300.0
2019-02-25,85.29,85.36,84.37,84.45,4956800.0
2019-02-26,84.57,84.79,84.050003,84.19,4777100.0
2019-02-27,83.91,84.13,83.15,83.77,8116400.0
2019-02-28,83.83,84.92,83.52,83.99,6547100.0
2019-03-01,83.94,84.24,82.82,83.73,10635700.0
2019-03-04,84.12,84.2,83.18,84.11,7103600.0
2019-03-05,84.07,84.71,83.9,84.34,9077500.0
2019-03-06,84.42,84.6,83.85,83.95,5370800.0
2019-03-07,84.16,84.55,83.55,83.77,8328500.0
2019-03-08,83.63,84.16,83.49,83.86,9264800.0
2019-03-11,84.15,85.15,84.010002,85.089996,4679300.0
2019-03-12,85.2,85.69,85.11,85.48,6072500.0
2019-03-13,85.58,86.13,85.58,85.9,4282900.0
2019-03-14,85.96,86.050003,85.62,86.029999,4303200.0
2019-03-15,86.12,86.19,85.61,85.76,4742200.0
2019-03-18,85.8,86.029999,84.92,85.33,4125300.0
2019-03-19,85.38,85.51,84.81,85.07,6169200.0
2019-03-20,85.050003,85.86,84.44,85.33,6499300.0
2019-03-21,85.21,86.89,85.2,86.85,6948200.0
2019-03-22,86.93,87.42,86.2,86.22,8769700.0
2019-03-25,86.25,86.61,85.75,86.33,6324300.0
2019-03-26,86.52,87.059998,86.43,87.019997,8576400.0
2019-03-27,87.14,87.29,86.22,86.77,7252600.0
2019-03-28,86.35,87.029999,86.099998,86.99,5600000.0
2019-03-29,87.07,87.16,86.57,86.91,13743500.0
2019-04-01,87.0,87.029999,85.91,86.86,8528500.0
2019-04-02,86.98,87.55,86.22,87.47,10358100.0
2019-04-03,87.47,87.74,86.78,87.37,5004200.0
2019-04-04,87.43,87.5,86.8,87.23,4249100.0
2019-04-05,87.24,87.89,87.099998,87.84,4827100.0
2019-04-08,87.77,87.83,87.07,87.35,4575500.0
2019-04-09,87.35,87.48,86.74,86.89,3507600.0
2019-04-10,87.2,87.77,87.019997,87.69,4264500.0
2019-04-11,87.78,88.089996,87.28,87.63,2925600.0
2019-04-12,87.59,88.080002,86.97,88.050003,4148900.0
2019-04-15,88.099998,88.14,87.37,87.6,3468900.0
2019-04-16,87.62,87.66,85.28,85.62,7256100.0
2019-04-17,85.91,86.029999,84.56,84.84,6121300.0
2019-04-18,85.11,85.67,84.58,85.49,4827400.0
2019-04-22,85.39,85.69,83.78,84.55,5012000.0
2019-04-23,84.92,85.79,84.52,85.67,4692300.0
2019-04-24,85.97,86.56,85.66,86.3,4853800.0
2019-04-25,86.080002,86.35,85.47,86.12,3732500.0
2019-04-26,86.28,86.87,86.13,86.8,3109400.0
2019-04-29,86.71,86.97,85.85,85.95,4280600.0
2019-04-30,86.019997,86.95,85.48,86.77,5541400.0
2019-05-01,86.77,87.83,86.72,86.84,7675800.0
2019-05-02,86.88,87.78,86.67,86.93,5675900.0
2019-05-03,87.24,87.79,86.93,87.67,4678400.0
2019-05-06,87.25,87.67,86.87,87.39,4836000.0
2019-05-07,87.28,87.28,85.21,85.81,7037100.0
2019-05-08,85.88,86.58,85.67,85.72,5976800.0
2019-05-09,85.57,86.11,84.96,85.94,4005000.0
2019-05-10,85.88,87.080002,85.71,86.86,4269000.0
2019-05-13,86.32,86.9,86.080002,86.77,5794100.0
2019-05-14,86.95,87.37,86.74,87.089996,4740500.0
2019-05-15,87.010002,87.89,86.72,87.68,3410600.0
2019-05-16,87.65,88.42,87.45,88.029999,4008500.0
2019-05-17,87.73,88.07,87.41,87.86,5346600.0
2019-05-20,87.42,87.69,86.24,86.59,4221100.0
2019-05-21,86.87,87.55,86.75,87.33,2930100.0
2019-05-22,87.42,87.65,87.16,87.59,2825100.0
2019-05-23,87.38,87.87,87.089996,87.79,3304500.0
2019-05-24,88.019997,88.47,87.99,88.059998,3121800.0
2019-05-28,88.33,88.59,87.14,87.19,4614500.0
2019-05-29,87.059998,87.21,85.71,86.029999,8170000.0
2019-05-30,86.12,86.78,86.029999,86.39,3984100.0
2019-05-31,86.16,87.37,85.89,86.89,5369200.0
2019-06-03,87.2,87.39,86.48,87.099998,6347800.0
2019-06-04,87.25,87.25,85.95,86.71,6993200.0
2019-06-05,87.21,88.62,86.99,88.52,6775400.0
2019-06-06,88.8,88.89,88.050003,88.69,4077200.0
2019-06-07,89.13,89.57,88.92,89.019997,3525700.0
2019-06-10,89.19,89.29,88.4,88.73,2945500.0
2019-06-11,88.99,89.19,88.31,88.97,3834000.0
2019-06-12,89.040001,89.57,88.9,89.27,2768500.0
2019-06-13,89.35,89.65,89.099998,89.65,2799400.0
2019-06-14,89.6,90.12,89.55,89.7,2981700.0
2019-06-17,89.94,90.78,89.94,90.66,3574900.0
2019-06-18,91.33,91.59,90.16,90.57,4449200.0
2019-06-19,90.42,91.36,90.010002,91.059998,3694600.0
2019-06-20,91.56,91.85,91.39,91.52,4862000.0
2019-06-21,91.0,91.27,90.040001,90.23,7941700.0
2019-06-24,90.63,90.91,89.65,89.92,3773600.0
2019-06-25,89.94,90.17,88.59,88.59,5381300.0
2019-06-26,88.63,88.72,86.61,86.82,12897000.0
2019-06-27,86.53,87.16,86.37,87.099998,6924500.0
2019-06-28,87.21,87.96,87.14,87.4,9638200.0
2019-07-01,87.98,87.98,86.33,87.36,9746000.0
2019-07-02,87.44,88.88,87.44,88.88,7633700.0
2019-07-03,89.019997,90.010002,88.95,89.94,5418000.0
2019-07-05,89.31,89.91,88.22,89.62,5375100.0
2019-07-08,89.53,90.089996,89.39,89.94,4509700.0
2019-07-09,89.75,90.39,89.51,90.24,4906800.0
2019-07-10,90.62,91.0,90.15,90.76,6833700.0
2019-07-11,90.77,90.77,89.24,89.58,4020600.0
2019-07-12,89.65,89.77,89.07,89.46,2948600.0
2019-07-15,89.58,89.98,89.3,89.39,3185700.0
2019-07-16,89.27,89.57,88.81,89.18,3611600.0
2019-07-17,89.41,89.69,88.36,88.88,6422000.0
2019-07-18,88.65,89.12,88.17,88.88,7048200.0
2019-07-19,88.97,89.029999,87.31,87.43,5064600.0
2019-07-22,87.53,87.69,87.019997,87.35,3265200.0
2019-07-23,87.56,88.34,87.29,88.34,4239800.0
2019-07-24,88.45,88.5,87.9,88.41,2946100.0
2019-07-25,88.38,88.44,87.58,87.89,5629200.0
2019-07-26,88.010002,88.44,87.63,88.29,3111900.0
2019-07-29,88.44,89.14,88.38,88.53,4898200.0
2019-07-30,88.47,89.56,88.45,89.24,3818100.0
2019-07-31,89.34,89.98,88.38,88.89,5979800.0
2019-08-01,89.010002,89.72,88.35,88.89,8371300.0
2019-08-02,88.82,89.79,88.67,89.32,4794000.0
2019-08-05,89.099998,89.15,86.45,87.56,6840000.0
2019-08-06,87.76,89.019997,87.54,88.53,7789000.0
2019-08-07,88.2,89.99,87.36,89.39,8674600.0
2019-08-08,89.59,90.96,88.98,90.96,5766700.0
2019-08-09,90.8,91.15,90.0,90.85,3304800.0
2019-08-12,90.74,90.98,90.14,90.61,2944000.0
2019-08-13,90.56,91.019997,90.010002,90.74,4540200.0
2019-08-14,90.34,90.48,89.15,89.36,4645100.0
2019-08-15,89.49,90.44,89.39,90.25,4582900.0
2019-08-16,90.46,91.35,90.25,91.18,3951100.0
2019-08-19,91.57,92.050003,91.17,91.84,3255600.0
2019-08-20,92.14,92.21,91.12,91.19,2556300.0
2019-08-21,91.44,91.76,91.080002,91.57,2739400.0
2019-08-22,91.56,92.059998,91.050003,91.99,2587300.0
2019-08-23,91.91,92.55,90.4,90.7,5776500.0
2019-08-26,91.2,91.48,90.77,91.4,2736200.0
2019-08-27,91.9,92.13,91.07,91.14,3252300.0
2019-08-28,91.13,91.58,90.91,91.44,3498600.0
2019-08-29,91.85,92.25,91.64,92.15,2688000.0
2019-08-30,92.41,92.51,91.81,92.22,5678300.0
2019-09-03,92.2,93.24,92.0,93.14,5927900.0
2019-09-04,93.6,94.07,93.44,93.92,4757100.0
2019-09-05,94.010002,94.010002,93.07,93.24,6036600.0
2019-09-06,93.51,93.79,93.22,93.45,2986400.0
2019-09-09,93.45,93.46,92.75,93.0,3772100.0
2019-09-10,92.66,92.68,91.24,92.040001,5379400.0
2019-09-11,91.92,92.29,91.42,92.14,3972200.0
2019-09-12,92.85,93.17,92.089996,92.63,3486100.0
2019-09-13,92.52,92.99,91.36,91.64,6109300.0
2019-09-16,91.8,92.59,91.49,92.44,4688300.0
2019-09-17,92.85,93.48,92.61,93.44,3674800.0
2019-09-18,93.97,93.97,92.34,93.12,5655000.0
2019-09-19,93.32,93.85,93.22,93.45,2892800.0
2019-09-20,93.66,93.94,93.18,93.45,6900400.0
2019-09-23,93.26,94.0,93.23,93.6,3515200.0
2019-09-24,93.11,93.33,92.34,92.65,3705600.0
2019-09-25,92.65,93.050003,92.41,92.83,7088700.0
2019-09-26,93.11,93.83,93.0,93.61,2984700.0
2019-09-27,93.81,93.91,92.44,93.089996,4090300.0
2019-09-30,93.19,93.72,93.11,93.25,3189800.0
2019-10-01,93.2,93.48,92.22,92.37,5226300.0
2019-10-02,92.38,92.45,91.39,91.98,3384300.0
2019-10-03,91.93,93.12,91.75,92.87,6634500.0
2019-10-04,93.050003,93.47,92.98,93.43,2189400.0
2019-10-07,93.0,93.69,92.85,93.23,3667600.0
2019-10-08,93.12,93.5,92.29,92.74,3108100.0
2019-10-09,93.67,93.67,92.8,92.92,4166000.0
2019-10-10,92.88,93.25,92.55,93.07,3719700.0
2019-10-11,93.41,93.78,92.98,93.029999,3376300.0
2019-10-14,93.14,93.29,92.72,93.07,1877600.0
2019-10-15,93.15,93.29,92.56,93.19,3218500.0
2019-10-16,93.14,93.22,92.62,93.2,3413900.0
2019-10-17,93.39,93.96,93.25,93.81,3223100.0
2019-10-18,93.73,94.67,93.69,94.53,2492100.0
2019-10-21,94.65,95.29,94.41,95.25,2591900.0
2019-10-22,95.46,95.49,94.79,94.97,2644200.0
2019-10-23,95.11,95.27,94.43,95.18,3020200.0
2019-10-24,95.37,95.37,94.71,94.94,3148800.0
2019-10-25,94.88,94.99,93.95,94.13,4184600.0
2019-10-28,94.13,94.13,93.45,93.56,4897400.0
2019-10-29,93.72,94.39,93.6,94.13,5512200.0
2019-10-30,94.019997,94.53,93.47,94.47,3861400.0
2019-10-31,94.67,94.76,93.95,94.3,4723500.0
2019-11-01,94.41,94.79,93.45,94.28,6520400.0
2019-11-04,94.25,94.28,93.42,93.62,3878100.0
2019-11-05,93.35,93.35,91.67,92.029999,9141700.0
2019-11-06,92.22,92.67,92.019997,92.23,4500400.0
2019-11-07,91.98,92.080002,90.98,91.31,4945300.0
2019-11-08,91.21,91.7,90.91,91.089996,7330200.0
2019-11-11,91.099998,91.58,91.0,91.29,3525200.0
2019-11-12,91.32,91.88,90.52,90.6,5701600.0
2019-11-13,90.7,91.59,90.65,91.43,4316000.0
2019-11-14,91.6,92.16,91.5,92.14,5136200.0
2019-11-15,92.29,92.67,92.050003,92.64,2785200.0
2019-11-18,92.77,93.5,92.71,93.089996,3251900.0
2019-11-19,93.34,93.52,93.0,93.25,4065100.0
2019-11-20,93.32,93.48,92.79,93.2,5698800.0
2019-11-21,92.95,93.010002,91.86,91.89,5002900.0
2019-11-22,92.059998,92.13,91.050003,91.55,5112000.0
2019-11-25,91.74,92.37,91.74,91.84,5183500.0
2019-11-26,92.040001,93.11,91.95,93.059998,4858500.0
2019-11-27,93.059998,93.55,92.78,93.5,4121600.0
2019-11-29,93.5,93.85,93.029999,93.07,3531100.0
2019-12-02,92.7,93.019997,91.61,91.66,9430800.0
2019-12-03,91.62,92.37,91.54,92.25,4762900.0
2019-12-04,92.07,92.97,91.97,92.63,4129800.0
2019-12-05,92.61,92.72,92.16,92.68,4846800.0
2019-12-06,92.65,93.37,92.65,92.87,4486000.0
2019-12-09,93.0,93.22,92.61,93.050003,3961000.0
2019-12-10,93.080002,93.28,92.3,92.51,5227100.0
2019-12-11,92.58,92.61,91.29,91.57,5112100.0
2019-12-12,91.58,91.91,90.2,90.33,7923900.0
2019-12-13,90.37,90.8,89.68,90.35,6814200.0
2019-12-16,90.61,91.2,89.98,91.0,5185200.0
2019-12-17,91.28,91.32,89.99,90.14,9649900.0
2019-12-18,89.22,90.52,89.22,90.27,6340700.0
2019-12-19,90.23,91.12,90.13,91.07,6117400.0
2019-12-20,91.32,91.97,91.25,91.57,9514600.0
2019-12-23,92.050003,92.050003,91.019997,91.11,5369100.0
2019-12-24,91.33,91.51,91.0,91.35,1962000.0
2019-12-26,91.42,91.77,91.29,91.75,2243900.0
2019-12-27,91.96,92.18,91.7,92.040001,4195900.0
2019-12-30,91.89,92.21,91.62,92.13,3466500.0
2019-12-31,92.089996,92.83,92.0,92.79,4649500.0
2020-01-02,93.19,93.24,91.099998,91.7,5106600.0
2020-01-03,91.24,92.46,91.029999,92.27,5015500.0
2020-01-06,92.17,92.71,91.87,92.38,4889000.0
2020-01-07,92.18,92.18,90.85,91.35,6529100.0
2020-01-08,91.39,91.81,91.059998,91.63,6766100.0
2020-01-09,91.61,91.87,91.36,91.58,4213800.0
2020-01-10,91.78,92.39,91.53,92.28,5838800.0
2020-01-13,92.37,93.4,92.34,93.39,5552600.0
2020-01-14,93.3,93.35,92.52,93.040001,4120700.0
2020-01-15,93.31,94.080002,93.27,93.88,4471500.0
2020-01-16,94.029999,94.63,93.87,94.63,4426700.0
2020-01-17,94.58,95.029999,94.52,94.72,3581300.0
2020-01-21,94.84,95.69,94.59,95.62,4217400.0
2020-01-22,95.85,96.15,94.82,94.98,5024300.0
2020-01-23,95.089996,95.82,94.69,95.78,4825000.0
2020-01-24,95.9,96.040001,95.16,95.45,3518100.0
2020-01-27,94.96,95.31,94.73,94.99,3047000.0
2020-01-28,95.15,95.67,94.97,95.37,3006100.0
2020-01-29,95.66,95.78,94.93,95.019997,3785500.0
2020-01-30,94.77,95.29,94.6,95.089996,4142400.0
2020-01-31,95.0,95.099998,93.67,93.93,6370900.0
2020-02-03,93.88,94.95,93.85,94.24,7508200.0
2020-02-04,94.58,95.6,94.32,95.21,4422900.0
2020-02-05,95.39,95.63,95.050003,95.27,4413700.0
2020-02-06,95.55,95.87,95.41,95.59,3327500.0
2020-02-07,95.72,95.83,95.32,95.57,3176200.0
2020-02-10,95.95,96.66,95.84,96.64,4457000.0
2020-02-11,96.97,97.96,96.97,97.37,5362200.0
2020-02-12,97.53,98.25,97.13,97.95,6298700.0
2020-02-13,97.93,98.73,97.75,98.54,3683500.0
2020-02-14,98.77,99.58,98.64,99.56,3004800.0
2020-02-18,99.62,99.69,98.88,99.45,4186800.0
2020-02-19,99.5,99.5,98.099998,98.11,4415200.0
2020-02-20,98.16,99.33,97.87,99.28,5556500.0
2020-02-21,99.27,99.72,99.029999,99.57,3670800.0
2020-02-24,98.39,99.13,97.75,98.21,5214600.0
2020-02-25,98.44,98.62,95.29,95.55,7378900.0
2020-02-26,95.74,96.46,94.47,94.52,9407200.0
2020-02-27,93.099998,93.3,89.49,89.49,11869100.0
2020-02-28,87.5,88.2,84.66,87.33,22471800.0
2020-03-02,87.65,91.07,87.16,91.059998,14250500.0
2020-03-03,91.18,93.31,90.099998,90.85,14654200.0
2020-03-04,92.26,94.4,92.13,94.28,10638200.0
2020-03-05,92.72,93.44,91.15,92.26,9803600.0
2020-03-06,90.24,91.010002,87.79,90.67,10302700.0
2020-03-09,86.0,86.53,83.56,83.68,14017500.0
2020-03-10,85.050003,86.62,81.83,86.54,11782100.0
2020-03-11,84.65,84.65,80.53,81.34,16447000.0
2020-03-12,75.9,78.53,72.6,73.099998,16761500.0
2020-03-13,77.33,79.57,73.019997,79.48,10968600.0
2020-03-16,71.88,74.35,65.24,65.39,11396500.0
2020-03-17,66.63,70.5,64.44,69.17,9100900.0
2020-03-18,65.040001,67.44,60.5,62.59,15714500.0
2020-03-19,61.71,64.25,60.0,62.81,13090000.0
2020-03-20,63.55,65.2,59.35,59.68,18838000.0
2020-03-23,59.39,59.5,55.58,56.91,15558600.0
2020-03-24,59.61,62.26,58.78,62.029999,14401600.0
2020-03-25,62.29,68.77,61.83,65.37,15209300.0
2020-03-26,65.98,70.25,65.58,69.98,14486100.0
2020-03-27,67.79,71.83,67.4,70.050003,11521700.0
2020-03-30,70.76,71.83,68.44,71.58,12754300.0
2020-03-31,71.059998,71.22,67.95,69.85,16815900.0
2020-04-01,66.51,66.8,63.89,65.26,12174800.0
2020-04-02,64.32,66.84,64.17,65.48,10916700.0
2020-04-03,64.99,65.88,63.27,64.53,8986700.0
2020-04-06,66.81,69.68,66.81,69.31,8382200.0
2020-04-07,71.99,73.35,69.92,69.95,7675100.0
2020-04-08,71.0,75.16,70.099998,74.72,9628300.0
2020-04-09,75.98,79.99,75.98,78.91,13840900.0
2020-04-13,78.41,78.61,75.07,75.59,10139000.0
2020-04-14,77.089996,78.53,77.089996,77.71,9400800.0
2020-04-15,75.31,76.17,73.83,74.63,8568200.0
2020-04-16,74.77,75.21,73.28,73.78,6252800.0
2020-04-17,75.92,76.51,75.07,76.11,8593100.0
2020-04-20,74.54,74.96,73.26,73.28,6631000.0
2020-04-21,71.36,72.55,70.99,71.95,8620400.0
2020-04-22,73.059998,73.66,72.45,73.050003,6484200.0
2020-04-23,73.27,73.89,72.19,72.44,7648200.0
2020-04-24,72.97,73.12,71.87,72.75,6419000.0
2020-04-27,73.41,75.51,73.25,75.24,7669500.0
2020-04-28,76.68,77.8,75.8,75.86,8177900.0
2020-04-29,77.5,78.050003,76.68,77.0,7307000.0
2020-04-30,75.87,76.36,74.81,76.11,8606000.0
2020-05-01,74.080002,74.37,72.76,73.54,6013600.0
2020-05-04,72.66,73.24,71.57,73.18,7288000.0
2020-05-05,73.9,74.66,73.43,73.54,7520300.0
2020-05-06,73.79,74.15,72.2,72.22,6266800.0
2020-05-07,72.9,74.3,72.85,73.25,6727300.0
2020-05-08,74.22,75.24,74.07,74.99,6625600.0
2020-05-11,74.13,75.080002,73.5,73.9,6874900.0
2020-05-12,74.22,74.22,70.48,70.54,11764700.0
2020-05-13,70.029999,70.36,68.51,68.83,8358600.0
2020-05-14,67.87,69.07,66.27,69.07,8609800.0
2020-05-15,68.63,68.84,67.58,68.8,11916700.0
2020-05-18,71.010002,73.43,71.010002,72.87,8617200.0
2020-05-19,72.59,72.95,71.89,71.89,5804700.0
2020-05-20,72.79,72.84,72.010002,72.53,5133700.0
2020-05-21,72.21,73.089996,71.9,72.59,5385100.0
2020-05-22,72.59,73.63,72.28,73.57,4737900.0
2020-05-26,75.76,76.72,75.55,76.32,6001000.0
2020-05-27,78.0,78.27,75.97,77.84,5880500.0
2020-05-28,78.69,78.82,77.58,78.21,5642800.0
2020-05-29,77.58,78.14,76.89,77.43,8989500.0
2020-06-01,77.36,79.79,77.27,79.22,11218300.0
2020-06-02,79.81,80.099998,79.029999,79.86,7162100.0
2020-06-03,80.69,82.77,80.67,82.42,7485600.0
2020-06-04,82.019997,82.12,80.86,81.6,5503500.0
2020-06-05,84.49,86.07,84.3,84.69,6158800.0
2020-06-08,85.82,86.8,85.67,86.79,7130500.0
2020-06-09,85.21,85.9,84.3,85.35,7168900.0
2020-06-10,85.11,85.11,82.53,83.18,6433900.0
2020-06-11,79.57,80.63,77.73,77.84,8611900.0
2020-06-12,80.55,80.92,78.44,80.63,8871700.0
2020-06-15,78.15,82.19,77.98,81.77,6138600.0
2020-06-16,84.61,84.84,82.019997,83.38,5811700.0
2020-06-17,83.87,83.95,82.16,82.17,5041500.0
2020-06-18,81.19,81.72,80.82,81.27,5005900.0
2020-06-19,82.45,82.45,79.68,80.089996,10402000.0
2020-06-22,79.94,80.23,78.68,80.010002,3995500.0
2020-06-23,80.8,80.93,79.44,79.68,3958100.0
2020-06-24,78.68,78.88,75.66,77.41,7034900.0
2020-06-25,76.17,77.71,76.029999,77.63,6626000.0
2020-06-26,77.36,77.65,76.050003,76.14,7277100.0
2020-06-29,76.88,77.67,75.84,77.61,4687100.0
2020-06-30,77.87,78.91,77.38,78.53,5212200.0
2020-07-01,78.8,80.66,78.6,80.34,5023700.0
2020-07-02,81.67,81.9,79.75,80.11,4588100.0
2020-07-06,81.6,81.72,79.94,80.07,6174300.0
2020-07-07,79.13,79.49,78.38,78.48,3389200.0
2020-07-08,78.59,78.88,77.66,78.37,3848100.0
2020-07-09,78.23,78.3,76.65,77.88,3455900.0
2020-07-10,77.72,78.51,77.56,78.12,3809900.0
2020-07-13,78.4,78.85,77.0,77.19,6071800.0
2020-07-14,77.16,78.07,76.94,77.84,3473900.0
2020-07-15,79.15,79.39,78.050003,78.6,3547200.0
2020-07-16,78.17,78.45,77.36,77.66,3605400.0
2020-07-17,77.92,79.0,77.47,78.67,3720500.0
2020-07-20,78.6,79.0,77.46,77.73,4364100.0
2020-07-21,78.38,78.74,77.71,77.92,3007200.0
2020-07-22,77.56,79.19,77.36,79.11,2682400.0
2020-07-23,78.95,79.41,77.81,78.78,4630900.0
2020-07-24,78.59,79.0,78.07,78.2,2702200.0
2020-07-27,78.16,79.029999,77.23,78.94,4111800.0
2020-07-28,78.91,80.9,78.74,80.51,6613300.0
2020-07-29,80.96,82.07,80.82,82.07,5429600.0
2020-07-30,81.0,81.61,80.47,81.54,6602700.0
2020-07-31,81.45,81.5,80.12,81.39,9312300.0
2020-08-03,81.42,81.42,79.88,80.31,5629700.0
2020-08-04,80.17,81.71,80.13,81.51,4078000.0
2020-08-05,81.8,82.12,80.7,81.099998,3374500.0
2020-08-06,80.79,81.46,80.71,81.23,3646500.0
2020-08-07,80.93,82.43,80.8,82.39,4447800.0
2020-08-10,82.64,83.019997,82.16,82.52,3410000.0
2020-08-11,83.33,83.47,81.019997,81.33,5193800.0
2020-08-12,81.96,82.28,81.64,82.15,2245300.0
2020-08-13,81.88,82.57,80.93,81.14,3585400.0
2020-08-14,80.93,81.91,80.84,81.15,3399300.0
2020-08-17,81.2,81.85,80.83,81.81,2749900.0
2020-08-18,81.81,81.91,80.92,81.42,3635300.0
2020-08-19,81.61,81.67,79.84,79.99,4376200.0
2020-08-20,79.6,81.27,79.38,80.75,2949900.0
2020-08-21,80.74,81.23,79.89,80.88,3380700.0
2020-08-24,81.0,81.43,79.92,81.4,2553700.0
2020-08-25,81.61,81.8,80.83,81.61,3123500.0
2020-08-26,81.43,81.43,80.37,80.86,3139800.0
2020-08-27,81.029999,82.31,81.010002,82.050003,4006700.0
2020-08-28,82.18,82.59,81.34,82.59,4548700.0
2020-08-31,82.48,82.5,81.44,81.75,4835100.0
2020-09-01,81.47,81.88,80.88,81.81,3498500.0
2020-09-02,81.9,83.46,81.24,83.33,3136500.0
2020-09-03,83.31,84.040001,81.7,82.33,5716500.0
2020-09-04,82.57,83.099998,80.53,81.9,4956900.0
2020-09-08,81.54,81.59,80.32,80.9,3774000.0
2020-09-09,81.32,82.74,81.24,81.7,3158300.0
2020-09-10,81.79,81.9,80.62,80.7,4308700.0
2020-09-11,80.89,80.98,79.51,80.25,4255400.0
2020-09-14,80.78,82.46,80.68,82.21,3732000.0
2020-09-15,82.56,83.98,82.5,83.2,3017500.0
2020-09-16,83.7,84.49,83.29,83.64,3722400.0
2020-09-17,82.78,83.35,81.48,82.010002,5981400.0
2020-09-18,81.98,81.98,80.019997,80.16,5024200.0
2020-09-21,79.16,79.17,77.32,77.75,5297300.0
2020-09-22,77.99,79.32,77.83,78.68,4486400.0
2020-09-23,78.73,78.73,76.21,76.31,7876400.0
2020-09-24,76.32,77.81,75.95,76.72,6813300.0
2020-09-25,75.96,77.76,75.72,77.7,3503300.0
2020-09-28,78.79,79.67,78.7,79.29,3470900.0
2020-09-29,79.28,79.33,78.080002,78.72,3662900.0
2020-09-30,79.12,79.88,78.15,78.96,4507100.0
2020-10-01,79.28,80.61,78.93,80.54,6406300.0
2020-10-02,79.46,82.19,79.17,81.93,3346700.0
2020-10-05,82.23,82.66,80.83,82.4,2654800.0
2020-10-06,82.61,83.07,81.54,81.86,5830300.0
2020-10-07,82.37,82.4,81.6,81.98,2362400.0
2020-10-08,82.42,83.58,82.28,83.35,2269000.0
2020-10-09,83.86,83.88,82.73,83.019997,6556200.0
2020-10-12,83.12,83.64,82.55,83.41,5655800.0
2020-10-13,83.07,83.12,81.5,81.98,4406300.0
2020-10-14,81.9,82.099998,80.86,80.98,4651400.0
2020-10-15,80.35,82.059998,80.33,81.4,2915400.0
2020-10-16,81.41,81.43,80.67,80.82,2925400.0
2020-10-19,81.029999,81.2,79.44,79.56,9873000.0
2020-10-20,80.089996,80.74,79.93,80.13,4038600.0
2020-10-21,79.91,80.27,79.51,79.89,2685900.0
2020-10-22,79.88,80.22,79.53,79.88,3828900.0
2020-10-23,80.18,80.67,79.69,80.36,2588700.0
2020-10-26,79.74,79.86,78.51,79.21,2691200.0
2020-10-27,79.3,79.73,77.94,77.94,2264100.0
2020-10-28,76.68,77.43,75.79,76.080002,4422000.0
2020-10-29,76.2,77.68,75.46,77.099998,4645500.0
2020-10-30,76.66,77.22,75.68,76.59,3978900.0
2020-11-02,77.4,78.46,76.88,78.42,4254500.0
2020-11-03,79.2,80.4,78.92,79.93,4214600.0
2020-11-04,80.5,81.29,79.44,80.07,2867500.0
2020-11-05,80.69,81.21,80.12,80.45,3984900.0
2020-11-06,80.69,81.11,79.6,79.9,3696600.0
2020-11-09,84.53,88.29,82.56,82.73,8999300.0
2020-11-10,82.85,84.019997,82.39,83.94,6146100.0
2020-11-11,84.28,84.65,83.44,84.26,3416100.0
2020-11-12,83.88,84.23,82.59,83.16,3939500.0
2020-11-13,83.66,85.57,83.66,85.38,3443000.0
2020-11-16,87.17,87.44,85.32,86.34,2978300.0
2020-11-17,85.7,86.76,85.11,86.42,3856900.0
2020-11-18,86.59,87.080002,84.68,84.74,9655500.0
2020-11-19,84.62,85.17,83.73,85.07,4225400.0
2020-11-20,85.029999,85.15,84.23,84.61,3136400.0
2020-11-23,85.19,85.77,84.63,84.77,4520000.0
2020-11-24,85.71,86.41,85.12,85.22,4805500.0
2020-11-25,85.29,85.41,83.029999,85.27,5792800.0
2020-11-27,85.52,85.55,84.54,84.89,2063900.0
2020-11-30,84.78,84.85,83.73,84.0,6413600.0
2020-12-01,84.96,85.43,84.7,85.080002,6489100.0
2020-12-02,84.89,85.39,84.34,84.41,3738500.0
2020-12-03,84.6,85.55,84.47,85.12,3386300.0
2020-12-04,85.49,86.44,85.49,86.42,3053200.0
2020-12-07,86.21,86.49,85.35,85.67,2620500.0
2020-12-08,85.29,85.82,85.25,85.37,2648100.0
2020-12-09,85.55,85.65,84.28,84.84,5024000.0
2020-12-10,84.38,85.019997,84.16,84.47,3737900.0
2020-12-11,84.059998,84.57,83.57,84.39,4044400.0
2020-12-14,85.080002,85.68,83.96,84.019997,3735200.0
2020-12-15,84.5,85.76,83.85,85.74,2867700.0
2020-12-16,85.99,86.46,85.41,85.84,3419900.0
2020-12-17,86.26,86.75,85.92,86.67,3341400.0
2020-12-18,86.76,86.77,84.4,84.93,3988500.0
2020-12-21,83.7,84.51,83.35,84.45,4993600.0
2020-12-22,84.5,85.12,84.11,85.040001,2828900.0
2020-12-23,85.37,85.93,84.42,84.49,3659000.0
2020-12-24,83.48,83.9,83.23,83.88,1563600.0
2020-12-28,84.29,84.51,83.8,84.38,5655100.0
2020-12-29,84.69,85.14,83.57,83.66,3880100.0
2020-12-30,83.87,84.78,83.71,84.12,3995900.0
2020-12-31,84.089996,85.050003,83.4,84.93,4827300.0
2021-01-04,85.2,85.28,82.07,82.17,5311500.0
2021-01-05,82.17,82.87,82.13,82.29,4932600.0
2021-01-06,82.26,82.97,81.73,82.43,6520100.0
2021-01-07,82.5,82.54,81.75,82.27,4068400.0
2021-01-08,82.53,83.36,82.39,83.07,4931600.0
2021-01-11,82.53,83.019997,81.68,81.97,6565100.0
2021-01-12,81.86,82.23,81.23,82.16,7857300.0
2021-01-13,82.22,83.33,82.21,83.16,9024900.0
2021-01-14,83.44,84.22,83.13,83.65,5866400.0
2021-01-15,83.46,84.87,83.18,84.61,3939700.0
2021-01-19,85.14,85.18,83.99,84.37,5521200.0
2021-01-20,84.44,86.37,84.13,85.98,5198300.0
2021-01-21,85.73,85.74,84.83,85.57,4213200.0
2021-01-22,85.13,85.91,84.92,85.77,5272700.0
2021-01-25,85.74,87.080002,85.26,86.42,7819700.0
2021-01-26,86.61,87.31,86.46,87.029999,4706300.0
2021-01-27,86.38,87.18,85.07,85.49,5907600.0
2021-01-28,85.51,86.91,85.23,85.95,6237000.0
2021-01-29,85.47,86.33,84.51,84.96,7349800.0
2021-02-01,85.48,86.96,84.42,86.9,6149000.0
2021-02-02,87.46,87.74,86.68,87.42,3849800.0
2021-02-03,87.47,87.48,86.0,87.2,5148700.0
2021-02-04,87.22,88.29,87.099998,87.8,4118200.0
2021-02-05,88.17,88.28,87.81,88.11,2583900.0
2021-02-08,88.43,88.59,87.79,88.59,3212700.0
2021-02-09,88.75,89.13,88.39,88.9,2518800.0
2021-02-10,89.36,90.099998,88.99,89.38,3421400.0
2021-02-11,89.54,90.089996,89.050003,89.57,3717000.0
2021-02-12,89.34,89.68,88.91,89.59,2297400.0
2021-02-16,89.92,89.97,88.41,88.9,2774500.0
2021-02-17,88.7,88.93,88.25,88.79,2939000.0
2021-02-18,88.47,88.79,88.26,88.41,3254600.0
2021-02-19,88.73,89.45,88.49,88.92,4170700.0
2021-02-22,88.7,90.050003,88.51,89.66,3493000.0
2021-02-23,89.88,90.47,89.65,90.22,4378300.0
2021-02-24,90.23,91.19,90.010002,90.91,3551200.0
2021-02-25,90.8,91.45,88.56,89.17,7548800.0
2021-02-26,89.51,89.52,87.77,87.87,6519800.0
2021-03-01,88.87,89.67,88.16,88.26,4834000.0
2021-03-02,88.29,88.29,86.83,87.41,4715600.0
2021-03-03,87.37,87.73,86.73,86.91,6231400.0
2021-03-04,87.080002,87.55,84.88,85.92,6869500.0
2021-03-05,86.58,87.16,84.45,86.86,7166100.0
2021-03-08,87.23,88.53,86.59,87.61,4823000.0
2021-03-09,88.13,88.87,88.07,88.19,3873600.0
2021-03-10,88.42,89.63,88.15,89.07,3429700.0
2021-03-11,89.7,90.63,89.15,90.11,3830000.0
2021-03-12,90.07,91.66,90.029999,91.62,3262800.0
2021-03-15,91.83,93.2,91.36,92.98,6026400.0
2021-03-16,92.99,93.2,92.2,92.6,3122500.0
2021-03-17,92.43,92.72,91.57,92.68,3663100.0
2021-03-18,92.31,92.4,91.43,91.74,3496000.0
2021-03-19,91.88,92.12,90.41,90.49,4429400.0
2021-03-22,90.5,91.35,90.2,91.13,2677000.0
2021-03-23,91.099998,91.71,90.49,91.0,2966400.0
2021-03-24,91.050003,91.78,90.49,90.49,4144500.0
2021-03-25,89.83,91.089996,88.83,90.88,4218800.0
2021-03-26,91.32,92.89,91.16,92.84,3864600.0
2021-03-29,92.64,92.94,91.49,92.3,5116600.0
2021-03-30,92.16,92.68,92.040001,92.42,5822100.0
2021-03-31,92.42,92.88,91.49,91.86,4430400.0
2021-04-01,92.34,93.58,92.0,93.53,5461200.0
2021-04-05,94.16,94.16,92.98,93.89,4239900.0
2021-04-06,93.95,94.14,93.49,94.13,5111600.0
2021-04-07,94.15,94.5,93.38,94.2,3038500.0
2021-04-08,94.23,94.58,93.76,93.85,5034300.0
2021-04-09,94.0,94.12,93.52,93.74,5371000.0
2021-04-12,93.93,94.29,93.14,94.29,2828200.0
2021-04-13,94.15,94.88,94.029999,94.76,3975300.0
2021-04-14,94.85,95.34,94.13,94.26,4569100.0
2021-04-15,94.84,95.91,94.64,95.91,6497000.0
2021-04-16,96.26,96.4,95.8,96.12,3754200.0
2021-04-19,96.17,96.31,95.51,96.31,2882900.0
2021-04-20,96.16,97.28,96.12,97.099998,4968700.0
2021-04-21,97.22,97.91,96.87,97.74,4407000.0
2021-04-22,97.73,98.13,96.99,97.21,3207200.0
2021-04-23,97.43,97.98,97.14,97.78,5225600.0
2021-04-26,98.099998,98.65,97.84,98.07,5404600.0
2021-04-27,98.36,98.4,97.81,98.059998,3091100.0
2021-04-28,98.31,98.44,97.8,97.85,3509200.0
2021-04-29,98.5,99.13,98.029999,98.69,3319100.0
2021-04-30,98.39,99.3,98.21,99.080002,4371300.0
2021-05-03,99.56,99.56,98.67,98.89,6844100.0
2021-05-04,98.43,99.23,97.69,98.25,6449000.0
2021-05-05,98.080002,98.080002,96.23,96.62,4580300.0
2021-05-06,96.69,97.24,96.26,97.16,5649700.0
2021-05-07,97.23,98.5,97.07,98.44,5884900.0
2021-05-10,98.8,99.57,98.4,98.41,3436700.0
2021-05-11,97.57,97.57,96.36,97.17,4036900.0
2021-05-12,96.94,97.13,94.64,94.71,4601200.0
2021-05-13,95.0,96.62,94.94,95.94,5118900.0
2021-05-14,96.45,97.42,96.31,97.080002,3936600.0
2021-05-17,97.040001,97.39,96.69,97.18,3320200.0
2021-05-18,97.2,97.83,96.6,97.2,3359800.0
2021-05-19,96.45,96.89,95.46,96.89,3602500.0
2021-05-20,96.91,98.29,96.64,97.98,2466500.0
2021-05-21,98.22,98.41,97.65,97.88,3020000.0
2021-05-24,98.32,99.47,98.23,99.099998,3491500.0
2021-05-25,99.28,99.5,98.67,99.07,4243300.0
2021-05-26,99.25,100.07,99.050003,99.51,4518100.0
2021-05-27,99.82,99.83,99.16,99.28,4362900.0
2021-05-28,99.86,100.17,99.56,99.88,3409400.0
2021-06-01,100.37,101.69,100.010002,101.68,4385000.0
2021-06-02,102.059998,102.98,101.61,102.87,4446100.0
2021-06-03,102.75,102.75,102.010002,102.49,4187600.0
2021-06-04,103.0,103.0,102.080002,102.54,3121200.0
2021-06-07,102.74,104.2,102.71,103.75,4773100.0
2021-06-08,104.010002,104.89,103.89,104.61,3935800.0
2021-06-09,104.91,105.21,104.7,104.75,3243000.0
2021-06-10,104.85,105.77,104.54,105.5,4010100.0
2021-06-11,105.52,105.63,104.56,105.080002,3274100.0
2021-06-14,105.089996,105.49,104.91,105.49,3531700.0
2021-06-15,105.4,105.49,104.36,104.36,4099600.0
2021-06-16,104.58,105.050003,103.49,103.68,4498600.0
2021-06-17,103.41,103.7,102.86,103.55,5055100.0
2021-06-18,103.019997,103.47,101.79,101.79,5358000.0
2021-06-21,102.31,104.21,101.8,103.89,3672900.0
2021-06-22,103.89,104.010002,103.28,103.35,3088200.0
2021-06-23,103.35,103.75,103.080002,103.17,3682900.0
2021-06-24,102.82,102.82,101.66,102.22,3229000.0
2021-06-25,102.25,103.010002,102.080002,102.91,2739100.0
2021-06-28,103.089996,103.15,101.69,102.61,3940700.0
2021-06-29,102.77,103.2,102.26,102.33,3777300.0
2021-06-30,102.34,102.9,101.68,101.79,6640100.0
2021-07-01,102.029999,103.019997,101.51,102.23,6491100.0
2021-07-02,102.63,103.040001,102.17,102.54,4451800.0
2021-07-06,102.51,103.47,101.79,103.29,4478800.0
2021-07-07,103.13,103.99,102.8,103.65,5085500.0
2021-07-08,102.73,103.77,102.51,103.36,6426800.0
2021-07-09,103.9,105.07,103.63,105.059998,5780200.0
2021-07-12,105.0,106.050003,104.78,105.96,5627600.0
2021-07-13,105.69,105.78,104.080002,104.48,5474100.0
2021-07-14,104.49,105.52,104.25,105.21,3397400.0
2021-07-15,105.0,105.5,104.92,105.38,2990100.0
2021-07-16,105.76,106.2,105.24,105.31,6435400.0
2021-07-19,104.11,104.33,102.59,103.39,5097800.0
2021-07-20,103.95,106.24,103.8,105.83,4999700.0
2021-07-21,106.019997,106.52,105.66,105.82,4329100.0
2021-07-22,105.33,105.34,104.44,104.98,3932400.0
2021-07-23,105.35,105.97,104.98,105.85,4128200.0
2021-07-26,105.75,106.17,105.13,105.9,2857700.0
2021-07-27,105.84,106.67,105.41,106.5,3096100.0
2021-07-28,106.59,106.8,105.8,106.13,3577300.0
2021-07-29,106.51,107.18,106.050003,106.15,3357700.0
2021-07-30,106.36,107.72,106.24,106.29,4325800.0
2021-08-02,106.87,107.66,105.85,106.059998,4089800.0
2021-08-03,106.26,106.42,105.43,106.19,5178600.0
2021-08-04,106.17,106.59,105.46,105.86,4038300.0
2021-08-05,106.44,107.12,106.17,107.099998,3294800.0
2021-08-06,107.26,107.65,106.75,106.91,2753600.0
2021-08-09,106.72,106.76,106.15,106.34,2727800.0
2021-08-10,106.49,106.5,105.19,105.33,3771000.0
2021-08-11,105.76,106.089996,105.28,105.95,3256700.0
2021-08-12,106.19,106.24,105.69,106.18,2891900.0
2021-08-13,106.4,106.88,106.050003,106.76,2601600.0
2021-08-16,106.66,107.22,106.37,106.63,3166800.0
2021-08-17,106.18,106.56,105.6,106.52,3004300.0
2021-08-18,106.3,106.36,105.48,105.55,3439200.0
2021-08-19,105.019997,106.15,104.85,106.059998,4069500.0
2021-08-20,105.82,107.029999,105.22,106.59,3238900.0
2021-08-23,106.8,107.019997,106.089996,106.39,3230600.0
2021-08-24,106.53,106.62,105.46,105.92,2867100.0
2021-08-25,105.9,106.52,105.43,105.85,3329400.0
2021-08-26,105.95,106.23,105.46,105.89,2889400.0
2021-08-27,106.27,107.33,106.16,107.0,3059300.0
2021-08-30,107.050003,108.080002,106.78,108.07,3600600.0
2021-08-31,107.74,108.71,107.54,108.58,4210100.0
2021-09-01,108.84,110.4,108.8,110.32,5683100.0
2021-09-02,110.54,110.91,109.65,110.9,5207100.0
2021-09-03,110.63,111.059998,109.7,110.92,4460700.0
2021-09-07,110.65,110.74,108.82,109.67,4929300.0
2021-09-08,109.4,110.55,109.13,110.22,4265700.0
2021-09-09,109.62,109.74,107.95,107.98,6221300.0
2021-09-10,108.07,108.25,106.38,106.4,5894700.0
2021-09-13,107.33,108.010002,106.82,107.12,5725300.0
2021-09-14,107.69,107.73,106.31,106.93,3848200.0
2021-09-15,107.059998,107.74,106.49,107.27,4027400.0
2021-09-16,107.18,107.87,106.57,107.36,3405200.0
2021-09-17,107.13,107.66,106.19,106.4,6964300.0
2021-09-20,105.22,106.36,104.49,105.75,6207000.0
2021-09-21,106.29,107.059998,105.77,105.8,4371800.0
2021-09-22,106.57,107.48,106.099998,106.83,4650400.0
2021-09-23,107.14,107.51,106.52,106.62,4042800.0
2021-09-24,105.68,106.099998,104.59,104.83,4881000.0
2021-09-27,104.87,105.58,103.32,103.42,4311000.0
2021-09-28,102.83,103.29,102.089996,102.72,7096500.0
2021-09-29,103.3,103.99,103.099998,103.49,6227000.0
2021-09-30,103.84,103.95,101.78,101.78,7019300.0
2021-10-01,102.44,103.93,101.84,103.22,6106100.0
2021-10-04,103.099998,103.69,102.6,103.24,5638600.0
2021-10-05,103.32,103.4,102.17,102.53,4313800.0
2021-10-06,102.11,103.64,101.0,103.51,5587900.0
2021-10-07,104.07,105.019997,103.66,103.79,4055300.0
2021-10-08,103.78,103.91,102.73,102.81,5295400.0
2021-10-11,102.83,103.52,102.34,103.07,2634200.0
2021-10-12,103.32,104.86,103.040001,104.42,3666500.0
2021-10-13,104.29,105.22,103.63,105.18,3371000.0
2021-10-14,105.79,106.56,105.52,106.46,2721900.0
2021-10-15,107.31,107.4,105.91,106.38,3065400.0
2021-10-18,105.94,107.0,105.78,106.65,3424100.0
2021-10-19,107.11,107.32,106.61,106.7,3104500.0
2021-10-20,106.85,108.38,106.78,108.38,6018900.0
2021-10-21,108.32,108.58,108.080002,108.53,4849600.0
2021-10-22,108.67,109.41,108.57,109.040001,4873000.0
2021-10-25,109.2,109.67,108.4,109.39,2625200.0
2021-10-26,109.6,110.059998,109.35,109.69,2940600.0
2021-10-27,110.099998,110.099998,108.75,108.76,3573000.0
2021-10-28,108.86,110.3,108.78,110.28,3681000.0
2021-10-29,109.8,110.23,108.55,109.040001,5990500.0
2021-11-01,109.3,109.8,107.79,109.58,5846500.0
2021-11-02,109.94,110.52,109.24,110.099998,3405900.0
2021-11-03,110.17,110.77,109.61,110.47,2723200.0
2021-11-04,110.51,110.91,108.97,109.42,3378800.0
2021-11-05,110.41,111.27,109.88,109.98,3209300.0
2021-11-08,110.37,110.58,109.19,109.89,2989800.0
2021-11-09,110.010002,110.32,109.76,110.080002,2671500.0
2021-11-10,109.75,110.45,109.53,109.57,4021900.0
2021-11-11,109.74,109.77,109.0,109.75,2395200.0
2021-11-12,110.050003,110.080002,109.36,109.67,3194300.0
2021-11-15,109.85,110.47,109.45,110.44,2713500.0
2021-11-16,110.51,110.59,109.46,109.71,3043900.0
2021-11-17,109.43,110.2,107.97,110.050003,4667900.0
2021-11-18,110.2,110.26,109.58,110.07,2812800.0
2021-11-19,110.080002,110.18,109.010002,109.42,2928800.0
2021-11-22,109.53,109.83,108.69,108.88,3352600.0
2021-11-23,109.11,110.080002,108.7,109.76,3867100.0
2021-11-24,109.69,111.29,109.43,111.089996,3227600.0
2021-11-26,109.5,109.5,107.36,108.0,3514700.0
2021-11-29,108.8,109.72,108.0,108.8,4825900.0
2021-11-30,108.15,108.43,106.65,106.74,6335800.0
2021-12-01,107.74,109.059998,104.95,104.98,8641300.0
2021-12-02,105.5,108.76,105.26,108.13,7134400.0
2021-12-03,108.25,108.76,106.84,107.77,7798400.0
2021-12-06,108.42,110.45,108.42,109.66,7212400.0
2021-12-07,110.56,111.56,110.29,111.24,5363400.0
2021-12-08,111.24,112.31,111.0,112.040001,5542400.0
2021-12-09,111.61,111.65,110.39,110.42,3724500.0
2021-12-10,110.98,111.0,110.28,110.76,3828200.0
2021-12-13,110.54,112.29,110.21,111.8,6555000.0
2021-12-14,111.49,111.71,109.84,110.37,5924500.0
2021-12-15,110.7,112.11,110.37,111.92,6675800.0
2021-12-16,112.27,112.92,111.27,111.88,6178900.0
2021-12-17,111.69,112.97,111.49,111.74,7201700.0
2021-12-20,110.57,111.19,109.62,110.87,6071100.0
2021-12-21,111.73,112.64,111.5,112.12,4251000.0
2021-12-22,112.45,113.38,112.32,113.27,4517500.0
2021-12-23,113.55,113.7,112.56,113.15,6977700.0
2021-12-27,112.11,114.019997,112.019997,114.0,9185100.0
2021-12-28,113.93,114.54,113.67,114.42,3630400.0
2021-12-29,114.65,115.44,114.050003,115.19,3842900.0
2021-12-30,115.24,116.17,115.24,115.69,3990400.0
2021-12-31,115.71,116.71,115.65,116.010002,5440300.0
2022-01-03,116.21,116.24,113.46,115.099998,9845000.0
2022-01-04,115.42,116.080002,114.86,114.96,5330700.0
2022-01-05,114.76,114.8,111.55,111.67,6928300.0
2022-01-06,111.81,112.22,110.6,111.77,5974500.0
2022-01-07,111.48,111.85,110.76,111.029999,6999300.0
2022-01-10,110.35,110.5,109.019997,110.39,6571900.0
2022-01-11,110.27,110.67,108.86,110.56,5568500.0
2022-01-12,110.57,111.37,110.52,110.69,4331700.0
2022-01-13,111.0,111.49,110.28,110.47,3921700.0
2022-01-14,109.88,109.99,108.17,109.47,6465300.0
2022-01-18,108.75,108.9,107.6,108.32,5828700.0
2022-01-19,108.9,109.36,106.86,106.86,5111000.0
2022-01-20,107.0,108.3,105.42,105.49,6982000.0
2022-01-21,105.53,106.6,104.96,105.23,8031500.0
2022-01-24,104.16,105.7,101.6,105.43,15646100.0
2022-01-25,104.28,105.81,103.040001,105.010002,9942900.0
2022-01-26,105.62,106.86,102.67,103.37,9589300.0
2022-01-27,103.99,104.87,101.22,101.66,7459300.0
2022-01-28,101.8,104.96,100.62,104.95,6924500.0
2022-01-31,104.57,106.44,104.07,106.24,7457700.0
2022-02-01,106.15,106.63,105.22,105.86,9610000.0
2022-02-02,106.41,107.52,106.28,107.21,4619300.0
2022-02-03,106.53,107.059998,105.99,106.07,5453100.0
2022-02-04,105.38,106.27,104.029999,105.019997,6865600.0
2022-02-07,104.94,105.59,104.64,104.87,5860900.0
2022-02-08,104.81,105.19,104.12,104.38,6106100.0
2022-02-09,105.47,106.82,105.47,106.74,5746600.0
2022-02-10,105.28,106.74,103.63,104.22,6948000.0
2022-02-11,104.75,105.15,102.65,103.27,5679000.0
2022-02-14,103.41,104.050003,101.89,102.33,5350200.0
2022-02-15,103.22,103.86,102.88,103.25,3612600.0
2022-02-16,103.36,103.99,102.62,103.73,4333000.0
2022-02-17,103.34,103.65,102.49,102.63,4847000.0
2022-02-18,102.37,103.45,101.87,102.010002,4809500.0
2022-02-22,101.62,102.37,100.97,101.64,6656900.0
2022-02-23,102.5,102.94,99.92,99.96,6201000.0
2022-02-24,98.010002,101.96,97.71,101.64,9479200.0
2022-02-25,102.050003,104.24,101.59,104.089996,5870300.0
2022-02-28,103.23,103.64,101.46,102.54,7296900.0
2022-03-01,102.8,103.42,101.45,102.0,8896200.0
2022-03-02,102.37,104.43,102.22,103.91,6946100.0
2022-03-03,104.49,105.11,103.41,104.76,6517000.0
2022-03-04,103.85,105.34,103.58,105.24,6438500.0
2022-03-07,105.010002,105.26,103.11,103.16,6506200.0
2022-03-08,103.11,104.5,102.31,102.66,7090600.0
2022-03-09,104.39,105.28,104.07,104.24,5785900.0
2022-03-10,103.14,104.75,102.86,104.5,4034900.0
2022-03-11,105.3,105.79,103.6,103.67,5381600.0
2022-03-14,104.26,104.44,102.4,102.86,4539900.0
2022-03-15,103.78,104.33,102.61,103.55,5245000.0
2022-03-16,104.31,105.27,102.56,104.78,6561300.0
2022-03-17,104.4,106.4,104.38,106.4,3844300.0
2022-03-18,106.34,106.76,105.76,106.4,5815300.0
2022-03-21,106.48,106.97,105.29,105.75,4571900.0
2022-03-22,106.39,106.67,105.79,106.019997,4749800.0
2022-03-23,105.0,105.5,104.12,104.26,4595400.0
2022-03-24,104.29,104.95,103.89,104.92,3893400.0
2022-03-25,105.38,106.23,105.010002,106.23,4495100.0
2022-03-28,106.33,107.36,106.11,107.36,4130800.0
2022-03-29,108.42,110.69,108.31,110.51,5350500.0
2022-03-30,110.059998,110.26,109.22,109.71,5216200.0
2022-03-31,110.16,110.49,108.37,108.37,7466900.0
2022-04-01,108.87,110.52,108.52,110.48,6568700.0
2022-04-04,110.52,110.76,108.97,109.94,6311800.0
2022-04-05,109.63,110.99,109.07,109.4,4993700.0
2022-04-06,108.96,110.81,108.44,110.7,5050800.0
2022-04-07,110.059998,110.15,108.88,109.6,5338200.0
2022-04-08,109.76,110.26,108.98,109.78,5941000.0
2022-04-11,109.49,110.089996,108.37,108.6,4315700.0
2022-04-12,108.65,109.43,108.019997,108.44,5094800.0
2022-04-13,108.51,109.37,108.16,109.21,4673100.0
2022-04-14,109.64,110.12,108.65,108.74,4464700.0
2022-04-18,108.52,109.13,107.77,108.3,4256900.0
2022-04-19,108.86,110.96,108.75,110.66,7536100.0
2022-04-20,111.059998,112.87,110.98,112.5,5395900.0
2022-04-21,113.07,113.41,111.62,111.72,4820700.0
2022-04-22,111.44,111.55,109.69,109.76,4917800.0
2022-04-25,109.42,109.93,107.66,109.48,6032300.0
2022-04-26,109.16,109.83,107.61,107.68,6217500.0
2022-04-27,107.74,108.61,106.88,106.97,6007100.0
2022-04-28,107.5,109.29,106.36,108.94,7235300.0
2022-04-29,108.27,108.42,103.68,103.94,9573900.0
2022-05-02,103.87,104.54,99.36,101.43,11885700.0
2022-05-03,101.77,103.31,101.089996,102.69,7245400.0
2022-05-04,102.76,104.080002,100.94,103.87,8686700.0
2022-05-05,103.44,103.98,100.32,101.099998,8884000.0
2022-05-06,100.38,100.7,98.87,99.9,9398500.0
2022-05-09,99.0,99.0,95.15,95.5,8491700.0
2022-05-10,96.58,97.26,93.010002,93.76,12528300.0
2022-05-11,93.96,95.75,93.36,93.56,9095800.0
2022-05-12,93.39,94.4,92.88,94.29,8312300.0
2022-05-13,95.11,96.81,94.5,96.78,7536700.0
2022-05-16,96.55,96.99,95.97,96.17,4614200.0
2022-05-17,97.32,97.51,96.040001,97.48,4492000.0
2022-05-18,97.19,97.33,94.28,94.65,5130300.0
2022-05-19,93.89,95.36,93.89,94.23,6365100.0
2022-05-20,95.099998,95.33,93.35,94.83,4471300.0
2022-05-23,95.65,96.2,94.28,95.93,4662400.0
2022-05-24,95.49,96.92,94.059998,96.74,5895300.0
2022-05-25,96.36,97.82,96.080002,97.56,4589300.0
2022-05-26,97.93,98.64,97.55,97.68,4355200.0
2022-05-27,98.19,100.32,98.19,100.3,4990000.0
2022-05-31,99.38,99.73,98.53,99.07,6276900.0
2022-06-01,99.4,99.51,96.98,98.25,4607100.0
2022-06-02,97.88,99.65,96.69,99.6,5450800.0
2022-06-03,98.82,99.35,98.010002,98.27,4989900.0
2022-06-06,99.089996,99.29,97.72,97.96,5445300.0
2022-06-07,97.48,99.36,97.099998,99.31,6489200.0
2022-06-08,98.67,98.92,96.81,97.019997,4566100.0
2022-06-09,96.61,97.15,94.72,94.72,4358600.0
2022-06-10,93.48,93.73,92.56,92.62,7260100.0
2022-06-13,90.56,90.61,87.61,87.99,8559700.0
2022-06-14,88.29,88.46,86.63,87.32,8707300.0
2022-06-15,88.14,90.61,87.91,89.39,8851100.0
2022-06-16,87.27,88.0,86.66,87.040001,8083300.0
2022-06-17,87.010002,88.85,86.9,87.7,7791800.0
2022-06-21,88.51,89.88,88.47,88.92,5933100.0
2022-06-22,87.99,91.2,87.98,90.050003,6250200.0
2022-06-23,89.81,91.44,89.76,91.18,6139300.0
2022-06-24,91.83,93.24,91.56,93.12,4656500.0
2022-06-27,93.050003,93.99,92.43,92.98,3784200.0
2022-06-28,93.53,94.24,91.72,91.85,4735900.0
2022-06-29,91.33,91.46,90.27,91.28,4606700.0
2022-06-30,90.64,92.23,89.96,91.11,6402600.0
2022-07-01,90.97,93.010002,90.8,92.75,4512500.0
2022-07-05,91.81,92.52,90.33,92.49,5154400.0
2022-07-06,92.78,93.55,92.010002,92.32,3428900.0
2022-07-07,92.88,93.39,92.33,92.57,3032400.0
2022-07-08,92.37,92.77,91.64,92.080002,3509800.0
2022-07-11,91.78,92.25,91.17,91.88,3453200.0
2022-07-12,91.4,92.45,90.87,91.52,4396100.0
2022-07-13,90.49,91.75,89.92,91.080002,5572400.0
2022-07-14,89.57,90.66,89.45,90.26,4494500.0
2022-07-15,91.73,92.23,90.9,91.79,5124800.0
2022-07-18,92.43,92.53,90.78,91.14,3397900.0
2022-07-19,91.96,93.61,91.86,93.5,3659100.0
2022-07-20,93.33,94.42,92.82,93.28,4212400.0
2022-07-21,93.47,94.029999,92.38,94.019997,5062800.0
2022-07-22,94.58,95.11,93.79,94.51,3615200.0
2022-07-25,94.61,95.21,94.19,94.67,3252800.0
2022-07-26,94.66,95.28,94.42,94.77,3337300.0
2022-07-27,95.0,95.57,94.19,95.34,4160900.0
2022-07-28,95.97,98.52,95.96,98.43,4100300.0
2022-07-29,98.43,99.32,98.029999,98.96,3301300.0
2022-08-01,98.45,98.7,97.69,98.16,3572700.0
2022-08-02,98.13,98.41,96.84,96.9,4731300.0
2022-08-03,97.5,98.22,97.16,97.21,3107000.0
2022-08-04,97.34,97.49,96.47,97.059998,2884200.0
2022-08-05,96.35,97.38,96.010002,97.33,2719300.0
2022-08-08,98.0,98.9,97.63,98.2,4694200.0
2022-08-09,98.33,98.75,97.9,98.74,3403700.0
2022-08-10,99.86,100.39,99.47,100.24,3165200.0
2022-08-11,100.68,101.12,99.72,100.0,2151600.0
2022-08-12,100.6,101.79,100.57,101.72,3423700.0
2022-08-15,101.51,102.28,101.33,102.13,2135300.0
2022-08-16,101.68,102.37,101.49,101.86,3680800.0
2022-08-17,100.94,101.85,100.64,101.25,3683400.0
2022-08-18,101.26,101.51,100.11,100.58,2263400.0
2022-08-19,99.98,100.38,99.17,99.52,2788800.0
2022-08-22,98.74,98.82,97.25,97.35,3517500.0
2022-08-23,97.25,97.3,95.73,96.099998,5605300.0
2022-08-24,96.19,97.24,96.11,96.65,2292200.0
2022-08-25,96.95,98.12,96.75,98.089996,2129200.0
2022-08-26,98.19,98.19,95.58,95.62,3187200.0
2022-08-29,95.050003,95.74,94.58,94.76,2833800.0
2022-08-30,95.12,95.12,93.18,93.45,3643600.0
2022-08-31,93.98,94.4,92.8,93.010002,4100800.0
2022-09-01,92.45,93.2,91.51,93.18,4746100.0
2022-09-02,93.99,94.17,91.66,91.88,3561800.0
2022-09-06,92.27,93.099998,91.76,92.71,4591800.0
2022-09-07,92.71,94.71,92.67,94.52,3681100.0
2022-09-08,94.029999,95.11,93.75,94.78,3408300.0
2022-09-09,95.080002,96.14,94.68,95.81,4129900.0
2022-09-12,96.19,96.92,96.07,96.74,2737500.0
2022-09-13,94.85,95.11,92.74,93.040001,4824900.0
2022-09-14,92.65,92.93,91.33,91.98,5301500.0
2022-09-15,92.010002,92.28,90.18,90.28,6727800.0
2022-09-16,89.81,90.39,89.099998,90.29,6807800.0
2022-09-19,89.48,90.2,88.88,90.16,4467100.0
2022-09-20,89.32,89.4,87.52,87.97,5850800.0
2022-09-21,88.58,89.099998,86.55,86.58,7128900.0
2022-09-22,86.32,86.36,85.18,85.48,6743600.0
2022-09-23,83.7,84.13,82.52,83.44,8982100.0
2022-09-26,82.99,83.050003,80.25,81.099998,8119600.0
2022-09-27,81.8,82.35,79.82,80.019997,10015000.0
2022-09-28,80.75,82.010002,79.93,81.68,9000200.0
2022-09-29,80.86,80.86,78.73,79.28,8576300.0
2022-09-30,79.7,80.74,79.5,80.17,9023600.0
2022-10-03,81.4,82.11,80.040001,81.6,8718400.0
2022-10-04,82.55,83.87,82.43,83.25,6439300.0
2022-10-05,82.12,82.25,80.27,81.62,6518400.0
2022-10-06,81.39,81.72,79.18,79.35,7820800.0
2022-10-07,78.6,79.040001,76.92,77.44,6913700.0
2022-10-10,77.55,78.21,76.59,76.71,6549500.0
2022-10-11,76.66,78.019997,75.76,77.49,7189700.0
2022-10-12,77.5,77.5,76.2,76.68,6634400.0
2022-10-13,75.15,78.46,74.66,78.080002,8561200.0
2022-10-14,78.68,79.28,76.029999,76.14,7320700.0
2022-10-17,77.55,79.31,77.49,79.010002,5823800.0
2022-10-18,80.31,80.99,79.13,79.87,5609200.0
2022-10-19,79.089996,79.35,77.4,77.88,6452100.0
2022-10-20,77.92,78.79,77.32,77.54,4959700.0
2022-10-21,77.81,78.19,76.54,78.15,6060100.0
2022-10-24,78.79,79.11,77.57,78.14,4918000.0
2022-10-25,78.41,81.36,78.41,81.21,5815800.0
2022-10-26,81.13,81.91,80.61,81.16,5746800.0
2022-10-27,81.61,82.22,81.019997,81.28,5239600.0
2022-10-28,80.95,83.28,80.72,83.07,4651400.0
2022-10-31,82.3,83.43,82.080002,82.98,5112200.0
2022-11-01,83.88,84.13,82.76,82.95,4751100.0
2022-11-02,82.43,83.42,80.51,80.67,7240200.0
2022-11-03,79.93,81.17,79.029999,80.56,5231600.0
2022-11-04,81.2,82.21,80.099998,81.66,5664800.0
2022-11-07,82.089996,82.55,81.11,81.66,5545800.0
2022-11-08,81.88,82.78,81.39,81.91,5578400.0
2022-11-09,81.71,82.62,80.86,81.07,5510300.0
2022-11-10,84.0,87.17,83.95,87.0,8312600.0
2022-11-11,87.029999,87.89,86.66,86.99,5928000.0
2022-11-14,86.51,86.62,84.81,84.87,6181900.0
2022-11-15,86.0,86.39,84.88,85.79,5283900.0
2022-11-16,85.57,85.9,84.81,85.010002,4258200.0
2022-11-17,83.96,84.61,83.6,84.43,4463400.0
2022-11-18,85.44,85.84,84.64,85.5,3854100.0
2022-11-21,85.2,86.029999,84.94,85.95,3505900.0
2022-11-22,86.32,86.53,85.76,86.42,3514700.0
2022-11-23,86.31,86.91,85.79,86.49,4423800.0
2022-11-25,86.57,87.059998,86.57,87.040001,1524100.0
2022-11-28,86.55,86.96,84.51,84.71,4032700.0
2022-11-29,84.78,86.22,84.51,86.11,6035700.0
2022-11-30,85.91,88.14,85.27,88.080002,7077800.0
2022-12-01,88.72,89.38,87.17,87.89,5038900.0
2022-12-02,86.85,88.07,86.49,87.63,3953700.0
2022-12-05,87.37,87.37,85.84,86.029999,5983200.0
2022-12-06,86.21,86.25,84.85,85.22,5276900.0
2022-12-07,85.050003,86.29,84.88,85.39,6206700.0
2022-12-08,85.66,86.77,85.5,85.99,3994400.0
2022-12-09,85.71,86.66,85.5,85.83,4572500.0
2022-12-12,86.029999,86.5,85.059998,86.49,5115900.0
2022-12-13,88.88,89.47,87.080002,88.089996,6864400.0
2022-12-14,88.029999,89.11,87.050003,87.49,6553300.0
2022-12-15,86.51,87.12,85.84,86.32,5325500.0
2022-12-16,85.42,85.42,83.16,84.089996,8166400.0
2022-12-19,84.0,84.0,82.52,83.019997,3776100.0
2022-12-20,82.63,83.29,81.86,82.81,6614800.0
2022-12-21,83.36,84.42,83.25,83.52,7101700.0
2022-12-22,81.67,82.059998,80.49,82.010002,6619400.0
2022-12-23,81.76,82.77,81.4,82.74,3539500.0
2022-12-27,82.71,82.97,81.98,82.71,3961900.0
2022-12-28,82.88,83.27,81.18,81.3,5168000.0
2022-12-29,81.87,83.26,81.63,83.080002,5398400.0
2022-12-30,82.48,82.85,81.5,82.48,4897700.0
2023-01-03,83.17,83.86,81.66,82.56,5906600.0
2023-01-04,83.25,85.18,83.17,84.43,6860200.0
2023-01-05,83.76,83.76,81.96,82.16,6839500.0
2023-01-06,82.57,84.66,82.2,84.37,5962000.0
2023-01-09,84.64,85.33,84.040001,84.4,5699200.0
2023-01-10,84.27,84.59,83.47,84.59,8040700.0
2023-01-11,85.22,87.65,85.22,87.62,5663300.0
2023-01-12,88.0,88.86,87.13,88.73,5890600.0
2023-01-13,87.8,88.53,87.53,88.18,4153800.0
2023-01-17,88.31,88.89,88.080002,88.43,3943900.0
2023-01-18,88.68,88.98,86.99,87.14,5984200.0
2023-01-19,86.66,87.63,86.61,86.66,4696800.0
2023-01-20,86.68,87.72,85.67,87.69,4251100.0
2023-01-23,87.7,88.59,87.14,88.089996,5154100.0
2023-01-24,87.85,88.68,87.0,88.31,3810600.0
2023-01-25,87.91,88.49,87.5,88.35,4953300.0
2023-01-26,88.85,89.36,88.37,89.34,3939000.0
2023-01-27,89.14,90.68,89.14,90.34,4972100.0
2023-01-30,89.62,90.58,89.15,89.19,4737700.0
2023-01-31,89.29,91.17,89.14,91.059998,5449600.0
2023-02-01,90.57,92.24,89.6,91.62,9787400.0
2023-02-02,92.45,94.53,92.42,93.7,5218600.0
2023-02-03,92.39,92.44,90.8,91.94,5353000.0
2023-02-06,90.8,91.38,90.34,91.27,3787500.0
2023-02-07,90.84,91.49,89.87,91.07,5912700.0
2023-02-08,90.65,91.15,90.32,90.64,4886900.0
2023-02-09,91.010002,91.53,89.41,89.65,2905100.0
2023-02-10,89.25,90.13,88.76,89.96,3270300.0
2023-02-13,90.18,90.9,90.080002,90.76,2921900.0
2023-02-14,90.47,91.16,89.5,90.040001,4217600.0
2023-02-15,89.49,90.42,89.24,90.4,3669900.0
2023-02-16,89.13,90.31,88.42,89.52,4493100.0
2023-02-17,89.21,89.46,88.32,89.17,4299600.0
2023-02-21,88.61,88.62,86.99,87.38,4926400.0
2023-02-22,87.6,87.77,86.2,86.59,4456500.0
2023-02-23,87.12,87.47,86.29,87.24,6074900.0
2023-02-24,86.26,86.33,85.27,85.71,5065400.0
2023-02-27,86.54,87.15,85.47,85.84,5170800.0
2023-02-28,85.8,86.84,85.62,85.72,7261100.0
2023-03-01,85.12,85.37,83.96,84.64,7041800.0
2023-03-02,84.040001,85.76,83.92,85.63,5208800.0
2023-03-03,86.31,87.13,86.059998,86.93,4542100.0
2023-03-06,87.33,87.41,86.39,86.59,3893700.0
2023-03-07,86.53,86.61,84.39,84.57,6540600.0
2023-03-08,84.53,86.040001,84.49,85.54,5750400.0
2023-03-09,85.68,85.76,83.4,83.58,5974200.0
2023-03-10,83.46,83.63,80.38,80.81,10351000.0
2023-03-13,80.39,82.96,80.089996,81.87,16288000.0
2023-03-14,83.26,83.62,81.77,82.66,8706400.0
2023-03-15,81.31,82.85,81.3,82.6,10284900.0
2023-03-16,81.86,82.83,80.95,82.42,10324300.0
2023-03-17,82.080002,82.16,80.47,80.55,9103200.0
2023-03-20,81.16,81.82,80.44,81.47,6300300.0
2023-03-21,82.0,82.22,80.4,81.11,5024500.0
2023-03-22,80.64,80.67,78.059998,78.080002,8283600.0
2023-03-23,78.48,79.49,77.31,77.59,6274400.0
2023-03-24,76.46,78.81,76.22,78.79,8380000.0
2023-03-27,79.26,79.55,78.58,78.7,4956700.0
2023-03-28,78.12,78.86,77.82,78.51,4213800.0
2023-03-29,79.44,80.35,79.3,80.25,6364000.0
2023-03-30,81.019997,81.55,80.9,81.3,4838000.0
2023-03-31,81.77,83.12,81.64,83.040001,6148200.0
2023-04-03,82.94,83.62,81.96,82.38,7582700.0
2023-04-04,82.55,82.72,81.72,82.27,6243400.0
2023-04-05,82.040001,82.6,81.71,81.83,7024100.0
2023-04-06,82.12,82.44,81.47,82.39,7008200.0
2023-04-10,82.0,82.79,81.53,82.77,3972100.0
2023-04-11,82.93,83.8,82.6,83.12,4839400.0
2023-04-12,83.86,83.98,82.58,82.72,5920500.0
2023-04-13,82.78,82.83,81.68,82.47,3884400.0
2023-04-14,82.52,83.010002,80.57,81.19,5078300.0
2023-04-17,81.19,82.9,81.19,82.88,5148900.0
2023-04-18,82.97,82.98,82.27,82.69,4189600.0
2023-04-19,82.27,83.37,81.97,83.18,3624200.0
2023-04-20,82.68,82.77,81.93,82.36,4604400.0
2023-04-21,82.39,82.77,81.68,82.37,5136600.0
2023-04-24,82.36,82.74,81.42,82.059998,3673500.0
2023-04-25,81.6,81.89,81.16,81.25,5127500.0
2023-04-26,81.089996,81.82,80.29,80.47,5128500.0
2023-04-27,80.75,82.52,80.61,82.29,6439300.0
2023-04-28,82.42,83.71,82.21,83.3,5352800.0
2023-05-01,83.31,83.62,82.55,82.68,4817200.0
2023-05-02,82.47,82.64,80.67,81.28,5442500.0
2023-05-03,81.68,82.58,80.89,80.96,7538900.0
2023-05-04,80.92,82.11,80.43,81.63,7231800.0
2023-05-05,82.11,83.17,82.089996,82.99,4560600.0
2023-05-08,82.81,83.07,82.17,82.51,4896000.0
2023-05-09,82.11,82.51,81.25,82.16,4522000.0
2023-05-10,82.96,83.27,82.099998,82.95,6331600.0
2023-05-11,82.36,82.4,81.53,82.040001,5175400.0
2023-05-12,82.2,82.29,81.36,82.029999,3293800.0
2023-05-15,82.17,82.38,81.68,81.89,3477400.0
2023-05-16,81.69,81.8,79.83,79.84,5401000.0
2023-05-17,80.35,81.059998,79.62,80.92,4849000.0
2023-05-18,80.58,80.95,79.91,80.53,4009000.0
2023-05-19,80.89,81.31,80.010002,80.4,4800200.0
2023-05-22,80.47,81.38,80.050003,80.89,4839100.0
2023-05-23,80.71,81.55,80.029999,80.13,5460000.0
2023-05-24,79.68,79.9,78.32,78.41,4910700.0
2023-05-25,78.79,78.97,77.81,78.4,4810700.0
2023-05-26,78.53,79.45,78.18,79.3,3230700.0
2023-05-30,79.58,80.48,79.37,79.6,4449400.0
2023-05-31,79.39,80.18,79.11,80.0,4673800.0
2023-06-01,79.9,80.48,79.15,80.010002,4016600.0
2023-06-02,80.89,82.19,80.74,81.96,5114900.0
2023-06-05,81.86,82.31,81.24,81.39,3936600.0
2023-06-06,81.79,82.34,81.2,82.17,4728200.0
2023-06-07,82.54,83.9,82.15,83.68,3825200.0
2023-06-08,83.3,83.44,82.26,83.16,3097900.0
2023-06-09,83.19,83.34,82.34,82.68,3199400.0
2023-06-12,82.62,82.72,81.95,82.7,4072500.0
2023-06-13,82.6,83.33,82.35,83.23,3693700.0
2023-06-14,83.57,84.13,82.85,83.54,5042700.0
2023-06-15,83.23,84.12,82.68,83.98,4661000.0
2023-06-16,84.16,84.68,83.74,83.92,4575700.0
2023-06-20,83.62,83.72,82.47,82.93,3826600.0
2023-06-21,82.47,82.73,81.83,82.43,4691300.0
2023-06-22,82.54,82.61,80.76,81.25,5114800.0
2023-06-23,80.76,81.45,80.099998,80.13,3956400.0
2023-06-26,80.13,82.099998,80.019997,81.98,3246800.0
2023-06-27,82.31,83.22,81.74,82.99,3845900.0
2023-06-28,82.91,83.28,82.37,83.11,4691000.0
2023-06-29,81.94,83.13,81.66,83.099998,5033400.0
2023-06-30,83.81,84.010002,82.39,83.56,5758500.0
2023-07-03,83.43,84.75,83.13,84.38,3632400.0
2023-07-05,84.2,85.099998,83.43,84.57,5766400.0
2023-07-06,83.46,84.019997,82.36,83.92,5609000.0
2023-07-07,83.5,84.27,83.32,83.73,5865300.0
2023-07-10,83.47,84.16,83.24,84.089996,3855600.0
2023-07-11,84.32,85.34,84.12,85.29,4039500.0
2023-07-12,86.44,86.55,85.67,85.75,5361600.0
2023-07-13,85.74,86.32,85.26,86.3,5067100.0
2023-07-14,85.98,86.19,85.58,86.13,5618100.0
2023-07-17,85.91,86.23,85.41,85.57,5610700.0
2023-07-18,85.71,85.83,84.38,85.099998,4606300.0
2023-07-19,85.6,86.45,85.58,86.059998,5363700.0
2023-07-20,85.73,85.82,84.71,85.78,5667100.0
2023-07-21,86.010002,86.42,85.8,86.18,4765800.0
2023-07-24,86.21,86.97,86.15,86.89,4990600.0
2023-07-25,86.57,87.17,86.18,86.27,4968100.0
2023-07-26,86.13,86.84,86.089996,86.66,7377400.0
2023-07-27,87.11,87.32,84.71,84.78,8010000.0
2023-07-28,85.79,86.0,84.55,84.71,5025800.0
2023-07-31,84.94,85.74,84.67,85.26,6121600.0
2023-08-01,85.040001,85.42,84.67,85.12,4641600.0
2023-08-02,84.41,84.82,84.089996,84.63,4147000.0
2023-08-03,83.81,83.83,82.59,83.71,6454100.0
2023-08-04,83.49,84.23,82.74,83.029999,5148300.0
2023-08-07,83.25,84.11,83.089996,84.07,3906500.0
2023-08-08,83.4,83.73,82.73,83.53,3854800.0
2023-08-09,83.26,83.98,82.96,83.52,2960200.0
2023-08-10,83.7,84.39,82.98,83.2,4451100.0
2023-08-11,82.89,83.45,82.63,83.33,3654700.0
2023-08-14,83.19,83.19,82.53,82.78,3376700.0
2023-08-15,82.13,82.41,81.67,81.85,3398400.0
2023-08-16,81.91,81.97,80.79,80.84,3703700.0
2023-08-17,80.92,81.44,80.16,80.19,4069800.0
2023-08-18,79.62,80.61,79.5,80.44,3307400.0
2023-08-21,80.25,80.28,79.040001,79.7,3789800.0
2023-08-22,79.98,80.25,79.68,79.93,3380200.0
2023-08-23,80.2,81.29,80.2,81.19,3257800.0
2023-08-24,81.42,82.31,80.81,80.88,4523800.0
2023-08-25,80.99,81.5,80.59,80.94,4252000.0
2023-08-28,81.27,82.14,81.27,81.7,3448800.0
2023-08-29,81.67,82.72,81.38,82.69,3515300.0
2023-08-30,82.71,83.21,82.62,82.99,3042100.0
2023-08-31,83.0,83.13,82.38,82.38,3410200.0
2023-09-01,82.9,83.17,82.3,82.52,3403900.0
2023-09-05,82.28,82.45,81.53,81.56,3578000.0
2023-09-06,81.45,81.72,80.78,81.39,3681300.0
2023-09-07,81.13,82.26,81.13,81.9,5056100.0
2023-09-08,81.96,82.18,81.39,81.58,3317400.0
2023-09-11,81.69,81.84,81.18,81.59,2813600.0
2023-09-12,81.42,81.72,81.010002,81.55,2959200.0
2023-09-13,81.54,81.62,80.46,80.66,3989000.0
2023-09-14,81.12,82.3,81.12,82.12,3926600.0
2023-09-15,81.71,82.07,81.49,81.81,3784500.0
2023-09-18,81.81,81.81,80.87,81.080002,3117700.0
2023-09-19,80.94,81.31,80.48,80.71,2742500.0
2023-09-20,81.37,81.78,80.77,80.78,3827800.0
2023-09-21,80.18,80.3,78.0,78.029999,6202200.0
2023-09-22,78.059998,78.49,77.38,77.44,5061200.0
2023-09-25,77.13,77.44,76.79,77.37,3928200.0
2023-09-26,76.91,77.07,75.69,75.96,5220800.0
2023-09-27,76.23,76.65,75.050003,75.45,6657600.0
2023-09-28,75.0,75.75,74.85,75.44,6659600.0
2023-09-29,76.44,76.77,75.22,75.66,6630100.0
2023-10-02,75.41,75.7,73.8,74.27,7564300.0
2023-10-03,73.86,74.15,72.59,72.82,7121000.0
2023-10-04,73.21,73.72,72.34,73.71,8748100.0
2023-10-05,73.55,74.21,73.24,74.12,5306900.0
2023-10-06,73.46,74.78,72.75,74.32,5919500.0
2023-10-09,73.84,75.41,73.76,75.13,3848200.0
2023-10-10,75.15,76.15,74.8,75.49,4585700.0
2023-10-11,76.099998,76.85,75.95,76.8,6128600.0
2023-10-12,76.56,76.65,75.29,75.68,4429000.0
2023-10-13,76.040001,76.26,75.15,75.49,5860800.0
2023-10-16,76.019997,76.6,75.25,76.39,4381800.0
2023-10-17,75.68,77.28,75.68,76.28,5419300.0
2023-10-18,75.71,75.97,74.6,74.66,4853700.0
2023-10-19,74.010002,74.66,72.74,72.89,8238400.0
2023-10-20,73.0,73.46,72.35,72.4,5874400.0
2023-10-23,71.73,72.69,71.49,71.69,6906600.0
2023-10-24,71.98,72.81,71.96,72.61,5755200.0
2023-10-25,71.87,72.14,70.95,71.050003,6254500.0
2023-10-26,71.41,72.9,71.36,72.41,8144400.0
2023-10-27,72.68,72.68,71.010002,71.25,12043000.0
2023-10-30,71.68,72.23,70.61,71.7,7041000.0
2023-10-31,72.27,73.0,71.58,72.92,5964700.0
2023-11-01,73.019997,73.44,72.54,73.37,7021600.0
2023-11-02,74.6,75.99,74.43,75.78,6450300.0
2023-11-03,77.040001,78.61,77.019997,77.59,6394100.0
2023-11-06,77.43,77.48,76.080002,76.47,4432100.0
2023-11-07,76.37,76.53,75.73,75.84,5235300.0
2023-11-08,76.059998,76.38,75.76,76.089996,4398300.0
2023-11-09,76.35,76.4,74.72,74.89,4922800.0
2023-11-10,75.27,75.75,74.69,75.59,3943800.0
2023-11-13,75.029999,75.28,74.51,74.96,3791200.0
2023-11-14,77.4,79.81,77.25,79.12,7493800.0
2023-11-15,79.050003,80.07,78.98,79.35,6033400.0
2023-11-16,79.5,79.74,78.93,79.18,4879800.0
2023-11-17,79.86,79.88,78.79,79.12,4379000.0
2023-11-20,79.029999,79.7,78.39,79.7,4225000.0
2023-11-21,79.36,79.44,78.94,79.14,3703600.0
2023-11-22,79.86,80.089996,79.17,79.53,5280200.0
2023-11-24,79.34,79.82,78.97,79.76,1893600.0
2023-11-27,79.8,80.49,79.43,80.050003,5790800.0
2023-11-28,79.84,80.65,79.43,80.58,5811300.0
2023-11-29,81.16,81.93,81.040001,81.14,4605400.0
2023-11-30,81.080002,81.78,80.79,81.73,4118600.0
2023-12-01,81.66,83.75,81.42,83.74,7182400.0
2023-12-04,83.38,84.37,83.19,84.35,6740500.0
2023-12-05,83.9,84.040001,83.36,83.79,6149900.0
2023-12-06,84.21,84.78,83.48,83.54,4405000.0
2023-12-07,83.59,84.040001,83.21,83.78,6631500.0
2023-12-08,83.49,83.85,82.79,83.64,3416100.0
2023-12-11,83.36,84.019997,83.24,83.87,3143200.0
2023-12-12,83.86,84.13,83.38,83.82,3158400.0
2023-12-13,83.94,87.33,83.71,87.029999,5649600.0
2023-12-14,88.65,90.089996,88.64,89.54,6918500.0
2023-12-15,89.33,89.38,87.64,88.28,7666400.0
2023-12-18,88.7,88.77,87.98,88.080002,6353800.0
2023-12-19,88.5,89.0,88.42,88.75,5786900.0
2023-12-20,88.84,89.46,87.61,87.67,6072600.0
2023-12-21,87.35,87.59,86.43,87.37,4430000.0
2023-12-22,87.71,88.41,87.27,87.71,5100000.0
2023-12-26,87.68,88.6,87.59,88.36,4336600.0
2023-12-27,88.53,88.9,88.13,88.79,5383600.0
2023-12-28,88.68,89.42,88.56,89.42,3879100.0
2023-12-29,89.099998,89.17,88.26,88.36,5331500.0
2024-01-02,88.050003,89.26,87.68,89.12,6057900.0
2024-01-03,88.42,88.42,86.82,86.99,5159600.0
2024-01-04,86.82,87.42,86.45,86.83,5609900.0
2024-01-05,86.2,87.37,85.7,86.61,3805800.0
2024-01-08,86.56,87.95,86.36,87.85,5372100.0
2024-01-09,87.0,87.61,86.58,87.26,3819000.0
2024-01-10,87.44,87.77,87.040001,87.36,3649900.0
2024-01-11,87.18,87.18,86.050003,86.55,5512700.0
2024-01-12,87.42,87.7,86.63,87.07,3070300.0
2024-01-16,86.58,86.97,86.15,86.43,5125800.0
2024-01-17,85.25,86.33,83.99,84.85,4898900.0
2024-01-18,84.98,85.3,83.78,84.39,4537800.0
2024-01-19,84.59,85.68,83.95,85.4,6188700.0
2024-01-22,85.7,86.74,85.52,85.91,4203000.0
2024-01-23,86.24,86.53,85.029999,85.32,4821800.0
2024-01-24,86.19,86.27,84.040001,84.099998,3265600.0
2024-01-25,85.11,85.62,84.76,85.18,4394300.0
2024-01-26,85.35,85.59,84.75,84.94,2783200.0
2024-01-29,84.92,85.67,84.69,85.5,3591900.0
2024-01-30,85.13,85.43,84.54,84.7,4580900.0
2024-01-31,84.98,85.63,83.73,83.89,8892900.0
2024-02-01,83.8,85.44,83.34,85.41,8950700.0
2024-02-02,84.18,84.88,82.94,84.35,7935800.0
2024-02-05,83.3,83.3,82.33,82.58,6269400.0
2024-02-06,82.71,83.85,82.41,83.69,5482300.0
2024-02-07,83.99,84.07,83.099998,83.57,5074200.0
2024-02-08,83.33,84.49,83.33,84.25,3697200.0
2024-02-09,84.2,84.52,83.43,84.38,3478100.0
2024-02-12,84.54,85.010002,84.22,84.4,3949000.0
2024-02-13,82.58,82.68,81.54,82.66,6203500.0
2024-02-14,83.019997,83.78,82.62,83.31,5264400.0
2024-02-15,84.07,85.34,84.019997,85.25,5164800.0
2024-02-16,84.25,84.86,83.65,84.37,4781000.0
2024-02-20,83.88,84.56,83.48,84.22,4739900.0
2024-02-21,84.4,84.81,84.07,84.69,4053000.0
2024-02-22,84.96,85.28,84.67,84.85,5000600.0
2024-02-23,84.9,85.3,84.6,84.81,4695600.0
2024-02-26,84.59,85.040001,83.72,83.88,5943300.0
2024-02-27,84.34,84.72,83.8,83.98,3857800.0
2024-02-28,83.55,85.35,83.46,84.83,5170700.0
2024-02-29,85.51,86.0,85.16,85.55,6595400.0
2024-03-01,85.42,86.57,84.53,86.57,6560900.0
2024-03-04,86.33,87.43,85.72,87.38,5319000.0
2024-03-05,86.91,87.54,85.92,86.32,4722600.0
2024-03-06,86.88,87.080002,86.24,86.75,4999400.0
2024-03-07,87.21,87.42,86.3,86.73,3164100.0
2024-03-08,87.5,88.029999,87.3,87.73,4546400.0
2024-03-11,87.54,88.07,86.94,87.31,3467200.0
2024-03-12,87.15,87.48,86.37,87.12,3309000.0
2024-03-13,86.97,87.51,86.4,86.68,3418600.0
2024-03-14,86.32,86.49,84.65,85.38,4155000.0
2024-03-15,84.56,85.52,84.54,85.19,4210900.0
2024-03-18,85.38,85.68,85.07,85.23,3030800.0
2024-03-19,85.15,85.52,84.69,85.2,4165700.0
2024-03-20,84.67,86.019997,84.32,85.76,4605800.0
2024-03-21,86.13,86.75,85.86,86.38,3753200.0
2024-03-22,85.69,85.88,84.51,84.57,3923200.0
2024-03-25,84.65,84.96,84.050003,84.050003,5262400.0
2024-03-26,84.27,84.37,83.69,83.71,4923000.0
2024-03-27,84.67,85.9,84.47,85.87,5191400.0
2024-03-28,86.029999,86.77,86.029999,86.48,4626900.0
2024-04-01,86.74,86.74,84.87,85.029999,5331200.0
2024-04-02,84.37,84.44,83.63,83.96,5116000.0
2024-04-03,83.76,84.15,83.41,84.050003,3632700.0
2024-04-04,84.74,85.14,83.22,83.51,5953600.0
2024-04-05,83.22,84.14,83.010002,83.94,4789000.0
2024-04-08,84.21,84.92,84.12,84.84,3866900.0
2024-04-09,85.15,85.97,84.97,85.97,4075600.0
2024-04-10,83.45,83.71,81.93,82.41,8332800.0
2024-04-11,82.99,83.16,81.86,82.69,7145900.0
2024-04-12,82.19,82.38,81.39,81.71,5450900.0
2024-04-15,82.25,82.33,79.87,80.32,5478600.0
2024-04-16,79.96,80.050003,78.96,79.19,6598800.0
2024-04-17,79.029999,79.38,78.56,78.61,5554700.0
2024-04-18,78.93,79.12,78.27,78.62,4158300.0
2024-04-19,78.66,79.35,78.63,79.0,4585100.0
2024-04-22,79.3,79.86,78.76,79.7,3846100.0
2024-04-23,79.85,80.76,79.72,80.43,5484100.0
2024-04-24,80.12,80.72,79.64,80.58,4513600.0
2024-04-25,79.78,80.25,79.27,80.12,4082800.0
2024-04-26,80.24,80.97,80.0,80.16,3367700.0
2024-04-29,80.51,81.23,80.51,80.98,4374000.0
2024-04-30,80.41,80.79,79.58,79.61,7003900.0
2024-05-01,79.5,81.12,79.37,79.64,7204200.0
2024-05-02,80.39,80.94,79.55,80.76,4804800.0
2024-05-03,82.16,82.64,81.11,81.3,4270000.0
2024-05-06,81.89,82.029999,81.050003,81.37,3044800.0
2024-05-07,82.010002,82.4,81.78,82.14,3667300.0
2024-05-08,81.69,81.69,81.18,81.45,4129800.0
2024-05-09,82.099998,83.19,82.099998,83.12,5452200.0
2024-05-10,83.25,83.34,82.64,82.89,5649800.0
2024-05-13,83.2,83.65,82.77,83.16,2848700.0
2024-05-14,83.72,84.17,83.36,83.8,3099700.0
2024-05-15,85.029999,85.42,84.76,84.96,3544900.0
2024-05-16,85.040001,85.28,84.77,84.9,2577000.0
2024-05-17,85.0,85.099998,84.58,84.89,2791700.0
2024-05-20,84.72,84.97,84.29,84.39,2842800.0
2024-05-21,84.19,84.5,84.010002,84.36,2655100.0
2024-05-22,84.07,84.41,83.35,83.6,3888000.0
2024-05-23,83.6,83.6,81.75,81.8,4061100.0
2024-05-24,82.19,82.32,81.75,81.86,2317000.0
2024-05-28,82.25,82.58,81.23,81.32,3046600.0
2024-05-29,80.5,80.65,80.17,80.53,3203100.0
2024-05-30,80.93,81.75,80.93,81.71,2748800.0
2024-05-31,82.21,83.3,81.85,83.24,4176900.0
2024-06-03,83.69,83.69,82.62,83.050003,3301600.0
2024-06-04,82.81,84.040001,82.81,83.69,2720700.0
2024-06-05,83.74,83.86,83.089996,83.59,2373300.0
2024-06-06,83.2,83.77,82.85,83.75,4002100.0
2024-06-07,82.43,83.18,82.37,82.96,3227900.0
2024-06-10,82.7,83.52,82.099998,83.24,2450800.0
2024-06-11,82.85,83.33,82.61,82.94,3261700.0
2024-06-12,84.69,85.34,83.57,83.68,4123500.0
2024-06-13,83.87,84.29,83.38,84.019997,2619900.0
2024-06-14,83.73,84.24,83.32,84.0,2178600.0
2024-06-17,83.51,84.089996,83.16,83.67,2168100.0
2024-06-18,83.89,84.31,83.71,84.0,3073600.0
2024-06-20,83.74,84.040001,83.49,83.76,2432900.0
2024-06-21,83.92,84.15,83.4,83.97,2340100.0
2024-06-24,84.010002,85.46,83.88,84.62,2834300.0
2024-06-25,84.48,84.52,83.13,83.58,3749200.0
2024-06-26,83.0,83.58,82.84,83.32,3287900.0
2024-06-27,83.45,84.16,83.26,84.13,4244800.0
2024-06-28,83.49,84.12,83.13,83.76,4090500.0
2024-07-01,83.69,83.9,82.47,82.97,3274800.0
2024-07-02,83.21,83.49,82.88,83.36,3141400.0
2024-07-03,83.45,83.94,83.27,83.28,1571500.0
2024-07-05,83.44,83.67,82.98,83.51,3217000.0
2024-07-08,83.61,83.98,83.4,83.78,3239200.0
2024-07-09,83.58,84.040001,82.95,83.76,2123200.0
2024-07-10,84.099998,84.45,83.57,84.38,2482400.0
2024-07-11,85.46,87.099998,85.46,86.8,4363500.0
2024-07-12,87.5,88.019997,87.14,87.46,3562600.0
2024-07-15,87.62,88.16,87.37,88.050003,2928700.0
2024-07-16,88.61,89.16,88.15,89.13,3029300.0
2024-07-17,89.019997,90.34,89.019997,89.74,4757200.0
2024-07-18,89.24,90.79,88.73,88.95,4464700.0
2024-07-19,89.080002,89.23,88.41,88.79,2809000.0
2024-07-22,89.050003,89.8,88.41,89.71,3244400.0
2024-07-23,89.57,90.26,89.17,89.64,2655400.0
2024-07-24,89.59,90.17,88.23,88.32,3844900.0
2024-07-25,88.65,89.68,87.84,88.029999,4723200.0
2024-07-26,88.68,89.88,88.44,89.57,3326000.0
2024-07-29,89.71,90.33,88.92,90.029999,3371100.0
2024-07-30,90.37,90.94,90.029999,90.73,2854000.0
2024-07-31,90.89,91.54,90.15,90.41,5633800.0
2024-08-01,91.46,91.82,90.47,91.32,6988100.0
2024-08-02,91.099998,92.13,90.45,91.27,5223600.0
2024-08-05,89.48,91.019997,88.42,88.66,6852600.0
2024-08-06,88.64,91.37,88.27,90.41,7321600.0
2024-08-07,90.81,91.85,89.68,89.79,4998600.0
2024-08-08,89.8,90.85,89.52,90.67,5981200.0
2024-08-09,91.019997,91.26,90.099998,91.089996,4133800.0
2024-08-12,90.77,90.78,89.78,90.42,2925500.0
2024-08-13,91.059998,91.31,90.55,91.21,3111300.0
2024-08-14,91.37,91.88,90.93,91.45,2966300.0
2024-08-15,91.59,91.79,90.98,91.38,4054400.0
2024-08-16,91.38,91.7,90.92,91.33,2260900.0
2024-08-19,91.33,92.089996,91.32,92.089996,2629800.0
2024-08-20,92.19,92.34,91.66,91.98,4934200.0
2024-08-21,92.080002,92.52,91.63,92.47,2965900.0
2024-08-22,92.52,92.83,92.22,92.74,3182300.0
2024-08-23,93.14,94.91,93.080002,94.78,8040200.0
2024-08-26,95.17,95.37,94.58,94.74,2748500.0
2024-08-27,94.040001,94.95,93.96,94.88,1859300.0
2024-08-28,94.86,95.11,94.059998,94.51,2664100.0
2024-08-29,94.46,94.62,93.84,94.22,3379500.0
2024-08-30,94.65,95.18,93.96,95.13,3490000.0
2024-09-03,94.74,95.5,94.49,95.080002,5160800.0
2024-09-04,95.32,96.23,94.85,95.35,3041100.0
2024-09-05,95.98,96.14,94.87,95.040001,6269400.0
2024-09-06,95.19,95.21,94.19,94.95,6965800.0
2024-09-09,94.96,96.19,94.8,96.010002,2906400.0
2024-09-10,96.29,97.44,96.029999,97.4,6001000.0
2024-09-11,96.52,97.32,95.42,97.21,3872100.0
2024-09-12,97.43,97.69,96.6,97.62,2713200.0
2024-09-13,98.25,98.66,98.010002,98.64,3402700.0
2024-09-16,99.050003,99.41,98.65,98.97,4144500.0
2024-09-17,99.099998,99.37,98.040001,98.28,2990700.0
2024-09-18,98.43,99.58,98.019997,98.16,5097000.0
2024-09-19,99.010002,99.050003,97.54,98.18,4450200.0
2024-09-20,97.62,98.059998,97.44,97.79,3708500.0
2024-09-23,98.46,98.87,98.27,98.76,3320700.0
2024-09-24,98.37,99.18,98.050003,98.9,3279000.0
2024-09-25,99.0,99.22,98.019997,98.24,2466000.0
2024-09-26,98.41,98.47,97.080002,97.35,4776900.0
2024-09-27,97.34,97.57,96.62,96.66,4932800.0
2024-09-30,96.49,97.49,96.27,97.42,4207000.0
2024-10-01,97.63,97.8,96.36,96.79,4240300.0
2024-10-02,95.99,96.54,95.75,96.45,5161600.0
2024-10-03,96.11,96.32,95.23,95.57,2664400.0
2024-10-04,95.029999,95.35,94.24,95.11,4602000.0
2024-10-07,94.59,94.59,93.84,94.27,3420200.0
2024-10-08,94.51,94.89,94.089996,94.46,3773700.0
2024-10-09,94.28,94.57,93.92,94.56,4120600.0
2024-10-10,94.019997,94.67,93.43,93.72,2664300.0
2024-10-11,94.2,94.78,94.019997,94.78,2654000.0
2024-10-14,94.5,95.51,94.28,95.35,2529100.0
2024-10-15,95.8,97.32,95.75,96.5,2808500.0
2024-10-16,96.73,97.69,96.55,97.56,3177100.0
2024-10-17,97.18,97.29,96.5,96.79,2904100.0
2024-10-18,97.029999,97.55,96.66,97.51,2080200.0
2024-10-21,97.029999,97.42,95.47,95.6,4143000.0
2024-10-22,95.31,96.089996,95.16,95.74,2530000.0
2024-10-23,95.51,96.62,95.41,96.44,2710500.0
2024-10-24,96.56,97.25,96.48,96.65,2632300.0
2024-10-25,97.31,97.61,95.71,95.74,3834800.0
2024-10-28,96.43,96.99,95.92,96.040001,2296500.0
2024-10-29,95.74,96.15,95.040001,95.35,2819600.0
2024-10-30,95.35,96.48,95.3,95.77,2930300.0
2024-10-31,95.0,95.58,94.089996,94.15,4946300.0
2024-11-01,94.68,94.91,93.059998,93.11,4835200.0
2024-11-04,93.41,94.46,93.38,94.13,3368200.0
2024-11-05,93.61,95.43,93.39,95.38,2398100.0
2024-11-06,95.63,95.63,92.37,93.35,6335400.0
2024-11-07,93.8,94.75,93.54,94.47,4871300.0
2024-11-08,94.83,96.16,94.7,95.88,4093600.0
2024-11-11,95.81,96.44,95.34,95.4,2279800.0
2024-11-12,95.050003,95.46,94.07,94.080002,4645800.0
2024-11-13,94.86,95.45,94.46,94.6,2884300.0
2024-11-14,94.6,94.6,93.57,93.75,3708000.0
2024-11-15,93.41,93.98,93.010002,93.8,2786400.0
2024-11-18,93.38,94.48,93.22,94.48,2468100.0
2024-11-19,94.23,95.17,93.78,94.94,3041600.0
2024-11-20,94.55,94.95,94.050003,94.82,3143000.0
2024-11-21,94.84,95.81,94.45,95.52,2988600.0
2024-11-22,95.84,96.42,95.83,96.24,2943700.0
2024-11-25,96.8,98.059998,96.8,97.58,4001200.0
2024-11-26,97.42,98.07,97.040001,97.97,2774500.0
2024-11-27,98.53,99.2,98.51,98.6,2383100.0
2024-11-29,98.75,99.089996,98.040001,98.16,1922400.0
2024-12-02,97.66,97.74,96.47,96.73,3659400.0
2024-12-03,96.82,97.11,96.19,96.24,1992500.0
2024-12-04,96.34,96.34,95.47,95.98,2220300.0
2024-12-05,95.59,95.84,95.22,95.75,2922300.0
2024-12-06,96.010002,96.33,95.19,95.61,1866100.0
2024-12-09,95.74,96.2,95.6,95.88,2871900.0
2024-12-10,95.76,95.77,94.19,94.49,2902100.0
2024-12-11,94.53,94.98,94.010002,94.27,4294900.0
2024-12-12,94.029999,95.13,94.029999,94.12,2255100.0
2024-12-13,93.99,94.19,93.59,93.85,2796200.0
2024-12-16,93.8,94.58,93.45,93.52,3644900.0
2024-12-17,93.14,93.83,92.83,93.07,3020200.0
2024-12-18,92.83,93.27,89.21,89.23,5409800.0
2024-12-19,89.47,90.15,87.79,87.85,5403600.0
2024-12-20,87.85,90.34,87.85,89.33,7622200.0
2024-12-23,88.18,88.93,87.84,88.82,4548900.0
2024-12-24,88.55,89.51,88.51,89.41,2182600.0
2024-12-26,89.17,89.74,88.73,89.65,2577400.0
2024-12-27,89.12,89.77,88.5,88.75,3816700.0
2024-12-30,88.42,88.56,87.44,88.31,4402400.0
2024-12-31,88.97,89.29,88.28,89.080002,5045100.0
2025-01-02,89.089996,89.27,88.010002,88.29,5296100.0
2025-01-03,88.5,89.54,88.22,89.45,3469900.0
2025-01-06,89.33,89.72,88.16,88.3,4206500.0
2025-01-07,88.68,88.99,87.23,87.46,5679000.0
2025-01-08,87.45,87.76,86.61,87.69,5250300.0
2025-01-10,86.31,86.52,85.48,85.55,10056500.0
2025-01-13,85.48,86.68,85.28,86.6,3740200.0
2025-01-14,86.97,87.58,86.75,87.39,3829900.0
2025-01-15,89.79,89.87,87.84,87.89,3886700.0
2025-01-16,88.089996,89.8,87.81,89.71,4112800.0
2025-01-17,89.97,90.26,89.65,89.65,3672400.0
2025-01-21,90.099998,91.39,90.019997,91.33,3634900.0
2025-01-22,91.059998,91.059998,89.68,89.74,2966300.0
2025-01-23,89.89,90.42,89.050003,90.4,2706900.0
2025-01-24,90.080002,91.29,90.040001,90.71,3267300.0
2025-01-27,90.7,91.95,90.59,91.92,4107700.0
2025-01-28,91.65,91.65,90.59,90.81,2373800.0
2025-01-29,90.84,91.080002,89.18,89.61,2820000.0
2025-01-30,90.68,91.52,90.019997,90.75,3485100.0
2025-01-31,90.51,91.43,90.3,90.55,2566200.0
2025-02-03,89.75,90.71,88.92,90.36,5187600.0
2025-02-04,89.81,90.64,89.5,90.43,3371500.0
2025-02-05,91.28,91.9,90.47,91.7,3310400.0
2025-02-06,92.21,92.21,91.34,91.93,3468600.0
2025-02-07,92.099998,92.16,91.099998,91.63,2516200.0
2025-02-10,91.79,91.84,90.9,91.59,2195400.0
2025-02-11,91.18,92.029999,91.089996,91.99,2260000.0
2025-02-12,90.15,91.43,90.010002,91.14,4747200.0
2025-02-13,91.0,92.21,90.81,92.050003,3734300.0
2025-02-14,92.28,92.69,91.61,91.63,2344300.0
2025-02-18,91.49,92.36,91.37,92.040001,2500700.0
2025-02-19,91.64,92.34,91.45,92.11,2339100.0
2025-02-20,92.040001,92.66,91.59,92.55,2920000.0
2025-02-21,92.72,92.77,91.099998,91.64,2534600.0
2025-02-24,91.77,92.58,91.37,92.0,3258700.0
2025-02-25,92.26,93.55,92.26,93.13,4329200.0
2025-02-26,93.34,93.54,92.42,92.74,2828800.0
2025-02-27,92.76,93.66,92.61,93.11,2379800.0
2025-02-28,93.53,93.94,92.82,93.9,4213800.0
2025-03-03,94.040001,94.95,93.8,94.34,4596700.0
2025-03-04,94.33,94.9,93.12,93.25,4541100.0
2025-03-05,92.68,94.46,92.49,94.29,2574000.0
2025-03-06,93.34,93.62,91.64,91.87,4968800.0
2025-03-07,91.9,92.84,91.31,92.42,4447100.0
2025-03-10,92.32,93.32,91.029999,91.53,3534300.0
2025-03-11,91.53,92.0,89.91,90.46,3918700.0
2025-03-12,90.61,90.96,89.76,90.18,3303000.0
2025-03-13,90.18,90.8,88.29,88.4,3881600.0
2025-03-14,89.16,90.25,88.65,90.17,3769100.0
2025-03-17,90.040001,92.0,90.040001,91.71,2233300.0
2025-03-18,91.57,92.11,90.87,91.23,1956000.0
2025-03-19,91.24,92.029999,90.57,91.34,1882100.0
2025-03-20,91.31,91.84,90.87,91.28,2041100.0
2025-03-21,90.75,90.9,89.71,90.27,3395100.0
2025-03-24,90.85,91.81,90.51,91.66,3719000.0
2025-03-25,90.62,90.74,89.17,89.71,4210000.0
2025-03-26,89.94,90.53,89.73,90.059998,3094100.0
2025-03-27,90.28,90.94,89.61,89.83,2993000.0
2025-03-28,90.12,90.28,89.13,89.71,3602900.0
2025-03-31,89.73,91.080002,89.73,90.54,2964400.0
2025-04-01,90.79,90.99,89.48,90.58,4276600.0
2025-04-02,90.28,91.28,90.029999,91.13,3427200.0
2025-04-03,89.72,90.79,87.96,88.019997,5784700.0
2025-04-04,87.11,87.25,84.099998,84.2,7803800.0
2025-04-07,82.28,85.32,80.089996,81.99,13294200.0
2025-04-08,83.95,84.15,78.85,79.79,7401100.0
2025-04-09,78.33,84.94,76.92,84.55,10990300.0
2025-04-10,83.42,84.41,80.5,82.62,7442500.0
2025-04-11,82.050003,83.8,81.07,83.63,5275900.0
2025-04-14,84.37,85.87,84.13,85.36,3228000.0
2025-04-15,85.61,86.18,85.13,85.62,2443200.0
2025-04-16,85.88,86.65,84.98,85.56,2393000.0
2025-04-17,85.7,87.49,85.7,86.84,3383500.0
2025-04-21,85.97,86.21,83.97,85.029999,2406100.0
2025-04-22,85.98,87.040001,85.8,86.68,2209800.0
2025-04-23,87.65,88.58,86.36,86.84,2493100.0
2025-04-24,86.89,87.77,86.45,87.16,2080800.0
2025-04-25,87.16,87.35,86.38,87.010002,2409500.0
2025-04-28,86.93,87.73,86.67,87.55,2914900.0
2025-04-29,87.51,88.44,87.2,88.019997,2740300.0
2025-04-30,87.6,88.64,86.75,88.33,3738300.0
2025-05-01,88.64,89.39,87.96,88.62,3574100.0
2025-05-02,89.72,90.019997,89.3,89.71,2237700.0
2025-05-05,89.56,90.050003,89.029999,89.51,2289900.0
2025-05-06,89.099998,89.55,88.4,88.82,2579700.0
2025-05-07,89.0,89.65,88.73,88.92,2220300.0
2025-05-08,89.28,89.43,88.24,88.57,2652600.0
2025-05-09,88.5,89.4,88.37,89.16,3460200.0
2025-05-12,90.36,90.37,89.11,89.6,3657300.0
2025-05-13,89.58,89.69,88.2,88.46,4178600.0
2025-05-14,88.15,88.15,87.26,87.59,3052500.0
2025-05-15,87.91,89.21,87.82,89.19,2563000.0
2025-05-16,89.2,90.33,89.029999,90.3,2580300.0
2025-05-19,89.53,90.43,89.36,90.32,2956400.0
2025-05-20,89.64,90.18,89.58,89.79,2003300.0
2025-05-21,89.13,89.49,87.33,87.4,2677200.0
2025-05-22,87.46,87.46,86.36,87.0,2540100.0
2025-05-23,86.84,87.35,86.54,87.089996,2123000.0
2025-05-27,87.81,88.82,87.51,88.61,2117700.0
2025-05-28,88.64,88.66,87.93,88.52,1912800.0
2025-05-29,88.58,89.68,88.4,89.32,2440900.0
2025-05-30,88.97,89.55,88.45,89.32,2525900.0
2025-06-02,88.63,89.47,87.83,89.44,3101600.0
2025-06-03,89.029999,89.4,88.49,89.26,2155700.0
2025-06-04,89.22,89.81,88.81,89.51,2598200.0
2025-06-05,89.55,89.91,88.97,89.44,3148400.0
2025-06-06,89.8,90.28,89.39,89.87,2707200.0
2025-06-09,89.9,90.53,89.29,89.99,3676100.0
2025-06-10,90.14,90.82,90.12,90.76,4036000.0
2025-06-11,90.89,91.29,89.94,90.27,2874600.0
2025-06-12,90.21,90.8,90.059998,90.71,2007200.0
2025-06-13,89.99,90.56,89.24,89.83,2334100.0
2025-06-16,90.18,91.0,89.6,89.9,2657500.0
2025-06-17,89.89,90.17,89.27,89.58,1879400.0
2025-06-18,89.82,90.56,89.39,89.89,2945800.0
2025-06-20,90.21,90.68,89.73,89.83,2940300.0
2025-06-23,90.0,91.25,89.88,91.18,3142100.0
2025-06-24,91.33,91.77,90.81,91.42,2727300.0
2025-06-25,90.91,90.91,89.17,89.22,4282500.0
2025-06-26,88.54,88.54,87.18,88.27,5886100.0
2025-06-27,88.29,89.41,88.14,88.49,3179200.0
2025-06-30,88.55,89.099998,87.55,89.059998,8752300.0
2025-07-01,88.88,90.39,88.77,89.71,5552800.0
2025-07-02,89.5,90.040001,89.14,89.92,3469500.0
2025-07-03,89.98,90.37,89.67,90.019997,2361700.0
2025-07-07,89.99,90.49,88.77,89.25,4467500.0
2025-07-08,88.98,89.6,88.76,89.12,3631300.0
2025-07-09,89.33,89.45,88.81,89.19,3837000.0
2025-07-10,89.27,90.35,88.98,89.75,5303600.0
2025-07-11,89.11,89.97,88.8,89.76,3987600.0
2025-07-14,89.73,90.36,89.58,90.34,3256900.0
2025-07-15,90.34,90.43,88.84,89.010002,4483000.0
2025-07-16,89.45,90.0,88.98,89.85,4126500.0
2025-07-17,89.78,90.15,89.34,89.75,3406500.0
2025-07-18,89.95,90.29,89.57,89.94,2523700.0
2025-07-21,90.56,90.89,90.099998,90.31,3904200.0
2025-07-22,90.58,91.95,90.57,91.86,2684200.0
2025-07-23,92.0,92.18,91.64,92.040001,2981900.0
2025-07-24,91.86,92.13,91.67,91.72,3236600.0
2025-07-25,91.85,91.87,90.8,91.73,2960500.0
2025-07-28,91.49,91.53,90.2,90.26,2551300.0
2025-07-29,90.77,91.81,90.32,91.71,3713600.0
2025-07-30,91.67,91.83,89.83,90.41,4407900.0
2025-07-31,89.9,90.36,89.019997,89.14,4823500.0
2025-08-01,90.029999,90.099998,88.29,88.92,5395600.0
2025-08-04,89.11,90.059998,89.080002,89.83,3385600.0
2025-08-05,89.9,90.34,89.51,90.24,3752600.0
2025-08-06,90.3,90.39,89.5,89.54,3604600.0
2025-08-07,90.0,90.0,89.24,89.8,3345600.0
2025-08-08,89.94,89.99,88.86,89.059998,3228800.0
2025-08-11,88.71,89.15,88.44,88.47,2623500.0
2025-08-12,88.74,88.99,88.080002,88.97,3240500.0
2025-08-13,89.16,89.94,88.82,89.8,3577300.0
2025-08-14,89.23,89.38,88.59,89.16,3524500.0
2025-08-15,89.17,89.92,89.089996,89.67,2399500.0
2025-08-18,89.68,89.82,88.88,88.91,2562500.0
2025-08-19,89.38,90.48,89.29,90.44,4168400.0
2025-08-20,90.66,91.43,90.44,90.7,2931900.0
2025-08-21,90.26,90.76,90.059998,90.43,2629800.0
2025-08-22,91.059998,92.62,90.9,92.18,3318700.0
2025-08-25,92.010002,92.34,91.59,91.65,2968600.0
2025-08-26,91.62,91.91,91.23,91.41,2739800.0
2025-08-27,91.65,92.23,91.58,91.98,1885400.0
2025-08-28,92.010002,92.050003,91.2,91.74,2525000.0
2025-08-29,91.86,92.27,91.78,92.24,2137100.0
2025-09-02,91.41,91.51,90.39,90.71,3424400.0
2025-09-03,90.54,90.98,90.4,90.76,2505500.0
2025-09-04,91.040001,91.5,90.57,91.44,3689000.0
2025-09-05,92.07,92.92,91.83,92.47,3446100.0
2025-09-08,91.54,91.95,91.24,91.93,2880400.0
2025-09-09,91.67,91.75,91.33,91.72,2533900.0
2025-09-10,91.73,92.26,91.42,91.57,2242800.0
2025-09-11,91.83,93.42,91.75,93.24,2671400.0
2025-09-12,93.18,93.34,92.71,92.81,2165500.0
2025-09-15,93.11,93.24,92.39,92.66,2754600.0
2025-09-16,92.65,92.8,91.91,92.17,3260300.0
2025-09-17,92.45,93.58,91.95,92.050003,4570600.0
2025-09-18,92.16,92.65,91.94,92.25,2966000.0
2025-09-19,92.37,92.49,91.65,91.65,3076000.0
2025-09-22,91.68,91.87,91.089996,91.67,3646000.0
2025-09-23,91.79,92.39,91.67,92.17,3421200.0
2025-09-24,91.22,91.26,90.39,90.4,2709200.0
2025-09-25,90.39,90.75,90.059998,90.13,4246500.0
2025-09-26,90.5,91.18,90.3,91.019997,5430800.0
2025-09-29,91.12,91.23,90.65,91.050003,3155100.0
2025-09-30,91.080002,91.49,90.79,91.42,3002800.0
2025-10-01,91.37,91.88,91.25,91.56,2933500.0
2025-10-02,91.36,91.36,90.51,91.080002,4186000.0
2025-10-03,91.2,92.16,91.2,91.42,2496500.0
2025-10-06,91.48,91.5,90.53,90.56,4154400.0
2025-10-07,90.63,90.81,89.85,90.23,4546200.0
2025-10-08,89.82,90.099998,89.53,89.76,3325100.0
2025-10-09,89.93,89.99,89.040001,89.27,3122700.0
2025-10-10,89.52,89.69,88.089996,88.13,3996300.0
2025-10-13,88.21,88.78,88.080002,88.69,2809800.0
2025-10-14,88.57,89.74,88.39,89.6,3047700.0
2025-10-15,89.91,91.16,89.84,90.9,3026500.0
2025-10-16,91.07,91.43,90.38,90.58,3719100.0
2025-10-17,90.54,91.28,90.26,91.17,2945200.0
2025-10-20,91.6,92.11,91.39,92.089996,2036800.0
2025-10-21,92.0,92.45,91.68,91.83,2829500.0
2025-10-22,92.11,92.37,91.69,92.22,2490400.0
2025-10-23,92.32,92.57,91.39,92.16,2687000.0
2025-10-24,92.82,92.93,92.43,92.43,2619500.0
2025-10-27,92.49,92.73,92.080002,92.69,2921900.0
2025-10-28,92.47,92.47,90.8,90.87,4635700.0
2025-10-29,90.2,90.36,88.23,88.53,5649700.0
2025-10-30,88.46,89.55,88.2,88.95,5183100.0
2025-10-31,88.5,89.48,88.17,89.18,3982700.0
2025-11-03,88.2,89.15,87.86,89.050003,4522900.0
2025-11-04,89.24,89.33,88.76,89.2,4058700.0
2025-11-05,89.48,89.57,88.74,89.28,2885900.0
2025-11-06,89.19,89.55,88.82,88.85,3421600.0
2025-11-07,89.040001,90.25,88.94,90.23,5277800.0
2025-11-10,90.019997,90.58,89.65,90.18,3398100.0
2025-11-11,90.51,91.26,90.49,91.19,3190200.0
2025-11-12,90.75,91.17,90.48,90.51,3652300.0
2025-11-13,90.029999,90.41,89.26,89.4,3734400.0
2025-11-14,89.63,89.74,89.099998,89.59,3662800.0
2025-11-17,89.83,89.85,88.6,88.85,4071900.0
2025-11-18,88.81,89.47,88.57,89.21,4281500.0
2025-11-19,89.2,89.3,88.22,88.51,4029400.0
2025-11-20,89.07,89.57,88.11,88.14,5316600.0
2025-11-21,88.66,89.9,88.38,89.57,5770400.0
2025-11-24,89.64,89.94,89.089996,89.81,3330800.0
2025-11-25,90.050003,91.040001,90.050003,90.64,4230300.0
2025-11-26,90.43,91.57,90.39,91.040001,3298000.0
2025-11-28,90.93,91.6,90.93,91.34,1627100.0
2025-12-01,90.45,90.81,90.23,90.29,3120800.0
2025-12-02,90.52,90.64,89.68,89.97,2736900.0
2025-12-03,89.86,90.42,89.81,90.2,3204000.0
2025-12-04,90.029999,90.59,89.87,89.98,4837500.0
2025-12-05,89.82,90.35,89.72,89.88,3859800.0
2025-12-08,89.92,89.92,89.15,89.19,3971700.0
2025-12-09,89.44,89.98,88.82,88.85,4194000.0
2025-12-10,89.13,89.81,89.010002,89.17,4633300.0
2025-12-11,89.43,89.92,89.26,89.56,5207200.0
2025-12-12,89.95,90.27,89.23,89.45,3855900.0
2025-12-15,89.82,89.88,89.099998,89.73,3914800.0
2025-12-16,89.65,89.98,88.93,89.07,3717900.0
2025-12-17,88.99,89.76,88.98,89.4,3715300.0
2025-12-18,89.84,89.99,88.83,88.93,3818000.0
2025-12-19,88.67,89.17,88.55,88.59,4162000.0
2025-12-22,87.65,88.37,87.48,88.24,3593800.0
2025-12-23,88.28,88.28,87.87,88.18,3955900.0
2025-12-24,88.21,88.91,88.21,88.76,2730800.0
2025-12-26,88.7,88.92,88.46,88.86,2065600.0
2025-12-29,89.24,89.33,88.79,89.040001,2604000.0
2025-12-30,89.099998,89.27,88.92,89.22,2813400.0
2025-12-31,89.18,89.2,88.45,88.49,3301700.0
2026-01-02,88.37,88.85,87.84,88.52,3524400.0
2026-01-05,88.3,89.07,87.88,88.72,5501600.0
2026-01-06,88.38,89.58,88.28,89.37,4889800.0
2026-01-07,89.87,90.010002,88.48,88.5,6668200.0
2026-01-08,88.099998,89.63,88.010002,89.29,5165900.0
2026-01-09,89.31,90.019997,89.31,89.47,4126100.0
2026-01-12,89.58,89.96,89.32,89.59,3342500.0
2026-01-13,89.62,90.16,88.81,90.089996,3085200.0
2026-01-14,90.089996,90.89,90.010002,90.87,3535400.0
2026-01-15,91.3,91.89,91.019997,91.5,3845600.0
2026-01-16,91.34,92.82,91.21,92.62,4819500.0
2026-01-20,91.82,92.07,90.84,90.9,4648700.0
2026-01-21,91.54,91.69,90.53,91.26,6140200.0
2026-01-22,91.37,91.62,90.31,90.36,3922700.0
2026-01-23,90.22,90.63,89.88,90.54,2838200.0
2026-01-26,90.79,91.059998,90.32,90.42,3004300.0
2026-01-27,90.31,90.58,90.040001,90.39,3217100.0
2026-01-28,90.48,90.62,89.24,89.46,4520400.0
2026-01-29,89.98,90.83,89.42,90.71,7283700.0
2026-01-30,90.46,90.82,89.66,90.8,4617900.0
2026-02-02,90.9,91.15,89.82,89.86,5280500.0
2026-02-03,89.75,90.18,89.07,89.66,4821700.0
2026-02-04,90.24,91.32,89.89,90.95,3941100.0
2026-02-05,90.76,91.33,90.24,90.82,3588500.0
2026-02-06,91.53,92.38,91.33,92.25,3638600.0
2026-02-09,92.16,92.72,91.6,92.64,3021500.0
2026-02-10,92.76,94.11,92.74,93.88,4266300.0
2026-02-11,94.07,94.2,93.23,93.36,4425400.0
2026-02-12,94.47,95.15,93.099998,93.25,7469400.0
2026-02-13,93.59,94.93,93.3,94.59,3906800.0
2026-02-17,94.94,95.56,94.38,95.49,3614800.0
2026-02-18,95.22,95.36,94.15,94.37,4163300.0
2026-02-19,94.26,94.81,93.79,94.17,2646600.0
2026-02-20,94.29,94.89,94.11,94.88,2840700.0
2026-02-23,94.75,95.64,94.55,94.89,3646100.0
2026-02-24,94.65,95.25,94.48,95.13,3788500.0
2026-02-25,95.029999,95.32,94.42,94.87,3297000.0
2026-02-26,95.17,95.68,94.93,95.52,3761600.0
2026-02-27,95.2,96.23,95.18,95.69,4707900.0
2026-03-02,95.2,96.2,94.62,95.93,5477700.0
2026-03-03,94.39,95.75,93.68,95.42,4832600.0
2026-03-04,95.17,95.63,94.53,95.54,3896700.0
2026-03-05,94.57,94.84,93.88,94.58,4637600.0
2026-03-06,93.78,93.82,93.07,93.55,4606000.0
2026-03-09,92.68,94.080002,91.55,93.76,4971400.0
2026-03-10,93.49,94.46,93.040001,93.62,5106500.0
2026-03-11,93.089996,93.27,92.4,92.65,4686600.0
2026-03-12,91.86,92.7,91.65,92.010002,3933900.0
2026-03-13,92.91,93.31,92.050003,92.16,4063300.0
2026-03-16,93.11,93.66,92.81,92.93,3479300.0
2026-03-17,93.55,94.040001,93.27,93.34,2960900.0
2026-03-18,92.97,93.040001,91.91,91.96,2838600.0
2026-03-19,91.58,92.080002,91.080002,91.59,4704900.0
2026-03-20,91.64,91.64,88.33,88.75,6295400.0
2026-03-23,89.89,90.62,89.4,89.44,6256500.0
2026-03-24,87.97,88.78,87.65,87.91,3917100.0
2026-03-25,88.34,88.57,87.43,87.84,5061200.0
2026-03-26,87.66,88.5,87.3,87.72,6108000.0
2026-03-27,87.53,87.99,86.84,87.0,4435200.0
2026-03-30,87.91,88.52,87.040001,87.33,5474800.0
2026-03-31,88.47,89.43,87.65,88.7,4928400.0
2026-04-01,88.7,89.36,88.55,89.019997,4412000.0
2026-04-02,88.89,90.33,88.44,90.23,3288900.0
2026-04-06,89.96,90.62,89.73,90.36,2537600.0
2026-04-07,90.07,90.81,89.66,90.49,3184800.0
2026-04-08,91.9,92.22,91.54,92.12,5049600.0
2026-04-09,91.72,93.57,91.67,92.78,3845600.0
2026-04-10,92.79,93.28,92.57,92.98,2568500.0
2026-04-13,92.7,93.38,92.37,93.33,2036000.0
2026-04-14,93.2,94.32,93.040001,94.22,1921100.0
2026-04-15,93.97,94.34,93.67,94.29,2758800.0
2026-04-16,94.52,95.22,94.38,95.16,2005200.0
2026-04-17,95.5,96.81,95.39,96.68,2584300.0
2026-04-20,96.5,97.029999,96.33,97.029999,2246600.0
2026-04-21,96.96,97.059998,95.17,95.31,3236100.0
2026-04-22,95.6,96.010002,94.13,94.52,2708600.0
2026-04-23,94.86,95.56,94.51,95.49,3437500.0
2026-04-24,95.43,96.019997,95.22,95.3,1994300.0
2026-04-27,94.95,95.7,94.7,94.78,2521200.0
2026-04-28,95.12,95.74,94.48,95.65,2867600.0
2026-04-29,95.17,95.8,94.51,94.9,2903100.0
2026-04-30,94.68,96.41,94.55,96.33,3730200.0
2026-05-01,96.6,96.71,95.81,96.059998,3248800.0
2026-05-04,95.74,96.29,95.080002,95.46,3595200.0
2026-05-05,95.65,95.96,95.029999,95.76,2536800.0
2026-05-06,96.4,97.37,96.36,97.089996,3238800.0
2026-05-07,96.81,97.14,95.97,96.39,2739700.0
2026-05-08,96.67,97.19,96.58,96.62,2186500.0
2026-05-11,96.9,97.32,96.39,96.69,3868500.0
2026-05-12,96.62,96.89,95.97,96.69,2325100.0
2026-05-13,96.23,96.28,95.44,95.89,5047300.0
2026-05-14,96.16,96.34,95.25,95.32,2521700.0
2026-05-15,95.099998,95.12,93.78,93.91,4543700.0
2026-05-18,94.040001,95.19,94.040001,95.010002,2766100.0
2026-05-19,94.98,95.53,94.47,95.28,2092700.0
2026-05-20,95.27,96.5,95.15,96.49,2655000.0
2026-05-21,96.040001,96.76,95.47,96.67,2493900.0
2026-05-22,96.95,97.23,96.14,96.77,3549600.0
2026-05-26,97.15,97.54,96.81,97.22,3193000.0
2026-05-27,97.050003,97.71,96.91,96.92,2509300.0
2026-05-28,96.73,97.24,96.27,96.55,2898600.0
2026-05-29,96.35,96.41,95.38,95.7,3342700.0
2026-06-01,95.13,95.25,94.050003,94.089996,3953200.0
2026-06-02,94.13,94.62,93.68,94.52,2143400.0
2026-06-03,94.34,95.33,94.089996,94.41,2620300.0
2026-06-04,95.57,96.15,94.98,96.099998,3786900.0
2026-06-05,95.79,97.52,95.69,96.79,3650300.0
2026-06-08,96.83,97.11,95.34,95.47,2774600.0
2026-06-09,96.010002,98.11,96.010002,97.67,3446800.0
2026-06-10,97.93,98.41,97.65,97.68,3787000.0
2026-06-11,97.86,98.3,97.2,97.61,3896700.0
2026-06-12,97.86,98.86,97.86,98.51,1985700.0
2026-06-15,98.51,99.15,97.57,97.82,3067400.0
2026-06-16,98.46,98.76,97.75,98.059998,2619900.0
2026-06-17,97.73,97.98,95.34,95.61,2859900.0
2026-06-18,96.31,96.5,95.45,95.56,2666300.0
2026-06-22,95.91,97.019997,95.49,96.59,4479200.0
2026-06-23,96.76,98.080002,96.76,97.86,3173300.0
2026-06-24,97.26,97.56,96.53,97.010002,4831600.0
2026-06-25,97.49,97.6,96.17,97.19,4014600.0
2026-06-26,97.82,98.74,97.61,98.67,3884800.0
2026-06-29,98.39,98.56,97.29,98.15,3136300.0
2026-06-30,97.029999,97.4,96.35,96.43,5313100.0
2026-07-01,96.52,97.58,96.49,96.82,5198000.0
2026-07-02,97.39,98.059998,97.18,98.019997,3560200.0
2026-07-06,98.2,98.22,96.96,97.24,4493400.0
2026-07-07,97.81,99.050003,97.71,98.4,2809500.0
2026-07-08,98.19,98.27,96.73,96.8,6050100.0
2026-07-09,97.029999,97.63,96.75,97.089996,2470000.0
2026-07-10,97.61,97.76,96.57,97.32,2539600.0
2026-07-13,97.63,98.37,97.45,97.83,3473600.0
2026-07-14,97.93,98.21,97.37,97.57,2307500.0
2026-07-15,97.9,98.94,97.51,97.86,2325300.0
2026-07-16,98.13,100.13,98.11,100.07,3254200.0
2026-07-17,100.32,101.080002,99.52,100.019997,3011800.0
2026-07-20,99.72,100.19,99.12,99.48,2178500.0
2026-07-21,99.69,99.81,99.11,99.52,2882900.0
2026-07-22,99.8,99.88,98.84,99.019997,1881800.0
2026-07-23,98.64,99.4,98.42,98.69,2044000.0
2026-07-24,99.47,101.16,99.47,100.81,3205100.0
2026-07-27,100.69,101.14,100.33,100.54,1915100.0
2026-07-28,101.27,101.8,100.93,100.95,3292500.0
2026-07-29,101.0,101.31,100.24,100.66,3797200.0
2026-07-30,100.86,101.0,98.58,99.49,3839500.0
2026-07-31,99.46,99.54,98.36,98.95,3529300.0
2026-08-03,99.010002,99.64,98.62,99.07,3229500.0
2026-08-04,98.12,99.099998,97.45,98.92,4318800.0
2026-08-05,99.14,99.28,98.059998,98.92,3314900.0
2026-08-06,99.65,99.66,97.77,98.040001,2922400.0
2026-08-07,98.13,98.95,97.87,98.43,3000200.0
2026-08-10,97.74,97.95,96.74,97.11,3343300.0
2026-08-11,96.89,97.050003,96.3,96.38,3331400.0
2026-08-12,96.81,97.4,96.5,97.31,2790900.0
2026-08-13,97.81,98.76,97.77,98.58,2587000.0
2026-08-14,98.6,99.010002,98.43,98.83,2135700.0
2026-08-17,98.52,98.52,97.71,97.98,2565100.0
2026-08-18,98.58,98.64,97.58,97.62,2655400.0
2026-08-19,98.18,98.65,97.86,98.61,2572200.0
2026-08-20,98.53,99.089996,98.18,98.6,2264600.0
2026-08-21,98.89,98.97,98.17,98.5,2895300.0
2026-08-24,98.72,99.32,98.37,99.099998,2531200.0
2026-08-25,99.27,99.43,98.72,99.25,1856400.0
2026-08-26,99.25,99.4,98.55,98.61,1715900.0
2026-08-27,98.059998,98.41,97.63,97.65,1875300.0
2026-08-28,98.099998,98.18,97.16,97.24,2031400.0
2026-08-31,96.92,96.92,95.94,96.44,3329400.0
2026-09-01,96.57,96.96,95.97,96.3,3613900.0
2026-09-02,96.27,96.45,95.4,95.78,2958800.0
2026-09-03,96.48,96.71,95.93,96.66,2828700.0
2026-09-04,96.14,96.79,95.95,96.019997,4083400.0
2026-09-08,95.53,96.63,95.51,95.93,5115500.0
2026-09-09,95.59,95.92,94.77,94.94,4112900.0
2026-09-10,94.98,95.34,93.91,94.12,3524400.0
2026-09-11,94.85,95.15,94.39,94.8,3168100.0
2026-09-14,94.7,95.27,93.95,94.33,4405800.0
