date,open,high,low,close,volume
2013-01-02,45.13,45.48,45.12,45.47,25446200.0
2013-01-03,45.16,45.54,45.11,45.2,47765500.0
2013-01-04,44.98,45.29,44.94,45.28,19000300.0
2013-01-07,44.9,44.97,44.81,44.89,16385200.0
2013-01-08,44.71,44.75,44.4,44.52,16626800.0
2013-01-09,44.7,44.84,44.66,44.78,15458300.0
2013-01-10,45.049999,45.22,44.86,45.18,22008300.0
2013-01-11,44.79,44.87,44.68,44.84,20592300.0
2013-01-14,45.02,45.07,44.8,45.02,14793500.0
2013-01-15,44.75,44.85,44.61,44.85,15723900.0
2013-01-16,44.49,44.81,44.48,44.77,12085600.0
2013-01-17,45.0,45.25,44.96,45.080002,15182200.0
2013-01-18,45.09,45.16,44.95,45.13,10905200.0
2013-01-22,45.0099983,45.09,44.93,45.09,12863000.0
2013-01-23,44.88,44.9,44.7,44.8,20810700.0
2013-01-24,44.77,44.93,44.54,44.67,17504400.0
2013-01-25,44.58,44.65,44.32,44.56,13662100.0
2013-01-28,44.43,44.44,44.099998,44.23,22382700.0
2013-01-29,44.48,44.83,44.46,44.75,21512200.0
2013-01-30,44.56,44.67,44.5,44.52,14045900.0
2013-01-31,44.58,44.63,44.42,44.56,26095400.0
2013-02-01,44.81,44.97,44.67,44.86,12021200.0
2013-02-04,44.53,44.54,44.15,44.28,13499000.0
2013-02-05,44.49,44.54,44.29,44.41,33305400.0
2013-02-06,44.15,44.31,44.029999,44.3,18427800.0
2013-02-07,44.24,44.26,43.75,43.94,14299500.0
2013-02-08,44.07,44.3,44.049999,44.29,13048000.0
2013-02-11,44.19,44.28,44.049999,44.27,10492600.0
2013-02-12,44.22,44.48,44.099998,44.34,11362600.0
2013-02-13,44.59,44.66,44.45,44.52,10556900.0
2013-02-14,44.34,44.55,44.3,44.48,10268300.0
2013-02-15,44.53,44.53,44.33,44.41,13824200.0
2013-02-19,44.43,44.57,44.4,44.43,19722800.0
2013-02-20,44.62,44.63,44.02,44.02,30313700.0
2013-02-21,43.69,43.71,43.31,43.52,26589300.0
2013-02-22,43.79,43.79,43.49,43.69,18602100.0
2013-02-25,44.040001,44.080002,42.98,43.040001,29123800.0
2013-02-26,43.27,43.43,43.060001,43.33,30166000.0
2013-02-27,43.35,43.81,43.32,43.72,20752600.0
2013-02-28,43.72,43.81,43.48,43.51,31158700.0
2013-03-01,43.38,43.62,43.21,43.57,17239900.0
2013-03-04,43.099998,43.24,42.96,43.19,18459000.0
2013-03-05,43.63,43.8,43.58,43.68,17769800.0
2013-03-06,43.9,43.98,43.76,43.91,13156800.0
2013-03-07,43.92,44.080002,43.88,44.02,18762400.0
2013-03-08,44.3,44.47,44.11,44.42,27187200.0
2013-03-11,44.19,44.24,44.029999,44.22,14793400.0
2013-03-12,44.02,44.040001,43.67,43.77,17453400.0
2013-03-13,43.69,43.7,43.33,43.35,12152600.0
2013-03-14,43.51,43.65,43.49,43.57,13816800.0
2013-03-15,43.35,43.39,43.18,43.21,12922000.0
2013-03-18,42.72,42.96,42.71,42.73,17460800.0
2013-03-19,42.78,42.81,42.15,42.4,15842900.0
2013-03-20,42.72,42.79,42.62,42.65,19376800.0
2013-03-21,42.43,42.49,42.17,42.26,17197000.0
2013-03-22,42.24,42.35,42.15,42.33,18292100.0
2013-03-25,42.56,42.59,42.049999,42.24,16929500.0
2013-03-26,42.56,42.75,42.55,42.72,21237300.0
2013-03-27,42.47,42.9,42.35,42.88,11982900.0
2013-03-28,42.78,42.95,42.7,42.9,17741300.0
2013-04-01,42.88,42.93,42.44,42.52,21973300.0
2013-04-02,42.75,42.75,42.49,42.56,25705400.0
2013-04-03,42.5,42.55,41.95,42.029999,14592800.0
2013-04-04,42.040001,42.14,41.79,42.02,22689600.0
2013-04-05,41.36,42.060001,41.28,41.96,26455900.0
2013-04-08,41.8,42.09,41.71,42.07,11990100.0
2013-04-09,42.099998,42.71,42.0099983,42.51,14343000.0
2013-04-10,42.77,43.12,42.74,42.88,12786300.0
2013-04-11,42.92,43.0,42.75,42.87,10005100.0
2013-04-12,42.44,42.49,42.0,42.34,36404100.0
2013-04-15,41.96,41.98,41.23,41.23,22504100.0
2013-04-16,42.12,42.2,41.8,42.14,14326000.0
2013-04-17,41.78,41.79,41.23,41.53,19005000.0
2013-04-18,41.78,41.8,41.38,41.62,15909400.0
2013-04-19,42.15,42.28,42.029999,42.22,13701500.0
2013-04-22,42.32,42.36,42.0,42.33,15684100.0
2013-04-23,42.27,42.64,42.22,42.54,16112400.0
2013-04-24,42.64,42.97,42.62,42.81,13020700.0
2013-04-25,43.0099983,43.34,42.96,43.17,10662000.0
2013-04-26,42.94,43.0099983,42.63,42.77,8478200.0
2013-04-29,43.11,43.34,42.98,43.22,9419400.0
2013-04-30,43.31,43.88,43.18,43.76,18425900.0
2013-05-01,43.7,43.71,43.2,43.3,13443000.0
2013-05-02,43.57,43.71,43.46,43.7,14142600.0
2013-05-03,43.94,44.25,43.89,44.0,13122800.0
2013-05-06,44.029999,44.12,43.92,44.049999,10360300.0
2013-05-07,44.23,44.5,44.17,44.4,11356500.0
2013-05-08,44.59,44.81,44.59,44.79,8591000.0
2013-05-09,44.62,44.74,44.25,44.44,10075900.0
2013-05-10,44.25,44.31,44.049999,44.27,10651600.0
2013-05-13,44.0,44.029999,43.83,43.87,6943700.0
2013-05-14,43.99,44.2,43.95,44.080002,16897600.0
2013-05-15,43.96,44.09,43.83,44.040001,17981000.0
2013-05-16,44.0,44.17,43.85,43.87,12388400.0
2013-05-17,43.99,44.11,43.88,44.02,13544200.0
2013-05-20,43.98,44.16,43.89,44.12,11132900.0
2013-05-21,44.060001,44.27,43.78,44.09,12035000.0
2013-05-22,44.15,44.57,43.44,43.59,17340800.0
2013-05-23,42.85,43.27,42.66,43.27,20936300.0
2013-05-24,42.95,42.95,42.59,42.84,22998800.0
2013-05-28,43.34,43.38,42.95,43.049999,17409200.0
2013-05-29,42.68,42.79,42.41,42.45,18052400.0
2013-05-30,42.34,42.65,42.29,42.35,20826400.0
2013-05-31,42.07,42.07,41.52,41.54,30571000.0
2013-06-03,41.72,42.26,41.41,42.2,27019400.0
2013-06-04,42.18,42.18,41.56,41.72,18723900.0
2013-06-05,41.63,41.65,40.86,40.87,19904700.0
2013-06-06,40.8,41.29,40.72,41.29,18915000.0
2013-06-07,41.09,41.39,40.86,41.11,14339100.0
2013-06-10,40.72,40.76,40.4,40.53,16252000.0
2013-06-11,39.7,40.0,39.56,39.73,19352200.0
2013-06-12,40.07,40.080002,39.39,39.46,16641000.0
2013-06-13,39.46,40.37,39.43,40.37,20134600.0
2013-06-14,40.32,40.35,39.63,39.79,25794300.0
2013-06-17,40.22,40.37,39.87,40.07,20658000.0
2013-06-18,39.92,40.19,39.81,40.16,19146900.0
2013-06-19,39.9,39.99,38.85,38.88,36388300.0
2013-06-20,38.0,38.02,36.75,37.19,79385400.0
2013-06-21,37.71,38.0099983,37.099998,37.85,45082800.0
2013-06-24,36.5,36.92,36.02,36.5,51498400.0
2013-06-25,37.11,37.26,36.68,37.2,45888900.0
2013-06-26,37.6,38.049999,37.56,37.99,37348400.0
2013-06-27,38.27,38.64,38.26,38.57,43154000.0
2013-06-28,38.26,38.88,38.23,38.79,37191500.0
2013-07-01,39.0,39.16,38.77,38.86,21667300.0
2013-07-02,38.78,39.060001,37.94,38.2,24205200.0
2013-07-03,37.79,38.21,37.65,37.9,20680400.0
2013-07-05,38.060001,38.07,37.34,37.72,26303700.0
2013-07-08,37.73,38.040001,37.63,37.78,19516800.0
2013-07-09,38.18,38.31,37.93,38.23,18296600.0
2013-07-10,38.040001,38.27,37.84,37.86,32041300.0
2013-07-11,39.14,39.65,38.97,39.62,54366800.0
2013-07-12,39.18,39.31,39.060001,39.2,13095500.0
2013-07-15,39.4,39.87,39.4,39.71,16138600.0
2013-07-16,39.8,39.84,39.49,39.78,12195300.0
2013-07-17,40.11,40.17,39.98,40.11,22000400.0
2013-07-18,39.9,40.040001,39.65,39.72,22677600.0
2013-07-19,39.64,39.67,39.45,39.55,20427200.0
2013-07-22,39.64,40.040001,39.53,39.97,17309900.0
2013-07-23,40.37,40.53,40.2,40.41,16429600.0
2013-07-24,40.35,40.35,39.71,39.92,18677000.0
2013-07-25,39.82,40.2,39.78,40.19,12092600.0
2013-07-26,39.92,40.07,39.59,40.060001,12764500.0
2013-07-29,39.7,39.72,39.53,39.56,18507300.0
2013-07-30,39.68,39.7,39.26,39.29,23454600.0
2013-07-31,39.040001,39.55,38.86,39.060001,21470300.0
2013-08-01,39.5,39.95,39.43,39.78,15774300.0
2013-08-02,39.65,40.02,39.65,39.8,17624200.0
2013-08-05,39.67,39.67,39.37,39.5,9279000.0
2013-08-06,39.35,39.35,38.93,39.0099983,17316700.0
2013-08-07,38.69,38.84,38.56,38.56,15020500.0
2013-08-08,39.099998,39.55,38.83,39.42,14770900.0
2013-08-09,39.42,39.77,39.38,39.58,12429900.0
2013-08-12,39.77,40.09,39.73,39.9,9830500.0
2013-08-13,40.14,40.18,39.89,40.060001,15318100.0
2013-08-14,40.22,40.29,40.14,40.18,11819400.0
2013-08-15,39.71,39.82,39.35,39.71,13614500.0
2013-08-16,39.7,39.74,39.25,39.28,18802300.0
2013-08-19,38.92,38.97,38.45,38.51,18225100.0
2013-08-20,38.37,38.69,38.34,38.46,18965400.0
2013-08-21,38.02,38.07,37.52,37.61,19546700.0
2013-08-22,38.049999,38.29,38.0,38.22,14534500.0
2013-08-23,38.51,38.72,38.29,38.67,16412100.0
2013-08-26,38.71,38.71,38.12,38.21,8761100.0
2013-08-27,37.5,37.54,37.15,37.22,26627400.0
2013-08-28,37.12,37.57,36.95,37.19,20212000.0
2013-08-29,37.54,37.84,37.35,37.41,18987400.0
2013-08-30,37.87,37.87,37.44,37.72,47137400.0
2013-09-03,38.21,38.37,37.81,37.94,29742300.0
2013-09-04,38.14,38.56,38.040001,38.53,15429300.0
2013-09-05,38.58,39.15,38.52,39.049999,18443500.0
2013-09-06,39.56,39.77,39.18,39.58,20473300.0
2013-09-09,40.0,40.81,39.98,40.74,21642900.0
2013-09-10,40.96,41.12,40.85,41.060001,30922900.0
2013-09-11,40.91,41.2,40.81,41.12,18174100.0
2013-09-12,40.99,41.0,40.56,40.58,19544100.0
2013-09-13,40.63,40.93,40.56,40.88,19008600.0
2013-09-16,41.52,41.6,41.25,41.33,19618100.0
2013-09-17,41.4,41.43,41.21,41.3,18979700.0
2013-09-18,41.16,43.0099983,40.94,42.97,30886500.0
2013-09-19,42.89,42.9,42.52,42.8,30950400.0
2013-09-20,42.61,42.61,41.71,41.78,25118500.0
2013-09-23,41.57,41.79,41.45,41.65,22042800.0
2013-09-24,41.45,41.52,41.17,41.23,18014700.0
2013-09-25,41.3,41.31,40.94,40.98,16543200.0
2013-09-26,41.13,41.3,40.85,41.099998,11859400.0
2013-09-27,40.72,40.77,40.41,40.52,17579700.0
2013-09-30,40.14,40.31,39.86,40.13,26400200.0
2013-10-01,40.4,40.95,40.39,40.93,16989800.0
2013-10-02,40.72,41.11,40.61,41.060001,10574200.0
2013-10-03,41.25,41.37,40.67,40.95,15040400.0
2013-10-04,41.080002,41.56,41.0099983,41.5,14847900.0
2013-10-07,40.97,41.36,40.94,41.13,15935200.0
2013-10-08,41.29,41.34,40.7,40.74,23228800.0
2013-10-09,41.07,41.22,40.7,41.060001,20172000.0
2013-10-10,41.58,42.07,41.54,41.98,16318100.0
2013-10-11,41.78,42.19,41.72,42.15,11041300.0
2013-10-14,41.8,42.51,41.71,42.42,15091100.0
2013-10-15,42.15,42.3,41.77,41.91,19654800.0
2013-10-16,42.099998,42.4,42.049999,42.21,18815300.0
2013-10-17,42.18,42.54,42.099998,42.5,17451300.0
2013-10-18,42.69,42.74,42.47,42.5,16546000.0
2013-10-21,42.56,42.62,42.35,42.52,13128700.0
2013-10-22,42.76,43.16,42.72,42.91,19353200.0
2013-10-23,42.26,42.28,41.93,41.97,22265300.0
2013-10-24,42.15,42.17,41.79,41.88,18132700.0
2013-10-25,41.96,42.14,41.81,42.12,14390700.0
2013-10-28,42.080002,42.3,42.07,42.24,13861700.0
2013-10-29,42.39,42.45,42.32,42.36,9218500.0
2013-10-30,42.53,42.54,41.94,42.15,17838800.0
2013-10-31,42.36,42.36,41.85,41.87,20353600.0
2013-11-01,41.92,42.049999,41.58,41.85,19047400.0
2013-11-04,41.99,42.13,41.96,42.12,12040900.0
2013-11-05,41.56,41.62,41.27,41.28,17095000.0
2013-11-06,41.61,41.64,41.38,41.43,15901700.0
2013-11-07,41.52,41.55,40.63,40.71,19648100.0
2013-11-08,40.45,40.6,40.24,40.57,47208300.0
2013-11-11,40.57,40.62,40.3,40.38,10337900.0
2013-11-12,40.35,40.39,39.86,40.099998,18527500.0
2013-11-13,39.8,40.34,39.75,40.26,19114000.0
2013-11-14,40.29,40.95,40.2,40.92,14657100.0
2013-11-15,41.25,41.79,41.25,41.61,18723400.0
2013-11-18,42.14,42.47,41.99,42.02,17858700.0
2013-11-19,42.07,42.11,41.6,41.62,18596600.0
2013-11-20,41.7,41.76,41.0099983,41.099998,25865700.0
2013-11-21,40.98,41.16,40.89,41.09,12720800.0
2013-11-22,41.12,41.44,41.07,41.35,9531100.0
2013-11-25,41.39,41.39,40.81,40.85,15174100.0
2013-11-26,40.84,41.02,40.66,40.88,12566300.0
2013-11-27,40.96,41.23,40.89,41.14,9395600.0
2013-11-29,41.41,41.61,41.35,41.48,8886600.0
2013-12-02,41.38,41.45,40.62,40.7,24138300.0
2013-12-03,40.58,40.87,40.32,40.55,21322000.0
2013-12-04,40.37,40.69,40.16,40.56,29191100.0
2013-12-05,40.48,40.75,40.4,40.43,27715500.0
2013-12-06,41.049999,41.45,41.0099983,41.33,23180700.0
2013-12-09,41.43,41.58,41.32,41.34,15373900.0
2013-12-10,41.18,41.44,41.16,41.42,26049000.0
2013-12-11,41.099998,41.11,40.45,40.58,25228300.0
2013-12-12,40.29,40.37,40.02,40.22,19571300.0
2013-12-13,40.36,40.42,40.16,40.34,18957500.0
2013-12-16,40.53,40.85,40.52,40.54,15484000.0
2013-12-17,40.49,40.53,40.2,40.27,15132200.0
2013-12-18,40.46,41.38,39.8,40.93,37865600.0
2013-12-19,40.24,40.39,39.93,40.25,20168300.0
2013-12-20,40.080002,40.24,39.91,39.95,21910500.0
2013-12-23,40.21,40.43,40.14,40.24,19991100.0
2013-12-24,40.37,40.51,40.36,40.45,10329600.0
2013-12-26,40.35,40.36,40.14,40.19,8545800.0
2013-12-27,40.46,40.67,40.42,40.67,12732200.0
2013-12-30,40.68,40.92,40.66,40.82,12105200.0
2013-12-31,40.96,41.16,40.68,41.14,13949700.0
2014-01-02,40.51,40.53,39.64,39.7,48716300.0
2014-01-03,39.91,39.93,39.47,39.65,44478300.0
2014-01-06,39.54,39.56,39.27,39.27,14390900.0
2014-01-07,39.5,39.64,39.35,39.43,15990800.0
2014-01-08,39.52,39.56,39.23,39.36,21010100.0
2014-01-09,39.21,39.26,38.81,39.11,16266900.0
2014-01-10,39.35,40.0099983,39.35,39.87,26005300.0
2014-01-13,39.91,39.97,39.26,39.37,16094200.0
2014-01-14,39.63,39.9,39.42,39.81,12584300.0
2014-01-15,39.75,39.91,39.73,39.8,13821900.0
2014-01-16,39.79,39.86,39.51,39.58,12403800.0
2014-01-17,39.6,39.6,39.36,39.44,9840600.0
2014-01-21,39.62,39.63,39.14,39.32,19951000.0
2014-01-22,39.59,39.85,39.49,39.82,16219800.0
2014-01-23,39.44,39.45,38.63,38.91,19647300.0
2014-01-24,38.42,38.42,37.91,37.96,32588900.0
2014-01-27,37.9,38.0099983,37.4,37.71,33060600.0
2014-01-28,37.9,38.11,37.83,37.96,22512700.0
2014-01-29,37.34,37.78,37.19,37.29,33390800.0
2014-01-30,37.87,37.95,37.57,37.68,25723100.0
2014-01-31,37.25,37.87,37.21,37.67,24855500.0
2014-02-03,37.5,37.51,36.65,36.67,31513700.0
2014-02-04,37.32,37.71,37.23,37.52,22462700.0
2014-02-05,37.4,37.63,37.13,37.39,17615800.0
2014-02-06,37.62,38.16,37.59,38.13,28605500.0
2014-02-07,38.39,38.51,38.11,38.28,18019700.0
2014-02-10,38.22,38.22,37.74,37.85,9570000.0
2014-02-11,38.049999,38.74,38.049999,38.65,26770500.0
2014-02-12,38.88,39.080002,38.52,38.59,16511100.0
2014-02-13,38.099998,38.67,38.060001,38.63,18583900.0
2014-02-14,38.87,39.3,38.81,39.099998,10676700.0
2014-02-18,39.11,39.19,38.77,38.77,12031000.0
2014-02-19,38.7,38.96,38.48,38.6,34637000.0
2014-02-20,38.56,38.89,38.37,38.8,27963500.0
2014-02-21,38.84,39.16,38.84,39.07,26589200.0
2014-02-24,39.0,39.37,38.97,39.029999,18554500.0
2014-02-25,38.94,39.0099983,38.42,38.54,14129700.0
2014-02-26,38.65,38.72,38.3,38.44,14250900.0
2014-02-27,38.79,39.25,38.73,39.2,19574100.0
2014-02-28,39.2,39.28,38.68,38.89,21899800.0
2014-03-03,38.19,38.33,37.92,38.21,26634900.0
2014-03-04,38.92,39.02,38.7,38.84,13426800.0
2014-03-05,38.75,38.99,38.69,38.96,10025800.0
2014-03-06,39.24,39.68,39.24,39.5,13865300.0
2014-03-07,39.32,39.35,38.75,38.95,19698800.0
2014-03-10,38.74,38.76,38.44,38.72,14103000.0
2014-03-11,38.77,38.93,38.18,38.27,17460500.0
2014-03-12,38.11,38.45,38.029999,38.42,19015100.0
2014-03-13,38.48,38.53,37.56,37.76,18654100.0
2014-03-14,37.84,38.21,37.84,38.0099983,15544300.0
2014-03-17,38.41,38.52,38.3,38.42,13620200.0
2014-03-18,38.53,39.049999,38.5,39.0099983,14198000.0
2014-03-19,38.7,38.92,38.029999,38.24,22847800.0
2014-03-20,37.96,38.53,37.85,38.42,18680400.0
2014-03-21,38.66,39.15,38.59,38.65,19791100.0
2014-03-24,38.99,39.11,38.76,38.99,23802000.0
2014-03-25,39.28,39.59,39.24,39.49,17673500.0
2014-03-26,39.73,39.88,39.46,39.5,26585300.0
2014-03-27,39.61,40.0,39.57,39.96,16809800.0
2014-03-28,40.32,40.58,40.27,40.28,15315900.0
2014-03-31,40.58,40.8,40.51,40.58,20248500.0
2014-04-01,40.97,40.99,40.76,40.97,12472100.0
2014-04-02,40.85,41.15,40.79,41.12,11813800.0
2014-04-03,40.91,40.93,40.49,40.88,23427100.0
2014-04-04,41.36,41.63,40.75,40.81,38442400.0
2014-04-07,40.95,41.13,40.78,41.029999,12439600.0
2014-04-08,41.6,41.78,41.3,41.41,29428700.0
2014-04-09,41.6,41.92,41.18,41.74,13632000.0
2014-04-10,41.79,41.93,41.28,41.34,18638200.0
2014-04-11,41.040001,41.38,41.029999,41.32,15167400.0
2014-04-14,41.38,41.44,41.040001,41.26,11506100.0
2014-04-15,41.0099983,41.0099983,40.12,40.65,23778900.0
2014-04-16,40.74,41.14,40.7,41.07,12091800.0
2014-04-17,41.19,41.69,41.040001,41.56,10141600.0
2014-04-21,41.42,41.48,41.18,41.29,8541100.0
2014-04-22,41.28,41.37,41.14,41.15,9462800.0
2014-04-23,41.0099983,41.02,40.65,40.93,14422900.0
2014-04-24,41.0,41.0,40.57,40.93,10679300.0
2014-04-25,40.55,40.55,40.18,40.46,15519200.0
2014-04-28,40.49,40.73,40.25,40.58,11892700.0
2014-04-29,40.86,41.18,40.84,40.97,15126200.0
2014-04-30,40.67,40.94,40.64,40.94,11793000.0
2014-05-01,40.85,41.060001,40.69,40.97,8681600.0
2014-05-02,40.94,41.35,40.88,41.24,14743400.0
2014-05-05,41.02,41.080002,40.86,41.060001,11111900.0
2014-05-06,41.080002,41.46,41.07,41.22,9665900.0
2014-05-07,41.13,41.5,41.07,41.48,8329300.0
2014-05-08,41.59,41.7,41.37,41.37,12276300.0
2014-05-09,41.42,41.53,41.27,41.34,13521100.0
2014-05-12,41.88,42.060001,41.79,42.0099983,12806900.0
2014-05-13,42.060001,42.33,42.0099983,42.19,14746500.0
2014-05-14,42.33,42.59,42.31,42.47,16633300.0
2014-05-15,42.41,42.41,41.88,42.09,11088300.0
2014-05-16,42.4,42.68,42.28,42.61,11901400.0
2014-05-19,42.56,42.7,42.53,42.63,6559100.0
2014-05-20,42.42,42.56,42.12,42.27,11702000.0
2014-05-21,42.46,42.63,42.46,42.57,15397100.0
2014-05-22,42.83,42.91,42.76,42.9,8280700.0
2014-05-23,42.91,43.02,42.86,42.9,20551100.0
2014-05-27,42.75,42.81,42.37,42.55,11396400.0
2014-05-28,42.61,42.77,42.51,42.71,10312700.0
2014-05-29,42.83,42.86,42.67,42.76,7035300.0
2014-05-30,42.54,42.6,42.14,42.21,13774100.0
2014-06-02,42.4,42.53,42.38,42.42,9076500.0
2014-06-03,42.47,42.78,42.43,42.66,7256200.0
2014-06-04,42.47,42.49,42.32,42.42,6949900.0
2014-06-05,42.83,43.0,42.7,42.9,9615200.0
2014-06-06,43.21,43.49,43.21,43.36,9160500.0
2014-06-09,43.42,43.68,43.36,43.63,9324400.0
2014-06-10,43.7,43.83,43.58,43.8,9653100.0
2014-06-11,43.6,43.75,43.55,43.65,7968900.0
2014-06-12,43.78,43.8,43.36,43.45,9127000.0
2014-06-13,43.47,43.64,43.34,43.61,7699200.0
2014-06-16,43.44,43.47,43.23,43.33,8539900.0
2014-06-17,43.29,43.36,43.14,43.36,9028300.0
2014-06-18,43.26,43.89,43.14,43.86,17662300.0
2014-06-19,43.71,43.81,43.48,43.59,8962100.0
2014-06-20,43.55,43.63,43.43,43.61,14210300.0
2014-06-23,43.53,43.54,43.28,43.41,15211800.0
2014-06-24,43.17,43.41,42.87,42.93,17451200.0
2014-06-25,43.09,43.14,42.95,43.11,13493500.0
2014-06-26,43.17,43.17,42.95,43.09,11566300.0
2014-06-27,43.12,43.24,42.97,43.2,7431000.0
2014-06-30,43.28,43.29,43.049999,43.13,8567700.0
2014-07-01,43.36,43.57,43.36,43.52,10496300.0
2014-07-02,43.66,43.78,43.66,43.78,7641100.0
2014-07-03,43.72,44.07,43.65,44.0099983,6807600.0
2014-07-07,44.049999,44.11,43.95,44.099998,8695700.0
2014-07-08,44.13,44.13,43.8,43.91,7398000.0
2014-07-09,43.91,44.2,43.89,44.17,16559400.0
2014-07-10,43.53,43.94,43.38,43.9,18552700.0
2014-07-11,43.8,44.02,43.75,43.98,7000100.0
2014-07-14,44.22,44.33,44.13,44.32,6750600.0
2014-07-15,44.35,44.4,44.060001,44.26,7029400.0
2014-07-16,44.49,44.56,44.33,44.4,6164500.0
2014-07-17,44.0099983,44.13,43.47,43.55,9976700.0
2014-07-18,44.080002,44.35,44.029999,44.23,5486600.0
2014-07-21,44.080002,44.49,44.0099983,44.39,18890200.0
2014-07-22,44.82,44.94,44.8,44.85,13261400.0
2014-07-23,44.96,44.97,44.79,44.86,5720500.0
2014-07-24,44.96,45.17,44.93,45.080002,11809400.0
2014-07-25,44.85,44.95,44.76,44.9,9415600.0
2014-07-28,44.9,45.16,44.81,45.14,7212300.0
2014-07-29,45.11,45.12,44.73,44.73,9090800.0
2014-07-30,44.87,44.93,44.26,44.5,12966300.0
2014-07-31,43.98,44.029999,43.53,43.72,12562700.0
2014-08-01,43.85,44.080002,43.57,43.98,18805600.0
2014-08-04,44.28,44.55,44.040001,44.48,9841300.0
2014-08-05,44.040001,44.13,43.65,43.81,12124800.0
2014-08-06,43.57,43.72,43.46,43.5,11361000.0
2014-08-07,43.63,43.67,43.17,43.3,13451300.0
2014-08-08,43.51,43.85,43.41,43.78,13077200.0
2014-08-11,44.060001,44.45,44.029999,44.41,9570000.0
2014-08-12,44.23,44.43,44.2,44.42,10632900.0
2014-08-13,44.77,44.86,44.5,44.61,8844800.0
2014-08-14,44.64,44.74,44.55,44.64,4965400.0
2014-08-15,44.81,44.84,44.32,44.58,11960400.0
2014-08-18,44.9,45.060001,44.76,45.040001,6372200.0
2014-08-19,45.080002,45.31,45.080002,45.3,6587000.0
2014-08-20,45.11,45.33,45.060001,45.23,7220200.0
2014-08-21,45.24,45.32,45.11,45.19,8392800.0
2014-08-22,45.21,45.25,44.87,44.99,7724500.0
2014-08-25,45.12,45.39,45.099998,45.37,6201100.0
2014-08-26,45.41,45.64,45.41,45.62,7718900.0
2014-08-27,45.7,45.86,45.62,45.85,6193700.0
2014-08-28,45.23,45.43,45.2,45.43,5110500.0
2014-08-29,45.47,45.5,45.28,45.4,8893300.0
2014-09-02,45.43,45.52,45.33,45.49,8423100.0
2014-09-03,46.4,46.4,46.13,46.25,9409000.0
2014-09-04,46.37,46.43,45.94,46.049999,8460100.0
2014-09-05,46.22,46.49,46.060001,46.49,12796400.0
2014-09-08,46.41,46.41,45.87,45.95,10875600.0
2014-09-09,45.7,45.78,45.22,45.39,16864600.0
2014-09-10,44.95,45.26,44.85,45.19,9892500.0
2014-09-11,44.93,44.95,44.79,44.87,16440700.0
2014-09-12,44.55,44.56,44.14,44.26,12908600.0
2014-09-15,44.21,44.21,43.91,44.07,8249800.0
2014-09-16,43.94,44.96,43.94,44.63,16662400.0
2014-09-17,44.63,44.7,44.16,44.2,17700000.0
2014-09-18,44.33,44.47,44.23,44.3,6975000.0
2014-09-19,44.43,44.5,43.84,43.97,9872600.0
2014-09-22,43.64,43.67,43.14,43.32,8417100.0
2014-09-23,43.24,43.4,42.99,43.040001,9503300.0
2014-09-24,42.87,43.31,42.7,43.26,24576300.0
2014-09-25,42.57,42.58,42.15,42.26,10643000.0
2014-09-26,42.3,42.7,42.25,42.53,10346400.0
2014-09-29,41.52,41.83,41.44,41.62,9813500.0
2014-09-30,41.55,41.78,41.43,41.71,17054200.0
2014-10-01,41.57,41.57,40.88,40.91,16451400.0
2014-10-02,41.0,41.4,40.53,41.16,13899500.0
2014-10-03,41.25,41.61,41.13,41.5,10816200.0
2014-10-06,42.49,42.54,42.17,42.24,13566700.0
2014-10-07,42.24,42.27,41.83,41.83,9017600.0
2014-10-08,41.92,42.58,41.46,42.47,20005800.0
2014-10-09,42.37,42.38,41.77,41.88,16903600.0
2014-10-10,41.56,41.58,40.91,40.93,14541000.0
2014-10-13,41.66,42.0099983,41.41,41.43,13471900.0
2014-10-14,41.49,41.91,41.3,41.62,21901300.0
2014-10-15,40.91,41.21,40.14,41.040001,22885200.0
2014-10-16,40.09,41.099998,40.0,40.63,19816000.0
2014-10-17,40.9,41.44,40.9,41.15,14580100.0
2014-10-20,41.029999,41.25,40.97,41.18,12094500.0
2014-10-21,41.049999,41.56,41.049999,41.37,12031700.0
2014-10-22,41.37,41.4,40.92,41.040001,10747800.0
2014-10-23,41.099998,41.3,41.0099983,41.080002,12315200.0
2014-10-24,41.16,41.64,41.099998,41.47,10254100.0
2014-10-27,40.68,41.060001,40.57,41.040001,13554900.0
2014-10-28,41.58,41.98,41.5,41.9,11078200.0
2014-10-29,42.13,42.29,41.61,41.82,18343100.0
2014-10-30,42.0099983,42.47,41.98,42.3,10325600.0
2014-10-31,42.48,42.73,42.43,42.64,11619800.0
2014-11-03,42.5,42.54,42.23,42.35,10467100.0
2014-11-04,42.35,42.43,42.12,42.39,9961400.0
2014-11-05,42.14,42.2,41.91,42.14,11449600.0
2014-11-06,41.9,41.95,41.53,41.54,11926800.0
2014-11-07,41.56,41.81,41.56,41.81,9549300.0
2014-11-10,42.22,42.22,41.82,41.84,6117000.0
2014-11-11,41.81,41.96,41.73,41.91,6155100.0
2014-11-12,41.87,42.07,41.75,41.79,10036500.0
2014-11-13,42.0,42.0099983,41.59,41.69,5725300.0
2014-11-14,41.73,42.13,41.68,42.13,9329700.0
2014-11-17,41.7,41.71,41.54,41.6,8701400.0
2014-11-18,41.64,41.85,41.6,41.81,10234500.0
2014-11-19,41.76,42.02,41.58,41.89,11202500.0
2014-11-20,41.89,42.0099983,41.75,41.82,5362600.0
2014-11-21,42.82,43.13,42.72,43.11,20346300.0
2014-11-24,42.92,42.95,42.73,42.78,6854500.0
2014-11-25,42.85,42.85,42.46,42.5,8999400.0
2014-11-26,42.83,43.0,42.79,42.94,9824500.0
2014-11-28,42.5,42.5,42.12,42.17,8916300.0
2014-12-01,41.71,41.71,41.32,41.4,15525800.0
2014-12-02,41.53,41.59,41.37,41.38,10411600.0
2014-12-03,41.54,41.71,41.49,41.59,11135700.0
2014-12-04,41.7,41.72,41.48,41.54,8921900.0
2014-12-05,41.39,41.61,41.27,41.51,9472900.0
2014-12-08,41.22,41.34,40.75,40.84,8763600.0
2014-12-09,40.23,40.4,40.11,40.38,10952400.0
2014-12-10,40.34,40.38,39.77,39.8,18882400.0
2014-12-11,39.63,39.84,39.39,39.43,20709000.0
2014-12-12,39.36,39.39,38.83,38.84,13660100.0
2014-12-15,38.73,38.81,37.86,38.060001,22763900.0
2014-12-16,37.48,38.38,37.3,37.71,32239800.0
2014-12-17,37.97,39.41,37.97,38.88,44882800.0
2014-12-18,39.53,39.69,39.21,39.48,20617900.0
2014-12-19,39.53,39.82,39.49,39.67,21019200.0
2014-12-22,39.83,40.07,39.82,40.0099983,18404500.0
2014-12-23,39.8,39.8,39.46,39.69,17551100.0
2014-12-24,39.68,39.81,39.55,39.77,7001000.0
2014-12-26,40.049999,40.29,40.040001,40.040001,7018900.0
2014-12-29,40.13,40.24,39.89,39.91,14944200.0
2014-12-30,39.95,40.12,39.87,40.02,17308200.0
2014-12-31,40.13,40.23,39.95,40.02,13162800.0
2015-01-02,39.95,39.96,39.47,39.56,17844900.0
2015-01-05,39.42,39.42,38.87,38.93,17336400.0
2015-01-06,38.93,39.11,38.55,38.74,13779200.0
2015-01-07,39.45,39.68,39.34,39.63,11570800.0
2015-01-08,40.16,40.44,40.13,40.3,9996800.0
2015-01-09,40.32,40.35,39.95,40.099998,9140200.0
2015-01-12,39.93,40.0,39.64,39.74,10631000.0
2015-01-13,40.28,40.4,39.69,40.02,14364400.0
2015-01-14,39.66,39.94,39.52,39.87,14774300.0
2015-01-15,40.45,40.56,39.96,39.99,16712300.0
2015-01-16,39.92,40.42,39.91,40.39,14325300.0
2015-01-20,40.28,40.29,40.09,40.25,15672600.0
2015-01-21,40.6,41.2,40.59,41.15,15433200.0
2015-01-22,41.49,42.040001,41.28,42.02,15263300.0
2015-01-23,41.83,41.88,41.64,41.66,11386400.0
2015-01-26,41.5,41.85,41.45,41.71,9006500.0
2015-01-27,41.24,41.6,41.17,41.49,8518600.0
2015-01-28,41.41,41.5,40.94,41.0,7616000.0
2015-01-29,41.09,41.14,40.62,41.040001,19101200.0
2015-01-30,40.32,40.44,39.92,39.94,22047700.0
2015-02-02,40.4,40.76,40.28,40.65,15944400.0
2015-02-03,41.029999,41.41,41.0,41.37,20858100.0
2015-02-04,41.19,41.5,41.049999,41.09,8677100.0
2015-02-05,41.07,41.43,41.02,41.4,11220500.0
2015-02-06,40.77,41.0099983,40.59,40.72,19724000.0
2015-02-09,40.59,40.79,40.56,40.67,7247100.0
2015-02-10,40.57,40.64,40.42,40.6,8334500.0
2015-02-11,40.28,40.52,40.080002,40.42,8760600.0
2015-02-12,40.83,41.42,40.82,41.36,12508900.0
2015-02-13,41.52,41.82,41.51,41.78,9417500.0
2015-02-17,41.75,41.75,41.34,41.65,11226100.0
2015-02-18,41.56,41.75,41.4,41.69,8921500.0
2015-02-19,41.42,41.75,41.32,41.56,9102100.0
2015-02-20,41.42,41.83,41.28,41.77,9549800.0
2015-02-23,41.64,41.66,41.26,41.37,8091300.0
2015-02-24,41.52,42.040001,41.35,41.94,14370900.0
2015-02-25,41.75,41.93,41.7,41.8,17352900.0
2015-02-26,41.8,41.87,41.73,41.77,8884800.0
2015-02-27,41.75,42.040001,41.72,41.8,8053900.0
2015-03-02,41.73,41.75,41.57,41.74,10396600.0
2015-03-03,41.49,41.49,41.31,41.36,10312800.0
2015-03-04,40.94,40.99,40.64,40.88,8853100.0
2015-03-05,40.94,40.97,40.64,40.8,10768900.0
2015-03-06,40.47,40.52,40.040001,40.14,11776300.0
2015-03-09,40.18,40.18,39.97,39.98,11645900.0
2015-03-10,39.44,39.48,39.15,39.15,11056900.0
2015-03-11,39.39,39.53,39.23,39.46,14603600.0
2015-03-12,39.88,40.02,39.62,39.68,11430700.0
2015-03-13,39.4,39.4,38.99,39.2,11391200.0
2015-03-16,39.54,39.71,39.48,39.66,8754600.0
2015-03-17,39.57,40.0099983,39.52,39.91,22040000.0
2015-03-18,39.89,41.07,39.81,40.94,15803800.0
2015-03-19,40.48,40.56,40.11,40.22,14064600.0
2015-03-20,40.58,40.9,40.57,40.72,9673000.0
2015-03-23,40.87,40.94,40.69,40.84,10710700.0
2015-03-24,40.94,41.049999,40.86,41.0,9908500.0
2015-03-25,40.94,40.94,40.22,40.22,12034800.0
2015-03-26,40.18,40.18,39.81,39.99,15470600.0
2015-03-27,40.080002,40.17,39.96,40.080002,11582700.0
2015-03-30,40.46,41.0099983,40.46,40.9,8958700.0
2015-03-31,40.71,40.93,40.6,40.87,7977300.0
2015-04-01,41.29,41.52,41.2,41.42,19184900.0
2015-04-02,41.75,42.14,41.7,42.060001,8147100.0
2015-04-06,42.44,42.82,42.39,42.57,9861400.0
2015-04-07,42.62,42.7,42.46,42.47,8011500.0
2015-04-08,43.45,43.56,43.17,43.33,12052700.0
2015-04-09,43.72,43.96,43.59,43.89,13440400.0
2015-04-10,43.66,43.83,43.54,43.8,16176100.0
2015-04-13,43.93,44.099998,43.61,43.65,9835600.0
2015-04-14,43.66,43.88,43.45,43.77,8511700.0
2015-04-15,43.76,44.060001,43.64,44.029999,7688700.0
2015-04-16,44.13,44.65,44.09,44.43,9275300.0
2015-04-17,43.52,43.63,43.26,43.52,15807600.0
2015-04-20,43.44,43.5,43.34,43.38,7263500.0
2015-04-21,43.83,43.92,43.69,43.72,13383700.0
2015-04-22,44.029999,44.24,43.89,44.23,7972000.0
2015-04-23,43.92,44.57,43.91,44.45,10249500.0
2015-04-24,44.68,44.71,44.6,44.67,9414500.0
2015-04-27,44.85,45.0,44.8,44.86,12363400.0
2015-04-28,45.0,45.080002,44.8,44.97,9074100.0
2015-04-29,44.55,44.67,44.33,44.49,13425300.0
2015-04-30,44.19,44.19,43.86,43.9,12762400.0
2015-05-01,44.060001,44.27,43.91,44.16,16071600.0
2015-05-04,44.24,44.43,44.15,44.38,9339800.0
2015-05-05,44.16,44.21,43.89,43.92,8205000.0
2015-05-06,43.98,44.029999,43.26,43.34,11969200.0
2015-05-07,43.12,43.3,42.98,43.28,10209000.0
2015-05-08,43.84,44.12,43.74,43.94,10508200.0
2015-05-11,43.95,44.02,43.5,43.52,6711000.0
2015-05-12,43.24,43.51,43.16,43.4,6223800.0
2015-05-13,43.82,43.9,43.46,43.51,8898200.0
2015-05-14,43.76,43.97,43.69,43.92,7597900.0
2015-05-15,43.96,44.38,43.89,44.37,11497700.0
2015-05-18,44.15,44.2,43.92,43.94,9050400.0
2015-05-19,44.060001,44.080002,43.93,44.040001,8265600.0
2015-05-20,43.91,44.099998,43.76,43.98,9714800.0
2015-05-21,43.69,43.88,43.65,43.85,9166900.0
2015-05-22,44.049999,44.11,43.89,43.96,9856400.0
2015-05-26,43.77,43.77,43.17,43.31,8760500.0
2015-05-27,43.09,43.47,42.99,43.42,8811600.0
2015-05-28,42.76,42.85,42.56,42.81,9480300.0
2015-05-29,42.72,42.77,42.33,42.34,9557900.0
2015-06-01,42.5,42.54,42.16,42.31,12350000.0
2015-06-02,42.27,42.64,42.21,42.46,11940100.0
2015-06-03,42.28,42.39,42.12,42.25,19170100.0
2015-06-04,41.93,42.029999,41.58,41.63,10652300.0
2015-06-05,41.36,41.61,41.19,41.43,8362200.0
2015-06-08,41.45,41.55,41.38,41.41,9510900.0
2015-06-09,41.2,41.26,41.07,41.11,9589800.0
2015-06-10,41.57,41.81,41.51,41.71,8038500.0
2015-06-11,41.63,41.63,41.39,41.54,7797900.0
2015-06-12,41.55,41.66,41.46,41.55,12815300.0
2015-06-15,41.099998,41.16,40.97,41.13,9747600.0
2015-06-16,41.07,41.25,40.97,41.22,7337200.0
2015-06-17,41.19,41.66,40.98,41.48,14673000.0
2015-06-18,41.71,41.96,41.66,41.85,17347100.0
2015-06-19,41.63,41.73,41.47,41.47,16788300.0
2015-06-22,42.060001,42.14,41.98,42.0099983,10445000.0
2015-06-23,42.24,42.43,42.19,42.39,7286300.0
2015-06-24,42.39,42.5,42.16,42.17,10280000.0
2015-06-25,42.3,42.3,41.99,42.02,9855100.0
2015-06-26,41.29,41.46,41.2,41.25,8493300.0
2015-06-29,40.61,40.74,40.32,40.34,18997300.0
2015-06-30,41.11,41.11,40.75,40.88,20400900.0
2015-07-01,41.07,41.14,40.76,40.88,16460800.0
2015-07-02,41.12,41.29,41.0,41.07,9116100.0
2015-07-06,40.0,40.25,39.75,39.93,14949800.0
2015-07-07,39.13,39.36,38.54,39.32,18876400.0
2015-07-08,38.18,38.35,37.83,37.87,21238300.0
2015-07-09,38.99,39.19,38.63,38.64,18488900.0
2015-07-10,39.63,39.83,39.4,39.73,16651400.0
2015-07-13,39.96,40.07,39.88,39.98,20934700.0
2015-07-14,39.9,40.12,39.79,40.080002,10899400.0
2015-07-15,39.85,39.89,39.57,39.59,11107800.0
2015-07-16,40.0099983,40.12,39.91,40.060001,7439900.0
2015-07-17,40.16,40.21,40.0099983,40.049999,8366500.0
2015-07-20,39.79,39.89,39.54,39.8,9953900.0
2015-07-21,39.9,40.029999,39.8,39.81,8696200.0
2015-07-22,39.46,39.52,39.23,39.28,9318100.0
2015-07-23,39.23,39.29,38.9,38.95,9391100.0
2015-07-24,38.67,38.67,38.2,38.39,9799800.0
2015-07-27,37.66,37.72,37.42,37.53,16577500.0
2015-07-28,37.74,37.89,37.53,37.89,17999500.0
2015-07-29,37.92,38.39,37.82,38.24,12955200.0
2015-07-30,37.97,38.029999,37.75,38.0,10258100.0
2015-07-31,38.33,38.5,38.16,38.32,16153200.0
2015-08-03,37.91,37.96,37.54,37.69,13893800.0
2015-08-04,37.99,38.12,37.68,37.81,12430300.0
2015-08-05,38.14,38.25,37.79,37.85,11748600.0
2015-08-06,37.65,37.72,37.46,37.58,12595100.0
2015-08-07,37.57,37.72,37.47,37.54,15026300.0
2015-08-10,37.72,38.27,37.72,38.18,9670300.0
2015-08-11,37.42,37.46,37.040001,37.36,13511000.0
2015-08-12,36.68,36.79,36.48,36.78,21512500.0
2015-08-13,36.81,36.92,36.64,36.71,10543300.0
2015-08-14,36.79,36.92,36.76,36.82,8488500.0
2015-08-17,36.34,36.47,36.21,36.43,11034300.0
2015-08-18,36.02,36.11,35.9,36.0099983,10526800.0
2015-08-19,35.77,35.9,35.23,35.52,51010200.0
2015-08-20,35.060001,35.18,34.92,34.98,24409500.0
2015-08-21,34.55,34.59,33.86,33.86,28574600.0
2015-08-24,31.45,33.17,30.9,32.19,57267200.0
2015-08-25,34.15,34.23,32.62,32.63,46411700.0
2015-08-26,33.4,33.8,32.75,33.76,41855600.0
2015-08-27,34.64,35.14,34.099998,35.12,33427600.0
2015-08-28,34.67,34.88,34.44,34.61,38196200.0
2015-08-31,34.29,34.65,34.0,34.54,36190300.0
2015-09-01,33.59,33.76,33.040001,33.19,38527100.0
2015-09-02,33.64,33.7,33.25,33.69,28058000.0
2015-09-03,33.73,34.26,33.71,33.84,24315200.0
2015-09-04,33.09,33.24,32.62,32.78,32687900.0
2015-09-08,33.73,33.9,33.59,33.88,27382300.0
2015-09-09,34.52,34.54,33.66,33.69,23291100.0
2015-09-10,33.64,34.16,33.61,33.94,17698900.0
2015-09-11,33.87,34.080002,33.77,34.07,19755800.0
2015-09-14,33.99,34.13,33.79,34.07,15522700.0
2015-09-15,34.029999,34.48,34.0099983,34.42,11497900.0
2015-09-16,34.85,35.3,34.8,35.22,19198000.0
2015-09-17,34.9,36.0,34.82,35.22,35484800.0
2015-09-18,34.82,34.99,34.31,34.36,25827900.0
2015-09-21,34.52,34.59,34.31,34.44,18833600.0
2015-09-22,33.73,33.84,33.52,33.77,22127100.0
2015-09-23,33.61,33.67,33.24,33.26,16098700.0
2015-09-24,32.75,33.28,32.53,33.2,38040700.0
2015-09-25,33.099998,33.18,32.6,32.69,24883000.0
2015-09-28,32.33,32.4,31.89,31.96,26861500.0
2015-09-29,32.080002,32.37,31.97,32.22,17911600.0
2015-09-30,33.0099983,33.16,32.8,33.09,25326500.0
2015-10-01,33.34,33.39,32.93,33.2,22868900.0
2015-10-02,33.049999,34.080002,32.94,34.07,25144000.0
2015-10-05,34.47,34.8,34.41,34.75,20860400.0
2015-10-06,34.68,34.79,34.5,34.66,19085300.0
2015-10-07,35.4,35.82,35.27,35.52,25467000.0
2015-10-08,35.35,36.0099983,35.28,35.98,19821600.0
2015-10-09,36.13,36.33,35.91,36.02,14719900.0
2015-10-12,36.16,36.17,35.77,35.82,10790600.0
2015-10-13,35.39,35.67,35.16,35.18,16355100.0
2015-10-14,35.43,35.65,35.36,35.45,20882400.0
2015-10-15,36.02,36.31,35.8,36.26,13702000.0
2015-10-16,36.19,36.4,36.02,36.37,15284900.0
2015-10-19,36.0099983,36.040001,35.81,36.0,11931000.0
2015-10-20,35.91,36.029999,35.81,35.92,13382600.0
2015-10-21,35.78,35.79,35.4,35.4,18034900.0
2015-10-22,35.83,36.25,35.83,36.17,13883500.0
2015-10-23,36.45,36.53,36.23,36.41,13522100.0
2015-10-26,36.18,36.23,35.97,36.0,10645900.0
2015-10-27,35.68,35.73,35.49,35.67,25301900.0
2015-10-28,35.68,35.85,35.029999,35.28,22700000.0
2015-10-29,34.89,35.049999,34.82,34.89,13553100.0
2015-10-30,35.07,35.09,34.84,34.84,16265300.0
2015-11-02,35.13,35.52,35.11,35.5,14081100.0
2015-11-03,35.41,36.099998,35.4,35.94,10746600.0
2015-11-04,36.26,36.3,35.66,35.74,14083600.0
2015-11-05,35.71,35.95,35.6,35.79,11034000.0
2015-11-06,35.049999,35.42,34.89,35.39,15823800.0
2015-11-09,34.92,35.02,34.43,34.56,21176300.0
2015-11-10,34.42,34.53,34.27,34.47,19953100.0
2015-11-11,34.73,34.73,34.41,34.51,9942300.0
2015-11-12,34.38,34.56,34.11,34.15,11957500.0
2015-11-13,34.0099983,34.029999,33.59,33.7,21667000.0
2015-11-16,33.85,34.44,33.81,34.43,13815000.0
2015-11-17,34.46,34.53,34.27,34.39,32174300.0
2015-11-18,34.31,34.7,34.24,34.66,17408200.0
2015-11-19,34.8,35.0,34.76,34.92,16116300.0
2015-11-20,35.2,35.44,35.14,35.22,13749200.0
2015-11-23,35.080002,35.18,34.85,34.93,19688800.0
2015-11-24,34.7,35.080002,34.59,35.02,18208200.0
2015-11-25,34.81,34.81,34.6,34.75,14325600.0
2015-11-27,34.27,34.33,33.94,33.99,11853100.0
2015-11-30,33.92,34.09,33.84,34.040001,20716500.0
2015-12-01,34.19,34.3,34.099998,34.24,25152600.0
2015-12-02,34.14,34.2,33.76,33.9,20783200.0
2015-12-03,34.07,34.13,33.64,33.8,18260800.0
2015-12-04,33.57,34.02,33.5,33.93,21296900.0
2015-12-07,33.75,33.75,33.35,33.45,17519800.0
2015-12-08,32.77,33.07,32.67,33.049999,27372400.0
2015-12-09,33.31,33.31,32.71,32.81,22757400.0
2015-12-10,32.68,32.78,32.42,32.48,18375700.0
2015-12-11,31.82,31.86,31.51,31.56,35139000.0
2015-12-14,31.92,32.099998,31.63,32.080002,34610700.0
2015-12-15,32.45,32.7,32.45,32.55,25302800.0
2015-12-16,32.75,33.3,32.6,33.099998,27582500.0
2015-12-17,33.29,33.34,32.81,32.81,25812300.0
2015-12-18,32.79,32.9,32.63,32.64,25895500.0
2015-12-21,32.72,32.81,32.49,32.71,27997300.0
2015-12-22,32.69,32.97,32.68,32.96,23691400.0
2015-12-23,33.24,33.47,33.2,33.45,26337300.0
2015-12-24,33.31,33.44,33.28,33.35,8553500.0
2015-12-28,33.19,33.23,33.0099983,33.18,22117000.0
2015-12-29,33.25,33.31,33.13,33.16,15829400.0
2015-12-30,32.84,32.94,32.68,32.7,18923200.0
2015-12-31,32.71,32.9,32.66,32.71,18736900.0
2016-01-04,31.84,31.88,31.52,31.78,27116100.0
2016-01-05,31.9,31.97,31.77,31.85,17664200.0
2016-01-06,31.32,31.47,31.15,31.28,19744800.0
2016-01-07,30.48,30.87,30.25,30.27,29616400.0
2016-01-08,30.48,30.58,29.96,30.0,32237200.0
2016-01-11,30.16,30.22,29.61,29.87,22946800.0
2016-01-12,30.16,30.28,29.74,29.98,18211700.0
2016-01-13,30.23,30.35,29.55,29.64,25802600.0
2016-01-14,29.67,30.12,29.43,30.02,28402100.0
2016-01-15,28.85,29.01,28.44,28.76,30550400.0
2016-01-19,29.48,29.52,28.93,29.16,27171300.0
2016-01-20,28.51,28.79,27.98,28.55,37987300.0
2016-01-21,28.48,29.0,28.29,28.6,35402900.0
2016-01-22,29.44,29.59,29.28,29.57,27700100.0
2016-01-25,29.29,29.47,29.049999,29.08,23231500.0
2016-01-26,29.22,29.54,29.19,29.5,19936800.0
2016-01-27,29.44,29.79,29.18,29.31,27060500.0
2016-01-28,29.8,29.98,29.55,29.78,24075900.0
2016-01-29,30.39,30.87,30.34,30.83,26927300.0
2016-02-01,30.31,30.62,30.22,30.52,24750700.0
2016-02-02,30.01,30.07,29.53,29.61,29716500.0
2016-02-03,29.95,30.43,29.44,30.4,32564800.0
2016-02-04,30.62,30.98,30.4,30.61,29315800.0
2016-02-05,30.55,30.62,30.18,30.29,21578900.0
2016-02-08,29.91,30.030001,29.54,29.87,21019500.0
2016-02-09,29.33,29.8,29.21,29.49,24152800.0
2016-02-10,29.79,30.11,29.58,29.58,24953100.0
2016-02-11,29.049999,29.33,28.9,29.15,33509500.0
2016-02-12,29.4,29.66,29.23,29.63,14751400.0
2016-02-16,30.21,30.39,30.12,30.33,15600800.0
2016-02-17,30.59,31.040001,30.59,30.96,14718700.0
2016-02-18,31.059999,31.13,30.78,30.81,19042100.0
2016-02-19,30.65,30.84,30.51,30.68,12877300.0
2016-02-22,31.2,31.46,31.15,31.44,11432300.0
2016-02-23,31.12,31.14,30.76,30.76,15057200.0
2016-02-24,30.3,30.85,30.13,30.76,26766800.0
2016-02-25,30.62,30.86,30.46,30.81,13856000.0
2016-02-26,31.0,31.030001,30.48,30.54,23966300.0
2016-02-29,30.77,31.049999,30.71,30.73,15013400.0
2016-03-01,31.36,31.91,31.33,31.85,18666900.0
2016-03-02,31.93,32.37,31.88,32.34,20574900.0
2016-03-03,32.36,32.74,32.3,32.69,21570700.0
2016-03-04,33.049999,33.57,32.97,33.41,27889000.0
2016-03-07,33.15,33.52,33.029999,33.34,20468000.0
2016-03-08,33.0099983,33.02,32.67,32.76,14888800.0
2016-03-09,32.97,33.2,32.91,32.97,22002800.0
2016-03-10,33.099998,33.14,32.44,32.89,18410400.0
2016-03-11,33.37,33.66,33.36,33.61,13730600.0
2016-03-14,33.5,33.63,33.3,33.42,11353200.0
2016-03-15,32.83,32.84,32.65,32.8,11979500.0
2016-03-16,32.57,33.58,32.54,33.49,13208200.0
2016-03-17,33.91,34.28,33.74,34.17,15864200.0
2016-03-18,34.43,34.57,34.36,34.4,16644200.0
2016-03-21,34.44,34.62,34.38,34.54,10944400.0
2016-03-22,34.25,34.58,34.2,34.39,16639700.0
2016-03-23,34.17,34.17,33.8,33.86,11668200.0
2016-03-24,33.49,33.81,33.38,33.81,16494700.0
2016-03-28,33.86,33.92,33.74,33.9,11695400.0
2016-03-29,33.68,34.28,33.55,34.23,16646000.0
2016-03-30,34.75,34.93,34.62,34.62,12617700.0
2016-03-31,34.8,34.9,34.55,34.58,15589400.0
2016-04-01,34.0099983,34.71,33.88,34.68,19357800.0
2016-04-04,34.68,34.68,34.2,34.21,8805500.0
2016-04-05,33.79,33.87,33.53,33.57,16533000.0
2016-04-06,33.53,34.0,33.39,34.0,11604700.0
2016-04-07,33.54,33.59,33.2,33.29,11248400.0
2016-04-08,33.97,34.07,33.78,33.87,14067100.0
2016-04-11,34.37,34.59,34.3,34.32,14099300.0
2016-04-12,34.49,34.99,34.31,34.85,15883900.0
2016-04-13,35.37,35.51,35.28,35.5,20159200.0
2016-04-14,35.42,35.43,35.26,35.32,12682300.0
2016-04-15,35.22,35.31,35.080002,35.11,14448200.0
2016-04-18,34.95,35.43,34.89,35.23,14337200.0
2016-04-19,35.52,35.83,35.49,35.77,14039400.0
2016-04-20,35.43,35.74,35.3,35.54,11243500.0
2016-04-21,35.45,35.45,35.07,35.15,14503400.0
2016-04-22,35.11,35.31,34.95,35.02,13128300.0
2016-04-25,34.93,34.97,34.7,34.74,14106300.0
2016-04-26,35.029999,35.15,34.91,35.15,8723400.0
2016-04-27,35.049999,35.45,34.93,35.36,17920200.0
2016-04-28,35.049999,35.34,34.96,35.0,12803200.0
2016-04-29,35.0,35.099998,34.65,34.93,15634500.0
2016-05-02,34.92,34.92,34.66,34.84,14558400.0
2016-05-03,34.23,34.3,33.85,33.87,15472600.0
2016-05-04,33.74,33.75,33.35,33.39,18129500.0
2016-05-05,33.68,33.76,33.3,33.39,10408300.0
2016-05-06,33.24,33.57,33.24,33.47,17872600.0
2016-05-09,33.36,33.36,32.85,32.96,13903000.0
2016-05-10,33.29,33.62,33.25,33.62,15833000.0
2016-05-11,33.6,33.75,33.45,33.52,7523200.0
2016-05-12,33.72,33.77,33.32,33.46,13447900.0
2016-05-13,33.24,33.34,32.77,32.86,32199700.0
2016-05-16,33.15,33.37,33.14,33.24,11871300.0
2016-05-17,33.22,33.31,32.98,33.099998,11682000.0
2016-05-18,32.92,33.28,32.65,32.84,20860300.0
2016-05-19,32.47,32.55,32.25,32.44,14302500.0
2016-05-20,32.73,32.92,32.7,32.8,20352900.0
2016-05-23,32.71,32.93,32.69,32.73,16081800.0
2016-05-24,32.98,33.22,32.94,33.12,18077800.0
2016-05-25,33.42,33.64,33.38,33.5,10387000.0
2016-05-26,33.75,33.83,33.56,33.72,9200700.0
2016-05-27,33.83,33.9,33.6,33.71,13249900.0
2016-05-31,33.75,33.92,33.67,33.8,23613800.0
2016-06-01,33.69,33.85,33.55,33.77,16739100.0
2016-06-02,33.78,34.07,33.69,34.040001,12816100.0
2016-06-03,34.43,34.62,34.21,34.57,31196000.0
2016-06-06,34.67,34.92,34.66,34.86,14301300.0
2016-06-07,35.060001,35.25,35.029999,35.2,12981800.0
2016-06-08,35.41,35.52,35.35,35.49,13666600.0
2016-06-09,35.080002,35.13,34.95,35.09,12983200.0
2016-06-10,34.45,34.5,34.11,34.2,13902700.0
2016-06-13,33.86,34.060001,33.73,33.77,17217100.0
2016-06-14,33.48,33.61,33.17,33.45,21714100.0
2016-06-15,33.73,34.09,33.69,33.76,14844500.0
2016-06-16,33.28,33.72,33.0099983,33.68,18044900.0
2016-06-17,33.72,33.89,33.58,33.83,25507600.0
2016-06-20,34.39,34.56,34.29,34.32,26054100.0
2016-06-21,34.5,34.68,34.29,34.58,17067200.0
2016-06-22,34.76,34.89,34.57,34.63,30414000.0
2016-06-23,35.07,35.52,34.98,35.49,15544600.0
2016-06-24,33.57,34.26,33.36,33.48,33890700.0
2016-06-27,33.38,33.41,32.78,33.13,35826600.0
2016-06-28,33.89,34.080002,33.74,34.080002,17853600.0
2016-06-29,34.68,34.9,34.63,34.88,16422300.0
2016-06-30,35.0,35.29,34.83,35.23,24261600.0
2016-07-01,35.37,35.56,35.35,35.49,18071300.0
2016-07-05,34.95,35.049999,34.71,34.79,21404200.0
2016-07-06,34.37,34.8,34.25,34.79,19563600.0
2016-07-07,34.91,35.0099983,34.54,34.64,11178100.0
2016-07-08,35.02,35.43,35.02,35.41,9527200.0
2016-07-11,35.61,35.82,35.61,35.7,15134400.0
2016-07-12,36.19,36.35,36.09,36.25,18160500.0
2016-07-13,36.25,36.27,35.96,36.19,15234600.0
2016-07-14,36.5,36.76,36.46,36.69,14575100.0
2016-07-15,36.62,36.65,36.45,36.56,16445900.0
2016-07-18,36.48,36.9,36.43,36.88,10288200.0
2016-07-19,36.61,36.67,36.43,36.56,10503800.0
2016-07-20,36.63,36.82,36.54,36.75,7415600.0
2016-07-21,36.7,36.82,36.54,36.65,10652300.0
2016-07-22,36.76,36.92,36.66,36.89,13089900.0
2016-07-25,36.8,36.8,36.53,36.59,7189200.0
2016-07-26,36.73,36.86,36.65,36.81,12670200.0
2016-07-27,36.85,36.98,36.52,36.86,13836300.0
2016-07-28,36.84,36.86,36.64,36.84,8528500.0
2016-07-29,36.82,37.099998,36.7,37.040001,17030800.0
2016-08-01,37.080002,37.13,36.84,36.9,11055000.0
2016-08-02,36.92,36.93,36.42,36.7,12871300.0
2016-08-03,36.51,36.94,36.41,36.9,14441500.0
2016-08-04,37.0099983,37.24,36.91,37.080002,17134100.0
2016-08-05,37.32,37.51,37.24,37.49,12316500.0
2016-08-08,37.71,37.8,37.67,37.73,8541800.0
2016-08-09,37.87,38.09,37.85,37.98,12643400.0
2016-08-10,38.12,38.13,37.81,37.89,12931300.0
2016-08-11,38.0099983,38.36,37.99,38.33,15284900.0
2016-08-12,38.25,38.34,38.049999,38.18,10770300.0
2016-08-15,38.41,38.67,38.41,38.6,9350500.0
2016-08-16,38.53,38.53,38.3,38.4,26223200.0
2016-08-17,38.15,38.31,37.86,38.26,22088600.0
2016-08-18,38.43,38.58,38.37,38.57,8914100.0
2016-08-19,38.13,38.36,37.98,38.34,11658200.0
2016-08-22,37.99,38.0,37.75,37.86,12970200.0
2016-08-23,38.16,38.24,37.65,37.67,14133800.0
2016-08-24,37.64,37.84,37.53,37.78,19143000.0
2016-08-25,37.67,37.81,37.62,37.77,17293700.0
2016-08-26,37.85,38.25,37.19,37.47,24056100.0
2016-08-29,37.47,37.82,37.45,37.75,9128800.0
2016-08-30,37.77,37.92,37.59,37.69,12146200.0
2016-08-31,37.53,37.54,37.16,37.33,20049800.0
2016-09-01,37.34,37.53,37.21,37.53,18507300.0
2016-09-02,38.02,38.13,37.85,38.099998,18244600.0
2016-09-06,38.62,38.84,38.46,38.76,20559900.0
2016-09-07,38.8,38.84,38.6,38.71,15457800.0
2016-09-08,38.79,38.87,38.55,38.63,23677200.0
2016-09-09,38.080002,38.12,37.41,37.41,17067000.0
2016-09-12,37.0099983,37.83,36.89,37.72,18950400.0
2016-09-13,36.75,36.83,36.13,36.34,26155200.0
2016-09-14,36.5,36.81,36.43,36.47,19857100.0
2016-09-15,36.7,37.17,36.57,37.049999,15309100.0
2016-09-16,36.79,36.88,36.5,36.8,18397800.0
2016-09-19,37.26,37.4,37.060001,37.11,12623900.0
2016-09-20,37.36,37.38,37.12,37.12,18862700.0
2016-09-21,37.48,38.07,37.32,38.02,25792800.0
2016-09-22,38.29,38.41,38.080002,38.19,15670400.0
2016-09-23,37.91,38.0,37.68,37.69,11140500.0
2016-09-26,37.39,37.47,37.2,37.23,9973500.0
2016-09-27,37.43,37.64,37.24,37.62,11045800.0
2016-09-28,37.71,38.02,37.41,37.99,10150800.0
2016-09-29,37.81,37.89,37.25,37.36,12570900.0
2016-09-30,37.55,37.73,37.4,37.63,19286700.0
2016-10-03,37.7,37.93,37.56,37.88,23704700.0
2016-10-04,37.92,38.02,37.41,37.5,17833400.0
2016-10-05,37.89,38.12,37.79,38.07,11921900.0
2016-10-06,37.86,38.099998,37.77,38.07,13547500.0
2016-10-07,38.080002,38.15,37.63,37.94,17118600.0
2016-10-10,38.09,38.33,38.07,38.2,8509400.0
2016-10-11,37.68,37.72,37.32,37.49,19170700.0
2016-10-12,37.39,37.59,37.26,37.45,12309300.0
2016-10-13,37.0,37.35,36.75,37.22,12723300.0
2016-10-14,37.56,37.64,37.26,37.32,13522800.0
2016-10-17,37.26,37.38,37.19,37.25,13280100.0
2016-10-18,37.87,37.95,37.71,37.91,11709200.0
2016-10-19,38.049999,38.19,37.91,38.11,10188100.0
2016-10-20,38.0,38.17,37.9,38.060001,12620300.0
2016-10-21,37.87,38.099998,37.82,38.07,6764100.0
2016-10-24,38.31,38.38,38.14,38.26,8127200.0
2016-10-25,38.21,38.33,38.14,38.23,7842500.0
2016-10-26,37.92,38.11,37.81,37.95,8109200.0
2016-10-27,37.98,37.98,37.63,37.66,18351800.0
2016-10-28,37.69,37.81,37.3,37.45,14379500.0
2016-10-31,37.66,37.83,37.57,37.75,11070400.0
2016-11-01,37.89,37.89,37.15,37.47,20149500.0
2016-11-02,37.36,37.4,36.87,37.040001,29829800.0
2016-11-03,37.07,37.17,36.82,36.95,24351200.0
2016-11-04,36.7,36.79,36.48,36.56,11795700.0
2016-11-07,37.5,37.84,37.39,37.8,21821000.0
2016-11-08,37.64,38.19,37.55,37.98,37954500.0
2016-11-09,36.9,37.39,36.71,36.98,24618000.0
2016-11-10,36.71,36.73,35.74,35.91,35285600.0
2016-11-11,35.29,35.51,34.78,35.25,25373300.0
2016-11-14,35.07,35.29,34.81,35.080002,22905700.0
2016-11-15,35.37,35.78,35.29,35.74,21154200.0
2016-11-16,35.28,35.53,35.26,35.45,27749800.0
2016-11-17,35.53,35.78,35.42,35.46,20662200.0
2016-11-18,35.55,35.62,35.32,35.38,9265300.0
2016-11-21,35.65,35.79,35.61,35.73,12332900.0
2016-11-22,36.19,36.22,35.94,36.12,17857000.0
2016-11-23,35.65,35.82,35.59,35.77,13911000.0
2016-11-25,35.96,36.029999,35.92,35.96,3781700.0
2016-11-28,36.080002,36.25,36.060001,36.14,12095100.0
2016-11-29,36.09,36.24,35.98,36.16,8356600.0
2016-11-30,36.32,36.34,36.19,36.22,22257900.0
2016-12-01,36.12,36.15,35.76,35.81,18792600.0
2016-12-02,35.79,35.99,35.76,35.77,19213700.0
2016-12-05,35.88,36.060001,35.87,36.0099983,11260500.0
2016-12-06,36.14,36.23,36.049999,36.16,19646200.0
2016-12-07,36.4,36.77,36.35,36.7,15254700.0
2016-12-08,36.66,36.88,36.6,36.87,10455300.0
2016-12-09,36.64,36.75,36.56,36.7,9646100.0
2016-12-12,36.39,36.55,36.28,36.4,8385500.0
2016-12-13,36.65,36.85,36.6,36.77,8788500.0
2016-12-14,36.46,36.53,35.68,35.71,18577100.0
2016-12-15,35.71,35.97,35.67,35.87,24969800.0
2016-12-16,35.84,35.9,35.58,35.65,21234600.0
2016-12-19,35.65,35.68,35.4,35.41,13079200.0
2016-12-20,35.36,35.39,35.27,35.3,13983500.0
2016-12-21,35.4,35.44,35.19,35.19,12815300.0
2016-12-22,34.91,34.91,34.71,34.86,16299900.0
2016-12-23,34.88,35.029999,34.88,35.029999,9171400.0
2016-12-27,35.12,35.22,35.12,35.2,12169100.0
2016-12-28,35.39,35.47,35.33,35.42,13701900.0
2016-12-29,35.75,36.040001,35.75,35.97,11408400.0
2016-12-30,35.99,36.0,35.7,35.78,11523000.0
2017-01-03,36.18,36.39,36.029999,36.17,18705200.0
2017-01-04,36.39,36.58,36.36,36.5,19171200.0
2017-01-05,36.75,36.93,36.74,36.88,11923400.0
2017-01-06,36.76,36.79,36.59,36.73,13515300.0
2017-01-09,36.69,36.77,36.65,36.67,14763200.0
2017-01-10,36.87,37.040001,36.82,36.87,12678400.0
2017-01-11,36.88,37.21,36.72,37.19,13874600.0
2017-01-12,37.26,37.31,37.12,37.28,11681900.0
2017-01-13,37.19,37.29,37.15,37.24,11592600.0
2017-01-17,37.2,37.26,37.11,37.2,8271700.0
2017-01-18,37.24,37.27,37.0,37.060001,14802100.0
2017-01-19,36.99,37.049999,36.8,36.96,13001200.0
2017-01-20,37.0,37.060001,36.85,37.02,10665100.0
2017-01-23,37.3,37.58,37.28,37.53,11086500.0
2017-01-24,37.71,37.93,37.69,37.8,8260100.0
2017-01-25,37.99,38.15,37.93,38.13,13756300.0
2017-01-26,38.099998,38.12,37.95,37.97,10131500.0
2017-01-27,38.040001,38.09,37.91,38.0099983,9442900.0
2017-01-30,37.82,37.86,37.71,37.82,12465800.0
2017-01-31,37.82,37.93,37.71,37.84,15384000.0
2017-02-01,38.09,38.099998,37.84,37.92,11604600.0
2017-02-02,38.029999,38.099998,37.98,38.049999,10856100.0
2017-02-03,38.24,38.36,38.14,38.29,8619300.0
2017-02-06,38.32,38.32,38.16,38.2,10007500.0
2017-02-07,38.19,38.22,38.02,38.060001,10258000.0
2017-02-08,38.060001,38.4,38.060001,38.36,7498800.0
2017-02-09,38.36,38.62,38.36,38.56,10809300.0
2017-02-10,38.64,38.92,38.63,38.91,9271600.0
2017-02-13,38.96,39.13,38.96,39.060001,8548700.0
2017-02-14,39.040001,39.13,38.78,39.12,11946300.0
2017-02-15,39.13,39.43,39.099998,39.41,10624700.0
2017-02-16,39.46,39.49,39.27,39.3,9897200.0
2017-02-17,39.0,39.17,38.98,39.17,8944600.0
2017-02-21,39.38,39.52,39.33,39.49,6873400.0
2017-02-22,39.48,39.6,39.44,39.59,7027800.0
2017-02-23,39.75,39.78,39.57,39.61,15360200.0
2017-02-24,39.19,39.27,39.13,39.19,12380100.0
2017-02-27,39.07,39.17,38.98,39.029999,8300700.0
2017-02-28,38.99,39.0,38.69,38.69,12186300.0
2017-03-01,39.029999,39.33,39.0,39.31,14624700.0
2017-03-02,38.86,38.89,38.6,38.61,13655700.0
2017-03-03,38.81,38.99,38.73,38.94,10080800.0
2017-03-06,39.029999,39.049999,38.88,39.0,8232800.0
2017-03-07,39.11,39.14,38.98,39.049999,14789500.0
2017-03-08,38.91,38.94,38.61,38.66,15601800.0
2017-03-09,38.43,38.47,38.12,38.33,12131900.0
2017-03-10,38.57,38.65,38.46,38.65,14955600.0
2017-03-13,39.029999,39.18,38.97,39.14,9506700.0
2017-03-14,39.049999,39.049999,38.88,38.92,12217700.0
2017-03-15,39.07,39.92,38.98,39.83,22872700.0
2017-03-16,40.12,40.22,40.040001,40.099998,28561200.0
2017-03-17,40.12,40.16,39.97,40.060001,17399400.0
2017-03-20,40.21,40.52,40.17,40.45,13336300.0
2017-03-21,40.57,40.63,39.93,39.96,17365900.0
2017-03-22,39.89,40.17,39.8,40.080002,14085400.0
2017-03-23,39.97,40.23,39.94,40.099998,12783300.0
2017-03-24,40.099998,40.28,40.09,40.21,12543700.0
2017-03-27,39.92,40.15,39.8,40.09,12759600.0
2017-03-28,40.060001,40.28,40.060001,40.19,14135900.0
2017-03-29,40.080002,40.26,40.060001,40.25,8453000.0
2017-03-30,40.09,40.19,40.0,40.02,7378000.0
2017-03-31,39.79,39.88,39.72,39.72,12271800.0
2017-04-03,39.93,40.040001,39.76,40.029999,15366400.0
2017-04-04,39.95,40.15,39.92,40.12,9319600.0
2017-04-05,40.29,40.41,40.02,40.049999,12539600.0
2017-04-06,40.029999,40.07,39.86,39.98,9571400.0
2017-04-07,39.95,40.14,39.9,39.97,9168500.0
2017-04-10,39.76,39.85,39.68,39.78,9915800.0
2017-04-11,39.84,39.87,39.52,39.82,9421600.0
2017-04-12,39.92,39.96,39.68,39.96,15934700.0
2017-04-13,39.96,40.080002,39.74,39.75,7977100.0
2017-04-17,39.87,40.09,39.82,40.09,8196600.0
2017-04-18,39.66,39.79,39.53,39.62,9943200.0
2017-04-19,39.65,39.68,39.26,39.33,9400400.0
2017-04-20,39.71,39.76,39.57,39.74,10125000.0
2017-04-21,39.72,39.74,39.62,39.7,15182100.0
2017-04-24,40.19,40.23,40.099998,40.16,12490700.0
2017-04-25,40.38,40.53,40.34,40.45,14389000.0
2017-04-26,40.35,40.47,40.26,40.3,14912900.0
2017-04-27,40.32,40.35,40.07,40.17,9172700.0
2017-04-28,40.26,40.37,40.2,40.34,11072600.0
2017-05-01,40.48,40.6,40.39,40.5,11578900.0
2017-05-02,40.6,40.74,40.57,40.7,12444500.0
2017-05-03,40.56,40.56,40.36,40.41,11621700.0
2017-05-04,40.23,40.25,39.94,39.98,8595000.0
2017-05-05,39.94,40.23,39.9,40.21,12179700.0
2017-05-08,40.17,40.21,39.96,39.96,11275700.0
2017-05-09,40.25,40.49,40.25,40.41,11584900.0
2017-05-10,40.6,40.75,40.59,40.73,11575600.0
2017-05-11,40.68,40.76,40.5,40.71,15037400.0
2017-05-12,40.8,40.96,40.77,40.93,12963900.0
2017-05-15,41.14,41.32,41.09,41.31,11248300.0
2017-05-16,41.32,41.36,41.2,41.35,12030900.0
2017-05-17,41.0099983,41.060001,40.69,40.73,15453300.0
2017-05-18,39.86,40.3,39.62,39.98,28731200.0
2017-05-19,40.5,40.81,40.47,40.69,13669500.0
2017-05-22,40.67,40.76,40.58,40.68,11599700.0
2017-05-23,40.66,40.71,40.56,40.66,9220500.0
2017-05-24,40.71,40.88,40.65,40.8,9619400.0
2017-05-25,40.99,41.13,40.93,41.0099983,8191900.0
2017-05-26,41.029999,41.12,41.0,41.11,7416800.0
2017-05-30,40.95,41.060001,40.92,41.040001,6041400.0
2017-05-31,40.91,40.94,40.67,40.74,11719000.0
2017-06-01,40.84,41.040001,40.76,41.040001,14434600.0
2017-06-02,41.09,41.17,41.02,41.17,9060500.0
2017-06-05,41.17,41.26,41.099998,41.17,9021800.0
2017-06-06,41.099998,41.26,41.07,41.2,8196500.0
2017-06-07,41.14,41.27,40.96,41.17,9212800.0
2017-06-08,41.22,41.28,41.12,41.25,8695200.0
2017-06-09,41.23,41.27,40.8,40.97,11495200.0
2017-06-12,40.83,40.88,40.63,40.82,10177700.0
2017-06-13,40.96,41.02,40.87,41.0099983,11591300.0
2017-06-14,41.21,41.24,40.84,40.98,10990800.0
2017-06-15,40.5,40.63,40.38,40.62,8540000.0
2017-06-16,40.7,40.77,40.55,40.75,7584200.0
2017-06-19,40.9,41.07,40.87,41.02,8124800.0
2017-06-20,40.81,40.86,40.51,40.53,9637300.0
2017-06-21,40.53,40.63,40.38,40.43,8380200.0
2017-06-22,40.61,40.71,40.49,40.58,8842400.0
2017-06-23,40.64,40.79,40.58,40.73,6915700.0
2017-06-26,41.11,41.21,41.0,41.16,10063100.0
2017-06-27,40.96,41.02,40.73,40.73,14590500.0
2017-06-28,40.9,41.060001,40.77,40.97,12546900.0
2017-06-29,40.82,40.83,40.29,40.51,11106500.0
2017-06-30,40.81,40.96,40.75,40.83,11532700.0
2017-07-03,41.0099983,41.12,40.93,41.02,6820200.0
2017-07-05,40.81,40.97,40.62,40.95,19264400.0
2017-07-06,40.78,40.82,40.48,40.5,21303900.0
2017-07-07,40.64,40.68,40.43,40.61,12959100.0
2017-07-10,40.71,40.94,40.68,40.9,8247300.0
2017-07-11,41.099998,41.24,40.97,41.19,15378800.0
2017-07-12,41.73,41.99,41.71,41.97,11911200.0
2017-07-13,41.95,42.099998,41.9,42.09,8977700.0
2017-07-14,42.36,42.58,42.33,42.52,11393500.0
2017-07-17,42.33,42.34,42.22,42.3,9052500.0
2017-07-18,42.22,42.38,42.15,42.37,9279400.0
2017-07-19,42.77,42.81,42.67,42.78,5670000.0
2017-07-20,42.74,42.77,42.62,42.69,9700900.0
2017-07-21,42.66,42.71,42.52,42.6,7316900.0
2017-07-24,42.78,42.8,42.63,42.76,7845800.0
2017-07-25,42.82,42.88,42.69,42.69,8233800.0
2017-07-26,42.77,43.02,42.69,43.0,7826200.0
2017-07-27,43.12,43.13,42.58,42.78,9828500.0
2017-07-28,42.83,42.96,42.72,42.94,7734800.0
2017-07-31,43.07,43.07,42.89,43.0099983,13137600.0
2017-08-01,43.2,43.25,43.099998,43.19,12685800.0
2017-08-02,43.23,43.3,43.060001,43.29,9114600.0
2017-08-03,43.19,43.19,43.02,43.13,6689000.0
2017-08-04,43.21,43.3,43.049999,43.24,7597600.0
2017-08-07,43.41,43.58,43.41,43.58,6558800.0
2017-08-08,43.65,43.8,43.48,43.52,8501600.0
2017-08-09,43.16,43.28,43.060001,43.28,8288600.0
2017-08-10,42.84,42.92,42.27,42.28,15740200.0
2017-08-11,42.32,42.55,42.22,42.41,11205400.0
2017-08-14,42.8,42.93,42.7,42.78,7448700.0
2017-08-15,42.69,42.78,42.59,42.75,6730900.0
2017-08-16,43.14,43.28,43.09,43.27,6457500.0
2017-08-17,43.14,43.19,42.69,42.72,8869000.0
2017-08-18,42.9,43.21,42.75,43.029999,8787600.0
2017-08-21,43.12,43.25,43.029999,43.14,8192900.0
2017-08-22,43.41,43.61,43.4,43.52,6428100.0
2017-08-23,43.48,43.77,43.46,43.73,6166200.0
2017-08-24,43.87,43.94,43.73,43.83,8666500.0
2017-08-25,44.13,44.3,44.09,44.2,8066200.0
2017-08-28,44.24,44.25,44.11,44.19,6031200.0
2017-08-29,43.83,44.12,43.8,44.099998,6912100.0
2017-08-30,44.099998,44.17,44.029999,44.15,6004800.0
2017-08-31,44.26,44.41,44.21,44.3,20190800.0
2017-09-01,44.5,44.67,44.46,44.62,12011700.0
2017-09-05,44.46,44.56,44.09,44.28,10663500.0
2017-09-06,44.45,44.63,44.39,44.6,13072700.0
2017-09-07,44.75,44.82,44.69,44.82,7514500.0
2017-09-08,44.76,44.77,44.46,44.53,7524900.0
2017-09-11,44.85,45.09,44.83,45.049999,7503500.0
2017-09-12,44.98,45.080002,44.93,44.97,6662000.0
2017-09-13,44.8,44.81,44.6,44.67,6943000.0
2017-09-14,44.62,44.78,44.55,44.76,8206400.0
2017-09-15,44.89,45.099998,44.77,45.060001,9236800.0
2017-09-18,45.19,45.27,44.99,45.02,8914300.0
2017-09-19,45.0099983,45.07,44.89,45.060001,7863100.0
2017-09-20,44.6,44.64,44.0,44.41,10112100.0
2017-09-21,44.53,44.55,44.35,44.45,8827900.0
2017-09-22,44.17,44.24,44.11,44.18,9244700.0
2017-09-25,43.71,43.72,43.19,43.36,15752800.0
2017-09-26,43.48,43.53,43.26,43.35,10536900.0
2017-09-27,43.17,43.23,42.91,43.11,10746600.0
2017-09-28,42.97,43.18,42.93,43.13,11065100.0
2017-09-29,43.42,43.65,43.33,43.57,14298700.0
2017-10-02,43.53,43.71,43.53,43.61,12778600.0
2017-10-03,43.93,44.22,43.86,44.21,11289400.0
2017-10-04,44.23,44.33,44.18,44.26,6821600.0
2017-10-05,44.38,44.68,44.38,44.54,12686500.0
2017-10-06,44.21,44.37,44.07,44.37,15506500.0
2017-10-09,44.21,44.23,44.11,44.22,6590500.0
2017-10-10,44.57,44.68,44.52,44.65,10455500.0
2017-10-11,44.57,44.79,44.57,44.78,11717400.0
2017-10-12,44.79,44.87,44.73,44.78,7783100.0
2017-10-13,45.12,45.27,45.09,45.18,6768400.0
2017-10-16,45.27,45.33,45.14,45.14,6396800.0
2017-10-17,45.0,45.0,44.76,44.92,7672900.0
2017-10-18,45.029999,45.099998,44.87,44.96,6273900.0
2017-10-19,44.7,44.7,44.44,44.63,7952000.0
2017-10-20,44.81,44.84,44.67,44.81,9160700.0
2017-10-23,44.68,44.69,44.41,44.41,6816300.0
2017-10-24,44.53,44.67,44.47,44.53,9090400.0
2017-10-25,44.66,44.72,44.099998,44.43,11457400.0
2017-10-26,44.54,44.6,44.2,44.2,9558200.0
2017-10-27,44.37,44.77,44.25,44.74,10371300.0
2017-10-30,44.37,44.64,44.34,44.38,13080700.0
2017-10-31,44.56,44.64,44.46,44.63,9046800.0
2017-11-01,44.92,45.040001,44.71,44.74,11585500.0
2017-11-02,44.81,44.9,44.64,44.88,13033000.0
2017-11-03,44.81,44.81,44.34,44.62,11810400.0
2017-11-06,44.8,45.060001,44.77,45.049999,11000700.0
2017-11-07,45.040001,45.060001,44.7,44.77,9439500.0
2017-11-08,44.95,44.97,44.79,44.93,8138100.0
2017-11-09,44.72,44.86,44.47,44.76,11793000.0
2017-11-10,44.71,44.73,44.5,44.59,7360200.0
2017-11-13,44.4,44.55,44.32,44.5,9159700.0
2017-11-14,44.4,44.45,44.16,44.2,10146000.0
2017-11-15,43.97,44.0099983,43.76,43.84,13328300.0
2017-11-16,44.41,44.74,44.32,44.62,8438400.0
2017-11-17,44.76,45.040001,44.75,44.87,12684600.0
2017-11-20,44.8,45.12,44.8,45.060001,7485500.0
2017-11-21,45.59,45.81,45.56,45.62,10976100.0
2017-11-22,45.76,45.84,45.59,45.77,7984200.0
2017-11-24,45.53,45.66,45.5,45.6,6938700.0
2017-11-27,45.38,45.4,45.09,45.13,9797900.0
2017-11-28,45.39,45.54,45.23,45.4,12112400.0
2017-11-29,45.19,45.24,44.7,44.77,18533500.0
2017-11-30,44.66,44.7,44.37,44.48,23875400.0
2017-12-01,44.25,44.29,43.86,44.049999,20960900.0
2017-12-04,44.53,44.58,44.17,44.2,19045700.0
2017-12-05,44.24,44.42,44.09,44.13,11648600.0
2017-12-06,43.65,43.67,43.38,43.58,14737000.0
2017-12-07,43.4,43.76,43.3,43.64,10283400.0
2017-12-08,44.2,44.24,43.98,44.14,7498000.0
2017-12-11,44.48,44.5,44.33,44.43,9189700.0
2017-12-12,44.0,44.2,43.92,44.11,8005000.0
2017-12-13,44.38,44.75,44.32,44.59,9287200.0
2017-12-14,44.47,44.62,44.31,44.31,8231000.0
2017-12-15,44.42,44.52,44.22,44.43,12428100.0
2017-12-18,44.76,45.029999,44.75,44.89,10117200.0
2017-12-19,45.060001,45.060001,44.68,44.77,9252300.0
2017-12-20,44.97,45.029999,44.82,44.83,11610100.0
2017-12-21,44.96,45.2,44.93,45.060001,7505900.0
2017-12-22,45.19,45.44,45.11,45.43,11845800.0
2017-12-26,45.4,45.49,45.28,45.48,6154300.0
2017-12-27,45.46,45.53,45.36,45.47,9021600.0
2017-12-28,45.8,45.85,45.63,45.69,8106500.0
2017-12-29,46.099998,46.14,45.88,45.91,10462900.0
2018-01-02,46.53,46.74,46.45,46.7,17804600.0
2018-01-03,46.96,47.2,46.95,47.15,17896200.0
2018-01-04,47.38,47.57,47.37,47.44,13003300.0
2018-01-05,47.56,47.9,47.54,47.86,12102300.0
2018-01-08,47.78,47.96,47.77,47.87,10947500.0
2018-01-09,47.88,47.91,47.63,47.86,11180700.0
2018-01-10,47.62,47.76,47.47,47.65,11029500.0
2018-01-11,47.63,47.98,47.6,47.96,8602200.0
2018-01-12,48.060001,48.48,47.96,48.47,15391100.0
2018-01-16,48.53,48.67,48.15,48.23,12005900.0
2018-01-17,48.64,49.02,48.61,48.91,14469200.0
2018-01-18,48.91,49.060001,48.88,48.99,9635700.0
2018-01-19,49.29,49.46,49.15,49.45,12419600.0
2018-01-22,49.55,49.87,49.51,49.85,13386000.0
2018-01-23,49.86,50.060001,49.75,50.029999,9450400.0
2018-01-24,50.34,50.58,50.14,50.49,15625500.0
2018-01-25,50.43,50.75,50.18,50.31,15871800.0
2018-01-26,50.69,50.99,50.53,50.98,11067100.0
2018-01-29,50.28,50.35,50.11,50.18,16983900.0
2018-01-30,49.76,49.77,49.38,49.54,18372200.0
2018-01-31,50.18,50.24,49.61,49.84,23959200.0
2018-02-01,49.56,49.75,49.31,49.37,28080700.0
2018-02-02,48.9,48.99,48.21,48.26,24335900.0
2018-02-05,48.21,48.64,46.64,46.71,31099600.0
2018-02-06,46.49,48.35,46.26,47.87,55111300.0
2018-02-07,47.24,47.68,46.5,46.51,24815200.0
2018-02-08,46.85,46.91,44.94,44.96,31474900.0
2018-02-09,45.56,45.98,44.34,45.64,35526400.0
2018-02-12,46.19,46.6,45.81,46.27,21421800.0
2018-02-13,46.37,46.75,46.27,46.63,13535000.0
2018-02-14,46.46,47.69,46.44,47.59,15575200.0
2018-02-15,48.41,48.61,47.81,48.48,16484400.0
2018-02-16,48.060001,48.73,48.060001,48.3,15935200.0
2018-02-20,47.69,48.0,47.55,47.87,17430700.0
2018-02-21,48.3,48.79,47.78,47.81,11135300.0
2018-02-22,47.99,48.31,47.79,47.87,14643500.0
2018-02-23,48.45,48.68,48.19,48.65,9523400.0
2018-02-26,48.77,49.15,48.54,49.11,8733100.0
2018-02-27,48.53,48.54,47.79,47.79,11459300.0
2018-02-28,47.89,47.93,47.17,47.17,15494200.0
2018-03-01,47.57,47.9,46.79,47.16,17585700.0
2018-03-02,46.65,47.39,46.4,47.28,15955000.0
2018-03-05,46.84,47.55,46.83,47.42,10805600.0
2018-03-06,48.0099983,48.0099983,47.45,47.56,13594800.0
2018-03-07,47.28,47.61,47.080002,47.55,10584600.0
2018-03-08,47.67,47.7,47.37,47.58,7127100.0
2018-03-09,47.88,48.45,47.81,48.43,9149500.0
2018-03-12,48.52,48.69,48.34,48.6,7912100.0
2018-03-13,48.82,48.87,48.02,48.13,9567400.0
2018-03-14,48.48,48.56,47.95,48.19,8146600.0
2018-03-15,48.32,48.38,47.87,48.0,11780100.0
2018-03-16,47.85,48.0099983,47.8,47.85,13220200.0
2018-03-19,47.62,47.71,47.15,47.4,10828200.0
2018-03-20,47.77,47.94,47.65,47.81,10136500.0
2018-03-21,47.69,48.25,47.6,48.07,16454000.0
2018-03-22,47.060001,47.28,46.5,46.55,16549100.0
2018-03-23,46.72,46.76,45.83,45.87,20510700.0
2018-03-26,46.84,47.21,46.35,47.16,19587400.0
2018-03-27,47.19,47.29,46.29,46.46,15427400.0
2018-03-28,46.22,46.34,45.82,46.14,15551800.0
2018-03-29,46.39,47.17,46.36,46.98,12121900.0
2018-04-02,46.74,46.96,45.82,46.29,22033000.0
2018-04-03,46.66,46.78,46.31,46.74,15576500.0
2018-04-04,45.59,46.91,45.57,46.89,17380200.0
2018-04-05,47.049999,47.2,46.8,46.99,11815800.0
2018-04-06,46.51,46.87,45.89,46.16,17487900.0
2018-04-09,46.4,46.59,46.09,46.12,12813900.0
2018-04-10,46.75,47.049999,46.58,46.98,9043200.0
2018-04-11,46.73,47.14,46.72,47.040001,7750500.0
2018-04-12,46.98,47.17,46.89,47.029999,7302600.0
2018-04-13,46.92,46.98,46.41,46.54,6828300.0
2018-04-16,46.46,46.59,46.3,46.58,6754000.0
2018-04-17,46.34,46.74,46.3,46.62,8308800.0
2018-04-18,46.71,47.060001,46.66,46.95,8475400.0
2018-04-19,47.02,47.049999,46.53,46.69,7601500.0
2018-04-20,46.43,46.47,45.95,46.14,7393200.0
2018-04-23,46.040001,46.15,45.7,45.83,6367000.0
2018-04-24,46.19,46.29,45.44,45.62,13532500.0
2018-04-25,45.3,45.36,45.02,45.28,9333700.0
2018-04-26,45.37,45.76,45.31,45.75,11162300.0
2018-04-27,45.86,46.0099983,45.66,45.99,10434400.0
2018-04-30,46.14,46.18,45.66,45.68,10113300.0
2018-05-01,45.39,45.47,44.86,45.42,16821500.0
2018-05-02,45.57,45.64,45.09,45.12,12032200.0
2018-05-03,45.11,45.17,44.49,44.98,14692200.0
2018-05-04,44.64,45.39,44.58,45.2,16855200.0
2018-05-07,44.96,45.32,44.89,45.080002,23101400.0
2018-05-08,45.24,45.35,44.93,45.31,8755400.0
2018-05-09,45.45,45.49,45.16,45.37,5893400.0
2018-05-10,45.84,46.42,45.75,46.27,12379800.0
2018-05-11,46.37,46.45,46.0,46.11,11430900.0
2018-05-14,46.45,46.58,46.2,46.25,7092700.0
2018-05-15,45.46,45.58,45.19,45.37,12520900.0
2018-05-16,45.8,46.080002,45.77,46.0099983,7113500.0
2018-05-17,45.54,45.67,45.21,45.37,10318000.0
2018-05-18,44.94,45.09,44.85,44.95,10000300.0
2018-05-21,45.29,45.4,45.060001,45.24,8062300.0
2018-05-22,45.47,45.61,45.36,45.42,6125800.0
2018-05-23,44.82,45.26,44.73,45.22,10280500.0
2018-05-24,44.99,45.07,44.61,45.060001,6830500.0
2018-05-25,45.029999,45.23,44.93,45.17,6083900.0
2018-05-29,44.55,44.67,43.96,44.17,16673400.0
2018-05-30,44.23,44.63,44.060001,44.56,13925200.0
2018-05-31,44.57,44.81,44.38,44.61,14220700.0
2018-06-01,44.83,45.15,44.79,45.11,15672900.0
2018-06-04,45.46,45.64,45.42,45.58,9361300.0
2018-06-05,45.38,45.46,45.15,45.18,15166900.0
2018-06-06,45.57,45.83,45.49,45.83,9056900.0
2018-06-07,45.64,45.68,44.82,45.13,17280700.0
2018-06-08,44.91,45.26,44.74,45.099998,11903300.0
2018-06-11,45.11,45.23,45.0,45.040001,6571600.0
2018-06-12,45.080002,45.13,44.84,45.0099983,9972600.0
2018-06-13,45.029999,45.11,44.46,44.68,9965000.0
2018-06-14,44.78,44.86,44.41,44.44,11315800.0
2018-06-15,44.13,44.23,43.88,44.2,18342900.0
2018-06-18,43.6,43.71,43.35,43.69,12885800.0
2018-06-19,42.92,43.27,42.73,43.19,16855000.0
2018-06-20,43.47,43.57,43.26,43.33,16733300.0
2018-06-21,43.099998,43.099998,42.65,42.72,21299600.0
2018-06-22,42.98,42.98,42.65,42.79,19564700.0
2018-06-25,42.35,42.38,41.79,42.23,18765800.0
2018-06-26,42.23,42.29,41.94,42.060001,12667500.0
2018-06-27,41.93,41.97,41.040001,41.13,24698400.0
2018-06-28,41.14,41.53,41.029999,41.52,15198000.0
2018-06-29,42.09,42.27,42.0099983,42.2,21602100.0
2018-07-02,41.57,41.8,41.42,41.74,39165600.0
2018-07-03,42.0,42.060001,41.76,41.78,9351600.0
2018-07-05,41.92,41.98,41.52,41.74,19557700.0
2018-07-06,41.82,42.41,41.78,42.25,10606600.0
2018-07-09,42.84,43.049999,42.64,43.02,16749200.0
2018-07-10,42.93,43.0,42.64,42.98,8374800.0
2018-07-11,42.35,42.5,42.0,42.18,11505700.0
2018-07-12,42.71,42.91,42.58,42.77,11355500.0
2018-07-13,42.74,42.9,42.6,42.8,8977500.0
2018-07-16,42.58,42.65,42.4,42.56,5417400.0
2018-07-17,42.44,42.96,42.36,42.89,8495600.0
2018-07-18,42.63,42.89,42.53,42.85,6998900.0
2018-07-19,42.22,42.53,42.09,42.36,12734200.0
2018-07-20,42.76,43.0,42.7,42.91,10122000.0
2018-07-23,42.8,42.87,42.63,42.78,8881900.0
2018-07-24,43.48,43.67,43.3,43.42,7780600.0
2018-07-25,43.73,44.14,43.61,44.11,10505600.0
2018-07-26,43.73,43.86,43.58,43.68,8623700.0
2018-07-27,43.89,44.0099983,43.51,43.74,11648400.0
2018-07-30,43.83,43.9,43.59,43.68,15212500.0
2018-07-31,43.66,43.96,43.57,43.88,12934100.0
2018-08-01,43.52,43.74,43.42,43.55,9810800.0
2018-08-02,42.74,43.12,42.64,43.049999,15504100.0
2018-08-03,43.15,43.39,43.099998,43.32,8813400.0
2018-08-06,43.029999,43.13,42.88,42.99,12280600.0
2018-08-07,43.45,43.61,43.36,43.38,9338200.0
2018-08-08,43.28,43.38,43.16,43.28,9664000.0
2018-08-09,43.42,43.49,43.2,43.22,7938800.0
2018-08-10,42.36,42.49,42.21,42.36,18475700.0
2018-08-13,41.91,42.07,41.54,41.68,18977500.0
2018-08-14,41.82,42.0099983,41.72,41.93,10719000.0
2018-08-15,40.68,40.85,40.33,40.7,22726100.0
2018-08-16,41.09,41.3,40.94,40.99,17396200.0
2018-08-17,40.76,41.4,40.65,41.34,14498500.0
2018-08-20,41.4,41.55,41.31,41.52,9194100.0
2018-08-21,41.85,42.12,41.85,41.97,13516600.0
2018-08-22,41.97,42.28,41.96,42.22,8513300.0
2018-08-23,42.099998,42.22,41.53,41.56,14860200.0
2018-08-24,42.09,42.25,41.98,42.18,10948400.0
2018-08-27,42.65,43.040001,42.59,42.87,13398800.0
2018-08-28,42.94,43.029999,42.58,42.66,10697500.0
2018-08-29,42.56,42.92,42.51,42.9,11600200.0
2018-08-30,42.21,42.24,41.6,41.76,21254300.0
2018-08-31,41.73,42.12,41.65,42.040001,17517100.0
2018-09-04,41.24,41.33,40.98,41.099998,19209200.0
2018-09-05,40.69,40.77,40.47,40.66,19402200.0
2018-09-06,40.68,40.78,40.37,40.64,14535500.0
2018-09-07,40.51,40.83,40.3,40.46,14695300.0
2018-09-10,40.35,40.35,39.91,39.98,16287800.0
2018-09-11,39.58,40.040001,39.47,40.029999,16237600.0
2018-09-12,39.89,40.52,39.77,40.28,19573900.0
2018-09-13,40.9,41.13,40.68,40.79,16522600.0
2018-09-14,40.94,41.040001,40.53,40.74,13379800.0
2018-09-17,40.42,40.63,40.34,40.42,10816400.0
2018-09-18,40.55,40.84,40.55,40.74,10998000.0
2018-09-19,41.060001,41.38,41.060001,41.29,12179500.0
2018-09-20,41.6,41.7,41.36,41.63,11635100.0
2018-09-21,41.75,41.93,41.66,41.8,11775400.0
2018-09-24,41.35,41.39,41.2,41.28,12027800.0
2018-09-25,41.37,41.58,41.33,41.54,9965000.0
2018-09-26,41.060001,41.59,41.060001,41.14,11270900.0
2018-09-27,41.18,41.39,41.15,41.26,8952000.0
2018-09-28,40.99,41.23,40.86,41.0,13852400.0
2018-10-01,41.23,41.24,40.99,41.099998,14389800.0
2018-10-02,40.64,40.83,40.49,40.66,16632100.0
2018-10-03,40.94,40.94,40.21,40.32,16370600.0
2018-10-04,40.0,40.0,39.21,39.4,21225800.0
2018-10-05,39.38,39.4,38.85,39.22,20543000.0
2018-10-08,38.98,39.36,38.89,39.29,16332100.0
2018-10-09,38.98,39.33,38.84,39.19,18285000.0
2018-10-10,39.040001,39.049999,38.049999,38.099998,26144900.0
2018-10-11,37.91,38.28,37.36,37.76,47600100.0
2018-10-12,38.71,38.8,38.25,38.72,28567400.0
2018-10-15,38.42,38.61,38.28,38.34,16002300.0
2018-10-16,38.74,39.29,38.74,39.22,16985900.0
2018-10-17,38.91,38.96,38.54,38.75,14034300.0
2018-10-18,38.35,38.38,37.61,37.74,16859000.0
2018-10-19,38.32,38.49,37.96,38.09,15167700.0
2018-10-22,38.65,38.81,38.36,38.49,14177800.0
2018-10-23,37.63,38.33,37.45,38.11,17778900.0
2018-10-24,37.91,38.0099983,36.99,37.0,24787200.0
2018-10-25,37.41,37.95,37.32,37.7,18853500.0
2018-10-26,37.040001,37.65,36.88,37.41,28023400.0
2018-10-29,37.68,37.77,36.35,36.68,27499700.0
2018-10-30,36.94,37.43,36.86,37.43,23070700.0
2018-10-31,37.9,38.02,37.66,37.86,23487500.0
2018-11-01,38.46,39.25,38.26,39.22,21896400.0
2018-11-02,39.76,39.88,38.94,39.36,26037100.0
2018-11-05,39.36,39.57,39.3,39.54,13925400.0
2018-11-06,39.27,39.47,39.2,39.39,12328700.0
2018-11-07,39.91,40.14,39.68,40.09,13378200.0
2018-11-08,39.58,39.73,38.99,39.12,14379200.0
2018-11-09,38.59,38.6,38.15,38.45,16329300.0
2018-11-12,38.29,38.38,37.84,37.94,19434100.0
2018-11-13,38.32,38.76,38.16,38.39,16903400.0
2018-11-14,38.78,38.91,38.34,38.69,21155800.0
2018-11-15,38.82,39.67,38.78,39.45,25360800.0
2018-11-16,39.16,39.73,39.060001,39.59,18183200.0
2018-11-19,39.33,39.38,38.96,39.099998,22622200.0
2018-11-20,38.47,38.64,38.12,38.28,19310100.0
2018-11-21,39.0,39.27,38.92,39.0,16361300.0
2018-11-23,38.54,38.79,38.52,38.59,11634300.0
2018-11-26,38.94,39.07,38.74,38.86,21898200.0
2018-11-27,38.74,39.14,38.67,39.14,16505200.0
2018-11-28,39.38,40.029999,39.09,40.0099983,26402800.0
2018-11-29,39.75,39.98,39.55,39.74,22376500.0
2018-11-30,39.62,39.74,39.48,39.69,18214800.0
2018-12-03,40.69,40.75,40.3,40.48,22344600.0
2018-12-04,40.55,40.62,39.62,39.73,23569400.0
2018-12-06,38.66,39.41,38.47,39.41,31668000.0
2018-12-07,39.3,39.54,38.57,38.62,22938500.0
2018-12-10,38.31,38.38,37.71,38.17,33157000.0
2018-12-11,38.78,38.83,38.28,38.56,30196700.0
2018-12-12,39.24,39.49,39.13,39.14,26534300.0
2018-12-13,39.28,39.41,39.099998,39.2,23109700.0
2018-12-14,38.71,39.029999,38.65,38.71,23516600.0
2018-12-17,38.7,38.85,38.16,38.29,26749700.0
2018-12-18,38.54,38.74,38.41,38.53,30125000.0
2018-12-19,38.66,38.99,37.59,37.89,55565500.0
2018-12-20,38.26,38.51,37.87,38.18,38334200.0
2018-12-21,38.22,38.47,37.71,37.87,36971100.0
2018-12-24,37.52,37.8,37.3,37.32,20581900.0
2018-12-26,37.48,38.02,37.18,37.98,39456100.0
2018-12-27,37.48,37.95,37.32,37.9,36809700.0
2018-12-28,38.23,38.46,38.0,38.17,29480000.0
2018-12-31,38.43,38.5,37.99,38.099998,25687900.0
2019-01-02,37.77,38.29,37.69,38.27,17856900.0
2019-01-03,37.9,37.93,37.52,37.67,15615100.0
2019-01-04,38.18,39.0099983,38.14,38.86,21471400.0
2019-01-07,38.85,39.049999,38.66,38.94,17582800.0
2019-01-08,38.99,39.23,38.78,39.16,17090900.0
2019-01-09,39.4,39.92,39.39,39.73,21629700.0
2019-01-10,39.53,40.049999,39.52,40.029999,18736700.0
2019-01-11,39.64,39.83,39.58,39.78,22542300.0
2019-01-14,39.34,39.68,39.26,39.5,15067200.0
2019-01-15,39.69,39.91,39.6,39.76,17548300.0
2019-01-16,39.96,40.29,39.93,40.15,14705500.0
2019-01-17,39.82,40.5,39.79,40.34,19549000.0
2019-01-18,40.47,40.67,40.38,40.55,19264800.0
2019-01-22,40.07,40.16,39.68,39.87,19421400.0
2019-01-23,40.22,40.26,39.92,40.26,14975900.0
2019-01-24,40.26,40.63,40.26,40.6,16300100.0
2019-01-25,40.91,41.11,40.85,41.0,18232000.0
2019-01-28,40.44,40.6,40.31,40.57,18843600.0
2019-01-29,40.77,40.78,40.53,40.62,10577500.0
2019-01-30,40.78,41.42,40.59,41.34,21068900.0
2019-01-31,41.48,41.82,41.46,41.78,29177100.0
2019-02-01,41.56,41.57,41.38,41.47,20402700.0
2019-02-04,41.35,41.65,41.3,41.56,18100400.0
2019-02-05,41.71,42.07,41.67,42.029999,18520300.0
2019-02-06,41.87,41.89,41.45,41.53,19303700.0
2019-02-07,41.27,41.45,40.81,41.14,20658500.0
2019-02-08,40.9,41.040001,40.66,40.98,12385500.0
2019-02-11,41.040001,41.060001,40.74,40.74,14924600.0
2019-02-12,41.14,41.26,41.040001,41.14,11353000.0
2019-02-13,41.18,41.25,40.77,40.85,18557900.0
2019-02-14,40.6,41.060001,40.51,40.93,14819300.0
2019-02-15,40.9,40.98,40.73,40.86,24894400.0
2019-02-19,40.74,41.34,40.74,41.28,16260300.0
2019-02-20,41.47,41.73,41.37,41.46,14907000.0
2019-02-21,41.48,41.51,41.21,41.37,9401100.0
2019-02-22,41.76,41.98,41.66,41.84,9400000.0
2019-02-25,42.43,42.59,42.31,42.4,11812100.0
2019-02-26,42.14,42.42,42.099998,42.27,11900800.0
2019-02-27,42.0099983,42.07,41.79,41.94,12705800.0
2019-02-28,41.77,41.79,41.53,41.62,21919600.0
2019-03-01,41.88,41.94,41.59,41.67,18902800.0
2019-03-04,41.99,42.0,41.44,41.82,20129800.0
2019-03-05,42.11,42.39,42.0099983,42.31,27879800.0
2019-03-06,42.34,42.41,42.049999,42.099998,12473400.0
2019-03-07,41.9,41.92,41.33,41.42,17155400.0
2019-03-08,40.99,41.16,40.91,41.12,16063000.0
2019-03-11,41.6,42.0,41.56,41.96,10339700.0
2019-03-12,42.15,42.24,42.049999,42.13,9999100.0
2019-03-13,42.22,42.31,42.099998,42.22,14035200.0
2019-03-14,42.060001,42.09,41.86,42.0,9892900.0
2019-03-15,42.36,42.62,42.36,42.57,13439600.0
2019-03-18,42.89,43.07,42.84,43.049999,12380900.0
2019-03-19,43.09,43.2,42.95,43.060001,12983700.0
2019-03-20,42.91,43.44,42.61,43.049999,19124300.0
2019-03-21,42.81,43.15,42.76,43.15,22384800.0
2019-03-22,42.48,42.56,41.83,41.85,22669000.0
2019-03-25,41.82,42.060001,41.73,41.96,15398600.0
2019-03-26,42.13,42.2,41.88,42.099998,10330200.0
2019-03-27,41.89,41.98,41.53,41.64,13250700.0
2019-03-28,41.82,42.0099983,41.68,42.0,8694300.0
2019-03-29,42.48,42.54,42.27,42.5,15447000.0
2019-04-01,43.060001,43.18,42.91,43.14,14802400.0
2019-04-02,43.2,43.2,42.86,43.0099983,15054200.0
2019-04-03,43.32,43.56,43.15,43.22,12024000.0
2019-04-04,43.21,43.57,43.19,43.5,7841200.0
2019-04-05,43.67,43.88,43.6,43.85,11259800.0
2019-04-08,43.67,43.91,43.59,43.82,7890700.0
2019-04-09,43.86,43.89,43.72,43.76,9449900.0
2019-04-10,43.94,44.040001,43.84,43.97,9027500.0
2019-04-11,43.62,43.65,43.35,43.46,11339300.0
2019-04-12,43.85,43.88,43.63,43.73,8444700.0
2019-04-15,43.65,43.67,43.3,43.5,9751200.0
2019-04-16,43.7,43.87,43.66,43.85,10231500.0
2019-04-17,44.15,44.19,43.85,43.96,9475700.0
2019-04-18,43.89,44.12,43.76,44.0099983,12727500.0
2019-04-22,43.64,43.79,43.54,43.75,7510300.0
2019-04-23,43.65,43.88,43.6,43.85,8520900.0
2019-04-24,43.66,43.66,43.24,43.34,9331500.0
2019-04-25,43.080002,43.32,42.95,43.26,13595300.0
2019-04-26,43.39,43.52,43.24,43.46,8892300.0
2019-04-29,43.48,43.48,43.34,43.38,8655000.0
2019-04-30,43.35,43.51,43.14,43.41,10598500.0
2019-05-01,43.5,43.82,43.11,43.17,23283100.0
2019-05-02,43.23,43.36,43.0,43.23,17667800.0
2019-05-03,43.63,43.83,43.54,43.79,13250800.0
2019-05-06,42.41,42.9,42.36,42.86,21419100.0
2019-05-07,42.36,42.37,41.76,42.049999,16799200.0
2019-05-08,42.099998,42.29,41.92,41.94,19133200.0
2019-05-09,41.2,41.59,40.84,41.35,25300200.0
2019-05-10,41.55,41.8,41.07,41.69,17748100.0
2019-05-13,40.43,40.56,40.099998,40.28,21780900.0
2019-05-14,40.81,40.99,40.67,40.84,15379800.0
2019-05-15,40.62,41.02,40.56,40.95,13267800.0
2019-05-16,40.98,41.22,40.83,40.85,12010900.0
2019-05-17,40.21,40.46,40.060001,40.07,14372900.0
2019-05-20,40.029999,40.13,39.81,39.93,12574800.0
2019-05-21,40.22,40.47,40.12,40.47,10937500.0
2019-05-22,40.42,40.45,40.23,40.3,9154500.0
2019-05-23,39.71,39.9,39.57,39.79,14334300.0
2019-05-24,40.07,40.12,39.77,39.85,8292500.0
2019-05-28,40.24,40.32,39.91,39.97,13114600.0
2019-05-29,39.95,40.32,39.88,40.31,16330800.0
2019-05-30,40.38,40.6,40.33,40.49,11041600.0
2019-05-31,40.3,40.69,40.25,40.64,14599100.0
2019-06-03,40.85,41.07,40.75,40.88,22369900.0
2019-06-04,40.67,40.93,40.59,40.89,19595700.0
2019-06-05,40.95,40.97,40.48,40.59,14323700.0
2019-06-06,40.54,40.67,40.4,40.58,12285000.0
2019-06-07,40.81,41.22,40.79,40.87,10334800.0
2019-06-10,41.21,41.43,41.12,41.25,12823700.0
2019-06-11,41.76,41.83,41.59,41.68,10155000.0
2019-06-12,41.41,41.45,41.19,41.23,9932300.0
2019-06-13,41.34,41.42,41.14,41.27,8963500.0
2019-06-14,40.98,41.0,40.76,40.76,12373600.0
2019-06-17,40.57,40.74,40.53,40.65,10116700.0
2019-06-18,41.080002,41.66,41.07,41.57,10405800.0
2019-06-19,41.62,42.049999,41.49,41.86,18670200.0
2019-06-20,42.75,42.82,42.34,42.51,15149900.0
2019-06-21,42.33,42.48,42.27,42.34,9494500.0
2019-06-24,42.34,42.45,42.29,42.37,8305600.0
2019-06-25,42.17,42.18,41.85,41.91,16757300.0
2019-06-26,42.22,42.45,42.19,42.32,9161700.0
2019-06-27,42.45,42.6,42.39,42.56,10934500.0
2019-06-28,42.61,42.62,42.41,42.53,17584300.0
2019-07-01,43.35,43.43,42.98,43.14,17863000.0
2019-07-02,43.15,43.21,42.97,43.080002,33509300.0
2019-07-03,42.97,43.13,42.91,43.13,6009200.0
2019-07-05,42.78,42.9,42.59,42.83,7884500.0
2019-07-08,42.66,42.71,42.54,42.66,8298700.0
2019-07-09,42.33,42.57,42.32,42.55,11298600.0
2019-07-10,42.91,43.07,42.81,42.83,11914000.0
2019-07-11,42.93,42.96,42.61,42.74,11012600.0
2019-07-12,42.75,42.79,42.59,42.74,5732200.0
2019-07-15,42.92,43.0,42.88,42.94,4783100.0
2019-07-16,42.95,43.080002,42.83,42.86,6803400.0
2019-07-17,42.91,42.94,42.73,42.76,10681900.0
2019-07-18,42.71,43.029999,42.69,43.029999,11575100.0
2019-07-19,43.049999,43.060001,42.69,42.75,8186900.0
2019-07-22,42.78,42.85,42.67,42.7,8014200.0
2019-07-23,42.75,42.76,42.56,42.7,6357300.0
2019-07-24,42.72,42.86,42.72,42.83,7515200.0
2019-07-25,42.81,42.82,42.47,42.58,8636000.0
2019-07-26,42.73,42.76,42.51,42.62,5603300.0
2019-07-29,42.55,42.64,42.4,42.61,4350000.0
2019-07-30,42.25,42.27,42.09,42.19,6821400.0
2019-07-31,42.26,42.29,41.32,41.76,18317400.0
2019-08-01,41.8,42.099998,40.86,41.0,23622500.0
2019-08-02,40.89,40.94,40.49,40.61,17077200.0
2019-08-05,39.6,39.63,39.0099983,39.18,18574000.0
2019-08-06,39.91,39.97,39.54,39.8,19442300.0
2019-08-07,39.43,40.0,39.28,39.97,14145300.0
2019-08-08,40.27,40.52,40.16,40.49,12756300.0
2019-08-09,40.22,40.28,39.88,40.09,10582100.0
2019-08-12,39.56,39.78,39.51,39.64,8128700.0
2019-08-13,39.37,40.35,39.28,40.11,11871700.0
2019-08-14,39.32,39.43,38.98,39.0,15201900.0
2019-08-15,39.3,39.39,39.02,39.22,18404400.0
2019-08-16,39.58,39.81,39.55,39.74,10991100.0
2019-08-19,40.22,40.26,39.85,39.87,9873400.0
2019-08-20,39.98,40.11,39.88,39.94,7996200.0
2019-08-21,40.29,40.29,40.080002,40.25,7337600.0
2019-08-22,40.0,40.07,39.71,39.84,18196300.0
2019-08-23,39.76,40.13,39.22,39.27,14002600.0
2019-08-26,39.58,39.6,39.4,39.52,9735100.0
2019-08-27,39.76,39.88,39.5,39.54,13179200.0
2019-08-28,39.45,39.73,39.37,39.69,10898000.0
2019-08-29,39.95,40.17,39.82,40.15,8794100.0
2019-08-30,40.44,40.45,40.16,40.4,10270600.0
2019-09-03,40.0,40.19,39.95,40.19,14146900.0
2019-09-04,40.65,40.86,40.61,40.85,10591600.0
2019-09-05,41.22,41.3,41.12,41.16,22002800.0
2019-09-06,41.37,41.44,41.24,41.29,9765900.0
2019-09-09,41.4,41.52,41.27,41.4,5861500.0
2019-09-10,41.34,41.48,41.18,41.4,10037700.0
2019-09-11,41.56,41.74,41.49,41.71,8676800.0
2019-09-12,41.95,42.19,41.79,41.97,10526400.0
2019-09-13,42.19,42.28,42.12,42.19,9503700.0
2019-09-16,41.89,42.07,41.78,41.85,7936800.0
2019-09-17,41.5,41.91,41.46,41.9,10816800.0
2019-09-18,41.77,41.83,41.36,41.69,11450700.0
2019-09-19,41.63,41.75,41.41,41.43,10263900.0
2019-09-20,41.81,41.84,41.39,41.5,18953100.0
2019-09-23,41.46,41.65,41.41,41.65,13422300.0
2019-09-24,41.040001,41.080002,40.62,40.63,15055800.0
2019-09-25,40.41,40.73,40.29,40.67,13863900.0
2019-09-26,40.71,40.76,40.51,40.65,20552000.0
2019-09-27,40.67,40.73,39.98,40.14,23051800.0
2019-09-30,40.36,40.51,40.26,40.26,14543400.0
2019-10-01,40.26,40.3,39.96,39.98,26339900.0
2019-10-02,39.82,39.87,39.61,39.79,16861600.0
2019-10-03,39.93,40.27,39.83,40.27,20121600.0
2019-10-04,40.16,40.52,40.13,40.46,13811200.0
2019-10-07,40.24,40.42,40.11,40.15,15542800.0
2019-10-08,40.02,40.060001,39.78,39.81,15143200.0
2019-10-09,40.14,40.26,40.07,40.11,9411600.0
2019-10-10,40.28,40.7,40.27,40.54,13111600.0
2019-10-11,41.099998,41.39,41.029999,41.080002,16599400.0
2019-10-14,41.099998,41.15,40.97,40.99,6153400.0
2019-10-15,41.099998,41.38,41.080002,41.27,11229100.0
2019-10-16,41.27,41.43,41.17,41.38,9017100.0
2019-10-17,41.74,41.75,41.48,41.51,20217600.0
2019-10-18,41.51,41.63,41.3,41.4,9191200.0
2019-10-21,41.52,41.7,41.44,41.7,8315700.0
2019-10-22,41.66,41.8,41.63,41.67,9087600.0
2019-10-23,41.55,41.74,41.5,41.69,9716800.0
2019-10-24,41.86,41.88,41.69,41.74,11299600.0
2019-10-25,41.72,41.99,41.69,41.93,9776500.0
2019-10-28,42.18,42.35,42.16,42.26,9763100.0
2019-10-29,42.0,42.12,41.96,42.02,8959700.0
2019-10-30,41.9,42.18,41.74,42.18,13014400.0
2019-10-31,42.060001,42.060001,41.67,41.85,10505500.0
2019-11-01,42.31,42.5,42.27,42.5,22384400.0
2019-11-04,42.98,43.0,42.77,42.81,10487900.0
2019-11-05,43.0099983,43.07,42.84,43.02,10576500.0
2019-11-06,42.98,43.049999,42.79,42.95,14736800.0
2019-11-07,43.19,43.39,43.17,43.24,13938400.0
2019-11-08,42.92,42.98,42.75,42.85,9167900.0
2019-11-11,42.35,42.63,42.32,42.61,6983100.0
2019-11-12,42.39,42.45,42.21,42.29,8638100.0
2019-11-13,41.89,42.09,41.87,42.02,9925900.0
2019-11-14,41.96,42.09,41.82,42.0,9311500.0
2019-11-15,42.22,42.35,42.17,42.28,6708700.0
2019-11-18,42.32,42.41,42.21,42.27,8754000.0
2019-11-19,42.61,42.62,42.36,42.42,9778500.0
2019-11-20,42.33,42.46,42.13,42.26,12367400.0
2019-11-21,42.17,42.31,42.09,42.31,15122400.0
2019-11-22,42.33,42.34,42.14,42.23,6350200.0
2019-11-25,42.46,42.65,42.41,42.61,8433700.0
2019-11-26,42.37,42.47,42.18,42.44,13212800.0
2019-11-27,42.4,42.57,42.34,42.57,7688500.0
2019-11-29,42.099998,42.18,42.029999,42.060001,11590600.0
2019-12-02,42.16,42.17,41.92,42.07,19384700.0
2019-12-03,41.73,41.9,41.55,41.9,9971200.0
2019-12-04,42.24,42.33,42.18,42.27,18321300.0
2019-12-05,42.35,42.53,42.33,42.49,9433100.0
2019-12-06,42.65,42.71,42.56,42.65,10105700.0
2019-12-09,42.64,42.77,42.49,42.49,5427200.0
2019-12-10,42.56,42.68,42.49,42.58,9171900.0
2019-12-11,42.83,43.22,42.83,43.15,8658400.0
2019-12-12,43.21,43.82,43.19,43.74,17743400.0
2019-12-13,43.83,44.14,43.62,43.69,16061400.0
2019-12-16,44.099998,44.2,44.049999,44.060001,10399600.0
2019-12-17,44.37,44.44,44.28,44.39,7372500.0
2019-12-18,44.62,44.65,44.51,44.63,9846200.0
2019-12-19,44.54,44.68,44.49,44.66,8887600.0
2019-12-20,44.68,44.76,44.6,44.7,14516000.0
2019-12-23,44.16,44.22,44.11,44.22,6509500.0
2019-12-24,44.22,44.25,44.11,44.18,3320300.0
2019-12-26,44.35,44.55,44.25,44.55,5064100.0
2019-12-27,44.74,44.75,44.52,44.61,7894700.0
2019-12-30,44.75,44.76,44.32,44.36,10039700.0
2019-12-31,44.43,44.55,44.3,44.47,6616100.0
2020-01-02,45.07,45.53,45.02,45.53,13427400.0
2020-01-03,44.83,45.029999,44.72,44.72,12501600.0
2020-01-06,44.4,44.65,44.39,44.64,10315100.0
2020-01-07,44.54,44.68,44.45,44.62,11859300.0
2020-01-08,44.51,45.029999,44.47,44.82,11113700.0
2020-01-09,45.14,45.16,44.92,45.049999,17924500.0
2020-01-10,45.32,45.43,45.2,45.27,14887200.0
2020-01-13,45.51,45.92,45.45,45.89,8973900.0
2020-01-14,45.62,45.68,45.46,45.68,13281100.0
2020-01-15,45.54,45.59,45.31,45.39,13064600.0
2020-01-16,45.63,45.66,45.48,45.62,14620400.0
2020-01-17,45.76,45.91,45.66,45.91,13094800.0
2020-01-21,44.97,45.02,44.73,44.77,14543900.0
2020-01-22,45.18,45.23,44.94,45.040001,15637600.0
2020-01-23,44.36,44.74,44.15,44.63,15386000.0
2020-01-24,44.7,44.7,44.07,44.29,19643500.0
2020-01-27,42.5,43.02,42.37,42.8,19866500.0
2020-01-28,42.98,43.25,42.79,43.16,13930500.0
2020-01-29,43.51,43.55,43.26,43.36,9174200.0
2020-01-30,42.45,42.81,42.24,42.77,16587300.0
2020-01-31,42.18,42.23,41.77,42.0099983,15755300.0
2020-02-03,42.060001,42.45,42.060001,42.31,23429800.0
2020-02-04,43.35,43.57,43.3,43.32,15264900.0
2020-02-05,44.060001,44.099998,43.47,43.56,20121100.0
2020-02-06,43.85,43.87,43.51,43.54,9642900.0
2020-02-07,43.17,43.17,42.87,42.95,8298300.0
2020-02-10,42.97,43.22,42.97,43.22,8238000.0
2020-02-11,43.68,43.97,43.65,43.77,8439700.0
2020-02-12,44.14,44.37,44.02,44.33,10143100.0
2020-02-13,43.89,44.040001,43.75,43.86,14411400.0
2020-02-14,44.02,44.040001,43.62,43.77,8417000.0
2020-02-18,43.57,43.71,43.48,43.62,8623800.0
2020-02-19,43.96,44.040001,43.91,43.98,9889700.0
2020-02-20,43.73,43.77,43.23,43.38,13407400.0
2020-02-21,43.31,43.4,43.11,43.22,8103800.0
2020-02-24,41.5,41.93,41.45,41.7,17789800.0
2020-02-25,42.27,42.3,41.35,41.37,21292800.0
2020-02-26,41.85,42.24,41.62,41.63,25218200.0
2020-02-27,41.14,41.41,40.6,40.63,35274700.0
2020-02-28,39.48,40.57,39.22,40.52,54845800.0
2020-03-02,40.5,41.3,40.29,41.3,40151000.0
2020-03-03,41.39,41.97,40.75,41.099998,50334100.0
2020-03-04,41.56,41.72,41.32,41.68,25280500.0
2020-03-05,41.37,41.51,40.63,40.88,24944100.0
2020-03-06,40.13,40.27,39.66,40.11,36225700.0
2020-03-09,37.19,37.95,36.95,37.12,38193800.0
2020-03-10,38.72,39.029999,37.95,38.99,43913600.0
2020-03-11,38.07,38.2,37.09,37.3,41684100.0
2020-03-12,34.0099983,34.49,32.83,33.55,42380000.0
2020-03-13,36.51,36.52,34.12,35.9,42239300.0
2020-03-16,31.76,33.25,31.0,31.56,44521000.0
2020-03-17,32.38,33.61,31.85,33.54,41307800.0
2020-03-18,30.74,31.9,30.040001,30.81,37816500.0
2020-03-19,30.68,31.47,30.18,30.98,40757300.0
2020-03-20,32.45,32.56,31.040001,31.12,49851800.0
2020-03-23,30.84,30.97,29.96,30.46,55124600.0
2020-03-24,32.16,32.47,31.92,32.38,40806400.0
2020-03-25,32.96,33.92,32.62,33.44,48730200.0
2020-03-26,33.79,34.84,33.77,34.79,38009500.0
2020-03-27,33.0,33.41,32.76,32.91,30660100.0
2020-03-30,32.95,33.39,32.73,33.39,26917400.0
2020-03-31,33.42,33.96,33.35,33.55,28798700.0
2020-04-01,32.7,32.95,32.26,32.36,27389300.0
2020-04-02,32.87,33.43,32.73,33.31,23383500.0
2020-04-03,33.24,33.38,32.5,32.67,20830000.0
2020-04-06,33.84,34.33,33.73,34.28,24480000.0
2020-04-07,35.48,35.49,34.41,34.48,25931000.0
2020-04-08,34.66,34.99,34.38,34.88,20939200.0
2020-04-09,35.3,35.48,34.73,34.82,24956000.0
2020-04-13,34.85,34.98,34.55,34.95,25044100.0
2020-04-14,35.67,35.94,35.52,35.65,21580400.0
2020-04-15,34.9,35.040001,34.73,34.86,16109900.0
2020-04-16,35.3,35.35,34.93,35.060001,32117900.0
2020-04-17,35.86,35.9,35.41,35.63,28173200.0
2020-04-20,35.4,35.71,35.28,35.37,22379500.0
2020-04-21,34.58,34.74,34.31,34.39,17501900.0
2020-04-22,35.36,35.39,35.24,35.28,16567900.0
2020-04-23,35.55,35.77,35.14,35.14,19398700.0
2020-04-24,35.21,35.27,34.79,35.09,15272300.0
2020-04-27,35.51,35.81,35.47,35.75,17169500.0
2020-04-28,36.26,36.3,35.79,35.84,15768600.0
2020-04-29,36.43,36.89,36.37,36.81,14100100.0
2020-04-30,36.7,36.78,35.91,36.17,26071100.0
2020-05-01,35.31,35.44,34.84,34.96,21870700.0
2020-05-04,35.099998,35.4,35.0,35.4,22859900.0
2020-05-05,35.74,35.9,35.53,35.56,14461600.0
2020-05-06,35.78,35.84,35.46,35.47,12747300.0
2020-05-07,35.78,35.88,35.56,35.7,13151400.0
2020-05-08,36.18,36.57,36.16,36.5,16327000.0
2020-05-11,36.36,36.53,36.29,36.32,13167700.0
2020-05-12,36.59,36.88,36.19,36.21,14340900.0
2020-05-13,36.54,36.64,35.87,36.099998,17270700.0
2020-05-14,35.42,36.27,35.28,36.21,19407500.0
2020-05-15,35.69,35.94,35.57,35.76,11522500.0
2020-05-18,36.58,37.19,36.57,37.11,13599700.0
2020-05-19,37.0099983,37.17,36.74,36.74,10852400.0
2020-05-20,37.33,37.49,37.02,37.2,12651500.0
2020-05-21,36.99,37.14,36.66,36.82,12794500.0
2020-05-22,36.29,36.29,35.98,36.12,12949400.0
2020-05-26,37.19,37.35,36.84,36.92,16462700.0
2020-05-27,37.049999,37.080002,36.56,36.96,15722400.0
2020-05-28,37.099998,37.28,36.7,36.72,15888900.0
2020-05-29,36.97,37.41,36.72,37.36,19256500.0
2020-06-01,37.74,38.24,37.65,38.21,17416900.0
2020-06-02,38.66,39.17,38.59,39.099998,13518600.0
2020-06-03,39.54,39.96,39.5,39.86,15842100.0
2020-06-04,39.4,39.65,39.17,39.36,9021900.0
2020-06-05,40.3,40.55,40.23,40.27,15422000.0
2020-06-08,40.23,40.63,40.0099983,40.59,9854000.0
2020-06-09,40.049999,40.44,39.92,40.37,8289400.0
2020-06-10,40.46,40.7,40.14,40.57,14451800.0
2020-06-11,39.3,39.51,38.47,38.5,15532800.0
2020-06-12,39.51,39.62,38.85,39.38,20416800.0
2020-06-15,38.57,39.42,38.46,39.22,12808400.0
2020-06-16,40.099998,40.11,39.13,39.37,23321700.0
2020-06-17,39.68,39.92,39.62,39.73,11793300.0
2020-06-18,39.63,39.91,39.63,39.74,10108700.0
2020-06-19,40.28,40.28,39.62,39.81,14298700.0
2020-06-22,39.91,40.16,39.82,40.07,11636800.0
2020-06-23,40.54,40.72,40.43,40.47,8474300.0
2020-06-24,40.24,40.36,39.62,39.86,11226800.0
2020-06-25,39.8,40.09,39.64,40.029999,9676800.0
2020-06-26,39.92,39.94,39.42,39.55,14051900.0
2020-06-29,39.62,39.82,39.41,39.81,11001500.0
2020-06-30,39.72,39.78,39.47,39.61,17667800.0
2020-07-01,39.96,40.32,39.95,40.14,14205900.0
2020-07-02,41.049999,41.34,40.95,41.09,10983200.0
2020-07-06,42.54,42.92,42.53,42.9,14011700.0
2020-07-07,42.39,42.67,42.21,42.22,10095000.0
2020-07-08,42.86,43.37,42.82,43.35,9999700.0
2020-07-09,43.78,43.82,43.029999,43.38,12825400.0
2020-07-10,43.13,43.18,42.84,43.080002,11639100.0
2020-07-13,43.4,43.75,42.81,42.87,13812300.0
2020-07-14,42.35,42.99,42.24,42.89,13107100.0
2020-07-15,43.080002,43.14,42.77,42.93,11187400.0
2020-07-16,42.099998,42.37,42.049999,42.32,10468500.0
2020-07-17,42.59,42.63,42.33,42.51,8784800.0
2020-07-20,42.81,43.15,42.69,43.11,6068600.0
2020-07-21,43.75,43.77,43.42,43.43,11708700.0
2020-07-22,43.45,43.46,43.07,43.28,7924600.0
2020-07-23,43.34,43.49,42.81,42.99,10331200.0
2020-07-24,42.5,42.92,42.4,42.88,10235300.0
2020-07-27,43.15,43.51,43.0,43.48,11259000.0
2020-07-28,43.32,43.37,42.99,43.0099983,8114600.0
2020-07-29,43.46,43.85,43.44,43.77,10379200.0
2020-07-30,43.27,43.43,42.87,43.26,10312000.0
2020-07-31,43.36,43.37,42.71,43.0099983,13362600.0
2020-08-03,43.19,43.43,43.14,43.34,13509600.0
2020-08-04,43.49,43.84,43.48,43.83,10605300.0
2020-08-05,44.19,44.46,44.15,44.28,12702000.0
2020-08-06,44.13,44.35,43.93,44.34,8029700.0
2020-08-07,43.54,43.67,43.18,43.44,8387500.0
2020-08-10,43.44,43.53,43.13,43.43,6852100.0
2020-08-11,43.64,43.7,43.21,43.27,10318000.0
2020-08-12,43.66,43.87,43.54,43.8,8539800.0
2020-08-13,43.73,43.77,43.45,43.63,9935300.0
2020-08-14,43.6,43.74,43.55,43.69,9409400.0
2020-08-17,43.98,44.19,43.91,44.16,6255500.0
2020-08-18,44.32,44.43,44.02,44.32,8910600.0
2020-08-19,44.18,44.18,43.76,43.81,7516500.0
2020-08-20,43.16,43.73,43.09,43.69,8194300.0
2020-08-21,43.66,44.0,43.52,43.97,9016600.0
2020-08-24,44.57,44.6,44.24,44.41,6431200.0
2020-08-25,44.49,44.83,44.4,44.82,8753300.0
2020-08-26,44.82,44.91,44.73,44.86,9533100.0
2020-08-27,45.060001,45.060001,44.4,44.6,9293300.0
2020-08-28,44.86,45.17,44.74,45.14,10728400.0
2020-08-31,44.41,44.41,43.96,44.19,10682700.0
2020-09-01,44.7,45.080002,44.64,45.080002,14007900.0
2020-09-02,45.09,45.11,44.53,44.96,16252400.0
2020-09-03,44.65,44.66,43.78,44.17,24019500.0
2020-09-04,44.17,44.43,43.37,44.09,20440200.0
2020-09-08,43.2,43.59,43.07,43.27,12380900.0
2020-09-09,43.63,43.96,43.55,43.83,14665800.0
2020-09-10,43.86,43.93,43.14,43.17,17578000.0
2020-09-11,43.73,43.83,43.29,43.49,12849800.0
2020-09-14,44.060001,44.28,43.99,44.21,9573000.0
2020-09-15,44.72,44.81,44.56,44.71,8892600.0
2020-09-16,44.83,44.93,44.55,44.55,8966300.0
2020-09-17,44.13,44.53,44.09,44.47,8176800.0
2020-09-18,44.52,44.56,44.080002,44.12,8180300.0
2020-09-21,42.96,43.33,42.61,43.33,11789400.0
2020-09-22,43.14,43.15,42.65,42.95,7874800.0
2020-09-23,42.8,42.88,42.28,42.28,12848800.0
2020-09-24,41.79,42.42,41.71,42.16,13662200.0
2020-09-25,41.81,42.16,41.53,42.15,11081400.0
2020-09-28,42.67,42.79,42.39,42.57,7950600.0
2020-09-29,42.45,42.71,42.41,42.55,13454500.0
2020-09-30,42.89,43.31,42.85,43.24,13773800.0
2020-10-01,43.56,43.66,43.3,43.62,19828700.0
2020-10-02,43.0,43.51,42.93,43.14,11787700.0
2020-10-05,43.34,43.7,43.31,43.7,6401600.0
2020-10-06,43.9,44.13,43.68,43.83,10749600.0
2020-10-07,44.17,44.34,44.029999,44.24,8247700.0
2020-10-08,44.4,44.61,44.27,44.57,7747200.0
2020-10-09,44.65,44.98,44.56,44.88,8708500.0
2020-10-12,45.16,45.43,45.049999,45.32,8960200.0
2020-10-13,45.16,45.24,44.92,45.12,13170600.0
2020-10-14,45.18,45.28,44.89,44.92,9391400.0
2020-10-15,44.26,44.62,44.23,44.56,8102500.0
2020-10-16,44.72,44.85,44.6,44.74,4824700.0
2020-10-19,44.88,45.080002,44.52,44.6,8547500.0
2020-10-20,44.85,45.26,44.81,45.049999,17041500.0
2020-10-21,45.11,45.37,45.040001,45.14,12939500.0
2020-10-22,45.22,45.27,44.94,45.15,10713600.0
2020-10-23,45.16,45.36,44.93,45.36,7445600.0
2020-10-26,44.81,45.07,44.41,44.77,9128300.0
2020-10-27,44.91,45.080002,44.75,44.93,14578400.0
2020-10-28,44.23,44.29,43.81,43.81,12620700.0
2020-10-29,44.029999,44.43,43.89,44.27,11452300.0
2020-10-30,44.0099983,44.060001,43.59,43.81,14105600.0
2020-11-02,44.26,44.37,44.0,44.37,13291200.0
2020-11-03,44.35,44.58,44.18,44.49,10498200.0
2020-11-04,45.16,46.040001,45.049999,45.92,16731400.0
2020-11-05,46.63,46.82,46.25,46.7,14643200.0
2020-11-06,46.63,47.049999,46.49,46.87,10405400.0
2020-11-09,48.42,48.43,47.17,47.22,15498100.0
2020-11-10,46.98,47.11,46.47,46.69,13534000.0
2020-11-11,46.51,46.94,46.42,46.89,8907700.0
2020-11-12,47.0,47.16,46.43,46.54,9333100.0
2020-11-13,47.029999,47.17,46.79,47.13,7870500.0
2020-11-16,47.64,47.84,47.51,47.68,10332300.0
2020-11-17,47.46,47.77,47.33,47.61,9620200.0
2020-11-18,47.84,47.87,47.45,47.45,8092000.0
2020-11-19,47.31,47.64,47.24,47.57,6457800.0
2020-11-20,47.76,48.029999,47.71,47.9,6578200.0
2020-11-23,48.33,48.36,47.8,47.89,10310200.0
2020-11-24,48.27,48.53,48.02,48.53,8058800.0
2020-11-25,48.049999,48.32,47.97,48.31,7539900.0
2020-11-27,48.64,48.86,48.59,48.76,4810600.0
2020-11-30,48.13,48.16,47.53,47.56,12958600.0
2020-12-01,48.43,48.73,48.18,48.55,14525400.0
2020-12-02,48.4,48.64,48.2,48.53,11283000.0
2020-12-03,48.92,49.23,48.87,49.0099983,9625700.0
2020-12-04,49.25,49.36,49.16,49.34,13482300.0
2020-12-07,49.27,49.46,49.18,49.34,11203600.0
2020-12-08,49.45,49.48,49.24,49.48,7361100.0
2020-12-09,49.49,49.49,48.7,48.9,10921800.0
2020-12-10,48.84,49.61,48.83,49.56,8627300.0
2020-12-11,49.23,49.4,49.12,49.23,6862100.0
2020-12-14,49.37,49.4,49.02,49.049999,7073600.0
2020-12-15,49.27,49.53,49.12,49.51,9327100.0
2020-12-16,49.62,49.83,49.54,49.78,11855500.0
2020-12-17,50.12,50.2,49.99,50.18,8853900.0
2020-12-18,50.07,50.15,49.96,50.029999,10548800.0
2020-12-21,48.73,49.28,48.7,49.060001,9401200.0
2020-12-22,48.98,48.99,48.66,48.7,8976600.0
2020-12-23,49.24,49.31,49.12,49.2,9989700.0
2020-12-24,49.07,49.099998,48.67,48.92,5756600.0
2020-12-28,49.11,49.18,48.91,49.02,9984800.0
2020-12-29,49.31,49.62,49.28,49.55,11728500.0
2020-12-30,50.12,50.36,50.029999,50.24,7124900.0
2020-12-31,50.49,50.49,49.87,50.11,8787500.0
2021-01-04,50.9,51.09,50.21,50.34,24105400.0
2021-01-05,50.76,51.51,50.76,51.51,15242700.0
2021-01-06,51.16,51.7,50.96,51.02,20028000.0
2021-01-07,51.28,51.47,51.07,51.42,12432000.0
2021-01-08,52.16,52.49,51.84,52.46,16257000.0
2021-01-11,51.81,52.060001,51.77,51.85,11278200.0
2021-01-12,52.33,52.56,52.16,52.42,14721300.0
2021-01-13,52.63,52.86,52.32,52.59,15715800.0
2021-01-14,53.18,53.48,53.049999,53.11,9727400.0
2021-01-15,52.71,52.84,52.4,52.5,9889700.0
2021-01-19,53.69,53.73,53.38,53.45,10475200.0
2021-01-20,54.42,54.46,54.15,54.38,8069100.0
2021-01-21,54.52,54.53,54.13,54.39,13484300.0
2021-01-22,53.79,54.11,53.69,54.0,7062500.0
2021-01-25,54.49,54.56,53.77,54.27,8700600.0
2021-01-26,53.92,54.02,53.64,53.93,8155500.0
2021-01-27,52.89,53.14,52.53,52.56,10388300.0
2021-01-28,52.35,53.0099983,52.29,52.81,13367000.0
2021-01-29,52.099998,52.19,51.5,51.68,22707500.0
2021-02-01,52.75,53.060001,52.46,52.99,14517800.0
2021-02-02,53.85,53.86,53.57,53.82,8347500.0
2021-02-03,54.09,54.19,53.81,54.02,8442500.0
2021-02-04,54.060001,54.11,53.74,54.099998,7187100.0
2021-02-05,54.31,54.52,54.09,54.5,6459000.0
2021-02-08,54.57,54.86,54.5,54.78,6861100.0
2021-02-09,54.87,55.43,54.85,55.39,7816900.0
2021-02-10,55.86,55.9,55.19,55.51,9137500.0
2021-02-11,55.97,56.31,55.89,56.09,7932200.0
2021-02-12,55.94,56.33,55.83,56.19,7561200.0
2021-02-16,56.51,56.66,56.2,56.35,7423300.0
2021-02-17,56.4,56.5,56.099998,56.49,6377000.0
2021-02-18,55.63,55.76,55.2,55.76,5971700.0
2021-02-19,56.11,56.31,55.88,56.060001,7144800.0
2021-02-22,54.71,54.98,54.45,54.47,10568800.0
2021-02-23,54.27,54.95,53.58,54.78,8986900.0
2021-02-24,53.86,54.45,53.57,54.43,10751500.0
2021-02-25,54.39,54.52,53.14,53.25,13034500.0
2021-02-26,52.98,52.98,52.23,52.49,17343800.0
2021-03-01,53.6,54.040001,53.46,53.93,9398300.0
2021-03-02,53.63,53.69,53.29,53.42,11948000.0
2021-03-03,53.84,53.96,53.15,53.38,16340400.0
2021-03-04,53.18,53.38,51.92,52.23,21671700.0
2021-03-05,52.84,52.92,51.7,52.6,14267100.0
2021-03-08,51.81,51.91,51.12,51.23,15723000.0
2021-03-09,51.99,52.6,51.92,52.34,14264200.0
2021-03-10,52.68,52.71,51.95,52.25,13436600.0
2021-03-11,53.34,53.84,53.13,53.82,9102700.0
2021-03-12,52.71,52.87,52.46,52.87,9332500.0
2021-03-15,52.55,52.85,52.41,52.84,13127000.0
2021-03-16,53.0,53.25,52.86,53.07,12282800.0
2021-03-17,52.42,53.33,52.34,53.11,9336200.0
2021-03-18,52.73,52.83,52.24,52.29,11070900.0
2021-03-19,52.26,52.84,52.17,52.81,8992100.0
2021-03-22,52.62,52.81,52.37,52.63,10854500.0
2021-03-23,52.09,52.26,51.72,51.77,10632700.0
2021-03-24,51.39,51.45,50.52,50.56,12406600.0
2021-03-25,50.37,50.8,50.32,50.64,15605700.0
2021-03-26,51.13,51.92,50.84,51.9,15609700.0
2021-03-29,51.56,51.81,51.37,51.61,13062000.0
2021-03-30,51.59,51.87,51.42,51.82,27514100.0
2021-03-31,51.73,52.14,51.72,52.049999,10759700.0
2021-04-01,52.8,52.85,52.43,52.52,10280700.0
2021-04-05,52.83,52.85,52.51,52.63,9804500.0
2021-04-06,52.63,53.12,52.5,52.88,9533200.0
2021-04-07,52.14,52.31,51.97,52.11,9164400.0
2021-04-08,52.67,52.87,52.59,52.65,7447000.0
2021-04-09,52.2,52.23,52.040001,52.2,7633400.0
2021-04-12,51.86,51.9,51.67,51.86,7718000.0
2021-04-13,51.68,52.060001,51.6,51.87,6725000.0
2021-04-14,52.3,52.43,52.080002,52.15,8492500.0
2021-04-15,52.62,52.66,52.43,52.61,6200800.0
2021-04-16,52.79,52.9,52.55,52.78,6678900.0
2021-04-19,52.78,52.85,52.53,52.67,8932100.0
2021-04-20,52.65,52.7,52.12,52.27,7101600.0
2021-04-21,52.19,52.71,52.040001,52.68,6235100.0
2021-04-22,52.76,52.87,52.39,52.59,7556200.0
2021-04-23,53.07,53.36,53.049999,53.31,12992200.0
2021-04-26,53.27,53.43,53.13,53.38,6543700.0
2021-04-27,53.47,53.59,53.38,53.46,6886100.0
2021-04-28,53.82,54.16,53.61,53.89,7698100.0
2021-04-29,54.18,54.18,53.35,53.77,8465400.0
2021-04-30,53.24,53.31,52.84,52.98,8573300.0
2021-05-03,52.92,53.18,52.74,52.96,7350400.0
2021-05-04,52.46,52.53,51.91,52.31,9975300.0
2021-05-05,52.55,52.69,52.47,52.51,4339000.0
2021-05-06,52.79,53.029999,52.63,53.029999,6971900.0
2021-05-07,53.28,53.71,53.23,53.5,9221800.0
2021-05-10,53.13,53.21,52.47,52.5,10549000.0
2021-05-11,51.55,52.41,51.52,52.36,11065600.0
2021-05-12,51.56,51.78,50.94,51.02,10822600.0
2021-05-13,51.17,51.45,50.69,50.96,9134100.0
2021-05-14,51.47,51.87,51.35,51.8,6270500.0
2021-05-17,51.54,51.84,51.42,51.83,7666700.0
2021-05-18,52.6,52.83,52.49,52.58,7707900.0
2021-05-19,51.94,52.56,51.85,52.44,10025800.0
2021-05-20,52.43,52.72,52.41,52.63,7164800.0
2021-05-21,52.61,52.64,51.99,52.07,6526300.0
2021-05-24,52.42,52.68,52.28,52.56,5340500.0
2021-05-25,53.27,53.34,53.0,53.11,7610500.0
2021-05-26,53.29,53.55,53.28,53.5,5032200.0
2021-05-27,53.56,53.69,53.46,53.6,7659800.0
2021-05-28,53.65,53.98,53.62,53.88,7318100.0
2021-06-01,55.099998,55.16,54.82,55.0099983,10035300.0
2021-06-02,54.92,55.15,54.8,55.14,8016400.0
2021-06-03,54.61,54.74,54.4,54.52,8433000.0
2021-06-04,54.89,55.0099983,54.82,55.0099983,7317400.0
2021-06-07,54.75,54.81,54.51,54.79,24666100.0
2021-06-08,54.57,54.63,54.4,54.56,7113900.0
2021-06-09,54.56,54.71,54.47,54.52,8168100.0
2021-06-10,54.74,54.99,54.68,54.9,6263600.0
2021-06-11,54.85,54.89,54.55,54.66,7187200.0
2021-06-14,54.81,55.0,54.7,54.88,6120900.0
2021-06-15,54.73,54.74,54.39,54.51,6168100.0
2021-06-16,54.35,54.46,53.55,53.77,7464200.0
2021-06-17,54.029999,54.28,53.92,54.080002,6889700.0
2021-06-18,53.85,53.96,53.6,53.66,6643100.0
2021-06-21,53.39,53.64,53.11,53.64,8283400.0
2021-06-22,53.17,53.44,53.0099983,53.41,6060600.0
2021-06-23,53.76,54.049999,53.68,53.72,9520000.0
2021-06-24,54.060001,54.18,53.93,54.12,7323200.0
2021-06-25,54.6,54.65,54.36,54.56,4814100.0
2021-06-28,54.59,54.75,54.53,54.69,7693600.0
2021-06-29,54.31,54.65,54.16,54.65,6154100.0
2021-06-30,54.24,54.43,54.19,54.31,8876600.0
2021-07-01,54.31,54.41,53.74,54.02,13517900.0
2021-07-02,53.85,53.96,53.62,53.96,9074600.0
2021-07-06,53.33,53.36,52.81,52.99,8443800.0
2021-07-07,53.3,53.36,52.82,53.040001,8505200.0
2021-07-08,52.02,52.21,51.84,52.029999,9691400.0
2021-07-09,52.67,52.99,52.53,52.98,5764300.0
2021-07-12,52.82,53.02,52.68,53.0099983,5978100.0
2021-07-13,53.040001,53.33,53.02,53.040001,8827900.0
2021-07-14,53.57,53.57,53.18,53.3,5652100.0
2021-07-15,53.45,53.62,53.22,53.35,9812900.0
2021-07-16,53.47,53.48,52.88,52.99,7143600.0
2021-07-19,52.3,52.3,51.95,52.21,11160800.0
2021-07-20,51.92,52.4,51.75,52.25,6426700.0
2021-07-21,52.14,52.7,52.029999,52.7,7511500.0
2021-07-22,52.81,52.85,52.56,52.78,5295300.0
2021-07-23,52.2,52.2,51.71,51.96,7681900.0
2021-07-26,50.81,51.23,50.79,50.97,13939000.0
2021-07-27,49.91,50.0,49.27,49.87,20521700.0
2021-07-28,50.5,51.35,50.43,51.28,14409300.0
2021-07-29,51.67,51.67,51.26,51.46,9256000.0
2021-07-30,50.95,51.37,50.9,51.11,10373900.0
2021-08-02,51.56,51.79,51.46,51.52,17030800.0
2021-08-03,51.39,51.67,51.13,51.65,9155700.0
2021-08-04,51.91,52.099998,51.66,51.78,7944600.0
2021-08-05,51.68,51.86,51.62,51.62,8354500.0
2021-08-06,51.5,51.52,51.14,51.27,9084400.0
2021-08-09,51.49,51.61,51.38,51.45,6354300.0
2021-08-10,51.75,51.78,51.51,51.64,6007900.0
2021-08-11,51.97,52.029999,51.59,51.83,7275100.0
2021-08-12,51.51,51.53,51.3,51.49,7988900.0
2021-08-13,51.32,51.4,51.09,51.39,6751900.0
2021-08-16,51.02,51.02,50.77,50.98,9926500.0
2021-08-17,50.09,50.32,49.83,50.060001,9863000.0
2021-08-18,50.42,50.63,50.12,50.12,9206600.0
2021-08-19,49.24,49.51,49.17,49.35,16111900.0
2021-08-20,48.9,49.45,48.9,49.35,11097600.0
2021-08-23,49.81,50.13,49.69,50.060001,7661300.0
2021-08-24,50.8,51.22,50.78,51.18,13128400.0
2021-08-25,51.14,51.29,51.0,51.23,7730800.0
2021-08-26,50.98,51.07,50.78,50.81,10140100.0
2021-08-27,51.17,51.47,51.029999,51.45,5895500.0
2021-08-30,51.6,51.72,51.36,51.6,13626500.0
2021-08-31,52.3,52.35,52.17,52.23,14079700.0
2021-09-01,52.51,53.049999,52.49,52.86,22058700.0
2021-09-02,52.87,52.96,52.58,52.65,8506000.0
2021-09-03,52.75,52.95,52.7,52.89,6490300.0
2021-09-07,53.14,53.45,53.13,53.33,8152100.0
2021-09-08,53.040001,53.040001,52.44,52.54,9100300.0
2021-09-09,52.42,52.72,52.36,52.61,9331500.0
2021-09-10,53.02,53.060001,52.51,52.53,9145300.0
2021-09-13,52.62,52.84,52.43,52.7,12018100.0
2021-09-14,52.44,52.57,52.09,52.21,13299400.0
2021-09-15,52.02,52.2,51.82,52.19,11561100.0
2021-09-16,51.5,51.71,51.33,51.65,10831000.0
2021-09-17,51.62,51.7,51.29,51.45,11198000.0
2021-09-20,49.71,50.02,49.16,49.59,21047400.0
2021-09-21,49.99,50.12,49.77,49.99,12919900.0
2021-09-22,50.52,51.060001,50.52,50.71,12007600.0
2021-09-23,50.85,51.040001,50.75,50.95,12078800.0
2021-09-24,50.46,50.55,50.34,50.39,8825500.0
2021-09-27,50.4,50.78,50.23,50.66,9239500.0
2021-09-28,50.52,50.53,49.91,50.07,13751000.0
2021-09-29,49.96,50.099998,49.62,49.67,13801500.0
2021-09-30,50.23,50.39,49.93,50.0099983,22117300.0
2021-10-01,50.099998,50.22,49.61,50.040001,19161600.0
2021-10-04,49.73,49.83,49.049999,49.35,12834400.0
2021-10-05,49.6,49.98,49.56,49.82,8676000.0
2021-10-06,49.16,49.67,49.080002,49.63,11198200.0
2021-10-07,50.35,50.81,50.28,50.6,9236800.0
2021-10-08,50.73,50.88,50.63,50.79,7621400.0
2021-10-11,51.040001,51.18,50.64,50.65,8801500.0
2021-10-12,50.78,50.87,50.5,50.51,8007500.0
2021-10-13,50.94,51.23,50.8,51.17,9178000.0
2021-10-14,51.36,51.4,51.049999,51.25,6776300.0
2021-10-15,51.5,51.89,51.4,51.8,7626600.0
2021-10-18,51.53,51.88,51.5,51.73,7677900.0
2021-10-19,52.07,52.4,51.98,52.32,6456300.0
2021-10-20,52.4,52.42,52.19,52.33,7013600.0
2021-10-21,51.91,52.0,51.79,51.91,11157300.0
2021-10-22,51.94,52.14,51.56,51.78,7901900.0
2021-10-25,51.96,52.060001,51.69,51.97,5926000.0
2021-10-26,52.060001,52.13,51.56,51.62,9875200.0
2021-10-27,51.44,51.71,51.31,51.35,9150100.0
2021-10-28,51.099998,51.34,50.93,51.3,8851200.0
2021-10-29,50.81,50.89,50.45,50.66,11536200.0
2021-11-01,50.7,51.15,50.66,51.15,12786000.0
2021-11-02,50.67,50.71,50.53,50.61,8543400.0
2021-11-03,50.67,51.07,50.51,50.98,9914200.0
2021-11-04,51.07,51.099998,50.72,50.87,8669400.0
2021-11-05,51.09,51.09,50.7,50.89,10389300.0
2021-11-08,51.27,51.48,51.21,51.42,7855200.0
2021-11-09,51.49,51.66,51.2,51.3,8560100.0
2021-11-10,51.43,51.66,51.02,51.16,11786500.0
2021-11-11,51.84,52.15,51.81,52.040001,7881700.0
2021-11-12,51.98,52.17,51.92,52.080002,6535100.0
2021-11-15,52.2,52.21,51.92,51.98,8483900.0
2021-11-16,52.0,52.080002,51.79,51.96,7932600.0
2021-11-17,52.11,52.11,51.66,51.77,10025700.0
2021-11-18,51.29,51.32,50.94,51.15,8646900.0
2021-11-19,51.26,51.39,51.060001,51.060001,9875000.0
2021-11-22,50.84,50.99,50.53,50.53,10581300.0
2021-11-23,50.63,50.81,50.34,50.58,14304900.0
2021-11-24,50.26,50.55,50.18,50.52,10756400.0
2021-11-26,49.31,49.32,48.78,49.040001,13251100.0
2021-11-29,49.42,49.42,48.96,49.11,19083200.0
2021-11-30,49.24,49.5,48.72,49.19,20824800.0
2021-12-01,49.82,50.14,49.14,49.16,18932600.0
2021-12-02,49.73,50.040001,49.45,49.74,22318400.0
2021-12-03,49.67,49.81,48.87,49.049999,21125000.0
2021-12-06,49.0,49.41,48.78,49.37,13722700.0
2021-12-07,49.92,50.13,49.9,50.09,14655400.0
2021-12-08,50.17,50.48,50.060001,50.39,11548300.0
2021-12-09,50.26,50.4,50.060001,50.14,17677100.0
2021-12-10,50.17,50.27,50.02,50.23,13189500.0
2021-12-13,49.85,49.9,49.36,49.46,17059600.0
2021-12-14,49.14,49.45,49.13,49.35,16849400.0
2021-12-15,49.09,49.21,48.52,49.17,20915100.0
2021-12-16,49.55,49.78,49.2,49.3,20637200.0
2021-12-17,48.87,49.14,48.72,48.96,14400100.0
2021-12-20,47.81,47.85,47.49,47.81,23244400.0
2021-12-21,48.22,48.64,48.16,48.62,19453500.0
2021-12-22,48.48,48.91,48.41,48.89,14604100.0
2021-12-23,49.0099983,49.3,48.87,49.18,18927300.0
2021-12-27,49.2,49.44,49.17,49.34,15682600.0
2021-12-28,49.34,49.37,49.17,49.17,18368000.0
2021-12-29,49.080002,49.12,48.75,48.96,13618500.0
2021-12-30,48.98,49.74,48.98,49.59,15833800.0
2021-12-31,49.55,49.89,49.44,49.46,14828700.0
2022-01-03,49.67,49.86,49.39,49.81,13977200.0
2022-01-04,49.84,49.88,49.52,49.61,9323100.0
2022-01-05,49.44,49.76,48.86,48.87,18329200.0
2022-01-06,49.040001,49.36,48.85,49.15,14844700.0
2022-01-07,49.26,49.51,49.049999,49.4,10705600.0
2022-01-10,49.55,49.69,49.2,49.5,18169200.0
2022-01-11,49.76,50.47,49.64,50.46,16480000.0
2022-01-12,51.0099983,51.26,50.84,51.23,15080100.0
2022-01-13,51.07,51.099998,50.57,50.59,12451500.0
2022-01-14,50.5,50.75,50.42,50.69,13133500.0
2022-01-18,49.96,50.23,49.88,49.94,19183200.0
2022-01-19,50.29,50.38,50.080002,50.14,14639500.0
2022-01-20,50.95,51.2,50.38,50.45,16328800.0
2022-01-21,50.35,50.37,49.63,49.66,21514300.0
2022-01-24,48.93,49.0099983,47.98,49.0,36464800.0
2022-01-25,48.77,49.25,48.49,48.99,26653700.0
2022-01-26,49.28,49.39,48.37,48.48,20414900.0
2022-01-27,48.56,48.62,48.02,48.049999,22849100.0
2022-01-28,48.029999,48.16,47.54,48.13,27922500.0
2022-01-31,48.73,49.74,48.68,49.67,20554000.0
2022-02-01,49.85,49.96,49.45,49.96,21060100.0
2022-02-02,50.11,50.12,49.53,49.87,11594200.0
2022-02-03,49.32,49.66,49.22,49.45,13942700.0
2022-02-04,49.14,49.7,49.02,49.48,15478800.0
2022-02-07,49.38,49.73,49.33,49.48,13489300.0
2022-02-08,49.42,49.94,49.4,49.93,11707700.0
2022-02-09,50.36,50.7,50.28,50.67,11085600.0
2022-02-10,50.29,50.99,50.22,50.39,13962400.0
2022-02-11,50.35,50.51,49.51,49.61,15697700.0
2022-02-14,49.39,49.46,48.98,49.24,17819000.0
2022-02-15,49.97,50.41,49.93,50.36,12628200.0
2022-02-16,50.29,50.93,50.27,50.74,12961900.0
2022-02-17,50.41,50.53,49.99,50.080002,11970000.0
2022-02-18,49.99,49.99,49.56,49.69,15194200.0
2022-02-22,48.96,49.25,48.61,48.92,19444900.0
2022-02-23,49.22,49.26,48.4,48.47,15556200.0
2022-02-24,46.23,47.51,46.15,47.49,31161900.0
2022-02-25,47.78,48.41,47.5,48.37,18987800.0
2022-02-28,47.42,47.9,47.32,47.82,22508100.0
2022-03-01,47.51,47.91,46.97,47.17,23007800.0
2022-03-02,47.22,47.52,46.82,47.32,16913500.0
2022-03-03,47.16,47.23,46.6,46.66,17723400.0
2022-03-04,45.91,46.07,45.57,45.78,25190600.0
2022-03-07,45.14,45.25,44.13,44.16,21377900.0
2022-03-08,44.35,44.81,43.9,44.35,25919200.0
2022-03-09,44.84,45.56,44.8,45.47,16960800.0
2022-03-10,44.87,44.93,44.49,44.77,17520900.0
2022-03-11,45.0,45.080002,43.85,43.86,18450900.0
2022-03-14,43.37,43.65,42.68,42.81,27183200.0
2022-03-15,42.16,42.85,41.97,42.79,34112700.0
2022-03-16,44.71,46.14,44.5,46.12,33405400.0
2022-03-17,45.63,45.85,45.19,45.78,26385700.0
2022-03-18,45.45,46.58,45.3,46.5,30410100.0
2022-03-21,45.8,45.94,45.38,45.78,22204800.0
2022-03-22,46.33,46.65,46.3,46.49,23516500.0
2022-03-23,46.049999,46.66,45.94,46.17,19841900.0
2022-03-24,46.31,46.5,46.080002,46.45,17516500.0
2022-03-25,46.040001,46.12,45.79,46.09,22809800.0
2022-03-28,46.099998,46.24,45.82,46.24,19367000.0
2022-03-29,46.95,47.07,46.7,46.95,15914100.0
2022-03-30,46.96,47.27,46.78,46.89,23389300.0
2022-03-31,46.68,46.68,46.13,46.13,19759200.0
2022-04-01,47.07,47.25,46.72,47.0099983,18031700.0
2022-04-04,47.6,47.92,47.47,47.83,15647300.0
2022-04-05,47.7,47.71,46.94,46.99,15185300.0
2022-04-06,46.76,46.8,46.24,46.47,17994600.0
2022-04-07,46.21,46.31,45.87,46.13,18050600.0
2022-04-08,46.26,46.45,46.13,46.22,12011400.0
2022-04-11,45.74,45.93,45.59,45.64,16692400.0
2022-04-12,45.94,45.99,45.39,45.46,16535100.0
2022-04-13,45.58,45.98,45.58,45.95,12040000.0
2022-04-14,45.79,45.79,45.43,45.45,16026500.0
2022-04-18,45.13,45.46,45.02,45.26,19001600.0
2022-04-19,44.82,45.049999,44.65,45.029999,15956300.0
2022-04-20,45.09,45.09,44.68,44.74,20952500.0
2022-04-21,44.75,44.82,43.84,43.93,20043900.0
2022-04-22,43.99,44.28,43.54,43.58,22372700.0
2022-04-25,42.76,43.17,42.65,43.13,26472400.0
2022-04-26,42.85,42.92,42.24,42.26,24194100.0
2022-04-27,42.61,43.060001,42.54,42.85,53537400.0
2022-04-28,43.2,43.45,42.71,43.41,19501900.0
2022-04-29,44.11,44.3,43.43,43.44,20111300.0
2022-05-02,43.23,43.52,42.82,43.35,25821000.0
2022-05-03,43.64,43.74,43.47,43.68,20873600.0
2022-05-04,43.22,44.17,42.95,44.11,23587300.0
2022-05-05,43.21,43.28,42.15,42.51,20766700.0
2022-05-06,42.15,42.24,41.66,41.93,31210700.0
2022-05-09,41.16,41.4,40.73,40.8,29101100.0
2022-05-10,41.35,41.43,40.59,40.97,33960000.0
2022-05-11,41.16,41.51,40.65,40.68,30111800.0
2022-05-12,40.29,40.82,40.02,40.48,26431600.0
2022-05-13,40.84,41.49,40.82,41.48,15708700.0
2022-05-16,41.23,41.56,41.14,41.39,13006200.0
2022-05-17,42.41,42.47,42.0099983,42.34,14383600.0
2022-05-18,42.07,42.24,41.35,41.42,16249700.0
2022-05-19,41.55,42.21,41.53,42.02,15545600.0
2022-05-20,42.45,42.58,41.64,42.18,12317500.0
2022-05-23,42.43,42.58,42.21,42.48,10585800.0
2022-05-24,41.81,41.86,41.35,41.72,13145000.0
2022-05-25,41.64,42.07,41.58,41.95,12023000.0
2022-05-26,41.89,42.69,41.89,42.58,14458700.0
2022-05-27,42.87,43.060001,42.7,43.040001,13420900.0
2022-05-31,44.09,44.11,43.64,43.64,19722800.0
2022-06-01,43.86,43.95,43.18,43.35,10936200.0
2022-06-02,43.57,44.14,43.46,44.13,10197700.0
2022-06-03,43.71,43.76,43.35,43.44,9320800.0
2022-06-06,44.15,44.29,43.59,43.68,11482500.0
2022-06-07,43.48,43.9,43.4,43.9,10240500.0
2022-06-08,44.060001,44.25,43.89,44.060001,9156200.0
2022-06-09,43.71,43.81,43.099998,43.11,13729900.0
2022-06-10,43.11,43.17,42.66,42.77,15577600.0
2022-06-13,41.71,41.98,41.23,41.38,23994400.0
2022-06-14,41.81,42.13,41.72,41.98,20284100.0
2022-06-15,42.21,42.85,41.97,42.6,17427400.0
2022-06-16,41.31,41.46,41.0,41.27,18107300.0
2022-06-17,41.66,41.8,41.16,41.45,16097300.0
2022-06-21,41.71,41.96,41.67,41.8,11495800.0
2022-06-22,41.0099983,41.38,40.94,41.11,14401600.0
2022-06-23,41.29,41.5,40.94,41.31,14524700.0
2022-06-24,41.71,42.22,41.64,42.19,11450100.0
2022-06-27,42.4,42.44,42.16,42.22,11693700.0
2022-06-28,42.48,42.69,41.91,41.94,12196800.0
2022-06-29,41.89,42.0,41.69,41.83,12481100.0
2022-06-30,41.29,41.71,41.07,41.65,13290700.0
2022-07-01,41.22,41.43,40.96,41.4,13034100.0
2022-07-05,40.59,41.080002,40.41,41.07,15717000.0
2022-07-06,40.8,40.94,40.5,40.79,11606600.0
2022-07-07,41.33,41.78,41.3,41.64,9526600.0
2022-07-08,41.46,41.71,41.29,41.54,7877900.0
2022-07-11,40.74,40.75,40.38,40.51,11642400.0
2022-07-12,40.33,40.57,40.17,40.36,12804600.0
2022-07-13,39.77,40.42,39.76,40.24,15757700.0
2022-07-14,39.92,40.0099983,39.57,39.97,18559400.0
2022-07-15,39.9,40.12,39.58,40.11,14423900.0
2022-07-18,40.65,40.85,40.28,40.3,23135300.0
2022-07-19,40.75,40.94,40.63,40.87,21114800.0
2022-07-20,40.78,40.86,40.58,40.7,20319700.0
2022-07-21,40.87,41.2,40.81,41.2,14990800.0
2022-07-22,41.11,41.18,40.62,40.78,8552400.0
2022-07-25,40.89,40.97,40.75,40.97,10830900.0
2022-07-26,40.89,41.0099983,40.53,40.58,10031900.0
2022-07-27,40.98,41.47,40.8,41.38,11653800.0
2022-07-28,41.41,41.56,40.95,41.51,12100400.0
2022-07-29,41.02,41.35,40.85,41.32,12881200.0
2022-08-01,41.029999,41.32,40.73,41.07,14053200.0
2022-08-02,40.72,41.25,40.59,40.83,13208000.0
2022-08-03,40.82,41.12,40.64,41.049999,7069800.0
2022-08-04,41.35,41.48,41.21,41.39,11478200.0
2022-08-05,41.14,41.46,41.09,41.38,8281100.0
2022-08-08,41.53,41.73,41.4,41.47,8486300.0
2022-08-09,41.55,41.62,41.29,41.38,7219500.0
2022-08-10,41.67,41.96,41.52,41.9,7292400.0
2022-08-11,42.28,42.64,42.0,42.099998,10109800.0
2022-08-12,42.099998,42.55,42.049999,42.54,9075700.0
2022-08-15,42.19,42.45,42.14,42.38,8868500.0
2022-08-16,42.29,42.46,42.23,42.4,10804300.0
2022-08-17,42.25,42.48,42.15,42.3,10500500.0
2022-08-18,42.14,42.2,41.87,42.029999,11487100.0
2022-08-19,41.76,41.79,41.47,41.56,10237500.0
2022-08-22,41.31,41.41,41.22,41.27,10150400.0
2022-08-23,41.36,41.67,41.27,41.53,11575200.0
2022-08-24,41.23,41.77,41.18,41.56,9775000.0
2022-08-25,41.88,42.34,41.84,42.33,11979000.0
2022-08-26,42.65,42.7,41.75,41.77,8782400.0
2022-08-29,41.65,41.91,41.57,41.57,9447100.0
2022-08-30,41.73,41.73,40.94,41.07,10693400.0
2022-08-31,41.44,41.6,41.13,41.13,9337500.0
2022-09-01,40.88,40.96,40.54,40.94,18818700.0
2022-09-02,40.88,41.049999,40.53,40.61,10848500.0
2022-09-06,40.53,40.6,40.2,40.26,14144900.0
2022-09-07,40.099998,40.64,40.060001,40.6,9883200.0
2022-09-08,40.25,40.5,40.15,40.48,12770900.0
2022-09-09,40.84,41.09,40.79,41.02,9009700.0
2022-09-12,41.37,41.66,41.29,41.65,10716200.0
2022-09-13,40.81,40.95,40.27,40.33,9973100.0
2022-09-14,40.54,40.66,40.38,40.53,10471000.0
2022-09-15,40.28,40.53,40.080002,40.18,14054400.0
2022-09-16,39.68,39.8,39.5,39.67,19815200.0
2022-09-19,38.88,39.31,38.85,39.3,20290600.0
2022-09-20,39.16,39.3,39.0,39.16,10472300.0
2022-09-21,38.92,39.099998,38.45,38.51,19732800.0
2022-09-22,38.55,38.62,38.26,38.4,19730200.0
2022-09-23,37.73,37.76,37.31,37.52,22623300.0
2022-09-26,37.2,37.42,36.92,37.0,21316600.0
2022-09-27,37.28,37.5,36.82,36.98,19028000.0
2022-09-28,36.77,37.4,36.71,37.27,15878500.0
2022-09-29,36.64,36.69,36.21,36.54,15620900.0
2022-09-30,36.52,36.81,36.44,36.49,14585900.0
2022-10-03,36.78,37.14,36.55,37.049999,25180700.0
2022-10-04,37.75,38.21,37.7,38.09,15692700.0
2022-10-05,38.049999,38.28,37.8,38.16,11790500.0
2022-10-06,37.96,38.18,37.86,37.89,12713600.0
2022-10-07,37.5,37.59,37.07,37.14,14150700.0
2022-10-10,36.91,36.91,36.49,36.63,11826300.0
2022-10-11,36.22,36.45,35.95,36.060001,14793200.0
2022-10-12,36.080002,36.24,35.93,36.049999,13520200.0
2022-10-13,35.17,36.37,35.14,36.19,24983600.0
2022-10-14,36.42,36.42,35.64,35.66,17628500.0
2022-10-17,36.34,36.73,36.34,36.57,19459100.0
2022-10-18,36.92,36.99,36.33,36.58,13684600.0
2022-10-19,36.0099983,36.24,35.83,35.94,14793200.0
2022-10-20,36.21,36.75,36.17,36.22,11343100.0
2022-10-21,36.09,36.75,35.99,36.75,12821500.0
2022-10-24,35.37,35.43,34.88,35.32,32579800.0
2022-10-25,35.33,35.65,35.33,35.61,18412100.0
2022-10-26,35.68,36.4,35.65,36.09,14333800.0
2022-10-27,35.84,36.16,35.78,35.83,14762300.0
2022-10-28,35.34,35.58,35.22,35.58,12132400.0
2022-10-31,35.16,35.5,35.15,35.45,18313400.0
2022-11-01,36.3,36.38,35.91,36.040001,21685500.0
2022-11-02,36.14,36.54,35.76,35.77,18052600.0
2022-11-03,35.57,36.17,35.57,36.060001,19192000.0
2022-11-04,37.38,37.53,37.02,37.53,18646100.0
2022-11-07,37.65,37.73,37.33,37.46,14516600.0
2022-11-08,37.42,37.78,37.27,37.62,16713600.0
2022-11-09,37.28,37.44,36.88,36.93,11003200.0
2022-11-10,37.85,38.2,37.71,38.17,14703600.0
2022-11-11,38.7,39.07,38.64,38.94,13116800.0
2022-11-14,38.83,39.07,38.69,38.81,19903400.0
2022-11-15,39.98,39.98,39.41,39.67,14947400.0
2022-11-16,39.37,39.39,39.02,39.040001,12313200.0
2022-11-17,38.45,39.28,38.43,39.25,10152900.0
2022-11-18,39.080002,39.13,38.81,38.97,13884800.0
2022-11-21,38.62,38.69,38.42,38.61,11523200.0
2022-11-22,38.58,38.73,38.47,38.71,12576700.0
2022-11-23,38.73,38.97,38.69,38.92,8148200.0
2022-11-25,38.87,38.91,38.74,38.78,4877400.0
2022-11-28,38.7,39.07,38.65,38.69,14967900.0
2022-11-29,39.42,39.6,39.33,39.45,12193700.0
2022-11-30,40.26,40.65,40.0099983,40.52,16331300.0
2022-12-01,40.62,40.69,40.26,40.42,18123200.0
2022-12-02,40.16,40.78,40.16,40.67,12581500.0
2022-12-05,40.72,40.72,40.15,40.26,11066600.0
2022-12-06,40.45,40.48,40.17,40.29,10671300.0
2022-12-07,39.96,40.16,39.88,40.049999,13380600.0
2022-12-08,40.45,40.65,40.31,40.51,16254600.0
2022-12-09,40.5,40.56,40.17,40.17,10962700.0
2022-12-12,40.049999,40.060001,39.71,40.060001,15846000.0
2022-12-13,40.8,40.92,40.2,40.27,20943100.0
2022-12-14,40.33,40.51,40.07,40.34,19430000.0
2022-12-15,40.099998,40.26,39.49,39.56,16821500.0
2022-12-16,39.68,39.8,39.49,39.51,12156700.0
2022-12-19,39.16,39.16,38.85,38.95,19755100.0
2022-12-20,38.75,38.99,38.69,38.82,18051400.0
2022-12-21,38.8,39.19,38.7,39.18,15728300.0
2022-12-22,39.07,39.07,38.53,38.83,17285500.0
2022-12-23,38.77,38.87,38.57,38.75,14616500.0
2022-12-27,39.080002,39.55,39.049999,39.36,13829000.0
2022-12-28,39.25,39.3,38.79,38.79,15688000.0
2022-12-29,39.26,39.56,39.23,39.46,13383100.0
2022-12-30,39.25,39.35,38.83,38.98,15760600.0
2023-01-03,39.48,39.78,39.29,39.4,12098600.0
2023-01-04,39.95,40.46,39.74,40.42,13970300.0
2023-01-05,40.080002,40.38,40.049999,40.3,9447800.0
2023-01-06,40.48,41.0099983,40.26,40.99,12189500.0
2023-01-09,41.39,41.49,41.2,41.21,14642900.0
2023-01-10,41.33,41.51,41.15,41.5,8682200.0
2023-01-11,41.41,41.69,41.34,41.67,11254400.0
2023-01-12,41.73,41.95,41.36,41.86,12603900.0
2023-01-13,41.79,42.16,41.79,42.14,8663200.0
2023-01-17,41.9,41.96,41.75,41.92,14381200.0
2023-01-18,42.25,42.33,41.67,41.67,10775600.0
2023-01-19,41.84,42.12,41.83,42.0,11808300.0
2023-01-20,42.21,42.5,42.07,42.49,12689100.0
2023-01-23,42.58,42.99,42.52,42.8,13000000.0
2023-01-24,42.66,42.87,42.6,42.84,13591800.0
2023-01-25,42.6,42.87,42.4,42.85,8435800.0
2023-01-26,43.099998,43.22,42.9,43.18,10829900.0
2023-01-27,43.0099983,43.0099983,42.77,42.89,11910800.0
2023-01-30,42.3,42.43,42.12,42.12,11908200.0
2023-01-31,41.97,42.23,41.88,42.23,14673600.0
2023-02-01,42.35,42.79,42.099998,42.66,23841300.0
2023-02-02,42.67,42.67,42.2,42.36,11068700.0
2023-02-03,41.93,42.19,41.61,41.69,13327200.0
2023-02-06,41.09,41.32,40.95,41.26,12668700.0
2023-02-07,41.22,41.48,40.96,41.34,11589100.0
2023-02-08,41.39,41.45,41.07,41.26,11288000.0
2023-02-09,41.74,41.81,41.3,41.42,8787500.0
2023-02-10,41.22,41.24,40.96,41.07,6052700.0
2023-02-13,41.25,41.52,41.16,41.44,5597800.0
2023-02-14,41.099998,41.5,41.0,41.32,8875500.0
2023-02-15,40.87,41.13,40.8,41.12,8818400.0
2023-02-16,40.89,41.26,40.77,41.040001,7802700.0
2023-02-17,40.67,40.77,40.53,40.71,7075600.0
2023-02-21,40.5,40.69,40.26,40.26,12837300.0
2023-02-22,40.19,40.31,40.0,40.09,14404200.0
2023-02-23,40.55,40.6,40.02,40.23,13227300.0
2023-02-24,39.48,39.64,39.31,39.46,20141500.0
2023-02-27,39.73,39.75,39.58,39.66,14329600.0
2023-02-28,39.53,39.69,39.39,39.42,10625000.0
2023-03-01,40.31,40.36,40.13,40.21,12820000.0
2023-03-02,40.099998,40.5,40.02,40.39,13843800.0
2023-03-03,40.5,40.76,40.45,40.69,8122600.0
2023-03-06,40.65,40.83,40.51,40.55,8619700.0
2023-03-07,40.4,40.41,39.94,39.95,9885900.0
2023-03-08,40.02,40.24,40.0099983,40.16,6696800.0
2023-03-09,39.8,39.88,39.28,39.34,8372600.0
2023-03-10,39.31,39.49,39.080002,39.12,14675700.0
2023-03-13,38.94,39.33,38.85,39.080002,14464000.0
2023-03-14,39.029999,39.19,38.92,39.099998,10215200.0
2023-03-15,38.33,38.48,38.11,38.45,23584100.0
2023-03-16,38.35,38.96,38.31,38.94,14642100.0
2023-03-17,38.97,38.98,38.62,38.74,8361300.0
2023-03-20,38.63,38.91,38.52,38.78,7514800.0
2023-03-21,39.13,39.28,39.0,39.19,7121900.0
2023-03-22,39.44,39.85,39.29,39.31,8075800.0
2023-03-23,39.96,40.21,39.6,39.79,9410700.0
2023-03-24,39.53,39.73,39.46,39.71,8957900.0
2023-03-27,39.43,39.54,39.32,39.52,7548100.0
2023-03-28,39.79,40.0,39.78,39.99,5786400.0
2023-03-29,40.029999,40.19,39.92,40.13,9960600.0
2023-03-30,40.45,40.62,40.34,40.52,6306800.0
2023-03-31,40.48,40.58,40.31,40.4,8309800.0
2023-04-03,40.44,40.6,40.39,40.57,9475800.0
2023-04-04,40.51,40.63,40.41,40.61,6596700.0
2023-04-05,40.54,40.54,40.099998,40.25,6787900.0
2023-04-06,40.27,40.58,40.16,40.49,7399600.0
2023-04-10,40.27,40.42,40.21,40.4,5814800.0
2023-04-11,40.74,40.84,40.65,40.7,7100300.0
2023-04-12,40.78,40.82,40.34,40.39,7865500.0
2023-04-13,40.79,40.94,40.75,40.88,5708200.0
2023-04-14,40.7,40.85,40.5,40.66,6061600.0
2023-04-17,40.88,40.93,40.73,40.88,14731500.0
2023-04-18,40.9,40.95,40.69,40.8,8100500.0
2023-04-19,40.37,40.45,40.27,40.38,6359200.0
2023-04-20,40.35,40.57,40.23,40.33,6724200.0
2023-04-21,40.02,40.02,39.76,39.95,6920600.0
2023-04-24,39.89,39.96,39.78,39.9,8266900.0
2023-04-25,39.44,39.48,39.18,39.22,10370800.0
2023-04-26,39.7,39.75,39.45,39.49,10182000.0
2023-04-27,39.69,40.040001,39.66,40.0,8388200.0
2023-04-28,40.049999,40.27,40.029999,40.24,9111300.0
2023-05-01,40.080002,40.37,40.07,40.11,13057500.0
2023-05-02,39.94,39.94,39.55,39.69,11429900.0
2023-05-03,39.73,39.92,39.65,39.68,9552800.0
2023-05-04,40.040001,40.13,39.92,40.02,8866000.0
2023-05-05,40.16,40.5,40.09,40.45,6629800.0
2023-05-08,40.6,40.63,40.39,40.46,26327200.0
2023-05-09,40.09,40.25,40.040001,40.21,9169700.0
2023-05-10,40.22,40.32,40.02,40.22,11900700.0
2023-05-11,39.95,40.09,39.8,40.060001,28532700.0
2023-05-12,39.82,39.84,39.55,39.61,26729700.0
2023-05-15,40.0,40.33,39.85,40.3,20806300.0
2023-05-16,40.0,40.18,39.98,40.02,18151700.0
2023-05-17,39.98,40.2,39.9,40.16,9341700.0
2023-05-18,39.99,39.99,39.74,39.91,9298600.0
2023-05-19,39.94,39.99,39.79,39.89,8734000.0
2023-05-22,40.13,40.33,40.12,40.15,8717400.0
2023-05-23,39.82,39.9,39.53,39.55,11626700.0
2023-05-24,39.47,39.51,39.23,39.27,8592200.0
2023-05-25,39.4,39.4,39.14,39.2,9488900.0
2023-05-26,39.55,39.9,39.5,39.85,8469500.0
2023-05-30,39.68,39.69,39.23,39.33,12867000.0
2023-05-31,39.14,39.17,38.73,39.049999,13526500.0
2023-06-01,39.13,39.75,39.11,39.72,14261200.0
2023-06-02,40.29,40.43,40.27,40.35,9367600.0
2023-06-05,40.22,40.35,40.14,40.31,7578800.0
2023-06-06,40.21,40.65,40.17,40.62,7998700.0
2023-06-07,40.65,40.87,40.47,40.53,8395400.0
2023-06-08,40.54,40.78,40.53,40.75,8976100.0
2023-06-09,40.79,41.02,40.77,40.86,10055100.0
2023-06-12,40.93,41.0,40.86,40.96,7245900.0
2023-06-13,41.35,41.48,41.24,41.3,8306100.0
2023-06-14,41.4,41.75,41.37,41.69,8886900.0
2023-06-15,41.9,42.099998,41.86,42.09,10193000.0
2023-06-16,42.14,42.15,41.86,41.94,9704300.0
2023-06-20,41.2,41.24,40.88,40.97,12278200.0
2023-06-21,40.86,40.95,40.74,40.9,8392800.0
2023-06-22,40.6,40.76,40.54,40.72,6856700.0
2023-06-23,40.2,40.22,40.029999,40.15,8339800.0
2023-06-26,40.31,40.46,40.24,40.28,8476200.0
2023-06-27,40.6,40.68,40.47,40.66,7398200.0
2023-06-28,40.42,40.55,40.35,40.5,7332800.0
2023-06-29,40.26,40.36,40.22,40.33,9086400.0
2023-06-30,40.69,40.82,40.59,40.68,7622800.0
2023-07-03,41.099998,41.27,41.02,41.080002,4891400.0
2023-07-05,40.95,40.96,40.81,40.88,8001600.0
2023-07-06,40.33,40.39,39.96,40.099998,7924400.0
2023-07-07,40.27,40.77,40.27,40.58,6731400.0
2023-07-10,40.35,40.61,40.3,40.59,5512800.0
2023-07-11,40.8,40.98,40.63,40.95,7374900.0
2023-07-12,41.49,41.79,41.46,41.73,7753200.0
2023-07-13,41.91,42.22,41.9,42.19,7400300.0
2023-07-14,42.049999,42.080002,41.89,41.93,8033600.0
2023-07-17,41.77,41.99,41.59,41.98,5386800.0
2023-07-18,41.74,41.84,41.56,41.68,6711500.0
2023-07-19,41.75,41.92,41.59,41.62,7513000.0
2023-07-20,41.51,41.56,41.3,41.36,16580400.0
2023-07-21,41.45,41.51,41.29,41.34,8739400.0
2023-07-24,41.41,41.99,41.37,41.89,5984000.0
2023-07-25,42.38,42.41,42.18,42.21,6986000.0
2023-07-26,42.060001,42.59,42.040001,42.47,6717700.0
2023-07-27,42.51,42.54,41.95,42.0,7094600.0
2023-07-28,42.82,43.040001,42.76,43.02,7433300.0
2023-07-31,42.88,43.099998,42.81,43.07,6857800.0
2023-08-01,42.65,42.7,42.42,42.47,5868100.0
2023-08-02,41.89,41.9,41.46,41.55,8465400.0
2023-08-03,41.64,41.87,41.6,41.73,6815700.0
2023-08-04,41.93,42.14,41.72,41.78,7930900.0
2023-08-07,41.89,41.89,41.58,41.71,8382300.0
2023-08-08,41.16,41.29,40.97,41.28,8101300.0
2023-08-09,41.5,41.53,41.18,41.35,6947800.0
2023-08-10,41.61,41.94,41.35,41.43,7871700.0
2023-08-11,40.97,41.0,40.73,40.83,8667700.0
2023-08-14,40.45,40.7,40.3,40.64,9253000.0
2023-08-15,40.45,40.47,40.15,40.21,9959000.0
2023-08-16,40.099998,40.24,39.92,39.94,9421100.0
2023-08-17,40.46,40.46,40.02,40.07,10690300.0
2023-08-18,39.68,39.88,39.63,39.82,12520800.0
2023-08-21,39.77,39.92,39.68,39.91,7957800.0
2023-08-22,40.07,40.09,39.78,39.84,9951400.0
2023-08-23,40.12,40.49,40.11,40.43,8213500.0
2023-08-24,40.52,40.59,40.23,40.26,9860900.0
2023-08-25,40.23,40.31,39.93,40.23,10158300.0
2023-08-28,40.52,40.67,40.45,40.63,9341400.0
2023-08-29,40.76,41.18,40.66,41.17,10768900.0
2023-08-30,40.97,41.15,40.96,41.02,7344200.0
2023-08-31,40.8,40.8,40.51,40.53,8443700.0
2023-09-01,41.07,41.16,40.9,40.97,11385100.0
2023-09-05,40.82,40.85,40.67,40.73,8283200.0
2023-09-06,40.68,40.9,40.5,40.54,8385200.0
2023-09-07,40.19,40.21,40.02,40.12,7904200.0
2023-09-08,40.22,40.28,40.11,40.2,7729100.0
2023-09-11,40.57,40.68,40.47,40.66,7020300.0
2023-09-12,40.38,40.66,40.35,40.55,7308600.0
2023-09-13,40.48,40.62,40.42,40.51,8036800.0
2023-09-14,40.71,40.85,40.6,40.75,6672500.0
2023-09-15,40.7,40.74,40.5,40.54,8296300.0
2023-09-18,40.060001,40.17,39.98,40.15,7427900.0
2023-09-19,40.0099983,40.080002,39.89,39.95,7604100.0
2023-09-20,40.0099983,40.19,39.82,39.83,9652000.0
2023-09-21,39.32,39.38,39.19,39.19,12836100.0
2023-09-22,39.82,39.86,39.61,39.65,13280100.0
2023-09-25,39.36,39.53,39.34,39.5,9023800.0
2023-09-26,39.2,39.3,39.0,39.040001,12282900.0
2023-09-27,39.25,39.28,38.92,39.09,12274500.0
2023-09-28,38.93,39.21,38.87,39.17,8924400.0
2023-09-29,39.61,39.61,39.17,39.21,11064200.0
2023-10-02,39.21,39.25,38.97,39.07,15001400.0
2023-10-03,38.73,38.86,38.51,38.57,14829500.0
2023-10-04,38.48,38.54,38.31,38.41,12806100.0
2023-10-05,38.49,38.58,38.31,38.57,12896000.0
2023-10-06,38.58,39.18,38.53,39.099998,8077500.0
2023-10-09,38.58,38.88,38.51,38.86,8680800.0
2023-10-10,39.15,39.52,39.15,39.48,10417300.0
2023-10-11,39.65,39.77,39.47,39.6,8324500.0
2023-10-12,39.65,39.66,39.060001,39.18,10723000.0
2023-10-13,39.2,39.34,38.95,39.029999,8884300.0
2023-10-16,39.0099983,39.37,38.99,39.31,9309500.0
2023-10-17,38.96,39.34,38.96,39.14,7607500.0
2023-10-18,38.75,38.76,38.45,38.5,8860600.0
2023-10-19,38.46,38.63,38.34,38.36,12489600.0
2023-10-20,38.07,38.15,37.88,37.9,12400000.0
2023-10-23,37.61,37.95,37.46,37.82,10778600.0
2023-10-24,37.92,38.35,37.92,38.29,10458700.0
2023-10-25,37.97,38.060001,37.8,37.88,12138000.0
2023-10-26,37.65,37.83,37.61,37.74,14799400.0
2023-10-27,38.12,38.21,37.73,37.78,11386300.0
2023-10-30,38.33,38.39,38.029999,38.12,10203000.0
2023-10-31,37.86,37.94,37.66,37.94,10625700.0
2023-11-01,37.89,38.22,37.84,38.21,10184900.0
2023-11-02,38.69,38.83,38.6,38.8,8751400.0
2023-11-03,39.21,39.59,39.2,39.51,8225300.0
2023-11-06,39.75,39.78,39.56,39.63,7206300.0
2023-11-07,39.53,39.66,39.33,39.64,8266100.0
2023-11-08,39.54,39.66,39.41,39.46,8356200.0
2023-11-09,39.44,39.53,39.07,39.11,6534800.0
2023-11-10,39.17,39.39,39.09,39.38,6802200.0
2023-11-13,39.32,39.59,39.25,39.45,6659600.0
2023-11-14,39.95,40.42,39.92,40.37,9723700.0
2023-11-15,40.62,40.85,40.55,40.65,11710600.0
2023-11-16,40.2,40.41,40.07,40.23,8660000.0
2023-11-17,40.3,40.42,40.26,40.39,19053100.0
2023-11-20,40.5,40.87,40.5,40.82,8716600.0
2023-11-21,40.75,40.82,40.52,40.58,7471700.0
2023-11-22,40.54,40.62,40.36,40.47,6353500.0
2023-11-24,40.44,40.63,40.42,40.6,2391500.0
2023-11-27,40.44,40.48,40.35,40.41,10166800.0
2023-11-28,40.6,40.78,40.52,40.74,9536100.0
2023-11-29,40.52,40.74,40.48,40.51,11069500.0
2023-11-30,40.61,40.67,40.35,40.63,9398300.0
2023-12-01,40.43,40.81,40.32,40.8,9283100.0
2023-12-04,40.55,40.64,40.37,40.44,11018200.0
2023-12-05,40.17,40.34,40.09,40.3,8508300.0
2023-12-06,40.46,40.55,40.25,40.25,10089300.0
2023-12-07,40.39,40.45,40.29,40.41,7593100.0
2023-12-08,40.13,40.31,40.049999,40.21,7658200.0
2023-12-11,40.19,40.41,40.14,40.39,13378300.0
2023-12-12,40.26,40.41,40.099998,40.39,10349000.0
2023-12-13,40.2,40.77,40.029999,40.77,11221200.0
2023-12-14,41.0,41.37,40.99,41.31,13440600.0
2023-12-15,41.31,41.36,41.07,41.07,11128700.0
2023-12-18,40.11,40.22,40.0,40.2,11145300.0
2023-12-19,40.29,40.53,40.25,40.48,9147300.0
2023-12-20,40.099998,40.17,39.61,39.63,16805400.0
2023-12-21,40.26,40.42,40.15,40.4,15129700.0
2023-12-22,40.18,40.32,40.099998,40.26,13385100.0
2023-12-26,40.5,40.62,40.45,40.52,12500800.0
2023-12-27,40.62,40.78,40.61,40.74,9863800.0
2023-12-28,41.040001,41.19,40.98,40.99,11344600.0
2023-12-29,40.97,41.23,40.97,41.099998,10313800.0
2024-01-02,40.73,40.83,40.53,40.62,11730100.0
2024-01-03,40.36,40.61,40.29,40.5,9683200.0
2024-01-04,40.48,40.62,40.4,40.43,9929100.0
2024-01-05,40.5,40.72,40.44,40.49,8938300.0
2024-01-08,40.19,40.57,40.16,40.56,11027400.0
2024-01-09,40.09,40.16,40.0099983,40.09,13068500.0
2024-01-10,40.12,40.13,39.98,40.049999,8019700.0
2024-01-11,40.31,40.33,39.97,40.22,12870600.0
2024-01-12,40.53,40.67,40.38,40.41,7892100.0
2024-01-16,39.94,39.97,39.52,39.57,12668400.0
2024-01-17,38.9,39.060001,38.83,39.040001,15727300.0
2024-01-18,39.25,39.35,39.11,39.27,10678200.0
2024-01-19,39.36,39.65,39.2,39.63,9934800.0
2024-01-22,39.19,39.41,39.16,39.32,10555600.0
2024-01-23,39.35,39.59,39.32,39.54,11831400.0
2024-01-24,40.27,40.3,40.0099983,40.049999,11096700.0
2024-01-25,40.22,40.3,40.040001,40.15,8637800.0
2024-01-26,40.080002,40.27,40.049999,40.16,7775300.0
2024-01-29,40.26,40.27,39.95,40.17,12469700.0
2024-01-30,39.74,39.82,39.64,39.79,8527000.0
2024-01-31,39.7,39.98,39.56,39.64,9833700.0
2024-02-01,39.78,39.93,39.69,39.91,12720700.0
2024-02-02,39.59,39.67,39.43,39.63,10067300.0
2024-02-05,39.52,39.79,39.49,39.73,10195400.0
2024-02-06,40.38,40.72,40.31,40.71,10777600.0
2024-02-07,40.55,40.75,40.52,40.68,9253800.0
2024-02-08,40.53,40.58,40.38,40.47,7914500.0
2024-02-09,40.49,40.67,40.32,40.63,8825000.0
2024-02-12,40.58,41.0,40.55,40.81,8682500.0
2024-02-13,40.38,40.49,39.91,40.060001,35414600.0
2024-02-14,40.55,40.69,40.49,40.64,9530700.0
2024-02-15,40.74,40.9,40.72,40.89,7562500.0
2024-02-16,41.040001,41.22,41.02,41.09,8155600.0
2024-02-20,41.23,41.32,41.049999,41.17,8923700.0
2024-02-21,41.22,41.35,41.09,41.21,11952700.0
2024-02-22,41.55,41.62,41.41,41.57,14835700.0
2024-02-23,41.58,41.63,41.44,41.58,8514500.0
2024-02-26,41.44,41.53,41.4,41.44,9508400.0
2024-02-27,41.57,41.64,41.54,41.57,11725900.0
2024-02-28,41.29,41.29,40.88,40.93,6849100.0
2024-02-29,41.15,41.19,40.96,41.02,10169300.0
2024-03-01,41.35,41.63,41.27,41.57,15638900.0
2024-03-04,41.6,41.6,41.36,41.4,8596700.0
2024-03-05,41.23,41.35,41.060001,41.12,7463300.0
2024-03-06,41.66,41.79,41.6,41.63,10248500.0
2024-03-07,41.7,41.88,41.6,41.83,7739600.0
2024-03-08,41.9,42.0099983,41.71,41.76,12121100.0
2024-03-11,41.81,42.0,41.81,41.87,6976400.0
2024-03-12,42.09,42.24,41.98,42.23,6316500.0
2024-03-13,41.98,42.07,41.93,41.99,10209100.0
2024-03-14,42.040001,42.060001,41.67,41.76,6643000.0
2024-03-15,41.75,41.77,41.58,41.6,5912700.0
2024-03-18,41.92,41.92,41.65,41.69,6729200.0
2024-03-19,41.52,41.6,41.35,41.52,7812700.0
2024-03-20,41.57,41.87,41.47,41.85,9988200.0
2024-03-21,42.09,42.09,41.85,41.88,8668500.0
2024-03-22,41.69,41.71,41.56,41.61,8168700.0
2024-03-25,41.55,41.67,41.55,41.61,8294900.0
2024-03-26,41.65,41.65,41.52,41.52,8532300.0
2024-03-27,41.54,41.64,41.47,41.63,6784100.0
2024-03-28,41.71,41.89,41.68,41.77,6862800.0
2024-04-01,42.02,42.19,41.85,41.94,9390000.0
2024-04-02,42.11,42.24,42.029999,42.080002,8542100.0
2024-04-03,41.95,42.21,41.91,42.14,17641800.0
2024-04-04,42.46,42.58,41.97,41.99,15019100.0
2024-04-05,41.99,42.2,41.92,42.12,13412800.0
2024-04-08,42.31,42.46,42.31,42.38,12719900.0
2024-04-09,42.69,42.82,42.58,42.75,8974600.0
2024-04-10,42.34,42.41,42.17,42.28,13390400.0
2024-04-11,42.42,42.47,42.18,42.42,9347300.0
2024-04-12,42.0,42.0,41.52,41.6,12304300.0
2024-04-15,41.8,41.85,41.26,41.34,13310700.0
2024-04-16,40.85,40.99,40.72,40.83,16523300.0
2024-04-17,41.13,41.15,40.79,40.9,14338700.0
2024-04-18,41.02,41.2,40.91,41.0099983,8766000.0
2024-04-19,40.83,40.95,40.76,40.89,16916700.0
2024-04-22,40.87,41.27,40.85,41.24,8416500.0
2024-04-23,41.29,41.61,41.28,41.58,7065000.0
2024-04-24,41.75,41.8,41.56,41.71,5988800.0
2024-04-25,41.41,41.87,41.41,41.84,8399900.0
2024-04-26,42.19,42.34,42.15,42.32,6255300.0
2024-04-29,42.54,42.74,42.5,42.74,6554300.0
2024-04-30,42.39,42.48,42.15,42.17,10650600.0
2024-05-01,42.19,42.61,42.16,42.22,12105500.0
2024-05-02,42.81,43.35,42.67,43.25,7447700.0
2024-05-03,43.49,43.65,43.33,43.63,9291800.0
2024-05-06,43.54,43.6,43.47,43.55,8758100.0
2024-05-07,43.29,43.34,43.2,43.24,7311100.0
2024-05-08,42.99,43.24,42.97,43.2,8144800.0
2024-05-09,43.25,43.39,43.13,43.37,9857800.0
2024-05-10,43.63,43.69,43.43,43.46,7764000.0
2024-05-13,43.88,43.94,43.73,43.8,6805000.0
2024-05-14,43.83,44.029999,43.82,44.02,8627200.0
2024-05-15,44.25,44.41,44.099998,44.4,7240600.0
2024-05-16,44.46,44.65,44.41,44.57,9801100.0
2024-05-17,44.71,44.97,44.67,44.89,9999900.0
2024-05-20,44.71,44.86,44.68,44.79,8348500.0
2024-05-21,44.57,44.62,44.41,44.53,5187400.0
2024-05-22,44.52,44.6,44.3,44.4,5654300.0
2024-05-23,44.55,44.57,43.98,44.060001,7511400.0
2024-05-24,44.17,44.32,44.13,44.2,5688000.0
2024-05-28,44.25,44.34,43.98,44.080002,5834500.0
2024-05-29,43.56,43.62,43.45,43.53,8038200.0
2024-05-30,43.33,43.56,43.27,43.45,5290500.0
2024-05-31,43.07,43.099998,42.79,43.080002,10096300.0
2024-06-03,43.62,43.74,43.31,43.51,10536500.0
2024-06-04,42.75,42.87,42.61,42.83,13022800.0
2024-06-05,43.07,43.4,43.07,43.38,8354800.0
2024-06-06,43.54,43.64,43.42,43.58,7268300.0
2024-06-07,43.46,43.54,43.17,43.22,8035800.0
2024-06-10,43.43,43.52,43.15,43.45,7629700.0
2024-06-11,43.31,43.36,43.13,43.35,7057100.0
2024-06-12,43.82,43.93,43.61,43.69,9027600.0
2024-06-13,43.76,43.84,43.5,43.64,4471900.0
2024-06-14,43.6,43.77,43.51,43.76,6505800.0
2024-06-17,43.81,44.049999,43.75,44.0,4790200.0
2024-06-18,44.12,44.43,44.040001,44.35,7175100.0
2024-06-20,44.44,44.46,44.080002,44.27,9742900.0
2024-06-21,44.02,44.09,43.94,43.95,8758500.0
2024-06-24,43.96,44.23,43.92,43.92,6846700.0
2024-06-25,43.88,43.93,43.68,43.79,10373600.0
2024-06-26,43.66,43.72,43.56,43.67,7393200.0
2024-06-27,43.79,43.82,43.61,43.65,9108200.0
2024-06-28,43.93,43.95,43.66,43.76,9177500.0
2024-07-01,44.029999,44.080002,43.8,43.86,12952900.0
2024-07-02,43.79,44.040001,43.75,44.02,8358400.0
2024-07-03,44.24,44.68,44.24,44.67,7496300.0
2024-07-05,44.67,44.7,44.37,44.66,7304400.0
2024-07-08,44.7,44.8,44.61,44.66,8687100.0
2024-07-09,44.77,44.87,44.65,44.85,9928800.0
2024-07-10,44.95,45.040001,44.88,45.029999,7567400.0
2024-07-11,45.51,45.59,45.27,45.38,8468200.0
2024-07-12,45.56,45.73,45.56,45.59,6332300.0
2024-07-15,45.34,45.34,45.080002,45.12,8192800.0
2024-07-16,45.18,45.41,45.15,45.41,7094000.0
2024-07-17,44.97,45.0099983,44.72,44.75,8376500.0
2024-07-18,44.84,44.85,44.29,44.36,7141200.0
2024-07-19,44.19,44.23,43.91,43.93,8240500.0
2024-07-22,44.22,44.32,44.099998,44.27,6633700.0
2024-07-23,43.92,43.95,43.79,43.81,7529800.0
2024-07-24,43.72,43.8,43.34,43.35,7505400.0
2024-07-25,43.21,43.55,43.099998,43.24,9856100.0
2024-07-26,43.67,43.81,43.56,43.72,10790800.0
2024-07-29,43.69,43.7,43.43,43.57,5465400.0
2024-07-30,43.62,43.62,43.3,43.45,6055000.0
2024-07-31,44.22,44.41,44.16,44.29,7014000.0
2024-08-01,44.07,44.17,43.46,43.56,23320700.0
2024-08-02,43.040001,43.11,42.82,43.09,13596500.0
2024-08-05,40.97,42.14,40.91,41.9,17981300.0
2024-08-06,41.87,42.49,41.8,42.19,13328000.0
2024-08-07,43.080002,43.13,42.5,42.52,13033700.0
2024-08-08,43.049999,43.47,42.98,43.44,10484100.0
2024-08-09,43.47,43.64,43.32,43.55,7496800.0
2024-08-12,43.65,43.86,43.6,43.74,7570400.0
2024-08-13,43.82,44.11,43.75,44.07,5378800.0
2024-08-14,43.98,44.02,43.67,43.79,8553800.0
2024-08-15,44.0099983,44.35,44.0,44.27,7715100.0
2024-08-16,44.51,44.75,44.5,44.73,3570700.0
2024-08-19,44.94,45.26,44.91,45.19,6170400.0
2024-08-20,44.99,44.99,44.65,44.75,10259400.0
2024-08-21,44.8,45.02,44.8,44.96,8536500.0
2024-08-22,44.79,44.85,44.37,44.43,10341300.0
2024-08-23,44.83,45.15,44.71,45.07,8900700.0
2024-08-26,44.88,44.94,44.7,44.78,7267600.0
2024-08-27,44.75,44.87,44.68,44.83,7969600.0
2024-08-28,44.71,44.75,44.42,44.54,8009300.0
2024-08-29,44.67,44.82,44.59,44.6,9398100.0
2024-08-30,44.85,44.89,44.56,44.72,4305300.0
2024-09-03,44.45,44.45,43.95,44.040001,12945100.0
2024-09-04,43.92,44.25,43.92,44.02,8069800.0
2024-09-05,44.12,44.31,44.040001,44.14,8108800.0
2024-09-06,44.14,44.23,43.44,43.5,7794100.0
2024-09-09,43.66,43.89,43.64,43.8,6432800.0
2024-09-10,43.72,43.74,43.4,43.7,6925700.0
2024-09-11,43.63,44.02,43.3,43.97,5534800.0
2024-09-12,44.0099983,44.28,43.92,44.26,5350400.0
2024-09-13,44.36,44.53,44.36,44.46,5074900.0
2024-09-16,44.58,44.67,44.46,44.63,7750700.0
2024-09-17,44.8,44.85,44.58,44.68,7129300.0
2024-09-18,44.74,45.049999,44.48,44.52,7547400.0
2024-09-19,45.28,45.52,45.099998,45.45,7295500.0
2024-09-20,45.4,45.46,45.2,45.29,5975100.0
2024-09-23,45.57,45.8,45.52,45.66,8742600.0
2024-09-24,46.83,47.33,46.67,47.25,9822000.0
2024-09-25,47.0,47.07,46.75,46.77,10615400.0
2024-09-26,48.28,48.43,47.9,48.26,9345700.0
2024-09-27,48.36,48.6,48.19,48.25,12020500.0
2024-09-30,48.3,48.32,47.72,47.85,13600800.0
2024-10-01,48.07,48.22,47.66,48.21,15944400.0
2024-10-02,49.12,49.21,48.73,49.21,11686700.0
2024-10-03,48.17,48.68,48.11,48.47,12395300.0
2024-10-04,48.93,49.060001,48.71,49.060001,8533900.0
2024-10-07,49.39,49.57,49.099998,49.49,11884500.0
2024-10-08,48.080002,48.18,47.63,48.040001,13781800.0
2024-10-09,47.3,47.82,47.22,47.71,14915900.0
2024-10-10,47.8,47.91,47.44,47.81,13793600.0
2024-10-11,47.65,48.22,47.61,48.15,8903100.0
2024-10-14,47.8,48.24,47.7,47.92,8111600.0
2024-10-15,47.5,47.55,46.88,46.96,7197200.0
2024-10-16,47.31,47.53,47.24,47.4,5157800.0
2024-10-17,47.23,47.35,47.040001,47.25,5971400.0
2024-10-18,48.099998,48.099998,47.77,47.83,4309000.0
2024-10-21,47.49,47.6,47.26,47.49,4572000.0
2024-10-22,47.32,47.54,47.31,47.43,5096100.0
2024-10-23,47.24,47.37,46.95,47.13,6341900.0
2024-10-24,47.060001,47.15,46.86,47.080002,5688700.0
2024-10-25,47.31,47.34,46.96,47.040001,6644300.0
2024-10-28,47.040001,47.3,47.029999,47.19,5168900.0
2024-10-29,47.3,47.3,46.98,47.0099983,4484500.0
2024-10-30,46.57,46.81,46.52,46.67,5443000.0
2024-10-31,46.63,46.66,46.28,46.57,12630400.0
2024-11-01,46.82,47.0099983,46.55,46.58,9021100.0
2024-11-04,46.92,47.080002,46.73,46.73,5748600.0
2024-11-05,47.33,47.5,47.25,47.41,5433600.0
2024-11-06,46.74,47.12,46.55,46.96,7592600.0
2024-11-07,47.79,48.099998,47.74,47.98,7464700.0
2024-11-08,47.17,47.22,46.59,46.79,9563800.0
2024-11-11,46.7,46.71,46.4,46.52,7754800.0
2024-11-12,45.91,46.11,45.6,45.73,10307300.0
2024-11-13,45.82,45.86,45.43,45.49,8077600.0
2024-11-14,45.39,45.49,45.21,45.21,5310000.0
2024-11-15,45.29,45.29,45.040001,45.12,5938200.0
2024-11-18,45.14,45.52,45.14,45.5,6150600.0
2024-11-19,45.37,45.65,45.37,45.57,6387500.0
2024-11-20,45.52,45.57,45.32,45.56,5727400.0
2024-11-21,45.37,45.45,45.19,45.4,7958500.0
2024-11-22,45.31,45.41,45.23,45.41,9676600.0
2024-11-25,45.54,45.56,45.3,45.43,7512400.0
2024-11-26,45.38,45.4,45.13,45.19,6829600.0
2024-11-27,45.54,45.59,45.19,45.36,6838300.0
2024-11-29,45.029999,45.6,45.029999,45.57,5041200.0
2024-12-02,45.6,45.86,45.58,45.8,7995000.0
2024-12-03,45.83,46.0099983,45.73,45.99,6459700.0
2024-12-04,46.060001,46.12,45.96,46.060001,5962800.0
2024-12-05,46.29,46.42,46.27,46.36,8518300.0
2024-12-06,46.59,46.6,46.34,46.38,5264300.0
2024-12-09,47.5,47.86,47.47,47.51,8016800.0
2024-12-10,47.0,47.0,46.62,46.63,4972700.0
2024-12-11,46.68,46.75,46.51,46.71,10085600.0
2024-12-12,46.5,46.67,46.41,46.43,5510300.0
2024-12-13,46.49,46.53,46.31,46.45,5686500.0
2024-12-16,46.24,46.39,46.2,46.21,7880700.0
2024-12-17,46.0,46.19,45.85,46.099998,9017700.0
2024-12-18,45.97,46.099998,45.0099983,45.029999,10539000.0
2024-12-19,45.49,45.53,45.22,45.22,11289300.0
2024-12-20,44.22,44.58,44.0099983,44.4,12254500.0
2024-12-23,44.35,44.61,44.28,44.59,12668200.0
2024-12-24,44.83,44.83,44.57,44.77,6401300.0
2024-12-26,44.66,44.75,44.54,44.66,9727900.0
2024-12-27,44.44,44.53,44.3,44.5,11621300.0
2024-12-30,44.31,44.32,44.040001,44.11,9244100.0
2024-12-31,44.13,44.22,43.99,44.040001,8915800.0
2025-01-02,43.99,44.15,43.84,43.92,9015000.0
2025-01-03,44.049999,44.18,43.95,44.14,7090300.0
2025-01-06,44.55,44.55,44.080002,44.13,14552900.0
2025-01-07,44.32,44.36,43.83,43.85,9112700.0
2025-01-08,43.59,43.62,43.41,43.57,7991900.0
2025-01-10,43.0,43.02,42.72,42.81,13572400.0
2025-01-13,42.3,42.5,42.25,42.5,8281800.0
2025-01-14,43.2,43.2,42.83,43.0099983,20008000.0
2025-01-15,43.46,43.51,43.3,43.46,8989900.0
2025-01-16,43.6,43.61,43.44,43.44,7984200.0
2025-01-17,43.61,44.09,43.59,43.8,7930500.0
2025-01-21,44.14,44.27,43.99,44.21,8541700.0
2025-01-22,44.21,44.28,44.040001,44.17,8276000.0
2025-01-23,44.14,44.36,44.07,44.34,5612200.0
2025-01-24,44.52,44.63,44.36,44.58,5863400.0
2025-01-27,44.0,44.0,43.74,43.86,8042500.0
2025-01-28,43.88,44.14,43.63,44.11,6716500.0
2025-01-29,44.33,44.45,44.09,44.14,8798900.0
2025-01-30,44.44,44.95,44.42,44.82,7179100.0
2025-01-31,44.88,44.97,44.34,44.4,9880200.0
2025-02-03,43.75,44.38,43.66,44.14,14712300.0
2025-02-04,44.59,44.98,44.52,44.85,5600900.0
2025-02-05,44.64,44.78,44.57,44.65,5502100.0
2025-02-06,44.77,44.86,44.7,44.86,6457500.0
2025-02-07,45.26,45.37,44.84,44.88,8334900.0
2025-02-10,45.2,45.34,45.15,45.33,4835700.0
2025-02-11,45.02,45.25,44.93,45.14,4066400.0
2025-02-12,45.060001,45.49,44.97,45.36,7962200.0
2025-02-13,45.0,45.61,45.0,45.6,8905300.0
2025-02-14,45.77,45.9,45.69,45.88,5739800.0
2025-02-18,46.12,46.21,46.02,46.099998,7226900.0
2025-02-19,46.02,46.060001,45.9,45.97,4656800.0
2025-02-20,46.38,46.65,46.21,46.46,11032800.0
2025-02-21,46.71,46.88,46.26,46.4,8865400.0
2025-02-24,46.16,46.16,45.66,45.69,7218600.0
2025-02-25,45.72,45.8,45.51,45.67,8254500.0
2025-02-26,46.16,46.39,45.98,46.11,10751600.0
2025-02-27,45.8,45.83,45.26,45.3,7357200.0
2025-02-28,44.58,44.76,44.37,44.73,9729600.0
2025-03-03,44.93,45.040001,44.16,44.3,15146500.0
2025-03-04,44.45,45.049999,44.23,44.68,10263400.0
2025-03-05,45.48,46.080002,45.37,46.0099983,12869100.0
2025-03-06,46.0,46.18,45.74,45.77,10690500.0
2025-03-07,45.9,46.13,45.59,45.96,7457100.0
2025-03-10,45.43,45.43,44.65,44.93,9895200.0
2025-03-11,45.27,45.51,44.98,45.25,7704600.0
2025-03-12,45.36,45.47,45.099998,45.41,9465600.0
2025-03-13,45.02,45.38,44.94,45.27,7420000.0
2025-03-14,45.82,46.11,45.79,46.080002,6944600.0
2025-03-17,46.13,46.77,46.080002,46.71,9626800.0
2025-03-18,46.73,46.73,46.42,46.59,7580400.0
2025-03-19,46.72,46.83,46.47,46.66,8007900.0
2025-03-20,46.14,46.34,46.040001,46.24,6651900.0
2025-03-21,45.92,46.080002,45.82,45.98,5581000.0
2025-03-24,46.18,46.28,46.060001,46.12,6227100.0
2025-03-25,46.12,46.26,46.029999,46.07,5974200.0
2025-03-26,46.049999,46.12,45.73,45.79,9811700.0
2025-03-27,45.77,46.21,45.77,46.09,5447700.0
2025-03-28,45.79,45.79,45.23,45.31,9167400.0
2025-03-31,44.94,45.29,44.72,45.26,8140100.0
2025-04-01,45.3,45.47,45.049999,45.41,13223500.0
2025-04-02,45.31,45.59,45.28,45.45,6058600.0
2025-04-03,44.64,44.9,44.57,44.63,11227700.0
2025-04-04,42.79,43.060001,41.69,42.13,31160900.0
2025-04-07,40.09,41.87,39.93,40.43,38745400.0
2025-04-08,41.7,41.7,39.53,39.89,21585800.0
2025-04-09,40.099998,42.66,39.83,42.49,29071700.0
2025-04-10,42.12,42.31,41.17,41.94,17617000.0
2025-04-11,42.55,43.16,42.33,43.099998,16757000.0
2025-04-14,43.48,43.75,43.27,43.5,7442500.0
2025-04-15,43.76,43.76,43.5,43.51,5598400.0
2025-04-16,43.25,43.41,42.82,42.96,7211500.0
2025-04-17,43.48,43.64,43.28,43.3,7553700.0
2025-04-21,43.6,43.66,43.049999,43.35,6689400.0
2025-04-22,43.9,44.3,43.82,44.029999,8785500.0
2025-04-23,44.76,44.92,44.41,44.46,8130700.0
2025-04-24,44.74,45.07,44.58,45.02,4305200.0
2025-04-25,44.76,44.89,44.6,44.87,7557900.0
2025-04-28,45.0,45.049999,44.77,44.99,5881000.0
2025-04-29,45.07,45.21,45.029999,45.15,5248700.0
2025-04-30,45.099998,45.35,44.83,45.25,39652200.0
2025-05-01,45.46,45.51,45.21,45.23,10333800.0
2025-05-02,46.42,46.55,46.29,46.44,10651000.0
2025-05-05,46.84,47.0,46.8,46.81,6050500.0
2025-05-06,46.42,46.75,46.42,46.58,10111600.0
2025-05-07,46.24,46.3,45.93,46.0,6294700.0
2025-05-08,46.14,46.21,45.91,45.92,11808600.0
2025-05-09,46.45,46.52,46.17,46.25,6544300.0
2025-05-12,47.3,47.42,47.11,47.29,8861800.0
2025-05-13,47.07,47.53,47.0099983,47.37,8319500.0
2025-05-14,47.84,47.86,47.67,47.76,9528500.0
2025-05-15,47.76,47.76,47.49,47.68,6978000.0
2025-05-16,47.61,47.76,47.53,47.73,5940400.0
2025-05-19,47.51,47.93,47.49,47.93,6980600.0
2025-05-20,47.74,47.84,47.66,47.83,6938500.0
2025-05-21,47.99,48.080002,47.63,47.71,8524100.0
2025-05-22,47.55,47.72,47.46,47.6,10094800.0
2025-05-23,47.43,47.85,47.42,47.8,7399000.0
2025-05-27,47.59,47.68,47.48,47.63,5895500.0
2025-05-28,47.46,47.46,47.31,47.34,15196400.0
2025-05-29,47.75,47.76,47.4,47.55,10474600.0
2025-05-30,47.12,47.19,46.73,47.0,9403000.0
2025-06-02,47.12,47.34,46.99,47.33,16323000.0
2025-06-03,47.31,47.47,47.23,47.44,7926200.0
2025-06-04,47.8,47.98,47.75,47.91,8385800.0
2025-06-05,48.25,48.27,47.95,48.029999,9619000.0
2025-06-06,48.11,48.26,48.029999,48.24,6974600.0
2025-06-09,48.46,48.68,48.4,48.59,7796900.0
2025-06-10,48.85,48.95,48.7,48.95,6603200.0
2025-06-11,49.16,49.25,49.029999,49.11,8005700.0
2025-06-12,49.0,49.14,48.93,49.12,8442200.0
2025-06-13,48.3,48.54,48.23,48.38,8019000.0
2025-06-16,48.85,49.11,48.82,48.83,7234000.0
2025-06-17,48.54,48.61,48.22,48.28,7342700.0
2025-06-18,48.21,48.37,48.07,48.15,8555900.0
2025-06-20,48.0,48.0,47.54,47.56,7903000.0
2025-06-23,47.54,47.97,47.46,47.95,9587100.0
2025-06-24,48.58,49.029999,48.58,48.99,10711500.0
2025-06-25,49.11,49.15,49.0099983,49.11,7019000.0
2025-06-26,49.35,49.51,49.24,49.44,7417500.0
2025-06-27,49.36,49.49,49.23,49.39,8246100.0
2025-06-30,49.27,49.52,49.16,49.46,9388200.0
2025-07-01,49.6,49.72,49.5,49.66,12817900.0
2025-07-02,49.5,49.81,49.42,49.8,13396200.0
2025-07-03,49.86,50.060001,49.85,50.02,5099600.0
2025-07-07,49.59,49.72,49.36,49.43,8273700.0
2025-07-08,49.64,49.66,49.5,49.62,8605100.0
2025-07-09,49.67,49.68,49.46,49.61,7040500.0
2025-07-10,49.66,49.69,49.48,49.66,9290200.0
2025-07-11,49.67,49.67,49.55,49.59,7209600.0
2025-07-14,49.58,49.69,49.51,49.65,5039700.0
2025-07-15,50.07,50.13,49.88,50.0099983,7898700.0
2025-07-16,50.0,50.25,49.83,50.24,7597200.0
2025-07-17,50.25,50.59,50.2,50.55,10502400.0
2025-07-18,50.71,50.79,50.46,50.49,5386100.0
2025-07-21,50.67,50.93,50.57,50.75,5867900.0
2025-07-22,50.67,50.79,50.44,50.76,16282800.0
2025-07-23,51.049999,51.25,51.0099983,51.23,15946900.0
2025-07-24,51.16,51.17,50.96,50.98,5681800.0
2025-07-25,50.74,50.84,50.59,50.84,5360100.0
2025-07-28,50.62,50.65,50.38,50.44,6660200.0
2025-07-29,50.6,50.62,50.42,50.47,8877100.0
2025-07-30,50.26,50.33,49.98,50.060001,10545200.0
2025-07-31,49.89,50.049999,49.71,49.8,6256200.0
2025-08-01,49.77,49.79,49.37,49.54,14479400.0
2025-08-04,50.11,50.12,49.87,50.0,7863300.0
2025-08-05,50.23,50.33,50.07,50.16,9528700.0
2025-08-06,50.27,50.42,50.12,50.38,6443800.0
2025-08-07,50.83,50.94,50.65,50.75,5728600.0
2025-08-08,50.6,50.73,50.57,50.69,5063700.0
2025-08-11,50.59,50.77,50.5,50.63,5237100.0
2025-08-12,50.84,51.25,50.81,51.21,6045300.0
2025-08-13,51.73,51.87,51.7,51.79,7072400.0
2025-08-14,51.26,51.35,51.060001,51.21,9942400.0
2025-08-15,51.42,51.5,51.32,51.36,5513000.0
2025-08-18,51.68,51.78,51.61,51.75,7465800.0
2025-08-19,51.67,51.67,51.34,51.38,7113300.0
2025-08-20,51.35,51.39,51.07,51.36,8344100.0
2025-08-21,51.23,51.35,51.15,51.27,5551700.0
2025-08-22,51.53,52.2,51.47,52.17,6505000.0
2025-08-25,52.11,52.25,51.95,51.95,6631000.0
2025-08-26,51.92,51.94,51.76,51.84,8479300.0
2025-08-27,51.25,51.51,51.18,51.49,5998700.0
2025-08-28,51.46,51.68,51.41,51.68,5949800.0
2025-08-29,51.5,51.59,51.33,51.53,6356500.0
2025-09-02,51.07,51.49,51.0099983,51.46,10064300.0
2025-09-03,51.56,51.62,51.44,51.6,10285300.0
2025-09-04,51.23,51.4,51.099998,51.38,10215600.0
2025-09-05,52.09,52.18,51.77,51.97,11562200.0
2025-09-08,52.29,52.48,52.22,52.48,8471500.0
2025-09-09,52.65,52.78,52.61,52.68,9703100.0
2025-09-10,52.98,53.11,52.88,52.92,9247400.0
2025-09-11,53.24,53.59,53.2,53.58,8570400.0
2025-09-12,53.52,53.6,53.43,53.48,7096200.0
2025-09-15,53.82,53.9,53.7,53.84,11818100.0
2025-09-16,54.060001,54.23,53.93,54.18,9032500.0
2025-09-17,54.5,54.86,54.26,54.52,11017700.0
2025-09-18,54.15,54.34,54.0099983,54.27,10529600.0
2025-09-19,54.099998,54.099998,53.87,53.92,8883100.0
2025-09-22,53.94,54.11,53.87,54.07,7307000.0
2025-09-23,54.15,54.28,54.0099983,54.060001,7973800.0
2025-09-24,54.02,54.17,53.9,53.96,12004400.0
2025-09-25,53.63,53.8,53.5,53.65,7593600.0
2025-09-26,53.3,53.56,53.24,53.55,8561200.0
2025-09-29,53.98,54.18,53.92,53.94,7232800.0
2025-09-30,54.13,54.25,54.049999,54.18,15944300.0
2025-10-01,54.35,54.58,54.35,54.52,11430800.0
2025-10-02,54.9,54.94,54.48,54.67,9704400.0
2025-10-03,54.88,54.94,54.64,54.79,8222000.0
2025-10-06,54.88,55.040001,54.82,54.98,8798700.0
2025-10-07,55.19,55.19,54.62,54.68,8179600.0
2025-10-08,54.84,55.0,54.72,54.99,7099900.0
2025-10-09,55.09,55.09,54.39,54.51,9095700.0
2025-10-10,54.47,54.52,52.41,52.54,20103500.0
2025-10-13,54.0,54.19,53.76,54.0,7688800.0
2025-10-14,53.2,53.86,53.11,53.52,11937500.0
2025-10-15,54.36,54.52,54.0099983,54.33,9739600.0
2025-10-16,54.64,54.87,54.39,54.51,11303400.0
2025-10-17,54.060001,54.5,54.0099983,54.38,7325300.0
2025-10-20,54.65,55.09,54.62,55.029999,6237500.0
2025-10-21,54.76,54.77,54.54,54.54,6480900.0
2025-10-22,54.64,54.85,54.24,54.51,7893600.0
2025-10-23,54.72,55.040001,54.68,54.92,5989300.0
2025-10-24,55.24,55.31,55.13,55.18,5573300.0
2025-10-27,55.62,55.67,55.46,55.64,5513400.0
2025-10-28,55.36,55.66,55.27,55.61,7194100.0
2025-10-29,55.98,56.040001,55.53,55.77,11930300.0
2025-10-30,55.23,55.43,55.099998,55.19,6294200.0
2025-10-31,55.0099983,55.029999,54.76,54.97,9610300.0
2025-11-03,55.09,55.15,54.83,55.09,6643100.0
2025-11-04,54.36,54.68,54.32,54.32,6179200.0
2025-11-05,54.52,54.93,54.4,54.8,7337800.0
2025-11-06,54.89,55.029999,54.46,54.59,6675800.0
2025-11-07,54.22,54.55,53.94,54.54,10780600.0
2025-11-10,55.09,55.3,54.91,55.27,5852400.0
2025-11-11,55.26,55.44,55.17,55.33,6931800.0
2025-11-12,55.3,55.36,55.07,55.32,11239000.0
2025-11-13,55.45,55.45,54.72,54.83,6675400.0
2025-11-14,54.53,55.15,54.41,54.85,7539600.0
2025-11-17,54.42,54.7,54.060001,54.22,13415300.0
2025-11-18,53.86,54.2,53.69,54.040001,10004800.0
2025-11-19,53.9,54.17,53.71,53.92,7685900.0
2025-11-20,54.33,54.41,53.26,53.28,10361100.0
2025-11-21,52.76,53.31,52.5,53.07,9722900.0
2025-11-24,53.23,53.65,53.2,53.61,10067900.0
2025-11-25,53.69,53.87,53.33,53.85,7507900.0
2025-11-26,54.0,54.21,53.89,54.11,7627500.0
2025-11-28,54.18,54.32,54.09,54.3,4432100.0
2025-12-01,54.13,54.44,54.12,54.25,9267400.0
2025-12-02,54.15,54.19,53.9,54.13,7200000.0
2025-12-03,53.9,54.11,53.84,54.060001,6788600.0
2025-12-04,54.25,54.25,54.02,54.18,7373000.0
2025-12-05,54.55,54.75,54.34,54.4,7700400.0
2025-12-08,54.19,54.37,54.060001,54.2,10205700.0
2025-12-09,53.91,54.13,53.85,54.11,9442500.0
2025-12-10,54.2,54.67,54.099998,54.56,11644100.0
2025-12-11,54.21,54.48,54.049999,54.44,11380000.0
2025-12-12,54.51,54.53,53.78,53.94,13708300.0
2025-12-15,54.19,54.19,53.77,53.78,9769800.0
2025-12-16,53.5,53.6,53.29,53.48,11144700.0
2025-12-17,53.67,53.73,53.09,53.13,13055400.0
2025-12-18,53.7,53.89,53.56,53.58,12955900.0
2025-12-19,53.029999,53.28,52.96,53.11,12086400.0
2025-12-22,53.43,53.5,53.3,53.45,11853200.0
2025-12-23,53.4,53.72,53.28,53.7,12384600.0
2025-12-24,53.68,53.73,53.62,53.68,4991600.0
2025-12-26,53.84,54.02,53.75,54.02,8209900.0
2025-12-29,53.5,53.63,53.44,53.61,11570500.0
2025-12-30,53.82,53.91,53.76,53.81,6283500.0
2025-12-31,53.93,53.93,53.72,53.76,7619600.0
2026-01-02,54.69,54.95,54.64,54.93,13654000.0
2026-01-05,55.040001,55.3,54.85,55.29,17010600.0
2026-01-06,55.61,55.82,55.56,55.59,16666000.0
2026-01-07,55.37,55.42,55.19,55.25,11228500.0
2026-01-08,55.049999,55.34,55.0099983,55.31,10794600.0
2026-01-09,55.24,55.44,55.060001,55.43,8923800.0
2026-01-12,55.63,56.34,55.63,56.29,10116900.0
2026-01-13,56.14,56.19,55.83,55.96,18907200.0
2026-01-14,55.95,56.099998,55.84,56.080002,22873100.0
2026-01-15,56.31,56.57,56.12,56.34,17565400.0
2026-01-16,56.09,56.15,55.78,56.0,12321400.0
2026-01-20,55.64,55.89,55.48,55.54,13740900.0
2026-01-21,56.0099983,56.32,55.82,56.11,17088600.0
2026-01-22,56.52,56.79,56.43,56.55,11880500.0
2026-01-23,56.42,56.86,56.33,56.77,15530000.0
2026-01-26,56.84,57.099998,56.8,56.93,11402600.0
2026-01-27,57.37,57.69,57.28,57.64,12136800.0
2026-01-28,58.029999,58.099998,57.62,57.86,11659200.0
2026-01-29,58.0,58.060001,56.89,57.64,19033300.0
2026-01-30,56.96,57.12,56.18,56.47,21105100.0
2026-02-02,56.080002,56.91,56.060001,56.78,25275000.0
2026-02-03,57.0099983,57.080002,56.3,56.75,19002300.0
2026-02-04,57.049999,57.049999,56.12,56.41,15093700.0
2026-02-05,56.16,56.52,55.9,56.040001,11123600.0
2026-02-06,56.66,57.29,56.66,57.26,10467300.0
2026-02-09,57.32,57.86,57.29,57.75,11064400.0
2026-02-10,58.02,58.15,57.83,58.0099983,9922800.0
2026-02-11,58.33,58.6,58.0,58.51,8333100.0
2026-02-12,58.61,58.61,57.65,57.76,10097600.0
2026-02-13,57.46,57.85,57.18,57.75,9795400.0
2026-02-17,57.52,57.88,57.15,57.79,9303300.0
2026-02-18,57.99,58.29,57.78,57.95,8544800.0
2026-02-19,57.47,57.6,57.24,57.59,6588400.0
2026-02-20,57.48,58.54,57.42,58.53,7897400.0
2026-02-23,58.35,58.53,57.95,58.060001,8877800.0
2026-02-24,58.36,58.82,58.25,58.68,9636600.0
2026-02-25,59.09,59.09,58.74,59.0099983,6894800.0
2026-02-26,58.65,58.65,57.88,58.27,10228300.0
2026-02-27,57.92,58.22,57.83,58.099998,10701000.0
2026-03-02,56.81,57.5,56.76,57.24,12725500.0
2026-03-03,54.88,55.48,53.94,55.23,31763800.0
2026-03-04,55.42,55.67,55.09,55.58,21718700.0
2026-03-05,54.94,55.35,54.24,54.85,15623300.0
2026-03-06,54.33,54.78,54.12,54.47,9830000.0
2026-03-09,53.98,55.34,53.66,55.13,21269100.0
2026-03-10,55.39,56.27,55.2,55.51,14404000.0
2026-03-11,55.52,55.81,55.27,55.56,12626300.0
2026-03-12,55.07,55.09,54.2,54.31,12484500.0
2026-03-13,54.69,54.96,53.89,54.02,12987400.0
2026-03-16,54.8,55.2,54.73,55.02,10707500.0
2026-03-17,55.43,55.48,55.099998,55.26,6363500.0
2026-03-18,54.88,55.060001,54.2,54.21,8065500.0
2026-03-19,53.32,54.25,53.15,54.0099983,17655800.0
2026-03-20,53.56,53.61,52.39,52.56,15722800.0
2026-03-23,53.32,54.27,53.25,53.8,21109500.0
2026-03-24,53.0,53.56,52.91,53.31,15654700.0
2026-03-25,54.36,54.6,54.060001,54.34,9518500.0
2026-03-26,53.37,53.74,52.84,52.85,11507600.0
2026-03-27,52.71,52.95,52.39,52.49,13712900.0
2026-03-30,52.81,52.85,52.2,52.42,11231200.0
2026-03-31,52.67,54.099998,52.67,54.049999,15494800.0
2026-04-01,54.21,54.62,54.09,54.21,20099400.0
2026-04-02,53.18,54.15,53.049999,53.82,10256100.0
2026-04-06,53.89,54.3,53.79,54.0099983,8924300.0
2026-04-07,53.92,54.11,53.41,54.09,7711400.0
2026-04-08,56.82,56.93,56.16,56.5,13739000.0
2026-04-09,56.12,56.62,55.9,56.44,6776400.0
2026-04-10,56.94,57.07,56.65,56.75,7160400.0
2026-04-13,56.45,57.23,56.45,57.18,6327900.0
2026-04-14,57.65,58.029999,57.59,57.98,4706300.0
2026-04-15,57.97,58.19,57.81,58.09,7012400.0
2026-04-16,58.27,58.45,57.95,58.21,4837500.0
2026-04-17,59.099998,59.62,59.040001,59.18,7123800.0
2026-04-20,58.81,58.95,58.59,58.91,6691700.0
2026-04-21,58.94,58.95,58.12,58.2,7712700.0
2026-04-22,58.6,58.82,58.54,58.76,4763700.0
2026-04-23,58.22,58.4,57.42,57.92,6906600.0
2026-04-24,58.61,59.07,58.53,59.02,5426500.0
2026-04-27,58.95,58.96,58.62,58.73,5036300.0
2026-04-28,58.13,58.37,58.0,58.32,8273900.0
2026-04-29,58.25,58.32,57.87,58.080002,7061600.0
2026-04-30,58.38,59.029999,58.17,58.93,7341700.0
2026-05-01,58.89,59.43,58.86,58.99,10537600.0
2026-05-04,58.99,59.23,58.5,58.73,7068000.0
2026-05-05,59.28,59.48,59.17,59.36,7505700.0
2026-05-06,60.11,60.8,60.09,60.75,11277600.0
2026-05-07,60.99,61.029999,60.16,60.21,7522900.0
2026-05-08,60.51,60.7,60.39,60.54,7629600.0
2026-05-11,60.42,60.55,60.28,60.39,5425700.0
2026-05-12,59.56,59.63,58.9,59.39,8088100.0
2026-05-13,59.39,60.099998,59.29,59.94,10806900.0
2026-05-14,59.66,60.049999,59.56,59.96,6763500.0
2026-05-15,58.61,58.72,58.22,58.44,6194200.0
2026-05-18,58.76,58.77,58.11,58.48,6597100.0
2026-05-19,57.66,58.19,57.58,57.87,5940700.0
2026-05-20,58.14,58.75,57.92,58.67,18616100.0
2026-05-21,58.22,58.92,58.080002,58.7,11031600.0
2026-05-22,58.91,59.28,58.79,58.98,7554100.0
2026-05-26,60.02,60.29,59.99,60.23,5973900.0
2026-05-27,60.36,60.57,60.060001,60.29,5130300.0
2026-05-28,59.57,60.13,59.41,59.9,8932700.0
2026-05-29,60.22,60.27,59.87,59.88,7541600.0
2026-06-01,60.02,60.79,59.96,60.42,11002100.0
2026-06-02,60.94,61.35,60.82,61.19,6992700.0
2026-06-03,60.73,60.8,60.23,60.33,5139600.0
2026-06-04,60.11,60.41,59.89,60.31,4979600.0
2026-06-05,59.22,59.25,57.78,58.029999,10811100.0
2026-06-08,58.57,58.73,58.21,58.33,9265600.0
2026-06-09,59.2,59.42,57.36,58.45,10154800.0
2026-06-10,58.12,58.64,57.69,57.72,8099200.0
2026-06-11,57.84,59.17,57.76,59.099998,12401600.0
2026-06-12,59.46,59.66,59.11,59.55,9644800.0
2026-06-15,60.85,60.99,60.8,60.84,9120000.0
2026-06-16,60.38,60.59,60.12,60.16,5986300.0
2026-06-17,60.58,60.88,59.75,59.81,14107700.0
2026-06-18,60.56,60.86,60.53,60.77,7991100.0
2026-06-22,61.39,61.52,61.16,61.24,14098300.0
2026-06-23,59.4,59.79,59.29,59.36,6988400.0
2026-06-24,58.88,59.18,58.66,58.97,7250900.0
2026-06-25,59.39,59.45,58.53,58.8,6942400.0
2026-06-26,57.99,58.79,57.91,58.58,7418800.0
2026-06-29,58.82,59.21,58.37,59.18,6536000.0
2026-06-30,59.23,59.79,59.13,59.69,12279000.0
2026-07-01,59.26,59.65,59.17,59.22,12331800.0
2026-07-02,59.54,59.95,58.59,59.040001,9266900.0
2026-07-06,59.68,60.15,59.61,60.07,6414000.0
2026-07-07,59.17,59.39,58.63,58.88,6948000.0
2026-07-08,58.8,59.19,58.58,59.17,12304900.0
2026-07-09,59.4,59.71,59.3,59.49,9659200.0
2026-07-10,59.7,60.040001,59.45,59.89,12054800.0
2026-07-13,59.32,59.4,58.72,58.79,7809500.0
2026-07-14,59.09,59.26,58.91,59.080002,12487200.0
2026-07-15,59.43,59.64,59.029999,59.48,7850500.0
2026-07-16,58.88,59.029999,58.67,58.84,6467000.0
2026-07-17,57.33,57.97,57.26,57.84,10037800.0
2026-07-20,58.22,58.28,57.85,57.93,6693900.0
2026-07-21,58.8,58.94,58.62,58.86,6840000.0
2026-07-22,58.71,58.95,58.67,58.81,5394900.0
2026-07-23,58.18,58.43,57.82,58.099998,5733100.0
2026-07-24,58.0,58.28,57.73,57.8,6078800.0
2026-07-27,58.33,58.43,57.72,58.23,6416500.0
2026-07-28,57.4,57.95,57.23,57.74,5827700.0
2026-07-29,57.24,57.92,56.79,56.92,6850600.0
2026-07-30,57.69,58.3,57.54,58.19,9312700.0
2026-07-31,58.89,59.0,58.19,58.75,7398500.0
2026-08-03,58.57,59.12,58.57,59.060001,9281700.0
2026-08-04,59.58,60.13,59.5,60.049999,9797800.0
2026-08-05,60.28,60.33,59.99,60.0099983,7624100.0
2026-08-06,59.75,60.22,59.67,59.96,5073700.0
2026-08-07,60.5,60.54,60.15,60.47,5602700.0
2026-08-10,60.37,60.43,60.22,60.33,4636800.0
2026-08-11,60.36,60.42,59.89,60.12,8457300.0
2026-08-12,60.65,60.65,60.35,60.41,10255400.0
2026-08-13,60.36,60.56,60.3,60.34,6183100.0
2026-08-14,60.14,60.28,59.98,60.11,4153600.0
2026-08-17,60.48,60.63,60.34,60.39,5053900.0
2026-08-18,59.87,60.02,59.56,59.64,6971400.0
2026-08-19,60.18,60.27,59.92,60.040001,8772300.0
2026-08-20,59.72,60.15,59.72,60.02,5538100.0
2026-08-21,60.64,60.66,60.35,60.45,3925800.0
2026-08-24,60.049999,60.049999,59.8,59.97,5320400.0
2026-08-25,60.33,60.67,60.3,60.64,4404900.0
2026-08-26,60.8,60.94,60.61,60.66,4982300.0
2026-08-27,60.86,61.060001,60.76,61.0099983,4591200.0
2026-08-28,61.2,61.38,60.63,60.79,5336500.0
2026-08-31,60.84,60.89,60.44,60.52,7226500.0
2026-09-01,60.74,61.080002,60.57,60.68,4950200.0
2026-09-02,60.65,60.78,60.56,60.77,5652600.0
2026-09-03,60.68,61.040001,60.56,60.99,6265700.0
2026-09-04,61.09,61.54,61.09,61.44,5445700.0
2026-09-08,61.29,61.45,61.17,61.23,10730600.0
2026-09-09,61.080002,61.2,60.76,60.87,4750700.0
2026-09-10,60.040001,60.25,59.9,59.94,6508800.0
2026-09-11,60.38,60.47,60.25,60.35,6348000.0
2026-09-14,59.44,59.88,59.36,59.61,7387700.0
